Date,Meeting,Agenda item,Title,Type of motion,Result,In favour,Against,Absent,Moved by,Seconded by,Richard Stewart,Brent Asmundson,Matt Djonlic,Craig Hodge,Steve Kim,Trish Mandewo,Dennis Marsden,Robert Mazzarolo,Teri Towner,Topics,Vote number under this heading,Note,Source discrepancy,Official record,Meeting video,Link to this vote,Motion text
2022-11-07,Inaugural Council,3,Report of the General Manager Legislative Services - 2022-2023 Acting Mayor Schedule,Main motion,Carried,8,0,1,Brent Asmundson,,In favour,In favour,In favour,In favour,Absent,In favour,In favour,In favour,In favour,Governance & elections,1 of 2,,,https://coquitlam.ca.granicus.com/MinutesViewer.php?view_id=2&clip_id=2337&doc_id=2a2f0a0e-6a85-11ed-b830-06ed6041b72a,https://coquitlam.ca.granicus.com/MediaPlayer.php?view_id=2&clip_id=2337,https://councilrecord.ca/coquitlam.html#vote/143qxse,488 That Council approve the 2022-2023 Acting Mayor Schedule.
2022-11-07,Inaugural Council,3,Report of the General Manager Legislative Services - 2022-2023 Acting Mayor Schedule,Main motion,Carried,8,0,1,Matt Djonlic,,In favour,In favour,In favour,In favour,Absent,In favour,In favour,In favour,In favour,Governance & elections,2 of 2,,,https://coquitlam.ca.granicus.com/MinutesViewer.php?view_id=2&clip_id=2337&doc_id=2a2f0a0e-6a85-11ed-b830-06ed6041b72a,https://coquitlam.ca.granicus.com/MediaPlayer.php?view_id=2&clip_id=2337,https://councilrecord.ca/coquitlam.html#vote/1f1y9c0,489 That the Inaugural Council Meeting adjourn - 8:31 p. m.
2022-11-21,Regular Council,1,"Minutes of the Regular Council Meeting held on Monday, October 31, 2022",Main motion,Carried,7,0,2,Brent Asmundson,,In favour,In favour,In favour,In favour,In favour,Absent,Absent,In favour,In favour,Other,,,,https://coquitlam.ca.granicus.com/MinutesViewer.php?view_id=2&clip_id=2343&doc_id=970d3588-7008-11ed-b830-06ed6041b72a,https://coquitlam.ca.granicus.com/MediaPlayer.php?view_id=2&clip_id=2343,https://councilrecord.ca/coquitlam.html#vote/r45uz0,"506 That the Minutes of the Regular Council Meeting held on Monday, October 31, 2022 be approved."
2022-11-21,Regular Council,2,"Minutes of the Inaugural Council Meeting held on Monday, November 7, 2022",Main motion,Carried,7,0,2,Teri Towner,,In favour,In favour,In favour,In favour,In favour,Absent,Absent,In favour,In favour,Other,,,,https://coquitlam.ca.granicus.com/MinutesViewer.php?view_id=2&clip_id=2343&doc_id=970d3588-7008-11ed-b830-06ed6041b72a,https://coquitlam.ca.granicus.com/MediaPlayer.php?view_id=2&clip_id=2343,https://councilrecord.ca/coquitlam.html#vote/17l2i5x,"507 That the Minutes of the Inaugural Council Meeting held on Monday, November 7, 2022 be approved."
2022-11-21,Regular Council,3,"City of Coquitlam Zoning Amendment Bylaw No. 5269, 2022 - 647, 651 and 655 Harrison Avenue",Main motion,Carried,6,0,3,Craig Hodge,,In favour,In favour,In favour,In favour,In favour,Absent,Absent,Absent,In favour,Development,,,,https://coquitlam.ca.granicus.com/MinutesViewer.php?view_id=2&clip_id=2343&doc_id=970d3588-7008-11ed-b830-06ed6041b72a,https://coquitlam.ca.granicus.com/MediaPlayer.php?view_id=2&clip_id=2343,https://councilrecord.ca/coquitlam.html#vote/1tmxvi6,"508 That Council give second and third readings to CityofCoquitlam Zoning Amendment Bylaw No. 5269, 2022."
2022-11-21,Regular Council,4,"City of Coquitlam Zoning Amendment Bylaw No. 5270, 2022 - 620, 624 Harrison Avenue and 623, 629 Kemsley Avenue",Main motion,Carried,7,0,2,Brent Asmundson,,In favour,In favour,In favour,In favour,In favour,Absent,Absent,In favour,In favour,Development,,,,https://coquitlam.ca.granicus.com/MinutesViewer.php?view_id=2&clip_id=2343&doc_id=970d3588-7008-11ed-b830-06ed6041b72a,https://coquitlam.ca.granicus.com/MediaPlayer.php?view_id=2&clip_id=2343,https://councilrecord.ca/coquitlam.html#vote/r7r3q9,"509 That Council give second and third readings to CityofCoquitlam Zoning Amendment Bylaw No. 5270, 2022."
2022-11-21,Regular Council,5,"City of Coquitlam Zoning Amendment Bylaw No. 5271, 2022 - 604, 608, 612, 616 Harrison Avenue and 605, 609, 615 Kemsley Avenue Discussion ensued relative to the following: . Appreciation forthe inclusion of an agricultural area in the proposed development . The importance of casual outdoor social spaces in multi-family developments",Main motion,Carried,7,0,2,Teri Towner,,In favour,In favour,In favour,In favour,In favour,Absent,Absent,In favour,In favour,Development; Public services; Business & economy,,,,https://coquitlam.ca.granicus.com/MinutesViewer.php?view_id=2&clip_id=2343&doc_id=970d3588-7008-11ed-b830-06ed6041b72a,https://coquitlam.ca.granicus.com/MediaPlayer.php?view_id=2&clip_id=2343,https://councilrecord.ca/coquitlam.html#vote/xxzgqh,"510 That Council give second and third readings to CityofCoquitlam Zoning Amendment Bylaw No. 5271, 2022."
2022-11-21,Regular Council,6,Report of the Director Development Services - Development Application at 1200 United Boulevard - Beedie Fraser Mills LP (PROJ 22-059),Main motion,Carried,7,0,2,Brent Asmundson,,In favour,In favour,In favour,In favour,In favour,Absent,Absent,In favour,In favour,Development,,,,https://coquitlam.ca.granicus.com/MinutesViewer.php?view_id=2&clip_id=2343&doc_id=970d3588-7008-11ed-b830-06ed6041b72a,https://coquitlam.ca.granicus.com/MediaPlayer.php?view_id=2&clip_id=2343,https://councilrecord.ca/coquitlam.html#vote/1qty257,511 That Council approve the signing and sealing of Development Permit No. 22 109420 DP and that the Mayor and City Clerk be authorized to execute this Permit on behalf of the CityofCoquitlam.
2022-11-21,Regular Council,7,Report of the Director Development Services - Final Approval of Development Application at 3450 Highland Drive - Wei (Billy) Bi (PROJ 17-025),Main motion,Carried,6,0,3,Craig Hodge,,In favour,In favour,In favour,In favour,Absent,Absent,Absent,In favour,In favour,Development,,,,https://coquitlam.ca.granicus.com/MinutesViewer.php?view_id=2&clip_id=2343&doc_id=970d3588-7008-11ed-b830-06ed6041b72a,https://coquitlam.ca.granicus.com/MediaPlayer.php?view_id=2&clip_id=2343,https://councilrecord.ca/coquitlam.html#vote/1ld1kny,"512 That Council give fourth and final reading to City of Coquitlam Zoning Amendment Bylaw No. 5010, 2019."
2022-11-21,Regular Council,8,"Report of the Director Development Services - Final Approval of Development Application at 1525 and 1541 Dayton Street - PGTL Burke Mountain Ltd. (Townline) (PROJ 18-134) In response to a question from Council, the Director Development Services provided information relative to the following: . The City's approach for",Main motion,Carried,6,0,3,Brent Asmundson,,In favour,In favour,In favour,In favour,Absent,Absent,Absent,In favour,In favour,Housing & density; Development,,,,https://coquitlam.ca.granicus.com/MinutesViewer.php?view_id=2&clip_id=2343&doc_id=970d3588-7008-11ed-b830-06ed6041b72a,https://coquitlam.ca.granicus.com/MediaPlayer.php?view_id=2&clip_id=2343,https://councilrecord.ca/coquitlam.html#vote/1712al5,"513 That Council: 1. Give fourth and final reading to City ofCoquitlam Citywide Official Community Plan Amendment Bylaw No. 5153, 2021; and 2. Give fourth and final reading to City ofCoquitlam Zoning Amendment Bylaw No. 5154, 2021."
2022-11-21,Regular Council,9,Report of the General Manager Engineering and Public Works - Seasonal Metered Water Rates,Main motion,Carried,6,0,3,Craig Hodge,,In favour,In favour,In favour,In favour,Absent,Absent,Absent,In favour,In favour,Taxes & spending; Public services,,,,https://coquitlam.ca.granicus.com/MinutesViewer.php?view_id=2&clip_id=2343&doc_id=970d3588-7008-11ed-b830-06ed6041b72a,https://coquitlam.ca.granicus.com/MediaPlayer.php?view_id=2&clip_id=2343,https://councilrecord.ca/coquitlam.html#vote/la4no6,514 That Council direct staff to amend the 2023 Water Distribution Bylaw with the Seasonal Metered Water Rate Structure outlined within this report with final rates determined based on the 2023 water utility budget.
2022-11-21,Regular Council,10,Report of the General Manager Engineering and Public Works - E-Scooter Pilot Project Bylaw Amendments,Main motion,Carried,5,0,4,Teri Towner,,In favour,In favour,In favour,In favour,Absent,Absent,Absent,Absent,In favour,Transportation,,,,https://coquitlam.ca.granicus.com/MinutesViewer.php?view_id=2&clip_id=2343&doc_id=970d3588-7008-11ed-b830-06ed6041b72a,https://coquitlam.ca.granicus.com/MediaPlayer.php?view_id=2&clip_id=2343,https://councilrecord.ca/coquitlam.html#vote/81x5j4,"515 That Council give first, second, and third readings to City of Coquitlam: 1. Street and Traffic Bylaw No. 4402, Amendment Bylaw No. 5274, 2022, Attachment 1; 2. Bylaw Notice Enforcement Bylaw No 3 749, Amendment Bylaw No. 5275, 2022, Attachment 2; and 3. Municipal Ticket Information Bylaw No. 4320, Amendment Bylaw No. 5276, 2022, Attachments."
2022-11-21,Regular Council,11,Report of the General Manager Legislative Services - UBCM Indigenous Cultural Safety and Humility Training Grant Application,Main motion,Carried,5,0,4,Craig Hodge,,In favour,In favour,In favour,In favour,Absent,Absent,Absent,Absent,In favour,Taxes & spending; Public services; Governance & elections,1 of 3,,,https://coquitlam.ca.granicus.com/MinutesViewer.php?view_id=2&clip_id=2343&doc_id=970d3588-7008-11ed-b830-06ed6041b72a,https://coquitlam.ca.granicus.com/MediaPlayer.php?view_id=2&clip_id=2343,https://councilrecord.ca/coquitlam.html#vote/5k7icf,"516 That Council direct staff to submit the ""Indigenous Cultural Safety and Humility Training"" grant application to the Union of BC Municipalities Community Emergency Preparedness Fund."
2022-11-21,Regular Council,11,Report of the General Manager Legislative Services - UBCM Indigenous Cultural Safety and Humility Training Grant Application,Main motion,Carried,6,0,3,Craig Hodge,,In favour,In favour,In favour,In favour,Absent,Absent,Absent,In favour,In favour,Taxes & spending; Governance & elections,2 of 3,,,https://coquitlam.ca.granicus.com/MinutesViewer.php?view_id=2&clip_id=2343&doc_id=970d3588-7008-11ed-b830-06ed6041b72a,https://coquitlam.ca.granicus.com/MediaPlayer.php?view_id=2&clip_id=2343,https://councilrecord.ca/coquitlam.html#vote/6zdn8u,"517 That Council: 1. Approve the following appointments to the Metro Vancouver Board of Directors: . Councillor Craig Hodge (4 votes) Alternates: Councillor Steve Kirn / Mayor Richard Stewart . Councillor TeriTowner(4 votes) Alternates: Mayor Richard Stewart / Councillor Steve Kirn 2. Direct staff to communicate to Metro Vancouver that the City of Coquitlam, having considered individual Council members' interests, availability and commitment to the work being undertaken by the standing committees and task forces of the Metro Vancouver Board, advances the following identified members of Council, as listed below, who have expressed interest in serving on the following bodies of the Metro Vancouver Board in 2022-2023: . Climate Action Committee - Councillor Teri Towner . Electoral Area Committee - Councillor Matt Djonlic . Finance Committee - Councillor Craig Hodge; Councillor Dennis Marsden Page? Agenda - Regular Council Meeting . Flood Resiliency Task Force - Councillor Craig Hodge . Housing Committee - Councillor Teri Towner . Indigenous Relations Committee - Councillor Trish Mandewo . Invest Vancouver Management Board - Councillor Brent Asmundson; Councillor Dennis Marsden . Liquid Waste Committee - Councillor Steve Kirn . Performance and Audit Committee - Councillor Dennis Marsden . Regional Culture Committee - Councillor Steve Kim . Regional Parks Committee - Councillor Matt Djonlic; Councillor Craig Hodge; Mayor Richard Stewart Regional Planning Committee - Councillor Robert Mazzarolo; Mayor Richard Stewart Water Committee - Councillor Asmundson Zero Waste Committee - Councillor Craig Hodge; Councillor Dennis Marsden"
2022-11-21,Regular Council,11,Report of the General Manager Legislative Services - UBCM Indigenous Cultural Safety and Humility Training Grant Application,Main motion,Carried,6,0,3,Brent Asmundson,,In favour,In favour,In favour,In favour,Absent,Absent,Absent,In favour,In favour,Taxes & spending; Governance & elections,3 of 3,,,https://coquitlam.ca.granicus.com/MinutesViewer.php?view_id=2&clip_id=2343&doc_id=970d3588-7008-11ed-b830-06ed6041b72a,https://coquitlam.ca.granicus.com/MediaPlayer.php?view_id=2&clip_id=2343,https://councilrecord.ca/coquitlam.html#vote/hgrxra,518 That the Regular Council Meeting adjourn - 9:32 p. m.
2022-11-28,Regular Council,1,"Minutes of the Public Hearing held on Monday, November 21, 2022",Main motion,Carried,9,0,0,Teri Towner,,In favour,In favour,In favour,In favour,In favour,In favour,In favour,In favour,In favour,Other,,,,https://coquitlam.ca.granicus.com/MinutesViewer.php?view_id=2&clip_id=2353&doc_id=c1c9398c-7596-11ed-b830-06ed6041b72a,https://coquitlam.ca.granicus.com/MediaPlayer.php?view_id=2&clip_id=2353,https://councilrecord.ca/coquitlam.html#vote/12eao5r,"529 That the Minutes of the Public Hearing held on Monday, November 21, 2022 be approved."
2022-11-28,Regular Council,2,"Minutes of the Regular Council Meeting held on Monday, November 21, 2022",Main motion,Carried,9,0,0,Craig Hodge,,In favour,In favour,In favour,In favour,In favour,In favour,In favour,In favour,In favour,Other,,,,https://coquitlam.ca.granicus.com/MinutesViewer.php?view_id=2&clip_id=2353&doc_id=c1c9398c-7596-11ed-b830-06ed6041b72a,https://coquitlam.ca.granicus.com/MediaPlayer.php?view_id=2&clip_id=2353,https://councilrecord.ca/coquitlam.html#vote/lc9fbh,"530 That the Minutes of the Regular Council Meeting held on Monday, November 21, 2022 be approved."
2022-11-28,Regular Council,3,Report of the Director Development Services – Temporary Use Permit Renewal for a Portion of 2 King Edward Street – Beedie Development Group (PROJ 19-070),Main motion,Carried,9,0,0,Brent Asmundson,,In favour,In favour,In favour,In favour,In favour,In favour,In favour,In favour,In favour,Development,,,,https://coquitlam.ca.granicus.com/MinutesViewer.php?view_id=2&clip_id=2353&doc_id=c1c9398c-7596-11ed-b830-06ed6041b72a,https://coquitlam.ca.granicus.com/MediaPlayer.php?view_id=2&clip_id=2353,https://councilrecord.ca/coquitlam.html#vote/f15qjr,531 That Council approve the signing and sealing of Temporary Use Permit No. 19 114788 TU and that the Mayor and City Clerk be authorized to execute this Permit on behalf of the City of Coquitlam.
2022-11-28,Regular Council,4,"Report of the Director Development Services – Final Approval of Development Application at 724, 726 and 728 Lea Avenue – Domus Projects Ltd. (PROJ 20-088)",Main motion,Carried,9,0,0,Craig Hodge,,In favour,In favour,In favour,In favour,In favour,In favour,In favour,In favour,In favour,Development,,,,https://coquitlam.ca.granicus.com/MinutesViewer.php?view_id=2&clip_id=2353&doc_id=c1c9398c-7596-11ed-b830-06ed6041b72a,https://coquitlam.ca.granicus.com/MediaPlayer.php?view_id=2&clip_id=2353,https://councilrecord.ca/coquitlam.html#vote/1gqoi2p,"532 That Council: 1. Give fourth and final reading to City of Coquitlam Zoning Amendment Bylaw No. 5187, 2022; and 2. Approve the signing and sealing of Development Permit No. 20 114317 DP and that the Mayor and City Clerk be authorized to execute this Permit on behalf of the City of Coquitlam."
2022-11-28,Regular Council,5,Report of the Director Development Services – Final Approval of Development Application at 1200 Cartier Avenue – City of Coquitlam (PROJ 22-048),Main motion,Carried,9,0,0,Teri Towner,,In favour,In favour,In favour,In favour,In favour,In favour,In favour,In favour,In favour,Housing & density; Development,,,,https://coquitlam.ca.granicus.com/MinutesViewer.php?view_id=2&clip_id=2353&doc_id=c1c9398c-7596-11ed-b830-06ed6041b72a,https://coquitlam.ca.granicus.com/MediaPlayer.php?view_id=2&clip_id=2353,https://councilrecord.ca/coquitlam.html#vote/zs40c8,"533 That Council: 1. Give fourth and final reading to City of Coquitlam Citywide Official Community Plan Amendment Bylaw No.5244, 2021; and 2. Give fourth and final reading to City of Coquitlam Zoning Amendment Bylaw No.5245, 2021."
2022-11-28,Regular Council,6,"Report of the Director Development Services – Housing Agreement Bylaw No. 4976, 2022 at 625 North Road – Pacific Properties Group (PROJ 19-014)",Main motion,Carried,9,0,0,Dennis Marsden,,In favour,In favour,In favour,In favour,In favour,In favour,In favour,In favour,In favour,Housing & density,,,,https://coquitlam.ca.granicus.com/MinutesViewer.php?view_id=2&clip_id=2353&doc_id=c1c9398c-7596-11ed-b830-06ed6041b72a,https://coquitlam.ca.granicus.com/MediaPlayer.php?view_id=2&clip_id=2353,https://councilrecord.ca/coquitlam.html#vote/1b89dud,"Discussion ensued relative to the following: • Clarification with regard to comprehensive development zones • Concern with regard to below-market rentals 534 That Council give first, second, and third readings to City of Coquitlam Housing Agreement Bylaw No. 4976, 2022."
2022-11-28,Regular Council,7,Report of the Director Development Services – Development Application at 1125 Cartier Avenue – ArchiType Design Ltd. (PROJ 21-191),Main motion,Carried,8,1,0,Craig Hodge,,In favour,Against,In favour,In favour,In favour,In favour,In favour,In favour,In favour,Transportation; Neighbourhood character,,,,https://coquitlam.ca.granicus.com/MinutesViewer.php?view_id=2&clip_id=2353&doc_id=c1c9398c-7596-11ed-b830-06ed6041b72a,https://coquitlam.ca.granicus.com/MediaPlayer.php?view_id=2&clip_id=2353,https://councilrecord.ca/coquitlam.html#vote/1vboyr5,"Discussion ensued relative to the following: • Clarification with regard to the purpose of the report and the corresponding heritage agreement and designation • Concern for tandem parking • Appreciation for the report and past heritage agreements brought before Council 535 That Council: 1. Give first reading to City of Coquitlam Heritage Revitalization Agreement Authorization Bylaw No. 5258, 2022; 2. Give first reading to City of Coquitlam Heritage Designation Bylaw No. 5259, 2022; 3. Refer Bylaw Nos. 5258, 2022 and 5259, 2022 to Public Hearing; and 4. Instruct staff to complete the following items prior to Council’s consideration of fourth and final reading, should Council grant second and third readings to the Bylaws: a) Submission of a subdivision plan to the satisfaction of the Approving Officer; b) Resolution of all engineering requirements and issues including restrictive covenants, dedications and rights-of-way where necessary, to the satisfaction of the General Manager Engineering and Public Works; c) Resolution of all urban design issues to the satisfaction of the Director Development Services; and d) Finalization, execution and delivery to the City, the following agreements in Land Title Office registrable form: i. Section 219 Restrictive Covenant prohibiting occupancy until the Beaubien Residence has been restored to the satisfaction of the General Manager Planning and Development; and ii. Such other Land Title Office registrable agreements as may be required by the City."
2022-11-28,Regular Council,8,Report of the General Manager Engineering and Public Works – Real-Time Water Quality Monitoring – Creeks and Construction Sites,Main motion,Carried,9,0,0,Brent Asmundson,,In favour,In favour,In favour,In favour,In favour,In favour,In favour,In favour,In favour,Environment & climate; Public services,1 of 2,,,https://coquitlam.ca.granicus.com/MinutesViewer.php?view_id=2&clip_id=2353&doc_id=c1c9398c-7596-11ed-b830-06ed6041b72a,https://coquitlam.ca.granicus.com/MediaPlayer.php?view_id=2&clip_id=2353,https://councilrecord.ca/coquitlam.html#vote/lmp6sv,"Discussion ensued relative to the following: • The length of time it would take to amend the bylaw in the future • The definition of ‘multiplex’ • Concern with regard to the exclusion of multiplexes in the proposed bylaw • The desire to implement the bylaw City-wide • The desire to share the results of the pilot with local neighbourhood associations • The desire for economic development staff to reach out to the local business involved in the pilot with potential growth opportunities • Concern for areas of the City that have upcoming large-scale developments 536 That Council give first, second, and third reading to the City of Coquitlam Stream and Drainage System Protection Amendment Bylaw No. 5273, 2022."
2022-11-28,Regular Council,8,Report of the General Manager Engineering and Public Works – Real-Time Water Quality Monitoring – Creeks and Construction Sites,Main motion,Carried,9,0,0,Brent Asmundson,,In favour,In favour,In favour,In favour,In favour,In favour,In favour,In favour,In favour,Environment & climate; Public services,2 of 2,,,https://coquitlam.ca.granicus.com/MinutesViewer.php?view_id=2&clip_id=2353&doc_id=c1c9398c-7596-11ed-b830-06ed6041b72a,https://coquitlam.ca.granicus.com/MediaPlayer.php?view_id=2&clip_id=2353,https://councilrecord.ca/coquitlam.html#vote/169zrhv,537 That the Regular Council Meeting adjourn – 8:07 p.m.
2022-12-05,Regular Council,1,"Minutes of the Regular Council Meeting held on Monday, November 28, 2022",Main motion,Carried,9,0,0,Brent Asmundson,,In favour,In favour,In favour,In favour,In favour,In favour,In favour,In favour,In favour,Other,,,,https://coquitlam.ca.granicus.com/MinutesViewer.php?view_id=2&clip_id=2359&doc_id=6743b967-7b07-11ed-b830-06ed6041b72a,https://coquitlam.ca.granicus.com/MediaPlayer.php?view_id=2&clip_id=2359,https://councilrecord.ca/coquitlam.html#vote/1aiis2v,"548 That the Minutes of the Regular Council Meeting held on Monday, November 28, 2022 be approved."
2022-12-05,Regular Council,2,"Report of the City Clerk - Fourth and Final Reading of City of Coquitlam Stream and Drainage System Protection Amendment Bylaw No. 5273, 2022",Main motion,Carried,9,0,0,Dennis Marsden,,In favour,In favour,In favour,In favour,In favour,In favour,In favour,In favour,In favour,Environment & climate; Public services,,,,https://coquitlam.ca.granicus.com/MinutesViewer.php?view_id=2&clip_id=2359&doc_id=6743b967-7b07-11ed-b830-06ed6041b72a,https://coquitlam.ca.granicus.com/MediaPlayer.php?view_id=2&clip_id=2359,https://councilrecord.ca/coquitlam.html#vote/12dg87s,"549 That Council give fourth and final reading to City of Coquitlam Stream and Drainage System Protection Amendment Bylaw No. 5273, 2022."
2022-12-05,Regular Council,3,Report of the Director Development Services - Development Variance Permit Application at 1200 Cartier Avenue - City of Coquitlam (PROJ 22-048),Main motion,Carried,9,0,0,Dennis Marsden,,In favour,In favour,In favour,In favour,In favour,In favour,In favour,In favour,In favour,Development,,,,https://coquitlam.ca.granicus.com/MinutesViewer.php?view_id=2&clip_id=2359&doc_id=6743b967-7b07-11ed-b830-06ed6041b72a,https://coquitlam.ca.granicus.com/MediaPlayer.php?view_id=2&clip_id=2359,https://councilrecord.ca/coquitlam.html#vote/1stzzpf,550 · That Council approve the signing and sealing of Development Variance Permit No. 22 109228 DV and that the Mayor and City Clerk be authorized to execute this Permit on behalf of the City of Coquitlam.
2022-12-05,Regular Council,4,Report of the Director Development Services - Final Approval of Development Application at 100 Woolridge Street for a Mercedes Benz Dealership (PROJ 19-047),Main motion,Carried,9,0,0,Dennis Marsden,,In favour,In favour,In favour,In favour,In favour,In favour,In favour,In favour,In favour,Housing & density; Development,1 of 2,,,https://coquitlam.ca.granicus.com/MinutesViewer.php?view_id=2&clip_id=2359&doc_id=6743b967-7b07-11ed-b830-06ed6041b72a,https://coquitlam.ca.granicus.com/MediaPlayer.php?view_id=2&clip_id=2359,https://councilrecord.ca/coquitlam.html#vote/16feiso,"551 That Council: 1. Give fourth and final reading to City of Coquitlam Citywide Official Community Plan Amendment Bylaw No. 5078, 2021; 2. Give fourth and final reading to City of Coquitlam Zoning Amendment Bylaw No. 5079,2021;and 3. Approve the signing and sealing of Development Permit No. 19 110469 DP and that the Mayor and City Clerk be authorized to execute this Permit on behalf of the City of Coquitlam."
2022-12-05,Regular Council,4,Report of the Director Development Services - Final Approval of Development Application at 100 Woolridge Street for a Mercedes Benz Dealership (PROJ 19-047),Main motion,Carried,9,0,0,Brent Asmundson,,In favour,In favour,In favour,In favour,In favour,In favour,In favour,In favour,In favour,Housing & density; Development,2 of 2,,,https://coquitlam.ca.granicus.com/MinutesViewer.php?view_id=2&clip_id=2359&doc_id=6743b967-7b07-11ed-b830-06ed6041b72a,https://coquitlam.ca.granicus.com/MediaPlayer.php?view_id=2&clip_id=2359,https://councilrecord.ca/coquitlam.html#vote/io36fh,"Discussion ensued relative to the following: • Clarification with regard to the Citywide Official Community Plan amendments • The desire for affordable townhouse units over medium-density apartment units Councillor Hodge arrived to the meeting at this time (7:17 p.m.). • The desire to engage dialogue with Translink for enhanced transit in the proposed development area File#: 01-0550-03/000/2022-1 Doc#: 4672449,Vl Agenda - Regular Council Meeting 552 That Council: 1. Give fourth and final reading to City of Coquitlam Citywide Official Community Plan Amendment Bylaw No. 5203, 2022; 2. Give fourth and final reading to City of Coquitlam Zoning Amendment Bylaw No. 5204,2022;and 3. Give fourth and final reading to City of Coquitlam Highway Dedication Cancellation Bylaw No. 5205, 2022."
2022-12-05,Regular Council,6,Report of the Director Development Services - Third Reading Extension of Development Application at 3515 Highland Drive - Mars Freedom Enterprises Ltd. (PROJ 19-111),Main motion,Carried,9,0,0,Brent Asmundson,,In favour,In favour,In favour,In favour,In favour,In favour,In favour,In favour,In favour,Development,,,,https://coquitlam.ca.granicus.com/MinutesViewer.php?view_id=2&clip_id=2359&doc_id=6743b967-7b07-11ed-b830-06ed6041b72a,https://coquitlam.ca.granicus.com/MediaPlayer.php?view_id=2&clip_id=2359,https://councilrecord.ca/coquitlam.html#vote/1kcnmpr,"553 That Council extend Third Reading of City of Coquitlam Zoning Amendment Bylaw No. 5083, 2020 for an additional 12-month period to December 14, 2023."
2022-12-05,Regular Council,7,Report of the General Manager Planning and Development - Request for Support from the Port Coquitlam and District Hunting and Fishing Club Regarding the Continuance of the Provincial Crown Land Lease at 5000 Upper Harper Road,Main motion,Carried,9,0,0,Dennis Marsden,,In favour,In favour,In favour,In favour,In favour,In favour,In favour,In favour,In favour,Other,,,,https://coquitlam.ca.granicus.com/MinutesViewer.php?view_id=2&clip_id=2359&doc_id=6743b967-7b07-11ed-b830-06ed6041b72a,https://coquitlam.ca.granicus.com/MediaPlayer.php?view_id=2&clip_id=2359,https://councilrecord.ca/coquitlam.html#vote/7h08fq,554 That Council: 1. Support the continuance of the Port Coquitlam and District Hunting and Fishing Club {PCDHFC) Crown Land lease at 5000 Upper Harper Road for a period of three years; and. File # : 01-0550-03/000/20 22-1 Doc # : 4672449.Vl Agenda - Regular Council Meeting 2. Direct staff to advise the PCDHFC that their operations at 5000 Upper Harper Road are not supportable over the long term and that they continue to engage with the Province to explore alternative locations outside the Urban Containment Boundary.
2022-12-05,Regular Council,8,"Report of the General Manager Parks, Recreation, Culture and Facilities - Fall 2022 Spirit of Coquitlam Grant Intake Results",Main motion,Carried,9,0,0,Brent Asmundson,,In favour,In favour,In favour,In favour,In favour,In favour,In favour,In favour,In favour,Taxes & spending; Parks & recreation,1 of 2,,,https://coquitlam.ca.granicus.com/MinutesViewer.php?view_id=2&clip_id=2359&doc_id=6743b967-7b07-11ed-b830-06ed6041b72a,https://coquitlam.ca.granicus.com/MediaPlayer.php?view_id=2&clip_id=2359,https://councilrecord.ca/coquitlam.html#vote/1usis91,"555 That Council endorse the disbursements of the Spirit of Coquitlam Grant for the 4th Port Coquitlam Scouts totaling $4,700 for the Fall 2022 intake."
2022-12-05,Regular Council,8,"Report of the General Manager Parks, Recreation, Culture and Facilities - Fall 2022 Spirit of Coquitlam Grant Intake Results",Main motion,Carried,9,0,0,Brent Asmundson,,In favour,In favour,In favour,In favour,In favour,In favour,In favour,In favour,In favour,Taxes & spending; Parks & recreation,2 of 2,,,https://coquitlam.ca.granicus.com/MinutesViewer.php?view_id=2&clip_id=2359&doc_id=6743b967-7b07-11ed-b830-06ed6041b72a,https://coquitlam.ca.granicus.com/MediaPlayer.php?view_id=2&clip_id=2359,https://councilrecord.ca/coquitlam.html#vote/1s3jkqf,"556 That Council endorse the disbursements of the Spirit of Coquitlam Grant totaling $195,801 to the remaining 23 organizations noted in the report of the General Manager Parks, Recreation, Culture and Facilities (excluding 4th Port Coquitlam Scouts) for the Fall 2022 intake."
2022-12-05,Regular Council,9,"Report of the General Manager Parks, Recreation, Culture and Facilities - 2023 Corporate Partners Funding Allocation Discussion ensued relative to expansion versus initiatives of events. File#: 01-0550-03/000/2022-1 Doc#: 4672449.vl Agenda - Regular Council Meeting",Main motion,Carried,9,0,0,Steve Kim,,In favour,In favour,In favour,In favour,In favour,In favour,In favour,In favour,In favour,Taxes & spending; Parks & recreation,,,,https://coquitlam.ca.granicus.com/MinutesViewer.php?view_id=2&clip_id=2359&doc_id=6743b967-7b07-11ed-b830-06ed6041b72a,https://coquitlam.ca.granicus.com/MediaPlayer.php?view_id=2&clip_id=2359,https://councilrecord.ca/coquitlam.html#vote/tntxy3,"557 That Council authorize the funding allocation in the amount of $201,100 from the Sponsorship Reserve to support 2023 programs and events as follows: i) Lights at Lafarge Launch Event - $6,000 ii) Canada Day - $55,300 iii) Kaleidoscope Arts Festival - $45,350 iv) Summer Concert Series - $12,450 v) Winter Lights Display - $25,000 vi) Tree Spree Program - $20,000 vii) Fall 2023 Public Skate Events - $5,000 viii)Youth Week Initiatives - $3,000 ix) Seniors Program Initiatives - $9,000 x) Accessibility Week Initiatives - $2,000 xi) Block Party Program - $5,500 xii) Nature Play Program - $5,000 xiii)Hygiene Care Packages - $2,500 xiv)Event Surveys - $5,000"
2022-12-05,Regular Council,10,"Report of the General Manager Finance, Lands and Police - 2023-2027 Capital Plan",Main motion,Carried,9,0,0,Trish Mandewo,,In favour,In favour,In favour,In favour,In favour,In favour,In favour,In favour,In favour,Taxes & spending; Public services,,,,https://coquitlam.ca.granicus.com/MinutesViewer.php?view_id=2&clip_id=2359&doc_id=6743b967-7b07-11ed-b830-06ed6041b72a,https://coquitlam.ca.granicus.com/MediaPlayer.php?view_id=2&clip_id=2359,https://councilrecord.ca/coquitlam.html#vote/169ffox,"558 That Council approve the 2023-2027 Capital Plan included as Attachment 1 to the report of the General Manager Finance, Lands & Police dated November 29, 2022 and entitled ""2023-2027 Capital Plan""."
2022-12-05,Regular Council,11,"Report of the General Manager Finance, Lands and Police - 2023 Water, Sewer, Drainage and Solid Waste Rate Amendments",Main motion,Carried,9,0,0,Brent Asmundson,,In favour,In favour,In favour,In favour,In favour,In favour,In favour,In favour,In favour,Public services,,,,https://coquitlam.ca.granicus.com/MinutesViewer.php?view_id=2&clip_id=2359&doc_id=6743b967-7b07-11ed-b830-06ed6041b72a,https://coquitlam.ca.granicus.com/MediaPlayer.php?view_id=2&clip_id=2359,https://councilrecord.ca/coquitlam.html#vote/zebdsk,"559 That Council: 1. Give first, second and third readings to the Water Distribution Amending Bylaw No. 5282, 2022; 2. Give first, second and third readings to the Sewer and Drainage Amending Bylaw No. 5283, 2022; and File#: 0 1-0550-03/000/2022-1 Doc # : 4672449.V l Agenda - Regular Council Meeting . Monday, December 5, 2022 3. Give first, second and third readings to Solid Waste Management Amending Bylaw No. 5284, 2022."
2022-12-05,Regular Council,12,"Report of the General Manager Finance, Lands and Police - 2023 Fees & Charges Bylaw No. 5285, 2022 Discussion ensued relative to the following: • The desire to contemplate the Fees and Charges Bylaw systemically in future agendas • Rationale with regard to the Summer Child and Youth pass cost increases for",Main motion,Carried,9,0,0,Teri Towner,,In favour,In favour,In favour,In favour,In favour,In favour,In favour,In favour,In favour,Taxes & spending; Parks & recreation; Public services,,,,https://coquitlam.ca.granicus.com/MinutesViewer.php?view_id=2&clip_id=2359&doc_id=6743b967-7b07-11ed-b830-06ed6041b72a,https://coquitlam.ca.granicus.com/MediaPlayer.php?view_id=2&clip_id=2359,https://councilrecord.ca/coquitlam.html#vote/vky00w,"560 That Council give first, second and third readings to 2023 Fees & Charges Bylaw No. 5285, 2022."
2022-12-05,Regular Council,13,"Report of the General Manager Finance, Lands and Police - Reserve Fund Establishment Bylaw 5288, 2022",Main motion,Carried,9,0,0,Teri Towner,,In favour,In favour,In favour,In favour,In favour,In favour,In favour,In favour,In favour,Taxes & spending; Public services,,,,https://coquitlam.ca.granicus.com/MinutesViewer.php?view_id=2&clip_id=2359&doc_id=6743b967-7b07-11ed-b830-06ed6041b72a,https://coquitlam.ca.granicus.com/MediaPlayer.php?view_id=2&clip_id=2359,https://councilrecord.ca/coquitlam.html#vote/118uwg8,"561 That Council give first, second and third reading to the Reserve Fund Establishment Bylaw 5288, 2022."
2022-12-05,Regular Council,14,Report of the General Manager Legislative Services - 2023 Council Meeting Schedule,Main motion,Carried,9,0,0,Dennis Marsden,,In favour,In favour,In favour,In favour,In favour,In favour,In favour,In favour,In favour,Governance & elections,1 of 2,,,https://coquitlam.ca.granicus.com/MinutesViewer.php?view_id=2&clip_id=2359&doc_id=6743b967-7b07-11ed-b830-06ed6041b72a,https://coquitlam.ca.granicus.com/MediaPlayer.php?view_id=2&clip_id=2359,https://councilrecord.ca/coquitlam.html#vote/4nvk4y,"562 That Council approve: 1. The 2023 Council Meeting Schedule, as set out in Attachment 1 to the report of the General Manager Legislative Services dated November 29, 2022 and entitled ""2023 Council Meeting Schedule""; and File#: 01-0550·03/000/2022-1 Doc#: 4672449.vl Agenda - Regular Council Meeting 2. Scheduling Finance Standing Committee Meetings on the following dates: • Wednesday, January 11, 2023 • Tuesday, January 17, 2023 • Wednesday, January 18, 2023"
2022-12-05,Regular Council,14,Report of the General Manager Legislative Services - 2023 Council Meeting Schedule,Main motion,Carried,9,0,0,Brent Asmundson,,In favour,In favour,In favour,In favour,In favour,In favour,In favour,In favour,In favour,Governance & elections,2 of 2,,,https://coquitlam.ca.granicus.com/MinutesViewer.php?view_id=2&clip_id=2359&doc_id=6743b967-7b07-11ed-b830-06ed6041b72a,https://coquitlam.ca.granicus.com/MediaPlayer.php?view_id=2&clip_id=2359,https://councilrecord.ca/coquitlam.html#vote/12l36bp,563 That the Regular Council Meeting adjourn - 7:51 p.m.
2022-12-12,Regular Council,2,"City of Coquitlam Heritage Revitalization Agreement Authorization Bylaw No. 5258, 2022 and City of Coquitlam Heritage Designation Bylaw No. 5259, 2022 Discussion ensued relative to the following: • Appreciation for the work that the applicants and City staff have undertaken to protect the Beaubien Residence on the subject property • The understanding that the proposed duplex does not allow for any further -",Main motion,Carried,8,1,0,Craig Hodge,,In favour,Against,In favour,In favour,In favour,In favour,In favour,In favour,In favour,Housing & density; Development; Neighbourhood character,,,,https://coquitlam.ca.granicus.com/MinutesViewer.php?view_id=2&clip_id=2366&doc_id=d14c3b3e-9686-11ed-b830-06ed6041b72a,https://coquitlam.ca.granicus.com/MediaPlayer.php?view_id=2&clip_id=2366,https://councilrecord.ca/coquitlam.html#vote/q6lc3c,"572 That Council give second and third readings to City of Coquitlam Heritage Revitalization Agreement Authorization Bylaw No. 5258, 2022 and City of Coquitlam Heritage Designation Bylaw No. 5259, 2022."
2022-12-12,Regular Council,3,"Report of the City Clerk - Fourth and Final Reading of Water Distribution Amendment Bylaw No. 5282, 2022, Sewer and Drainage Amendment Bylaw No. 5283, 2022, and Solid Waste Management Amendment Bylaw No. 5284, 2022",Main motion,Carried,9,0,0,Brent Asmundson,,In favour,In favour,In favour,In favour,In favour,In favour,In favour,In favour,In favour,Public services,,,,https://coquitlam.ca.granicus.com/MinutesViewer.php?view_id=2&clip_id=2366&doc_id=d14c3b3e-9686-11ed-b830-06ed6041b72a,https://coquitlam.ca.granicus.com/MediaPlayer.php?view_id=2&clip_id=2366,https://councilrecord.ca/coquitlam.html#vote/6iiach,"573 That Council give fourth and final reading to: 1. Water Distribution Amendment Bylaw No. 5282, 2022; 2. Sewer and Drainage Amendment Bylaw No. 5283, 2022; and 3. Solid Waste Management Amendment Bylaw No. 5284, 2022."
2022-12-12,Regular Council,4,"Report of the City Clerk - Fourth and Final Reading of Fees and Charges Bylaw No. 5285, 2022",Main motion,Carried,9,0,0,Trish Mandewo,,In favour,In favour,In favour,In favour,In favour,In favour,In favour,In favour,In favour,Taxes & spending,1 of 2,,,https://coquitlam.ca.granicus.com/MinutesViewer.php?view_id=2&clip_id=2366&doc_id=d14c3b3e-9686-11ed-b830-06ed6041b72a,https://coquitlam.ca.granicus.com/MediaPlayer.php?view_id=2&clip_id=2366,https://councilrecord.ca/coquitlam.html#vote/xf3g9a,"574 That Council give fourth and final reading to Fees and Charges Bylaw No. 5285, 2022."
2022-12-12,Regular Council,4,"Report of the City Clerk - Fourth and Final Reading of Fees and Charges Bylaw No. 5285, 2022",Main motion,Carried,9,0,0,Steve Kim,,In favour,In favour,In favour,In favour,In favour,In favour,In favour,In favour,In favour,Taxes & spending,2 of 2,,,https://coquitlam.ca.granicus.com/MinutesViewer.php?view_id=2&clip_id=2366&doc_id=d14c3b3e-9686-11ed-b830-06ed6041b72a,https://coquitlam.ca.granicus.com/MediaPlayer.php?view_id=2&clip_id=2366,https://councilrecord.ca/coquitlam.html#vote/1oah51k,"575 That Council give fourth and final reading to Reserve Fund Establishment Bylaw No. 5288, 2022."
2022-12-12,Regular Council,6,"Report of the City Clerk - Fourth and Final Reading of Housing Agreement Bylaw No.5239,2022",Main motion,Carried,9,0,0,Trish Mandewo,,In favour,In favour,In favour,In favour,In favour,In favour,In favour,In favour,In favour,Housing & density,,,,https://coquitlam.ca.granicus.com/MinutesViewer.php?view_id=2&clip_id=2366&doc_id=d14c3b3e-9686-11ed-b830-06ed6041b72a,https://coquitlam.ca.granicus.com/MediaPlayer.php?view_id=2&clip_id=2366,https://councilrecord.ca/coquitlam.html#vote/whrsoc,"576 That Council give fourth and final reading to Housing Agreement Bylaw No. 5239, 2022."
2022-12-12,Regular Council,7,Report of the Director Development Services - Final Approval of Development Application at 34i1 and 3431 Queenston Avenue - Annesley (Queenston) Holdings Ltd. (PROJ 18-024),Main motion,Carried,8,0,1,Teri Towner,,In favour,In favour,In favour,In favour,In favour,In favour,Absent,In favour,In favour,Housing & density; Development,,,,https://coquitlam.ca.granicus.com/MinutesViewer.php?view_id=2&clip_id=2366&doc_id=d14c3b3e-9686-11ed-b830-06ed6041b72a,https://coquitlam.ca.granicus.com/MediaPlayer.php?view_id=2&clip_id=2366,https://councilrecord.ca/coquitlam.html#vote/10wundi,"577 That Council: 1 . Give fourth and final reading to City of Coquitlam Citywide Official Community Plan Amendment Bylaw No. 5064, 2021; 2. Give fourth and final reading to City of Coquitlam Zoning Amendment Bylaw No. 5065, 2021 ; and 3. Approve the signing and sealing of Development Permit No. 18 103474 DP and that the Mayor and City Clerk be authorized to execute this Permit on behalf of the City of Coquitlam."
2022-12-12,Regular Council,8,Report of the Director Development Services - Final Approval of Development Application at 512 Young Drive - Seed and Stone (PROJ 22-009),Main motion,Carried,9,0,0,Dennis Marsden,,In favour,In favour,In favour,In favour,In favour,In favour,In favour,In favour,In favour,Development,,,,https://coquitlam.ca.granicus.com/MinutesViewer.php?view_id=2&clip_id=2366&doc_id=d14c3b3e-9686-11ed-b830-06ed6041b72a,https://coquitlam.ca.granicus.com/MediaPlayer.php?view_id=2&clip_id=2366,https://councilrecord.ca/coquitlam.html#vote/1ip0ouu,"578 That Council give fourth and final reading to City of Coquitlam Zoning Amendment Bylaw No. 5218, 2022."
2022-12-12,Regular Council,9,Report of the Director Development Services - Third Reading Extension of Development Application at 1350 Coast Meridian Road - Impeccable Construction Ltd. (PROJ 18-041),Main motion,Carried,9,0,0,Craig Hodge,,In favour,In favour,In favour,In favour,In favour,In favour,In favour,In favour,In favour,Housing & density; Development,,,,https://coquitlam.ca.granicus.com/MinutesViewer.php?view_id=2&clip_id=2366&doc_id=d14c3b3e-9686-11ed-b830-06ed6041b72a,https://coquitlam.ca.granicus.com/MediaPlayer.php?view_id=2&clip_id=2366,https://councilrecord.ca/coquitlam.html#vote/ll9xgh,"579 That Council extend Third Reading of City of Coquitlam Citywide Official Community Plan Amendment Bylaw No. 5084, 2021 and City of Coquitlam Zoning Amendment Bylaw No. 5085, 2021 for an additional 12-month period to January 25, 2024."
2022-12-12,Regular Council,10,Report of the Director Development Services - Proposed Sign Bylaw Amendment to Provide Emergency Signage Exemptions for Local Businesses (PROJ 22-135) Discussion ensued relative to the following: • Clarification as to the City's requirements for approval of sandwich board signs for businesses and whether the process is too onerous • The understanding that sandwich boards can restrict the potential passage of,Main motion,Carried,9,0,0,Steve Kim,,In favour,In favour,In favour,In favour,In favour,In favour,In favour,In favour,In favour,Neighbourhood character; Public services; Business & economy; Governance & elections,,,,https://coquitlam.ca.granicus.com/MinutesViewer.php?view_id=2&clip_id=2366&doc_id=d14c3b3e-9686-11ed-b830-06ed6041b72a,https://coquitlam.ca.granicus.com/MediaPlayer.php?view_id=2&clip_id=2366,https://councilrecord.ca/coquitlam.html#vote/1dpn90h,"580 That Council give first, second, and third readings to City of Coquitlam Sign Amendment Bylaw No. 5279, 2022."
2022-12-12,Regular Council,11,Report of the General Manager Engineering and Public Works - UBCM Grant - Seismic Risk Assessment of Bridges Project,Main motion,Carried,9,0,0,Trish Mandewo,,In favour,In favour,In favour,In favour,In favour,In favour,In favour,In favour,In favour,Taxes & spending; Transportation; Governance & elections,,,,https://coquitlam.ca.granicus.com/MinutesViewer.php?view_id=2&clip_id=2366&doc_id=d14c3b3e-9686-11ed-b830-06ed6041b72a,https://coquitlam.ca.granicus.com/MediaPlayer.php?view_id=2&clip_id=2366,https://councilrecord.ca/coquitlam.html#vote/kh0eh8,"581 That Council support the activities proposed in the ""Seismic Risk Assessment of Bridges Project"" including overall grant management as required by the Union of BC Municipalities {UBCM} for the 202 2 Asset Management Planning Grant Program."
2022-12-12,Regular Council,12,Report of the Deputy City Manager - Austin Heights Business Improvement Association Renewal and Gateway Signage Project Funding Discussion ensued relative to the appreciation for the work that the Austin Heights Business Improvement Association has undertaken to enhance the engagement and maintenance of the neighbourhood . .,Main motion,Carried,9,0,0,Dennis Marsden,,In favour,In favour,In favour,In favour,In favour,In favour,In favour,In favour,In favour,Taxes & spending; Business & economy,1 of 2,,,https://coquitlam.ca.granicus.com/MinutesViewer.php?view_id=2&clip_id=2366&doc_id=d14c3b3e-9686-11ed-b830-06ed6041b72a,https://coquitlam.ca.granicus.com/MediaPlayer.php?view_id=2&clip_id=2366,https://councilrecord.ca/coquitlam.html#vote/124tglz,"· 582 That Council: 1. Direct staff to initiate the process to renew the bylaw necessary to fund the Austin Heights Business Improvement Association (AHBIA) in accordance with section 213 of the Community Charter (local area service on Council initiative - subject to petition against) and consistent with the previous renewal process; and . 2. Approve advancing a recoverable amount of $119,800 to the AHBIA to provide sufficient cash flow for the acquisition of gateway signs in 2023 with repayment over 5 years."
2022-12-12,Regular Council,12,Report of the Deputy City Manager - Austin Heights Business Improvement Association Renewal and Gateway Signage Project Funding Discussion ensued relative to the appreciation for the work that the Austin Heights Business Improvement Association has undertaken to enhance the engagement and maintenance of the neighbourhood . .,Main motion,Carried,9,0,0,Dennis Marsden,,In favour,In favour,In favour,In favour,In favour,In favour,In favour,In favour,In favour,Taxes & spending; Business & economy,2 of 2,,,https://coquitlam.ca.granicus.com/MinutesViewer.php?view_id=2&clip_id=2366&doc_id=d14c3b3e-9686-11ed-b830-06ed6041b72a,https://coquitlam.ca.granicus.com/MediaPlayer.php?view_id=2&clip_id=2366,https://councilrecord.ca/coquitlam.html#vote/19dl91o,583 That the Regular Council Meeting adjourn - 8:09 p.m.
2023-01-11,Special Council,1,Report of the General Manager Legislative Services - 2023 Council Meeting Schedule - Proposed Amendment,Main motion,Carried,8,0,1,Craig Hodge,,Absent,In favour,In favour,In favour,In favour,In favour,In favour,In favour,In favour,Governance & elections,,,,https://coquitlam.ca.granicus.com/MinutesViewer.php?view_id=2&clip_id=2375&doc_id=44afbb11-a184-11ed-b830-06ed6041b72a,https://coquitlam.ca.granicus.com/MediaPlayer.php?view_id=2&clip_id=2375,https://councilrecord.ca/coquitlam.html#vote/tgmcth,"That Council approve an amendment to the current 2023 Council Meeting Schedule as set out in Attachment 1 to the report of the General Manager Legislative Services dated January 6, 2023 and entitled ""2023 Council Meeting Schedule - Proposed Amendment""."
2023-01-11,Special Council,2,Resolution in Accordance with Section 92 of the Community Charter,Main motion,Carried,8,0,1,Dennis Marsden,,Absent,In favour,In favour,In favour,In favour,In favour,In favour,In favour,In favour,Governance & elections,1 of 2,,,https://coquitlam.ca.granicus.com/MinutesViewer.php?view_id=2&clip_id=2375&doc_id=44afbb11-a184-11ed-b830-06ed6041b72a,https://coquitlam.ca.granicus.com/MediaPlayer.php?view_id=2&clip_id=2375,https://councilrecord.ca/coquitlam.html#vote/6nsume,"That, in accordance with section 92 of the Community Charter, the Council Meeting on Wednesday, January 11, 2023 be closed to the public at this time in order that the Council may give consideration to the matters that, in accordance with section 90 of the Community Charter, may be considered by the Council in a meeting closed to the public."
2023-01-11,Special Council,2,Resolution in Accordance with Section 92 of the Community Charter,Main motion,Carried,8,0,1,Brent Asmundson,,Absent,In favour,In favour,In favour,In favour,In favour,In favour,In favour,In favour,Governance & elections,2 of 2,,,https://coquitlam.ca.granicus.com/MinutesViewer.php?view_id=2&clip_id=2375&doc_id=44afbb11-a184-11ed-b830-06ed6041b72a,https://coquitlam.ca.granicus.com/MediaPlayer.php?view_id=2&clip_id=2375,https://councilrecord.ca/coquitlam.html#vote/1mv8gsr,That the Special Council Meeting adjourn - 5:20 p. m.
2023-01-16,Regular Council,3,"Report of the City Clerk - Fourth and Final Reading of Street and Traffic Amendment (Electric Kick Scooters) Bylaw No. 5274, 2022, Bylaw Notice Enforcement Amendment (Electric Kick Scooters) Bylaw No. 5275, 2022, and Municipal Ticket Information Amendment (Electric Kick Scooters) Bylaw No. 5276, 2022",Main motion,Carried,8,0,1,Brent Asmundson,,In favour,In favour,In favour,In favour,In favour,In favour,Absent,In favour,In favour,Transportation,,,,https://coquitlam.ca.granicus.com/MinutesViewer.php?view_id=2&clip_id=2373&doc_id=5caa7ae0-a185-11ed-b830-06ed6041b72a,https://coquitlam.ca.granicus.com/MediaPlayer.php?view_id=2&clip_id=2373,https://councilrecord.ca/coquitlam.html#vote/d8k5fo,"That Council give fourth and final reading to: 1. Street and Traffic Amendment (Electric Kick Scooters) Bylaw No. 5274, 2022; 2. Bylaw Notice Enforcement Amendment (Electric Kick Scooters) Bylaw No. 5275, 2022;a nd 3. Municipal Ticket Information Amendment (Electric Kick Scooters) Bylaw No. 5276, 2022."
2023-01-16,Regular Council,4,Report of the Director Development Services - Development Application at 135 Balmoral Drive and 2506 to 2548 Palmer Avenue - Polygon Coronation Heights (PROJ 21-038) Discussion ensued relative to the following: . The desire to increase the number offamily-sized housing options that fall into the below-market rental category . Clarification with regard to commercial space opportunities,Main motion,Carried,8,0,1,Brent Asmundson,,In favour,In favour,In favour,In favour,In favour,In favour,Absent,In favour,In favour,Housing & density; Development; Business & economy,,,,https://coquitlam.ca.granicus.com/MinutesViewer.php?view_id=2&clip_id=2373&doc_id=5caa7ae0-a185-11ed-b830-06ed6041b72a,https://coquitlam.ca.granicus.com/MediaPlayer.php?view_id=2&clip_id=2373,https://councilrecord.ca/coquitlam.html#vote/d8it70,"That Council: 1. Give first reading to City ofCoquitlam Zoning Amendment Bylaw No. 5280, 2023; 2. Refer Bylaw No. 5280, 2023 to Public Hearing; 3. Acknowledge that the applicant has requested a variance(s) to the Subdivision & Development Servicing Bylaw as described in this report as follows: a. In Sections 5. 10 and 5. 12, the minimum road curvature is reduced from 105m CL radius to 55m CL radius for Palmer Avenue, and from 105m CL radius to 79m CL radius for Road A; and 4. Instruct staff to complete the following items prior to Council's consideration of fourth and final reading, should Council grant second and third readings to the Bylaw: a. Submission of a subdivision plan to the satisfaction of the Approving Officer; b. Ensure that all engineering requirements and issues including restrictive covenants, dedications and rights-of-way where necessary, are addressed to the satisfaction of the General Manager Engineering and Public Works; c. Execution of a Purchase and Sale Agreement for 2545 Palmer Avenue to the satisfaction of the City Solicitor; d. Registration of a Development Agreement to the satisfaction of the General Manager Planning and Development; e. Satisfy all the Traffic Impact Assessment (TIA) comments to the satisfaction of the General Manager Engineering and Public Works; f. Resolution of all urban design issues, including preparation of Site Specific Design Guidelines to the satisfaction of the Director Development Services; g. Finalize Watercourse Protection Development Permit (22 107615 00 DP) to the satisfaction of Environmental Services; h. Determine the final alignment and design of the greenway connection from Palmer Avenue to Road A to the satisfaction of the General Manager Parks, Recreation, Culture and Facilities; i. Other conditions as applicable; and j. Finalize, execute and deliver to the City, the following agreements in Land Title Office registrableform: i. Section 219 Restrictive Covenant prohibiting occupancy until such time one or more access easements, Statutory Rights-of-Way (SRW) and Section 219 Covenants are registered with respect to shared vehicle access, loading, and on-site parking, amongst the market condominium, child care centres, commercial and rental units as required; and, one or more owner- maintained SRW in favour of the City over all publically accessible spaces, generally as described on Attachment 6; ii. Section 219 'Single Site' Restrictive Covenant to ensure that the proposed lots are treated as a single site under the CD-38 zone; iii. Housing Agreement; and iv. Such other Land Title Office registrable agreements as may be required by the City."
2023-01-16,Regular Council,5,Report of the General Manager Corporate Services and General Manager Legislative Services - Council Personal Leave Procedure Approval Following the 2022 General Local Election,Main motion,Carried,8,0,1,Steve Kim,,In favour,In favour,In favour,In favour,In favour,In favour,Absent,In favour,In favour,Governance & elections,1 of 2,,,https://coquitlam.ca.granicus.com/MinutesViewer.php?view_id=2&clip_id=2373&doc_id=5caa7ae0-a185-11ed-b830-06ed6041b72a,https://coquitlam.ca.granicus.com/MediaPlayer.php?view_id=2&clip_id=2373,https://councilrecord.ca/coquitlam.html#vote/16xgldf,"That Council approve the Council Personal Leave Procedure - For Leaves Not Currently Administered by the Community Charter as attached io the report of the General Manager Corporate Services and General Manager Legislative Services dated January 10, 2023 and entitled ""Council Personal Leave Procedure Approval Following the 2022 General Local Election""."
2023-01-16,Regular Council,5,Report of the General Manager Corporate Services and General Manager Legislative Services - Council Personal Leave Procedure Approval Following the 2022 General Local Election,Main motion,Carried,8,0,1,Brent Asmundson,,In favour,In favour,In favour,In favour,In favour,In favour,Absent,In favour,In favour,Governance & elections,2 of 2,,,https://coquitlam.ca.granicus.com/MinutesViewer.php?view_id=2&clip_id=2373&doc_id=5caa7ae0-a185-11ed-b830-06ed6041b72a,https://coquitlam.ca.granicus.com/MediaPlayer.php?view_id=2&clip_id=2373,https://councilrecord.ca/coquitlam.html#vote/1pdveof,That the Regular Council Meeting adjourn - 7:50 p. m.
2023-01-30,Regular Council,4,"Report of the City Clerk - Fourth and Final Reading of Sign Amendment Bylaw No. 5279, 2022",Main motion,Carried,9,0,0,Craig Hodge,,In favour,In favour,In favour,In favour,In favour,In favour,In favour,In favour,In favour,Other,,,,https://coquitlam.ca.granicus.com/MinutesViewer.php?view_id=2&clip_id=2384&doc_id=ab2f773f-a706-11ed-b830-06ed6041b72a,https://coquitlam.ca.granicus.com/MediaPlayer.php?view_id=2&clip_id=2384,https://councilrecord.ca/coquitlam.html#vote/pb4kmg,"That Council give fourth and final read'mgto Sign Amendment Bylaw No. 5279, 2022."
2023-01-30,Regular Council,5,Report of the Director Development Services - Final Approval of Development Application at 3423 Victoria Drive - Landmark Engineering and Planning Ltd. (PROJ 19-086) Discussion ensued relative to the taking of road dedication.,Main motion,Carried,9,0,0,Matt Djonlic,,In favour,In favour,In favour,In favour,In favour,In favour,In favour,In favour,In favour,Development; Transportation,,,,https://coquitlam.ca.granicus.com/MinutesViewer.php?view_id=2&clip_id=2384&doc_id=ab2f773f-a706-11ed-b830-06ed6041b72a,https://coquitlam.ca.granicus.com/MediaPlayer.php?view_id=2&clip_id=2384,https://councilrecord.ca/coquitlam.html#vote/1gdwpvw,"That Council give fourth and final read\ngtodtyofCoquitlam Zoning Amendment Bylaw No. 5034, 2020."
2023-01-30,Regular Council,6,Report of the Director Development Services - Application for a Permanent Change to a Liquor License for a Liquor Primary Establishment - Rogues Bar & Grill (PROJ 22-113),Main motion,Carried,9,0,0,Brent Asmundson,,In favour,In favour,In favour,In favour,In favour,In favour,In favour,In favour,In favour,Neighbourhood character; Business & economy,,,,https://coquitlam.ca.granicus.com/MinutesViewer.php?view_id=2&clip_id=2384&doc_id=ab2f773f-a706-11ed-b830-06ed6041b72a,https://coquitlam.ca.granicus.com/MediaPlayer.php?view_id=2&clip_id=2384,https://councilrecord.ca/coquitlam.html#vote/1fc4dnl,"That Council: 1. Having given consideration to the potential impacts to the community associated with an increase in hours of liquor service as well as structural changes, and the public comments received in relation to the application by Rogues Bar & Grill for permanent changes to its Liquor Primary Liquor License, support the application to expand hours of liquor service and allow for liquor consumption in additional areas (as per the Liquor Licensing Application Referral/Review Policy approved by Council at their Regular Meeting on November 18, 2013); and 2. Forward the Report entitled ""Application for a Permanent Change to a Liquor License for a Liquor Primary Establishment - Rogues Bar & Grill (PROJ 22-113)"", dated January 24, 2023, to the Liquor and Cannabis Regulation Branch (LCRB) to serve as Council's comments on the application, as prescribed under the Liquor Control and Licensing Act."
2023-01-30,Regular Council,7,Report of the General Manager Legislative Services - 2023 Council Meeting Schedule - Proposed Amendments,Main motion,Carried,9,0,0,Teri Towner,,In favour,In favour,In favour,In favour,In favour,In favour,In favour,In favour,In favour,Governance & elections,1 of 2,,,https://coquitlam.ca.granicus.com/MinutesViewer.php?view_id=2&clip_id=2384&doc_id=ab2f773f-a706-11ed-b830-06ed6041b72a,https://coquitlam.ca.granicus.com/MediaPlayer.php?view_id=2&clip_id=2384,https://councilrecord.ca/coquitlam.html#vote/1g0oyol,"That Council approve the amended 2023 Council Meeting Schedule, as set out in Attachment 1 to the report of the General Manager Legislative Services dated January 24, 2023 and entitled ""2023 Council Meeting Schedule - Proposed Amendments""."
2023-01-30,Regular Council,7,Report of the General Manager Legislative Services - 2023 Council Meeting Schedule - Proposed Amendments,Main motion,Carried,9,0,0,Trish Mandewo,,In favour,In favour,In favour,In favour,In favour,In favour,In favour,In favour,In favour,Governance & elections,2 of 2,,,https://coquitlam.ca.granicus.com/MinutesViewer.php?view_id=2&clip_id=2384&doc_id=ab2f773f-a706-11ed-b830-06ed6041b72a,https://coquitlam.ca.granicus.com/MediaPlayer.php?view_id=2&clip_id=2384,https://councilrecord.ca/coquitlam.html#vote/1ah3h81,That the Regular Council Meeting adjourn - 7:38 p. m.
2023-02-06,Regular Council,2,Report of the Director Development Services – Development Application at 3594 to 3598 Sheffield Avenue – City of Coquitlam (PROJ 22-049) Discussion ensued relative to the demographic formula used to determine the approximate number of children who would live in the proposed development.,Main motion,Carried,9,0,0,Craig Hodge,,In favour,In favour,In favour,In favour,In favour,In favour,In favour,In favour,In favour,Development,,,,https://coquitlam.ca.granicus.com/MinutesViewer.php?view_id=2&clip_id=2389&doc_id=1f24187a-ac87-11ed-b830-06ed6041b72a,https://coquitlam.ca.granicus.com/MediaPlayer.php?view_id=2&clip_id=2389,https://councilrecord.ca/coquitlam.html#vote/1tag08s,"That Council: 1. Give first reading to City of Coquitlam Zoning Amendment Bylaw No. 5297, 2023; 2. Refer Bylaw No. 5297, 2023 to Public Hearing; and 3. Instruct staff to complete the following items prior to Council’s consideration of fourth and final reading, should Council grant second and third readings to the Bylaw: a. Submission of a subdivision plan to the satisfaction of the Approving Officer; b. Ensure that all engineering requirements and issues including restrictive covenants, dedications and rights-of-way where necessary, are addressed to the satisfaction of the General Manager Engineering and Public Works; c. Other conditions as applicable; and d. Finalize, execute and deliver to the City, the following agreements in Land Title Office registrable form: i. A “no-build” covenant for the construction of required works in lieu of security; ii. A Statutory Right-of Way on the adjacent property to the south for storm and sanitary utilities; and iii. Such other Land Title Office registrable agreements as may be required by the City."
2023-02-06,Regular Council,3,"Report of the Director Development Services – Development Application at 634, 636, 640, 642 and 644 Tyndall Street – Quantum Properties (PROJ 21-088) Discussion ensued relative to the following:  Concern with regard to the number of studio and one-bedroom units in the proposed development  The belief that two and three-bedroom units are more livable and desirable for",Main motion,Carried,9,0,0,Steve Kim,,In favour,In favour,In favour,In favour,In favour,In favour,In favour,In favour,In favour,Development,,,,https://coquitlam.ca.granicus.com/MinutesViewer.php?view_id=2&clip_id=2389&doc_id=1f24187a-ac87-11ed-b830-06ed6041b72a,https://coquitlam.ca.granicus.com/MediaPlayer.php?view_id=2&clip_id=2389,https://councilrecord.ca/coquitlam.html#vote/1uqmgxe,"That Council: 1. Give first reading to City of Coquitlam Zoning Amendment Bylaw No. 5289, 2023; 2. Refer Bylaw No. 5289, 2023 to Public Hearing; 3. Authorize staff to prepare Development Permit No. 21 110654 DP generally in accordance with the attached drawings (Attachment 6), should Council grant second and third readings to the Bylaw; and 4. Instruct staff to complete the following items prior to Council’s consideration of fourth and final reading, should Council grant second and third readings to the Bylaw: a. Submission of a subdivision plan to the satisfaction of the Approving Officer; b. Ensure that all engineering requirements and issues including restrictive covenants, dedications and rights-of-way where necessary, are addressed to the satisfaction of the General Manager Engineering and Public Works; c. Resolution of all urban design issues to the satisfaction of the Director Development Services; and d. Finalize, execute and deliver to the City, the following agreements in Land Title Office registrable form: i. One or more owner-maintained temporary statutory rights-of-way in favour of the City over the temporary sidewalk along the south property line; ii. One or more owner-maintained statutory rights-of-way in favour of the City over the utility connection along the south property line; iii. Section 219 Restrictive Covenant to restrict sale and conversion of the guest suite; and iv. Such other Land Title Office registrable agreements as may be required by the City. Councillor Mazzarolo registered opposition."
2023-02-06,Regular Council,4,"Report of the General Manager Parks, Recreation, Culture, and Facilities – Innovation Centre Renovation at Town Centre Park Final Design Approval",Main motion,Carried,9,0,0,Brent Asmundson,,In favour,In favour,In favour,In favour,In favour,In favour,In favour,In favour,In favour,Taxes & spending; Parks & recreation,1 of 2,,,https://coquitlam.ca.granicus.com/MinutesViewer.php?view_id=2&clip_id=2389&doc_id=1f24187a-ac87-11ed-b830-06ed6041b72a,https://coquitlam.ca.granicus.com/MediaPlayer.php?view_id=2&clip_id=2389,https://councilrecord.ca/coquitlam.html#vote/1cu6a6l,That Council: 1. Approve the final design for the Innovation Centre Renovation at Town Centre Park; and 2. Authorize staff to proceed to procurement of the project within the approved capital budget.
2023-02-06,Regular Council,4,"Report of the General Manager Parks, Recreation, Culture, and Facilities – Innovation Centre Renovation at Town Centre Park Final Design Approval",Main motion,Carried,9,0,0,Dennis Marsden,,In favour,In favour,In favour,In favour,In favour,In favour,In favour,In favour,In favour,Parks & recreation,2 of 2,,,https://coquitlam.ca.granicus.com/MinutesViewer.php?view_id=2&clip_id=2389&doc_id=1f24187a-ac87-11ed-b830-06ed6041b72a,https://coquitlam.ca.granicus.com/MediaPlayer.php?view_id=2&clip_id=2389,https://councilrecord.ca/coquitlam.html#vote/as8rzr,That the Regular Council Meeting adjourn – 8:55 p.m.
2023-02-13,Regular Council,2,"Minutes of the Finance Standing Committee Meeting held on Tuesday, January 24, 2023",Procedural,Carried,8,0,1,Steve Kim,,In favour,Absent,In favour,In favour,In favour,In favour,In favour,In favour,In favour,Governance & elections,,,,https://coquitlam.ca.granicus.com/MinutesViewer.php?view_id=2&clip_id=2395&doc_id=0a85bb74-b785-11ed-b830-06ed6041b72a,https://coquitlam.ca.granicus.com/MediaPlayer.php?view_id=2&clip_id=2395,https://councilrecord.ca/coquitlam.html#vote/wb6ff7,"That the Minutes of the Finance Standing Committee Meeting held on Tuesday, January 24, 2023 be received."
2023-02-13,Regular Council,3,"Minutes of the Finance Standing Committee Meeting held on Wednesday, January 25, 2023",Procedural,Carried,8,0,1,Teri Towner,,In favour,Absent,In favour,In favour,In favour,In favour,In favour,In favour,In favour,Governance & elections,,,,https://coquitlam.ca.granicus.com/MinutesViewer.php?view_id=2&clip_id=2395&doc_id=0a85bb74-b785-11ed-b830-06ed6041b72a,https://coquitlam.ca.granicus.com/MediaPlayer.php?view_id=2&clip_id=2395,https://councilrecord.ca/coquitlam.html#vote/4q42lr,"That the Minutes of the Finance Standing Committee Meeting held on Wednesday, January 25, 2023 be received."
2023-02-13,Regular Council,5,"Report of the General Manager Finance, Lands and Police - 2023 Five-Year Financial Plan and Loan Authorization Bylaws Discussion ensued relative to the following: . Concern for the financial pressure on future budgets . The belief that financial plans should be certain and stable",Main motion,Carried,8,0,1,Craig Hodge,,In favour,Absent,In favour,In favour,In favour,In favour,In favour,In favour,In favour,Taxes & spending; Parks & recreation; Public services,,,,https://coquitlam.ca.granicus.com/MinutesViewer.php?view_id=2&clip_id=2395&doc_id=0a85bb74-b785-11ed-b830-06ed6041b72a,https://coquitlam.ca.granicus.com/MediaPlayer.php?view_id=2&clip_id=2395,https://councilrecord.ca/coquitlam.html#vote/1n4uw7g,"That Council: 1. Give first, second and third readings to 2023 Five-Year Financial Plan Bylaw No. 5300, 2023; 2. Give first, second and third readings to the Northeast Community Centre, Park and Plaza Loan Authorization Bylaw No. 5301, 2023; and 3. Approve the Community Grants Policy as referenced as Attachment 5 to the report of the General Manager Finance, Lands and Police entitled ""2023 Five-Year Financial Plan and Loan Authorization Bylaws"". A member of Council requested separation of the motion: That Council: l. Give first, second and third readings to 2023 Five-Year Financial Plan Bylaw No. 5300, 2023; Councillor Marsden registered opposition."
2023-02-13,Regular Council,6,Report of the General Manager Corporate Services - 2023 Business Plan,Main motion,Carried,8,0,1,Craig Hodge,,In favour,Absent,In favour,In favour,In favour,In favour,In favour,In favour,In favour,Business & economy,,,,https://coquitlam.ca.granicus.com/MinutesViewer.php?view_id=2&clip_id=2395&doc_id=0a85bb74-b785-11ed-b830-06ed6041b72a,https://coquitlam.ca.granicus.com/MediaPlayer.php?view_id=2&clip_id=2395,https://councilrecord.ca/coquitlam.html#vote/19loq9w,"That Council approve the draft 2023 Business Plan identified as Attachment 1 of the report of the General Manager Corporate Services dated February 7, 2023 and entitled ""2023 Business Plan""."
2023-02-13,Regular Council,7,Report of the Director Development Services - Development Application at 817 and 823 Cornell Avenue - 1320269 B.C. Ltd. (PROJ 22-019) Discussion ensued relative to concern with regard to development and demolition waste.,Main motion,Carried,8,0,1,Trish Mandewo,,In favour,Absent,In favour,In favour,In favour,In favour,In favour,In favour,In favour,Development; Neighbourhood character,,,,https://coquitlam.ca.granicus.com/MinutesViewer.php?view_id=2&clip_id=2395&doc_id=0a85bb74-b785-11ed-b830-06ed6041b72a,https://coquitlam.ca.granicus.com/MediaPlayer.php?view_id=2&clip_id=2395,https://councilrecord.ca/coquitlam.html#vote/17ur6j1,"That Council: l. Give first reading to City ofCoquitlam Zoning Amendment Bylaw No:5299, 2023; 2. Refer Bylaw No. 5299, 2023 to Public Hearing; and 3. Instruct staff to complete the following items prior to Council's consideration of fourth and final reading, should Council grant second and third readings to the Bylaw: a. Submission of a subdivision plan to the satisfaction of the Approving Officer; and b. Ensure that all engineering requirements and issues including restrictive covenants, dedications and rights-of-way where necessary, are addressed to the satisfaction of the General Manager Engineering and Public Works."
2023-02-13,Regular Council,8,"Report of the General Manager Parks, Recreation, Culture and Facilities - Spani Pool Renewal and Expansion Final Design Approval",Main motion,Carried,8,0,1,Dennis Marsden,,In favour,Absent,In favour,In favour,In favour,In favour,In favour,In favour,In favour,Taxes & spending; Parks & recreation,1 of 2,,,https://coquitlam.ca.granicus.com/MinutesViewer.php?view_id=2&clip_id=2395&doc_id=0a85bb74-b785-11ed-b830-06ed6041b72a,https://coquitlam.ca.granicus.com/MediaPlayer.php?view_id=2&clip_id=2395,https://councilrecord.ca/coquitlam.html#vote/3uhkyl,That Council: 1. Approve the final design for the Spani Pool Renewal and Expansion Project; and Pages Minutes - Regular Council Meeting 2. Authorize staff to proceed to procurement of the project within the approved capital budget.
2023-02-13,Regular Council,8,"Report of the General Manager Parks, Recreation, Culture and Facilities - Spani Pool Renewal and Expansion Final Design Approval",Main motion,Carried,8,0,1,Dennis Marsden,,In favour,Absent,In favour,In favour,In favour,In favour,In favour,In favour,In favour,Parks & recreation,2 of 2,,,https://coquitlam.ca.granicus.com/MinutesViewer.php?view_id=2&clip_id=2395&doc_id=0a85bb74-b785-11ed-b830-06ed6041b72a,https://coquitlam.ca.granicus.com/MediaPlayer.php?view_id=2&clip_id=2395,https://councilrecord.ca/coquitlam.html#vote/1fpyl4v,That the Regular Council Meeting adjourn - 9:03 p. m.
2023-02-27,Regular Council,1,"Minutes of the Regular Council Meeting held on Monday, February 13, 2023",Main motion,Carried,9,0,0,Brent Asmundson,,In favour,In favour,In favour,In favour,In favour,In favour,In favour,In favour,In favour,Development,,,,https://coquitlam.ca.granicus.com/MinutesViewer.php?view_id=2&clip_id=2402&doc_id=1c6abf3d-bc9b-11ed-b830-06ed6041b72a,https://coquitlam.ca.granicus.com/MediaPlayer.php?view_id=2&clip_id=2402,https://councilrecord.ca/coquitlam.html#vote/d9lpx1,"That Council give second and third readings to City of Coquitlam Zoning Amendment Bylaw No. 5297, 2023."
2023-02-27,Regular Council,3,"City of Coquitlam Zoning Amendment Bylaw No. 5289, 2023 - 634, 636, 640, 642 and 644 Tyndall Street Discussion ensued relative to the following: • Concern regarding the proposed unit composition in the application and the high number of studio apartments • The desire for Council to review the unit type requirements outlined in the",Main motion,Carried,9,0,0,Dennis Marsden,,In favour,In favour,In favour,In favour,In favour,In favour,In favour,In favour,In favour,Housing & density; Development,,,,https://coquitlam.ca.granicus.com/MinutesViewer.php?view_id=2&clip_id=2402&doc_id=1c6abf3d-bc9b-11ed-b830-06ed6041b72a,https://coquitlam.ca.granicus.com/MediaPlayer.php?view_id=2&clip_id=2402,https://councilrecord.ca/coquitlam.html#vote/1l6iwvr,"That Council give second and third readings to City of Coquitlam Zoning Amendment Bylaw No. 5289, 2023. Councillors Djonlic and Mazzarolo registered opposition."
2023-02-27,Regular Council,4,"City of Coquitiam Zoning Amendment Bylaw No. 5280, 2023 - 135 Balmoral Drive, 2506, 2508, 2512, 2518, 2524, 2530, 2538, 2540, 2544, 2545, and 2548 Palmer Avenue Discussion ensued relative to the following: • The desire for the applicant to review the construction bordering the eastern property line to minimize the impacts of the development on the neighbours • Support for the densification of development in the transit-oriented corridors",Main motion,Carried,9,0,0,Dennis Marsden,,In favour,In favour,In favour,In favour,In favour,In favour,In favour,In favour,In favour,Housing & density; Development; Transportation,1 of 3,,,https://coquitlam.ca.granicus.com/MinutesViewer.php?view_id=2&clip_id=2402&doc_id=1c6abf3d-bc9b-11ed-b830-06ed6041b72a,https://coquitlam.ca.granicus.com/MediaPlayer.php?view_id=2&clip_id=2402,https://councilrecord.ca/coquitlam.html#vote/8x3y8a,"That Council give second and third readings to City of Coquitlam Zoning Amendment Bylaw No. 5280, 2023."
2023-02-27,Regular Council,4,"City of Coquitiam Zoning Amendment Bylaw No. 5280, 2023 - 135 Balmoral Drive, 2506, 2508, 2512, 2518, 2524, 2530, 2538, 2540, 2544, 2545, and 2548 Palmer Avenue Discussion ensued relative to the following: • The desire for the applicant to review the construction bordering the eastern property line to minimize the impacts of the development on the neighbours • Support for the densification of development in the transit-oriented corridors",Main motion,Carried,9,0,0,Steve Kim,,In favour,In favour,In favour,In favour,In favour,In favour,In favour,In favour,In favour,Housing & density; Development; Taxes & spending; Transportation,2 of 3,,,https://coquitlam.ca.granicus.com/MinutesViewer.php?view_id=2&clip_id=2402&doc_id=1c6abf3d-bc9b-11ed-b830-06ed6041b72a,https://coquitlam.ca.granicus.com/MediaPlayer.php?view_id=2&clip_id=2402,https://councilrecord.ca/coquitlam.html#vote/1cwlkgl,"That Council give fourth and final reading to 2023 Five-Year Financial Plan Bylaw No. 5300, 2023. Councillor Marsden registered opposition."
2023-02-27,Regular Council,4,"City of Coquitiam Zoning Amendment Bylaw No. 5280, 2023 - 135 Balmoral Drive, 2506, 2508, 2512, 2518, 2524, 2530, 2538, 2540, 2544, 2545, and 2548 Palmer Avenue Discussion ensued relative to the following: • The desire for the applicant to review the construction bordering the eastern property line to minimize the impacts of the development on the neighbours • Support for the densification of development in the transit-oriented corridors",Main motion,Carried,9,0,0,Brent Asmundson,,In favour,In favour,In favour,In favour,In favour,In favour,In favour,In favour,In favour,Housing & density; Development; Transportation,3 of 3,,,https://coquitlam.ca.granicus.com/MinutesViewer.php?view_id=2&clip_id=2402&doc_id=1c6abf3d-bc9b-11ed-b830-06ed6041b72a,https://coquitlam.ca.granicus.com/MediaPlayer.php?view_id=2&clip_id=2402,https://councilrecord.ca/coquitlam.html#vote/54pono,That Council approve the signing and sealing of Development Permit No. 22 104241 DP and that the Mayor and City Clerk be authorized to execute this Permit on behalf of the City of Coquitlam.
2023-02-27,Regular Council,7,Report of the Director Development Services - Final Approval of Development Application at 1038 Delestre Avenue - Architype Design Ltd. (PROJ 20-011),Main motion,Carried,9,0,0,Craig Hodge,,In favour,In favour,In favour,In favour,In favour,In favour,In favour,In favour,In favour,Development,,,,https://coquitlam.ca.granicus.com/MinutesViewer.php?view_id=2&clip_id=2402&doc_id=1c6abf3d-bc9b-11ed-b830-06ed6041b72a,https://coquitlam.ca.granicus.com/MediaPlayer.php?view_id=2&clip_id=2402,https://councilrecord.ca/coquitlam.html#vote/kvidxh,"That Council give fourth and final reading to City of Coquitlam Zoning Amendment Bylaw No. 5151, 2021."
2023-02-27,Regular Council,8,"Report of the Director Development Services - Development Application at 200 Marmont Street, 1053, 1055, 1057 and 1059 James Avenue and a Portion of James Avenue - 1164614 B.C. Ltd. (PROJ 19-092) Discussion ensued relative to the road cancellation beyond James Avenue. Council requested that staff provide the anticipated plan for the triangle shaped property south of James Avenue at the time of the Public Hearing.",Main motion,Carried,9,0,0,Dennis Marsden,,In favour,In favour,In favour,In favour,In favour,In favour,In favour,In favour,In favour,Development; Transportation,1 of 4,,,https://coquitlam.ca.granicus.com/MinutesViewer.php?view_id=2&clip_id=2402&doc_id=1c6abf3d-bc9b-11ed-b830-06ed6041b72a,https://coquitlam.ca.granicus.com/MediaPlayer.php?view_id=2&clip_id=2402,https://councilrecord.ca/coquitlam.html#vote/zhmf3c,"That Council: 1. Give first reading to City of Coquitlam Zoning Amendment Bylaw No. 5292, 2023; 2. Reter Bylaw No. 5292, 2023 to Public Hearing; 3. Authorize staff to prepare Development Permit No. 19 121045 DP generally in accordance with the attached drawings (Attachment 6), should Council grant second and third readings to the Bylaw; 4. Acknowledge that the applicant has requested a variance to the Zoning Bylaw as described in this report as follows: a. In Subsection 1205(8), in Part 12, in the RM-3 Multi-Storey Medium Density Apartment Residential zone, the minimum lot line setback from Marmont Street is decreased from 4.0 metres (m) (13 feet (ft.)) to 3.5 m (11.5 ft.) for the mid-rise apartment building; 5. Give first, second, and third readings to City of Coquitlam Highway Dedication Cancellation Bylaw No. 5291, 2023; 6. Direct City of Coquitlam Highway Dedication Cancellation Bylaw No. 5291, 2023 to be advertised in accordance with the requirements of the Community Charter; and 7. Instruct staff to complete the following items prior to Council's consideration of fourth and final reading, should Council grant second and third readings to the a. Submit a subdivision plan to the satisfaction of the Approving Officer; b. Resolve all engineering requirements and issues including restrictive covenants, dedications and rights-of-way where necessary, to the satisfaction of the General Manager Engineering and Public Works; c. Complete the road closure process for an approximately 426.3 square metres (m?) (4,559.6 square feet (sq.ft.)) portion of James Avenue, in accordance with Schedule ""A"" to Bylaw No. 5291, 2023; a. Enter into a Purchase and Sale Agreement to the satisfaction of the City Solicitor; e. Resolve all urban design issues to the satisfaction of the Director Development Services; and f. Determine the final alignment and design of the Multi-Use Pathway (MUP) to the satisfaction of the General Manager Parks, Recreation, Culture and Facilities and the General Manager Engineering and Public Works."
2023-02-27,Regular Council,8,"Report of the Director Development Services - Development Application at 200 Marmont Street, 1053, 1055, 1057 and 1059 James Avenue and a Portion of James Avenue - 1164614 B.C. Ltd. (PROJ 19-092) Discussion ensued relative to the road cancellation beyond James Avenue. Council requested that staff provide the anticipated plan for the triangle shaped property south of James Avenue at the time of the Public Hearing.",Main motion,Carried,9,0,0,Dennis Marsden,,In favour,In favour,In favour,In favour,In favour,In favour,In favour,In favour,In favour,Taxes & spending; Transportation; Parks & recreation,2 of 4,,,https://coquitlam.ca.granicus.com/MinutesViewer.php?view_id=2&clip_id=2402&doc_id=1c6abf3d-bc9b-11ed-b830-06ed6041b72a,https://coquitlam.ca.granicus.com/MediaPlayer.php?view_id=2&clip_id=2402,https://councilrecord.ca/coquitlam.html#vote/c404iw,"That Council: 1. Rescind first, second and third readings to Northeast Community Centre, Park and Plaza Loan Authorization Bylaw No. 5301, 2023, given at the February 13, 2023 2. Give first, second and third readings to Northeast Community Centre, Park and Plaza Loan Authorization Bylaw No. 5301, 2023 as set out in Attachment 1 of the report of the City Clerk entitled ""Northeast Community Centre, Park and Plaza Loan Authorization Bylaw No. 5301, 2023""."
2023-02-27,Regular Council,8,"Report of the Director Development Services - Development Application at 200 Marmont Street, 1053, 1055, 1057 and 1059 James Avenue and a Portion of James Avenue - 1164614 B.C. Ltd. (PROJ 19-092) Discussion ensued relative to the road cancellation beyond James Avenue. Council requested that staff provide the anticipated plan for the triangle shaped property south of James Avenue at the time of the Public Hearing.",Main motion,Carried,9,0,0,Dennis Marsden,,In favour,In favour,In favour,In favour,In favour,In favour,In favour,In favour,In favour,Transportation; Governance & elections,3 of 4,,,https://coquitlam.ca.granicus.com/MinutesViewer.php?view_id=2&clip_id=2402&doc_id=1c6abf3d-bc9b-11ed-b830-06ed6041b72a,https://coquitlam.ca.granicus.com/MediaPlayer.php?view_id=2&clip_id=2402,https://councilrecord.ca/coquitlam.html#vote/o4e3k5,"That Council endorse the Personal Leaves for Elected Officials resolution as set out in Attachment 1 to the Report of the General Manager Legislative Services dated February 21, 2023 and entitled ""Resolution for Submission to the 2023 Lower Mainland Local Government Association Annual Conference""."
2023-02-27,Regular Council,8,"Report of the Director Development Services - Development Application at 200 Marmont Street, 1053, 1055, 1057 and 1059 James Avenue and a Portion of James Avenue - 1164614 B.C. Ltd. (PROJ 19-092) Discussion ensued relative to the road cancellation beyond James Avenue. Council requested that staff provide the anticipated plan for the triangle shaped property south of James Avenue at the time of the Public Hearing.",Main motion,Carried,9,0,0,Brent Asmundson,,In favour,In favour,In favour,In favour,In favour,In favour,In favour,In favour,In favour,Transportation,4 of 4,,,https://coquitlam.ca.granicus.com/MinutesViewer.php?view_id=2&clip_id=2402&doc_id=1c6abf3d-bc9b-11ed-b830-06ed6041b72a,https://coquitlam.ca.granicus.com/MediaPlayer.php?view_id=2&clip_id=2402,https://councilrecord.ca/coquitlam.html#vote/1ok4p84,That the Regular Council Meeting adjourn - 11:10 p.m.
2023-03-06,Regular Council,3,Report of the Director Development Services - Final Approval of Development Application at 625 North Road - Pacific Property Group (PROJ 19-014),Main motion,Carried,8,0,1,Craig Hodge,,In favour,In favour,In favour,In favour,In favour,Absent,In favour,In favour,In favour,Housing & density; Development,1 of 2,,,https://coquitlam.ca.granicus.com/MinutesViewer.php?view_id=2&clip_id=2409&doc_id=07630bd5-cd7e-11ed-b830-06ed6041b72a,https://coquitlam.ca.granicus.com/MediaPlayer.php?view_id=2&clip_id=2409,https://councilrecord.ca/coquitlam.html#vote/c7u0ia,"That Council: 1. Give fourth and final reading to City of Coquitlam Zoning Amendment Bylaw No. 4975, 2020; 2. Give fourth and final reading to City of Coquitlam Housing Agreement Bylaw No. 4976, 2022; and 3. Approve the signing and sealing of Development Permit No. 19 104666 DP and that the Mayor and City Clerk be authorized to execute this Permit on behalf of the City of Coquitlam."
2023-03-06,Regular Council,3,Report of the Director Development Services - Final Approval of Development Application at 625 North Road - Pacific Property Group (PROJ 19-014),Main motion,Carried,8,0,1,Brent Asmundson,,In favour,In favour,In favour,In favour,In favour,Absent,In favour,In favour,In favour,Housing & density; Development,2 of 2,,,https://coquitlam.ca.granicus.com/MinutesViewer.php?view_id=2&clip_id=2409&doc_id=07630bd5-cd7e-11ed-b830-06ed6041b72a,https://coquitlam.ca.granicus.com/MediaPlayer.php?view_id=2&clip_id=2409,https://councilrecord.ca/coquitlam.html#vote/1xueqow,"That Council: 1. Give fourth and final reading to City of Coquitlam Citywide Official Community Plan Amendment Bylaw No. 5060, 2020; 2. Give fourth and final reading to City of Coquitlam Zoning Amendment Bylaw No. 5061, 2020; 3. Give fourth and final reading to City of Coquitlam Housing Agreement Bylaw Nos. 5170, 2021 and 5171, 2021; 4. Approve the signing and sealing of Development Permit No. 18 124165 DP and that the Mayor and City Clerk be authorized to execute this Permit on behalf of the City of Coquitlam; and 5. Authorize a maximum capital contribution of $940,000 from the Affordable Housing Reserve Fund (AHRF) to assist in the development of 47 non-market rental units."
2023-03-06,Regular Council,5,Report of the Director Development Services - Development Project at 628 - 638 Claremont Street and 635 - 645 Gardena Drive - Intracorp (PROJ 21-194) Discussion ensued relative to the following: • Concern for the trees neighbouring the proposed development site • The desire for an update on the applicant's success with regard to cooperating with the neighbours of the proposed development site,Main motion,Carried,8,0,1,Dennis Marsden,,In favour,In favour,In favour,In favour,In favour,Absent,In favour,In favour,In favour,Development; Environment & climate,1 of 3,,,https://coquitlam.ca.granicus.com/MinutesViewer.php?view_id=2&clip_id=2409&doc_id=07630bd5-cd7e-11ed-b830-06ed6041b72a,https://coquitlam.ca.granicus.com/MediaPlayer.php?view_id=2&clip_id=2409,https://councilrecord.ca/coquitlam.html#vote/17ekvhu,"That Council: 1. Rescind second and third readings of City of Coquitlam Zoning Amendment Bylaw No. 5238, 2022; and 2. Refer Bylaw No. 5238, 2022 to Public Hearing."
2023-03-06,Regular Council,5,Report of the Director Development Services - Development Project at 628 - 638 Claremont Street and 635 - 645 Gardena Drive - Intracorp (PROJ 21-194) Discussion ensued relative to the following: • Concern for the trees neighbouring the proposed development site • The desire for an update on the applicant's success with regard to cooperating with the neighbours of the proposed development site,Main motion,Carried,8,0,1,Brent Asmundson,,In favour,In favour,In favour,In favour,In favour,Absent,In favour,In favour,In favour,Housing & density; Environment & climate,2 of 3,,,https://coquitlam.ca.granicus.com/MinutesViewer.php?view_id=2&clip_id=2409&doc_id=07630bd5-cd7e-11ed-b830-06ed6041b72a,https://coquitlam.ca.granicus.com/MediaPlayer.php?view_id=2&clip_id=2409,https://councilrecord.ca/coquitlam.html#vote/161o6fg,"That Council give first, second, and third readings to City of Coquitlam Housing Agreement Bylaw No. 5221, 2023."
2023-03-06,Regular Council,5,Report of the Director Development Services - Development Project at 628 - 638 Claremont Street and 635 - 645 Gardena Drive - Intracorp (PROJ 21-194) Discussion ensued relative to the following: • Concern for the trees neighbouring the proposed development site • The desire for an update on the applicant's success with regard to cooperating with the neighbours of the proposed development site,Main motion,Carried,8,0,1,Dennis Marsden,,In favour,In favour,In favour,In favour,In favour,Absent,In favour,In favour,In favour,Taxes & spending; Environment & climate; Parks & recreation; Public services,3 of 3,,,https://coquitlam.ca.granicus.com/MinutesViewer.php?view_id=2&clip_id=2409&doc_id=07630bd5-cd7e-11ed-b830-06ed6041b72a,https://coquitlam.ca.granicus.com/MediaPlayer.php?view_id=2&clip_id=2409,https://councilrecord.ca/coquitlam.html#vote/a2c8ie,"That Council approve the Coquitlam Public Library's 2023 Budget as referenced in Attachment #1 of the report of the General Manager Finance, Lands and Police dated February 28, 2023 and entitled ""Coquitlam Public Library 2023 Budget Approval""."
2023-03-06,Regular Council,8,"Report of the General Manager Legislative Services - Appointments to 2023 Advisory Committees, Statutory Bodies and External Bodies Discussion ensued relative to the desire to modify the Community Safety Advisory Committee's Terms of Reference in 2024 to include representation from local neighbourhood associations.",Main motion,Carried,8,0,1,Steve Kim,,In favour,In favour,In favour,In favour,In favour,Absent,In favour,In favour,In favour,Public services; Governance & elections,1 of 2,,,https://coquitlam.ca.granicus.com/MinutesViewer.php?view_id=2&clip_id=2409&doc_id=07630bd5-cd7e-11ed-b830-06ed6041b72a,https://coquitlam.ca.granicus.com/MediaPlayer.php?view_id=2&clip_id=2409,https://councilrecord.ca/coquitlam.html#vote/b3bdpg,"That Council ratify: 1. The 2023 citizen appointments and Council member appointments to the City of Coquitlam advisory committees, statutory bodies and external bodies as set out in Attachment 1 of the report of the General Manager Legislative Services dated February 28, 2023 and entitled ""Appointments to 2023 Advisory Committees, Statutory Bodies and External Bodies""; and 2. The updated Community Safety Advisory Committee and Universal Access-Ability Advisory Committee Terms of Reference as set out in Attachment 2 to the report of the General Manager Legislative Services dated February 28, 2023 and entitled ""Appointments to 2023 Advisory Committees, Statutory Bodies and External Bodies""."
2023-03-06,Regular Council,8,"Report of the General Manager Legislative Services - Appointments to 2023 Advisory Committees, Statutory Bodies and External Bodies Discussion ensued relative to the desire to modify the Community Safety Advisory Committee's Terms of Reference in 2024 to include representation from local neighbourhood associations.",Main motion,Carried,8,0,1,Brent Asmundson,,In favour,In favour,In favour,In favour,In favour,Absent,In favour,In favour,In favour,Public services; Governance & elections,2 of 2,,,https://coquitlam.ca.granicus.com/MinutesViewer.php?view_id=2&clip_id=2409&doc_id=07630bd5-cd7e-11ed-b830-06ed6041b72a,https://coquitlam.ca.granicus.com/MediaPlayer.php?view_id=2&clip_id=2409,https://councilrecord.ca/coquitlam.html#vote/1qb6ql0,That the Regular Council Meeting adjourn - 7:22 p.m.
2023-03-27,Regular Council,2,"Zoning Amendment Bylaw No. 5299, 2023 - 817 and 823 Cornell Avenue",Main motion,Carried,9,0,0,Brent Asmundson,,In favour,In favour,In favour,In favour,In favour,In favour,In favour,In favour,In favour,Development,,,,https://coquitlam.ca.granicus.com/MinutesViewer.php?view_id=2&clip_id=2417&doc_id=9a7b4872-d294-11ed-80d7-02f04a3e0588,https://coquitlam.ca.granicus.com/MediaPlayer.php?view_id=2&clip_id=2417,https://councilrecord.ca/coquitlam.html#vote/1oti50r,"That Council give second and third readings to Zoning Amendment Bylaw No. 5299, 2023."
2023-03-27,Regular Council,3,"Zoning Amendment Bylaw No. 5292, 2023 - 200 Marmont Street, 1053, 1055, 1057, and 1059 James Avenue, and a Portion of James Avenue",Main motion,Carried,9,0,0,Craig Hodge,,In favour,In favour,In favour,In favour,In favour,In favour,In favour,In favour,In favour,Development,,,,https://coquitlam.ca.granicus.com/MinutesViewer.php?view_id=2&clip_id=2417&doc_id=9a7b4872-d294-11ed-80d7-02f04a3e0588,https://coquitlam.ca.granicus.com/MediaPlayer.php?view_id=2&clip_id=2417,https://councilrecord.ca/coquitlam.html#vote/mh0qyr,"That Council give second and third readings to Zoning Amendment Bylaw No. 5292, 2023."
2023-03-27,Regular Council,4,"Zoning Amendment Bylaw No. 5238, 2022 - 628, 630, 632, 634, 636, 638 Claremont Street, 635, 637, 639, 641, 643, 645 Gardens Drive, a Lane and a Portion of Gardena Drive Discussion ensued relative to concern with regard to the treatment of residents neighbouring the proposed development sites, and the importance of positive developer- resident relationships.",Main motion,Carried,9,0,0,Dennis Marsden,,In favour,In favour,In favour,In favour,In favour,In favour,In favour,In favour,In favour,Development; Transportation,,,,https://coquitlam.ca.granicus.com/MinutesViewer.php?view_id=2&clip_id=2417&doc_id=9a7b4872-d294-11ed-80d7-02f04a3e0588,https://coquitlam.ca.granicus.com/MediaPlayer.php?view_id=2&clip_id=2417,https://councilrecord.ca/coquitlam.html#vote/uhpvcf,"That Council give second and third read'mgs to Zoning Amendment Bylaw No. 5238, 2022."
2023-03-27,Regular Council,5,"Report of the Director Development Services - Development Application at 820 and 826 Dogwood Street, and 615/617 and 633 Lea Avenue - West Fraser Dogwood Developments Ltd. (PROJ 21-145)",Main motion,Carried,9,0,0,Dennis Marsden,,In favour,In favour,In favour,In favour,In favour,In favour,In favour,In favour,In favour,Housing & density; Development,1 of 2,,,https://coquitlam.ca.granicus.com/MinutesViewer.php?view_id=2&clip_id=2417&doc_id=9a7b4872-d294-11ed-80d7-02f04a3e0588,https://coquitlam.ca.granicus.com/MediaPlayer.php?view_id=2&clip_id=2417,https://councilrecord.ca/coquitlam.html#vote/1optmfd,"That Council: 1. Give first reading to City ofCoquitlam Citywide Official Community Plan Amendment Bylaw No. 5278, 2023; 2. In accordance with the Local Government Act, consider Bylaw No. 5278, 2023, in conjunction with City ofCoquitlam 2023 Five Year Financial Plan Bylaw No. 5300, 2023 and the Regional Solid Waste Management Plan; 3. Give first reading to City ofCoquitlam Zoning Amendment Bylaw No. 5277, 2023; 4. Refer Bylaw Nos. 5277. 2023 and 5278, 2023 to Public Hearing; 5. Authorize staff to prepare Development Permit No. 21117377 DP generally in accordance with the attached drawings (Attachment 9), should Council grant second and third readings to the Bylaws; 6. Acknowledge that the applicant has requested variances to the Zoning Bylaw as described in this report as follows: a. In Subsection 1206(6), in Part 12, in the RM-4 Multi-Storey High Density Apartment Residential zone, the maximum lot coverage is varied from 55% to 63. 3%; and b. In Subsection 1206(10), in Part 12, in the RM-4 Multi-Storey High Density Apartment Residential zone, the minimum height is varied from eight storeys to seven storeys for the mid-rise building only; and 7. Instruct staff to complete the following items prior to Council's consideration of fourth and final reading, should Council grant second and third readings to the Bylaws: a. Submission of a subdivision plan to the satisfaction of the Approving Officer; b. Ensure that all engineering requirements and issues including restrictive covenants, dedications and rights-of-way where necessary, are addressed to the satisfaction of the General Manager Engineering and Public Works; c. Resolution of the transportation demand management (TDM) plan and submission of associated security and/or restrictive covenants, to the satisfaction of the General Manager Engineering and Public Works; d. Resolution of all urban design issues to the satisfaction of the Director Development Services; and e. Finalize, execute and deliver to the City, the following agreements in Land Title Office registrable form: i. Housing Agreement to secure the delivery of 199 market rental units and five below-market rental units; and ii. Such other Land Title Office registrable agreements as may be required by the City."
2023-03-27,Regular Council,5,"Report of the Director Development Services - Development Application at 820 and 826 Dogwood Street, and 615/617 and 633 Lea Avenue - West Fraser Dogwood Developments Ltd. (PROJ 21-145)",Main motion,Carried,9,0,0,Dennis Marsden,,In favour,In favour,In favour,In favour,In favour,In favour,In favour,In favour,In favour,Other,2 of 2,,,https://coquitlam.ca.granicus.com/MinutesViewer.php?view_id=2&clip_id=2417&doc_id=9a7b4872-d294-11ed-80d7-02f04a3e0588,https://coquitlam.ca.granicus.com/MediaPlayer.php?view_id=2&clip_id=2417,https://councilrecord.ca/coquitlam.html#vote/gbac6t,That the Regular Council Meeting adjourn - 9:07 p. m.
2023-04-03,Regular Council,3,Report of the Director Development Services - Development Application at 622 Kemsley Avenue - Qualex-Landmark Como Lake Limited Partnership (PROJ 22-162),Main motion,Carried,7,0,2,Matt Djonlic,,In favour,In favour,In favour,In favour,Absent,In favour,Absent,In favour,In favour,Development,,,,https://coquitlam.ca.granicus.com/MinutesViewer.php?view_id=2&clip_id=2425&doc_id=8b1694d1-dd90-11ed-80d7-02f04a3e0588,https://coquitlam.ca.granicus.com/MediaPlayer.php?view_id=2&clip_id=2425,https://councilrecord.ca/coquitlam.html#vote/648f5n,That Council approve the signing and sealing of Temporary Use Permit No. 22 124802 TU and that the Mayor and City Clerk be authorized to execute this Permit on behalf of the CityofCoquitlam.
2023-04-03,Regular Council,4,Report of the Director Development Services - Third Reading Extension of Development Application at 3420 and 3428 Queenston Avenue - 1357312 B.C. Ltd. (PROJ 19-096),Main motion,Carried,7,0,2,Matt Djonlic,,In favour,In favour,In favour,In favour,Absent,In favour,Absent,In favour,In favour,Housing & density; Development,,,,https://coquitlam.ca.granicus.com/MinutesViewer.php?view_id=2&clip_id=2425&doc_id=8b1694d1-dd90-11ed-80d7-02f04a3e0588,https://coquitlam.ca.granicus.com/MediaPlayer.php?view_id=2&clip_id=2425,https://councilrecord.ca/coquitlam.html#vote/1a3luh0,"That Council extend Third Reading of City ofCoquitlam Official Community Plan Amendment Bylaw No. 5093, 2021 and City ofCoquitlam Zoning Bylaw No. 5094, 2021 for an additional 12-month period to April 12, 2024."
2023-04-03,Regular Council,5,Report of the Director Development Services - Development Application at 3333 Willerton Court - True Light Building & Development (PROJ 21-176),Main motion,Carried,7,0,2,Trish Mandewo,,In favour,In favour,In favour,In favour,Absent,In favour,Absent,In favour,In favour,Development; Transportation,,,,https://coquitlam.ca.granicus.com/MinutesViewer.php?view_id=2&clip_id=2425&doc_id=8b1694d1-dd90-11ed-80d7-02f04a3e0588,https://coquitlam.ca.granicus.com/MediaPlayer.php?view_id=2&clip_id=2425,https://councilrecord.ca/coquitlam.html#vote/17r6pca,"That Council: 1. Give first reading to City ofCoquitlam Zoning Amendment Bylaw No. 5293, 2023; 2. Refer Bylaw No. 5293, 2023 to Public Hearing; 3. Give first, second, and third readings to City ofCoquitlam Highway Dedication Cancellation Bylaw No. 5294, 2023; 4. Direct City ofCoquitlam Highway Dedication Cancellation Bylaw No. 5294, 2023 to be advertised in accordance with the requirements of the Commt/n/fyC^a/te/-; and Pages Minutes - Regular Council Meeting 5. Instruct staff to complete the following items prior to Council's consideration of fourth and final reading, should Council grant second and third readings to Zon/'/i^ Amendment Bylaw No. 5293, 2023: a. Submission of a subdivision plan to the satisfaction of the Approving Officer; b. Ensure that all engineering requirements and issues including restrictive covenants, dedications and rights-of-way where necessary, are addressed to the satisfaction of the General Manager Engineering and Public Works; c. Completion of road closure process for an unconstructed portion approximately 107.0 square metres (m2 ) (1151. 7 square feet (ft2)) in area, which is to be acquired by the applicant (True Light Building & Development Ltd.), and consolidated as part of Proposed Lot 1; d. Enter into a Purchase and Sale Agreement to the satisfaction of the City Solicitor; e. Finalize Watercourse Protection Development Permit (21119875 DP) to the satisfaction of Environmental Services; f. Transfer of title to the City, the Streamside Protection and Enhancement Area (SPEA); and g. Finalize, execute and deliver to the City, the following agreements in Land Title Office registrable form: i. A s. 219 covenant confirming that future development shall abide by the recommendations of the applicant's geotechnical report, inclusive of the recommended 6. 0 metre (m) (l9. 7 feet (ft. )) setback from top-of-slope; ii. A s. 219 covenant confirming that future development shall abide by the recommendations of the applicant's arborist report; and iii. Such other Land Title Office registrable agreements as may be required by the City."
2023-04-03,Regular Council,6,"Report of the Director Development Services - Development Application at 618, 622, 624 Tyndall Street, 617, 629, 631 Claremont Street and a portion of a lane - Strand Holdings Ltd. (PROJ 21-205) Discussion ensued relative to the following: . The potential to preserve the single family homes in good condition within the subject site",Main motion,Carried,7,0,2,Craig Hodge,,In favour,In favour,In favour,In favour,Absent,In favour,Absent,In favour,In favour,Development; Taxes & spending; Transportation,1 of 2,,,https://coquitlam.ca.granicus.com/MinutesViewer.php?view_id=2&clip_id=2425&doc_id=8b1694d1-dd90-11ed-80d7-02f04a3e0588,https://coquitlam.ca.granicus.com/MediaPlayer.php?view_id=2&clip_id=2425,https://councilrecord.ca/coquitlam.html#vote/1366n4t,"That Council: l. Give first reading to City ofCoquitlam Zoning Amendment Bylaw No. 5250, 2023; Doc <t: 4821435. V1 Minutes - Regular Council Meeting 2. Refer City ofCoquitlam Zoning Amendment Bylaw No. 5250, 2023 to Public Hearing; 3. Authorize staff to prepare Development Permit No. 22 121656 DP generally in accordance with the attached drawings (Attachment 5), should Council grant second and third readings to the Bylaw; 4. Give first, second, and third readings to City ofCoquitlam Highway Dedication Cancellation Bylaw No. 5296, 2023; 5. Direct City ofCoquitlam Highway Dedication Cancellation Bylaw No. 5296, 2023 to be advertised in accordance with the requirements of the Community Charter; and 6. Instruct staff to complete the following items prior to Council's consideration of fourth and final reading, should Council grant second and third readings to Zoning Amendment Bylaw N0.5250, 2023: a. Submission of a subdivision plan to the satisfaction of the Approving Officer; b. Ensure that all engineering requirements and issues including restrictive covenants, dedications and rights-of-way where necessary, are addressed to the satisfaction of the General Manager Engineering and Public Works; c. Completion of road closure process for a portion of a lane located adjacent to 618, 622, 625 Tyndall Street and 617, 629, 631 Claremont Street; d. Enter into a Purchase and Sale Agreement to the satisfaction of the City Solicitor; e. Satisfy the Transportation Demand Management (TDM) measures and Traffic Impact Assessment (TIA) comments to the satisfaction of the General Manager Engineering and Public Works; f. Resolution of all urban design issues to the satisfaction of the Director Development Services; g. Other conditions as applicable; and h. Finalize, execute and deliver to the City, the following agreements in Land Title Office registrable form: i. Section 219 Restrictive Covenant prohibiting occupancy of the market condominium towers unless the six-storey purpose -built rental building receives occupancy prior to the market condominium tower; ii. Section 219 Restrictive Covenant prohibiting occupancy until such time one or more access easements, Statutory Rights-of-Way and Section 219 Covenants with respect to shared vehicular/pedestrian access and shared on-site parking amongthe market condominium units; iii. One or more owner-maintained temporary Statutory Rights-of-Way in favour of the City to maintain lane access to the existing and planned development to the north; iv. Housing Agreement; v. Section 219 Restrictive Covenant to provide TDM measures; vi. Section 219 Restrictive Covenant to restrict sale and conversion of the guest suite located in the residential tower; and vii. Such other Land Title Office registrable agreements as may be required by the City."
2023-04-03,Regular Council,6,"Report of the Director Development Services - Development Application at 618, 622, 624 Tyndall Street, 617, 629, 631 Claremont Street and a portion of a lane - Strand Holdings Ltd. (PROJ 21-205) Discussion ensued relative to the following: . The potential to preserve the single family homes in good condition within the subject site",Main motion,Carried,7,0,2,Brent Asmundson,,In favour,In favour,In favour,In favour,Absent,In favour,Absent,In favour,In favour,Taxes & spending; Transportation,2 of 2,,,https://coquitlam.ca.granicus.com/MinutesViewer.php?view_id=2&clip_id=2425&doc_id=8b1694d1-dd90-11ed-80d7-02f04a3e0588,https://coquitlam.ca.granicus.com/MediaPlayer.php?view_id=2&clip_id=2425,https://councilrecord.ca/coquitlam.html#vote/1yrk42q,That the Regular Council Meeting adjourn - 7:37 p. m.
2023-04-17,Regular Council,2,"Report of the Manager Economic Development - Austin Heights Business Improvement Area Bylaw 5314, 2023",Main motion,Carried,9,0,0,Dennis Marsden,,In favour,In favour,In favour,In favour,In favour,In favour,In favour,In favour,In favour,Business & economy,,,,https://coquitlam.ca.granicus.com/MinutesViewer.php?view_id=2&clip_id=2430&doc_id=4b7053dc-e380-11ed-a920-06b52bf42634,https://coquitlam.ca.granicus.com/MediaPlayer.php?view_id=2&clip_id=2430,https://councilrecord.ca/coquitlam.html#vote/1vcdxnn,"That Council: 1. Receive the Certificate of Sufficiency for the Renewal of Austin Heights Business Improvement Area - Local Area Service issued by the City Clerk; and 2. Give first three readings to Austin Heights Business Improvement Area Bylaw No. 5314, 2023."
2023-04-17,Regular Council,3,Report of the General Manager Legislative Services - 2023 Council Meeting Schedule - Proposed Amendment,Main motion,Carried,9,0,0,Brent Asmundson,,In favour,In favour,In favour,In favour,In favour,In favour,In favour,In favour,In favour,Governance & elections,1 of 2,,,https://coquitlam.ca.granicus.com/MinutesViewer.php?view_id=2&clip_id=2430&doc_id=4b7053dc-e380-11ed-a920-06b52bf42634,https://coquitlam.ca.granicus.com/MediaPlayer.php?view_id=2&clip_id=2430,https://councilrecord.ca/coquitlam.html#vote/8s76z4,"That Council approve an amendment to the current 2023 Council Meeting Schedule as set out in Attachment 1 to the report of the General Manager Legislative Services dated April ll, 2023 and entitled ""2023 Council Meeting Schedule - Proposed Amendment""."
2023-04-17,Regular Council,3,Report of the General Manager Legislative Services - 2023 Council Meeting Schedule - Proposed Amendment,Main motion,Carried,9,0,0,Brent Asmundson,,In favour,In favour,In favour,In favour,In favour,In favour,In favour,In favour,In favour,Governance & elections,2 of 2,,,https://coquitlam.ca.granicus.com/MinutesViewer.php?view_id=2&clip_id=2430&doc_id=4b7053dc-e380-11ed-a920-06b52bf42634,https://coquitlam.ca.granicus.com/MediaPlayer.php?view_id=2&clip_id=2430,https://councilrecord.ca/coquitlam.html#vote/1qlc17t,That the Regular Council Meeting adjourn - 7:07 p. m.
2023-04-24,Regular Council,2,"Zoning Amendment Bylaw No. 5293, 2023 - 3333 Willerton Court and a Portion of an Unconstructed Road Allowance Discussion ensued relative to the following: . Appreciation for the engagement of the residents at the Public Hearingforthis",Main motion,Carried,8,0,1,Craig Hodge,,Absent,In favour,In favour,In favour,In favour,In favour,In favour,In favour,In favour,Development; Transportation,,,,https://coquitlam.ca.granicus.com/MinutesViewer.php?view_id=2&clip_id=2436&doc_id=8c7a7d61-e8f8-11ed-a920-06b52bf42634,https://coquitlam.ca.granicus.com/MediaPlayer.php?view_id=2&clip_id=2436,https://councilrecord.ca/coquitlam.html#vote/hsh1uq,"That Council give second and third read\ngs to Zoning Amendment Bylaw No. 5293, 2023. Councillor Marsden registered opposition."
2023-04-24,Regular Council,3,"Citywide Official Community Plan Amendment Bylaw No. 5278, 2023 and Zoning Amendment Bylaw No. 5277, 2023 - 820 and 826 Dogwood Street, and 615, 617 and 633 Lea Avenue Discussion ensued relative to the following: . The desire for City staff to explore the potentialfor an Official Community Plan text amendment to signal that within the Medium Density designations there",Main motion,Carried,8,0,1,Dennis Marsden,,Absent,In favour,In favour,In favour,In favour,In favour,In favour,In favour,In favour,Housing & density; Development,,,,https://coquitlam.ca.granicus.com/MinutesViewer.php?view_id=2&clip_id=2436&doc_id=8c7a7d61-e8f8-11ed-a920-06b52bf42634,https://coquitlam.ca.granicus.com/MediaPlayer.php?view_id=2&clip_id=2436,https://councilrecord.ca/coquitlam.html#vote/1gjx61w,"That Council give second and third readings to Citywide Official Community Plan Amendment Bylaw No. 5278, 2023 and Zoning Amendment Bylaw No. 5277, 2023."
2023-04-24,Regular Council,4,"Zoning Amendment Bylaw No. 5250, 2023 - 618, 622, and 624 Tyndall Street, 617, 629, and 631 Claremont Street, and a Portion of a Lane Discussion ensued relative to the following: . The need for trade parking to be managed during construction to minimize the",Main motion,Carried,8,0,1,Dennis Marsden,,Absent,In favour,In favour,In favour,In favour,In favour,In favour,In favour,In favour,Development; Transportation,,,,https://coquitlam.ca.granicus.com/MinutesViewer.php?view_id=2&clip_id=2436&doc_id=8c7a7d61-e8f8-11ed-a920-06b52bf42634,https://coquitlam.ca.granicus.com/MediaPlayer.php?view_id=2&clip_id=2436,https://councilrecord.ca/coquitlam.html#vote/78d0q9,"That Council give second and third Tead\r\gs to Zoning Amendment Bylaw No. 5250, 2023."
2023-04-24,Regular Council,5,"Report of the City Clerk - Fourth and Final Reading of Austin Heights Business Improvement Area Bylaw No. 5314, 2023",Main motion,Carried,8,0,1,Brent Asmundson,,Absent,In favour,In favour,In favour,In favour,In favour,In favour,In favour,In favour,Business & economy,,,,https://coquitlam.ca.granicus.com/MinutesViewer.php?view_id=2&clip_id=2436&doc_id=8c7a7d61-e8f8-11ed-a920-06b52bf42634,https://coquitlam.ca.granicus.com/MediaPlayer.php?view_id=2&clip_id=2436,https://councilrecord.ca/coquitlam.html#vote/675vpb,"That Council give fourth and final reading to Aush'n Heights Business Improvement Area Bylaw No. 5314, 2023."
2023-04-24,Regular Council,6,Report of the Director Development Services - Final Approval of Development Application at 753 Edgar Avenue - Architype Design Ltd. (PROJ 21-034),Main motion,Carried,8,0,1,Trish Mandewo,,Absent,In favour,In favour,In favour,In favour,In favour,In favour,In favour,In favour,Development,,,,https://coquitlam.ca.granicus.com/MinutesViewer.php?view_id=2&clip_id=2436&doc_id=8c7a7d61-e8f8-11ed-a920-06b52bf42634,https://coquitlam.ca.granicus.com/MediaPlayer.php?view_id=2&clip_id=2436,https://councilrecord.ca/coquitlam.html#vote/15toe79,"That Council give fourth and final reading to City ofCoquitlam Zoning Amendment Bylaw No. 5184, 2022. Councillor Asmundson registered opposition."
2023-04-24,Regular Council,7,"Report of the Director Development Services - Housing Agreement Bylaw No. 5303, 2023 at 634, 636, 638 Claremont Street, 641, 643, 645 Gardena Drive and a lane, and Bylaw No. 5309, 2023 at 628, 630 Claremont Street, 635, 637 Gardena Drive and a portion of Gardena Drive - Intracorp (PROJ 21-194)",Main motion,Carried,8,0,1,Teri Towner,,Absent,In favour,In favour,In favour,In favour,In favour,In favour,In favour,In favour,Housing & density; Transportation,,,,https://coquitlam.ca.granicus.com/MinutesViewer.php?view_id=2&clip_id=2436&doc_id=8c7a7d61-e8f8-11ed-a920-06b52bf42634,https://coquitlam.ca.granicus.com/MediaPlayer.php?view_id=2&clip_id=2436,https://councilrecord.ca/coquitlam.html#vote/1dw27ob,"That Council give first, second, and third readings to CityofCoquitlam Housing Agreement Bylaw No. 5303, 2023 and City ofCoquitlam Housing Agreement Bylaw No. 5309, 2023."
2023-04-24,Regular Council,8,"Report of the Director Development Services - Development Application at 589 and 593 Westley Avenue, 648 and 650 Gardena Drive, and 584, 588, 592 and 596 Kemsley Avenue - Oakdale Limited Partnership (Strand Development) (PROJ 21-167) Discussion ensued relative to the following: . The desire for childcare options within the project to be provided as part of the",Main motion,Carried,8,0,1,Trish Mandewo,,Absent,In favour,In favour,In favour,In favour,In favour,In favour,In favour,In favour,Development; Public services,,,,https://coquitlam.ca.granicus.com/MinutesViewer.php?view_id=2&clip_id=2436&doc_id=8c7a7d61-e8f8-11ed-a920-06b52bf42634,https://coquitlam.ca.granicus.com/MediaPlayer.php?view_id=2&clip_id=2436,https://councilrecord.ca/coquitlam.html#vote/rqrr05,"That Council: 1. Give first reading to City ofCoquitlam Zoning Amendment Bylaw No. 5287, 2023; 2. Refer Bylaw No. 5287, 2023 to Public Hearing; 3. Authorize staff to prepare Development Permit No. 21118811 DP generally in accordance with the attached drawings (Attachment 6), should Council grant second and third readings to Bylaw No. 5287, 2023; 4. Give first, second, and third readings to City ofCoquitlam Highway Dedication Cancellation Bylaw No. 5295, 2023; 5. Direct City ofCoquitlam Highway Dedication Cancellation Bylaw No. 5295, 2023 to be advertised in accordance with the requirements of the Community Charter; and Pages Minutes - Regular Council Meeting 6. Instruct staff to complete the following items prior to Council's consideration of fourth and final reading, should Council grant second and third readings to Zoning Amendment Bylaw No. 5287, 2023: a. Submission of a subdivision plan to the satisfaction of the Approving Officer; b. Ensure that all engineering requirements and issues including restrictive covenants, dedications and rights-of-way where necessary, are addressed to the satisfaction of the General Manager Engineering and Public Works; c. Completion of road closure process for a portion ofGardena Drive; d. Enter into a Purchase and Sale Agreement to the satisfaction of the City Solicitor; e. Satisfy the Transportation Demand Management measures and Traffic Impact Assessment (TIA) comments to the satisfaction of the General Manager Engineering and Public Works; f. Resolution of all urban design issues to the satisfaction of the Director Development Services; Other conditions as applicable; and g. h. Finalize, execute and deliver to the City, the following agreements in Land Title Office registrable form: i. Section 219 Restrictive Covenant prohibiting occupancy of the market condominium tower unless the six-storey purpose-built rental building receives occupancy prior to the market condominium towers; ii. Section 219 Restrictive Covenant prohibiting occupancy until such time one or more access easements, Statutory Rights-of-Way and Section 219 Covenants with respect to shared vehicular/pedestrian areas, shared on- site parking, and shared outdoor amenity space among the market condominium and rental units; iii. Housing Agreement; iv. A Restrictive Covenant requiring 69 adaptable units; v. Section 219 ""No Build"" and ""density transfer"" Restrictive Covenant on the Remainder 106 lot; vi. Section 219 Restrictive Covenant to restrict sale and conversion of the guest suite located in residential tower; vii. Section 219 restrictive covenant to ensure the subject site is developed in accordance with the building design and landscaping drawings attached to this report (Attachment 6); and viii. Such other Land Title Office registrable agreements as may be required by the City."
2023-04-24,Regular Council,9,"Report of the General Manager Finance, Lands and Police - 2023 Annual Tax Rates Bylaw No. 5317, 2023",Main motion,Carried,8,0,1,Brent Asmundson,,Absent,In favour,In favour,In favour,In favour,In favour,In favour,In favour,In favour,Taxes & spending; Public services,,,,https://coquitlam.ca.granicus.com/MinutesViewer.php?view_id=2&clip_id=2436&doc_id=8c7a7d61-e8f8-11ed-a920-06b52bf42634,https://coquitlam.ca.granicus.com/MediaPlayer.php?view_id=2&clip_id=2436,https://councilrecord.ca/coquitlam.html#vote/xglt0p,"That Council give first, second and third readings to 2023 Annual Tax Rates Bylaw No. 5317, 2023."
2023-04-24,Regular Council,10,Report of the General Manager Legislative Services - Tri-Cities Intermunicipal Business Licence Fee Increase 2023,Main motion,Carried,8,0,1,Dennis Marsden,,Absent,In favour,In favour,In favour,In favour,In favour,In favour,In favour,In favour,Business & economy,,,,https://coquitlam.ca.granicus.com/MinutesViewer.php?view_id=2&clip_id=2436&doc_id=8c7a7d61-e8f8-11ed-a920-06b52bf42634,https://coquitlam.ca.granicus.com/MediaPlayer.php?view_id=2&clip_id=2436,https://councilrecord.ca/coquitlam.html#vote/6rbnmq,"That Council give first, second and third readings to Intermunicipal Business Licence Amendment Bylaw No. 5312, 2023."
2023-04-24,Regular Council,11,"Report of the General Manager Legislative Services - Expansion of Transportation Network Services (Ride-Hailing) Intermunidpal Business Licence Program to include Hope, Kent and Mission",Main motion,Carried,8,0,1,Brent Asmundson,,Absent,In favour,In favour,In favour,In favour,In favour,In favour,In favour,In favour,Transportation; Parks & recreation; Business & economy,1 of 2,,,https://coquitlam.ca.granicus.com/MinutesViewer.php?view_id=2&clip_id=2436&doc_id=8c7a7d61-e8f8-11ed-a920-06b52bf42634,https://coquitlam.ca.granicus.com/MediaPlayer.php?view_id=2&clip_id=2436,https://councilrecord.ca/coquitlam.html#vote/4gbl2q,"That Council give first, second and third readings to Transportation Network Services (Ride- Hailing) Intermunicipal Business Licence Bylaw No. 5311, 2023."
2023-04-24,Regular Council,11,"Report of the General Manager Legislative Services - Expansion of Transportation Network Services (Ride-Hailing) Intermunidpal Business Licence Program to include Hope, Kent and Mission",Main motion,Carried,8,0,1,Brent Asmundson,,Absent,In favour,In favour,In favour,In favour,In favour,In favour,In favour,In favour,Transportation; Parks & recreation; Business & economy,2 of 2,,,https://coquitlam.ca.granicus.com/MinutesViewer.php?view_id=2&clip_id=2436&doc_id=8c7a7d61-e8f8-11ed-a920-06b52bf42634,https://coquitlam.ca.granicus.com/MediaPlayer.php?view_id=2&clip_id=2436,https://councilrecord.ca/coquitlam.html#vote/127ovt0,That the Regular Council Meeting adjourn -10:38 p. m.
2023-05-01,Regular Council,3,"Report of the City Clerk - Fourth and Final Reading of 2023 Annual Tax Rates Bylaw No. 5317, 2023 Discussion ensued relative to municipal tax rates.",Main motion,Carried,9,0,0,Brent Asmundson,,In favour,In favour,In favour,In favour,In favour,In favour,In favour,In favour,In favour,Taxes & spending,1 of 2,,,https://coquitlam.ca.granicus.com/MinutesViewer.php?view_id=2&clip_id=2444&doc_id=ef1c72b8-ee82-11ed-a920-06b52bf42634,https://coquitlam.ca.granicus.com/MediaPlayer.php?view_id=2&clip_id=2444,https://councilrecord.ca/coquitlam.html#vote/17l8j19,"That Council give fourth and final read'mgto 2023 Annual Tax Rates Bylaw No. 5317, 2023."
2023-05-01,Regular Council,3,"Report of the City Clerk - Fourth and Final Reading of 2023 Annual Tax Rates Bylaw No. 5317, 2023 Discussion ensued relative to municipal tax rates.",Main motion,Carried,9,0,0,Trish Mandewo,,In favour,In favour,In favour,In favour,In favour,In favour,In favour,In favour,In favour,Taxes & spending,2 of 2,,,https://coquitlam.ca.granicus.com/MinutesViewer.php?view_id=2&clip_id=2444&doc_id=ef1c72b8-ee82-11ed-a920-06b52bf42634,https://coquitlam.ca.granicus.com/MediaPlayer.php?view_id=2&clip_id=2444,https://councilrecord.ca/coquitlam.html#vote/1abew4r,That the Regular Council Meeting adjourn - 7:05 p. m.
2023-05-08,Regular Council,2,"Minutes of the Sustainability and Environmental Advisory Committee held on Tuesday, March 28, 2023",Procedural,Carried,9,0,0,Brent Asmundson,,In favour,In favour,In favour,In favour,In favour,In favour,In favour,In favour,In favour,Environment & climate; Public services; Governance & elections,1 of 2,,,https://coquitlam.ca.granicus.com/MinutesViewer.php?view_id=2&clip_id=2449&doc_id=77f99ef6-f3fe-11ed-a920-06b52bf42634,https://coquitlam.ca.granicus.com/MediaPlayer.php?view_id=2&clip_id=2449,https://councilrecord.ca/coquitlam.html#vote/cv4bk6,"That the Minutes of the Sustainability and Environmental Advisory Committee on Tuesday, March 28, 2023 be received."
2023-05-08,Regular Council,2,"Minutes of the Sustainability and Environmental Advisory Committee held on Tuesday, March 28, 2023",Main motion,Carried,9,0,0,Brent Asmundson,,In favour,In favour,In favour,In favour,In favour,In favour,In favour,In favour,In favour,Environment & climate; Public services; Governance & elections,2 of 2,,,https://coquitlam.ca.granicus.com/MinutesViewer.php?view_id=2&clip_id=2449&doc_id=77f99ef6-f3fe-11ed-a920-06b52bf42634,https://coquitlam.ca.granicus.com/MediaPlayer.php?view_id=2&clip_id=2449,https://councilrecord.ca/coquitlam.html#vote/c27cuw,That Council approve the 2023 Sustainability and Environmental Advisory Committee Work Plan.
2023-05-08,Regular Council,3,"Minutes of the Multiculturalism Advisory Committee held on Tuesday, April 19, 2023",Procedural,Carried,9,0,0,Brent Asmundson,,In favour,In favour,In favour,In favour,In favour,In favour,In favour,In favour,In favour,Governance & elections,1 of 2,,,https://coquitlam.ca.granicus.com/MinutesViewer.php?view_id=2&clip_id=2449&doc_id=77f99ef6-f3fe-11ed-a920-06b52bf42634,https://coquitlam.ca.granicus.com/MediaPlayer.php?view_id=2&clip_id=2449,https://councilrecord.ca/coquitlam.html#vote/5lx5x5,"That the Minutes of the Multiculturalism Advisory Committee on Tuesday, April 19, 2023 be received."
2023-05-08,Regular Council,3,"Minutes of the Multiculturalism Advisory Committee held on Tuesday, April 19, 2023",Main motion,Carried,9,0,0,Brent Asmundson,,In favour,In favour,In favour,In favour,In favour,In favour,In favour,In favour,In favour,Governance & elections,2 of 2,,,https://coquitlam.ca.granicus.com/MinutesViewer.php?view_id=2&clip_id=2449&doc_id=77f99ef6-f3fe-11ed-a920-06b52bf42634,https://coquitlam.ca.granicus.com/MediaPlayer.php?view_id=2&clip_id=2449,https://councilrecord.ca/coquitlam.html#vote/10m01gf,That Council approve the 2023 Multiculturalism Advisory Committee Work Plan.
2023-05-08,Regular Council,4,"Minutes of the Parcel Tax Roll Review Panel held on Thursday, April 27, 2023",Procedural,Carried,9,0,0,Matt Djonlic,,In favour,In favour,In favour,In favour,In favour,In favour,In favour,In favour,In favour,Taxes & spending,,,,https://coquitlam.ca.granicus.com/MinutesViewer.php?view_id=2&clip_id=2449&doc_id=77f99ef6-f3fe-11ed-a920-06b52bf42634,https://coquitlam.ca.granicus.com/MediaPlayer.php?view_id=2&clip_id=2449,https://councilrecord.ca/coquitlam.html#vote/13dsn5s,"That the Minutes of the Parcel Tax Roll Review Panel held on Thursday, April 27, 2023 be received."
2023-05-08,Regular Council,5,"Report of the Director Development Services – Development Application at 9 King Edward Street and 1150 “Street C” – Beedie Fraser Mills LP (PROJ 21-184 and 21-185) Discussion ensued relative to industrial driveway letdowns, and the narrowing of the truck entrance at King Edward Street.",Main motion,Carried,9,0,0,Dennis Marsden,,In favour,In favour,In favour,In favour,In favour,In favour,In favour,In favour,In favour,Development; Transportation; Business & economy,,,,https://coquitlam.ca.granicus.com/MinutesViewer.php?view_id=2&clip_id=2449&doc_id=77f99ef6-f3fe-11ed-a920-06b52bf42634,https://coquitlam.ca.granicus.com/MediaPlayer.php?view_id=2&clip_id=2449,https://councilrecord.ca/coquitlam.html#vote/1fo0xgy,That Council approve the signing and sealing of Development Permit Nos. 21 120363 DP and 21 120343 DP and authorize the Mayor and City Clerk to execute these Permits on behalf of the City of Coquitlam.
2023-05-08,Regular Council,6,Report of the General Manager Engineering and Public Works – Winter 2022/2023 Weather Response Summary,Main motion,Carried,9,0,0,Dennis Marsden,,In favour,In favour,In favour,In favour,In favour,In favour,In favour,In favour,In favour,Taxes & spending,,,,https://coquitlam.ca.granicus.com/MinutesViewer.php?view_id=2&clip_id=2449&doc_id=77f99ef6-f3fe-11ed-a920-06b52bf42634,https://coquitlam.ca.granicus.com/MediaPlayer.php?view_id=2&clip_id=2449,https://councilrecord.ca/coquitlam.html#vote/v7r6jg,That Council authorize staff to transfer $1M from the City Initiatives Reserve to the Extreme Weather Reserve.
2023-05-08,Regular Council,7,Report of the Manager Economic Development – Economic Development Strategy (EDS),Main motion,Carried,9,0,0,Dennis Marsden,,In favour,In favour,In favour,In favour,In favour,In favour,In favour,In favour,In favour,Business & economy,,,,https://coquitlam.ca.granicus.com/MinutesViewer.php?view_id=2&clip_id=2449&doc_id=77f99ef6-f3fe-11ed-a920-06b52bf42634,https://coquitlam.ca.granicus.com/MediaPlayer.php?view_id=2&clip_id=2449,https://councilrecord.ca/coquitlam.html#vote/r5joiw,"That Council approve the Economic Development Strategy (EDS) identified as Attachment 1 of the report of the Manager Economic Development dated May 1, 2023 and entitled “Economic Development Strategy (EDS)”."
2023-05-08,Regular Council,8,Report of the General Manager Legislative Services – 2023 UBCM Community Excellence Awards,Main motion,Carried,9,0,0,Craig Hodge,,In favour,In favour,In favour,In favour,In favour,In favour,In favour,In favour,In favour,Taxes & spending; Governance & elections,1 of 2,,,https://coquitlam.ca.granicus.com/MinutesViewer.php?view_id=2&clip_id=2449&doc_id=77f99ef6-f3fe-11ed-a920-06b52bf42634,https://coquitlam.ca.granicus.com/MediaPlayer.php?view_id=2&clip_id=2449,https://councilrecord.ca/coquitlam.html#vote/1xmp307,"That Council endorse the City of Coquitlam’s applications to the 2023 UBCM Community Excellence Awards, as outlined in the report of the General Manager Legislative Services dated May 1, 2023 and entitled “2023 UBCM Community Excellence Awards”."
2023-05-08,Regular Council,8,Report of the General Manager Legislative Services – 2023 UBCM Community Excellence Awards,Main motion,Carried,9,0,0,Trish Mandewo,,In favour,In favour,In favour,In favour,In favour,In favour,In favour,In favour,In favour,Taxes & spending; Governance & elections,2 of 2,,,https://coquitlam.ca.granicus.com/MinutesViewer.php?view_id=2&clip_id=2449&doc_id=77f99ef6-f3fe-11ed-a920-06b52bf42634,https://coquitlam.ca.granicus.com/MediaPlayer.php?view_id=2&clip_id=2449,https://councilrecord.ca/coquitlam.html#vote/1cih6oi,That the Regular Council Meeting adjourn – 8:21 p.m.
2023-05-15,Regular Council,2,"Minutes of the Universal Access-Ability Advisory Committee held on Tuesday, April 4, 2023",Procedural,Carried,8,0,1,Teri Towner,,In favour,In favour,In favour,Absent,In favour,In favour,In favour,In favour,In favour,Governance & elections,1 of 2,,,https://coquitlam.ca.granicus.com/MinutesViewer.php?view_id=2&clip_id=2462&doc_id=e3940600-0480-11ee-a920-06b52bf42634,https://coquitlam.ca.granicus.com/MediaPlayer.php?view_id=2&clip_id=2462,https://councilrecord.ca/coquitlam.html#vote/jjlqio,"That the Minutes of the Universal Access-Ability Advisory Committee held on Tuesday, April 4, 2023 be received."
2023-05-15,Regular Council,2,"Minutes of the Universal Access-Ability Advisory Committee held on Tuesday, April 4, 2023",Main motion,Carried,8,0,1,Teri Towner,,In favour,In favour,In favour,Absent,In favour,In favour,In favour,In favour,In favour,Governance & elections,2 of 2,,,https://coquitlam.ca.granicus.com/MinutesViewer.php?view_id=2&clip_id=2462&doc_id=e3940600-0480-11ee-a920-06b52bf42634,https://coquitlam.ca.granicus.com/MediaPlayer.php?view_id=2&clip_id=2462,https://councilrecord.ca/coquitlam.html#vote/14254cw,That Council approve the 2023 Universal Access-Ability Advisory Committee Work Plan.
2023-05-15,Regular Council,3,"Minutes of the Culture Services Advisory Committee held on Thursday, April 13, 2023",Procedural,Carried,8,0,1,Steve Kim,,In favour,In favour,In favour,Absent,In favour,In favour,In favour,In favour,In favour,Parks & recreation; Governance & elections,1 of 2,,,https://coquitlam.ca.granicus.com/MinutesViewer.php?view_id=2&clip_id=2462&doc_id=e3940600-0480-11ee-a920-06b52bf42634,https://coquitlam.ca.granicus.com/MediaPlayer.php?view_id=2&clip_id=2462,https://councilrecord.ca/coquitlam.html#vote/ia3es3,"That the Minutes of the Culture Services Advisory Committee held on Thursday, April 13, 2023 be received."
2023-05-15,Regular Council,3,"Minutes of the Culture Services Advisory Committee held on Thursday, April 13, 2023",Main motion,Carried,8,0,1,Steve Kim,,In favour,In favour,In favour,Absent,In favour,In favour,In favour,In favour,In favour,Parks & recreation; Governance & elections,2 of 2,,,https://coquitlam.ca.granicus.com/MinutesViewer.php?view_id=2&clip_id=2462&doc_id=e3940600-0480-11ee-a920-06b52bf42634,https://coquitlam.ca.granicus.com/MediaPlayer.php?view_id=2&clip_id=2462,https://councilrecord.ca/coquitlam.html#vote/uawoq5,That Council approve the 2023 Culture Services Advisory Committee Work Plan.
2023-05-15,Regular Council,4,"Zoning Amendment Bylaw No. 5287, 2023 – 589 and 593 Westley Avenue, 648 and 650 Gardena Drive, and 584, 588, 592 and 596 Kemsley Avenue Discussion ensued relative to the following:  The challenges around large scale re-development in neighbourhoods  Disappointment that there was no childcare spaces included in the application  Concern that the application does not contain 10% three-bedroom unit types",Main motion,Carried,8,0,1,Dennis Marsden,,In favour,In favour,In favour,Absent,In favour,In favour,In favour,In favour,In favour,Development; Public services; Governance & elections,,,,https://coquitlam.ca.granicus.com/MinutesViewer.php?view_id=2&clip_id=2462&doc_id=e3940600-0480-11ee-a920-06b52bf42634,https://coquitlam.ca.granicus.com/MediaPlayer.php?view_id=2&clip_id=2462,https://councilrecord.ca/coquitlam.html#vote/1yfxafq,"That Council give second and third readings to Zoning Amendment Bylaw No. 5287, 2023."
2023-05-15,Regular Council,5,Report of the General Manager Legislative Services – Tri-Cities Intermunicipal Business Licence Fee Increase 2023,Main motion,Carried,8,0,1,Brent Asmundson,,In favour,In favour,In favour,Absent,In favour,In favour,In favour,In favour,In favour,Business & economy,,,,https://coquitlam.ca.granicus.com/MinutesViewer.php?view_id=2&clip_id=2462&doc_id=e3940600-0480-11ee-a920-06b52bf42634,https://coquitlam.ca.granicus.com/MediaPlayer.php?view_id=2&clip_id=2462,https://councilrecord.ca/coquitlam.html#vote/1q4uf2g,"That Council give fourth and final reading to Intermunicipal Business Licence Amendment Bylaw No. 5312, 2023."
2023-05-15,Regular Council,6,"Report of the General Manager Legislative Services – Expansion of Transportation Network Services (Ride-Hailing) Intermunicipal Business Licence Program to include Hope, Kent and Mission",Main motion,Carried,8,0,1,Trish Mandewo,,In favour,In favour,In favour,Absent,In favour,In favour,In favour,In favour,In favour,Transportation; Parks & recreation; Business & economy,,,,https://coquitlam.ca.granicus.com/MinutesViewer.php?view_id=2&clip_id=2462&doc_id=e3940600-0480-11ee-a920-06b52bf42634,https://coquitlam.ca.granicus.com/MediaPlayer.php?view_id=2&clip_id=2462,https://councilrecord.ca/coquitlam.html#vote/15u1yiy,"That Council give fourth and final reading to Transportation Network Services (Ride- Hailing) Intermunicipal Business Licence Bylaw No. 5311, 2023."
2023-05-15,Regular Council,7,Report of the Director Development Services – Development Application at 3630 Harper Road – Polygon Beaumont Homes Ltd. (PROJ 21-175) Discussion ensued relative to the following:  Concern that the applicant expects future residents of the project to utilize the Northeast Community Centre for indoor amenity space  The City’s current requirements of amenity space in developments,Main motion,Carried,8,0,1,Matt Djonlic,,In favour,In favour,In favour,Absent,In favour,In favour,In favour,In favour,In favour,Development; Parks & recreation,,,,https://coquitlam.ca.granicus.com/MinutesViewer.php?view_id=2&clip_id=2462&doc_id=e3940600-0480-11ee-a920-06b52bf42634,https://coquitlam.ca.granicus.com/MediaPlayer.php?view_id=2&clip_id=2462,https://councilrecord.ca/coquitlam.html#vote/r88wjz,That Council approve the signing and sealing of Development Permit No. 21 119819 DP and that the Mayor and City Clerk be authorized to execute this Permit on behalf of the City of Coquitlam.
2023-05-15,Regular Council,8,Report of the Director Development Services – Conservation Permit Application 23 105528 CP – 3390 and 3400 David Avenue Discussion ensued relative to the following:  The desire to update the City’s Conservation Bylaw to delegate applications to City staff for approval and authorization of issuance  The desire for the owner of the site to ensure that the trails on the site remain,Main motion,Carried,8,0,1,Brent Asmundson,,In favour,In favour,In favour,Absent,In favour,In favour,In favour,In favour,In favour,Parks & recreation,,,,https://coquitlam.ca.granicus.com/MinutesViewer.php?view_id=2&clip_id=2462&doc_id=e3940600-0480-11ee-a920-06b52bf42634,https://coquitlam.ca.granicus.com/MediaPlayer.php?view_id=2&clip_id=2462,https://councilrecord.ca/coquitlam.html#vote/zm2yif,"That Council authorize the issuance of Conservation Permit – 23 105528 CP, with the conditions (Attachment 1), to School District 43 (SD43) to facilitate preliminary site grading and earthworks related to the construction of a new Secondary School and Park facility at 3390 David Avenue and 3400 David Avenue."
2023-05-15,Regular Council,9,Report of the Director Development Services – Development Application at 3507 Hall Avenue – Gardenia Homes (Partington) Ltd. (PROJ 19-095) Discussion ensued relative to clarification as to the work that occurred between Council providing final reading of the application and the issuances of the Development Permit for this project.,Main motion,Carried,8,0,1,Trish Mandewo,,In favour,In favour,In favour,Absent,In favour,In favour,In favour,In favour,In favour,Development,,,,https://coquitlam.ca.granicus.com/MinutesViewer.php?view_id=2&clip_id=2462&doc_id=e3940600-0480-11ee-a920-06b52bf42634,https://coquitlam.ca.granicus.com/MediaPlayer.php?view_id=2&clip_id=2462,https://councilrecord.ca/coquitlam.html#vote/1i6229o,"That Council: 1. Acknowledge that the applicant has requested variances to Zoning Bylaw No. 3000, 1996 as described in the report as follows: a. In Subsection 516(5), in Part 5, the maximum height of a retaining wall is increased to 3.6 metres, only to the extent and at the locations shown in the “High Wall Key Plan” that forms part of Development Permit No. 19 122469 DP; and b. In Subsection 1201(10), in Part 12, in the RT-2 Townhouse Residential zone, the maximum height is increased to four storeys for Buildings 1 and 2; and 2. Approve the signing and sealing of Development Permit No. 19 122469 DP and authorize the Mayor and City Clerk to execute this Permit on behalf of the City of Coquitlam."
2023-05-15,Regular Council,10,Report of the Director Development Services – Development Application at 1230 Mitchell Street – Morningsun Homes Ltd. (PROJ 21-131),Main motion,Carried,8,0,1,Brent Asmundson,,In favour,In favour,In favour,Absent,In favour,In favour,In favour,In favour,In favour,Development,,,,https://coquitlam.ca.granicus.com/MinutesViewer.php?view_id=2&clip_id=2462&doc_id=e3940600-0480-11ee-a920-06b52bf42634,https://coquitlam.ca.granicus.com/MediaPlayer.php?view_id=2&clip_id=2462,https://councilrecord.ca/coquitlam.html#vote/1ho4lfm,"That Council: 1. Give first reading to Zoning Amendment Bylaw No. 5306, 2023; 2. Refer Zoning Amendment Bylaw No. 5306, 2023 to Public Hearing; and 3. Instruct staff to complete the following items prior to Council’s consideration of fourth and final reading, should Council grant second and third readings to the Bylaw: a. Submission of a subdivision plan to the satisfaction of the Approving Officer; b. Ensure that all engineering requirements and issues including restrictive covenants, dedications and rights-of-way where necessary, are addressed to the satisfaction of the General Manager Engineering and Public Works; c. Resolution of all urban design issues to the satisfaction of the Director Development Services; and d. Finalize, execute and deliver to the City, the following agreements in Land Title Office registrable form: i. Section 219 Restrictive Covenant to prohibit occupancy until the full width of Forst Avenue along the site is constructed and until such time as one or more access easements and Statutory Rights-of-Way are registered; and ii. Such other Land Title Office registrable agreements as may be required by the City."
2023-05-15,Regular Council,11,"Report of the Director Development Services – Development Application at 3409, 3411, 3415, 3421 & 3435 Galloway Avenue – Morningstar Homes (PROJ 22-067)",Main motion,Carried,8,0,1,Brent Asmundson,,In favour,In favour,In favour,Absent,In favour,In favour,In favour,In favour,In favour,Housing & density; Development,,,,https://coquitlam.ca.granicus.com/MinutesViewer.php?view_id=2&clip_id=2462&doc_id=e3940600-0480-11ee-a920-06b52bf42634,https://coquitlam.ca.granicus.com/MediaPlayer.php?view_id=2&clip_id=2462,https://councilrecord.ca/coquitlam.html#vote/1mcwm9,"That Council: 1. Give first reading to Citywide Official Community Plan Amendment Bylaw No. 5307, 2023; 2. In accordance with the Local Government Act, consider Bylaw No. 5307, 2023, in conjunction with 2023 Five Year Financial Plan Bylaw No. 5300, 2023 and the Regional Solid Waste Management Plan; 3. Give first reading to Zoning Amendment Bylaw No. 5308, 2023; 4. Refer Bylaws No. 5307, 2023 and 5308, 2023 to Public Hearing; 5. Authorize and give permission to initiate early site preparation and rock blasting to prepare for the construction of Soball Street, should the project receive third reading, to allow early construction activity during the summer months to minimize impacts to the adjacent Smiling Creek Elementary School; 6. Instruct staff to complete the following items prior to Council’s consideration of fourth and final reading, should Council grant second and third readings to Zoning Amendment Bylaw No. 5308, 2023: a. Submission of a subdivision plan to the satisfaction of the Approving Officer; b. Ensure that all engineering requirements and issues including restrictive covenants, dedications and rights-of-way where necessary, are addressed to the satisfaction of the General Manager Engineering and Public Works; c. Finalize Watercourse Protection Development Permit (22 111578 DP) to the satisfaction of Environmental Services; d. Determine the final alignment and design of the Multi-Use Pathway (MUP) and trail connections to the satisfaction of the General Manager Parks, Recreation and Culture; e. Transfer of title to the City, the Streamside Protection and Enhancement Area (SPEA) and trail connection for park purposes; f. Other conditions as applicable; and g. Finalize, execute and deliver to the City, the following agreements in Land Title Office registrable form: i. A Section 219 Restrictive Covenant confirming that future development shall abide by the recommendations of the applicant’s geotechnical assessment report with regards to the natural rock wall along the east site of Soball Street; ii. A Section 219 Restrictive Covenant to protect the Streamside Protection and Enhancement Area (SPEA), to the satisfaction of Environmental Services; and iii. Such other Land Title Office registrable agreements as may be required by the City."
2023-05-15,Regular Council,12,"Report of the Director Development Services – Development Application at 595 – 609 Westley Avenue, 639 Elmwood Street, and 600 – 616 Kemsley Avenue – Rize Alliance (Oakdale) Limited Partnership (PROJ 22-095) Discussion ensued relative to the desire for childcare spaces to be included in the project.",Main motion,Carried,8,0,1,Dennis Marsden,,In favour,In favour,In favour,Absent,In favour,In favour,In favour,In favour,In favour,Development; Public services,,,,https://coquitlam.ca.granicus.com/MinutesViewer.php?view_id=2&clip_id=2462&doc_id=e3940600-0480-11ee-a920-06b52bf42634,https://coquitlam.ca.granicus.com/MediaPlayer.php?view_id=2&clip_id=2462,https://councilrecord.ca/coquitlam.html#vote/7m9osu,"That Council: 1. Give first reading to Zoning Amendment Bylaw No. 5313, 2023; 2. Refer Bylaw No. 5313, 2023 to Public Hearing; 3. Authorize staff to prepare Development Permit No. 22 113667 DP generally in accordance with the attached drawings (Attachment 6), should Council grant second and third readings to Bylaw No. 5313, 2023; and 4. Instruct staff to complete the following items prior to Council’s consideration of fourth and final reading, should Council grant second and third readings to Zoning Amendment Bylaw No. 5313, 2023: a. Submission of a subdivision plan to the satisfaction of the Approving Officer; b. Ensure that all engineering requirements and issues including restrictive covenants, dedications and rights-of-way where necessary, are addressed to the satisfaction of the General Manager Engineering and Public Works; c. Satisfy the Transportation Demand Management measures and Traffic Impact Assessment (TIA) comments to the satisfaction of the General Manager Engineering and Public Works; d. Resolution of all urban design issues to the satisfaction of the Director Development Services; e. Other conditions as applicable; and f. Finalize, execute and deliver to the City, the following agreements in Land Title Office registrable form: i. Section 219 Restrictive Covenant prohibiting occupancy of the market condominium tower unless the six-storey purpose-built rental building receives occupancy prior to the market condominium towers; ii. Section 219 Restrictive Covenant prohibiting occupancy until such time one or more access easements, Statutory Rights-of-Way and Section 219 Covenants with respect to shared vehicular/pedestrian areas, shared on- site parking, and shared outdoor amenity space among the market condominium and rental units; iii. Housing Agreement; iv. Section 219 Restrictive Covenant to ensure the subject site is developed in accordance with the building design and landscaping drawings attached to this report (Attachment 6); and v. Such other Land Title Office registrable agreements as may be required by the City."
2023-05-15,Regular Council,13,"Report of the General Manager Parks, Recreation, Culture and Facilities – Maillardville Community Centre Plaza – Final Design and Budget Approval",Main motion,Carried,8,0,1,Steve Kim,,In favour,In favour,In favour,Absent,In favour,In favour,In favour,In favour,In favour,Housing & density; Taxes & spending; Parks & recreation,,,,https://coquitlam.ca.granicus.com/MinutesViewer.php?view_id=2&clip_id=2462&doc_id=e3940600-0480-11ee-a920-06b52bf42634,https://coquitlam.ca.granicus.com/MediaPlayer.php?view_id=2&clip_id=2462,https://councilrecord.ca/coquitlam.html#vote/vdnpe,"That Council: 1. Approve the final design for the Maillardville Community Centre Plaza (the “Plaza”); 2. Approve an additional $600,000 for the Plaza project from the Density Bonus Reserve; and 3. Authorize staff to proceed with procurement and construction of the Maillardville Community Centre Plaza."
2023-05-15,Regular Council,14,"Report of the General Manager Parks, Recreation, Culture and Facilities – Canada Day 2023 Update",Main motion,Carried,8,0,1,Trish Mandewo,,In favour,In favour,In favour,Absent,In favour,In favour,In favour,In favour,In favour,Taxes & spending; Parks & recreation,,,,https://coquitlam.ca.granicus.com/MinutesViewer.php?view_id=2&clip_id=2462&doc_id=e3940600-0480-11ee-a920-06b52bf42634,https://coquitlam.ca.granicus.com/MediaPlayer.php?view_id=2&clip_id=2462,https://councilrecord.ca/coquitlam.html#vote/1wg5mkm,"That Council approve $125,000 in one-time funding from the Sponsorship Reserve to support the delivery of the 2023 Canada Day in Coquitlam event."
2023-05-15,Regular Council,15,Report of the General Manager Legislative Services – Revision to the 2022 – 2023 Acting,Main motion,Carried,8,0,1,Steve Kim,,In favour,In favour,In favour,Absent,In favour,In favour,In favour,In favour,In favour,Governance & elections,1 of 2,,,https://coquitlam.ca.granicus.com/MinutesViewer.php?view_id=2&clip_id=2462&doc_id=e3940600-0480-11ee-a920-06b52bf42634,https://coquitlam.ca.granicus.com/MediaPlayer.php?view_id=2&clip_id=2462,https://councilrecord.ca/coquitlam.html#vote/fbuqr5,"That Council approve the revised 2022 – 2023 Acting Mayor Schedule as set out in Attachment 1 of the report of the General Manager Legislative Services dated May 8, 2023 and entitled “Revision to the 2022 – 2023 Acting Mayor Schedule”."
2023-05-15,Regular Council,15,Report of the General Manager Legislative Services – Revision to the 2022 – 2023 Acting,Main motion,Carried,8,0,1,Brent Asmundson,,In favour,In favour,In favour,Absent,In favour,In favour,In favour,In favour,In favour,Other,2 of 2,,,https://coquitlam.ca.granicus.com/MinutesViewer.php?view_id=2&clip_id=2462&doc_id=e3940600-0480-11ee-a920-06b52bf42634,https://coquitlam.ca.granicus.com/MediaPlayer.php?view_id=2&clip_id=2462,https://councilrecord.ca/coquitlam.html#vote/1tddz30,That the Regular Council Meeting adjourn – 10:22 p.m.
2023-06-05,Regular Council,3,"Minutes of the Economic Development Advisory Committee held on Wednesday, March 29, 2023",Procedural,Carried,9,0,0,Trish Mandewo,,In favour,In favour,In favour,In favour,In favour,In favour,In favour,In favour,In favour,Business & economy; Governance & elections,1 of 2,,,https://coquitlam.ca.granicus.com/MinutesViewer.php?view_id=2&clip_id=2467&doc_id=b2be898d-0a05-11ee-a920-06b52bf42634,https://coquitlam.ca.granicus.com/MediaPlayer.php?view_id=2&clip_id=2467,https://councilrecord.ca/coquitlam.html#vote/13hyz1v,"That the Minutes of the Economic Development Advisory Committee held on Wednesday, March 29, 2023 be received."
2023-06-05,Regular Council,3,"Minutes of the Economic Development Advisory Committee held on Wednesday, March 29, 2023",Main motion,Carried,9,0,0,Trish Mandewo,,In favour,In favour,In favour,In favour,In favour,In favour,In favour,In favour,In favour,Business & economy; Governance & elections,2 of 2,,,https://coquitlam.ca.granicus.com/MinutesViewer.php?view_id=2&clip_id=2467&doc_id=b2be898d-0a05-11ee-a920-06b52bf42634,https://coquitlam.ca.granicus.com/MediaPlayer.php?view_id=2&clip_id=2467,https://councilrecord.ca/coquitlam.html#vote/yxrhu7,That Council approve the 2023 Economic Development Advisory Committee Work Plan.
2023-06-05,Regular Council,4,"Minutes of the Sports and Recreation Advisory Committee held on Wednesday, April 12, 2023",Procedural,Carried,9,0,0,Dennis Marsden,,In favour,In favour,In favour,In favour,In favour,In favour,In favour,In favour,In favour,Parks & recreation; Governance & elections,1 of 2,,,https://coquitlam.ca.granicus.com/MinutesViewer.php?view_id=2&clip_id=2467&doc_id=b2be898d-0a05-11ee-a920-06b52bf42634,https://coquitlam.ca.granicus.com/MediaPlayer.php?view_id=2&clip_id=2467,https://councilrecord.ca/coquitlam.html#vote/1ibvhza,"That the Minutes of the Sports and Recreation Advisory Committee held on Wednesday, April 12, 2023 be received."
2023-06-05,Regular Council,4,"Minutes of the Sports and Recreation Advisory Committee held on Wednesday, April 12, 2023",Main motion,Carried,9,0,0,Dennis Marsden,,In favour,In favour,In favour,In favour,In favour,In favour,In favour,In favour,In favour,Parks & recreation; Governance & elections,2 of 2,,,https://coquitlam.ca.granicus.com/MinutesViewer.php?view_id=2&clip_id=2467&doc_id=b2be898d-0a05-11ee-a920-06b52bf42634,https://coquitlam.ca.granicus.com/MediaPlayer.php?view_id=2&clip_id=2467,https://councilrecord.ca/coquitlam.html#vote/htf7eo,That Council approve the 2023 Sports and Recreation Advisory Committee Work Plan.
2023-06-05,Regular Council,5,"Zoning Amendment Bylaw No. 5306, 2023 – 1230 Mitchell Street",Main motion,Carried,8,0,1,Trish Mandewo,,In favour,In favour,In favour,In favour,In favour,In favour,In favour,Absent,In favour,Development,,,,https://coquitlam.ca.granicus.com/MinutesViewer.php?view_id=2&clip_id=2467&doc_id=b2be898d-0a05-11ee-a920-06b52bf42634,https://coquitlam.ca.granicus.com/MediaPlayer.php?view_id=2&clip_id=2467,https://councilrecord.ca/coquitlam.html#vote/5oym9k,"That Council give second and third readings to Zoning Amendment Bylaw No. 5306, 2023."
2023-06-05,Regular Council,6,"Citywide Official Community Plan Amendment Bylaw No. 5307, 2023 and Zoning Amendment Bylaw No. 5308, 2023 – 3409, 3411, 3415, 3421 and 3435 Galloway Avenue Discussion ensued relative to the following:  Understanding for residents who may not have been aware of the potential for development of the subject properties from school/park  The need for more family-oriented housing on Burke Mountain to support the",Main motion,Carried,9,0,0,Dennis Marsden,,In favour,In favour,In favour,In favour,In favour,In favour,In favour,In favour,In favour,Housing & density; Development; Parks & recreation,,,,https://coquitlam.ca.granicus.com/MinutesViewer.php?view_id=2&clip_id=2467&doc_id=b2be898d-0a05-11ee-a920-06b52bf42634,https://coquitlam.ca.granicus.com/MediaPlayer.php?view_id=2&clip_id=2467,https://councilrecord.ca/coquitlam.html#vote/jl4uc0,"That Council give second and third readings to Citywide Official Community Plan Amendment Bylaw No. 5307, 2023 and Zoning Amendment Bylaw No. 5308, 2023. Councillor Mandewo registered opposition."
2023-06-05,Regular Council,7,"Zoning Amendment Bylaw No. 5313, 2023 – 595, 597, 601, 605 and 609 Westley Avenue, 639 Elmwood Street, and 600, 604, 606, 612 and 616 Kemsley Avenue Discussion ensued relative to the following:  The need for Council to review the payment-in-lieu of parking rate at a future meeting  Whether lock-off suites should be included as part of the project",Main motion,Carried,9,0,0,Dennis Marsden,,In favour,In favour,In favour,In favour,In favour,In favour,In favour,In favour,In favour,Development; Transportation,,,,https://coquitlam.ca.granicus.com/MinutesViewer.php?view_id=2&clip_id=2467&doc_id=b2be898d-0a05-11ee-a920-06b52bf42634,https://coquitlam.ca.granicus.com/MediaPlayer.php?view_id=2&clip_id=2467,https://councilrecord.ca/coquitlam.html#vote/14hofkq,"That Council give second and third readings to Zoning Amendment Bylaw No. 5313, 2023."
2023-06-05,Regular Council,8,Report of the Director Development Services – Final Approval of Development Application at 628-638 Claremont Street and 635-645 Gardena Drive – Intracorp (PROJ 21-194) Discussion ensued relative to the following:  That staff follow up on the potential tree removal at 640 Claremont Street due to the underground parking requirements of the project  That affected residents be treated respectfully and in a forthright manner by,Main motion,Carried,9,0,0,Brent Asmundson,,In favour,In favour,In favour,In favour,In favour,In favour,In favour,In favour,In favour,Development; Transportation; Environment & climate,,,,https://coquitlam.ca.granicus.com/MinutesViewer.php?view_id=2&clip_id=2467&doc_id=b2be898d-0a05-11ee-a920-06b52bf42634,https://coquitlam.ca.granicus.com/MediaPlayer.php?view_id=2&clip_id=2467,https://councilrecord.ca/coquitlam.html#vote/ll1lgp,"That Council: 1. Give fourth and final reading to Zoning Amendment Bylaw No. 5238, 2022; 2. Give fourth and final reading to Highway Dedication Cancellation Bylaw No. 5255, 2022; 3. Give fourth and final reading to Housing Agreement Bylaw Nos. 5303, 2023 and Bylaw No. 5309, 2023; and 4. Approve the signing and sealing of Development Permits No. 21 120998 DP and No. 23 103544 DP and authorize the Mayor and City Clerk to execute the two Permits on behalf of the City of Coquitlam."
2023-06-05,Regular Council,9,"Report of the Director Development Services – Final Approval of Development Application at 803, 805 and 807 North Road and 603, 607, 613 and 617 Tyndall Street – Qualex- Landmark Gateway Limited Partnership (PROJ 21-177)",Main motion,Carried,8,0,1,Dennis Marsden,,In favour,In favour,In favour,In favour,In favour,In favour,In favour,Absent,In favour,Housing & density; Development,,,,https://coquitlam.ca.granicus.com/MinutesViewer.php?view_id=2&clip_id=2467&doc_id=b2be898d-0a05-11ee-a920-06b52bf42634,https://coquitlam.ca.granicus.com/MediaPlayer.php?view_id=2&clip_id=2467,https://councilrecord.ca/coquitlam.html#vote/13mxuc3,"That Council: 1. Give fourth and final reading to Zoning Amendment Bylaw No. 5220, 2022; 2. Give fourth and final reading to Housing Agreement Bylaw No. 5221, 2023; and 3. Approve the signing and sealing of Development Permit No. 21 119966 DP and that the Mayor and City Clerk be authorized to execute this Permit on behalf of the City of Coquitlam."
2023-06-05,Regular Council,10,"Report of the Director Development Services – Housing Agreement Bylaw No. 5321, 2023 at 641, 643, 645, and 647 Claremont Street – Liberty Homes (Claremont) Ltd. (PROJ 21-112)",Main motion,Carried,9,0,0,Brent Asmundson,,In favour,In favour,In favour,In favour,In favour,In favour,In favour,In favour,In favour,Housing & density,,,,https://coquitlam.ca.granicus.com/MinutesViewer.php?view_id=2&clip_id=2467&doc_id=b2be898d-0a05-11ee-a920-06b52bf42634,https://coquitlam.ca.granicus.com/MediaPlayer.php?view_id=2&clip_id=2467,https://councilrecord.ca/coquitlam.html#vote/1wzzkr8,"That Council give first, second, and third readings to Housing Agreement Bylaw No. 5321, 2023."
2023-06-05,Regular Council,11,Report of the Director Community Planning– Union of BC Municipalities (UBCM) Complete Communities Program Funding – Southwest Housing Review (SWHR) Community Baseline,Main motion,Carried,9,0,0,Dennis Marsden,,In favour,In favour,In favour,In favour,In favour,In favour,In favour,In favour,In favour,Housing & density; Taxes & spending; Governance & elections,,,,https://coquitlam.ca.granicus.com/MinutesViewer.php?view_id=2&clip_id=2467&doc_id=b2be898d-0a05-11ee-a920-06b52bf42634,https://coquitlam.ca.granicus.com/MediaPlayer.php?view_id=2&clip_id=2467,https://councilrecord.ca/coquitlam.html#vote/niq9nf,That Council support a grant application under the Union of BC Municipalities (UBCM) Complete Communities Program which will assist in the preparation of the Community Baseline for the Southwest Housing Review (SWHR).
2023-06-05,Regular Council,12,"Report of the General Manager Legislative Services – Council Code of Conduct Discussion ensued relative to:  Support for the implementation of a code of conduct for Council  Concern that the Code of Conduct is not comprehensive enough, and that it should include consequences",Main motion,Carried,9,0,0,Dennis Marsden,,In favour,In favour,In favour,In favour,In favour,In favour,In favour,In favour,In favour,Governance & elections,1 of 2,,,https://coquitlam.ca.granicus.com/MinutesViewer.php?view_id=2&clip_id=2467&doc_id=b2be898d-0a05-11ee-a920-06b52bf42634,https://coquitlam.ca.granicus.com/MediaPlayer.php?view_id=2&clip_id=2467,https://councilrecord.ca/coquitlam.html#vote/1cx0g86,"That Council establish the Council Code of Conduct as set out in Attachment 1 to the report of the General Manager Legislative Services dated May 29, 2023 and entitled “Council Code of Conduct”. Councillor Mandewo registered opposition."
2023-06-05,Regular Council,12,"Report of the General Manager Legislative Services – Council Code of Conduct Discussion ensued relative to:  Support for the implementation of a code of conduct for Council  Concern that the Code of Conduct is not comprehensive enough, and that it should include consequences",Main motion,Carried,9,0,0,Brent Asmundson,,In favour,In favour,In favour,In favour,In favour,In favour,In favour,In favour,In favour,Governance & elections,2 of 2,,,https://coquitlam.ca.granicus.com/MinutesViewer.php?view_id=2&clip_id=2467&doc_id=b2be898d-0a05-11ee-a920-06b52bf42634,https://coquitlam.ca.granicus.com/MediaPlayer.php?view_id=2&clip_id=2467,https://councilrecord.ca/coquitlam.html#vote/80lz83,That the Regular Council Meeting adjourn – 12:12 a.m.
2023-06-12,Regular Council,3,"Minutes of the Community Safety Advisory Committee held on Thursday, March 30, 2023",Procedural,Carried,9,0,0,Craig Hodge,,In favour,In favour,In favour,In favour,In favour,In favour,In favour,In favour,In favour,Public services; Governance & elections,1 of 2,,,https://coquitlam.ca.granicus.com/MinutesViewer.php?view_id=2&clip_id=2480&doc_id=34c048cf-0f8b-11ee-a920-06b52bf42634,https://coquitlam.ca.granicus.com/MediaPlayer.php?view_id=2&clip_id=2480,https://councilrecord.ca/coquitlam.html#vote/28ez30,"That the Minutes of the Community Safety Advisory Committee held on Thursday, March 30, 2023 be received."
2023-06-12,Regular Council,3,"Minutes of the Community Safety Advisory Committee held on Thursday, March 30, 2023",Main motion,Carried,9,0,0,Craig Hodge,,In favour,In favour,In favour,In favour,In favour,In favour,In favour,In favour,In favour,Public services; Governance & elections,2 of 2,,,https://coquitlam.ca.granicus.com/MinutesViewer.php?view_id=2&clip_id=2480&doc_id=34c048cf-0f8b-11ee-a920-06b52bf42634,https://coquitlam.ca.granicus.com/MediaPlayer.php?view_id=2&clip_id=2480,https://councilrecord.ca/coquitlam.html#vote/19hnxkb,That Council approve the 2023 Community Safety Advisory Committee Work Plan.
2023-06-12,Regular Council,4,"Report of the Director Development Services – Final Approval of Development Application at 620, 624 Harrison Avenue and 623, 629 Kemsley Avenue – Canada West Development Ltd. (PROJ 21-068)",Main motion,Carried,9,0,0,Brent Asmundson,,In favour,In favour,In favour,In favour,In favour,In favour,In favour,In favour,In favour,Development,,,,https://coquitlam.ca.granicus.com/MinutesViewer.php?view_id=2&clip_id=2480&doc_id=34c048cf-0f8b-11ee-a920-06b52bf42634,https://coquitlam.ca.granicus.com/MediaPlayer.php?view_id=2&clip_id=2480,https://councilrecord.ca/coquitlam.html#vote/28glqg,"That Council: 1. Give fourth and final reading to Zoning Amendment Bylaw No. 5270, 2022; and 2. Approve the signing and sealing of Development Permit No. 21 108843 DP and that the Mayor and City Clerk be authorized to execute this Permit on behalf of the City of Coquitlam."
2023-06-12,Regular Council,5,"Report of the Director Development Services – Final Approval of Development Application at 641, 643, 645, and 647 Claremont Street – Liberty Homes (Claremont) Ltd. (PROJ 21-112) Discussion ensued relative to purpose-built rental units and unit types.",Main motion,Carried,8,1,0,Teri Towner,,In favour,In favour,In favour,In favour,In favour,In favour,In favour,Against,In favour,Housing & density; Development,,,,https://coquitlam.ca.granicus.com/MinutesViewer.php?view_id=2&clip_id=2480&doc_id=34c048cf-0f8b-11ee-a920-06b52bf42634,https://coquitlam.ca.granicus.com/MediaPlayer.php?view_id=2&clip_id=2480,https://councilrecord.ca/coquitlam.html#vote/704ft7,"That Council: 1. Give fourth and final reading to Zoning Amendment Bylaw No. 5248, 2022; 2. Give fourth and final reading to Housing Agreement Bylaw No. 5321, 2023; and 3. Approve the signing and sealing of Development Permit No. 21 112807 DP and that the Mayor and City Clerk be authorized to execute this Permit on behalf of the City of Coquitlam"
2023-06-12,Regular Council,6,Report of the Director Development Services – Final Approval of Development Application at 580 - 600 Harrison Avenue and 581 - 601 Kemsley Avenue – Qualex-Landmark Kemsley Limited Partnership (PROJ 21-186),Main motion,Carried,9,0,0,Trish Mandewo,,In favour,In favour,In favour,In favour,In favour,In favour,In favour,In favour,In favour,Development,,,,https://coquitlam.ca.granicus.com/MinutesViewer.php?view_id=2&clip_id=2480&doc_id=34c048cf-0f8b-11ee-a920-06b52bf42634,https://coquitlam.ca.granicus.com/MediaPlayer.php?view_id=2&clip_id=2480,https://councilrecord.ca/coquitlam.html#vote/uteu1t,"That Council: 1. Give fourth and final reading to City of Coquitlam Zoning Amendment Bylaw No. 5201, 2022; and 2. Approve the signing and sealing of Development Permit No. 21 120413 DP and authorize the Mayor and City Clerk to execute this Permit on behalf of the City of Coquitlam"
2023-06-12,Regular Council,7,Report of the Director Development Services – Development Application at 3456 Roxton Avenue – DK Bowins and Associates (PROJ 22-030),Main motion,Carried,8,0,1,Teri Towner,,In favour,Absent,In favour,In favour,In favour,In favour,In favour,In favour,In favour,Development,,,,https://coquitlam.ca.granicus.com/MinutesViewer.php?view_id=2&clip_id=2480&doc_id=34c048cf-0f8b-11ee-a920-06b52bf42634,https://coquitlam.ca.granicus.com/MediaPlayer.php?view_id=2&clip_id=2480,https://councilrecord.ca/coquitlam.html#vote/1j2hl6j,"That Council: 1. Give first reading to Zoning Amendment Bylaw No. 5305, 2023; 2. Refer Bylaw No. 5305, 2023 to Public Hearing; and 3. Instruct staff to complete the following items prior to Council’s consideration of fourth and final reading, should Council grant second and third readings to the Bylaw: a. Submission of a subdivision plan to the satisfaction of the Approving Officer; b. Ensure that all engineering requirements and issues including restrictive covenants, dedications and rights-of-way where necessary, are addressed to the satisfaction of the General Manager Engineering and Public Works; c. Finalize Watercourse Protection Development Permit (22 104886 DP) to the satisfaction of Environmental Services; d. Transfer of title to the City, the Streamside Protection and Enhancement Area (SPEA); e. Other conditions as applicable; and f. Finalize, execute and deliver to the City, the following agreements in Land Title Office registrable form: i. Section 219 Restrictive Covenant to prohibit a secondary suite on Lots A and B; ii. Section 219 Restrictive Covenant on Lots A and B for root protection adjacent to the SPEA, to the satisfaction of Environmental Services; iii. Section 219 Restrictive Covenant to allow cross access between Lots A and B; iv. Section 219 Restrictive Covenant for Tree protection / replanting in compliance with the recommendations in the approved arborist report; v. Section 219 Restrictive Covenant on the remainder lot requiring transfer of titled SPEA on future subdivision applications; and vi. Such other Land Title Office registrable agreements as may be required by the City."
2023-06-12,Regular Council,8,"Report of the Director Development Services – Development Application at 609, 611 and 613 Smith Avenue – Nonni Properties Inc. (PROJ 22-054) Discussion ensued relative to the following: • Options to reduce parking requirements in return for additional below-market rental units • Incorporating child care and a community garden into the proposed amenity space",Main motion,Carried,8,1,0,Brent Asmundson,,In favour,In favour,In favour,In favour,In favour,In favour,In favour,Against,In favour,Housing & density; Development; Transportation; Public services,,,,https://coquitlam.ca.granicus.com/MinutesViewer.php?view_id=2&clip_id=2480&doc_id=34c048cf-0f8b-11ee-a920-06b52bf42634,https://coquitlam.ca.granicus.com/MediaPlayer.php?view_id=2&clip_id=2480,https://councilrecord.ca/coquitlam.html#vote/c8rqfj,"That Council: 1. Give first reading to Zoning Amendment Bylaw No. 5323, 2023; 2. Refer Bylaw No. 5323, 2023 to Public Hearing; 3. Authorize staff to prepare Development Permit No. 22 108176 DP generally in accordance with the attached drawings (Attachment 5), should Council grant second and third readings to the Bylaw; and 4. Instruct staff to complete the following items prior to Council’s consideration of fourth and final reading, should Council grant second and third readings to Zoning Amendment Bylaw No. 5323, 2023: a. Submission of a subdivision plan to the satisfaction of the Approving Officer; b. Ensure that all engineering requirements and issues including restrictive covenants, dedications and rights-of-way where necessary, are addressed to the satisfaction of the General Manager Engineering and Public Works; c. Satisfy the Transportation Demand Management measures to the satisfaction of the General Manager Engineering and Public Works; d. Resolution of all urban design issues to the satisfaction of the Director Development Services; e. Other conditions as applicable; and f. Finalize, execute and deliver to the City, the following agreements in Land Title Office registrable form: i. Housing Agreement; ii. Section 219 restrictive covenant to ensure the subject site is developed in accordance with the building design and landscaping drawings attached to this report (Attachment 5); and iii. Such other Land Title Office registrable agreements as may be required by the City."
2023-06-12,Regular Council,9,"Report of the Director Development Services – Development Application at 1160 Inlet Street – Polygon Development 239 Ltd. (PROJ 21-202) Discussion ensued relative to below-market and purpose-built rental units, child care, traffic, and re-allocating existing buildings. Council requested that staff provide information on traffic patterns and parking for the Public Hearing.",Main motion,Carried,9,0,0,Trish Mandewo,,In favour,In favour,In favour,In favour,In favour,In favour,In favour,In favour,In favour,Housing & density; Development; Transportation; Public services,,,,https://coquitlam.ca.granicus.com/MinutesViewer.php?view_id=2&clip_id=2480&doc_id=34c048cf-0f8b-11ee-a920-06b52bf42634,https://coquitlam.ca.granicus.com/MediaPlayer.php?view_id=2&clip_id=2480,https://councilrecord.ca/coquitlam.html#vote/1sob4bj,"That Council: 1. Give first reading to Zoning Amendment Bylaw No. 5322, 2023; 2. Refer Bylaw No. 5322, 2023 to Public Hearing; 3. Authorize staff to prepare Development Permit No. 21 121444 DP generally in accordance with the attached drawings (Attachment 5), should Council grant second and third readings to the Bylaw; and 4. Instruct staff to complete the following items prior to Council’s consideration of fourth and final reading, should Council grant second and third readings to Zoning Amendment Bylaw No. 5322, 2023: a. Submission of a subdivision plan to the satisfaction of the Approving Officer; b. Ensure that all engineering requirements and issues including restrictive covenants, dedications and rights-of-way where necessary, are addressed to the satisfaction of the General Manager Engineering and Public Works; c. Satisfy the Transportation Demand Management (TDM) measures to the satisfaction of the General Manager Engineering and Public Works; d. Resolution of all urban design issues to the satisfaction of the Director Development Services; e. Other conditions as applicable; and f. Finalize, execute and deliver to the City, the following agreements in Land Title Office registrable form: i. Section 219 restrictive covenant to ensure the subject site is developed in accordance with the building design and landscaping drawings attached to this report (Attachment 5); and ii. Such other Land Title Office registrable agreements as may be required by the City."
2023-06-12,Regular Council,10,Report of the Deputy City Manager – 2023 BC Dumpling Festival Discussion ensued relative to the following: • The desire to refer the report back to staff for additional information • Concern for the event planning timeline • Potential corporate sponsorships and collaborations • The financial constraints that event organizers face,Main motion,Defeated,0,9,0,Dennis Marsden,,Against,Against,Against,Against,Against,Against,Against,Against,Against,Taxes & spending; Parks & recreation,1 of 5,,,https://coquitlam.ca.granicus.com/MinutesViewer.php?view_id=2&clip_id=2480&doc_id=34c048cf-0f8b-11ee-a920-06b52bf42634,https://coquitlam.ca.granicus.com/MediaPlayer.php?view_id=2&clip_id=2480,https://councilrecord.ca/coquitlam.html#vote/1tokxjx,"That Council refer the report of the Deputy City Manager dated June 5, 2023 and entitled “2023 BC Dumpling Festival” back to staff."
2023-06-12,Regular Council,10,Report of the Deputy City Manager – 2023 BC Dumpling Festival Discussion ensued relative to the following: • The desire to refer the report back to staff for additional information • Concern for the event planning timeline • Potential corporate sponsorships and collaborations • The financial constraints that event organizers face,Main motion,Carried,9,0,0,Steve Kim,,In favour,In favour,In favour,In favour,In favour,In favour,In favour,In favour,In favour,Taxes & spending; Parks & recreation,2 of 5,,,https://coquitlam.ca.granicus.com/MinutesViewer.php?view_id=2&clip_id=2480&doc_id=34c048cf-0f8b-11ee-a920-06b52bf42634,https://coquitlam.ca.granicus.com/MediaPlayer.php?view_id=2&clip_id=2480,https://councilrecord.ca/coquitlam.html#vote/x2i8ol,"That Council allow the Founder, Gina Chong, and Co-founder Al Lau, of the BC Dumpling Festival, to present to Council information in regard to the 2023 BC Dumpling Festival."
2023-06-12,Regular Council,10,Report of the Deputy City Manager – 2023 BC Dumpling Festival Discussion ensued relative to the following: • The desire to refer the report back to staff for additional information • Concern for the event planning timeline • Potential corporate sponsorships and collaborations • The financial constraints that event organizers face,Main motion,Defeated,4,5,0,Teri Towner,,Against,In favour,Against,Against,Against,In favour,In favour,Against,In favour,Taxes & spending; Parks & recreation,3 of 5,,,https://coquitlam.ca.granicus.com/MinutesViewer.php?view_id=2&clip_id=2480&doc_id=34c048cf-0f8b-11ee-a920-06b52bf42634,https://coquitlam.ca.granicus.com/MediaPlayer.php?view_id=2&clip_id=2480,https://councilrecord.ca/coquitlam.html#vote/15aezzl,"That Council amend the recommendation to approve $15,000 in one-time funding from the Casino Community Reserve to support the 2023 BC Dumpling Festival."
2023-06-12,Regular Council,10,Report of the Deputy City Manager – 2023 BC Dumpling Festival Discussion ensued relative to the following: • The desire to refer the report back to staff for additional information • Concern for the event planning timeline • Potential corporate sponsorships and collaborations • The financial constraints that event organizers face,Main motion,Carried,7,2,0,Robert Mazzarolo,,In favour,In favour,In favour,In favour,In favour,In favour,Against,In favour,Against,Taxes & spending; Parks & recreation,4 of 5,,,https://coquitlam.ca.granicus.com/MinutesViewer.php?view_id=2&clip_id=2480&doc_id=34c048cf-0f8b-11ee-a920-06b52bf42634,https://coquitlam.ca.granicus.com/MediaPlayer.php?view_id=2&clip_id=2480,https://councilrecord.ca/coquitlam.html#vote/180rdzy,"That Council amend the recommendation to approve up to $30,000 in one-time funding from the Casino Community Reserve to support the 2023 BC Dumpling Festival."
2023-06-12,Regular Council,10,Report of the Deputy City Manager – 2023 BC Dumpling Festival Discussion ensued relative to the following: • The desire to refer the report back to staff for additional information • Concern for the event planning timeline • Potential corporate sponsorships and collaborations • The financial constraints that event organizers face,Main motion,Carried,9,0,0,Brent Asmundson,,In favour,In favour,In favour,In favour,In favour,In favour,In favour,In favour,In favour,Taxes & spending; Parks & recreation,5 of 5,,,https://coquitlam.ca.granicus.com/MinutesViewer.php?view_id=2&clip_id=2480&doc_id=34c048cf-0f8b-11ee-a920-06b52bf42634,https://coquitlam.ca.granicus.com/MediaPlayer.php?view_id=2&clip_id=2480,https://councilrecord.ca/coquitlam.html#vote/4aoy40,That the Regular Council Meeting adjourn – 8:32 p.m.
2023-06-19,Regular Council,3,"Minutes of the School District 43 (SD43) Board of Education and Coquitlam City Council Liaison Meeting held on Tuesday, May 23, 2023",Procedural,Carried,9,0,0,Teri Towner,,In favour,In favour,In favour,In favour,In favour,In favour,In favour,In favour,In favour,Governance & elections,,,,https://coquitlam.ca.granicus.com/MinutesViewer.php?view_id=2&clip_id=2486&doc_id=345dc949-467f-11ee-98ea-020b8fb91724,https://coquitlam.ca.granicus.com/MediaPlayer.php?view_id=2&clip_id=2486,https://councilrecord.ca/coquitlam.html#vote/9du5a3,"That the Minutes of the School District 43 (SD43) Board of Education and Coquitlam City Council Liaison Meeting held on Tuesday, May 23, 2023 be received."
2023-06-19,Regular Council,4,Report of the Deputy City Manager – 2022 Statutory Financial Reports,Main motion,Carried,9,0,0,Brent Asmundson,,In favour,In favour,In favour,In favour,In favour,In favour,In favour,In favour,In favour,Taxes & spending,,,,https://coquitlam.ca.granicus.com/MinutesViewer.php?view_id=2&clip_id=2486&doc_id=345dc949-467f-11ee-98ea-020b8fb91724,https://coquitlam.ca.granicus.com/MediaPlayer.php?view_id=2&clip_id=2486,https://councilrecord.ca/coquitlam.html#vote/413b5h,"That Council: 1. Receive the 2022 Annual Report included as Attachment #1 to the report of the Deputy City Manager entitled “2022 Statutory Financial Reports”; 2. Approve the 2022 Statement of Financial Information included as Attachment #2 to the report of the Deputy City Manager dated June 12, 2023 and entitled “2022 Statutory Financial Reports”; and 3. Receive the 2022 Development Cost Charges (“DCC”) activity summary included as Attachment #3 to the report of the Deputy City Manager entitled “2022 Statutory Financial Reports”."
2023-06-19,Regular Council,5,Report of the Deputy City Manager – 2023 Permissive Property Tax Exemption Policy Update,Main motion,Carried,9,0,0,Trish Mandewo,,In favour,In favour,In favour,In favour,In favour,In favour,In favour,In favour,In favour,Taxes & spending,,,,https://coquitlam.ca.granicus.com/MinutesViewer.php?view_id=2&clip_id=2486&doc_id=345dc949-467f-11ee-98ea-020b8fb91724,https://coquitlam.ca.granicus.com/MediaPlayer.php?view_id=2&clip_id=2486,https://councilrecord.ca/coquitlam.html#vote/32p1ln,"That Council endorse the draft Permissive Property Tax Exemption Policy included as Attachment 1 to the report of the Deputy City Manager dated June 12, 2023 and entitled “2023 Permissive Property Tax Exemption Policy Update”."
2023-06-19,Regular Council,6,Report of the Deputy City Manager – Resolution for Submission to the 2023 UBCM Annual Conference,Main motion,Carried,9,0,0,Dennis Marsden,,In favour,In favour,In favour,In favour,In favour,In favour,In favour,In favour,In favour,Taxes & spending; Governance & elections,,,,https://coquitlam.ca.granicus.com/MinutesViewer.php?view_id=2&clip_id=2486&doc_id=345dc949-467f-11ee-98ea-020b8fb91724,https://coquitlam.ca.granicus.com/MediaPlayer.php?view_id=2&clip_id=2486,https://councilrecord.ca/coquitlam.html#vote/140wwv3,"That Council endorse the Local Government Financial Resiliency – Consumption Tax Review resolution included as Attachment 1 to the report of the Deputy City Manager dated June 12, 2023 and entitled “Resolution for Submission to the 2023 UBCM Annual Conference”."
2023-06-19,Regular Council,7,"Report of the City Clerk – Fourth and Final Reading of Northeast Community Centre, Park and Plaza Loan Authorization Bylaw No. 5301, 2023",Main motion,Carried,9,0,0,Brent Asmundson,,In favour,In favour,In favour,In favour,In favour,In favour,In favour,In favour,In favour,Taxes & spending; Parks & recreation,,,,https://coquitlam.ca.granicus.com/MinutesViewer.php?view_id=2&clip_id=2486&doc_id=345dc949-467f-11ee-98ea-020b8fb91724,https://coquitlam.ca.granicus.com/MediaPlayer.php?view_id=2&clip_id=2486,https://councilrecord.ca/coquitlam.html#vote/fqbovc,"That Council give fourth and final reading to the Northeast Community Centre, Park and Plaza Loan Authorization Bylaw No. 5301, 2023."
2023-06-19,Regular Council,8,"Report of the Director Development Services – Final Approval of Development Application at 1350 Pollard Street, 3633 Victoria Drive, 3615, 3623, 3630 David Avenue, and One Adjacent Unaddressed Lot – Double Kappa Holdings Ltd. (Commonly Known as Wesbild) (PROJ 21-020)",Main motion,Carried,9,0,0,Teri Towner,,In favour,In favour,In favour,In favour,In favour,In favour,In favour,In favour,In favour,Housing & density; Development,,,,https://coquitlam.ca.granicus.com/MinutesViewer.php?view_id=2&clip_id=2486&doc_id=345dc949-467f-11ee-98ea-020b8fb91724,https://coquitlam.ca.granicus.com/MediaPlayer.php?view_id=2&clip_id=2486,https://councilrecord.ca/coquitlam.html#vote/c2qicc,"That Council: 1. Give fourth and final reading to Citywide Official Community Plan Amendment Bylaw No. 5213, 2022; and 2. Give fourth and final reading to Zoning Amendment Bylaw No. 5214, 2022."
2023-06-19,Regular Council,9,"Fraser Mills Implementation Update – 2/9/10/12/14 King Edward Street, 1200/1316 United Boulevard, and 1150 ‘Street C’ – Beedie (PROJ 23-052) Discussion ensued relative to the following: • Comments in the media from the developer regarding the development process • The desire to see artwork incorporated into the street furniture • Appreciation for the acknowledgment and celebration of the rich diversity and",Main motion,Carried,9,0,0,Dennis Marsden,,In favour,In favour,In favour,In favour,In favour,In favour,In favour,In favour,In favour,Development,,,,https://coquitlam.ca.granicus.com/MinutesViewer.php?view_id=2&clip_id=2486&doc_id=345dc949-467f-11ee-98ea-020b8fb91724,https://coquitlam.ca.granicus.com/MediaPlayer.php?view_id=2&clip_id=2486,https://councilrecord.ca/coquitlam.html#vote/eygm24,"That Council: 1. Endorse the minor variances to the requirements in the City of Coquitlam Subdivision and Development Servicing Bylaw No. 3558, 2003 for the Fraser Mills street network; 2. Approve the addition of six proposed street names to the List of Approved Street Names in the City’s Street Naming Policy for use at Fraser Mills; 3. Give first reading to Zoning Amendment Bylaw No. 5326, 2023; and 4. Refer Bylaw No. 5326, 2023 to Public Hearing."
2023-06-19,Regular Council,10,Report of the Director Development Services – Development Application at 717 Edgar Avenue – Lamme Zarei (PROJ 21-092),Main motion,Carried,9,0,0,Trish Mandewo,,In favour,In favour,In favour,In favour,In favour,In favour,In favour,In favour,In favour,Development,,,,https://coquitlam.ca.granicus.com/MinutesViewer.php?view_id=2&clip_id=2486&doc_id=345dc949-467f-11ee-98ea-020b8fb91724,https://coquitlam.ca.granicus.com/MediaPlayer.php?view_id=2&clip_id=2486,https://councilrecord.ca/coquitlam.html#vote/1cwm9rg,"That Council: 1. Give first reading to Zoning Amendment Bylaw No. 5286, 2023; 2. Refer Bylaw No. 5286, 2023 to Public Hearing; 3. Authorize staff to prepare Development Permit No. 21 110944 DP generally in accordance with the attached drawings (Attachment 6), should Council grant second and third readings to the Bylaw; and 4. Instruct staff to complete the following items prior to Council’s consideration of fourth and final reading, should Council grant second and third readings to the Bylaw: a. Submission of a subdivision plan to the satisfaction of the Approving Officer; b. Ensure that all engineering requirements and issues including restrictive covenants, dedications and rights-of-way where necessary, are addressed to the satisfaction of the General Manager Engineering and Public Works; c. Resolution of all urban design issues to the satisfaction of the Director Development Services; d. Other conditions as applicable; and e. Finalize, execute and deliver to the City, the following agreements in Land Title Office registrable form: i. Such other Land Title Office registrable agreements as may be required by the City."
2023-06-19,Regular Council,11,Report of the Director Development Services – Development Application at 1296 and 1298 Johnston Street – Trillium Development Management Ltd. (PROJ 22-051) Discussion ensued relative to the desire to proactively mitigate concerns regarding parking and traffic management.,Main motion,Carried,9,0,0,Dennis Marsden,,In favour,In favour,In favour,In favour,In favour,In favour,In favour,In favour,In favour,Housing & density; Development; Transportation,,,,https://coquitlam.ca.granicus.com/MinutesViewer.php?view_id=2&clip_id=2486&doc_id=345dc949-467f-11ee-98ea-020b8fb91724,https://coquitlam.ca.granicus.com/MediaPlayer.php?view_id=2&clip_id=2486,https://councilrecord.ca/coquitlam.html#vote/17w365u,"That Council: 1. Give first reading to Citywide Official Community Plan Amendment Bylaw No. 5320, 2023; 2. Give first reading to Zoning Amendment Bylaw No. 5319, 2023; 3. Refer Bylaw Nos. 5319, 2023 and 5320, 2023 to Public Hearing; 4. Authorize staff to prepare Development Permit No. 22 108149 DP generally in accordance with the attached drawings (Attachment 5), should Council grant second and third readings to the Bylaws; 5. Acknowledge that the applicant has requested a variance to the Zoning Bylaw as described in this report as follows: a. In Subsection 1201(8) of Part 12, RT-2 Townhouse Residential Zone, the minimum setback to a street is reduced from 4.0 metres (m) (13.0 feet (ft.)) to 3.1 m (10.0 ft.); and 6. Instruct staff to complete the following items prior to Council’s consideration of fourth and final reading, should Council grant second and third readings to Citywide Official Community Plan Amendment Bylaw No. 5320, 2023 and Zoning Amendment Bylaw No. 5319, 2023: a. Submission of a subdivision plan to the satisfaction of the Approving Officer; b. Ensure that all engineering requirements and issues including restrictive covenants, dedications and rights-of-way where necessary, are addressed to the satisfaction of the General Manager Engineering and Public Works; c. Resolution of all urban design issues to the satisfaction of the Director Development Services; and d. Finalize, execute and deliver to the City, the following agreements in Land Title Office registrable form: i. Section 219 Restrictive Covenant to prohibit occupancy until the urban walkway along the north property line is constructed to the satisfaction of the General Manager Engineering and Public Works; and ii. Such other Land Title Office registrable agreements as may be required by the City."
2023-06-19,Regular Council,12,Report of the Director Development Services – Development Application at 1185 Westwood Street – City of Coquitlam (PROJ 22-150),Main motion,Carried,9,0,0,Brent Asmundson,,In favour,In favour,In favour,In favour,In favour,In favour,In favour,In favour,In favour,Development,,,,https://coquitlam.ca.granicus.com/MinutesViewer.php?view_id=2&clip_id=2486&doc_id=345dc949-467f-11ee-98ea-020b8fb91724,https://coquitlam.ca.granicus.com/MediaPlayer.php?view_id=2&clip_id=2486,https://councilrecord.ca/coquitlam.html#vote/xwefdo,"That Council: 1. Give first reading to Zoning Amendment Bylaw No. 5318, 2023; 2. Refer Bylaw No. 5318, 2023 to Public Hearing; and 3. Instruct staff to complete the following items prior to Council’s consideration of fourth and final reading, should Council grant second and third readings to the Bylaw: a. Finalize, execute, and deliver to the City, the following agreements in Land Title Office registrable form: i. Section 219 Restrictive Covenant to prohibit Building Permit issuance until such time that a subdivision application is approved and that all planning and engineering requirements and issues including restrictive covenants, dedications, and rights-of-way where necessary, are addressed to the satisfaction of the General Manager Engineering and Public Works; ii. Section 219 Restrictive Covenant setting out the minimum requirements for a child care facility, market rental, non- or below-market rental, and priority unit housing and prohibiting building permit issuance until such time that a Housing Agreement, or other legal agreement, to the satisfaction of the General Manager Planning and Development, has been duly executed and delivered; and iii. Such other Land Title Office registrable agreements as may be required by the City."
2023-06-19,Regular Council,13,"Report of the General Manager Parks, Recreation, Culture and Facilities – 2023 Spring Intake – Spirit of Coquitlam Grant",Main motion,Carried,8,0,1,Steve Kim,,In favour,In favour,In favour,In favour,In favour,Absent,In favour,In favour,In favour,Taxes & spending; Parks & recreation,,,,https://coquitlam.ca.granicus.com/MinutesViewer.php?view_id=2&clip_id=2486&doc_id=345dc949-467f-11ee-98ea-020b8fb91724,https://coquitlam.ca.granicus.com/MediaPlayer.php?view_id=2&clip_id=2486,https://councilrecord.ca/coquitlam.html#vote/1jeplsj,"That Council endorse the disbursements of the Spirit of Coquitlam Grant totaling $187,971 for the Spring 2023 intake."
2023-06-19,Regular Council,14,"Report of the General Manager Parks, Recreation, Culture and Facilities – Canada Day in Coquitlam Designated as a Municipally Significant Event",Main motion,Carried,9,0,0,Dennis Marsden,,In favour,In favour,In favour,In favour,In favour,In favour,In favour,In favour,In favour,Neighbourhood character; Parks & recreation; Business & economy,1 of 2,,,https://coquitlam.ca.granicus.com/MinutesViewer.php?view_id=2&clip_id=2486&doc_id=345dc949-467f-11ee-98ea-020b8fb91724,https://coquitlam.ca.granicus.com/MediaPlayer.php?view_id=2&clip_id=2486,https://councilrecord.ca/coquitlam.html#vote/79dhe4,That Council designate the annual Canada Day in Coquitlam event as municipally significant as required by the BC Liquor and Cannabis Regulation Branch to be in compliance with the Special Event Liquor Permit for this year and future years.
2023-06-19,Regular Council,14,"Report of the General Manager Parks, Recreation, Culture and Facilities – Canada Day in Coquitlam Designated as a Municipally Significant Event",Main motion,Carried,9,0,0,Trish Mandewo,,In favour,In favour,In favour,In favour,In favour,In favour,In favour,In favour,In favour,Parks & recreation,2 of 2,,,https://coquitlam.ca.granicus.com/MinutesViewer.php?view_id=2&clip_id=2486&doc_id=345dc949-467f-11ee-98ea-020b8fb91724,https://coquitlam.ca.granicus.com/MediaPlayer.php?view_id=2&clip_id=2486,https://councilrecord.ca/coquitlam.html#vote/1esunbf,That the Regular Council Meeting adjourn – 8:04 p.m.
2023-07-10,Regular Council,2,Minutes of the Sustainability and Environmental Advisory Committee Meeting held on,Procedural,Carried,9,0,0,Brent Asmundson,,In favour,In favour,In favour,In favour,In favour,In favour,In favour,In favour,In favour,Environment & climate; Public services; Governance & elections,,,,https://coquitlam.ca.granicus.com/MinutesViewer.php?view_id=2&clip_id=2494&doc_id=953007b2-2586-11ee-a920-06b52bf42634,https://coquitlam.ca.granicus.com/MediaPlayer.php?view_id=2&clip_id=2494,https://councilrecord.ca/coquitlam.html#vote/1ne651k,"That the Minutes of the Sustainability and Environmental Advisory Committee Meeting held on Tuesday, May 23, 2023 be received."
2023-07-10,Regular Council,3,"Minutes of the Multiculturalism Advisory Committee Meeting held on Wednesday, June 21, 2023",Procedural,Carried,9,0,0,Brent Asmundson,,In favour,In favour,In favour,In favour,In favour,In favour,In favour,In favour,In favour,Governance & elections,,,,https://coquitlam.ca.granicus.com/MinutesViewer.php?view_id=2&clip_id=2494&doc_id=953007b2-2586-11ee-a920-06b52bf42634,https://coquitlam.ca.granicus.com/MediaPlayer.php?view_id=2&clip_id=2494,https://councilrecord.ca/coquitlam.html#vote/ixmhaa,"That the Minutes of the Multiculturalism Advisory Committee Meeting held on Wednesday, June 21, 2023 be received."
2023-07-10,Regular Council,4,"Zoning Amendment Bylaw No. 5305, 2023 – 3456 Roxton Avenue",Main motion,Carried,8,0,1,Trish Mandewo,,In favour,Absent,In favour,In favour,In favour,In favour,In favour,In favour,In favour,Development,,,,https://coquitlam.ca.granicus.com/MinutesViewer.php?view_id=2&clip_id=2494&doc_id=953007b2-2586-11ee-a920-06b52bf42634,https://coquitlam.ca.granicus.com/MediaPlayer.php?view_id=2&clip_id=2494,https://councilrecord.ca/coquitlam.html#vote/8mka0m,"That Council give second and third readings to Zoning Amendment Bylaw No. 5305, 2023."
2023-07-10,Regular Council,5,"Zoning Amendment Bylaw No. 5323, 2023 – 609, 611 and 613 Smith Avenue Discussion ensued relative to the following:  Concern regarding the lack of limits in the City’s Zoning Bylaw regarding studio apartments  Appreciation that the application is constructing 100% purpose-built rental units",Main motion,Carried,9,0,0,Teri Towner,,In favour,In favour,In favour,In favour,In favour,In favour,In favour,In favour,In favour,Housing & density; Development,,,,https://coquitlam.ca.granicus.com/MinutesViewer.php?view_id=2&clip_id=2494&doc_id=953007b2-2586-11ee-a920-06b52bf42634,https://coquitlam.ca.granicus.com/MediaPlayer.php?view_id=2&clip_id=2494,https://councilrecord.ca/coquitlam.html#vote/1enwgwt,"That Council give second and third readings to Zoning Amendment Bylaw No. 5323, 2023. Councillor Mazzarolo registered opposition."
2023-07-10,Regular Council,6,"Citywide Official Community Plan Amendment Bylaw No. 5320, 2023 and Zoning Amendment Bylaw No. 5319, 2023 – 1296 and 1298 Johnson Street",Main motion,Carried,9,0,0,Dennis Marsden,,In favour,In favour,In favour,In favour,In favour,In favour,In favour,In favour,In favour,Housing & density; Development,,,,https://coquitlam.ca.granicus.com/MinutesViewer.php?view_id=2&clip_id=2494&doc_id=953007b2-2586-11ee-a920-06b52bf42634,https://coquitlam.ca.granicus.com/MediaPlayer.php?view_id=2&clip_id=2494,https://councilrecord.ca/coquitlam.html#vote/1gminpm,"That Council give second and third readings to Citywide Official Community Plan Amendment Bylaw No. 5320, 2023 and Zoning Amendment Bylaw No. 5319, 2023."
2023-07-10,Regular Council,7,"Zoning Amendment Bylaw No. 5322, 2023 – 1160 Inlet Street Discussion ensued relative to the following:  Appreciation for the inclusion of primarily two and three bedroom units within the development  The desire for the City to explore further incentives to encourage purpose-built and below-market rental developments within the RM-3 Multi-Storey Medium",Main motion,Carried,9,0,0,Dennis Marsden,,In favour,In favour,In favour,In favour,In favour,In favour,In favour,In favour,In favour,Housing & density; Development,,,,https://coquitlam.ca.granicus.com/MinutesViewer.php?view_id=2&clip_id=2494&doc_id=953007b2-2586-11ee-a920-06b52bf42634,https://coquitlam.ca.granicus.com/MediaPlayer.php?view_id=2&clip_id=2494,https://councilrecord.ca/coquitlam.html#vote/3x7hq9,"That Council give second and third readings to Zoning Amendment Bylaw No. 5322, 2023."
2023-07-10,Regular Council,8,"Zoning Amendment Bylaw No. 5318, 2023 – 1185 Westwood Street Discussion ensued relative to the following:  Benefits of and concerns regarding the development and the need to balance the needs of current and future residents  That the building/expansion of schools is part of the provincial government’s mandate and the desire for residents to advocate to the School Board and local",Main motion,Carried,9,0,0,Brent Asmundson,,In favour,In favour,In favour,In favour,In favour,In favour,In favour,In favour,In favour,Development; Governance & elections,,,,https://coquitlam.ca.granicus.com/MinutesViewer.php?view_id=2&clip_id=2494&doc_id=953007b2-2586-11ee-a920-06b52bf42634,https://coquitlam.ca.granicus.com/MediaPlayer.php?view_id=2&clip_id=2494,https://councilrecord.ca/coquitlam.html#vote/8e4c9v,"That Council give second and third readings to Zoning Amendment Bylaw No. 5318, 2023."
2023-07-10,Regular Council,9,"Zoning Amendment Bylaw No. 5326, 2023 – 2, 9, 10, 12, 14 King Edward Street, 1200 and 1316 United Boulevard, and 1150 Street C Discussion ensued relative to the length of time between the initial development application for the site and the beginning of construction.",Main motion,Carried,9,0,0,Dennis Marsden,,In favour,In favour,In favour,In favour,In favour,In favour,In favour,In favour,In favour,Development,,,,https://coquitlam.ca.granicus.com/MinutesViewer.php?view_id=2&clip_id=2494&doc_id=953007b2-2586-11ee-a920-06b52bf42634,https://coquitlam.ca.granicus.com/MediaPlayer.php?view_id=2&clip_id=2494,https://councilrecord.ca/coquitlam.html#vote/p7fczr,"That Council give second, third, and fourth and final readings to Zoning Amendment Bylaw No. 5326, 2023."
2023-07-10,Regular Council,10,Report of the General Manager Planning and Development – Final Approval of Development Application at 1125 Cartier Avenue – ArchiType Design Ltd. (PROJ 21-191) Discussion ensued relative to the following:  Appreciation for the retention of the heritage home on the site through the Heritage Revitalization Agreement  The desire to ensure that heritage homes in Coquitlam are retained when possible,Main motion,Carried,9,0,0,Craig Hodge,,In favour,In favour,In favour,In favour,In favour,In favour,In favour,In favour,In favour,Development; Neighbourhood character,,,,https://coquitlam.ca.granicus.com/MinutesViewer.php?view_id=2&clip_id=2494&doc_id=953007b2-2586-11ee-a920-06b52bf42634,https://coquitlam.ca.granicus.com/MediaPlayer.php?view_id=2&clip_id=2494,https://councilrecord.ca/coquitlam.html#vote/1y2sjlv,"That Council: 1. Give fourth and final reading to Heritage Revitalization Agreement Authorization Bylaw No. 5258, 2022; 2. Give fourth and final reading to Heritage Designation Bylaw No. 5259, 2022; and 3. Approve the strata titled conversion of a previously-occupied heritage residential building into one stratified one-family residential dwelling unit inclusive of the secondary suite. Councillor Asmundson registered opposition."
2023-07-10,Regular Council,11,Report of the General Manager Planning and Development – Development Application at 3469 Baycrest Avenue – Noura Homes (PROJ 19-032) Discussion ensued relative to the following:  Preference for the pursuit of land assemblies in neighbourhoods undergoing re- development  The potential for road connections between Baycrest Avenue and Burke Mountain,Main motion,Carried,9,0,0,Dennis Marsden,,In favour,In favour,In favour,In favour,In favour,In favour,In favour,In favour,In favour,Development; Transportation,1 of 2,,,https://coquitlam.ca.granicus.com/MinutesViewer.php?view_id=2&clip_id=2494&doc_id=953007b2-2586-11ee-a920-06b52bf42634,https://coquitlam.ca.granicus.com/MediaPlayer.php?view_id=2&clip_id=2494,https://councilrecord.ca/coquitlam.html#vote/su4x1g,"That Council: 1. Give first reading to Zoning Amendment Bylaw No. 5129, 2023; 2. Refer Bylaw No. 5129, 2023 to Public Hearing; 3. Authorize staff to prepare Development Permit No. 19 106853 DP generally in accordance with the attached drawings (Attachment 6), should Council grant second and third readings to the Bylaw; 4. Acknowledge that the applicant has requested a variance to the Zoning Bylaw, as described in this report as follows: In Subsection 705 (2) (d), in Part 7, Off-Street Parking and Loading, the number of off-street small car parking spaces being provided on a lot is proposed to be varied from a maximum of 30 percent to 33 percent; and 5. Instruct staff to complete the following items prior to Council’s consideration of fourth and final reading, should Council grant second and third readings to Zoning Amendment Bylaw No. 5129, 2023: a. Submission of a subdivision plan to the satisfaction of the Approving Officer; b. Ensure that all engineering requirements and issues including restrictive covenants, dedications and rights-of-way where necessary, are addressed to the satisfaction of the General Manager Engineering and Public Works; c. Resolution of all urban design issues to the satisfaction of the Director Development Services; d. Finalize Watercourse Protection Development Permit (19 106858 DP) to the satisfaction of Environmental Services; e. Other conditions as applicable; and f. Finalize, execute and deliver to the City, the following agreements in Land Title Office registrable form: i. Statutory right-of-way for public access over a minimum 9.0 metre (m) length of the driveway for a hammerhead turn-around on Baycrest Avenue; ii. An owner-maintained easement for reciprocal access over the north-south driveway of this property in favor of the property at 1259 Burke Mountain Drive; and iii. Such other Land Title Office registrable agreements as may be required by the City."
2023-07-10,Regular Council,11,Report of the General Manager Planning and Development – Development Application at 3469 Baycrest Avenue – Noura Homes (PROJ 19-032) Discussion ensued relative to the following:  Preference for the pursuit of land assemblies in neighbourhoods undergoing re- development  The potential for road connections between Baycrest Avenue and Burke Mountain,Main motion,Carried,9,0,0,Brent Asmundson,,In favour,In favour,In favour,In favour,In favour,In favour,In favour,In favour,In favour,Transportation,2 of 2,,,https://coquitlam.ca.granicus.com/MinutesViewer.php?view_id=2&clip_id=2494&doc_id=953007b2-2586-11ee-a920-06b52bf42634,https://coquitlam.ca.granicus.com/MediaPlayer.php?view_id=2&clip_id=2494,https://councilrecord.ca/coquitlam.html#vote/3oby04,That the Regular Council Meeting adjourn – 12:41 a.m.
2023-07-17,Regular Council,3,"Report of the General Manager Planning and Development – 2023 Eligible School Sites Proposal – School District No. 43 Discussion ensued relative to the timeline of the report, and existing and proposed neighbourhood plan boundaries on Burke Mountain.",Main motion,Carried,9,0,0,Dennis Marsden,,In favour,In favour,In favour,In favour,In favour,In favour,In favour,In favour,In favour,Other,,,,https://coquitlam.ca.granicus.com/MinutesViewer.php?view_id=2&clip_id=2505&doc_id=314d0eac-3083-11ee-a920-06b52bf42634,https://coquitlam.ca.granicus.com/MediaPlayer.php?view_id=2&clip_id=2505,https://councilrecord.ca/coquitlam.html#vote/1074g4r,That Council accept the 2023 Eligible School Sites Proposal submitted by School District No. 43.
2023-07-17,Regular Council,4,Report of the Acting Director Development Services – Development Variance Permit Application at 1350 Pollard Street and 3633 Victoria Drive – Double Kappa Holdings Ltd. (Commonly Known as Wesbild) (PROJ 21-020),Main motion,Carried,9,0,0,Brent Asmundson,,In favour,In favour,In favour,In favour,In favour,In favour,In favour,In favour,In favour,Development,,,,https://coquitlam.ca.granicus.com/MinutesViewer.php?view_id=2&clip_id=2505&doc_id=314d0eac-3083-11ee-a920-06b52bf42634,https://coquitlam.ca.granicus.com/MediaPlayer.php?view_id=2&clip_id=2505,https://councilrecord.ca/coquitlam.html#vote/158ctxv,That Council approve the signing and sealing of Development Variance Permit No. 22 121801 DV and authorize the Mayor and City Clerk to execute this Permit on behalf of the City of Coquitlam.
2023-07-17,Regular Council,5,Report of the Acting Director Development Services – Third Reading Extension of Development Application at 816 Westwood Street – Callum and Leslie Watts (PROJ 19-072),Main motion,Carried,9,0,0,Steve Kim,,In favour,In favour,In favour,In favour,In favour,In favour,In favour,In favour,In favour,Development,,,,https://coquitlam.ca.granicus.com/MinutesViewer.php?view_id=2&clip_id=2505&doc_id=314d0eac-3083-11ee-a920-06b52bf42634,https://coquitlam.ca.granicus.com/MediaPlayer.php?view_id=2&clip_id=2505,https://councilrecord.ca/coquitlam.html#vote/37cbxi,"That Council extend third reading of Zoning Amendment Bylaw No. 5141, 2021 for an additional 12-month period to July 26, 2024."
2023-07-17,Regular Council,6,Report of the Acting Director Development Services – Development Application at 701 and 703 Delestre Avenue – Pacific West Architecture Inc. (PROJ 22-134) Discussion ensued relative to the following: • The desire for allocated child care space in development proposals • The desire for a bike maintenance and washing station to be included in the proposal,Main motion,Carried,9,0,0,Dennis Marsden,,In favour,In favour,In favour,In favour,In favour,In favour,In favour,In favour,In favour,Development; Transportation; Public services,,,,https://coquitlam.ca.granicus.com/MinutesViewer.php?view_id=2&clip_id=2505&doc_id=314d0eac-3083-11ee-a920-06b52bf42634,https://coquitlam.ca.granicus.com/MediaPlayer.php?view_id=2&clip_id=2505,https://councilrecord.ca/coquitlam.html#vote/eza6it,"That Council: 1. Give first reading to Zoning Amendment Bylaw No. 5328, 2023; 2. Refer Bylaw No. 5328, 2023 to Public Hearing; 3. Authorize staff to prepare Development Permit No. 22 119158 DP generally in accordance with the attached drawings (Attachment 6), should Council grant second and third readings to the Bylaw; and 4. Instruct staff to complete the following items prior to Council’s consideration of fourth and final reading, should Council grant second and third readings to Zoning Amendment Bylaw No. 5328, 2023: a. Submission of a subdivision plan to the satisfaction of the Approving Officer; b. Resolution of all engineering requirements and issues including restrictive covenants, dedications and rights-of-way where necessary, to the satisfaction of the General Manager Engineering and Public Works; c. Resolution of the Transportation Demand Management measures and submission of the associated security and/or restrictive covenants, to the satisfaction of the General Manager Engineering and Public Works; d. Resolution of all urban design issues to the satisfaction of the Director Development Services; and e. Finalization, execution and delivery to the City, the following agreements in Land Title Office registrable form: i. Housing Agreement to secure the delivery of 61 market rental units; and ii. Such other Land Title Office registrable agreements as may be required by the City."
2023-07-17,Regular Council,7,"Report of the Acting Director Development Services – Development Application at 702, 706, 710 and 712 Como Lake Avenue, and 705, 707, 711 and 715 Grover Avenue – Marcon Grover Properties Ltd. (PROJ 22-101) Discussion ensued relative to the following: • The desire for market and below-market rental units to be included in development applications that are in close proximity to public transit",Main motion,Carried,9,0,0,Teri Towner,,In favour,In favour,In favour,In favour,In favour,In favour,In favour,In favour,In favour,Housing & density; Development; Transportation,,,,https://coquitlam.ca.granicus.com/MinutesViewer.php?view_id=2&clip_id=2505&doc_id=314d0eac-3083-11ee-a920-06b52bf42634,https://coquitlam.ca.granicus.com/MediaPlayer.php?view_id=2&clip_id=2505,https://councilrecord.ca/coquitlam.html#vote/12vwtzi,"That Council: 1. Give first reading to Zoning Amendment Bylaw No. 5310, 2023; 2. Refer Bylaw No. 5310, 2023 to Public Hearing; 3. Authorize staff to prepare Development Permit No. 22 115260 DP generally in accordance with the attached drawings (Attachment 6), should Council grant second and third readings to the Bylaw; 4. Acknowledge that the applicant has requested a variance to the Zoning Bylaw as described in this report as follows: a. In Subsection 1205 (11) (a), the maximum length of a building for an apartment use is increased from 65 metres (m) (213.3 feet (ft.)) to 66.3 m (217.5 ft.); and 5. Instruct staff to complete the following items prior to Council’s consideration of fourth and final reading, should Council grant second and third readings to the Bylaw: a. Submission of a subdivision plan to the satisfaction of the Approving Officer; b. Resolution of all engineering requirements and issues including restrictive covenants, dedications and rights-of-way where necessary, to the satisfaction of the General Manager Engineering and Public Works; c. Resolution of the Transportation Demand Management (“TDM”) measures and Traffic Impact Assessment (TIA) comments to the satisfaction of the General Manager Engineering and Public Works; d. Resolution of all urban design issues to the satisfaction of the Director Development Services; and e. Finalize, execute and deliver to the City, the following agreements in Land Title Office registrable form: i. One or more owner-maintained statutory rights-of-way in favour of the City over all publically accessible spaces, including the 4.0-metre-wide pedestrian pathway along the eastern property line; ii. Section 219 Covenant to guarantee the provision of 33 adaptable units in the proposed development; iii. Section 219 Restrictive Covenant to provide TDM measures; and iv. Such other Land Title Office registrable agreements as may be required by the City."
2023-07-17,Regular Council,8,Report of the General Manager Legislative Services – UBCM Disaster Risk Reduction – Climate Adaptation Grant,Main motion,Carried,9,0,0,Trish Mandewo,,In favour,In favour,In favour,In favour,In favour,In favour,In favour,In favour,In favour,Taxes & spending; Environment & climate; Governance & elections,,,,https://coquitlam.ca.granicus.com/MinutesViewer.php?view_id=2&clip_id=2505&doc_id=314d0eac-3083-11ee-a920-06b52bf42634,https://coquitlam.ca.granicus.com/MediaPlayer.php?view_id=2&clip_id=2505,https://councilrecord.ca/coquitlam.html#vote/1w93bq3,"That Council support the activities proposed in the City’s Hazard Risk and Vulnerability Analysis Project, including overall grant management, as required by the Union of BC Municipalities (UBCM) for its 2023 Disaster Risk Reduction – Climate Adaptation Grant Program."
2023-07-17,Regular Council,9,Report of the General Manager Legislative Services – Surplus Local Election Campaign Funds Policy,Main motion,Carried,9,0,0,Dennis Marsden,,In favour,In favour,In favour,In favour,In favour,In favour,In favour,In favour,In favour,Governance & elections,1 of 2,,,https://coquitlam.ca.granicus.com/MinutesViewer.php?view_id=2&clip_id=2505&doc_id=314d0eac-3083-11ee-a920-06b52bf42634,https://coquitlam.ca.granicus.com/MediaPlayer.php?view_id=2&clip_id=2505,https://councilrecord.ca/coquitlam.html#vote/n6m3zf,"That Council approve the Surplus Local Election Campaign Funds Policy included as Attachment 1 to the report of the General Manager Legislative Services dated July 10, 2023 and entitled “Surplus Local Election Campaign Funds Policy”."
2023-07-17,Regular Council,9,Report of the General Manager Legislative Services – Surplus Local Election Campaign Funds Policy,Main motion,Carried,9,0,0,Brent Asmundson,,In favour,In favour,In favour,In favour,In favour,In favour,In favour,In favour,In favour,Governance & elections,2 of 2,,,https://coquitlam.ca.granicus.com/MinutesViewer.php?view_id=2&clip_id=2505&doc_id=314d0eac-3083-11ee-a920-06b52bf42634,https://coquitlam.ca.granicus.com/MediaPlayer.php?view_id=2&clip_id=2505,https://councilrecord.ca/coquitlam.html#vote/oa7csl,That the Regular Council Meeting adjourn – 7:24 p.m.
2023-07-31,Regular Council,1,"Minutes of the Regular Council Meeting held on Monday, July 17, 2023",Main motion,Carried,8,0,1,Robert Mazzarolo,,In favour,Absent,In favour,In favour,In favour,In favour,In favour,In favour,In favour,Other,,,,https://coquitlam.ca.granicus.com/MinutesViewer.php?view_id=2&clip_id=2523&doc_id=41377a2c-518f-11ee-98ea-020b8fb91724,https://coquitlam.ca.granicus.com/MediaPlayer.php?view_id=2&clip_id=2523,https://councilrecord.ca/coquitlam.html#vote/17ab6tq,That Council re-order the Agenda to consider Item 15 at the end of the meeting.
2023-07-31,Regular Council,2,"Minutes of the Universal Access-Ability Advisory Committee Meeting held on Tuesday, June 6, 2023",Procedural,Carried,8,0,1,Teri Towner,,In favour,Absent,In favour,In favour,In favour,In favour,In favour,In favour,In favour,Governance & elections,,,,https://coquitlam.ca.granicus.com/MinutesViewer.php?view_id=2&clip_id=2523&doc_id=41377a2c-518f-11ee-98ea-020b8fb91724,https://coquitlam.ca.granicus.com/MediaPlayer.php?view_id=2&clip_id=2523,https://councilrecord.ca/coquitlam.html#vote/14b2pea,"That the Minutes of the Universal Access-Ability Advisory Committee Meeting held on Tuesday, June 6, 2023 be received."
2023-07-31,Regular Council,3,"Minutes of the Culture Services Advisory Committee Meeting held on Thursday, June 8, 2023",Procedural,Carried,8,0,1,Steve Kim,,In favour,Absent,In favour,In favour,In favour,In favour,In favour,In favour,In favour,Parks & recreation; Governance & elections,,,,https://coquitlam.ca.granicus.com/MinutesViewer.php?view_id=2&clip_id=2523&doc_id=41377a2c-518f-11ee-98ea-020b8fb91724,https://coquitlam.ca.granicus.com/MediaPlayer.php?view_id=2&clip_id=2523,https://councilrecord.ca/coquitlam.html#vote/1usn1h2,"That the Minutes of the Culture Services Advisory Committee Meeting held on Thursday, June 8, 2023 be received."
2023-07-31,Regular Council,4,"Minutes of the Sports and Recreation Advisory Committee Meeting on Wednesday, June 14, 2023",Procedural,Carried,8,0,1,Matt Djonlic,,In favour,Absent,In favour,In favour,In favour,In favour,In favour,In favour,In favour,Parks & recreation; Governance & elections,,,,https://coquitlam.ca.granicus.com/MinutesViewer.php?view_id=2&clip_id=2523&doc_id=41377a2c-518f-11ee-98ea-020b8fb91724,https://coquitlam.ca.granicus.com/MediaPlayer.php?view_id=2&clip_id=2523,https://councilrecord.ca/coquitlam.html#vote/emcomm,"That the Minutes of the Sports and Recreation Advisory Committee Meeting held on Wednesday, June 14, 2023 be received."
2023-07-31,Regular Council,5,"Minutes of the Economic Development Advisory Committee Meeting held on Wednesday, June 28, 2023",Procedural,Carried,8,0,1,Trish Mandewo,,In favour,Absent,In favour,In favour,In favour,In favour,In favour,In favour,In favour,Business & economy; Governance & elections,,,,https://coquitlam.ca.granicus.com/MinutesViewer.php?view_id=2&clip_id=2523&doc_id=41377a2c-518f-11ee-98ea-020b8fb91724,https://coquitlam.ca.granicus.com/MediaPlayer.php?view_id=2&clip_id=2523,https://councilrecord.ca/coquitlam.html#vote/h6gu5a,"That the Minutes of the Economic Development Advisory Committee Meeting held on Wednesday, June 28, 2023 be received."
2023-07-31,Regular Council,6,"Zoning Amendment Bylaw No. 5286, 2023 – 717 Edgar Avenue",Main motion,Carried,8,0,1,Craig Hodge,,In favour,Absent,In favour,In favour,In favour,In favour,In favour,In favour,In favour,Development,,,,https://coquitlam.ca.granicus.com/MinutesViewer.php?view_id=2&clip_id=2523&doc_id=41377a2c-518f-11ee-98ea-020b8fb91724,https://coquitlam.ca.granicus.com/MediaPlayer.php?view_id=2&clip_id=2523,https://councilrecord.ca/coquitlam.html#vote/15cqw81,"That Council give second and third readings to Zoning Amendment Bylaw No. 5286, 2023."
2023-07-31,Regular Council,7,"Zoning Amendment Bylaw No. 5129, 2023 – 3469 Baycrest Avenue",Main motion,Carried,8,0,1,Teri Towner,,In favour,Absent,In favour,In favour,In favour,In favour,In favour,In favour,In favour,Development,,,,https://coquitlam.ca.granicus.com/MinutesViewer.php?view_id=2&clip_id=2523&doc_id=41377a2c-518f-11ee-98ea-020b8fb91724,https://coquitlam.ca.granicus.com/MediaPlayer.php?view_id=2&clip_id=2523,https://councilrecord.ca/coquitlam.html#vote/31iu7l,"That Council give second and third readings to Zoning Amendment Bylaw No. 5129, 2023."
2023-07-31,Regular Council,8,"Zoning Amendment Bylaw No. 5328, 2023 – 701 and 703 Delestre Avenue Discussion ensued relative to the Good Neighbour Policy and the desire for the developer to improve communication with residents who are experiencing construction noise.",Main motion,Carried,8,0,1,Dennis Marsden,,In favour,Absent,In favour,In favour,In favour,In favour,In favour,In favour,In favour,Development; Neighbourhood character,,,,https://coquitlam.ca.granicus.com/MinutesViewer.php?view_id=2&clip_id=2523&doc_id=41377a2c-518f-11ee-98ea-020b8fb91724,https://coquitlam.ca.granicus.com/MediaPlayer.php?view_id=2&clip_id=2523,https://councilrecord.ca/coquitlam.html#vote/pf9zlt,"That Council give second and third readings to Zoning Amendment Bylaw No. 5328, 2023."
2023-07-31,Regular Council,9,"Zoning Amendment Bylaw No. 5310, 2023 – 702, 706, 710 and 712 Como Lake Avenue, and 705, 707, 711 and 715 Grover Avenue Discussion ensued relative to the following: • The project’s proximity to the SkyTrain station • Missed opportunities for below-market and purpose-built rental units • Provision of childcare spaces",Main motion,Carried,8,0,1,Dennis Marsden,,In favour,Absent,In favour,In favour,In favour,In favour,In favour,In favour,In favour,Housing & density; Development; Transportation; Public services,,,,https://coquitlam.ca.granicus.com/MinutesViewer.php?view_id=2&clip_id=2523&doc_id=41377a2c-518f-11ee-98ea-020b8fb91724,https://coquitlam.ca.granicus.com/MediaPlayer.php?view_id=2&clip_id=2523,https://councilrecord.ca/coquitlam.html#vote/bgw5px,"That Council give second and third readings to Zoning Amendment Bylaw No. 5310, 2023."
2023-07-31,Regular Council,10,Report of the Acting Director Development Services – Development Application at 2660 Barnet Highway – PC Urban (PROJ 22-094),Main motion,Carried,8,0,1,Trish Mandewo,,In favour,Absent,In favour,In favour,In favour,In favour,In favour,In favour,In favour,Development,,,,https://coquitlam.ca.granicus.com/MinutesViewer.php?view_id=2&clip_id=2523&doc_id=41377a2c-518f-11ee-98ea-020b8fb91724,https://coquitlam.ca.granicus.com/MediaPlayer.php?view_id=2&clip_id=2523,https://councilrecord.ca/coquitlam.html#vote/122u61g,That Council approve the signing and sealing of Development Permit No. 22 113563 DP and that the Mayor and City Clerk be authorized to execute this permit on behalf of the City of Coquitlam.
2023-07-31,Regular Council,11,Report of the Acting Director Development Services – Development Application at 1292 Rosenburg Way – David Eaton Architect (PROJ 22-098),Main motion,Carried,8,0,1,Trish Mandewo,,In favour,Absent,In favour,In favour,In favour,In favour,In favour,In favour,In favour,Development,,,,https://coquitlam.ca.granicus.com/MinutesViewer.php?view_id=2&clip_id=2523&doc_id=41377a2c-518f-11ee-98ea-020b8fb91724,https://coquitlam.ca.granicus.com/MediaPlayer.php?view_id=2&clip_id=2523,https://councilrecord.ca/coquitlam.html#vote/15fckdy,That Council approve the signing and sealing of Development Permit No. 22 114251 DP and authorize the Mayor and City Clerk to execute this Permit on behalf of the City of Coquitlam.
2023-07-31,Regular Council,12,Report of the Acting Director Development Services – Final Approval of Development Application at 3546 Monson Crescent and 3575 Victoria Drive – Infinity Properties (Baycrest) Ltd. (PROJ 20-028),Main motion,Carried,8,0,1,Teri Towner,,In favour,Absent,In favour,In favour,In favour,In favour,In favour,In favour,In favour,Housing & density; Development,,,,https://coquitlam.ca.granicus.com/MinutesViewer.php?view_id=2&clip_id=2523&doc_id=41377a2c-518f-11ee-98ea-020b8fb91724,https://coquitlam.ca.granicus.com/MediaPlayer.php?view_id=2&clip_id=2523,https://councilrecord.ca/coquitlam.html#vote/1qrz4jq,"That Council: 1. Give fourth and final reading to Citywide Official Community Plan Amendment Bylaw No. 5073, 2022; 2. Give fourth and final reading to Zoning Amendment Bylaw No. 5074, 2022; and 3. Approve the signing and sealing of Development Permit No. 20 105457 DP and authorize the Mayor and City Clerk to execute this Permit on behalf of the City of Coquitlam."
2023-07-31,Regular Council,13,"Report of the Acting Director Development Services – Final Approval of Development Application at 634-642 Tyndall Street – Quantum Properties (PROJ 21-088) Discussion ensued relative to concerns regarding the composition of units, including the high number of studio units.",Main motion,Carried,8,0,1,Trish Mandewo,,In favour,Absent,In favour,In favour,In favour,In favour,In favour,In favour,In favour,Development,,,,https://coquitlam.ca.granicus.com/MinutesViewer.php?view_id=2&clip_id=2523&doc_id=41377a2c-518f-11ee-98ea-020b8fb91724,https://coquitlam.ca.granicus.com/MediaPlayer.php?view_id=2&clip_id=2523,https://councilrecord.ca/coquitlam.html#vote/pp7p8z,"That Council: 1. Give fourth and final reading to Zoning Amendment Bylaw No. 5289, 2023; and 2. Approve the signing and sealing of Development Permit No. 21 110654 DP and authorize the Mayor and City Clerk to execute this Permit on behalf of the City of Coquitlam. Councillors Mazzarolo and Djonlic registered opposition."
2023-07-31,Regular Council,14,"Report of the Acting Director Development Services – Final Approval of Development Application at 637, 639 and 641 Aspen Street, 574 and 582 Foster Avenue, and a lane – PrimeInvest Management (PROJ 21-003)",Main motion,Carried,8,0,1,Teri Towner,,In favour,Absent,In favour,In favour,In favour,In favour,In favour,In favour,In favour,Development; Transportation,,,,https://coquitlam.ca.granicus.com/MinutesViewer.php?view_id=2&clip_id=2523&doc_id=41377a2c-518f-11ee-98ea-020b8fb91724,https://coquitlam.ca.granicus.com/MediaPlayer.php?view_id=2&clip_id=2523,https://councilrecord.ca/coquitlam.html#vote/1we9nx8,"That Council: 1. Give fourth and final reading to Zoning Amendment Bylaw No. 5230, 2022; 2. Give fourth and final reading to Highway Dedication Cancellation Bylaw No. 5246, 2022; and 3. Approve the signing and sealing of Development Permit No. 21 102419 DP and authorize the Mayor and City Clerk to execute this Permit on behalf of the City of Coquitlam. A member of Council requested separation of the motion: That Council: 1. Give fourth and final reading to Zoning Amendment Bylaw No. 5230, 2022; and 2. Give fourth and final reading to Highway Dedication Cancellation Bylaw No. 5246, 2022."
2023-07-31,Regular Council,16,"Report of the Acting Director Development Services – Development Application at 591, 595, 599, 605 and 611 Harrison Avenue and a Lane – Domus Projects Ltd. (PROJ 21-179) Discussion ensued relative to the following: • Concerns regarding composition of units and the need to protect land use sites for family-size units • Stacked versus conventional townhouse models",Main motion,Carried,8,0,1,Dennis Marsden,,In favour,Absent,In favour,In favour,In favour,In favour,In favour,In favour,In favour,Housing & density; Development; Transportation,,,,https://coquitlam.ca.granicus.com/MinutesViewer.php?view_id=2&clip_id=2523&doc_id=41377a2c-518f-11ee-98ea-020b8fb91724,https://coquitlam.ca.granicus.com/MediaPlayer.php?view_id=2&clip_id=2523,https://councilrecord.ca/coquitlam.html#vote/1fgb4y,"That Council: 1. Give first reading to Zoning Amendment Bylaw No. 5264, 2023; 2. Refer Zoning Bylaw No. 5264, 2023 to Public Hearing; 3. Authorize staff to prepare Development Permit No. 21 120131 DP generally in accordance with the attached drawings (Attachment 6), should Council grant second and third readings to the Bylaw; 4. Acknowledge that the applicant has requested a variance to the Zoning Bylaw as described in this report as follows: a. In Subsection 1204 (8) (a) in Part 12, RM-2 Three-Storey Medium Density Apartment Residential, the minimum permitted interior side yard setback is reduced from 4.5 metres (m) (14.7 feet (ft.)) to 3.45 m (11.3 ft.) for Buildings 1 and 3; 5. Give first, second, and third readings to Highway Dedication Cancellation Bylaw No. 5265, 2023; 6. Direct Highway Dedication Cancellation Bylaw No. 5265, 2023 to be advertised in accordance with the requirements of the Community Charter; and 7. Instruct staff to complete the following items prior to Council’s consideration of fourth and final reading, should Council grant second and third readings to Zoning Amendment Bylaw No. 5264, 2023: a. Submission of a subdivision plan to the satisfaction of the Approving Officer; b. Ensure that all engineering requirements and issues including restrictive covenants, dedications and rights-of-way where necessary, are addressed to the satisfaction of the General Manager Engineering and Public Works; c. Completion of road closure process for the north-south running lane located between 599 and 605 Harrison Avenue; d. Enter into a Purchase and Sale Agreement to the satisfaction of the City Solicitor; e. Finalize Watercourse Protection Development Permit No. 22 113769 DP; f. Satisfy the Transportation Demand Management (TDM) measures and Traffic Impact Assessment (TIA) comments to the satisfaction of the General Manager Engineering and Public Works; g. Resolution of all urban design issues to the satisfaction of the Director Development Services; and h. Finalize, execute and deliver to the City, the following agreements in Land Title Office registrable form: i. One or more owner-maintained statutory rights-of-way in favour of the City over all publically accessible spaces, including the 6.0 m (19.7 ft.) wide pathway running north-south through the center of the site; ii. Section 219 Restrictive Covenant to protect the Streamside Protection and Enhancement Area (SPEA) of Consultation Creek, to the satisfaction of Environmental Services; iii. Section 219 Restrictive Covenant to provide TDM measures; and iv. Such other Land Title Office registrable agreements as may be required by the City. Councillor Mazzarolo registered opposition."
2023-07-31,Regular Council,17,Report of the Acting Director Development Services – Development Application at 3483 Forst Avenue – Morningsun Homes Ltd. (PROJ 21-100) Discussion ensued relative to concerns in regard to lowering density too far in developments in favour of large units.,Main motion,Carried,8,0,1,Steve Kim,,In favour,Absent,In favour,In favour,In favour,In favour,In favour,In favour,In favour,Housing & density; Development,,,,https://coquitlam.ca.granicus.com/MinutesViewer.php?view_id=2&clip_id=2523&doc_id=41377a2c-518f-11ee-98ea-020b8fb91724,https://coquitlam.ca.granicus.com/MediaPlayer.php?view_id=2&clip_id=2523,https://councilrecord.ca/coquitlam.html#vote/1ab6x8c,"That Council: 1. Give first reading to Zoning Amendment Bylaw No. 5330, 2023; 2. Refer Zoning Amendment Bylaw No. 5330, 2023 to Public Hearing; and 3. Instruct staff to complete the following items prior to Council’s consideration of fourth and final reading, should Council grant second and third readings to the Bylaw: a. Submission of a subdivision plan to the satisfaction of the Approving Officer; b. Ensure that all engineering requirements and issues including restrictive covenants, dedications and rights-of-way where necessary, are addressed to the satisfaction of the General Manager Engineering and Public Works; c. Resolution of all urban design issues to the satisfaction of the Director Development Services; and d. Finalize, execute and deliver to the City, the following agreements in Land Title Office registrable form: i. Section 219 Restrictive Covenant to prohibit occupancy until the full width of Forst Avenue along the site is constructed and until such time as one or more access easements and Statutory Rights-of-Way are registered; and ii. Such other Land Title Office registrable agreements as may be required by the City."
2023-07-31,Regular Council,18,Report of the Acting Director Development Services – Development Application at 3631 and 3635 Harper Road and a Portion of 3531 Hickstead Avenue – Double Kappa Holdings Ltd. (Wesbild) (PROJ 20-052) Discussion ensued relative to the following: • Concern for the site not being redeveloped with higher density • The desire for more affordable units in the community,Main motion,Carried,8,0,1,Dennis Marsden,,In favour,Absent,In favour,In favour,In favour,In favour,In favour,In favour,In favour,Housing & density; Development,,,,https://coquitlam.ca.granicus.com/MinutesViewer.php?view_id=2&clip_id=2523&doc_id=41377a2c-518f-11ee-98ea-020b8fb91724,https://coquitlam.ca.granicus.com/MediaPlayer.php?view_id=2&clip_id=2523,https://councilrecord.ca/coquitlam.html#vote/12pjysi,"That Council: 1. Give first reading to Citywide Official Community Plan Amendment Bylaw No. 5325, 2023; 2. In accordance with the Local Government Act, consider Bylaw No. 5325, 2023 in conjunction with 2023 Five Year Financial Plan Bylaw No. 5300, 2023 and the Regional Solid Waste Management Plan; 3. Give first reading to Zoning Amendment Bylaw No. 5324, 2023; 4. Refer Bylaw Nos. 5324, 2023 and 5325, 2023 to Public Hearing; 5. Acknowledge that the applicant has requested variances to the Zoning Bylaw as described in this report as follows: a. In Subsection 516(5), in Part 5, the maximum number of tiered retaining wall systems between the rear lot lines of proposed single-family residential Lots 1 through 12 and the existing single-family residential lots to the north is increased from one to two; b. In Subsection 1008(10), in the RS-8 Large Village Single Family Residential zone, the maximum height for a one-family residential building is increased from 11.0 metres (m) (36 feet (ft.)) to 12.0 m (39 ft.) for proposed Lots 2 through 15 and 19 through 21; and c. In Subsection 1009(10), in the RS-9 Large Single Family Residential zone, the maximum height for a one-family residential building is increased from 11.0 m (36 ft.) to 12.0 m (39 ft.) for proposed Lot 23; and 6. Instruct staff to complete the following items prior to Council’s consideration of fourth and final reading, should Council grant second and third readings to Citywide Official Community Plan Amendment Bylaw No. 5325, 2023 and Zoning Amendment Bylaw No. 5324, 2023: a. Submission of a subdivision plan to the satisfaction of the Approving Officer; b. Ensure that all engineering requirements and issues are addressed to the satisfaction of the General Manager Engineering and Public Works, including but not limited to the physical construction of lot grading, retaining structures, and associated erosion and drainage control measures; c. Finalize Watercourse Protection Development Permit No. 22 115265 DP to the satisfaction of the Manager Environmental Services; d. Finalize Wildfire Interface Risk Management Development Permit No. 22 115364 DP to the satisfaction of the Fire Chief; e. Transfer of title to the City of the Streamside Protection and Enhancement Area (SPEA) for environmental protection purposes; f. Transfer of title to the City of an approximately 1,230 sq. m (13,240 sq. ft.) parcel for future park purposes; and g. Finalize, execute and deliver to the City, the following agreements in Land Title Office registrable form: i. Section 219 restrictive covenant to ensure the subject site is developed in accordance with the building design and landscaping recommendations contained in the report entitled “Wildfire Risk Management Plan Assessment Report” by Diamond Head Consulting, dated July 7, 2022 or as may be amended; ii. Section 219 restrictive covenant to ensure the subject site is developed in accordance with the recommendations contained in the memorandum entitled “Geotechnical Design for the Proposed Lot Grading” by Thurber Engineering Ltd., dated May 19, 2023 or as may be amended; iii. Section 219 restrictive covenant to ensure that tree removal, protection and replacement proceeds in accordance with the recommendations of the report entitled “Arboricultural Inventory and Report” and attached Tree Management Plan by Diamond Head Consulting, dated May 26, 2023 or as may be amended; iv. Section 219 restrictive covenant and easements to ensure the shared retaining walls on the subject site are appropriately monitored and maintained by the future property owners; and v. Such other Land Title Office registrable agreements as may be required by the City. Councillor Mazzarolo registered opposition."
2023-07-31,Regular Council,15,Report of the General Manager Planning and Development – Zoning Text Amendments to Implement the Housing Affordability Strategy (PROJ 23-064) Discussion ensued relative to the following: • Concern with lock-off units increasing the purchase prices of housing • Concern with conversation away from family-sized units • The desire to keep lock-off units in the proximity of high transit areas,Main motion,Carried,8,0,1,Trish Mandewo,,In favour,Absent,In favour,In favour,In favour,In favour,In favour,In favour,In favour,Housing & density; Development; Transportation,1 of 2,,,https://coquitlam.ca.granicus.com/MinutesViewer.php?view_id=2&clip_id=2523&doc_id=41377a2c-518f-11ee-98ea-020b8fb91724,https://coquitlam.ca.granicus.com/MediaPlayer.php?view_id=2&clip_id=2523,https://councilrecord.ca/coquitlam.html#vote/h1886y,"That Council: 1. Give first reading to Zoning Amendment Bylaw No. 5331, 2023; and 2. Refer Bylaw No. 5331, 2023 to Public Hearing. Councillor Mazzarolo registered opposition."
2023-07-31,Regular Council,15,Report of the General Manager Planning and Development – Zoning Text Amendments to Implement the Housing Affordability Strategy (PROJ 23-064) Discussion ensued relative to the following: • Concern with lock-off units increasing the purchase prices of housing • Concern with conversation away from family-sized units • The desire to keep lock-off units in the proximity of high transit areas,Main motion,Carried,8,0,1,Dennis Marsden,,In favour,Absent,In favour,In favour,In favour,In favour,In favour,In favour,In favour,Housing & density; Development; Transportation,2 of 2,,,https://coquitlam.ca.granicus.com/MinutesViewer.php?view_id=2&clip_id=2523&doc_id=41377a2c-518f-11ee-98ea-020b8fb91724,https://coquitlam.ca.granicus.com/MediaPlayer.php?view_id=2&clip_id=2523,https://councilrecord.ca/coquitlam.html#vote/1mm0z2e,That the Regular Council Meeting adjourn – 10:05 p.m.
2023-09-11,Regular Council,4,"Zoning Amendment Bylaw No. 5330, 2023 – 3483 Forst Avenue",Main motion,Carried,9,0,0,Dennis Marsden,,In favour,In favour,In favour,In favour,In favour,In favour,In favour,In favour,In favour,Development,,,,https://coquitlam.ca.granicus.com/MinutesViewer.php?view_id=2&clip_id=2536&doc_id=b5598d27-5ca1-11ee-98ea-020b8fb91724,https://coquitlam.ca.granicus.com/MediaPlayer.php?view_id=2&clip_id=2536,https://councilrecord.ca/coquitlam.html#vote/q6t8a3,"That Council give second and third readings to Zoning Amendment Bylaw No. 5330, 2023."
2023-09-11,Regular Council,5,"Citywide Official Community Plan Amendment Bylaw No. 5325, 2023 and Zoning Amendment Bylaw No. 5324, 2023 – 3631 and 3635 Harper Road and a Portion of 3531 Hickstead Avenue Discussion ensued relative to the desire for more townhome developments in the Burke Mountain Neighbourhood to address the need for ‘family-sized’ housing.",Main motion,Carried,9,0,0,Brent Asmundson,,In favour,In favour,In favour,In favour,In favour,In favour,In favour,In favour,In favour,Housing & density; Development,,,,https://coquitlam.ca.granicus.com/MinutesViewer.php?view_id=2&clip_id=2536&doc_id=b5598d27-5ca1-11ee-98ea-020b8fb91724,https://coquitlam.ca.granicus.com/MediaPlayer.php?view_id=2&clip_id=2536,https://councilrecord.ca/coquitlam.html#vote/1gdhzdn,"That Council give second and third readings to Citywide Official Community Plan Amendment Bylaw No. 5325, 2023 and Zoning Amendment Bylaw No. 5324, 2023. Councillor Mazzarolo registered opposition."
2023-09-11,Regular Council,6,"Zoning Amendment Bylaw No. 5264, 2023 – 591, 595, 599, 605, and 611 Harrison Avenue and a Lane Discussion ensued relative to the following: • Concern for the lack of ‘family-sized’ units as part of the development • The benefits and drawbacks of stacked versus conventional townhouse forms",Main motion,Carried,9,0,0,Brent Asmundson,,In favour,In favour,In favour,In favour,In favour,In favour,In favour,In favour,In favour,Housing & density; Development; Transportation,,,,https://coquitlam.ca.granicus.com/MinutesViewer.php?view_id=2&clip_id=2536&doc_id=b5598d27-5ca1-11ee-98ea-020b8fb91724,https://coquitlam.ca.granicus.com/MediaPlayer.php?view_id=2&clip_id=2536,https://councilrecord.ca/coquitlam.html#vote/8y5qu6,"That Council give second and third readings to Zoning Amendment Bylaw No. 5264, 2023. Councillor Mazzarolo registered opposition."
2023-09-11,Regular Council,7,"Zoning Amendment Bylaw No. 5331, 2023 – Implementation of the Housing Affordability Strategy Discussion ensued relative to the following: • Concern that the City cannot dictate the design of lock-off suites and the desire to ensure the suites are not ‘hotel’ style units • The desire to ensure the expansion of available zoning for lock-off suites",Main motion,Carried,9,0,0,Teri Towner,,In favour,In favour,In favour,In favour,In favour,In favour,In favour,In favour,In favour,Housing & density; Development; Business & economy,,,,https://coquitlam.ca.granicus.com/MinutesViewer.php?view_id=2&clip_id=2536&doc_id=b5598d27-5ca1-11ee-98ea-020b8fb91724,https://coquitlam.ca.granicus.com/MediaPlayer.php?view_id=2&clip_id=2536,https://councilrecord.ca/coquitlam.html#vote/1ufnwg5,"That Council give second, third, and fourth and final readings to Zoning Amendment Bylaw No. 5331, 2023. Councillor Asmundson registered opposition."
2023-09-11,Regular Council,8,Report of the Acting Director Development Services – Final Approval of Development Application at 604-616 Harrison Avenue and 605-615 Kemsley Avenue – Wanson Development Ltd. (PROJ 21-061),Main motion,Carried,9,0,0,Brent Asmundson,,In favour,In favour,In favour,In favour,In favour,In favour,In favour,In favour,In favour,Development,,,,https://coquitlam.ca.granicus.com/MinutesViewer.php?view_id=2&clip_id=2536&doc_id=b5598d27-5ca1-11ee-98ea-020b8fb91724,https://coquitlam.ca.granicus.com/MediaPlayer.php?view_id=2&clip_id=2536,https://councilrecord.ca/coquitlam.html#vote/z8kae7,"That Council: 1. Give fourth and final reading to Zoning Amendment Bylaw No. 5271, 2022; and 2. Approve the signing and sealing of Development Permit No. 21107420 DP and authorize the Mayor and City Clerk to execute this Permit on behalf of the City of Coquitlam."
2023-09-11,Regular Council,9,Report of the Acting Director Development Services – Development Application at 963 and 973 Edgar Avenue – Flat Architecture Inc. (PROJ 20-020),Main motion,Carried,8,0,1,Trish Mandewo,,Absent,In favour,In favour,In favour,In favour,In favour,In favour,In favour,In favour,Development,,,,https://coquitlam.ca.granicus.com/MinutesViewer.php?view_id=2&clip_id=2536&doc_id=b5598d27-5ca1-11ee-98ea-020b8fb91724,https://coquitlam.ca.granicus.com/MediaPlayer.php?view_id=2&clip_id=2536,https://councilrecord.ca/coquitlam.html#vote/jythsf,"That Council: 1. Give first reading to Zoning Amendment Bylaw No. 5337, 2023; 2. Refer Bylaw No. 5337, 2023 to Public Hearing; and 3. Instruct staff to complete the following items prior to Council’s consideration of fourth and final reading, should Council grant second and third readings to the Bylaw: a. Submission of a subdivision plan to the satisfaction of the Approving Officer; b. Resolution of all engineering requirements and issues including restrictive covenants, dedications and rights-of-way where necessary, to the satisfaction of the General Manager Engineering and Public Works; and c. Finalization, execution and delivery to the City, Land Title Office registerable agreements as may be required by the City."
2023-09-11,Regular Council,10,"Report of the General Manager Parks, Recreation, Culture and Facilities – Burke Mountain Joint School/Park Site Works Budget Discussion ensued relative to concern that half of the City’s allotted Growing Communities Fund grant received earlier this year would be utilized to secure the funding gap for this project. In response to a question from Council, the Deputy City Manager noted the 2024",Main motion,Carried,9,0,0,Brent Asmundson,,In favour,In favour,In favour,In favour,In favour,In favour,In favour,In favour,In favour,Taxes & spending; Parks & recreation,,,,https://coquitlam.ca.granicus.com/MinutesViewer.php?view_id=2&clip_id=2536&doc_id=b5598d27-5ca1-11ee-98ea-020b8fb91724,https://coquitlam.ca.granicus.com/MediaPlayer.php?view_id=2&clip_id=2536,https://councilrecord.ca/coquitlam.html#vote/roitrx,"That Council: 1. Authorize the City to enter into a Shared Works Agreement with School District #43 (“SD43”) in the amount of $16,633,500; and 2. Allocate $9,600,000 from the Growing Communities Fund grant in 2023 to fund the City’s share of the site works cost."
2023-09-11,Regular Council,11,"Report of the Deputy City Manager – Development Cost Charges Amendment Bylaw No. 5332, 2023",Main motion,Carried,9,0,0,Dennis Marsden,,In favour,In favour,In favour,In favour,In favour,In favour,In favour,In favour,In favour,Development; Taxes & spending,,,,https://coquitlam.ca.granicus.com/MinutesViewer.php?view_id=2&clip_id=2536&doc_id=b5598d27-5ca1-11ee-98ea-020b8fb91724,https://coquitlam.ca.granicus.com/MediaPlayer.php?view_id=2&clip_id=2536,https://councilrecord.ca/coquitlam.html#vote/df5mfc,"That Council give first, second and third readings to Development Cost Charges Amendment Bylaw No. 5332, 2023."
2023-09-11,Regular Council,12,Report of the Deputy City Manager – Support for a Tri-Cities Peer Assisted Care Team Discussion ensued relative to the following: • Support for the advancement of the Tri-Cities Peer Assisted Care Team (PACT) • Optimism for other local governments and local non-profit organizations,Main motion,Carried,9,0,0,Craig Hodge,,In favour,In favour,In favour,In favour,In favour,In favour,In favour,In favour,In favour,Governance & elections,1 of 2,,,https://coquitlam.ca.granicus.com/MinutesViewer.php?view_id=2&clip_id=2536&doc_id=b5598d27-5ca1-11ee-98ea-020b8fb91724,https://coquitlam.ca.granicus.com/MediaPlayer.php?view_id=2&clip_id=2536,https://councilrecord.ca/coquitlam.html#vote/1nusygs,"That Council direct staff to coordinate with interested local governments and local non-profit organizations in support of a Tri-Cities Peer Assisted Care Team (PACT), including a joint letter of support to the Minister of Mental Health and Addictions."
2023-09-11,Regular Council,12,Report of the Deputy City Manager – Support for a Tri-Cities Peer Assisted Care Team Discussion ensued relative to the following: • Support for the advancement of the Tri-Cities Peer Assisted Care Team (PACT) • Optimism for other local governments and local non-profit organizations,Main motion,Carried,9,0,0,Brent Asmundson,,In favour,In favour,In favour,In favour,In favour,In favour,In favour,In favour,In favour,Other,2 of 2,,,https://coquitlam.ca.granicus.com/MinutesViewer.php?view_id=2&clip_id=2536&doc_id=b5598d27-5ca1-11ee-98ea-020b8fb91724,https://coquitlam.ca.granicus.com/MediaPlayer.php?view_id=2&clip_id=2536,https://councilrecord.ca/coquitlam.html#vote/1lpz6cs,That the Regular Council Meeting adjourn – 9:49 p.m.
2023-09-25,Regular Council,4,"Informal Meeting Notes of the Community Safety Advisory Committee Meeting held on Thursday, June 29, 2023",Procedural,Carried,8,0,1,Teri Towner,,In favour,In favour,In favour,Absent,In favour,In favour,In favour,In favour,In favour,Public services; Governance & elections,,,,https://coquitlam.ca.granicus.com/MinutesViewer.php?view_id=2&clip_id=2541&doc_id=72e7f70d-6d0d-11ee-98ea-020b8fb91724,https://coquitlam.ca.granicus.com/MediaPlayer.php?view_id=2&clip_id=2541,https://councilrecord.ca/coquitlam.html#vote/1icayif,"That the Informal Meeting Notes of the Community Safety Advisory Committee Meeting held on Thursday, June 29, 2023 be received."
2023-09-25,Regular Council,5,"Minutes of the Sustainability and Environmental Advisory Committee Meeting held on Tuesday, July 25, 2023",Procedural,Carried,8,0,1,Brent Asmundson,,In favour,In favour,In favour,Absent,In favour,In favour,In favour,In favour,In favour,Environment & climate; Public services; Governance & elections,,,,https://coquitlam.ca.granicus.com/MinutesViewer.php?view_id=2&clip_id=2541&doc_id=72e7f70d-6d0d-11ee-98ea-020b8fb91724,https://coquitlam.ca.granicus.com/MediaPlayer.php?view_id=2&clip_id=2541,https://councilrecord.ca/coquitlam.html#vote/dn98nl,"That the Minutes of the Sustainability and Environmental Advisory Committee Meeting held on Tuesday, July 25, 2023 be received."
2023-09-25,Regular Council,6,"Report of the City Clerk – Fourth and Final Reading of Development Cost Charges Amendment Bylaw No. 5332, 2023",Main motion,Carried,8,0,1,Trish Mandewo,,In favour,In favour,In favour,Absent,In favour,In favour,In favour,In favour,In favour,Development; Taxes & spending,,,,https://coquitlam.ca.granicus.com/MinutesViewer.php?view_id=2&clip_id=2541&doc_id=72e7f70d-6d0d-11ee-98ea-020b8fb91724,https://coquitlam.ca.granicus.com/MediaPlayer.php?view_id=2&clip_id=2541,https://councilrecord.ca/coquitlam.html#vote/1lofo8m,"That Council give fourth and final reading to the Development Cost Charges Amendment Bylaw No. 5332, 2023."
2023-09-25,Regular Council,7,"Report of the Acting Director Development Services – Development Application at 1251 Ghuman Place – Beedie Fraser Mills LP (PROJ 22-080) Discussion ensued relative to the proposed building design, and the desire for an iconic design.",Main motion,Carried,8,0,1,Steve Kim,,In favour,In favour,In favour,Absent,In favour,In favour,In favour,In favour,In favour,Development,,,,https://coquitlam.ca.granicus.com/MinutesViewer.php?view_id=2&clip_id=2541&doc_id=72e7f70d-6d0d-11ee-98ea-020b8fb91724,https://coquitlam.ca.granicus.com/MediaPlayer.php?view_id=2&clip_id=2541,https://councilrecord.ca/coquitlam.html#vote/1mpepub,That Council approve the signing and sealing of Development Permit No. 22 111760 DP and authorize the Mayor and City Clerk to execute this Permit on behalf of the City of Coquitlam.
2023-09-25,Regular Council,8,Report of the Acting Director Development Services – Final Approval of Development Application at 1386 Glenbrook Street – Bluebell Development Corporation (PROJ 21-058),Main motion,Carried,8,0,1,Teri Towner,,In favour,In favour,In favour,Absent,In favour,In favour,In favour,In favour,In favour,Housing & density; Development,,,,https://coquitlam.ca.granicus.com/MinutesViewer.php?view_id=2&clip_id=2541&doc_id=72e7f70d-6d0d-11ee-98ea-020b8fb91724,https://coquitlam.ca.granicus.com/MediaPlayer.php?view_id=2&clip_id=2541,https://councilrecord.ca/coquitlam.html#vote/7j2egv,"That Council: 1. Give fourth and final reading to Citywide Official Community Plan Amendment Bylaw No. 5160, 2022; and 2. Give fourth and final reading to Zoning Amendment Bylaw No. 5161, 2022."
2023-09-25,Regular Council,9,Report of the Acting Director Development Services – Final Approval of Development Application at 3333 Willerton Court – True Light Building & Development (PROJ 21-176),Main motion,Carried,8,0,1,Trish Mandewo,,In favour,In favour,In favour,Absent,In favour,In favour,In favour,In favour,In favour,Development; Transportation,,,,https://coquitlam.ca.granicus.com/MinutesViewer.php?view_id=2&clip_id=2541&doc_id=72e7f70d-6d0d-11ee-98ea-020b8fb91724,https://coquitlam.ca.granicus.com/MediaPlayer.php?view_id=2&clip_id=2541,https://councilrecord.ca/coquitlam.html#vote/49op97,"That Council: 1. Give fourth and final reading to Zoning Amendment Bylaw No. 5293, 2023; and 2. Give fourth and final reading to Highway Dedication Cancellation Bylaw No. 5294, 2023."
2023-09-25,Regular Council,10,Report of the Acting Director Development Services – Final Approval of Development Application at 3515 Highland Drive – Mars Freedom Enterprises Ltd. (PROJ 19-111),Main motion,Carried,8,0,1,Trish Mandewo,,In favour,In favour,In favour,Absent,In favour,In favour,In favour,In favour,In favour,Development,,,,https://coquitlam.ca.granicus.com/MinutesViewer.php?view_id=2&clip_id=2541&doc_id=72e7f70d-6d0d-11ee-98ea-020b8fb91724,https://coquitlam.ca.granicus.com/MediaPlayer.php?view_id=2&clip_id=2541,https://councilrecord.ca/coquitlam.html#vote/10qncbf,"That Council give fourth and final reading to Zoning Amendment Bylaw No. 5083, 2020. Councillor Mazzarolo registered opposition."
2023-09-25,Regular Council,11,"Report of the Acting Director Development Services – Final Approval of Development Application at 571, 601, 609 Rochester Avenue and 572, 600, 602, 606 Madore Avenue – Circadian (Rochester) Developments Ltd. (PROJ 20-131) Discussion ensued relative to abiding by and following environmental measures",Main motion,Carried,8,0,1,Brent Asmundson,,In favour,In favour,In favour,Absent,In favour,In favour,In favour,In favour,In favour,Housing & density; Development; Environment & climate; Public services,,,,https://coquitlam.ca.granicus.com/MinutesViewer.php?view_id=2&clip_id=2541&doc_id=72e7f70d-6d0d-11ee-98ea-020b8fb91724,https://coquitlam.ca.granicus.com/MediaPlayer.php?view_id=2&clip_id=2541,https://councilrecord.ca/coquitlam.html#vote/k7mzno,"That Council: 1. Give fourth and final reading to Citywide Official Community Plan Amendment Bylaw No. 5224, 2022; 2. Give fourth and final reading to Zoning Amendment Bylaw No. 5225, 2022; 3. Give fourth and final reading to Heritage Revitalization Agreement Authorization Bylaw No. 5226, 2022; 4. Give fourth and final reading to Heritage Designation Bylaw No. 5227, 2022; and 5. Approve the proposed strata title conversion of the Pollard Residence. Mayor Stewart registered opposition."
2023-09-25,Regular Council,12,Report of the Acting Director Development Services – Development Application at 3333 Caliente Place – Gracorp (PROJ 21-128) Discussion ensued relative to the following:  Concern with regard to the construction timeline and street widths  Concern with regard to submissions apart of the Section 475 Consultation Correspondence (Attachment 8),Main motion,Carried,7,0,2,Dennis Marsden,,In favour,In favour,In favour,Absent,Absent,In favour,In favour,In favour,In favour,Housing & density; Development,,,,https://coquitlam.ca.granicus.com/MinutesViewer.php?view_id=2&clip_id=2541&doc_id=72e7f70d-6d0d-11ee-98ea-020b8fb91724,https://coquitlam.ca.granicus.com/MediaPlayer.php?view_id=2&clip_id=2541,https://councilrecord.ca/coquitlam.html#vote/wadcgx,"That Council: 1. Give first reading to Citywide Official Community Plan Amendment Bylaw No. 5335, 2023; 2. In accordance with the Local Government Act, consider Bylaw No. 5335, 2023, in conjunction with City of Coquitlam 2023 Five Year Financial Plan Bylaw No. 5300, 2023 and the Regional Solid Waste Management Plan; 3. Give first reading to Zoning Amendment Bylaw No. 5336, 2023; 4. Refer Bylaw Nos. 5335, 2023 and 5336, 2023 to Public Hearing; and 5. Instruct staff to complete the following items prior to Council’s consideration of fourth and final reading, should Council grant second and third readings to Citywide Official Community Plan Amendment Bylaw No. 5335, 2023 and Zoning Amendment Bylaw No. 5336, 2023: a. Submission of a subdivision plan to the satisfaction of the Approving Officer; b. Resolution of all engineering requirements and issues including restrictive covenants, dedications and rights-of-way where necessary, to the satisfaction of the General Manager Engineering and Public Works; c. Determination of the final alignment and design of the trail connection to the satisfaction of the General Manager Parks, Recreation, Culture and Facilities; d. Collection of security for the works required in connection with the final build-out of the trail connection by entering into a security agreement in a form satisfactory to the General Manager Parks, Recreation, Culture and Facilities; e. Transfer of fee simple title to the City for lands for future park purposes and the Streamside Protection and Enhancement Area (SPEA); f. Finalization of Watercourse Protection Development Permit No. 23 115094 DP to the satisfaction of the Manager Environmental Services; and g. Finalization, execution and delivery to the City, the following agreements in Land Title Office registrable form: i. One or more owner-maintained statutory rights-of-way in favour of the City over all publically accessible spaces, including the 4.0m (13.1 ft.) wide lane between proposed Lots 34 and 35; ii. Section 219 Restrictive Covenant over the proposed Lots 18, 19, 20, 37, 38, and 39 to ensure that the future development abides by the recommendations of the applicant’s geotechnical report, inclusive of the recommended setbacks from the top of slope; iii. Section 219 Restrictive Covenant to ensure that the future development abides by the recommendations of the applicant’s Windfirm Assessment Report; iv. Section 219 Restrictive Covenant to ensure that the future development abides by the recommendations of the applicant’s Arborist Report; and v. Such other Land Title Office registrable agreements as may be required by the City."
2023-09-25,Regular Council,13,"Report of the Acting Director Development Services – Development Application at 700, 702 and 704 Delestre Avenue – Allaire Properties Inc. (PROJ 22-137) Discussion ensued relative to childcare spaces, the Flowlink continuous water system, and construction management.",Main motion,Carried,8,0,1,Trish Mandewo,,In favour,In favour,In favour,Absent,In favour,In favour,In favour,In favour,In favour,Development; Public services,,,,https://coquitlam.ca.granicus.com/MinutesViewer.php?view_id=2&clip_id=2541&doc_id=72e7f70d-6d0d-11ee-98ea-020b8fb91724,https://coquitlam.ca.granicus.com/MediaPlayer.php?view_id=2&clip_id=2541,https://councilrecord.ca/coquitlam.html#vote/1nkon4q,"That Council: 1. Give first reading to Zoning Amendment Bylaw No. 5340, 2023; 2. Refer Bylaw No. 5340, 2023 to Public Hearing; 3. Authorize staff to prepare Development Permit No. 22 119490 DP generally in accordance with the attached drawings (Attachment 6), should Council grant second and third readings to the Bylaw; and 4. Instruct staff to complete the following items prior to Council’s consideration of fourth and final reading, should Council grant second and third readings to Zoning Amendment Bylaw No. 5340, 2023: a. Submission of a subdivision plan to the satisfaction of the Approving Officer; b. Resolution of all engineering requirements and issues including restrictive covenants, dedications and rights-of-way where necessary, to the satisfaction of the General Manager Engineering and Public Works; c. Resolution of the Transportation Demand Management (TDM) measures and submission of the associated security to the satisfaction of the General Manager Engineering and Public Works; d. Resolution of all urban design issues to the satisfaction of the Director Development Services; and e. Finalization, execution and delivery to the City, the following agreements in Land Title Office registrable form: i. Section 219 Restrictive Covenant to secure the provision of TDM measures; and ii. Such other Land Title Office registrable agreements as may be required by the City."
2023-09-25,Regular Council,14,"Report of the Acting Director Development Services – Development Application at 269, 273 Dunlop Street, 580, 590, 600/602, 606 Grayson Avenue, 272, 276 Guilby Street and 574, 576, 578, 600, 610, 616, 618 Sunset Avenue – Mosaic Avenue Developments Ltd. (PROJ 22-092)",Main motion,Carried,8,0,1,Brent Asmundson,,In favour,In favour,In favour,Absent,In favour,In favour,In favour,In favour,In favour,Development,,,,https://coquitlam.ca.granicus.com/MinutesViewer.php?view_id=2&clip_id=2541&doc_id=72e7f70d-6d0d-11ee-98ea-020b8fb91724,https://coquitlam.ca.granicus.com/MediaPlayer.php?view_id=2&clip_id=2541,https://councilrecord.ca/coquitlam.html#vote/jmncje,"That Council: 1. Give first reading to Zoning Amendment Bylaw No. 5343, 2023; 2. Refer Bylaw No. 5343, 2023 to Public Hearing; 3. Authorize staff to prepare Development Permit No. 22 113483 DP generally in accordance with the attached drawings (Attachment 7), should Council grant second and third readings to the Bylaw; 4. Give first, second, and third readings to Highway Dedication Cancellation Bylaw No. 5344, 2023; 5. Direct Highway Dedication Cancellation Bylaw No. 5344, 2023 to be advertised in accordance with the requirements of the Community Charter; and 6. Instruct staff to complete the following items prior to Council’s consideration of fourth and final reading, should Council grant second and third readings to Zoning Amendment Bylaw No. 5343, 2023: a. Submission of a subdivision plan to the satisfaction of the Approving Officer; b. Resolution of all engineering requirements and issues including restrictive covenants, dedications and rights-of-way where necessary, to the satisfaction of the General Manager Engineering and Public Works; c. Completion of road closure process for a portion of Grayson Avenue; d. Completion of a Purchase and Sale Agreement to the satisfaction of the City Solicitor; e. Resolution of the Transportation Demand Management measures and Traffic Impact Assessment (TIA) comments to the satisfaction of the General Manager Engineering and Public Works; f. Resolution of all urban design issues to the satisfaction of the Director Development Services; and g. Finalization, execution and delivery to the City, the following agreements in Land Title Office registrable form: i. Transportation Demand Management Agreement; ii. Shared use easements between strata buildings for parkade access and amenity areas; iii. Public passage SRW for the temporary turnaround facility at the west end of the lane; and iv. Such other Land Title Office registrable agreements as may be required by the City."
2023-09-25,Regular Council,15,Report of the General Manager Legislative Services – Public Notice Bylaw,Main motion,Carried,8,0,1,Trish Mandewo,,In favour,In favour,In favour,Absent,In favour,In favour,In favour,In favour,In favour,Development; Governance & elections,,,,https://coquitlam.ca.granicus.com/MinutesViewer.php?view_id=2&clip_id=2541&doc_id=72e7f70d-6d0d-11ee-98ea-020b8fb91724,https://coquitlam.ca.granicus.com/MediaPlayer.php?view_id=2&clip_id=2541,https://councilrecord.ca/coquitlam.html#vote/mro7yo,"That Council give first, second and third readings to Public Notice Bylaw No. 5334, 2023 and Development Procedures Amendment Bylaw No. 5346, 2023."
2023-09-25,Regular Council,16,"Report of the Deputy City Manager – Taxation Exemption Bylaw No. 5333, 2023",Main motion,Carried,8,0,1,Dennis Marsden,,In favour,In favour,In favour,Absent,In favour,In favour,In favour,In favour,In favour,Taxes & spending,1 of 2,,,https://coquitlam.ca.granicus.com/MinutesViewer.php?view_id=2&clip_id=2541&doc_id=72e7f70d-6d0d-11ee-98ea-020b8fb91724,https://coquitlam.ca.granicus.com/MediaPlayer.php?view_id=2&clip_id=2541,https://councilrecord.ca/coquitlam.html#vote/b1bxei,"That Council give first, second and third readings to Taxation Exemption Bylaw No. 5333, 2023."
2023-09-25,Regular Council,16,"Report of the Deputy City Manager – Taxation Exemption Bylaw No. 5333, 2023",Main motion,Carried,8,0,1,Dennis Marsden,,In favour,In favour,In favour,Absent,In favour,In favour,In favour,In favour,In favour,Taxes & spending,2 of 2,,,https://coquitlam.ca.granicus.com/MinutesViewer.php?view_id=2&clip_id=2541&doc_id=72e7f70d-6d0d-11ee-98ea-020b8fb91724,https://coquitlam.ca.granicus.com/MediaPlayer.php?view_id=2&clip_id=2541,https://councilrecord.ca/coquitlam.html#vote/yebz35,That the Regular Council Meeting adjourn – 8:46 p.m.
2023-10-16,Regular Council,2,Minutes of the Multiculturalism Advisory Committee Meeting held on,Procedural,Carried,9,0,0,Brent Asmundson,,In favour,In favour,In favour,In favour,In favour,In favour,In favour,In favour,In favour,Governance & elections,,,,https://coquitlam.ca.granicus.com/MinutesViewer.php?view_id=2&clip_id=2548&doc_id=377cd0ff-727f-11ee-98ea-020b8fb91724,https://coquitlam.ca.granicus.com/MediaPlayer.php?view_id=2&clip_id=2548,https://councilrecord.ca/coquitlam.html#vote/1l71d6p,"That the Minutes of the Multiculturalism Advisory Committee Meeting held on Wednesday, September 6, 2023 be received."
2023-10-16,Regular Council,3,"Report of the City Clerk - Fourth and Final Reading of Public Notice Bylaw No. 5334, 2023 and Development Procedures Amendment Bylaw No. 5346, 2023",Main motion,Carried,9,0,0,Dennis Marsden,,In favour,In favour,In favour,In favour,In favour,In favour,In favour,In favour,In favour,Development; Governance & elections,,,,https://coquitlam.ca.granicus.com/MinutesViewer.php?view_id=2&clip_id=2548&doc_id=377cd0ff-727f-11ee-98ea-020b8fb91724,https://coquitlam.ca.granicus.com/MediaPlayer.php?view_id=2&clip_id=2548,https://councilrecord.ca/coquitlam.html#vote/1pmyqwf,"That Council give fourth and final reading to the Public Notice Bylaw No. 5334, 2023 and Development Procedures Amendment Bylaw No. 5346, 2023."
2023-10-16,Regular Council,4,"Report of the City Clerk- Fourth and Final Reading of Taxation Exemption Bylaw No. 5333, 2023",Main motion,Carried,9,0,0,Dennis Marsden,,In favour,In favour,In favour,In favour,In favour,In favour,In favour,In favour,In favour,Taxes & spending,,,,https://coquitlam.ca.granicus.com/MinutesViewer.php?view_id=2&clip_id=2548&doc_id=377cd0ff-727f-11ee-98ea-020b8fb91724,https://coquitlam.ca.granicus.com/MediaPlayer.php?view_id=2&clip_id=2548,https://councilrecord.ca/coquitlam.html#vote/1qeu3t4,"Thpit Council give fourth and final reading to the Taxation Exemption Bylaw No. 5333, 2025."
2023-10-16,Regular Council,5,"Zoning Amendment Bylaw No. 5337, 2023 - 963 and 973 Edgar Avenue",Main motion,Carried,8,0,1,Craig Hodge,,Absent,In favour,In favour,In favour,In favour,In favour,In favour,In favour,In favour,Development,,,,https://coquitlam.ca.granicus.com/MinutesViewer.php?view_id=2&clip_id=2548&doc_id=377cd0ff-727f-11ee-98ea-020b8fb91724,https://coquitlam.ca.granicus.com/MediaPlayer.php?view_id=2&clip_id=2548,https://councilrecord.ca/coquitlam.html#vote/7jtlp3,"That Council give second and third read\ngs to Zoning Amendment Bylaw No. 5337, 2023. Page3 Minutes - Regular Council Meeting"
2023-10-16,Regular Council,6,"Citywide Official Community Plan Amendment Bylaw No. 5335, 2023 and Zoning Amendment Bylaw No. 5336, 2023 - 3333 Caliente Place Discussion ensued relative to the creation of single family lots no longer being suitable on large properties and the need to consider increased density as the City grows.",Main motion,Carried,9,0,0,Trish Mandewo,,In favour,In favour,In favour,In favour,In favour,In favour,In favour,In favour,In favour,Housing & density; Development,,,,https://coquitlam.ca.granicus.com/MinutesViewer.php?view_id=2&clip_id=2548&doc_id=377cd0ff-727f-11ee-98ea-020b8fb91724,https://coquitlam.ca.granicus.com/MediaPlayer.php?view_id=2&clip_id=2548,https://councilrecord.ca/coquitlam.html#vote/1bwi9ip,"That Council give second and third readings to Citywide Official Community Plan Amendment Bylaw No. 5335, 2023 and Zoning Amendment Bylaw No. 5336, 2023."
2023-10-16,Regular Council,7,"Zoning Amendment Bylaw No. 5340, 2023 - 700, 702, 704 Delestre Avenue",Main motion,Carried,9,0,0,Brent Asmundson,,In favour,In favour,In favour,In favour,In favour,In favour,In favour,In favour,In favour,Development,,,,https://coquitlam.ca.granicus.com/MinutesViewer.php?view_id=2&clip_id=2548&doc_id=377cd0ff-727f-11ee-98ea-020b8fb91724,https://coquitlam.ca.granicus.com/MediaPlayer.php?view_id=2&clip_id=2548,https://councilrecord.ca/coquitlam.html#vote/kh9i0j,"That Council give second and third readings to Zoning Amendment Bylaw No. 5340, 2023."
2023-10-16,Regular Council,8,"Zoning Amendment Bylaw No. 5343, 2023 - 269, 273 Dunlop Street, 580, 590, 600/602, 606 Grayson Avenue, 272, 276 Guilby Street, and 574, 576, 578, 600, 610, 616, 618 Sunset Avenue Discussion ensued relative to the desire for staff to request developers to communicate with residents throughout the phases of development.",Main motion,Carried,9,0,0,Dennis Marsden,,In favour,In favour,In favour,In favour,In favour,In favour,In favour,In favour,In favour,Development,,,,https://coquitlam.ca.granicus.com/MinutesViewer.php?view_id=2&clip_id=2548&doc_id=377cd0ff-727f-11ee-98ea-020b8fb91724,https://coquitlam.ca.granicus.com/MediaPlayer.php?view_id=2&clip_id=2548,https://councilrecord.ca/coquitlam.html#vote/1xzdhnv,"That Council give second and third readings to Zoning Amendment Bylaw No. 5343, 2023."
2023-10-16,Regular Council,9,Report of the Acting Director Development Services - Development Application at 3625 Brownlee Avenue - Polygon Development 286 Ltd. (PROJ22-104),Main motion,Carried,9,0,0,Dennis Marsden,,In favour,In favour,In favour,In favour,In favour,In favour,In favour,In favour,In favour,Development,,,,https://coquitlam.ca.granicus.com/MinutesViewer.php?view_id=2&clip_id=2548&doc_id=377cd0ff-727f-11ee-98ea-020b8fb91724,https://coquitlam.ca.granicus.com/MediaPlayer.php?view_id=2&clip_id=2548,https://councilrecord.ca/coquitlam.html#vote/tgnv31,That Council approve the signing and sealing of Development Permit No. 22 115424 DP and that the Mayor and City Clerk be authorized to execute this Permit on behalf o.f the City of Coquitlam.
2023-10-16,Regular Council,10,"Report of the Acting Director Development Services - Final Approval of Development Application at 559-569 Alderson Avenue, 228-280 Dunlop Street, 540-564 Sunset Avenue, and 265-285 Euclid Court and a Portion of Road and Lane - McAllister Communities Ltd. (PROJ 18-038) Discussion ensued relative to: . The remaining parcels of land that are a highway owned by BC Financial",Main motion,Carried,9,0,0,Trish Mandewo,,In favour,In favour,In favour,In favour,In favour,In favour,In favour,In favour,In favour,Development; Transportation,,,,https://coquitlam.ca.granicus.com/MinutesViewer.php?view_id=2&clip_id=2548&doc_id=377cd0ff-727f-11ee-98ea-020b8fb91724,https://coquitlam.ca.granicus.com/MediaPlayer.php?view_id=2&clip_id=2548,https://councilrecord.ca/coquitlam.html#vote/1tvxrv2,"That Council: 1. Give fourth and final reading to Zoning Amendment Bylaw No. 5104, 2021; 2. Give fourth and final reading to Highway Dedication Cancellation Bylaw No. 5705, 2027; and 3. Approve the signing and sealing of Development Permit No. 18 122615 DP and authorize the Mayor and City Clerk to execute this Permit on behalf of the City of Coquitlam."
2023-10-16,Regular Council,11,Report of the Acting Director Development Services - Final Approval of Development Application at 1132 Charland Avenue - Architype Design Ltd. (PROJ 20-114),Main motion,Carried,9,0,0,Steve Kim,,In favour,In favour,In favour,In favour,In favour,In favour,In favour,In favour,In favour,Development,,,,https://coquitlam.ca.granicus.com/MinutesViewer.php?view_id=2&clip_id=2548&doc_id=377cd0ff-727f-11ee-98ea-020b8fb91724,https://coquitlam.ca.granicus.com/MediaPlayer.php?view_id=2&clip_id=2548,https://councilrecord.ca/coquitlam.html#vote/gc01o5,"That Council give fourth and final reading to Zoning Amendment Bylaw No. 5195, 2022."
2023-10-16,Regular Council,12,"Report of the Acting Director Development Services - Housing Agreement Bylaw No. 5309. 2023 at 618, 622, and 624 Tyndall Street, 617, 629, and 631 Claremont Street and a Portion of a Lane - Strand Holdings Ltd. (PROJ 21-205) Discussion ensued relative to the desire for a policy regarding unit mix in developments and to encourage more non-market units to create more affordable housing in future developments.",Main motion,Carried,9,0,0,Brent Asmundson,,In favour,In favour,In favour,In favour,In favour,In favour,In favour,In favour,In favour,Housing & density; Transportation,,,,https://coquitlam.ca.granicus.com/MinutesViewer.php?view_id=2&clip_id=2548&doc_id=377cd0ff-727f-11ee-98ea-020b8fb91724,https://coquitlam.ca.granicus.com/MediaPlayer.php?view_id=2&clip_id=2548,https://councilrecord.ca/coquitlam.html#vote/x6oq6k,"That Council give first, second, and third readings to Housing Agreement Bylaw No. 5509, 2023."
2023-10-16,Regular Council,13,Report of the Acting Director Development Services - Development Application at 1184 Inlet Street - Anthem Inlet Street Holdings LP (PROJ 22-167) Discussion ensued relative to: . The desire to see more below market housing and less parking in developments,Main motion,Carried,9,0,0,Dennis Marsden,,In favour,In favour,In favour,In favour,In favour,In favour,In favour,In favour,In favour,Housing & density; Development; Transportation,,,,https://coquitlam.ca.granicus.com/MinutesViewer.php?view_id=2&clip_id=2548&doc_id=377cd0ff-727f-11ee-98ea-020b8fb91724,https://coquitlam.ca.granicus.com/MediaPlayer.php?view_id=2&clip_id=2548,https://councilrecord.ca/coquitlam.html#vote/7ld0ia,"That Council: 1. Give first reading to Zoning Amendment Bylaw No. 5351, 2023; 2. Reier Bylaw No. 5351, 2023 to Public Hearing; 3. Authorize staff to prepare Development Permit No. 22 101031 DP generally in accordance with the attached drawings (Attachment 6), should Council grant second and third readings to the Bylaw No. 5351, 2023; 4. Acknowledge that the applicant has requested a variance to the Zoning Bylaw as described in this report as follows: a. In Section 1205 RM-3 Multi-Storey Medium Density Apartment Residential zone, a reduction of the rear (west) lot line setback from 9. 5 m to 6. 0 m; and 5. Instruct staff to complete the following items prior to Council's consideration of fourth and final reading, should Council grant second and third readings to Zoning Amendment Bylaw No. 5351, 2023: a. Submission of a subdivision plan to the satisfaction of the Approving Officer; b. Resolution of all engineering requirements and issues including restrictive covenants, dedications and rig hts-of-way where necessary, to the satisfaction of the General Manager Engineering and Public Works; c. Resolution of the Transportation Demand Management measures and Traffic Impact Assessment (TIA) comments to the satisfaction of the General Manager Engineering and Public Works; d. Resolution of all urban design issues to the satisfaction of the Director Development Services; and e. Finalization, execution and delivery to the City, the following agreements in Land Title Office registrable form: i. Transportatron Demand Management Agreement; ii. Housing Agreement; and iii. Such other Land Title Office registrable agreements as required by the City."
2023-10-16,Regular Council,14,"Report of the Acting Director Development Services - Affordable Housing Reserve Fund (AHRF) Request at 2860, 2865 Packard Avenue - Community Land Trust(CLT) Proposal Discussion ensued relative to the following: . Concern related to assuming the federal government's responsibilities . The desire to provide the CLT with support and advocacy needed for the",Main motion,Carried,9,0,0,Dennis Marsden,,In favour,In favour,In favour,In favour,In favour,In favour,In favour,In favour,In favour,Housing & density; Taxes & spending; Governance & elections,,,,https://coquitlam.ca.granicus.com/MinutesViewer.php?view_id=2&clip_id=2548&doc_id=377cd0ff-727f-11ee-98ea-020b8fb91724,https://coquitlam.ca.granicus.com/MediaPlayer.php?view_id=2&clip_id=2548,https://councilrecord.ca/coquitlam.html#vote/1xxjsqn,"That Council authorize, in principle, Community Land Trust's (CLT) Affordable Housing Reserve Fund (AHRF) request of $5. 8M for the properties at 2860, 2865 Packard Avenue, subject to provincial funding, and conditional upon a signed Housing Agreement."
2023-10-16,Regular Council,15,Report of the General Manager Engineering and Public Works - Federation of Canadian Municipalities (FCM) Stormwater Quality Grant - Stoney Creek Enhancements,Main motion,Carried,9,0,0,Brent Asmundson,,In favour,In favour,In favour,In favour,In favour,In favour,In favour,In favour,In favour,Taxes & spending; Environment & climate; Public services; Governance & elections,,,,https://coquitlam.ca.granicus.com/MinutesViewer.php?view_id=2&clip_id=2548&doc_id=377cd0ff-727f-11ee-98ea-020b8fb91724,https://coquitlam.ca.granicus.com/MediaPlayer.php?view_id=2&clip_id=2548,https://councilrecord.ca/coquitlam.html#vote/42ggtt,"That Council: 1. Direct staff to submit an FCM Stormwater Quality Grant application for Stoney Creek Enhancements, requesting a grant of up to $500K;and 2. Approve $350K from the Sewer Operating Surplus for the City's remaining share of the Stoney Creek Enhancements capital project cost as required under the FCM Stormwater Quality Grant."
2023-10-16,Regular Council,16,Report of the General Manager Engineering and Public Works - Coquitlam Bus Rapid Transit (BRT) Support Commitment (On-table Report),Main motion,Carried,9,0,0,Brent Asmundson,,In favour,In favour,In favour,In favour,In favour,In favour,In favour,In favour,In favour,Transportation; Governance & elections,1 of 2,,,https://coquitlam.ca.granicus.com/MinutesViewer.php?view_id=2&clip_id=2548&doc_id=377cd0ff-727f-11ee-98ea-020b8fb91724,https://coquitlam.ca.granicus.com/MediaPlayer.php?view_id=2&clip_id=2548,https://councilrecord.ca/coquitlam.html#vote/2eqzro,That Council support the proposed resolution on the Bus Rapid Transit Action Plan (Attachment 1).
2023-10-16,Regular Council,16,Report of the General Manager Engineering and Public Works - Coquitlam Bus Rapid Transit (BRT) Support Commitment (On-table Report),Main motion,Carried,9,0,0,Dennis Marsden,,In favour,In favour,In favour,In favour,In favour,In favour,In favour,In favour,In favour,Transportation,2 of 2,,,https://coquitlam.ca.granicus.com/MinutesViewer.php?view_id=2&clip_id=2548&doc_id=377cd0ff-727f-11ee-98ea-020b8fb91724,https://coquitlam.ca.granicus.com/MediaPlayer.php?view_id=2&clip_id=2548,https://councilrecord.ca/coquitlam.html#vote/1rgnboh,That the Regular Council Meeting adjourn - 10:13 p. m.
2023-10-23,Regular Council,2,"Report of the Director Development Services – Zoning Amendment Bylaw No. 5347, 2023 at 1301 Lougheed Highway – Loblaw Companies Ltd. (PROJ 23-063)",Main motion,Carried,9,0,0,Brent Asmundson,,In favour,In favour,In favour,In favour,In favour,In favour,In favour,In favour,In favour,Development,,,,https://coquitlam.ca.granicus.com/MinutesViewer.php?view_id=2&clip_id=2556&doc_id=8536090c-7e5e-11ee-98ea-020b8fb91724,https://coquitlam.ca.granicus.com/MediaPlayer.php?view_id=2&clip_id=2556,https://councilrecord.ca/coquitlam.html#vote/8t5ygf,"That Council: 1. Give first reading to Zoning Amendment Bylaw No. 5347, 2023; and 2. Refer Bylaw No. 5347, 2023 to Public Hearing."
2023-10-23,Regular Council,3,"Report of the General Manager Planning and Development – Zoning Bylaw Housekeeping Text Amendments – Stage 1 (PROJ 23-069) Discussion ensued relative to requirements for the installation of electric vehicle charging services and the location of charging units. In response to comments provided by a Council member, the General Manager Planning and Development agreed to provide historical information regarding",Main motion,Carried,9,0,0,Trish Mandewo,,In favour,In favour,In favour,In favour,In favour,In favour,In favour,In favour,In favour,Development; Governance & elections,1 of 2,,,https://coquitlam.ca.granicus.com/MinutesViewer.php?view_id=2&clip_id=2556&doc_id=8536090c-7e5e-11ee-98ea-020b8fb91724,https://coquitlam.ca.granicus.com/MediaPlayer.php?view_id=2&clip_id=2556,https://councilrecord.ca/coquitlam.html#vote/r8uonn,"That Council: 1. Give first reading to Zoning Amendment Bylaw No. 5345, 2023; and 2. Refer Bylaw No. 5345, 2023 to Public Hearing."
2023-10-23,Regular Council,3,"Report of the General Manager Planning and Development – Zoning Bylaw Housekeeping Text Amendments – Stage 1 (PROJ 23-069) Discussion ensued relative to requirements for the installation of electric vehicle charging services and the location of charging units. In response to comments provided by a Council member, the General Manager Planning and Development agreed to provide historical information regarding",Main motion,Carried,9,0,0,Brent Asmundson,,In favour,In favour,In favour,In favour,In favour,In favour,In favour,In favour,In favour,Development; Governance & elections,2 of 2,,,https://coquitlam.ca.granicus.com/MinutesViewer.php?view_id=2&clip_id=2556&doc_id=8536090c-7e5e-11ee-98ea-020b8fb91724,https://coquitlam.ca.granicus.com/MediaPlayer.php?view_id=2&clip_id=2556,https://councilrecord.ca/coquitlam.html#vote/14azr9k,That the Regular Council Meeting adjourn –7:19 p.m.
2023-10-30,Regular Council,3,Report of the General Manager Planning and Development – Execution of Memorandum of Understanding between the City and S.U.C.C.E.S.S. – RFP #22- 015 for the Development and Operation of Non-Market Seniors Housing,Main motion,Carried,8,0,1,Steve Kim,,In favour,In favour,In favour,In favour,In favour,Absent,In favour,In favour,In favour,Housing & density; Public services,,,,https://coquitlam.ca.granicus.com/MinutesViewer.php?view_id=2&clip_id=2572&doc_id=c2e53e87-7e60-11ee-98ea-020b8fb91724,https://coquitlam.ca.granicus.com/MediaPlayer.php?view_id=2&clip_id=2572,https://councilrecord.ca/coquitlam.html#vote/1rutqaz,That Council authorize staff to execute a Memorandum of Understanding (MOU) between the City and S.U.C.C.E.S.S. (Attachment 1) related to the development and operation of non-market seniors housing at 602 Sydney Avenue and 290 Laval Square.
2023-10-30,Regular Council,4,Report of the General Manager Planning and Development – Conservation Permit Application 23 118378 CP – 3625 Brownlee Avenue,Main motion,Carried,9,0,0,Dennis Marsden,,In favour,In favour,In favour,In favour,In favour,In favour,In favour,In favour,In favour,Other,,,,https://coquitlam.ca.granicus.com/MinutesViewer.php?view_id=2&clip_id=2572&doc_id=c2e53e87-7e60-11ee-98ea-020b8fb91724,https://coquitlam.ca.granicus.com/MediaPlayer.php?view_id=2&clip_id=2572,https://councilrecord.ca/coquitlam.html#vote/pvjlii,"That Council authorize the issuance of Conservation Permit 23 118378 CP, with the conditions (Attachment 1), to Polygon Development 286 Ltd. (Polygon), for the property at 3625 Brownlee Avenue."
2023-10-30,Regular Council,5,Report of the General Manager Legislative Services – 2023-2024 Metro Vancouver Board Appointments and Standing Committee Nominations,Main motion,Carried,9,0,0,Brent Asmundson,,In favour,In favour,In favour,In favour,In favour,In favour,In favour,In favour,In favour,Governance & elections,1 of 2,,,https://coquitlam.ca.granicus.com/MinutesViewer.php?view_id=2&clip_id=2572&doc_id=c2e53e87-7e60-11ee-98ea-020b8fb91724,https://coquitlam.ca.granicus.com/MediaPlayer.php?view_id=2&clip_id=2572,https://councilrecord.ca/coquitlam.html#vote/5lljye,"That Council: 1. Approve the following appointments to the Metro Vancouver Board of Directors:  Councillor Craig Hodge (4 votes) Alternates: Mayor Richard Stewart / Councillor Steve Kim  Councillor Teri Towner (4 votes) Alternates: Councillor Steve Kim / Mayor Richard Stewart 2. Direct staff to communicate to Metro Vancouver that the City of Coquitlam, having considered individual Council members’ interests, availability and commitment to the work being undertaken by the standing committees and task forces of the Metro Vancouver Board, advances the following identified members of Council, as listed below, who have expressed interest in serving on the following bodies of the Metro Vancouver Board in 2023-2024:  Climate Action Committee – Councillor Matt Djonlic  Electoral Area Committee – Councillor Matt Djonlic  Finance Committee – Councillor Dennis Marsden  Flood Resiliency Committee – Councillor Matt Djonlic  Housing Committee – Councillor Teri Towner  Indigenous Relations Committee – Councillor Trish Mandewo  Invest Vancouver Management Board – Councillor Brent Asmundson  Liquid Waste Committee – Councillor Steve Kim  Regional Culture Committee – Councillor Teri Towner  Regional Parks Committee – Councillor Craig Hodge  Regional Planning Committee – Councillor Craig Hodge  Water Committee – Councillor Craig Hodge  Zero Waste Committee – Councillor Craig Hodge."
2023-10-30,Regular Council,5,Report of the General Manager Legislative Services – 2023-2024 Metro Vancouver Board Appointments and Standing Committee Nominations,Main motion,Carried,9,0,0,Trish Mandewo,,In favour,In favour,In favour,In favour,In favour,In favour,In favour,In favour,In favour,Governance & elections,2 of 2,,,https://coquitlam.ca.granicus.com/MinutesViewer.php?view_id=2&clip_id=2572&doc_id=c2e53e87-7e60-11ee-98ea-020b8fb91724,https://coquitlam.ca.granicus.com/MediaPlayer.php?view_id=2&clip_id=2572,https://councilrecord.ca/coquitlam.html#vote/1dcsgpe,That the Regular Council Meeting adjourn – 7:19 p.m.
2023-11-06,Regular Council,2,Minutes of the Universal Access-Ability Advisory Committee Meeting held on,Procedural,Carried,9,0,0,Teri Towner,,In favour,In favour,In favour,In favour,In favour,In favour,In favour,In favour,In favour,Governance & elections,,,,https://coquitlam.ca.granicus.com/MinutesViewer.php?view_id=2&clip_id=2570&doc_id=86dda09d-888b-11ee-9a5f-020b8fb91724,https://coquitlam.ca.granicus.com/MediaPlayer.php?view_id=2&clip_id=2570,https://councilrecord.ca/coquitlam.html#vote/11migw7,"That the Minutes of the Universal Access-Ability Advisory Committee Meeting held on Tuesday, September 5, 2023 be received."
2023-11-06,Regular Council,3,Minutes of the Sports and Recreation Advisory Committee Meeting held on,Procedural,Carried,9,0,0,Dennis Marsden,,In favour,In favour,In favour,In favour,In favour,In favour,In favour,In favour,In favour,Parks & recreation; Governance & elections,,,,https://coquitlam.ca.granicus.com/MinutesViewer.php?view_id=2&clip_id=2570&doc_id=86dda09d-888b-11ee-9a5f-020b8fb91724,https://coquitlam.ca.granicus.com/MediaPlayer.php?view_id=2&clip_id=2570,https://councilrecord.ca/coquitlam.html#vote/l616ow,"That the Minutes of the Sports and Recreation Advisory Committee Meeting held on Wednesday, September 13, 2023 be received."
2023-11-06,Regular Council,4,Minutes of the Culture Services Advisory Committee Meeting held on,Procedural,Carried,9,0,0,Steve Kim,,In favour,In favour,In favour,In favour,In favour,In favour,In favour,In favour,In favour,Parks & recreation; Governance & elections,,,,https://coquitlam.ca.granicus.com/MinutesViewer.php?view_id=2&clip_id=2570&doc_id=86dda09d-888b-11ee-9a5f-020b8fb91724,https://coquitlam.ca.granicus.com/MediaPlayer.php?view_id=2&clip_id=2570,https://councilrecord.ca/coquitlam.html#vote/1jjiwmk,"That the Minutes of the Culture Services Meeting held on Thursday, October 12, 2023 be received."
2023-11-06,Regular Council,5,Minutes of the Multiculturalism Advisory Committee Meeting held on,Procedural,Carried,9,0,0,Brent Asmundson,,In favour,In favour,In favour,In favour,In favour,In favour,In favour,In favour,In favour,Governance & elections,,,,https://coquitlam.ca.granicus.com/MinutesViewer.php?view_id=2&clip_id=2570&doc_id=86dda09d-888b-11ee-9a5f-020b8fb91724,https://coquitlam.ca.granicus.com/MediaPlayer.php?view_id=2&clip_id=2570,https://councilrecord.ca/coquitlam.html#vote/1tmvrc6,"That the Minutes of the Multiculturalism Advisory Committee Meeting held on Wednesday, October 18, 2023 be received."
2023-11-06,Regular Council,6,"Report of the Director Development Services – Housing Agreement Amendment Bylaw No. 5354, 2023 at 625 North Road – Pacific Properties Group (PROJ 19-014)",Main motion,Carried,9,0,0,Dennis Marsden,,In favour,In favour,In favour,In favour,In favour,In favour,In favour,In favour,In favour,Housing & density,,,,https://coquitlam.ca.granicus.com/MinutesViewer.php?view_id=2&clip_id=2570&doc_id=86dda09d-888b-11ee-9a5f-020b8fb91724,https://coquitlam.ca.granicus.com/MediaPlayer.php?view_id=2&clip_id=2570,https://councilrecord.ca/coquitlam.html#vote/1o3v8uw,"That Council give first, second, and third readings to Housing Agreement Amendment Bylaw No. 5354, 2023."
2023-11-06,Regular Council,7,"Report of the City Clerk – 2024 Council Member Appointments to Advisory Committees, Statutory Entities and External Bodies and Extension of 2023 Advisory Committee Terms",Main motion,Carried,9,0,0,Brent Asmundson,,In favour,In favour,In favour,In favour,In favour,In favour,In favour,In favour,In favour,Governance & elections,1 of 2,,,https://coquitlam.ca.granicus.com/MinutesViewer.php?view_id=2&clip_id=2570&doc_id=86dda09d-888b-11ee-9a5f-020b8fb91724,https://coquitlam.ca.granicus.com/MediaPlayer.php?view_id=2&clip_id=2570,https://councilrecord.ca/coquitlam.html#vote/qq5tzf,"That Council ratify: 1. The 2024 Council member appointments to the City of Coquitlam advisory committees, statutory entities and external bodies as set out in Attachment 1 of the report of the City Clerk dated October 30, 2023 and entitled “2024 Council Member Appointments to Advisory Committees, Statutory Entities and External Bodies and Extension of 2023 Advisory Committee Terms”; and 2. The extension of current advisory committee members’ appointments to December 31, 2024, as set out in the report of the City Clerk dated October 30, 2023 and entitled “2024 Council Member Appointments to Advisory Committees, Statutory Entities and External Bodies and Extension of 2023 Advisory Committee Terms”."
2023-11-06,Regular Council,7,"Report of the City Clerk – 2024 Council Member Appointments to Advisory Committees, Statutory Entities and External Bodies and Extension of 2023 Advisory Committee Terms",Main motion,Carried,9,0,0,Trish Mandewo,,In favour,In favour,In favour,In favour,In favour,In favour,In favour,In favour,In favour,Governance & elections,2 of 2,,,https://coquitlam.ca.granicus.com/MinutesViewer.php?view_id=2&clip_id=2570&doc_id=86dda09d-888b-11ee-9a5f-020b8fb91724,https://coquitlam.ca.granicus.com/MediaPlayer.php?view_id=2&clip_id=2570,https://councilrecord.ca/coquitlam.html#vote/1m9bycc,That the Regular Council Meeting adjourn – 7:07 p.m.
2023-11-20,Regular Council,2,"Report of the City Clerk – Fourth and Final Reading of Housing Agreement Amendment Bylaw No. 5354, 2023",Main motion,Carried,7,0,2,Robert Mazzarolo,,In favour,Absent,In favour,In favour,In favour,Absent,In favour,In favour,In favour,Housing & density,,,,https://coquitlam.ca.granicus.com/MinutesViewer.php?view_id=2&clip_id=2580&doc_id=e1032de5-8e10-11ee-9a5f-020b8fb91724,https://coquitlam.ca.granicus.com/MediaPlayer.php?view_id=2&clip_id=2580,https://councilrecord.ca/coquitlam.html#vote/1ytmkgs,"That Council give fourth and final reading to Housing Agreement Amendment Bylaw No. 5354, 2023."
2023-11-20,Regular Council,3,"Zoning Amendment Bylaw No. 5347, 2023 – 1301 Lougheed Highway",Main motion,Carried,7,0,2,Matt Djonlic,,In favour,Absent,In favour,In favour,In favour,Absent,In favour,In favour,In favour,Development,,,,https://coquitlam.ca.granicus.com/MinutesViewer.php?view_id=2&clip_id=2580&doc_id=e1032de5-8e10-11ee-9a5f-020b8fb91724,https://coquitlam.ca.granicus.com/MediaPlayer.php?view_id=2&clip_id=2580,https://councilrecord.ca/coquitlam.html#vote/8p6o5z,"That Council defer consideration of second, third, and fourth and final readings to Zoning Amendment Bylaw No. 5347-2023 to a future Regular Council Meeting."
2023-11-20,Regular Council,4,"Zoning Amendment Bylaw No. 5351, 2023 – 1184 Inlet Street Discussion ensued relative to the following:  The need for non-market and below-market housing within Coquitlam  The desire for senior levels of government to assist with subsidies for the development and delivery of affordable rental units  The desire for the Good Neighbour Policy to be adhered to regarding traffic",Main motion,Carried,7,0,2,Steve Kim,,In favour,Absent,In favour,In favour,In favour,Absent,In favour,In favour,In favour,Housing & density; Development; Transportation; Neighbourhood character,,,,https://coquitlam.ca.granicus.com/MinutesViewer.php?view_id=2&clip_id=2580&doc_id=e1032de5-8e10-11ee-9a5f-020b8fb91724,https://coquitlam.ca.granicus.com/MediaPlayer.php?view_id=2&clip_id=2580,https://councilrecord.ca/coquitlam.html#vote/5fyw4c,"That Council give second and third readings to Zoning Amendment Bylaw No. 5351, 2023."
2023-11-20,Regular Council,5,"Zoning Amendment Bylaw No. 5345, 2023 – Zoning Bylaw Housekeeping Text Amendments – Stage 1",Main motion,Carried,7,0,2,Dennis Marsden,,In favour,Absent,In favour,In favour,In favour,Absent,In favour,In favour,In favour,Development; Governance & elections,,,,https://coquitlam.ca.granicus.com/MinutesViewer.php?view_id=2&clip_id=2580&doc_id=e1032de5-8e10-11ee-9a5f-020b8fb91724,https://coquitlam.ca.granicus.com/MediaPlayer.php?view_id=2&clip_id=2580,https://councilrecord.ca/coquitlam.html#vote/wq1xxa,"That Council give second, third, and fourth and final readings to Zoning Amendment Bylaw No. 5345, 2023."
2023-11-20,Regular Council,6,Report of the Director Development Services – Development Application at 1295 Rocklin Street – StreetSide Development (BC) Ltd. (PROJ 22-043),Main motion,Carried,7,0,2,Dennis Marsden,,In favour,Absent,In favour,In favour,In favour,Absent,In favour,In favour,In favour,Development,,,,https://coquitlam.ca.granicus.com/MinutesViewer.php?view_id=2&clip_id=2580&doc_id=e1032de5-8e10-11ee-9a5f-020b8fb91724,https://coquitlam.ca.granicus.com/MediaPlayer.php?view_id=2&clip_id=2580,https://councilrecord.ca/coquitlam.html#vote/txru5h,That Council approve the signing and sealing of Development Permit No. 22 107405 DP and that the Mayor and City Clerk be authorized to execute this Permit on behalf of the City of Coquitlam.
2023-11-20,Regular Council,7,Report of the Director Development Services – Development Application at 321 Alderson Avenue – Anthem SOCO Developments Ltd. (PROJ 22-131) Discussion ensued relative to the following:  Clarification as to the phasing of the overall development and provision of child care spaces required in Phase 4  The belief that the unit mix for the development has too many studios being,Main motion,Carried,7,0,2,Dennis Marsden,,In favour,Absent,In favour,In favour,In favour,Absent,In favour,In favour,In favour,Development; Public services,,,,https://coquitlam.ca.granicus.com/MinutesViewer.php?view_id=2&clip_id=2580&doc_id=e1032de5-8e10-11ee-9a5f-020b8fb91724,https://coquitlam.ca.granicus.com/MediaPlayer.php?view_id=2&clip_id=2580,https://councilrecord.ca/coquitlam.html#vote/usrfu0,That Council approve the signing and sealing of Development Permit No. 22 118921 DP and authorize the Mayor and City Clerk to execute this Permit on behalf of the City of Coquitlam.
2023-11-20,Regular Council,8,"Report of the Director Development Services – Housing Agreement Bylaw No. 5302, 2023 at 618, 622, and 624 Tyndall Street, 617, 629, and 631 Claremont Street and a Portion of a Lane – Strand Holdings Ltd. (PROJ 21-205)",Main motion,Carried,7,0,2,Dennis Marsden,,In favour,Absent,In favour,In favour,In favour,Absent,In favour,In favour,In favour,Housing & density; Transportation,,,,https://coquitlam.ca.granicus.com/MinutesViewer.php?view_id=2&clip_id=2580&doc_id=e1032de5-8e10-11ee-9a5f-020b8fb91724,https://coquitlam.ca.granicus.com/MediaPlayer.php?view_id=2&clip_id=2580,https://councilrecord.ca/coquitlam.html#vote/idpuyp,"That Council: 1. Abandon first, second, and third readings of Housing Agreement Bylaw No. 5309, 2023 related to PROJ 21-205, given third reading on October 16, 2023; and 2. Give first, second, and third readings to Housing Agreement Bylaw No. 5302, 2023."
2023-11-20,Regular Council,9,Report of the Deputy City Manager – 2024 Citizen Appointments to the Board of Variance and Coquitlam Public Library Board,Main motion,Carried,7,0,2,Craig Hodge,,In favour,Absent,In favour,In favour,In favour,Absent,In favour,In favour,In favour,Parks & recreation; Governance & elections,1 of 2,,,https://coquitlam.ca.granicus.com/MinutesViewer.php?view_id=2&clip_id=2580&doc_id=e1032de5-8e10-11ee-9a5f-020b8fb91724,https://coquitlam.ca.granicus.com/MediaPlayer.php?view_id=2&clip_id=2580,https://councilrecord.ca/coquitlam.html#vote/mrh6dj,"That Council ratify the 2024 citizen appointments to the City of Coquitlam Board of Variance and Coquitlam Public Library Board as referenced in Attachment 1 of the report of the Deputy City Manager dated November 10, 2023 and entitled “2024 Citizen Appointments to the Board of Variance and Coquitlam Public Library Board”."
2023-11-20,Regular Council,9,Report of the Deputy City Manager – 2024 Citizen Appointments to the Board of Variance and Coquitlam Public Library Board,Main motion,Carried,7,0,2,Teri Towner,,In favour,Absent,In favour,In favour,In favour,Absent,In favour,In favour,In favour,Parks & recreation; Governance & elections,2 of 2,,,https://coquitlam.ca.granicus.com/MinutesViewer.php?view_id=2&clip_id=2580&doc_id=e1032de5-8e10-11ee-9a5f-020b8fb91724,https://coquitlam.ca.granicus.com/MediaPlayer.php?view_id=2&clip_id=2580,https://councilrecord.ca/coquitlam.html#vote/7w5naa,That the Regular Council Meeting adjourn – 9:13 p.m.
2023-11-27,Regular Council,3,"Minutes of the Sustainability and Environmental Advisory Committee Meeting held on Tuesday, September 26, 2023",Procedural,Carried,9,0,0,Brent Asmundson,,In favour,In favour,In favour,In favour,In favour,In favour,In favour,In favour,In favour,Environment & climate; Public services; Governance & elections,,,,https://coquitlam.ca.granicus.com/MinutesViewer.php?view_id=2&clip_id=2586&doc_id=0cec9dcf-938e-11ee-9a5f-020b8fb91724,https://coquitlam.ca.granicus.com/MediaPlayer.php?view_id=2&clip_id=2586,https://councilrecord.ca/coquitlam.html#vote/bwrsdb,"That the Minutes of the Sustainability and Environmental Advisory Committee Meeting held on Tuesday, September 26, 2023 be received."
2023-11-27,Regular Council,4,Minutes of the Economic Development Advisory Committee Meeting held on,Procedural,Carried,9,0,0,Trish Mandewo,,In favour,In favour,In favour,In favour,In favour,In favour,In favour,In favour,In favour,Business & economy; Governance & elections,,,,https://coquitlam.ca.granicus.com/MinutesViewer.php?view_id=2&clip_id=2586&doc_id=0cec9dcf-938e-11ee-9a5f-020b8fb91724,https://coquitlam.ca.granicus.com/MediaPlayer.php?view_id=2&clip_id=2586,https://councilrecord.ca/coquitlam.html#vote/s57lgg,"That the Minutes of the Economic Development Advisory Committee Meeting held on Wednesday, September 27, 2023 be received."
2023-11-27,Regular Council,5,Minutes of the Community Safety Advisory Committee Meeting held on,Procedural,Carried,9,0,0,Craig Hodge,,In favour,In favour,In favour,In favour,In favour,In favour,In favour,In favour,In favour,Public services; Governance & elections,,,,https://coquitlam.ca.granicus.com/MinutesViewer.php?view_id=2&clip_id=2586&doc_id=0cec9dcf-938e-11ee-9a5f-020b8fb91724,https://coquitlam.ca.granicus.com/MediaPlayer.php?view_id=2&clip_id=2586,https://councilrecord.ca/coquitlam.html#vote/b5m1om,"That the Minutes of the Community Safety Advisory Committee Meeting held on Thursday, September 28, 2023 be received."
2023-11-27,Regular Council,6,Report of the City Manager and General Manager Planning and Development – Provincial Legislative Mandates on Housing,Main motion,Carried,9,0,0,Teri Towner,,In favour,In favour,In favour,In favour,In favour,In favour,In favour,In favour,In favour,Housing & density; Governance & elections,,,,https://coquitlam.ca.granicus.com/MinutesViewer.php?view_id=2&clip_id=2586&doc_id=0cec9dcf-938e-11ee-9a5f-020b8fb91724,https://coquitlam.ca.granicus.com/MediaPlayer.php?view_id=2&clip_id=2586,https://councilrecord.ca/coquitlam.html#vote/179zwxx,"That Council, in relation to the legislative mandates on housing recently announced: 1. Authorize staff to send a letter under the Mayor’s signature on behalf of City Council to the Minister of Housing, the Honorable Ravi Kahlon, outlining concerns and seeking discussions on implementation options, available funding, and potential accommodations for the City; and 2. Direct staff to communicate Coquitlam’s concerns to other local governments in Metro Vancouver, and coordinate discussions between Council and local Members of the Legislative Assembly, to explore regional alignment and shared advocacy on these issues."
2023-11-27,Regular Council,7,Report of the Director Development Services – Development Application at 73 Millside Street – Fraser Mills Properties Ltd. (PROJ 22-163),Main motion,Carried,9,0,0,Trish Mandewo,,In favour,In favour,In favour,In favour,In favour,In favour,In favour,In favour,In favour,Development,,,,https://coquitlam.ca.granicus.com/MinutesViewer.php?view_id=2&clip_id=2586&doc_id=0cec9dcf-938e-11ee-9a5f-020b8fb91724,https://coquitlam.ca.granicus.com/MediaPlayer.php?view_id=2&clip_id=2586,https://councilrecord.ca/coquitlam.html#vote/zorlpk,That Council approve the signing and sealing of Development Permit No. 22 124907 DP and authorize the Mayor and City Clerk to execute this Permit on behalf of the City of Coquitlam.
2023-11-27,Regular Council,8,"Report of the Director Development Services – Development Application at 595–609 Westley Avenue, 639 Elmwood Street, and 600–616 Kemsley Avenue – Rize Alliance (Oakdale) Limited Partnership (PROJ 22-095) Discussion ensued relative to the following:  Appreciation that the developer has included childcare spaces in the development at the request of Council",Main motion,Carried,9,0,0,Trish Mandewo,,In favour,In favour,In favour,In favour,In favour,In favour,In favour,In favour,In favour,Development; Public services,,,,https://coquitlam.ca.granicus.com/MinutesViewer.php?view_id=2&clip_id=2586&doc_id=0cec9dcf-938e-11ee-9a5f-020b8fb91724,https://coquitlam.ca.granicus.com/MediaPlayer.php?view_id=2&clip_id=2586,https://councilrecord.ca/coquitlam.html#vote/xx4jwc,"That Council: 1. Rescind first, second, and third readings of Zoning Amendment Bylaw No. 5313, 2023; 2. Give first reading to updated Zoning Amendment Bylaw No. 5313, 2023; and 3. Refer Bylaw No. 5313, 2023 to Public Hearing."
2023-11-27,Regular Council,9,Report of the Director Development Services – Development Application at 88 Millside Street – Beedie Fraser Mills LP (PROJ 22-060) Discussion ensued relative to the feasibility of increasing industrial space on the property.,Main motion,Carried,9,0,0,Dennis Marsden,,In favour,In favour,In favour,In favour,In favour,In favour,In favour,In favour,In favour,Development; Business & economy,,,,https://coquitlam.ca.granicus.com/MinutesViewer.php?view_id=2&clip_id=2586&doc_id=0cec9dcf-938e-11ee-9a5f-020b8fb91724,https://coquitlam.ca.granicus.com/MediaPlayer.php?view_id=2&clip_id=2586,https://councilrecord.ca/coquitlam.html#vote/aj0s18,That Council approve the signing and sealing of Development Permit No. 22 109702 DP and that the Mayor and City Clerk be authorized to execute this Permit on behalf of the City of Coquitlam.
2023-11-27,Regular Council,10,"Report of the Director Development Services – Development Application at 530–550 Delestre Avenue, 316 Loring Street, and 527–555 Sunset Avenue – LM Delestre Homes LP (PROJ 18-037) Discussion ensued relative to the following:  The desire to continue engaging with the Ministry of Transportation and Infrastructure regarding the land parcels required to proceed with the",Main motion,Carried,9,0,0,Teri Towner,,In favour,In favour,In favour,In favour,In favour,In favour,In favour,In favour,In favour,Development; Transportation; Parks & recreation,,,,https://coquitlam.ca.granicus.com/MinutesViewer.php?view_id=2&clip_id=2586&doc_id=0cec9dcf-938e-11ee-9a5f-020b8fb91724,https://coquitlam.ca.granicus.com/MediaPlayer.php?view_id=2&clip_id=2586,https://councilrecord.ca/coquitlam.html#vote/19i45i1,"That Council: 1. Give first reading to Zoning Amendment Bylaw No. 5116, 2023; 2. Refer Bylaw No. 5116, 2023 to Public Hearing; 3. Authorize staff to prepare Development Permit No. 18 126512 DP generally in accordance with the attached drawings (Attachment 8), should Council grant second and third readings to Zoning Amendment Bylaw No. 5116, 2023; 4. Give first, second, and third readings to Highway Dedication Cancellation Bylaw No. 5117, 2023; 5. Direct Highway Dedication Cancellation Bylaw No. 5117, 2023 to be advertised in accordance with the requirements of the Community Charter; and 6. Instruct staff to complete the following items prior to Council’s consideration of fourth and final reading, should Council grant second and third readings to Zoning Amendment Bylaw No. 5116, 2023: a. Submission of a fully executable subdivision plan to the satisfaction of the Approving Officer; b. Ensure that all engineering requirements and issues including restrictive covenants, dedications and rights-of-way where necessary, are addressed to the satisfaction of the General Manager Engineering and Public Works; c. Acquire the seven Ministry of Transportation and Infrastructure (MOTI) parcels that comprise the future Alderson Avenue extension; d. Dedicate the seven MOTI parcels as Road and construct the full extent of the Alderson Avenue extension from the southern portion of Alderson Avenue to Delestre Avenue; e. Completion of road closure process for a portion of Sunset Avenue and a portion of lane which is to be consolidated as part of the subject site; f. Enter into a Purchase and Sale Agreement to the satisfaction of the City Solicitor; g. Satisfy the Transportation Demand Management measures and Traffic Impact Assessment (TIA) comments to the satisfaction of the General Manager Engineering and Public Works; h. Resolution of all urban design issues to the satisfaction of the Director Development Services; i. Other conditions as applicable; and j. Finalize, execute and deliver to the City, the following agreements in Land Title Office registrable form: i. Section 219 Covenant for development and phasing over the subject site as well as the lands pertaining to Sierra PROJ 18-038 (civic 559, 563, 569 Alderson Avenue, 228, 238, 268, 270, 272, 280 Dunlop Street, 540, 544, 550, 560, 564 Sunset Avenue, 280, 270, 265, 273, 275, 279, 285 Euclid Court, and portion of road); ii. Section 219 Covenant for “no separate transfer” over the remainder parcels resulting after consolidation of the subject site and the lands pertaining to Sierra PROJ 18-038; and iii. Such other Land Title Office registrable agreements as may be required by the City."
2023-11-27,Regular Council,11,"Report of the Director Development Services – Housing Agreement Bylaw No. 5243, 2023 at 1155, 1159 Pipeline Road and 1110 Inlet Street – Ledingham- McAllister Properties Ltd. (PROJ 21-078) Discussion ensured relative to the following:  The recognition there are nine non-market units being built in return for a density bonus, without the need for provincial subsidy, or additional cost to",Main motion,Carried,9,0,0,Trish Mandewo,,In favour,In favour,In favour,In favour,In favour,In favour,In favour,In favour,In favour,Housing & density; Taxes & spending,1 of 2,,,https://coquitlam.ca.granicus.com/MinutesViewer.php?view_id=2&clip_id=2586&doc_id=0cec9dcf-938e-11ee-9a5f-020b8fb91724,https://coquitlam.ca.granicus.com/MediaPlayer.php?view_id=2&clip_id=2586,https://councilrecord.ca/coquitlam.html#vote/16y1m0x,"That Council give first, second, and third readings to Housing Agreement Bylaw No. 5243, 2023."
2023-11-27,Regular Council,11,"Report of the Director Development Services – Housing Agreement Bylaw No. 5243, 2023 at 1155, 1159 Pipeline Road and 1110 Inlet Street – Ledingham- McAllister Properties Ltd. (PROJ 21-078) Discussion ensured relative to the following:  The recognition there are nine non-market units being built in return for a density bonus, without the need for provincial subsidy, or additional cost to",Main motion,Carried,9,0,0,Brent Asmundson,,In favour,In favour,In favour,In favour,In favour,In favour,In favour,In favour,In favour,Housing & density; Taxes & spending,2 of 2,,,https://coquitlam.ca.granicus.com/MinutesViewer.php?view_id=2&clip_id=2586&doc_id=0cec9dcf-938e-11ee-9a5f-020b8fb91724,https://coquitlam.ca.granicus.com/MediaPlayer.php?view_id=2&clip_id=2586,https://councilrecord.ca/coquitlam.html#vote/1w9335w,That the Regular Council Meeting adjourn – 8:59 p.m.
2023-12-04,Regular Council,2,"Minutes of the Regular Finance Standing Committee Meeting held on Tuesday, October 24, 2023",Procedural,Carried,9,0,0,Teri Towner,,In favour,In favour,In favour,In favour,In favour,In favour,In favour,In favour,In favour,Governance & elections,,,,https://coquitlam.ca.granicus.com/MinutesViewer.php?view_id=2&clip_id=2590&doc_id=4bf79871-9911-11ee-9a5f-020b8fb91724,https://coquitlam.ca.granicus.com/MediaPlayer.php?view_id=2&clip_id=2590,https://councilrecord.ca/coquitlam.html#vote/1inx6zs,"That the Minutes of the Regular Finance Standing Committee Meeting held on Tuesday, October 24, 2023 be received."
2023-12-04,Regular Council,3,Minutes of the Regular Finance Standing Committee Meeting held on,Procedural,Carried,9,0,0,Matt Djonlic,,In favour,In favour,In favour,In favour,In favour,In favour,In favour,In favour,In favour,Governance & elections,,,,https://coquitlam.ca.granicus.com/MinutesViewer.php?view_id=2&clip_id=2590&doc_id=4bf79871-9911-11ee-9a5f-020b8fb91724,https://coquitlam.ca.granicus.com/MediaPlayer.php?view_id=2&clip_id=2590,https://councilrecord.ca/coquitlam.html#vote/1t7jawu,"That the Minutes of the Regular Finance Standing Committee Meeting held on Wednesday, October 25, 2023 be received."
2023-12-04,Regular Council,4,"Minutes of the Regular Finance Standing Committee Meeting held on Tuesday, November 14, 2023",Procedural,Carried,9,0,0,Craig Hodge,,In favour,In favour,In favour,In favour,In favour,In favour,In favour,In favour,In favour,Governance & elections,,,,https://coquitlam.ca.granicus.com/MinutesViewer.php?view_id=2&clip_id=2590&doc_id=4bf79871-9911-11ee-9a5f-020b8fb91724,https://coquitlam.ca.granicus.com/MediaPlayer.php?view_id=2&clip_id=2590,https://councilrecord.ca/coquitlam.html#vote/58p23i,"That the Minutes of the Regular Finance Standing Committee Meeting held on Tuesday, November 14, 2023 be received."
2023-12-04,Regular Council,6,"Report of the Deputy City Manager – 2024 Five-Year Financial Plan Bylaw Members of Council provided remarks regarding the 2024 Five-Year Financial Plan expressing support for the budget, noting focus on providing key services addressing core needs, recognizing challenges faced by the City and residents, and expressing the desire to maintain cost increases at a manageable level for residents in following years. .",Main motion,Carried,9,0,0,Trish Mandewo,,In favour,In favour,In favour,In favour,In favour,In favour,In favour,In favour,In favour,Taxes & spending,,,,https://coquitlam.ca.granicus.com/MinutesViewer.php?view_id=2&clip_id=2590&doc_id=4bf79871-9911-11ee-9a5f-020b8fb91724,https://coquitlam.ca.granicus.com/MediaPlayer.php?view_id=2&clip_id=2590,https://councilrecord.ca/coquitlam.html#vote/37aw59,"That Council give first, second and third readings to 2024 Five-Year Financial Plan Bylaw No. 5356, 2023."
2023-12-04,Regular Council,7,"Report of the Deputy City Manager – 2024 Fees and Charges Bylaw No. 5348, 2023",Main motion,Carried,9,0,0,Brent Asmundson,,In favour,In favour,In favour,In favour,In favour,In favour,In favour,In favour,In favour,Taxes & spending,,,,https://coquitlam.ca.granicus.com/MinutesViewer.php?view_id=2&clip_id=2590&doc_id=4bf79871-9911-11ee-9a5f-020b8fb91724,https://coquitlam.ca.granicus.com/MediaPlayer.php?view_id=2&clip_id=2590,https://councilrecord.ca/coquitlam.html#vote/1vxf4l7,"That Council give first, second and third readings to 2024 Fees and Charges Bylaw No. 5348, 2023."
2023-12-04,Regular Council,8,"Report of the General Manager Engineering and Public Works – 2024 Water, Sewer, Drainage, and Solid Waste Rate Amendments",Main motion,Carried,9,0,0,Dennis Marsden,,In favour,In favour,In favour,In favour,In favour,In favour,In favour,In favour,In favour,Public services,,,,https://coquitlam.ca.granicus.com/MinutesViewer.php?view_id=2&clip_id=2590&doc_id=4bf79871-9911-11ee-9a5f-020b8fb91724,https://coquitlam.ca.granicus.com/MediaPlayer.php?view_id=2&clip_id=2590,https://councilrecord.ca/coquitlam.html#vote/7wx4t4,"That Council: 1. Give first, second and third readings to the Water Distribution Amendment Bylaw No. 5364, 2023; Monday, December 4 , 2023 2. Give first, second and third readings to the Sewer and Drainage Amendment Bylaw No. 5363, 2023; and 3. Give first, second and third readings to Solid Waste Management Amendment Bylaw No. 5358, 2023."
2023-12-04,Regular Council,9,Report of the General Manager Corporate Services – 2024 Business Plan,Main motion,Carried,9,0,0,Brent Asmundson,,In favour,In favour,In favour,In favour,In favour,In favour,In favour,In favour,In favour,Business & economy,,,,https://coquitlam.ca.granicus.com/MinutesViewer.php?view_id=2&clip_id=2590&doc_id=4bf79871-9911-11ee-9a5f-020b8fb91724,https://coquitlam.ca.granicus.com/MediaPlayer.php?view_id=2&clip_id=2590,https://councilrecord.ca/coquitlam.html#vote/1027kxh,"That Council approve the draft 2024 Business Plan identified as Attachment 2 of the report of the General Manager Corporate Services dated November 27, 2023 and entitled “2024 Business Plan”."
2023-12-04,Regular Council,10,Report of the Director Development Services – Third Reading Extension of Development Application at 931 Grant Street – Newgen Group (PROJ 20-091),Main motion,Carried,8,0,1,Brent Asmundson,,In favour,In favour,In favour,In favour,Absent,In favour,In favour,In favour,In favour,Development,,,,https://coquitlam.ca.granicus.com/MinutesViewer.php?view_id=2&clip_id=2590&doc_id=4bf79871-9911-11ee-9a5f-020b8fb91724,https://coquitlam.ca.granicus.com/MediaPlayer.php?view_id=2&clip_id=2590,https://councilrecord.ca/coquitlam.html#vote/1hl1iat,"That Council extend Third Reading of Zoning Amendment Bylaw No. 5149, 2021 for an additional 12-month period to November 14, 2024."
2023-12-04,Regular Council,11,Report of the Director Development Services – Development Application at 53 Kong Court – Beedie Fraser Mills LP (PROJ 23-032) Discussion ensued relative to the desire for an improved design for the development application.,Main motion,Carried,9,0,0,Dennis Marsden,,In favour,In favour,In favour,In favour,In favour,In favour,In favour,In favour,In favour,Development,,,,https://coquitlam.ca.granicus.com/MinutesViewer.php?view_id=2&clip_id=2590&doc_id=4bf79871-9911-11ee-9a5f-020b8fb91724,https://coquitlam.ca.granicus.com/MediaPlayer.php?view_id=2&clip_id=2590,https://councilrecord.ca/coquitlam.html#vote/1xl5fj9,That Council approve the signing and sealing of Development Permit No. 23 106446 DP and authorize the Mayor and City Clerk to execute this Permit on behalf of the City of Coquitlam.
2023-12-04,Regular Council,12,"Report of the General Manager Parks, Recreation, Culture and Facilities – Results from the Fall 2023 Spirit of Coquitlam Grant Intake",Main motion,Carried,8,0,1,Brent Asmundson,,In favour,In favour,In favour,In favour,In favour,Absent,In favour,In favour,In favour,Taxes & spending; Parks & recreation,1 of 2,,,https://coquitlam.ca.granicus.com/MinutesViewer.php?view_id=2&clip_id=2590&doc_id=4bf79871-9911-11ee-9a5f-020b8fb91724,https://coquitlam.ca.granicus.com/MediaPlayer.php?view_id=2&clip_id=2590,https://councilrecord.ca/coquitlam.html#vote/1ccln2c,"That Council endorse the disbursements of the Spirit of Coquitlam Grant totaling $136,296 for the Fall 2023 intake."
2023-12-04,Regular Council,12,"Report of the General Manager Parks, Recreation, Culture and Facilities – Results from the Fall 2023 Spirit of Coquitlam Grant Intake",Main motion,Carried,8,0,1,Brent Asmundson,,Absent,In favour,In favour,In favour,In favour,In favour,In favour,In favour,In favour,Taxes & spending; Parks & recreation,2 of 2,,,https://coquitlam.ca.granicus.com/MinutesViewer.php?view_id=2&clip_id=2590&doc_id=4bf79871-9911-11ee-9a5f-020b8fb91724,https://coquitlam.ca.granicus.com/MediaPlayer.php?view_id=2&clip_id=2590,https://councilrecord.ca/coquitlam.html#vote/169v9lg,That the Regular Council Meeting adjourn – 9:39 p.m.
2023-12-11,Regular Council,2,"Zoning Amendment Bylaw No. 5313, 2023 – 595, 597, 601, 605, and 609 Westley Avenue, 639 Elmwood Street, and 600, 604, 606, 612, and 616 Kemsley Avenue",Main motion,Carried,9,0,0,Dennis Marsden,,In favour,In favour,In favour,In favour,In favour,In favour,In favour,In favour,In favour,Development,,,,https://coquitlam.ca.granicus.com/MinutesViewer.php?view_id=2&clip_id=2604&doc_id=03e83210-b48a-11ee-a3ea-06607eefec02,https://coquitlam.ca.granicus.com/MediaPlayer.php?view_id=2&clip_id=2604,https://councilrecord.ca/coquitlam.html#vote/xuhaj,"That Council give second and third readings to Zoning Amendment Bylaw No. 5313, 2023."
2023-12-11,Regular Council,3,"Zoning Amendment Bylaw No. 5116, 2023 – 530, 532, 534, 538, 542, 546, 550 Delestre Avenue, 316 Loring Street, and 527, 533, 539, 545, 551, and 555 Sunset Avenue",Main motion,Carried,9,0,0,Dennis Marsden,,In favour,In favour,In favour,In favour,In favour,In favour,In favour,In favour,In favour,Development,,,,https://coquitlam.ca.granicus.com/MinutesViewer.php?view_id=2&clip_id=2604&doc_id=03e83210-b48a-11ee-a3ea-06607eefec02,https://coquitlam.ca.granicus.com/MediaPlayer.php?view_id=2&clip_id=2604,https://councilrecord.ca/coquitlam.html#vote/19y2v29,"That Council give second and third readings to Zoning Amendment Bylaw No. 5116, 2023."
2023-12-11,Regular Council,4,"Report of the City Clerk – Fourth and Final Reading of 2024 Five-Year Financial Plan Bylaw No. 5356, 2023",Main motion,Carried,9,0,0,Brent Asmundson,,In favour,In favour,In favour,In favour,In favour,In favour,In favour,In favour,In favour,Taxes & spending,,,,https://coquitlam.ca.granicus.com/MinutesViewer.php?view_id=2&clip_id=2604&doc_id=03e83210-b48a-11ee-a3ea-06607eefec02,https://coquitlam.ca.granicus.com/MediaPlayer.php?view_id=2&clip_id=2604,https://councilrecord.ca/coquitlam.html#vote/m19q1w,"That Council give fourth and final reading to 2024 Five-Year Financial Plan Bylaw No. 5356, 2023."
2023-12-11,Regular Council,5,"Report of the City Clerk – Fourth and Final Reading of 2024 Fees and Charges Bylaw No. 5348, 2023",Main motion,Carried,9,0,0,Trish Mandewo,,In favour,In favour,In favour,In favour,In favour,In favour,In favour,In favour,In favour,Taxes & spending,,,,https://coquitlam.ca.granicus.com/MinutesViewer.php?view_id=2&clip_id=2604&doc_id=03e83210-b48a-11ee-a3ea-06607eefec02,https://coquitlam.ca.granicus.com/MediaPlayer.php?view_id=2&clip_id=2604,https://councilrecord.ca/coquitlam.html#vote/o29mhv,"That Council give fourth and final reading to 2024 Fees and Charges Bylaw No. 5348, 2023."
2023-12-11,Regular Council,6,"Report of the City Clerk – Fourth and Final Reading of Bylaws Related to 2024 Water, Sewage, Drainage, and Solid Waste Rate Amendments",Main motion,Carried,9,0,0,Steve Kim,,In favour,In favour,In favour,In favour,In favour,In favour,In favour,In favour,In favour,Public services,,,,https://coquitlam.ca.granicus.com/MinutesViewer.php?view_id=2&clip_id=2604&doc_id=03e83210-b48a-11ee-a3ea-06607eefec02,https://coquitlam.ca.granicus.com/MediaPlayer.php?view_id=2&clip_id=2604,https://councilrecord.ca/coquitlam.html#vote/1b8cwf0,"That Council: 1. Give fourth and final reading to the Water Distribution Amendment Bylaw No. 5364, 2023; 2. Give fourth and final reading the Sewer and Drainage Amendment Bylaw No. 5363, 2023; and 3. Give fourth and final reading Solid Waste Management Amendment Bylaw No. 5358, 2023."
2023-12-11,Regular Council,7,"Report of the Director Development Services – Public Hearing Response – Zoning Amendment Bylaw No. 5347, 2023 at 1301 Lougheed Highway – Loblaw Companies Ltd. (PROJ 23-063)",Main motion,Carried,9,0,0,Dennis Marsden,,In favour,In favour,In favour,In favour,In favour,In favour,In favour,In favour,In favour,Development,,,,https://coquitlam.ca.granicus.com/MinutesViewer.php?view_id=2&clip_id=2604&doc_id=03e83210-b48a-11ee-a3ea-06607eefec02,https://coquitlam.ca.granicus.com/MediaPlayer.php?view_id=2&clip_id=2604,https://councilrecord.ca/coquitlam.html#vote/18inuys,"That Council: 1. Receive the report of the Director Development Services dated December 4, 2023 and entitled “Public Hearing Response – Zoning Amendment Bylaw No. 5347, 2023 at 1301 Lougheed Highway – Loblaw Companies Ltd. (PROJ 23-063)” for information; and 2. Give second, third, and fourth and final readings to Zoning Amendment Bylaw No. 5347, 2023. Councillor Towner registered opposition"
2023-12-11,Regular Council,8,Report of the Director Development Services – Final Approval of Development Application at 1350 Coast Meridian Road – 1299874 B.C. Ltd. (PROJ 18-041),Main motion,Carried,9,0,0,Brent Asmundson,,In favour,In favour,In favour,In favour,In favour,In favour,In favour,In favour,In favour,Housing & density; Development,,,,https://coquitlam.ca.granicus.com/MinutesViewer.php?view_id=2&clip_id=2604&doc_id=03e83210-b48a-11ee-a3ea-06607eefec02,https://coquitlam.ca.granicus.com/MediaPlayer.php?view_id=2&clip_id=2604,https://councilrecord.ca/coquitlam.html#vote/5rktq1,"That Council: 1. Give fourth and final reading to Citywide Official Community Plan Amendment Bylaw No. 5084, 2021; 2. Give fourth and final reading to Zoning Amendment Bylaw No. 5085, 2021; and 3. Approve the signing and sealing of Development Permit No. 18 106297 DP and that the Mayor and City Clerk be authorized to execute this Permit on behalf of the City of Coquitlam."
2023-12-11,Regular Council,9,Report of the Deputy City Manager – 2024 Council Meeting and Acting Mayor Schedules,Main motion,Carried,9,0,0,Craig Hodge,,In favour,In favour,In favour,In favour,In favour,In favour,In favour,In favour,In favour,Governance & elections,1 of 2,,,https://coquitlam.ca.granicus.com/MinutesViewer.php?view_id=2&clip_id=2604&doc_id=03e83210-b48a-11ee-a3ea-06607eefec02,https://coquitlam.ca.granicus.com/MediaPlayer.php?view_id=2&clip_id=2604,https://councilrecord.ca/coquitlam.html#vote/wg1o4j,"That Council: 1. Approve the 2024 Council Meeting Schedule, as set out in Attachment 1 to the report of the Deputy City Manager dated December 4, 2023 and entitled “2024 Council Meeting and Acting Mayor Schedules”. 2. Approve the 2024 Acting Mayor Schedule, as set out in Attachment 2 to the report of the Deputy City Manager dated December 4, 2023 and entitled “2024 Council Meeting and Acting Mayor Schedules”."
2023-12-11,Regular Council,9,Report of the Deputy City Manager – 2024 Council Meeting and Acting Mayor Schedules,Main motion,Carried,9,0,0,Brent Asmundson,,In favour,In favour,In favour,In favour,In favour,In favour,In favour,In favour,In favour,Governance & elections,2 of 2,,,https://coquitlam.ca.granicus.com/MinutesViewer.php?view_id=2&clip_id=2604&doc_id=03e83210-b48a-11ee-a3ea-06607eefec02,https://coquitlam.ca.granicus.com/MediaPlayer.php?view_id=2&clip_id=2604,https://councilrecord.ca/coquitlam.html#vote/15frj1g,That the Regular Council Meeting adjourn – 8:24 p.m.
2024-01-15,Regular Council,3,Report of the Director Development Services – Final Approval of Development Application at 817 and 823 Cornell Avenue – 1320269 B.C. Ltd. (PROJ 22-019),Main motion,Carried,9,0,0,Dennis Marsden,,In favour,In favour,In favour,In favour,In favour,In favour,In favour,In favour,In favour,Development,,,,https://coquitlam.ca.granicus.com/MinutesViewer.php?view_id=2&clip_id=2610&doc_id=86c3c037-bf29-11ee-a3ea-06607eefec02,https://coquitlam.ca.granicus.com/MediaPlayer.php?view_id=2&clip_id=2610,https://councilrecord.ca/coquitlam.html#vote/teb5tk,"That Council give fourth and final reading to Zoning Amendment Bylaw No. 5299, 2023."
2024-01-15,Regular Council,4,Report of the General Manager Community Safety – UBCM Emergency Support Services Equipment and Training 2024 Grant,Main motion,Carried,9,0,0,Dennis Marsden,,In favour,In favour,In favour,In favour,In favour,In favour,In favour,In favour,In favour,Taxes & spending; Public services; Governance & elections,,,,https://coquitlam.ca.granicus.com/MinutesViewer.php?view_id=2&clip_id=2610&doc_id=86c3c037-bf29-11ee-a3ea-06607eefec02,https://coquitlam.ca.granicus.com/MediaPlayer.php?view_id=2&clip_id=2610,https://councilrecord.ca/coquitlam.html#vote/5ubs2,"That Council support the activities proposed in the City’s Emergency Support Services (ESS) equipment and training project, including overall grant management, as required by the Union of BC Municipalities (UBCM) for applications to the 2024 Emergency Support Services Equipment and Training stream of the Community Emergency Preparedness Fund."
2024-01-15,Regular Council,5,Report of the Deputy City Manager – 2024 Council Meeting Schedule Amendment,Main motion,Carried,9,0,0,Brent Asmundson,,In favour,In favour,In favour,In favour,In favour,In favour,In favour,In favour,In favour,Governance & elections,1 of 2,,,https://coquitlam.ca.granicus.com/MinutesViewer.php?view_id=2&clip_id=2610&doc_id=86c3c037-bf29-11ee-a3ea-06607eefec02,https://coquitlam.ca.granicus.com/MediaPlayer.php?view_id=2&clip_id=2610,https://councilrecord.ca/coquitlam.html#vote/gqa7h6,"That Council approve the amended 2024 Council Meeting Schedule, as set out in Attachment 1 to the report of the Deputy City Manager dated January 8, 2024 and entitled “2024 Council Meeting Schedule Amendment”."
2024-01-15,Regular Council,5,Report of the Deputy City Manager – 2024 Council Meeting Schedule Amendment,Main motion,Carried,9,0,0,Craig Hodge,,In favour,In favour,In favour,In favour,In favour,In favour,In favour,In favour,In favour,Governance & elections,2 of 2,,,https://coquitlam.ca.granicus.com/MinutesViewer.php?view_id=2&clip_id=2610&doc_id=86c3c037-bf29-11ee-a3ea-06607eefec02,https://coquitlam.ca.granicus.com/MediaPlayer.php?view_id=2&clip_id=2610,https://councilrecord.ca/coquitlam.html#vote/7dt0ru,That the Regular Council Meeting adjourn – 7:07 p.m.
2024-01-29,Regular Council,3,Minutes of the Universal Access-Ability Advisory Committee Meeting held on,Procedural,Carried,8,0,1,Matt Djonlic,,In favour,In favour,In favour,In favour,In favour,In favour,Absent,In favour,In favour,Governance & elections,,,,https://coquitlam.ca.granicus.com/MinutesViewer.php?view_id=2&clip_id=2615&doc_id=9085c145-c512-11ee-a3ea-06607eefec02,https://coquitlam.ca.granicus.com/MediaPlayer.php?view_id=2&clip_id=2615,https://councilrecord.ca/coquitlam.html#vote/1lv0jx3,"That the Minutes of the Universal Access-Ability Advisory Committee Meeting held on Tuesday, November 7, 2023 be received."
2024-01-29,Regular Council,4,Minutes of the Sports and Recreation Advisory Committee Meeting held on,Procedural,Carried,8,0,1,Matt Djonlic,,In favour,In favour,In favour,In favour,In favour,In favour,Absent,In favour,In favour,Parks & recreation; Governance & elections,,,,https://coquitlam.ca.granicus.com/MinutesViewer.php?view_id=2&clip_id=2615&doc_id=9085c145-c512-11ee-a3ea-06607eefec02,https://coquitlam.ca.granicus.com/MediaPlayer.php?view_id=2&clip_id=2615,https://councilrecord.ca/coquitlam.html#vote/a8f6d2,"That the Minutes of the Sports and Recreation Advisory Committee Meeting held on Wednesday, November 8, 2023 be received."
2024-01-29,Regular Council,5,"Minutes of the Culture Services Advisory Committee Meeting held on Thursday, November 9, 2023",Procedural,Carried,8,0,1,Steve Kim,,In favour,In favour,In favour,In favour,In favour,In favour,Absent,In favour,In favour,Parks & recreation; Governance & elections,,,,https://coquitlam.ca.granicus.com/MinutesViewer.php?view_id=2&clip_id=2615&doc_id=9085c145-c512-11ee-a3ea-06607eefec02,https://coquitlam.ca.granicus.com/MediaPlayer.php?view_id=2&clip_id=2615,https://councilrecord.ca/coquitlam.html#vote/j1rt2r,"That the Minutes of the Culture Services Advisory Committee Meeting held on Thursday, November 9, 2023 be received."
2024-01-29,Regular Council,6,Minutes of the Multiculturalism Advisory Committee Meeting held on,Procedural,Carried,8,0,1,Brent Asmundson,,In favour,In favour,In favour,In favour,In favour,In favour,Absent,In favour,In favour,Governance & elections,,,,https://coquitlam.ca.granicus.com/MinutesViewer.php?view_id=2&clip_id=2615&doc_id=9085c145-c512-11ee-a3ea-06607eefec02,https://coquitlam.ca.granicus.com/MediaPlayer.php?view_id=2&clip_id=2615,https://councilrecord.ca/coquitlam.html#vote/1kzsf4b,"That the Minutes of the Multiculturalism Advisory Committee Meeting held on Wednesday, November 15, 2023 be received."
2024-01-29,Regular Council,7,"Minutes of the Sustainability and Environmental Advisory Committee Meeting held on Tuesday, November 28, 2023",Procedural,Carried,8,0,1,Brent Asmundson,,In favour,In favour,In favour,In favour,In favour,In favour,Absent,In favour,In favour,Environment & climate; Public services; Governance & elections,,,,https://coquitlam.ca.granicus.com/MinutesViewer.php?view_id=2&clip_id=2615&doc_id=9085c145-c512-11ee-a3ea-06607eefec02,https://coquitlam.ca.granicus.com/MediaPlayer.php?view_id=2&clip_id=2615,https://councilrecord.ca/coquitlam.html#vote/1ey9wpm,"That the Minutes of the Sustainability and Environmental Advisory Committee Meeting held on Tuesday, November 28, 2023 be received."
2024-01-29,Regular Council,8,Report of the Director Development Services – Bill 44 Implementation – Update to Public Hearing Procedures Discussion ensued relative to the following:  Concern regarding Bill 44 and the provincial government’s prohibition of municipal government’s ability to hold Public Hearings for certain development applications as outlined in staff’s report,Main motion,Carried,8,0,1,Brent Asmundson,,In favour,In favour,In favour,In favour,In favour,In favour,Absent,In favour,In favour,Housing & density; Development; Governance & elections,,,,https://coquitlam.ca.granicus.com/MinutesViewer.php?view_id=2&clip_id=2615&doc_id=9085c145-c512-11ee-a3ea-06607eefec02,https://coquitlam.ca.granicus.com/MediaPlayer.php?view_id=2&clip_id=2615,https://councilrecord.ca/coquitlam.html#vote/srvnsn,"That Council give first, second, and third readings to Development Procedures Amendment Bylaw No. 5365, 2024."
2024-01-29,Regular Council,9,Report of the Director Development Services – Final Approval of Development Application at 1296 and 1298 Johnson Street – Trillium Westview Holding Ltd. (PROJ 22-051) Discussion ensued relative to appreciation for the engagement of residents at the Public Hearing for this item.,Main motion,Carried,8,0,1,Teri Towner,,In favour,In favour,In favour,In favour,In favour,In favour,Absent,In favour,In favour,Housing & density; Development,1 of 2,,,https://coquitlam.ca.granicus.com/MinutesViewer.php?view_id=2&clip_id=2615&doc_id=9085c145-c512-11ee-a3ea-06607eefec02,https://coquitlam.ca.granicus.com/MediaPlayer.php?view_id=2&clip_id=2615,https://councilrecord.ca/coquitlam.html#vote/11q5ihr,"That Council: 1. Give fourth and final reading to Citywide Official Community Plan Amendment Bylaw No. 5320, 2023; 2. Give fourth and final reading to Zoning Amendment Bylaw No. 5319, 2023; and 3. Approve the signing and sealing of Development Permit No. 22 108149 DP and that the Mayor and City Clerk be authorized to execute this Permit on behalf of the City of Coquitlam."
2024-01-29,Regular Council,9,Report of the Director Development Services – Final Approval of Development Application at 1296 and 1298 Johnson Street – Trillium Westview Holding Ltd. (PROJ 22-051) Discussion ensued relative to appreciation for the engagement of residents at the Public Hearing for this item.,Main motion,Carried,8,0,1,Brent Asmundson,,In favour,In favour,In favour,In favour,In favour,In favour,Absent,In favour,In favour,Other,2 of 2,,,https://coquitlam.ca.granicus.com/MinutesViewer.php?view_id=2&clip_id=2615&doc_id=9085c145-c512-11ee-a3ea-06607eefec02,https://coquitlam.ca.granicus.com/MediaPlayer.php?view_id=2&clip_id=2615,https://councilrecord.ca/coquitlam.html#vote/1129ehn,That the Regular Council Meeting adjourn – 7:51 p.m.
2024-02-05,Regular Council,2,"Final Adoption of Development Procedures Amendment Bylaw No. 5365, 2024",Main motion,Carried,9,0,0,Brent Asmundson,,In favour,In favour,In favour,In favour,In favour,In favour,In favour,In favour,In favour,Development; Governance & elections,,,,https://coquitlam.ca.granicus.com/MinutesViewer.php?view_id=2&clip_id=2619&doc_id=14574ee6-ca92-11ee-a3ea-06607eefec02,https://coquitlam.ca.granicus.com/MediaPlayer.php?view_id=2&clip_id=2619,https://councilrecord.ca/coquitlam.html#vote/lpceli,"That Council give final adoption to Development Procedures Amendment Bylaw No. 5365, 2024."
2024-02-05,Regular Council,3,Report of the General Manager Planning and Development – Impacts of Provincial Legislation on the City’s Housing Affordability Program Discussion ensued relative to the following:  Concerns of suspending future disbursement from the Affordable Housing Reserve Fund (AHRF) while funds remain available for pending applications  The desire to review previously committed projects and use the remaining,Main motion,Defeated,0,0,0,Dennis Marsden,,No recorded vote,No recorded vote,No recorded vote,No recorded vote,No recorded vote,No recorded vote,No recorded vote,No recorded vote,No recorded vote,Housing & density; Taxes & spending,,"The minutes record this motion as defeated without naming who voted against it, so individual votes are not shown.",,https://coquitlam.ca.granicus.com/MinutesViewer.php?view_id=2&clip_id=2619&doc_id=14574ee6-ca92-11ee-a3ea-06607eefec02,https://coquitlam.ca.granicus.com/MediaPlayer.php?view_id=2&clip_id=2619,https://councilrecord.ca/coquitlam.html#vote/utj9q6,"That the main motion of Part 1 be amended to replace “suspend” with “review” and “until” with “pending”. Discussion continued relative to following:  The possibility of bringing forward to Council the list of projects in ranking order to determine how remaining funds might be disbursed  Concern if projects were ranked that it would be Council choosing the successful projects to receive funds Council directed staff to report back the outcome of impacts of provincial legislation on the City’s Housing Affordability Program in September 2024. The question was called on the Amendment to Part 1 of the Main Motion and: Mayor Stewart and Councillors Asmundson, Djonlic, Hodge, Kim, Mandewo, Mazzarolo and Towner registered opposition."
2024-02-05,Regular Council,4,"Report of the Director Development Services – Housing Agreement Bylaw No. 5366, 2024 at 530, 550 Cottonwood Avenue & 663, 675 Whiting Way – Concert Properties Ltd. (PROJ 22-164)",Main motion,Carried,9,0,0,Brent Asmundson,,In favour,In favour,In favour,In favour,In favour,In favour,In favour,In favour,In favour,Housing & density,,,,https://coquitlam.ca.granicus.com/MinutesViewer.php?view_id=2&clip_id=2619&doc_id=14574ee6-ca92-11ee-a3ea-06607eefec02,https://coquitlam.ca.granicus.com/MediaPlayer.php?view_id=2&clip_id=2619,https://councilrecord.ca/coquitlam.html#vote/1apttt6,"That Council give first, second, and third readings to Housing Agreement Bylaw No. 5366, 2024."
2024-02-05,Regular Council,5,Report of the Director Development Services – Final Approval of Development Application at 704-710 Grover Avenue and 701-709 Regan Avenue – Kadium Burqville Project Ltd. (PROJ 19-109),Main motion,Carried,9,0,0,Teri Towner,,In favour,In favour,In favour,In favour,In favour,In favour,In favour,In favour,In favour,Development,1 of 2,,,https://coquitlam.ca.granicus.com/MinutesViewer.php?view_id=2&clip_id=2619&doc_id=14574ee6-ca92-11ee-a3ea-06607eefec02,https://coquitlam.ca.granicus.com/MediaPlayer.php?view_id=2&clip_id=2619,https://councilrecord.ca/coquitlam.html#vote/hdk12x,"That Council: 1. Give fourth and final reading to City of Coquitlam Zoning Amendment Bylaw No. 5164, 2022; and 2. Approve the signing and sealing of Development Permit No. 19 123447 DP and that the Mayor and City Clerk be authorized to execute this Permit on behalf of the City of Coquitlam."
2024-02-05,Regular Council,5,Report of the Director Development Services – Final Approval of Development Application at 704-710 Grover Avenue and 701-709 Regan Avenue – Kadium Burqville Project Ltd. (PROJ 19-109),Main motion,Carried,9,0,0,Trish Mandewo,,In favour,In favour,In favour,In favour,In favour,In favour,In favour,In favour,In favour,Other,2 of 2,,,https://coquitlam.ca.granicus.com/MinutesViewer.php?view_id=2&clip_id=2619&doc_id=14574ee6-ca92-11ee-a3ea-06607eefec02,https://coquitlam.ca.granicus.com/MediaPlayer.php?view_id=2&clip_id=2619,https://councilrecord.ca/coquitlam.html#vote/1y6dxcd,That the Regular Council Meeting adjourn – 8:16 p.m.
2024-02-12,Regular Council,2,Minutes of the Economic Development Advisory Committee held on,Procedural,Carried,9,0,0,Trish Mandewo,,In favour,In favour,In favour,In favour,In favour,In favour,In favour,In favour,In favour,Business & economy; Governance & elections,,,,https://coquitlam.ca.granicus.com/MinutesViewer.php?view_id=2&clip_id=2624&doc_id=a98e664b-db0e-11ee-88cf-06607eefec02,https://coquitlam.ca.granicus.com/MediaPlayer.php?view_id=2&clip_id=2624,https://councilrecord.ca/coquitlam.html#vote/14ox6wi,"That the Minutes of the Economic Development Advisory Committee held on Wednesday, November 29, 2023 be received."
2024-02-12,Regular Council,3,"Minutes of the Community Safety Advisory Committee held on Thursday, November 30, 2023",Procedural,Carried,9,0,0,Craig Hodge,,In favour,In favour,In favour,In favour,In favour,In favour,In favour,In favour,In favour,Public services; Governance & elections,,,,https://coquitlam.ca.granicus.com/MinutesViewer.php?view_id=2&clip_id=2624&doc_id=a98e664b-db0e-11ee-88cf-06607eefec02,https://coquitlam.ca.granicus.com/MediaPlayer.php?view_id=2&clip_id=2624,https://councilrecord.ca/coquitlam.html#vote/uilklx,"That the Minutes of the Community Safety Advisory Committee held on Thursday, November 30, 2023 be received."
2024-02-12,Regular Council,4,"Final Adoption of Housing Agreement Bylaw No. 5366, 2024",Main motion,Carried,8,0,1,Trish Mandewo,,In favour,In favour,In favour,In favour,In favour,In favour,In favour,Absent,In favour,Housing & density,,,,https://coquitlam.ca.granicus.com/MinutesViewer.php?view_id=2&clip_id=2624&doc_id=a98e664b-db0e-11ee-88cf-06607eefec02,https://coquitlam.ca.granicus.com/MediaPlayer.php?view_id=2&clip_id=2624,https://councilrecord.ca/coquitlam.html#vote/bsjkto,"That Council give final adoption to Housing Agreement Bylaw No. 5366, 2024."
2024-02-12,Regular Council,5,Report of the Director Development Services – Temporary Use Permit at 626 and 628 Smith Avenue – Polygon Goldfinch Development Ltd. (PROJ 23-134),Main motion,Carried,9,0,0,Brent Asmundson,,In favour,In favour,In favour,In favour,In favour,In favour,In favour,In favour,In favour,Development,,,,https://coquitlam.ca.granicus.com/MinutesViewer.php?view_id=2&clip_id=2624&doc_id=a98e664b-db0e-11ee-88cf-06607eefec02,https://coquitlam.ca.granicus.com/MediaPlayer.php?view_id=2&clip_id=2624,https://councilrecord.ca/coquitlam.html#vote/1sjbufa,That Council approve the signing and sealing of Temporary Use Permit No. 23 118186 TU and authorize the Mayor and City Clerk to execute this Permit on behalf of the City of Coquitlam.
2024-02-12,Regular Council,6,Report of the Director Development Services – Final Approval of Development Application at 3420 and 3428 Queenston Avenue – 1357312 B.C. Ltd. (PROJ 19-096),Main motion,Carried,9,0,0,Teri Towner,,In favour,In favour,In favour,In favour,In favour,In favour,In favour,In favour,In favour,Housing & density; Development,,,,https://coquitlam.ca.granicus.com/MinutesViewer.php?view_id=2&clip_id=2624&doc_id=a98e664b-db0e-11ee-88cf-06607eefec02,https://coquitlam.ca.granicus.com/MediaPlayer.php?view_id=2&clip_id=2624,https://councilrecord.ca/coquitlam.html#vote/1quyf4o,"That Council: 1. Adopt Citywide Official Community Plan Amendment Bylaw No. 5093, 2021; 2. Adopt Zoning Amendment Bylaw No. 5094, 2021; and 3. Approve the signing and sealing of Development Permit No. 19 122526 DP and that the Mayor and City Clerk be authorized to execute this Permit on behalf of the City of Coquitlam."
2024-02-12,Regular Council,7,Report of the Deputy City Manager – Resolutions for Submission to the 2024 Lower Mainland Local Government Association Annual General Meeting,Main motion,Carried,9,0,0,Brent Asmundson,,In favour,In favour,In favour,In favour,In favour,In favour,In favour,In favour,In favour,Governance & elections,,,,https://coquitlam.ca.granicus.com/MinutesViewer.php?view_id=2&clip_id=2624&doc_id=a98e664b-db0e-11ee-88cf-06607eefec02,https://coquitlam.ca.granicus.com/MediaPlayer.php?view_id=2&clip_id=2624,https://councilrecord.ca/coquitlam.html#vote/1a8aoou,"That Council endorse the Enhanced Provincial Government Engagement Practices resolution as set out in Attachment 1 to the Report of the Deputy City Manager dated February 5, 2024 and entitled “Resolutions for Submission to the 2024 Lower Mainland Local Government Association Annual General Meeting”."
2024-02-12,Regular Council,8,"Metro Vancouver Board in Brief (January 26, 2024) – Metro Vancouver Board Representatives Available to Respond to Questions",Main motion,Carried,9,0,0,Craig Hodge,,In favour,In favour,In favour,In favour,In favour,In favour,In favour,In favour,In favour,Governance & elections,1 of 2,,,https://coquitlam.ca.granicus.com/MinutesViewer.php?view_id=2&clip_id=2624&doc_id=a98e664b-db0e-11ee-88cf-06607eefec02,https://coquitlam.ca.granicus.com/MediaPlayer.php?view_id=2&clip_id=2624,https://councilrecord.ca/coquitlam.html#vote/en47jo,That Council receive for information the Metro Vancouver Board in Brief.
2024-02-12,Regular Council,8,"Metro Vancouver Board in Brief (January 26, 2024) – Metro Vancouver Board Representatives Available to Respond to Questions",Main motion,Carried,9,0,0,Matt Djonlic,,In favour,In favour,In favour,In favour,In favour,In favour,In favour,In favour,In favour,Governance & elections,2 of 2,,,https://coquitlam.ca.granicus.com/MinutesViewer.php?view_id=2&clip_id=2624&doc_id=a98e664b-db0e-11ee-88cf-06607eefec02,https://coquitlam.ca.granicus.com/MediaPlayer.php?view_id=2&clip_id=2624,https://councilrecord.ca/coquitlam.html#vote/14j46fo,That the Regular Council Meeting adjourn – 7:27 p.m.
2024-03-04,Regular Council,2,"Report of the Director Development Services – Housing Agreement Bylaw No. 5370, 2024 at 520 Cottonwood Avenue – Ledingham McAllister (PROJ 18-066)",Main motion,Carried,9,0,0,Brent Asmundson,,In favour,In favour,In favour,In favour,In favour,In favour,In favour,In favour,In favour,Housing & density,,,,https://coquitlam.ca.granicus.com/MinutesViewer.php?view_id=2&clip_id=2634&doc_id=25971198-e092-11ee-88cf-06607eefec02,https://coquitlam.ca.granicus.com/MediaPlayer.php?view_id=2&clip_id=2634,https://councilrecord.ca/coquitlam.html#vote/1rj42cr,"That Council give first, second, and third readings to Housing Agreement Bylaw No. 5370, 2024."
2024-03-04,Regular Council,3,"Report of the Director Development Services – Development Application at 1500 United Boulevard – CTA Architecture + Design (PROJ 21-132) In response to a question from Council, the General Manager Planning and Development advised that details regarding interior elements of the building would be addressed through the building permit process.",Main motion,Carried,9,0,0,Steve Kim,,In favour,In favour,In favour,In favour,In favour,In favour,In favour,In favour,In favour,Development,,,,https://coquitlam.ca.granicus.com/MinutesViewer.php?view_id=2&clip_id=2634&doc_id=25971198-e092-11ee-88cf-06607eefec02,https://coquitlam.ca.granicus.com/MediaPlayer.php?view_id=2&clip_id=2634,https://councilrecord.ca/coquitlam.html#vote/lijno2,That Council approve the signing and sealing of Development Permit No. 21 116705 DP and authorize the Mayor and City Clerk to execute this Permit on behalf of the City of Coquitlam.
2024-03-04,Regular Council,4,Metro Vancouver Board in Brief (February 23 2024) – Metro Vancouver Board Representatives Available to Respond to Questions,Main motion,Carried,9,0,0,Brent Asmundson,,In favour,In favour,In favour,In favour,In favour,In favour,In favour,In favour,In favour,Governance & elections,1 of 2,,,https://coquitlam.ca.granicus.com/MinutesViewer.php?view_id=2&clip_id=2634&doc_id=25971198-e092-11ee-88cf-06607eefec02,https://coquitlam.ca.granicus.com/MediaPlayer.php?view_id=2&clip_id=2634,https://councilrecord.ca/coquitlam.html#vote/14lo38x,That Council receive for information the Metro Vancouver Board in Brief.
2024-03-04,Regular Council,4,Metro Vancouver Board in Brief (February 23 2024) – Metro Vancouver Board Representatives Available to Respond to Questions,Main motion,Carried,9,0,0,Trish Mandewo,,In favour,In favour,In favour,In favour,In favour,In favour,In favour,In favour,In favour,Governance & elections,2 of 2,,,https://coquitlam.ca.granicus.com/MinutesViewer.php?view_id=2&clip_id=2634&doc_id=25971198-e092-11ee-88cf-06607eefec02,https://coquitlam.ca.granicus.com/MediaPlayer.php?view_id=2&clip_id=2634,https://councilrecord.ca/coquitlam.html#vote/lxf29c,That the Regular Council Meeting adjourn – 7:09 p.m.
2024-03-11,Regular Council,2,Minutes of the Universal Access-Ability Advisory Committee Meeting held on,Procedural,Carried,9,0,0,Teri Towner,,In favour,In favour,In favour,In favour,In favour,In favour,In favour,In favour,In favour,Governance & elections,1 of 2,,,https://coquitlam.ca.granicus.com/MinutesViewer.php?view_id=2&clip_id=2640&doc_id=656af766-f68b-11ee-88cf-06607eefec02,https://coquitlam.ca.granicus.com/MediaPlayer.php?view_id=2&clip_id=2640,https://councilrecord.ca/coquitlam.html#vote/1kwetws,"That the Minutes of the Universal Access-Ability Advisory Committee Meeting held on Tuesday, February 6, 2024 be received."
2024-03-11,Regular Council,2,Minutes of the Universal Access-Ability Advisory Committee Meeting held on,Main motion,Carried,9,0,0,Teri Towner,,In favour,In favour,In favour,In favour,In favour,In favour,In favour,In favour,In favour,Governance & elections,2 of 2,,,https://coquitlam.ca.granicus.com/MinutesViewer.php?view_id=2&clip_id=2640&doc_id=656af766-f68b-11ee-88cf-06607eefec02,https://coquitlam.ca.granicus.com/MediaPlayer.php?view_id=2&clip_id=2640,https://councilrecord.ca/coquitlam.html#vote/tsnbpg,That Council approve the 2024 Universal Access-Ability Advisory Committee Work Plan.
2024-03-11,Regular Council,3,"Minutes of the Culture Services Advisory Committee Meeting held on Thursday, February 8, 2024",Procedural,Carried,9,0,0,Steve Kim,,In favour,In favour,In favour,In favour,In favour,In favour,In favour,In favour,In favour,Parks & recreation; Governance & elections,1 of 3,,,https://coquitlam.ca.granicus.com/MinutesViewer.php?view_id=2&clip_id=2640&doc_id=656af766-f68b-11ee-88cf-06607eefec02,https://coquitlam.ca.granicus.com/MediaPlayer.php?view_id=2&clip_id=2640,https://councilrecord.ca/coquitlam.html#vote/16bk9ay,"That the Minutes of the Culture Services Advisory Committee Meeting held on Thursday, February 8, 2024 be received."
2024-03-11,Regular Council,3,"Minutes of the Culture Services Advisory Committee Meeting held on Thursday, February 8, 2024",Main motion,Carried,9,0,0,Steve Kim,,In favour,In favour,In favour,In favour,In favour,In favour,In favour,In favour,In favour,Parks & recreation; Governance & elections,2 of 3,,,https://coquitlam.ca.granicus.com/MinutesViewer.php?view_id=2&clip_id=2640&doc_id=656af766-f68b-11ee-88cf-06607eefec02,https://coquitlam.ca.granicus.com/MediaPlayer.php?view_id=2&clip_id=2640,https://councilrecord.ca/coquitlam.html#vote/a5iun6,That Council approve the 2024 Culture Services Advisory Committee Work Plan.
2024-03-11,Regular Council,5,Report of the Director Development Services – Temporary Use Permit at 632 Kemsley Avenue – Woodbridge Oakdale LP (PROJ 23-100) Discussion ensured relative to concerns regarding trade workers parking during the construction of the project and the desire for developers to provide lands or create partnerships to supply trade worker parking to minimize the impact on neighbourhoods.,Main motion,Carried,9,0,0,Brent Asmundson,,In favour,In favour,In favour,In favour,In favour,In favour,In favour,In favour,In favour,Development; Transportation,,,,https://coquitlam.ca.granicus.com/MinutesViewer.php?view_id=2&clip_id=2640&doc_id=656af766-f68b-11ee-88cf-06607eefec02,https://coquitlam.ca.granicus.com/MediaPlayer.php?view_id=2&clip_id=2640,https://councilrecord.ca/coquitlam.html#vote/1he4onc,That Council approve the signing and sealing of Temporary Use Permit No. 23 114818 TU and authorize the Mayor and City Clerk to execute this Permit on behalf of the City of Coquitlam.
2024-03-11,Regular Council,6,"Report of the Director Development Services – Housing Agreement Bylaw No. 5372, 2024 at 820 and 826 Dogwood Street, and 615, 617, and 633 Lea Avenue – West Fraser Dogwood Developments Ltd. (PROJ 21-145)",Main motion,Carried,9,0,0,Dennis Marsden,,In favour,In favour,In favour,In favour,In favour,In favour,In favour,In favour,In favour,Housing & density,,,,https://coquitlam.ca.granicus.com/MinutesViewer.php?view_id=2&clip_id=2640&doc_id=656af766-f68b-11ee-88cf-06607eefec02,https://coquitlam.ca.granicus.com/MediaPlayer.php?view_id=2&clip_id=2640,https://councilrecord.ca/coquitlam.html#vote/eqyd0u,"That Council give first, second, and third readings to Housing Agreement Bylaw No. 5372, 2024."
2024-03-11,Regular Council,7,"Report of the Director Development Services – Final Approval of Development Application at 618, 622, and 624 Tyndall Street, 617, 629, and 631 Claremont Street and a Portion of a Lane – Strand Holdings Ltd. (PROJ 21-205) Discussion ensued relative to the following:  the application being the first in-stream project advanced after the provincial housing legislation changes but under the previous legislative requirements",Main motion,Carried,9,0,0,Brent Asmundson,,In favour,In favour,In favour,In favour,In favour,In favour,In favour,In favour,In favour,Housing & density; Development; Transportation; Environment & climate,,,,https://coquitlam.ca.granicus.com/MinutesViewer.php?view_id=2&clip_id=2640&doc_id=656af766-f68b-11ee-88cf-06607eefec02,https://coquitlam.ca.granicus.com/MediaPlayer.php?view_id=2&clip_id=2640,https://councilrecord.ca/coquitlam.html#vote/uzkqqv,"That Council: 1. Adopt Zoning Amendment Bylaw No. 5250, 2023; 2. Adopt Highway Dedication Cancellation Bylaw No. 5296, 2023; 3. Adopt Housing Agreement Bylaw No. 5302, 2023; and 4. Approve the signing and sealing of Development Permit No. 22 121656 DP and that the Mayor and City Clerk be authorized to execute this Permit on behalf of the City of Coquitlam."
2024-03-11,Regular Council,8,Report of the General Manager Engineering and Public Works – Shared E-Mobility Pilot Update and Provincial Extension General Manager Engineering and Public Works provided introductory comments relative to the report. Discussion ensued relative to the following:  The effectiveness and setbacks of dock-less or docked devices,Main motion,Carried,8,0,1,Dennis Marsden,,In favour,In favour,In favour,Absent,In favour,In favour,In favour,In favour,In favour,Transportation; Business & economy,,,,https://coquitlam.ca.granicus.com/MinutesViewer.php?view_id=2&clip_id=2640&doc_id=656af766-f68b-11ee-88cf-06607eefec02,https://coquitlam.ca.granicus.com/MediaPlayer.php?view_id=2&clip_id=2640,https://councilrecord.ca/coquitlam.html#vote/1tql2ny,"That Council: 1. Approve continued participation in the Provincially-led Electric Kick Scooter Pilot Project from April 5, 2024 to April 5, 2028; and 2. Direct staff to bring forward amendments to the Street and Traffic Bylaw No. 4402 to comply with the regulatory Motor Vehicle Act changes."
2024-03-11,Regular Council,9,Report of the Deputy City Manager – 2024 Signature Event Grants Main Motion:,Main motion,Carried,8,0,1,Brent Asmundson,,In favour,In favour,In favour,Absent,In favour,In favour,In favour,In favour,In favour,Taxes & spending; Parks & recreation,,,,https://coquitlam.ca.granicus.com/MinutesViewer.php?view_id=2&clip_id=2640&doc_id=656af766-f68b-11ee-88cf-06607eefec02,https://coquitlam.ca.granicus.com/MediaPlayer.php?view_id=2&clip_id=2640,https://councilrecord.ca/coquitlam.html#vote/7ebzoh,"That Council: 1. Approve grant funding of $45,000 to support BC Dumpling Festival as a 2024 Signature Event Grant applicant; 2. Approve grant funding of $90,100 to support Caribbean Days Festival as a 2024 Signature Event Grant applicant; and 3. Replace delivery of the 2024 Kaleidoscope Festival with enhancements to the Summer Concert Series and participation in 2024 Culture Days. Council agreed to divide the main motion in order to consider Part 1 separately from the main motion. The question was called on Part 1 of the Main Motion: That Council: 1. Approve grant funding of $45,000 to support BC Dumpling Festival as a 2024 Signature Event Grant applicant; Councillor Marsden registered opposition."
2024-03-11,Regular Council,3,Replace delivery of the 2024 Kaleidoscope Festival with enhancements to the Summer Concert Series and participation in 2024 Culture Days.,Main motion,Carried,8,0,1,Dennis Marsden,,In favour,In favour,In favour,Absent,In favour,In favour,In favour,In favour,In favour,Parks & recreation; Business & economy,3 of 3,,,https://coquitlam.ca.granicus.com/MinutesViewer.php?view_id=2&clip_id=2640&doc_id=656af766-f68b-11ee-88cf-06607eefec02,https://coquitlam.ca.granicus.com/MediaPlayer.php?view_id=2&clip_id=2640,https://councilrecord.ca/coquitlam.html#vote/3vq0tn,That the Regular Council Meeting adjourn – 8:43 p.m.
2024-04-08,Regular Council,3,Minutes of the Sports and Recreation Advisory Committee Meeting held on Discussion ensued relative to the status on the Sports Field Strategy.,Procedural,Carried,9,0,0,Matt Djonlic,,In favour,In favour,In favour,In favour,In favour,In favour,In favour,In favour,In favour,Parks & recreation; Governance & elections,1 of 2,,,https://coquitlam.ca.granicus.com/MinutesViewer.php?view_id=2&clip_id=2643&doc_id=6bc77fd0-01a0-11ef-88cf-06607eefec02,https://coquitlam.ca.granicus.com/MediaPlayer.php?view_id=2&clip_id=2643,https://councilrecord.ca/coquitlam.html#vote/os19oh,"That the Minutes of the Sports and Recreation Advisory Committee Meeting held on Wednesday, February 14, 2024 be received."
2024-04-08,Regular Council,3,Minutes of the Sports and Recreation Advisory Committee Meeting held on Discussion ensued relative to the status on the Sports Field Strategy.,Main motion,Carried,9,0,0,Matt Djonlic,,In favour,In favour,In favour,In favour,In favour,In favour,In favour,In favour,In favour,Parks & recreation; Governance & elections,2 of 2,,,https://coquitlam.ca.granicus.com/MinutesViewer.php?view_id=2&clip_id=2643&doc_id=6bc77fd0-01a0-11ef-88cf-06607eefec02,https://coquitlam.ca.granicus.com/MediaPlayer.php?view_id=2&clip_id=2643,https://councilrecord.ca/coquitlam.html#vote/2sq1iw,That Council approve the 2024 Sports and Recreation Advisory Committee Work Plan.
2024-04-08,Regular Council,4,Minutes of the Multiculturalism Advisory Committee Meeting held on,Procedural,Carried,9,0,0,Robert Mazzarolo,,In favour,In favour,In favour,In favour,In favour,In favour,In favour,In favour,In favour,Governance & elections,1 of 2,,,https://coquitlam.ca.granicus.com/MinutesViewer.php?view_id=2&clip_id=2643&doc_id=6bc77fd0-01a0-11ef-88cf-06607eefec02,https://coquitlam.ca.granicus.com/MediaPlayer.php?view_id=2&clip_id=2643,https://councilrecord.ca/coquitlam.html#vote/2t29t8,"That the Minutes of the Multiculturalism Advisory Committee Meeting held on Wednesday, February 21, 2024 be received."
2024-04-08,Regular Council,4,Minutes of the Multiculturalism Advisory Committee Meeting held on,Main motion,Carried,9,0,0,Robert Mazzarolo,,In favour,In favour,In favour,In favour,In favour,In favour,In favour,In favour,In favour,Governance & elections,2 of 2,,,https://coquitlam.ca.granicus.com/MinutesViewer.php?view_id=2&clip_id=2643&doc_id=6bc77fd0-01a0-11ef-88cf-06607eefec02,https://coquitlam.ca.granicus.com/MediaPlayer.php?view_id=2&clip_id=2643,https://councilrecord.ca/coquitlam.html#vote/1hl7koa,That Council approve the 2024 Multiculturalism Advisory Committee Work Plan.
2024-04-08,Regular Council,5,"Minutes of the Sustainability and Environmental Advisory Committee Meeting held on Tuesday, February 27, 2024",Procedural,Carried,9,0,0,Robert Mazzarolo,,In favour,In favour,In favour,In favour,In favour,In favour,In favour,In favour,In favour,Environment & climate; Public services; Governance & elections,1 of 2,,,https://coquitlam.ca.granicus.com/MinutesViewer.php?view_id=2&clip_id=2643&doc_id=6bc77fd0-01a0-11ef-88cf-06607eefec02,https://coquitlam.ca.granicus.com/MediaPlayer.php?view_id=2&clip_id=2643,https://councilrecord.ca/coquitlam.html#vote/1hs6frh,"That the Minutes of the Sustainability and Environmental Advisory Committee Meeting held on Tuesday, February 27, 2024 be received."
2024-04-08,Regular Council,5,"Minutes of the Sustainability and Environmental Advisory Committee Meeting held on Tuesday, February 27, 2024",Main motion,Carried,9,0,0,Robert Mazzarolo,,In favour,In favour,In favour,In favour,In favour,In favour,In favour,In favour,In favour,Environment & climate; Public services; Governance & elections,2 of 2,,,https://coquitlam.ca.granicus.com/MinutesViewer.php?view_id=2&clip_id=2643&doc_id=6bc77fd0-01a0-11ef-88cf-06607eefec02,https://coquitlam.ca.granicus.com/MediaPlayer.php?view_id=2&clip_id=2643,https://councilrecord.ca/coquitlam.html#vote/1rjd9wf,That Council approve the 2024 Sustainability and Environmental Advisory Committee Work Plan.
2024-04-08,Regular Council,6,Minutes of the Economic Development Advisory Committee Meeting held on,Procedural,Carried,9,0,0,Steve Kim,,In favour,In favour,In favour,In favour,In favour,In favour,In favour,In favour,In favour,Business & economy; Governance & elections,1 of 2,,,https://coquitlam.ca.granicus.com/MinutesViewer.php?view_id=2&clip_id=2643&doc_id=6bc77fd0-01a0-11ef-88cf-06607eefec02,https://coquitlam.ca.granicus.com/MediaPlayer.php?view_id=2&clip_id=2643,https://councilrecord.ca/coquitlam.html#vote/12iq3ht,"That the Minutes of the Economic Development Advisory Committee Meeting held on Wednesday, February 28, 2024 be received."
2024-04-08,Regular Council,6,Minutes of the Economic Development Advisory Committee Meeting held on,Main motion,Carried,9,0,0,Steve Kim,,In favour,In favour,In favour,In favour,In favour,In favour,In favour,In favour,In favour,Business & economy; Governance & elections,2 of 2,,,https://coquitlam.ca.granicus.com/MinutesViewer.php?view_id=2&clip_id=2643&doc_id=6bc77fd0-01a0-11ef-88cf-06607eefec02,https://coquitlam.ca.granicus.com/MediaPlayer.php?view_id=2&clip_id=2643,https://councilrecord.ca/coquitlam.html#vote/194k15z,That Council approve the 2024 Economic Development Advisory Committee Work Plan.
2024-04-08,Regular Council,7,"Final Adoption of Housing Agreement Bylaw No. 5370, 2024",Main motion,Carried,9,0,0,Dennis Marsden,,In favour,In favour,In favour,In favour,In favour,In favour,In favour,In favour,In favour,Housing & density,,,,https://coquitlam.ca.granicus.com/MinutesViewer.php?view_id=2&clip_id=2643&doc_id=6bc77fd0-01a0-11ef-88cf-06607eefec02,https://coquitlam.ca.granicus.com/MediaPlayer.php?view_id=2&clip_id=2643,https://councilrecord.ca/coquitlam.html#vote/11nc5cf,"That Council give final adoption to Housing Agreement Bylaw No. 5370, 2024."
2024-04-08,Regular Council,8,Report of the Deputy City Manager – Coquitlam Public Library 2024 Budget Approval,Main motion,Carried,9,0,0,Brent Asmundson,,In favour,In favour,In favour,In favour,In favour,In favour,In favour,In favour,In favour,Taxes & spending; Parks & recreation,,,,https://coquitlam.ca.granicus.com/MinutesViewer.php?view_id=2&clip_id=2643&doc_id=6bc77fd0-01a0-11ef-88cf-06607eefec02,https://coquitlam.ca.granicus.com/MediaPlayer.php?view_id=2&clip_id=2643,https://councilrecord.ca/coquitlam.html#vote/m6zqb4,"That Council approve the Coquitlam Public Library's 2024 Budget as referenced in Attachment #1 of the report of the Deputy City Manager dated March 27, 2024 and entitled ""Coquitlam Public Library 2024 Budget Approval""."
2024-04-08,Regular Council,9,Report of the Deputy City Manager – Economic Development Strategy Update and Strategic Investment Grant Discussion ensured relative to:  The desire to explore density incentives related to the provision of employment space  The desire to attract businesses to Coquitlam,Main motion,Carried,9,0,0,Brent Asmundson,,In favour,In favour,In favour,In favour,In favour,In favour,In favour,In favour,In favour,Housing & density; Taxes & spending; Business & economy,,,,https://coquitlam.ca.granicus.com/MinutesViewer.php?view_id=2&clip_id=2643&doc_id=6bc77fd0-01a0-11ef-88cf-06607eefec02,https://coquitlam.ca.granicus.com/MediaPlayer.php?view_id=2&clip_id=2643,https://councilrecord.ca/coquitlam.html#vote/10xj5ld,"That Council approve the allocation of $43,000 from the Economic Development Reserve to fund the City's portion of a project to develop new business promotional marketing materials and an Economic Development website in order to qualify for grant funding from Global Affairs Canada as part of the 2024 CanExport Community Investments program."
2024-04-08,Regular Council,10,"Metro Vancouver Board in Brief (March 22, 2024) – Metro Vancouver Board Representatives Available to Respond to Questions",Main motion,Carried,9,0,0,Craig Hodge,,In favour,In favour,In favour,In favour,In favour,In favour,In favour,In favour,In favour,Governance & elections,1 of 2,,,https://coquitlam.ca.granicus.com/MinutesViewer.php?view_id=2&clip_id=2643&doc_id=6bc77fd0-01a0-11ef-88cf-06607eefec02,https://coquitlam.ca.granicus.com/MediaPlayer.php?view_id=2&clip_id=2643,https://councilrecord.ca/coquitlam.html#vote/1i5wf3p,That Council receive for information the Metro Vancouver Board in Brief.
2024-04-08,Regular Council,10,"Metro Vancouver Board in Brief (March 22, 2024) – Metro Vancouver Board Representatives Available to Respond to Questions",Main motion,Carried,9,0,0,Trish Mandewo,,In favour,In favour,In favour,In favour,In favour,In favour,In favour,In favour,In favour,Governance & elections,2 of 2,,,https://coquitlam.ca.granicus.com/MinutesViewer.php?view_id=2&clip_id=2643&doc_id=6bc77fd0-01a0-11ef-88cf-06607eefec02,https://coquitlam.ca.granicus.com/MediaPlayer.php?view_id=2&clip_id=2643,https://councilrecord.ca/coquitlam.html#vote/1cx826i,That the Regular Council Meeting adjourn – 7:25 p.m.
2024-04-22,Regular Council,2,Report of the General Manager Planning and Development – Provincial Housing Mandates – Bill 16 Summary and Implications,Main motion,Carried,9,0,0,Brent Asmundson,,In favour,In favour,In favour,In favour,In favour,In favour,In favour,In favour,In favour,Housing & density; Governance & elections,,,,https://coquitlam.ca.granicus.com/MinutesViewer.php?view_id=2&clip_id=2652&doc_id=d293c46f-1210-11ef-88cf-06607eefec02,https://coquitlam.ca.granicus.com/MediaPlayer.php?view_id=2&clip_id=2652,https://councilrecord.ca/coquitlam.html#vote/uvdvvq,"That Council direct staff to send a letter under the Mayor’s signature on behalf of City Council to the Minister of Housing, the Honorable Ravi Kahlon, communicating the City’s concerns with the legislative mandates recently announced (Bill 16), and seeking discussions on implementation options and potential accommodations for the City of Coquitlam."
2024-04-22,Regular Council,3,Report of the General Manager Planning and Development – Processing of Instream Applications in Transit-Oriented Areas (TOAs) and Affordable Housing Reserve Fund (AHRF) Grant Requests,Main motion,Carried,9,0,0,Matt Djonlic,,In favour,In favour,In favour,In favour,In favour,In favour,In favour,In favour,In favour,Housing & density; Taxes & spending; Transportation; Environment & climate,,,,https://coquitlam.ca.granicus.com/MinutesViewer.php?view_id=2&clip_id=2652&doc_id=d293c46f-1210-11ef-88cf-06607eefec02,https://coquitlam.ca.granicus.com/MediaPlayer.php?view_id=2&clip_id=2652,https://councilrecord.ca/coquitlam.html#vote/r4lgpl,That Council: 1. Direct staff to recommence advancing development applications within TOAs that involve density bonus to Council for consideration; and 2. Resume considering disbursements from the Affordable Housing Reserve Fund (AHRF) following the approved AHRF evaluation criteria.
2024-04-22,Regular Council,4,"Report of the Director Development Services – Housing Agreement Bylaw No. 5373, 2024 at 135 Balmoral Drive and 2518-2545 Palmer Avenue – Polygon Coronation Heights (PROJ 21-038) Discussion ensured relative to the concern that the income testing metric will be a barrier for lower income tenants to obtain access to units within the development.",Main motion,Carried,9,0,0,Brent Asmundson,,In favour,In favour,In favour,In favour,In favour,In favour,In favour,In favour,In favour,Housing & density,,,,https://coquitlam.ca.granicus.com/MinutesViewer.php?view_id=2&clip_id=2652&doc_id=d293c46f-1210-11ef-88cf-06607eefec02,https://coquitlam.ca.granicus.com/MediaPlayer.php?view_id=2&clip_id=2652,https://councilrecord.ca/coquitlam.html#vote/maxih1,"That Council give first, second, and third readings to Housing Agreement Bylaw No. 5373, 2024."
2024-04-22,Regular Council,5,"Report of the Director Development Services – Development Application at 628 - 652 Harrison Avenue, 631 - 647 Kemsley Avenue and 661 Clarke Road – Woodbridge Developments (Oakdale) Ltd. (PROJ 22-116)",Main motion,Carried,9,0,0,Matt Djonlic,,In favour,In favour,In favour,In favour,In favour,In favour,In favour,In favour,In favour,Development; Transportation,,,,https://coquitlam.ca.granicus.com/MinutesViewer.php?view_id=2&clip_id=2652&doc_id=d293c46f-1210-11ef-88cf-06607eefec02,https://coquitlam.ca.granicus.com/MediaPlayer.php?view_id=2&clip_id=2652,https://councilrecord.ca/coquitlam.html#vote/1ych5x7,"That Council: 1. Give first, second, and third readings to Zoning Amendment Bylaw No. 5357, 2024; 2. Authorize staff to prepare Development Permit No. 22 117269 DP generally in accordance with the attached drawings (Attachment 6), should Council grant second and third readings to the Bylaw; and 3. Instruct staff to complete the following items prior to Council’s consideration of final adoption, should Council grant second and third readings to Zoning Amendment Bylaw No. 5357, 2024: a. Submission of a fully executable subdivision plan to the satisfaction of the Approving Officer; b. Ensure that all engineering requirements and issues including restrictive covenants, dedications and rights-of-way where necessary, are addressed to the satisfaction of the General Manager Engineering and Public Works; c. Satisfy the Transportation Demand Management (TDM) measures to the satisfaction of the General Manager Engineering and Public Works; d. Resolution of all urban design issues to the satisfaction of the Director Development Services; and e. Finalize, execute and deliver to the City, the following agreements in Land Title Office registrable form: i. Section 219 Restrictive Covenant to secure the delivery of TDM measures; ii. Section 219 Restrictive Covenant to secure the delivery of adaptable units; and iii. Such other Land Title Office registrable agreements as may be required by the City."
2024-04-22,Regular Council,6,"Report of the Director Development Services – Development Application at 622- 640 Smith Avenue, 702 Fairview Street, and 637-641 Vanessa Court – Polygon Homes (PROJ 23-009) Discussion ensured relative to: • Concern the land use for this project may not be suitable for the density requested by the developer as the land assembly is too small",Main motion,Carried,9,0,0,Brent Asmundson,,In favour,In favour,In favour,In favour,In favour,In favour,In favour,In favour,In favour,Housing & density; Development; Transportation,,,,https://coquitlam.ca.granicus.com/MinutesViewer.php?view_id=2&clip_id=2652&doc_id=d293c46f-1210-11ef-88cf-06607eefec02,https://coquitlam.ca.granicus.com/MediaPlayer.php?view_id=2&clip_id=2652,https://councilrecord.ca/coquitlam.html#vote/1ckd0o8,"That Council: 1. Give first, second, and third readings to Zoning Amendment Bylaw No. 5383, 2024; 2. Give first, second, and third readings to Highway Dedication Cancellation Bylaw No. 5384, 2024; 3. Authorize staff to prepare Development Permit No. 23 103053 DP generally in accordance with the attached drawings (Attachment 7), should Council grant second and third readings to the Bylaws; 4. Acknowledge that the applicant has requested variances to the Zoning Bylaw as described in this report as follows: a. In Subsection 1205, in Part 12, in the RM-3 Multi-Storey Medium Density Apartment Residential zone, the interior side lot setback requirement is 4.5 m, whereas the proposal provides 2.5 m along the lot line with 633-635 Vanessa Court; and b. In Subsection 1205, in Part 12, in the RM-3 Multi-Storey Medium Density Apartment Residential zone, the rear yard setback requirement abutting a lane is 4.5 m, whereas the proposal provides 4 m along approximately 16 m of the south elevation of Building 2; 5. Direct Highway Dedication Cancellation Bylaw No. 5384, 2024 to be advertised in accordance with the requirements of the Community Charter; and 6. Instruct staff to complete the following items prior to Council’s consideration of final adoption, should Council grant second and third readings to Zoning Amendment Bylaw No. 5383, 2024: a. Submission of a fully executable subdivision plan to the satisfaction of the Approving Officer; b. Ensure that all engineering requirements and issues including restrictive covenants, dedications and rights-of-way where necessary, are addressed to the satisfaction of the General Manager Engineering and Public Works; c. Completion of the City’s road closure process for a portion of Vanessa Court; d. Enter into a Purchase and Sale Agreement for the portion of road to be closed, to the satisfaction of the City Solicitor; e. Satisfy the Transportation Demand Management measures and Traffic Impact Assessment (TIA) comments to the satisfaction of the General Manager Engineering and Public Works; f. Resolution of all urban design issues to the satisfaction of the Director Development Services; g. Other conditions as applicable; and h. Finalize, execute and deliver to the City, the following agreements in Land Title Office registrable form: i. Section 219 Restrictive Covenant prohibiting occupancy until such time one or more access easements and Statutory Rights-of-Way are registered; ii. A cross-access easement from Level P1 in favour of 698 Fairview Street; iii. One or more owner-maintained statutory rights-of-way in favour of the City over all publically accessible spaces, including at the Major Node at the southwest corner of Smith Avenue and Fairview Street; and iv. Such other Land Title Office registrable agreements as may be required by the City. Councillor Marsden registered his opposition."
2024-04-22,Regular Council,7,"Report of the Director Development Services – Final Approval of Development Application at 200 Marmont Street, 1053, 1055, 1057 and 1059 James Avenue and a portion of James Avenue – 1164614 B.C. Ltd. (PROJ 19-092)",Main motion,Carried,9,0,0,Brent Asmundson,,In favour,In favour,In favour,In favour,In favour,In favour,In favour,In favour,In favour,Development; Transportation,,,,https://coquitlam.ca.granicus.com/MinutesViewer.php?view_id=2&clip_id=2652&doc_id=d293c46f-1210-11ef-88cf-06607eefec02,https://coquitlam.ca.granicus.com/MediaPlayer.php?view_id=2&clip_id=2652,https://councilrecord.ca/coquitlam.html#vote/1h86zem,"That Council: 1. Adopt Zoning Amendment Bylaw No. 5292, 2023; 2. Adopt Highway Dedication Cancellation Bylaw No. 5291, 2023; and 3. Approve the signing and sealing of Development Permit No. 19 121045 DP and that the Mayor and City Clerk be authorized to execute this Permit on behalf of the City of Coquitlam."
2024-04-22,Regular Council,8,"Report of the Deputy City Manager – 2024 Annual Tax Rates Bylaw No. 5381, 2024",Main motion,Carried,9,0,0,Brent Asmundson,,In favour,In favour,In favour,In favour,In favour,In favour,In favour,In favour,In favour,Taxes & spending; Governance & elections,1 of 2,,,https://coquitlam.ca.granicus.com/MinutesViewer.php?view_id=2&clip_id=2652&doc_id=d293c46f-1210-11ef-88cf-06607eefec02,https://coquitlam.ca.granicus.com/MediaPlayer.php?view_id=2&clip_id=2652,https://councilrecord.ca/coquitlam.html#vote/98p4f,"That Council: 1. Give first, second and third readings to the 2024 Annual Tax Rates Bylaw No. 5381, 2024; and 2. Direct staff to draft a letter on behalf of Mayor and Council to the Ministry of Municipal Affairs regarding the challenges associated with the new tax sale legislation."
2024-04-22,Regular Council,8,"Report of the Deputy City Manager – 2024 Annual Tax Rates Bylaw No. 5381, 2024",Main motion,Carried,9,0,0,Brent Asmundson,,In favour,In favour,In favour,In favour,In favour,In favour,In favour,In favour,In favour,Taxes & spending,2 of 2,,,https://coquitlam.ca.granicus.com/MinutesViewer.php?view_id=2&clip_id=2652&doc_id=d293c46f-1210-11ef-88cf-06607eefec02,https://coquitlam.ca.granicus.com/MediaPlayer.php?view_id=2&clip_id=2652,https://councilrecord.ca/coquitlam.html#vote/5w4knl,That the Regular Council Meeting adjourn – 8:59 p.m.
2024-05-13,Regular Council,4,Minutes of the Community Safety Advisory Committee Meeting held on,Procedural,Carried,8,0,1,Teri Towner,,In favour,In favour,In favour,In favour,In favour,In favour,Absent,In favour,In favour,Public services; Governance & elections,1 of 2,,,https://coquitlam.ca.granicus.com/MinutesViewer.php?view_id=2&clip_id=2660&doc_id=6d6ca0c8-1d44-11ef-88cf-06607eefec02,https://coquitlam.ca.granicus.com/MediaPlayer.php?view_id=2&clip_id=2660,https://councilrecord.ca/coquitlam.html#vote/1sjwy87,"That the Minutes of the Community Safety Advisory Committee Meeting held on Thursday, March 14, 2024 be received."
2024-05-13,Regular Council,4,Minutes of the Community Safety Advisory Committee Meeting held on,Main motion,Carried,8,0,1,Teri Towner,,In favour,In favour,In favour,In favour,In favour,In favour,Absent,In favour,In favour,Public services; Governance & elections,2 of 2,,,https://coquitlam.ca.granicus.com/MinutesViewer.php?view_id=2&clip_id=2660&doc_id=6d6ca0c8-1d44-11ef-88cf-06607eefec02,https://coquitlam.ca.granicus.com/MediaPlayer.php?view_id=2&clip_id=2660,https://councilrecord.ca/coquitlam.html#vote/1v2zydn,That Council approve the 2024 Community Safety Advisory Committee Work Plan.
2024-05-13,Regular Council,5,Minutes of the Universal Access-Ability Advisory Committee Meeting held on,Procedural,Carried,8,0,1,Matt Djonlic,,In favour,In favour,In favour,In favour,In favour,In favour,Absent,In favour,In favour,Governance & elections,,,,https://coquitlam.ca.granicus.com/MinutesViewer.php?view_id=2&clip_id=2660&doc_id=6d6ca0c8-1d44-11ef-88cf-06607eefec02,https://coquitlam.ca.granicus.com/MediaPlayer.php?view_id=2&clip_id=2660,https://councilrecord.ca/coquitlam.html#vote/137z7cw,"That the Minutes of the Universal Access-Ability Advisory Committee Meeting held on Tuesday, April 2, 2024 be received."
2024-05-13,Regular Council,6,Minutes of the of the Culture Services Advisory Committee Meeting held on,Procedural,Carried,8,0,1,Steve Kim,,In favour,In favour,In favour,In favour,In favour,In favour,Absent,In favour,In favour,Parks & recreation; Governance & elections,,,,https://coquitlam.ca.granicus.com/MinutesViewer.php?view_id=2&clip_id=2660&doc_id=6d6ca0c8-1d44-11ef-88cf-06607eefec02,https://coquitlam.ca.granicus.com/MediaPlayer.php?view_id=2&clip_id=2660,https://councilrecord.ca/coquitlam.html#vote/8wbkgc,"That the Minutes of the Culture Services Advisory Committee Meeting held on Thursday, April 4, 2024 be received."
2024-05-13,Regular Council,7,Minutes of the Sports and Recreation Advisory Committee Meeting held on,Procedural,Carried,8,0,1,Matt Djonlic,,In favour,In favour,In favour,In favour,In favour,In favour,Absent,In favour,In favour,Parks & recreation; Governance & elections,,,,https://coquitlam.ca.granicus.com/MinutesViewer.php?view_id=2&clip_id=2660&doc_id=6d6ca0c8-1d44-11ef-88cf-06607eefec02,https://coquitlam.ca.granicus.com/MediaPlayer.php?view_id=2&clip_id=2660,https://councilrecord.ca/coquitlam.html#vote/1glr5kd,"That the Minutes of the Sports and Recreation Advisory Committee Meeting held on Wednesday, April 10, 2024 be received."
2024-05-13,Regular Council,8,Minutes of the Multiculturalism Advisory Committee Meeting held on,Procedural,Carried,8,0,1,Robert Mazzarolo,,In favour,In favour,In favour,In favour,In favour,In favour,Absent,In favour,In favour,Governance & elections,,,,https://coquitlam.ca.granicus.com/MinutesViewer.php?view_id=2&clip_id=2660&doc_id=6d6ca0c8-1d44-11ef-88cf-06607eefec02,https://coquitlam.ca.granicus.com/MediaPlayer.php?view_id=2&clip_id=2660,https://councilrecord.ca/coquitlam.html#vote/1h3nbz3,"That the Minutes of the Multiculturalism Advisory Committee Meeting held on Wednesday, April 17, 2024 be received."
2024-05-13,Regular Council,9,Minutes of the Economic Development Advisory Committee Meeting held on,Procedural,Carried,8,0,1,Steve Kim,,In favour,In favour,In favour,In favour,In favour,In favour,Absent,In favour,In favour,Business & economy; Governance & elections,,,,https://coquitlam.ca.granicus.com/MinutesViewer.php?view_id=2&clip_id=2660&doc_id=6d6ca0c8-1d44-11ef-88cf-06607eefec02,https://coquitlam.ca.granicus.com/MediaPlayer.php?view_id=2&clip_id=2660,https://councilrecord.ca/coquitlam.html#vote/yha2wd,"That the Minutes of the Economic Development Advisory Committee Meeting held on April 24, 2024 be received."
2024-05-13,Regular Council,10,"Final Adoption of 2024 Annual Tax Rates Bylaw No. 5381, 2024",Main motion,Carried,8,0,1,Craig Hodge,,In favour,In favour,In favour,In favour,In favour,In favour,Absent,In favour,In favour,Taxes & spending,,,,https://coquitlam.ca.granicus.com/MinutesViewer.php?view_id=2&clip_id=2660&doc_id=6d6ca0c8-1d44-11ef-88cf-06607eefec02,https://coquitlam.ca.granicus.com/MediaPlayer.php?view_id=2&clip_id=2660,https://councilrecord.ca/coquitlam.html#vote/3ggfei,"That Council give final adoption to 2024 Annual Tax Rates Bylaw No. 5381, 2024."
2024-05-13,Regular Council,11,Report of the Director Development Services – Third Reading Extension of Development Application at 323 North Road – Hanin Investment Group (PROJ 21-121),Main motion,Carried,7,0,2,Dennis Marsden,,In favour,In favour,In favour,In favour,Absent,In favour,Absent,In favour,In favour,Development,,,,https://coquitlam.ca.granicus.com/MinutesViewer.php?view_id=2&clip_id=2660&doc_id=6d6ca0c8-1d44-11ef-88cf-06607eefec02,https://coquitlam.ca.granicus.com/MediaPlayer.php?view_id=2&clip_id=2660,https://councilrecord.ca/coquitlam.html#vote/1412783,"That Council extend third reading of Zoning Amendment Bylaw No. 5196, 2022 for an additional 12-month period to May 30, 2025. Councillor Marsden left the meeting at this time – 7:36 p.m."
2024-05-13,Regular Council,12,"Report of the Director Development Services – Zoning Revision Bylaw No. 5390, 2024 to Address a Mapping Error in Zoning Amendment Bylaw No. 5250, 2023 Schedule A",Main motion,Carried,8,0,1,Craig Hodge,,In favour,In favour,In favour,In favour,In favour,In favour,Absent,In favour,In favour,Development,,,,https://coquitlam.ca.granicus.com/MinutesViewer.php?view_id=2&clip_id=2660&doc_id=6d6ca0c8-1d44-11ef-88cf-06607eefec02,https://coquitlam.ca.granicus.com/MediaPlayer.php?view_id=2&clip_id=2660,https://councilrecord.ca/coquitlam.html#vote/4tdyc6,"That Council: 1. Give first, second, and third readings to Zoning Revision Bylaw No. 5390, 2024; 2. Receive the Corporate Officer’s certification that the proposed revision bylaw has been revised in accordance with the bylaw authorizing the revision; and 3. Give final adoption to Zoning Revision Bylaw No. 5390, 2024."
2024-05-13,Regular Council,13,Report of the Director Development Services – Delegation of Minor Development Approvals,Main motion,Carried,9,0,0,Craig Hodge,,In favour,In favour,In favour,In favour,In favour,In favour,In favour,In favour,In favour,Development; Governance & elections,,,,https://coquitlam.ca.granicus.com/MinutesViewer.php?view_id=2&clip_id=2660&doc_id=6d6ca0c8-1d44-11ef-88cf-06607eefec02,https://coquitlam.ca.granicus.com/MediaPlayer.php?view_id=2&clip_id=2660,https://councilrecord.ca/coquitlam.html#vote/11i1y0j,"That Council: 1. Give first, second, and third readings to Development Procedures Amendment Bylaw No. 5352, 2024; 2. Approve the revised Development Variance Assessment Criteria Policy and Procedure; and 3. Approve the Revised Liquor Licensing Application Referral/Review Policy."
2024-05-13,Regular Council,14,"Report of the General Manager Parks, Recreation, Culture and Facilities – 2024 UBCM Community Excellence Awards",Main motion,Carried,9,0,0,Dennis Marsden,,In favour,In favour,In favour,In favour,In favour,In favour,In favour,In favour,In favour,Taxes & spending; Parks & recreation; Governance & elections,,,,https://coquitlam.ca.granicus.com/MinutesViewer.php?view_id=2&clip_id=2660&doc_id=6d6ca0c8-1d44-11ef-88cf-06607eefec02,https://coquitlam.ca.granicus.com/MediaPlayer.php?view_id=2&clip_id=2660,https://councilrecord.ca/coquitlam.html#vote/3q7aml,"That Council endorse the City of Coquitlam’s application to the 2024 UBCM Community Excellence Awards, as outlined in the report of the General Manager Parks, Recreation, Culture and Facilities dated May 6, 2024 and entitled “2024 UBCM Community Excellence Awards”."
2024-05-13,Regular Council,15,"Metro Vancouver Board in Brief (April 26, 2024) – Metro Vancouver Board Representatives Available to Respond to Questions Discussion ensued regarding Metro Vancouver’s offer to speak to Council regarding the tree canopy cover and tree regulations, and the desire to share Metro Vancouver’s 2023 Survey of Licensed Child Care Spaces in Metro Vancouver report with the School District No. 43.",Main motion,Carried,8,0,1,Craig Hodge,,In favour,In favour,In favour,In favour,In favour,In favour,Absent,In favour,In favour,Environment & climate; Public services; Business & economy; Governance & elections,1 of 2,,,https://coquitlam.ca.granicus.com/MinutesViewer.php?view_id=2&clip_id=2660&doc_id=6d6ca0c8-1d44-11ef-88cf-06607eefec02,https://coquitlam.ca.granicus.com/MediaPlayer.php?view_id=2&clip_id=2660,https://councilrecord.ca/coquitlam.html#vote/19o046v,That Council receive for information the Metro Vancouver Board in Brief.
2024-05-13,Regular Council,15,"Metro Vancouver Board in Brief (April 26, 2024) – Metro Vancouver Board Representatives Available to Respond to Questions Discussion ensued regarding Metro Vancouver’s offer to speak to Council regarding the tree canopy cover and tree regulations, and the desire to share Metro Vancouver’s 2023 Survey of Licensed Child Care Spaces in Metro Vancouver report with the School District No. 43.",Main motion,Carried,8,0,1,Matt Djonlic,,In favour,In favour,In favour,In favour,In favour,In favour,Absent,In favour,In favour,Environment & climate; Public services; Business & economy; Governance & elections,2 of 2,,,https://coquitlam.ca.granicus.com/MinutesViewer.php?view_id=2&clip_id=2660&doc_id=6d6ca0c8-1d44-11ef-88cf-06607eefec02,https://coquitlam.ca.granicus.com/MediaPlayer.php?view_id=2&clip_id=2660,https://councilrecord.ca/coquitlam.html#vote/s3vf5l,That the Regular Council Meeting adjourn – 7:57 p.m.
2024-05-27,Regular Council,2,"Minutes of the Sustainability and Environmental Advisory Committee Meeting held on Tuesday, April 23, 2024",Procedural,Carried,9,0,0,Craig Hodge,,In favour,In favour,In favour,In favour,In favour,In favour,In favour,In favour,In favour,Environment & climate; Public services; Governance & elections,,,,https://coquitlam.ca.granicus.com/MinutesViewer.php?view_id=2&clip_id=2667&doc_id=7cc9d7c2-228f-11ef-88cf-06607eefec02,https://coquitlam.ca.granicus.com/MediaPlayer.php?view_id=2&clip_id=2667,https://councilrecord.ca/coquitlam.html#vote/rlhu5h,"That the Minutes of the Sustainability and Environmental Advisory Committee Meeting held on Tuesday, April 23, 2024 be received."
2024-05-27,Regular Council,3,"Final Adoption of Development Procedures Amendment Bylaw No. 5352, 2024",Main motion,Carried,9,0,0,Trish Mandewo,,In favour,In favour,In favour,In favour,In favour,In favour,In favour,In favour,In favour,Development; Governance & elections,,,,https://coquitlam.ca.granicus.com/MinutesViewer.php?view_id=2&clip_id=2667&doc_id=7cc9d7c2-228f-11ef-88cf-06607eefec02,https://coquitlam.ca.granicus.com/MediaPlayer.php?view_id=2&clip_id=2667,https://councilrecord.ca/coquitlam.html#vote/1tnf82o,"That Council give final adoption to Development Procedures Amendment Bylaw No. 5352, 2024."
2024-05-27,Regular Council,4,Report of the Director Development Services – Development Application at 1150,Main motion,Carried,9,0,0,Dennis Marsden,,In favour,In favour,In favour,In favour,In favour,In favour,In favour,In favour,In favour,Development,,,,https://coquitlam.ca.granicus.com/MinutesViewer.php?view_id=2&clip_id=2667&doc_id=7cc9d7c2-228f-11ef-88cf-06607eefec02,https://coquitlam.ca.granicus.com/MediaPlayer.php?view_id=2&clip_id=2667,https://councilrecord.ca/coquitlam.html#vote/1m1vx0h,"That Council approve the signing and sealing of Temporary Use Permit No. 24 104004 TU and authorize the Mayor and City Clerk to execute this Permit on behalf of the City of Coquitlam. Councillors Asmundson, Mandewo and Mazzarollo registered opposition."
2024-05-27,Regular Council,5,Report of the General Manager Planning and Development – Small-Scale Multi- Unit Housing Legislation (Bill 44) Implementation – Provincial Deadline Extension Request,Main motion,Carried,9,0,0,Robert Mazzarolo,,In favour,In favour,In favour,In favour,In favour,In favour,In favour,In favour,In favour,Housing & density,1 of 2,,,https://coquitlam.ca.granicus.com/MinutesViewer.php?view_id=2&clip_id=2667&doc_id=7cc9d7c2-228f-11ef-88cf-06607eefec02,https://coquitlam.ca.granicus.com/MediaPlayer.php?view_id=2&clip_id=2667,https://councilrecord.ca/coquitlam.html#vote/iwnnk5,"That part b) of the Main Motion be amended to include “Ministry of Municipal Affairs, the Premier’s Office, Coquitlam’s Members of the Legislative Assembly, and the Union of BC Municipalities” on the list of the report recipients. Discussion ensued regarding the support for expanding the distribution list for the report and townhouses and multi-family units being most cost-effective to build compared to SSMUH. The question was called on the Amendment to Part b) of the Main Motion and:"
2024-05-27,Regular Council,5,Report of the General Manager Planning and Development – Small-Scale Multi- Unit Housing Legislation (Bill 44) Implementation – Provincial Deadline Extension Request,Main motion,Carried,9,0,0,Craig Hodge,,In favour,In favour,In favour,In favour,In favour,In favour,In favour,In favour,In favour,Housing & density,2 of 2,,,https://coquitlam.ca.granicus.com/MinutesViewer.php?view_id=2&clip_id=2667&doc_id=7cc9d7c2-228f-11ef-88cf-06607eefec02,https://coquitlam.ca.granicus.com/MediaPlayer.php?view_id=2&clip_id=2667,https://councilrecord.ca/coquitlam.html#vote/yilf3s,That Council accept the 2025-26 Eligible School Sites Proposal submitted by School District No. 43.
2024-05-27,Regular Council,7,"Report of the Director Development Services – Final Approval of Development Application at 3631, 3635 Harper Road and a Portion of 3531 Hickstead Avenue – Double Kappa Holdings Ltd. (Wesbild) (PROJ 20-052)",Main motion,Carried,9,0,0,Dennis Marsden,,In favour,In favour,In favour,In favour,In favour,In favour,In favour,In favour,In favour,Housing & density; Development,,,,https://coquitlam.ca.granicus.com/MinutesViewer.php?view_id=2&clip_id=2667&doc_id=7cc9d7c2-228f-11ef-88cf-06607eefec02,https://coquitlam.ca.granicus.com/MediaPlayer.php?view_id=2&clip_id=2667,https://councilrecord.ca/coquitlam.html#vote/1wqc1bh,"That Council: 1. Adopt Citywide Official Community Plan Amendment Bylaw No. 5325, 2023; and 2. Adopt Zoning Amendment Bylaw No. 5324, 2023. Councillor Mazzarollo registered opposition."
2024-05-27,Regular Council,8,Report of the General Manager Corporate Services – 2024-2027 Strategic Plan,Main motion,Carried,9,0,0,Brent Asmundson,,In favour,In favour,In favour,In favour,In favour,In favour,In favour,In favour,In favour,Governance & elections,,,,https://coquitlam.ca.granicus.com/MinutesViewer.php?view_id=2&clip_id=2667&doc_id=7cc9d7c2-228f-11ef-88cf-06607eefec02,https://coquitlam.ca.granicus.com/MediaPlayer.php?view_id=2&clip_id=2667,https://councilrecord.ca/coquitlam.html#vote/1j2b8o7,"That Council approve the 2024-2027 Strategic Plan identified as Attachment 1 of the report of the General Manager Corporate Services, dated May 17, 2024 and entitled “2024-2027 Strategic Plan”."
2024-05-27,Regular Council,9,"Report of the General Manager Parks, Recreation, Culture and Facilities – Spirit of Coquitlam Grant – 2024 Spring Intake Results",Main motion,Carried,9,0,0,Steve Kim,,In favour,In favour,In favour,In favour,In favour,In favour,In favour,In favour,In favour,Taxes & spending; Parks & recreation,,,,https://coquitlam.ca.granicus.com/MinutesViewer.php?view_id=2&clip_id=2667&doc_id=7cc9d7c2-228f-11ef-88cf-06607eefec02,https://coquitlam.ca.granicus.com/MediaPlayer.php?view_id=2&clip_id=2667,https://councilrecord.ca/coquitlam.html#vote/914s5c,"That Council endorse the disbursements of the Spirit of Coquitlam Grant totaling $183,424 for the Spring 2024 intake."
2024-05-27,Regular Council,10,"Report of the Deputy City Manager, General Manager Planning and Development and General Manager Corporate Services – Corporate Strategy to Respond to Provincial Legislation",Main motion,Carried,9,0,0,Teri Towner,,In favour,In favour,In favour,In favour,In favour,In favour,In favour,In favour,In favour,Housing & density; Taxes & spending; Business & economy,1 of 2,,,https://coquitlam.ca.granicus.com/MinutesViewer.php?view_id=2&clip_id=2667&doc_id=7cc9d7c2-228f-11ef-88cf-06607eefec02,https://coquitlam.ca.granicus.com/MediaPlayer.php?view_id=2&clip_id=2667,https://councilrecord.ca/coquitlam.html#vote/hphbbv,"That Council: 1. Add “Corporate Strategy to Respond to Provincial Legislation” to the 2024 Business Plan as an ‘A’ priority led by the City Manager; and 2. Authorize funding for staff and consultant resources from the provincial capacity funding of $879,175 and Housing Accelerator Fund (HAF) Grant of $896,600 to support the City’s response to the Provincial legislative mandates."
2024-05-27,Regular Council,10,"Report of the Deputy City Manager, General Manager Planning and Development and General Manager Corporate Services – Corporate Strategy to Respond to Provincial Legislation",Main motion,Carried,9,0,0,Brent Asmundson,,In favour,In favour,In favour,In favour,In favour,In favour,In favour,In favour,In favour,Housing & density,2 of 2,,,https://coquitlam.ca.granicus.com/MinutesViewer.php?view_id=2&clip_id=2667&doc_id=7cc9d7c2-228f-11ef-88cf-06607eefec02,https://coquitlam.ca.granicus.com/MediaPlayer.php?view_id=2&clip_id=2667,https://councilrecord.ca/coquitlam.html#vote/cn4zei,That the Regular Council Meeting adjourn – 9:33 p.m.
2024-06-03,Regular Council,2,"Report of the Director Development Services – Development Variance Permit at 67B, 69A and 69B Clipper Street – OTG Developments Ltd. (PROJ 23-148) Discussion ensued regarding the following:  The concern that the applicant proceeded to operate without a business license, in contravention of City bylaws, and despite being notified of the bylaw requirements",Main motion,Carried,9,0,0,Dennis Marsden,,In favour,In favour,In favour,In favour,In favour,In favour,In favour,In favour,In favour,Development; Business & economy,,,,https://coquitlam.ca.granicus.com/MinutesViewer.php?view_id=2&clip_id=2672&doc_id=c335123b-2d87-11ef-88cf-06607eefec02,https://coquitlam.ca.granicus.com/MediaPlayer.php?view_id=2&clip_id=2672,https://councilrecord.ca/coquitlam.html#vote/4v7oob,That Council approve the signing and sealing of Development Variance Permit No. 23 121159 DV and authorize the Mayor and City Clerk to execute this Permit on behalf of the City of Coquitlam. Councillors Mazzarollo and Towner registered opposition.
2024-06-03,Regular Council,3,"Report of the Director Development Services – Development Variance Permit at 3631, 3635 Harper Road and a Portion of 3531 Hickstead Avenue – Double Kappa Holdings Ltd. (Wesbild) (PROJ 20-052)",Main motion,Carried,9,0,0,Dennis Marsden,,In favour,In favour,In favour,In favour,In favour,In favour,In favour,In favour,In favour,Development,,,,https://coquitlam.ca.granicus.com/MinutesViewer.php?view_id=2&clip_id=2672&doc_id=c335123b-2d87-11ef-88cf-06607eefec02,https://coquitlam.ca.granicus.com/MediaPlayer.php?view_id=2&clip_id=2672,https://councilrecord.ca/coquitlam.html#vote/jndl9u,That Council approve the signing and sealing of Development Variance Permit No. 24 105391DV and authorize the Mayor and City Clerk to execute this Permit on behalf of the City of Coquitlam.
2024-06-03,Regular Council,4,Report of the Director Development Services – Development Application at 1963 Lougheed Highway and 1880 Coleman Avenue – Disciple Methodist Church (PROJ 23-024),Main motion,Carried,9,0,0,Brent Asmundson,,In favour,In favour,In favour,In favour,In favour,In favour,In favour,In favour,In favour,Housing & density; Development,,,,https://coquitlam.ca.granicus.com/MinutesViewer.php?view_id=2&clip_id=2672&doc_id=c335123b-2d87-11ef-88cf-06607eefec02,https://coquitlam.ca.granicus.com/MediaPlayer.php?view_id=2&clip_id=2672,https://councilrecord.ca/coquitlam.html#vote/s2g7cc,"That Council Support the application, as follows: a. Give first reading to Citywide Official Community Plan Amendment Bylaw No. 5361, 2024; b. In accordance with the Local Government Act, consider Bylaw No. 5361, 2024, in conjunction with 2024 Five Year Financial Plan Bylaw No. 5356, 2023 and the Regional Solid Waste Management Plan; c. Give first reading to Zoning Amendment Bylaw No. 5362, 2024; d. Refer Bylaw Nos. 5361, 2024 and 5362, 2024 to Public Hearing; and e. Instruct staff to complete the following items prior to Council’s consideration of final adoption, should Council grant second and third readings to Citywide Official Community Plan Amendment Bylaw No. 5361, 2024 and Zoning Amendment Bylaw No. 5362, 2024: i. Finalization of a subdivision plan facilitating a 3 metre by 3 metre corner cut at the northwest corner of 1963 Lougheed Highway to the satisfaction of the Approving Officer in Land Title Office registrable form; ii. Ensure that all engineering requirements and issues including restrictive covenants, dedications and rights-of-way where necessary, are addressed to the satisfaction of the General Manager Engineering and Public Works; iii. Submission of a floor plan delineating that the floor area for the place of worship does not exceed 35% of the overall floor area; and iv. Finalize, execute and deliver to the City, the following agreements in Land Title Office registrable form: 1. Registration of one or more Section 219 Covenants with respect to shared vehicular/pedestrian areas, on-site parking requirements and restricting use among both subject properties; 2. Registration of an access easement on 1880 Coleman Avenue in favour of 1963 Lougheed Highway to access the additional parking spaces; and 3. Such other Land Title Office registrable agreements as may be required by the City."
2024-06-03,Regular Council,5,"Report of the General Manager Parks, Recreation, Culture and Facilities – Recognition for Outstanding Contributions to the Community",Main motion,Carried,9,0,0,Teri Towner,,In favour,In favour,In favour,In favour,In favour,In favour,In favour,In favour,In favour,Parks & recreation,,,,https://coquitlam.ca.granicus.com/MinutesViewer.php?view_id=2&clip_id=2672&doc_id=c335123b-2d87-11ef-88cf-06607eefec02,https://coquitlam.ca.granicus.com/MediaPlayer.php?view_id=2&clip_id=2672,https://councilrecord.ca/coquitlam.html#vote/d1lqfl,"That Council commemorate the following individuals for their longstanding contributions to the community as follows: 1. Bill Green, with the installation of a plaque at Mundy Park Field 4 and a public announcement; and 2. Bill LeClair, with the installation of a plaque in Blue Mountain Park and a public announcement."
2024-06-03,Regular Council,6,"Report of the General Manager Engineering and Public Works – Stream and Drainage Protection System Bylaw Amendments and Update on Real-Time Monitoring of Construction Sites Environmental Education and Enforcement Manager provided an on-screen presentation, included with the report as Attachment 3. Discussion ensued regarding the following:",Main motion,Carried,9,0,0,Brent Asmundson,,In favour,In favour,In favour,In favour,In favour,In favour,In favour,In favour,In favour,Environment & climate; Public services,1 of 2,,,https://coquitlam.ca.granicus.com/MinutesViewer.php?view_id=2&clip_id=2672&doc_id=c335123b-2d87-11ef-88cf-06607eefec02,https://coquitlam.ca.granicus.com/MediaPlayer.php?view_id=2&clip_id=2672,https://councilrecord.ca/coquitlam.html#vote/1f173c3,"That Council give first, second, and third reading to the Stream and Drainage System Protection Amendment Bylaw No. 5391, 2024."
2024-06-03,Regular Council,6,"Report of the General Manager Engineering and Public Works – Stream and Drainage Protection System Bylaw Amendments and Update on Real-Time Monitoring of Construction Sites Environmental Education and Enforcement Manager provided an on-screen presentation, included with the report as Attachment 3. Discussion ensued regarding the following:",Main motion,Carried,9,0,0,Trish Mandewo,,In favour,In favour,In favour,In favour,In favour,In favour,In favour,In favour,In favour,Environment & climate; Public services,2 of 2,,,https://coquitlam.ca.granicus.com/MinutesViewer.php?view_id=2&clip_id=2672&doc_id=c335123b-2d87-11ef-88cf-06607eefec02,https://coquitlam.ca.granicus.com/MediaPlayer.php?view_id=2&clip_id=2672,https://councilrecord.ca/coquitlam.html#vote/2cfqrs,That the Regular Council Meeting adjourn – 8:56 p.m.
2024-06-17,Regular Council,4,Report of the Director Finance – 2023 Statutory Financial Reports,Main motion,Carried,9,0,0,Brent Asmundson,,In favour,In favour,In favour,In favour,In favour,In favour,In favour,In favour,In favour,Other,,,,https://coquitlam.ca.granicus.com/MinutesViewer.php?view_id=2&clip_id=2676&doc_id=a91e0ee0-3e09-11ef-8260-0266fc1e3079,https://coquitlam.ca.granicus.com/MediaPlayer.php?view_id=2&clip_id=2676,https://councilrecord.ca/coquitlam.html#vote/101jmcz,"That Council: 1. Approve the 2023 Annual Report included as Attachment #1 to the report of the Director Finance dated June 10, 2024 and entitled “2023 Statutory Financial Reports”; 2. Approve the 2023 Statement of Financial Information (SOFI) included as Attachment #2 to the report of the Director Finance dated June 10, 2024 and entitled “2023 Statutory Financial Reports”; and 3. Approve the 2023 Development Cost Charges (“DCC”) Report included as Attachment #3 to the report of the Director Finance dated June 10, 2024 and entitled “2023 Statutory Financial Reports”."
2024-06-17,Regular Council,5,"Report of the Acting City Clerk – Final Adoption of Stream and Drainage System Protection Amendment Bylaw No. 5391, 2024",Main motion,Carried,9,0,0,Teri Towner,,In favour,In favour,In favour,In favour,In favour,In favour,In favour,In favour,In favour,Environment & climate; Public services,,,,https://coquitlam.ca.granicus.com/MinutesViewer.php?view_id=2&clip_id=2676&doc_id=a91e0ee0-3e09-11ef-8260-0266fc1e3079,https://coquitlam.ca.granicus.com/MediaPlayer.php?view_id=2&clip_id=2676,https://councilrecord.ca/coquitlam.html#vote/1kq6492,"That Council give final adoption to Stream and Drainage System Protection Amendment Bylaw No. 5391, 2024."
2024-06-17,Regular Council,6,Report of the General Manager Planning and Development – Transit-Oriented Areas Legislation (Bill 47) Implementation – Stage 1: Transit-Oriented Areas Designation and Parking Updates,Main motion,Carried,9,0,0,Dennis Marsden,,In favour,In favour,In favour,In favour,In favour,In favour,In favour,In favour,In favour,Housing & density; Development; Transportation,,,,https://coquitlam.ca.granicus.com/MinutesViewer.php?view_id=2&clip_id=2676&doc_id=a91e0ee0-3e09-11ef-8260-0266fc1e3079,https://coquitlam.ca.granicus.com/MediaPlayer.php?view_id=2&clip_id=2676,https://councilrecord.ca/coquitlam.html#vote/1udqaox,"That Council: 1. Give first, second, and third readings to Transit-Oriented Areas Designation Bylaw No. 5393, 2024; 2. Give first, second, and third readings to Zoning Amendment Bylaw No. 5394, 2024; 3. Give first reading to Zoning Amendment Bylaw No. 5396, 2024; 4. Refer Bylaw No. 5396, 2024 to Public Hearing; and 5. Instruct staff to notify and provide copies of Transit-Oriented Areas Designation Bylaw No. 5393, 2024, and Zoning Amendment Bylaws No. 5394, 2024 and 5396, 2024, to the Minister of Transportation and Infrastructure, should Council grant final adoption of the Bylaws."
2024-06-17,Regular Council,7,Report of the Director Development Services – Development Application at 1015 Austin Avenue – PARC Communities Management Ltd. (PROJ 21-123) Discussion ensued relative to the consideration of residents’ age in the development having minimal impact on congestion on roads and parking due to amenities offered within the proximity of the development.,Main motion,Carried,9,0,0,Trish Mandewo,,In favour,In favour,In favour,In favour,In favour,In favour,In favour,In favour,In favour,Development; Transportation,,,,https://coquitlam.ca.granicus.com/MinutesViewer.php?view_id=2&clip_id=2676&doc_id=a91e0ee0-3e09-11ef-8260-0266fc1e3079,https://coquitlam.ca.granicus.com/MediaPlayer.php?view_id=2&clip_id=2676,https://councilrecord.ca/coquitlam.html#vote/16mcxu1,"That Council: 1. Rescind first, second, and third readings of Zoning Amendment Bylaw No. 5240, 2022; 2. Give first, second, and third readings to amended Zoning Amendment Bylaw No. 5240, 2022; 3. Authorize staff to prepare Development Permit No. 21 114887 DP generally in accordance with the attached drawings (Attachment 6), should Council grant first, second, and third readings to the Bylaw; and 4. Instruct staff to complete the following items prior to Council’s consideration of final adoption, should Council grant first, second, and third readings to Zoning Amendment Bylaw No. 5240, 2022, as amended: a. Submission of a fully executable subdivision plan to the satisfaction of the Approving Officer; b. Ensure that all engineering requirements and issues including restrictive covenants, dedications and rights-of-way, and undergrounding of overhead lines where necessary, are addressed to the satisfaction of the General Manager Engineering and Public Works; c. Resolution of all urban design issues to the satisfaction of the Director Development Services; d. Completed encroachment agreements for the canopy projections into the Austin Avenue road right-of-way to the satisfaction of the General Manager Engineering and Public Works; and e. Finalize, execute and deliver to the City, the following agreements in Land Title Office registrable form: i. Section 219 Restrictive Covenant prohibiting occupancy until such time one or more access easements, Statutory Rights-of-Way and Section 219 Covenants with respect to shared vehicular/pedestrian areas among the market rental units, non-market rental units and/or commercial units; ii. Housing Agreement; and iii. Such other Land Title Office registrable agreements as may be required by the City."
2024-06-17,Regular Council,8,Report of the Director Development Services – Development Application at 3429 Roxton Avenue – BHome (PROJ 23-184),Main motion,Carried,9,0,0,Trish Mandewo,,In favour,In favour,In favour,In favour,In favour,In favour,In favour,In favour,In favour,Development,,,,https://coquitlam.ca.granicus.com/MinutesViewer.php?view_id=2&clip_id=2676&doc_id=a91e0ee0-3e09-11ef-8260-0266fc1e3079,https://coquitlam.ca.granicus.com/MediaPlayer.php?view_id=2&clip_id=2676,https://councilrecord.ca/coquitlam.html#vote/1ht6641,"That Council: 1. Give first, second, and third readings to Zoning Amendment Bylaw No. 5389, 2024; 2. Authorize staff to prepare Development Permit No. 24 122919 DP generally in accordance with the attached drawings (Attachment 6), should Council grant first, second, and third readings to the Bylaw; and 3. Instruct staff to complete the following items prior to Council’s consideration of final adoption, should Council grant first, second, and third readings to Zoning Amendment Bylaw No. 5389, 2024: a. Submission of a fully executable subdivision plan to the satisfaction of the Approving Officer; b. Ensure that all engineering requirements and issues including restrictive covenants, dedications and rights-of-way where necessary, are addressed to the satisfaction of the General Manager Engineering and Public Works; c. Resolution of all urban design issues to the satisfaction of the Director Development Services; d. Payment of Community Amenity Contributions; and e. Finalize, execute and deliver to the City, Land Title Office registrable agreements as may be required by the City."
2024-06-17,Regular Council,9,"Report of the Director Development Services – Development Application at 530, 550 Cottonwood Avenue & 663, 675 Whiting Way – Concert Properties Ltd. (PROJ 22-164) Discussion ensued regarding the following:  Concern of losing the older purpose-built rental housing  Possible opportunities to have residents from the existing building moved",Main motion,Carried,8,0,1,Brent Asmundson,,In favour,In favour,In favour,In favour,In favour,In favour,In favour,Absent,In favour,Housing & density; Development,,,,https://coquitlam.ca.granicus.com/MinutesViewer.php?view_id=2&clip_id=2676&doc_id=a91e0ee0-3e09-11ef-8260-0266fc1e3079,https://coquitlam.ca.granicus.com/MediaPlayer.php?view_id=2&clip_id=2676,https://councilrecord.ca/coquitlam.html#vote/taecwe,"That Council: 1. Give first, second, and third reading to Zoning Amendment Bylaw No. 5355, 2024; 2. Adopt Zoning Amendment Bylaw No. 5355, 2024; 3. Approve the signing and sealing of Development Permit No. 22 125014 DP and authorize the Mayor and City Clerk to execute this Permit on behalf of the City of Coquitlam; and 4. Approve the proposed voluntary affordable housing approach to support the development of 54 non-market rental units."
2024-06-17,Regular Council,10,"Report of the Director Development Services - Final Approval of Development Application at 3409, 3411, 3415, 3421 and 3435 Galloway Avenue - Morningstar Homes (PROJ 22-067)",Main motion,Carried,9,0,0,Brent Asmundson,,In favour,In favour,In favour,In favour,In favour,In favour,In favour,In favour,In favour,Housing & density; Development,,,,https://coquitlam.ca.granicus.com/MinutesViewer.php?view_id=2&clip_id=2676&doc_id=a91e0ee0-3e09-11ef-8260-0266fc1e3079,https://coquitlam.ca.granicus.com/MediaPlayer.php?view_id=2&clip_id=2676,https://councilrecord.ca/coquitlam.html#vote/1fhbzvm,"That Council: 1. Adopt Citywide Official Community Plan Amendment Bylaw No. 5307, 2023; and 2. Adopt Zoning Amendment Bylaw No. 5308, 2023."
2024-06-17,Regular Council,11,"Report of the Director Development Services – Final Approval of Development Application at 3456 Roxton Avenue – DK Bowins and Associates (PROJ 22-030) Discussion ensued relative to the potential for child care within this zone of the city. In response to a question from Council, Director Development Services advised that the zones within the Burke Mountain do allow for home-based businesses including child care to operate.",Main motion,Carried,8,0,1,Teri Towner,,In favour,Absent,In favour,In favour,In favour,In favour,In favour,In favour,In favour,Development; Public services; Business & economy,,,,https://coquitlam.ca.granicus.com/MinutesViewer.php?view_id=2&clip_id=2676&doc_id=a91e0ee0-3e09-11ef-8260-0266fc1e3079,https://coquitlam.ca.granicus.com/MediaPlayer.php?view_id=2&clip_id=2676,https://councilrecord.ca/coquitlam.html#vote/92448x,"That Council adopt Zoning Amendment Bylaw No. 5305, 2023."
2024-06-17,Regular Council,12,"Report of the Director Development Services – Final Approval of Development Application at 702-712 Como Lake Avenue, and 705-715 Grover Avenue – Marcon Grover Properties Ltd. (PROJ 22-101) Discussion ensued regarding the existing property across the street from this development, south of 709 Regan Avenue, being used as parking for construction workers.",Main motion,Carried,9,0,0,Dennis Marsden,,In favour,In favour,In favour,In favour,In favour,In favour,In favour,In favour,In favour,Development; Transportation,,,,https://coquitlam.ca.granicus.com/MinutesViewer.php?view_id=2&clip_id=2676&doc_id=a91e0ee0-3e09-11ef-8260-0266fc1e3079,https://coquitlam.ca.granicus.com/MediaPlayer.php?view_id=2&clip_id=2676,https://councilrecord.ca/coquitlam.html#vote/1jv0a9b,"That Council: 1. Adopt Zoning Amendment Bylaw No. 5310, 2023; and 2. Approve the signing and sealing of Development Permit No. 22 115260 DP and that the Mayor and City Clerk be authorized to execute this Permit on behalf of the City of Coquitlam."
2024-06-17,Regular Council,13,Report of the Deputy City Manager – Advisory Committees Updated Terms of Reference,Main motion,Carried,9,0,0,Craig Hodge,,In favour,In favour,In favour,In favour,In favour,In favour,In favour,In favour,In favour,Governance & elections,,,,https://coquitlam.ca.granicus.com/MinutesViewer.php?view_id=2&clip_id=2676&doc_id=a91e0ee0-3e09-11ef-8260-0266fc1e3079,https://coquitlam.ca.granicus.com/MediaPlayer.php?view_id=2&clip_id=2676,https://councilrecord.ca/coquitlam.html#vote/1jggsrv,"That Council: 1. Approve the advisory committees Terms of Reference as included in Attachments 2 through 8 of the report of the Deputy City Manager dated June 10, 2024 and entitled “Advisory Committee Updated Terms of Reference”. 2. Approve appointment of Mohammad (Mo) Ziaei as the Block Watch Program’s representative on the Community Safety Advisory Committee for the balance of 2024."
2024-06-17,Regular Council,14,"Metro Vancouver Board in Brief (May 31, 2024) - Metro Vancouver Board Representatives Available to Respond to Questions Discussion ensued regarding the 32 expressions of interest received by the Invest Vancouver, and the desire to know if Coquitlam’s interests are being considered. In response to a question from Council, a Board member advised that the focus of Invest Vancouver is to bring investment to the region and they are not aware of any",Main motion,Carried,9,0,0,Craig Hodge,,In favour,In favour,In favour,In favour,In favour,In favour,In favour,In favour,In favour,Governance & elections,1 of 2,,,https://coquitlam.ca.granicus.com/MinutesViewer.php?view_id=2&clip_id=2676&doc_id=a91e0ee0-3e09-11ef-8260-0266fc1e3079,https://coquitlam.ca.granicus.com/MediaPlayer.php?view_id=2&clip_id=2676,https://councilrecord.ca/coquitlam.html#vote/19dgrdy,That Council receive for information the Metro Vancouver Board in Brief.
2024-06-17,Regular Council,14,"Metro Vancouver Board in Brief (May 31, 2024) - Metro Vancouver Board Representatives Available to Respond to Questions Discussion ensued regarding the 32 expressions of interest received by the Invest Vancouver, and the desire to know if Coquitlam’s interests are being considered. In response to a question from Council, a Board member advised that the focus of Invest Vancouver is to bring investment to the region and they are not aware of any",Main motion,Carried,9,0,0,Trish Mandewo,,In favour,In favour,In favour,In favour,In favour,In favour,In favour,In favour,In favour,Governance & elections,2 of 2,,,https://coquitlam.ca.granicus.com/MinutesViewer.php?view_id=2&clip_id=2676&doc_id=a91e0ee0-3e09-11ef-8260-0266fc1e3079,https://coquitlam.ca.granicus.com/MediaPlayer.php?view_id=2&clip_id=2676,https://councilrecord.ca/coquitlam.html#vote/1djs9bk,That the Regular Council Meeting adjourn – 8:41 p.m.
2024-07-08,Regular Council,2,Minutes of the Universal Access-Ability Advisory Committee Meeting held on,Procedural,Carried,9,0,0,Matt Djonlic,,In favour,In favour,In favour,In favour,In favour,In favour,In favour,In favour,In favour,Governance & elections,,,,https://coquitlam.ca.granicus.com/MinutesViewer.php?view_id=2&clip_id=2685&doc_id=d28c810e-4393-11ef-8260-0266fc1e3079,https://coquitlam.ca.granicus.com/MediaPlayer.php?view_id=2&clip_id=2685,https://councilrecord.ca/coquitlam.html#vote/1uotgdf,"That the Minutes of the Universal Access-Ability Advisory Committee Meeting held on Tuesday, June 4, 2024 be received."
2024-07-08,Regular Council,3,Minutes of the Sports and Recreation Advisory Committee Meeting held on,Procedural,Carried,9,0,0,Matt Djonlic,,In favour,In favour,In favour,In favour,In favour,In favour,In favour,In favour,In favour,Parks & recreation; Governance & elections,,,,https://coquitlam.ca.granicus.com/MinutesViewer.php?view_id=2&clip_id=2685&doc_id=d28c810e-4393-11ef-8260-0266fc1e3079,https://coquitlam.ca.granicus.com/MediaPlayer.php?view_id=2&clip_id=2685,https://councilrecord.ca/coquitlam.html#vote/1cv9foo,"That the Minutes of the Sports and Recreation Advisory Committee Meeting held on Wednesday, June 12, 2024 be received."
2024-07-08,Regular Council,4,Minutes of the Multiculturalism Advisory Committee Meeting held on,Procedural,Carried,9,0,0,Robert Mazzarolo,,In favour,In favour,In favour,In favour,In favour,In favour,In favour,In favour,In favour,Governance & elections,1 of 2,,,https://coquitlam.ca.granicus.com/MinutesViewer.php?view_id=2&clip_id=2685&doc_id=d28c810e-4393-11ef-8260-0266fc1e3079,https://coquitlam.ca.granicus.com/MediaPlayer.php?view_id=2&clip_id=2685,https://councilrecord.ca/coquitlam.html#vote/rqtk5p,"That the Minutes of the Multicultural Advisory Committee Meeting held on Wednesday June 19, 2024 be received."
2024-07-08,Regular Council,4,Minutes of the Multiculturalism Advisory Committee Meeting held on,Main motion,Carried,9,0,0,Dennis Marsden,,In favour,In favour,In favour,In favour,In favour,In favour,In favour,In favour,In favour,Governance & elections,2 of 2,,,https://coquitlam.ca.granicus.com/MinutesViewer.php?view_id=2&clip_id=2685&doc_id=d28c810e-4393-11ef-8260-0266fc1e3079,https://coquitlam.ca.granicus.com/MediaPlayer.php?view_id=2&clip_id=2685,https://councilrecord.ca/coquitlam.html#vote/1i2qu40,That Council refer this request to staff for review and reporting back to Council at a future meeting.
2024-07-08,Regular Council,5,"Citywide Official Community Plan Amendment Bylaw No. 5361, 2024 and Zoning Amendment Bylaw No. 5362, 2024 – 1963 Lougheed Highway and 1880 Coleman Avenue",Main motion,Carried,9,0,0,Dennis Marsden,,In favour,In favour,In favour,In favour,In favour,In favour,In favour,In favour,In favour,Housing & density; Development,,,,https://coquitlam.ca.granicus.com/MinutesViewer.php?view_id=2&clip_id=2685&doc_id=d28c810e-4393-11ef-8260-0266fc1e3079,https://coquitlam.ca.granicus.com/MediaPlayer.php?view_id=2&clip_id=2685,https://councilrecord.ca/coquitlam.html#vote/1okwfk,"That Council give second and third readings to Citywide Official Community Plan Amendment Bylaw No. 5361, 2024 and Zoning Amendment Bylaw No. 5362, 2024."
2024-07-08,Regular Council,6,"Zoning Amendment Bylaw No. 5396, 2024 – Transit Oriented Areas (TOAs) Update Discussion ensued relative to the prime examples from residents who spoke at the Public Hearing regarding the irregular outcomes associated with the 800 metre distance that the province has imposed on municipalities, noting the desire to have staff continue to undertake reasonable planning process for the",Main motion,Carried,9,0,0,Dennis Marsden,,In favour,In favour,In favour,In favour,In favour,In favour,In favour,In favour,In favour,Housing & density; Development; Transportation,1 of 2,,,https://coquitlam.ca.granicus.com/MinutesViewer.php?view_id=2&clip_id=2685&doc_id=d28c810e-4393-11ef-8260-0266fc1e3079,https://coquitlam.ca.granicus.com/MediaPlayer.php?view_id=2&clip_id=2685,https://councilrecord.ca/coquitlam.html#vote/1siwq5i,"That Council: 1. Give second and third readings Zoning Amendment Bylaw No. 5396, 2024; and 2. Adopt Zoning Amendment Bylaw No. 5396, 2024."
2024-07-08,Regular Council,6,"Zoning Amendment Bylaw No. 5396, 2024 – Transit Oriented Areas (TOAs) Update Discussion ensued relative to the prime examples from residents who spoke at the Public Hearing regarding the irregular outcomes associated with the 800 metre distance that the province has imposed on municipalities, noting the desire to have staff continue to undertake reasonable planning process for the",Main motion,Carried,9,0,0,Brent Asmundson,,In favour,In favour,In favour,In favour,In favour,In favour,In favour,In favour,In favour,Housing & density; Development; Transportation,2 of 2,,,https://coquitlam.ca.granicus.com/MinutesViewer.php?view_id=2&clip_id=2685&doc_id=d28c810e-4393-11ef-8260-0266fc1e3079,https://coquitlam.ca.granicus.com/MediaPlayer.php?view_id=2&clip_id=2685,https://councilrecord.ca/coquitlam.html#vote/ekp6j7,"That Council note for the record, the disconnect between the reports stated and strategic goals and the actual expected outcomes."
2024-07-08,Regular Council,7,"Report of the Acting City Clerk – Final Adoption of Transit-Oriented Areas Designation Bylaw No. 5393, 2024 and Zoning Amendment Bylaw No. 5394, 2024 Discussion ensued relative to the concerns associated with eliminating off street parking in these areas.",Main motion,Carried,9,0,0,Dennis Marsden,,In favour,In favour,In favour,In favour,In favour,In favour,In favour,In favour,In favour,Housing & density; Development; Transportation,,,,https://coquitlam.ca.granicus.com/MinutesViewer.php?view_id=2&clip_id=2685&doc_id=d28c810e-4393-11ef-8260-0266fc1e3079,https://coquitlam.ca.granicus.com/MediaPlayer.php?view_id=2&clip_id=2685,https://councilrecord.ca/coquitlam.html#vote/k3e0sd,"That Council: 1. Adopt Transit-Oriented Areas Designation Bylaw No. 5393, 2024; and 2. Adopt Zoning Amendment Bylaw No. 5394, 2024."
2024-07-08,Regular Council,8,Report of the Director Development Services – Final Approval of Development Application at 1185 Westwood Street – City of Coquitlam (PROJ 22-150),Main motion,Carried,9,0,0,Dennis Marsden,,In favour,In favour,In favour,In favour,In favour,In favour,In favour,In favour,In favour,Development,,,,https://coquitlam.ca.granicus.com/MinutesViewer.php?view_id=2&clip_id=2685&doc_id=d28c810e-4393-11ef-8260-0266fc1e3079,https://coquitlam.ca.granicus.com/MediaPlayer.php?view_id=2&clip_id=2685,https://councilrecord.ca/coquitlam.html#vote/2q05d,"That Council adopt Zoning Amendment Bylaw No. 5318, 2023."
2024-07-08,Regular Council,9,"Report of the General Manager Planning and Development – Housing Agreement Bylaw No. 5385, 2024 at 1184 Inlet Street – Anthem (PROJ 22-167)",Main motion,Carried,9,0,0,Brent Asmundson,,In favour,In favour,In favour,In favour,In favour,In favour,In favour,In favour,In favour,Housing & density,,,,https://coquitlam.ca.granicus.com/MinutesViewer.php?view_id=2&clip_id=2685&doc_id=d28c810e-4393-11ef-8260-0266fc1e3079,https://coquitlam.ca.granicus.com/MediaPlayer.php?view_id=2&clip_id=2685,https://councilrecord.ca/coquitlam.html#vote/1n92vjm,"That Council give first, second, and third readings to Housing Agreement Bylaw No. 5385, 2024."
2024-07-08,Regular Council,10,"Report of the General Manager Planning and Development – Housing Agreement Bylaw No. 5380, 2024 for Retention of Two Existing Affordable Housing Co-operative Buildings at 2860 and 2865 Packard Avenue – Community Land Trust Discussion continued relative to:  Concerns related to the new legislation regarding decreasing housing",Main motion,Carried,9,0,0,Dennis Marsden,,In favour,In favour,In favour,In favour,In favour,In favour,In favour,In favour,In favour,Housing & density,,,,https://coquitlam.ca.granicus.com/MinutesViewer.php?view_id=2&clip_id=2685&doc_id=d28c810e-4393-11ef-8260-0266fc1e3079,https://coquitlam.ca.granicus.com/MediaPlayer.php?view_id=2&clip_id=2685,https://councilrecord.ca/coquitlam.html#vote/17fq8wz,"That Council give first, second and third readings to Housing Agreement Bylaw No. 5380, 2024."
2024-07-08,Regular Council,11,"Report of the General Manager Planning and Development – Housing Agreement Bylaw No. 5392, 2024 at 530, 550 Cottonwood Avenue and 663, 675 Whiting Way – Concert (PROJ 22-164)",Main motion,Carried,8,0,1,Brent Asmundson,,In favour,In favour,In favour,In favour,In favour,In favour,In favour,Absent,In favour,Housing & density,,,,https://coquitlam.ca.granicus.com/MinutesViewer.php?view_id=2&clip_id=2685&doc_id=d28c810e-4393-11ef-8260-0266fc1e3079,https://coquitlam.ca.granicus.com/MediaPlayer.php?view_id=2&clip_id=2685,https://councilrecord.ca/coquitlam.html#vote/enbzl3,"That Council: 1. Repeal Housing Agreement Bylaw No. 5366, 2024; and 2. Give first, second and third readings to Housing Agreement Bylaw No. 5392, 2024."
2024-07-08,Regular Council,12,Report of the Director Development Services – Development Application at 3530 Highland Drive – Noura Construction Ltd. (PROJ 18-085) Discussion ensued relative to:  Concerns regarding staff resources being wasted if the Bylaw does not get approved fast enough in regards to the one year extension not being approved by the province,Main motion,Carried,9,0,0,Craig Hodge,,In favour,In favour,In favour,In favour,In favour,In favour,In favour,In favour,In favour,Development,,,,https://coquitlam.ca.granicus.com/MinutesViewer.php?view_id=2&clip_id=2685&doc_id=d28c810e-4393-11ef-8260-0266fc1e3079,https://coquitlam.ca.granicus.com/MediaPlayer.php?view_id=2&clip_id=2685,https://councilrecord.ca/coquitlam.html#vote/v29irf,"That Council: 1. Give first, second, and third readings to Zoning Amendment Bylaw No. 5035, 2024; 2. Instruct staff to complete the following items prior to Council’s consideration of final adoption of Zoning Amendment Bylaw No. 5035, 2024; 1. Submission of a fully executable subdivision plan to the satisfaction of the Approving Officer; 2. Ensure that all engineering requirements and issues including restrictive covenants, dedications and rights-of-way where necessary, are addressed to the satisfaction of the General Manager Engineering and Public Works; 3. Finalize Watercourse Protection Development Permit (18 111268 DP) to the satisfaction of Environmental Services; 4. Transfer of title to the City, the Streamside Protection and Enhancement Area (SPEA); 5. Other conditions as applicable; and 6. Finalize, execute and deliver to the City, the following agreements in Land Title Office registrable form: i. A Section 219 covenant confirming that future development shall abide by the recommendations of the applicant’s geotechnical report, inclusive of the recommended 10.3 m setback from the high-water mark; ii. A Section 219 Covenant confirming that future development shall abide by the recommendations of the applicant’s arborist report; iii. A Section 219 Covenant for tree and root protection along the westerly and easterly lot lines, including SPEA trees outside of the 10.3 m SPEA boundary; iv. A Section 219 Covenant for confirming that future development shall abide by the recommendations of the applicant’s floodplain covenant amendment request report, inclusive of the recommended 10.3 m setback from the high-water mark; v. A 3.0 m and 4.5 m Statutory Right-of-Way (SRW) for utility purposes; and vi. Such other Land Title Office registrable agreements as may be required by the City."
2024-07-08,Regular Council,13,Report of the Director Development Services – Development Application at 1144 Inlet Street – Metro Vancouver Housing Corporation (PROJ 23-078),Main motion,Carried,9,0,0,Dennis Marsden,,In favour,In favour,In favour,In favour,In favour,In favour,In favour,In favour,In favour,Housing & density; Development; Governance & elections,,,,https://coquitlam.ca.granicus.com/MinutesViewer.php?view_id=2&clip_id=2685&doc_id=d28c810e-4393-11ef-8260-0266fc1e3079,https://coquitlam.ca.granicus.com/MediaPlayer.php?view_id=2&clip_id=2685,https://councilrecord.ca/coquitlam.html#vote/plz7mj,"That Council: 1. Give first, second, and third readings to Zoning Amendment Bylaw No. 5397, 2024; 2. Authorize staff to prepare Development Permit No. 23 113364 DP generally in accordance with the attached drawings (Attachment 6); 3. Acknowledge that the applicant has requested a variance to the Zoning Bylaw as described in this report as follows: a. In Subsection 8 in Part 1205, RM-3 Multi-Storey Medium Density Apartment Residential zone, the minimum Interior Side Lot Line is to be reduced from 4.5 m (15 ft.) to 1.5 m (5 ft.); b. In Subsection 11 in Part 1205, RM-3 Multi-Storey Medium Density Apartment Residential zone, the maximum length a building can be without appropriate architectural breaks is to be increased from 37 m (121 ft.) to 49m (161 ft.); and c. In Subsection 710(1) in Part 7, Off-Street Parking and Loading, the minimum number of Type B Loading Spaces is to be reduced from two to one; and 4. Instruct staff to complete the following items prior to Council’s consideration of final adoption of Zoning Amendment Bylaw No. 5397, 2024: a. Submission of a fully executable subdivision plan to the satisfaction of the Approving Officer; b. Ensure that all engineering requirements and issues including restrictive covenants, dedications and rights-of-way where necessary, are addressed to the satisfaction of the General Manager Engineering and Public Works; c. Satisfy the Transportation Demand Management measures to the satisfaction of the General Manager Engineering and Public Works; d. Resolution of all urban design issues to the satisfaction of the Director Development Services; and e. Finalize, execute and deliver to the City, the following agreements in Land Title Office registrable form: i. One or more owner-maintained statutory rights-of-way in favour of the City over all publically accessible spaces, including the pedestrian greenway that crosses the site east to west; ii. Housing Agreement; iii. Section 219 Restrictive Covenant to require that the two properties are developed together as a single development; iv. Section 219 Restrictive Covenant to secure the delivery of Transportation Demand Management measures; v. Shared use easements between the different phases of the proposed development for parking access and amenity areas; and vi. Such other Land Title Office registrable agreements as may be required by the City."
2024-07-08,Regular Council,14,"Report of the Deputy City Manager – Officers Bylaw No. 5342, 2024",Main motion,Carried,8,0,1,Teri Towner,,In favour,In favour,In favour,Absent,In favour,In favour,In favour,In favour,In favour,Governance & elections,,,,https://coquitlam.ca.granicus.com/MinutesViewer.php?view_id=2&clip_id=2685&doc_id=d28c810e-4393-11ef-8260-0266fc1e3079,https://coquitlam.ca.granicus.com/MediaPlayer.php?view_id=2&clip_id=2685,https://councilrecord.ca/coquitlam.html#vote/1qh4n7y,"That Council give first, second and third readings to the Officers Bylaw No. 5342, 2024."
2024-07-08,Regular Council,15,"Metro Vancouver Board in Brief (June 28, 2024) – Metro Vancouver Board Representatives Available to Respond to Questions There was no discussion to this item.",Main motion,Carried,8,0,1,Teri Towner,,In favour,In favour,In favour,Absent,In favour,In favour,In favour,In favour,In favour,Governance & elections,1 of 2,,,https://coquitlam.ca.granicus.com/MinutesViewer.php?view_id=2&clip_id=2685&doc_id=d28c810e-4393-11ef-8260-0266fc1e3079,https://coquitlam.ca.granicus.com/MediaPlayer.php?view_id=2&clip_id=2685,https://councilrecord.ca/coquitlam.html#vote/pehwgs,That Council receive for information the Metro Vancouver Board in Brief.
2024-07-08,Regular Council,15,"Metro Vancouver Board in Brief (June 28, 2024) – Metro Vancouver Board Representatives Available to Respond to Questions There was no discussion to this item.",Main motion,Carried,8,0,1,Trish Mandewo,,In favour,In favour,In favour,Absent,In favour,In favour,In favour,In favour,In favour,Governance & elections,2 of 2,,,https://coquitlam.ca.granicus.com/MinutesViewer.php?view_id=2&clip_id=2685&doc_id=d28c810e-4393-11ef-8260-0266fc1e3079,https://coquitlam.ca.granicus.com/MediaPlayer.php?view_id=2&clip_id=2685,https://councilrecord.ca/coquitlam.html#vote/egrkq1,That the Regular Council Meeting adjourn – 9:17 p.m.
2024-07-15,Regular Council,3,"Report of the Acting City Clerk – Final Adoption of Officers Bylaw No. 5342, 2024",Main motion,Carried,9,0,0,Brent Asmundson,,In favour,In favour,In favour,In favour,In favour,In favour,In favour,In favour,In favour,Governance & elections,,,,https://coquitlam.ca.granicus.com/MinutesViewer.php?view_id=2&clip_id=2693&doc_id=82236664-4e25-11ef-8260-0266fc1e3079,https://coquitlam.ca.granicus.com/MediaPlayer.php?view_id=2&clip_id=2693,https://councilrecord.ca/coquitlam.html#vote/19xjj4w,"That Council adopt Officers Bylaw No. 5342, 2024."
2024-07-15,Regular Council,4,"Report of the General Manager Planning and Development – Final Approval of Housing Agreement Bylaw No. 5392, 2024 at 530, 550 Cottonwood Avenue and 663, 675 Whiting Way – Concert (PROJ 22-164)",Main motion,Carried,8,0,1,Craig Hodge,,In favour,In favour,In favour,In favour,In favour,In favour,In favour,Absent,In favour,Housing & density,,,,https://coquitlam.ca.granicus.com/MinutesViewer.php?view_id=2&clip_id=2693&doc_id=82236664-4e25-11ef-8260-0266fc1e3079,https://coquitlam.ca.granicus.com/MediaPlayer.php?view_id=2&clip_id=2693,https://councilrecord.ca/coquitlam.html#vote/p5ltxl,"That Council adopt Housing Agreement Bylaw No. 5392, 2024."
2024-07-15,Regular Council,5,"Report of the Director Development Services – Temporary Use Permit 24 105091 TU for Secondary School at 3000 Christmas Way, Coquitlam – British Columbia Christian Academy Society (BCCA) – PROJ 24-040",Main motion,Carried,9,0,0,Brent Asmundson,,In favour,In favour,In favour,In favour,In favour,In favour,In favour,In favour,In favour,Development; Business & economy,,,,https://coquitlam.ca.granicus.com/MinutesViewer.php?view_id=2&clip_id=2693&doc_id=82236664-4e25-11ef-8260-0266fc1e3079,https://coquitlam.ca.granicus.com/MediaPlayer.php?view_id=2&clip_id=2693,https://councilrecord.ca/coquitlam.html#vote/ecr8rj,That Council approve the signing and sealing of Temporary Use Permit No. 24 105091 TU and authorize the Mayor and City Clerk to execute this Permit on behalf of the City of Coquitlam.
2024-07-15,Regular Council,6,Report of the Director Development Services – Development Application at 3643 Litchfield Avenue – Burke Mountain II LP (PROJ 23-142),Main motion,Carried,9,0,0,Trish Mandewo,,In favour,In favour,In favour,In favour,In favour,In favour,In favour,In favour,In favour,Development,,,,https://coquitlam.ca.granicus.com/MinutesViewer.php?view_id=2&clip_id=2693&doc_id=82236664-4e25-11ef-8260-0266fc1e3079,https://coquitlam.ca.granicus.com/MediaPlayer.php?view_id=2&clip_id=2693,https://councilrecord.ca/coquitlam.html#vote/1p207wy,"That Council approve the signing and sealing of Development Permit No. 23 118493 DP and authorize the Mayor and City Clerk to execute this Permit on behalf of the City of Coquitlam, which contains a variance to subsection 1201(8), to reduce a setback from 4.0 m to 3.0 m for the southeastern corner of the site."
2024-07-15,Regular Council,7,"Report of the Director Development Services – Final Approval of Development Application at 269, 273 Dunlop Street, 580, 590, 600/602, 606 Grayson Avenue, 272, 276 Guilby Street and 574, 576, 578, 600, 610, 616, 618 Sunset Avenue – Mosaic Avenue Developments Ltd. (PROJ 22-092)",Main motion,Carried,9,0,0,Steve Kim,,In favour,In favour,In favour,In favour,In favour,In favour,In favour,In favour,In favour,Development; Transportation,,,,https://coquitlam.ca.granicus.com/MinutesViewer.php?view_id=2&clip_id=2693&doc_id=82236664-4e25-11ef-8260-0266fc1e3079,https://coquitlam.ca.granicus.com/MediaPlayer.php?view_id=2&clip_id=2693,https://councilrecord.ca/coquitlam.html#vote/8wp3pe,"That Council: 1. Adopt Zoning Amendment Bylaw No. 5343, 2023; 2. Adopt Highway Dedication Cancellation Bylaw No. 5344, 2023; and 3. Approve the signing and sealing of Development Permit No. 22 113483 DP and that the Mayor and City Clerk be authorized to execute this Permit on behalf of the City of Coquitlam."
2024-07-15,Regular Council,8,Report of the Director Development Services – Final Approval of Development Application at 1184 Inlet Street – Anthem Inlet Street Holdings LP (PROJ 22-167),Main motion,Carried,9,0,0,Trish Mandewo,,In favour,In favour,In favour,In favour,In favour,In favour,In favour,In favour,In favour,Housing & density; Development,,,,https://coquitlam.ca.granicus.com/MinutesViewer.php?view_id=2&clip_id=2693&doc_id=82236664-4e25-11ef-8260-0266fc1e3079,https://coquitlam.ca.granicus.com/MediaPlayer.php?view_id=2&clip_id=2693,https://councilrecord.ca/coquitlam.html#vote/t88a6f,"That Council: 1. Adopt Zoning Amendment Bylaw No. 5351, 2023; 2. Adopt Housing Agreement Bylaw No. 5385, 2024; and 3. Approve the signing and sealing of Development Permit No. 22 101031 DP and that the Mayor and City Clerk be authorized to execute this Permit on behalf of the City of Coquitlam."
2024-07-15,Regular Council,9,"Report of the General Manager Planning and Development – Final Adoption of Housing Agreement Bylaw No. 5380, 2024 at 2860 and 2865 Packard Avenue – Community Land Trust (PROJ 24-038) Discussion ensued relative to the following:  The federal government's failure to align the terms of the land lease with the expected life span of the building",Main motion,Carried,9,0,0,Dennis Marsden,,In favour,In favour,In favour,In favour,In favour,In favour,In favour,In favour,In favour,Housing & density; Taxes & spending,,,,https://coquitlam.ca.granicus.com/MinutesViewer.php?view_id=2&clip_id=2693&doc_id=82236664-4e25-11ef-8260-0266fc1e3079,https://coquitlam.ca.granicus.com/MediaPlayer.php?view_id=2&clip_id=2693,https://councilrecord.ca/coquitlam.html#vote/1owr23b,"That Council: 1. Adopt Housing Agreement Bylaw No. 5380, 2024; and 2. Authorize a maximum capital contribution of $5.8M from the Affordable Housing Reserve Fund (AHRF) to assist in the acquisition and preservation of 290 non-market rental units."
2024-07-15,Regular Council,10,"Report of the Director Development Services – Third Reading Extension of Development Application at 1155, 1159 Pipeline Road and 1110 Inlet Street – Ledingham McAllister (PROJ 21-078)",Main motion,Carried,9,0,0,Brent Asmundson,,In favour,In favour,In favour,In favour,In favour,In favour,In favour,In favour,In favour,Development,,,,https://coquitlam.ca.granicus.com/MinutesViewer.php?view_id=2&clip_id=2693&doc_id=82236664-4e25-11ef-8260-0266fc1e3079,https://coquitlam.ca.granicus.com/MediaPlayer.php?view_id=2&clip_id=2693,https://councilrecord.ca/coquitlam.html#vote/1wsngyk,"That Council extend Third Reading of Zoning Amendment Bylaw No. 5242, 2022 for an additional 12-month period to July 25, 2025."
2024-07-15,Regular Council,11,"Report of the General Manager Planning and Development – Housing Agreement Bylaw No. 5379, 2024 at 595, 597, 601, 605, 609 Westley Avenue, 639 Elmwood Street, and 600, 604, 606, 612, 616 Kemsley Avenue – Rize Alliance (Oakdale) (PROJ 22-095)",Main motion,Carried,9,0,0,Dennis Marsden,,In favour,In favour,In favour,In favour,In favour,In favour,In favour,In favour,In favour,Housing & density,,,,https://coquitlam.ca.granicus.com/MinutesViewer.php?view_id=2&clip_id=2693&doc_id=82236664-4e25-11ef-8260-0266fc1e3079,https://coquitlam.ca.granicus.com/MediaPlayer.php?view_id=2&clip_id=2693,https://councilrecord.ca/coquitlam.html#vote/1j3p21v,"That Council give first, second, and third readings to Housing Agreement Bylaw No. 5379, 2024."
2024-07-15,Regular Council,12,Report of the General Manager Planning and Development – Response to 3030 Gordon Operational Review,Main motion,Carried,9,0,0,Dennis Marsden,,In favour,In favour,In favour,In favour,In favour,In favour,In favour,In favour,In favour,Housing & density; Public services; Governance & elections,,,,https://coquitlam.ca.granicus.com/MinutesViewer.php?view_id=2&clip_id=2693&doc_id=82236664-4e25-11ef-8260-0266fc1e3079,https://coquitlam.ca.granicus.com/MediaPlayer.php?view_id=2&clip_id=2693,https://councilrecord.ca/coquitlam.html#vote/cpjo10,"That Council direct staff to send letters under the Mayor’s signature to BC Housing, relevant Provincial and Federal Ministries, with copies to Tri-Cities partners, MLAs, MPs, Tri-Cities Homelessness and Housing Task Group (TCHHTG) and RainCity, as follows: 1. Seeking an update of BC Housing’s progress in implementing the recommendations of the 3030 Gordon Operational Review Report; 2. Outlining the City’s ongoing concerns related to the supportive housing and shelter program at 3030 Gordon Avenue, operated by RainCity Housing, including operational challenges, costs, and impacts to City services and resources; 3. Highlighting the growing problem of homelessness in the City and in the Tri- Cities, the recent decrease in shelter spaces and supportive housing, and significant gaps in housing supports to meet these growing needs; 4. Seeking Provincial commitment to fulfill their primary mandate and responsibilities in addressing homelessness, mental health and substance use issues in communities, and consideration of implementing Coquitlam’s recommended urgent priority actions resulting from the 3030 Gordon review to respond to growing community issues as outlined in this report; and 5. Indicating Coquitlam’s desire to support the Province and work with other Tri- Cities partners through a coordinated sub-regional approach toward securing additional supportive housing, mental health services and substance use services, as well as a more coordinated and comprehensive approach to outreach services in the community that are to be managed and operated by trusted service providers, where Provincial commitment on these matters has been demonstrated to the satisfaction of Council."
2024-07-15,Regular Council,13,Report of the Deputy City Manager – 2024 Council Meeting Schedule Amendment,Main motion,Carried,9,0,0,Brent Asmundson,,In favour,In favour,In favour,In favour,In favour,In favour,In favour,In favour,In favour,Governance & elections,1 of 2,,,https://coquitlam.ca.granicus.com/MinutesViewer.php?view_id=2&clip_id=2693&doc_id=82236664-4e25-11ef-8260-0266fc1e3079,https://coquitlam.ca.granicus.com/MediaPlayer.php?view_id=2&clip_id=2693,https://councilrecord.ca/coquitlam.html#vote/1gzwbj4,"That Council approve the amended 2024 Council Meeting Schedule, as set out in Attachment 1 to the report of the Deputy City Manager dated July 8, 2024 and entitled “2024 Council Meeting Schedule Amendment”."
2024-07-15,Regular Council,13,Report of the Deputy City Manager – 2024 Council Meeting Schedule Amendment,Main motion,Carried,9,0,0,Dennis Marsden,,In favour,In favour,In favour,In favour,In favour,In favour,In favour,In favour,In favour,Governance & elections,2 of 2,,,https://coquitlam.ca.granicus.com/MinutesViewer.php?view_id=2&clip_id=2693&doc_id=82236664-4e25-11ef-8260-0266fc1e3079,https://coquitlam.ca.granicus.com/MediaPlayer.php?view_id=2&clip_id=2693,https://councilrecord.ca/coquitlam.html#vote/g69v5f,That the Regular Council Meeting adjourn at 8:09 p.m.
2024-07-29,Regular Council,2,"Minutes of the Culture Services Advisory Committee Meeting held on Thursday, June 13, 2024",Procedural,Carried,8,0,1,Steve Kim,,In favour,In favour,In favour,In favour,In favour,In favour,Absent,In favour,In favour,Parks & recreation; Governance & elections,,,,https://coquitlam.ca.granicus.com/MinutesViewer.php?view_id=2&clip_id=2697&doc_id=49bf70f4-6f94-11ef-8260-0266fc1e3079,https://coquitlam.ca.granicus.com/MediaPlayer.php?view_id=2&clip_id=2697,https://councilrecord.ca/coquitlam.html#vote/vwo6rz,"That the Minutes of the Culture Services Advisory Committee Meeting held on Tuesday, June 13, 2024 be received."
2024-07-29,Regular Council,3,"Minutes of the Sustainability and Environmental Advisory Committee Meeting held on Tuesday, June 25, 2024",Procedural,Carried,8,0,1,Robert Mazzarolo,,In favour,In favour,In favour,In favour,In favour,In favour,Absent,In favour,In favour,Environment & climate; Public services; Governance & elections,,,,https://coquitlam.ca.granicus.com/MinutesViewer.php?view_id=2&clip_id=2697&doc_id=49bf70f4-6f94-11ef-8260-0266fc1e3079,https://coquitlam.ca.granicus.com/MediaPlayer.php?view_id=2&clip_id=2697,https://councilrecord.ca/coquitlam.html#vote/uhhgzn,"That the Minutes of the Sustainability and Environmental Advisory Committee Meeting held on Tuesday, June 25, 2024 be received."
2024-07-29,Regular Council,4,Report of the Director Development Services – Final Approval of Development Application at 3594 to 3598 Sheffield Avenue – City of Coquitlam (PROJ 22-049),Main motion,Carried,8,0,1,Trish Mandewo,,In favour,In favour,In favour,In favour,In favour,In favour,Absent,In favour,In favour,Development,,,,https://coquitlam.ca.granicus.com/MinutesViewer.php?view_id=2&clip_id=2697&doc_id=49bf70f4-6f94-11ef-8260-0266fc1e3079,https://coquitlam.ca.granicus.com/MediaPlayer.php?view_id=2&clip_id=2697,https://councilrecord.ca/coquitlam.html#vote/g0ghuf,"That Council adopt Zoning Amendment Bylaw No. 5297, 2023."
2024-07-29,Regular Council,5,Report of the Director Development Services – Final Approval of Development Application at 3333 Caliente Place – Gracorp (PROJ 21-128),Main motion,Carried,8,0,1,Brent Asmundson,,In favour,In favour,In favour,In favour,In favour,In favour,Absent,In favour,In favour,Housing & density; Development,,,,https://coquitlam.ca.granicus.com/MinutesViewer.php?view_id=2&clip_id=2697&doc_id=49bf70f4-6f94-11ef-8260-0266fc1e3079,https://coquitlam.ca.granicus.com/MediaPlayer.php?view_id=2&clip_id=2697,https://councilrecord.ca/coquitlam.html#vote/1om41y1,"That Council: 1. Adopt Citywide Official Community Plan Amendment Bylaw No. 5335, 2023; and 2. Adopt Zoning Amendment Bylaw No. 5336, 2023."
2024-07-29,Regular Council,6,Report of the Director Development Services – Temporary Use Permit 24 104055 TU at 609 Alderson Avenue – Mosaic Grayson Properties Ltd. (PROJ 24-024),Main motion,Carried,8,0,1,Trish Mandewo,,In favour,In favour,In favour,In favour,In favour,In favour,Absent,In favour,In favour,Development,,,,https://coquitlam.ca.granicus.com/MinutesViewer.php?view_id=2&clip_id=2697&doc_id=49bf70f4-6f94-11ef-8260-0266fc1e3079,https://coquitlam.ca.granicus.com/MediaPlayer.php?view_id=2&clip_id=2697,https://councilrecord.ca/coquitlam.html#vote/2s35ny,That Council approve the signing and sealing of Temporary Use Permit No. 24 104055 TU and authorize the Mayor and City Clerk to execute this Permit on behalf of the City of Coquitlam.
2024-07-29,Regular Council,7,"Report of the Director Development Services – Development Variance Permit and Street Naming Request at 3409, 3411, 3415 and a Portion of 3421 Galloway Avenue – Morningstar Homes (PROJ 22-067)",Main motion,Carried,8,0,1,Teri Towner,,In favour,In favour,In favour,In favour,In favour,In favour,Absent,In favour,In favour,Development; Neighbourhood character,,,,https://coquitlam.ca.granicus.com/MinutesViewer.php?view_id=2&clip_id=2697&doc_id=49bf70f4-6f94-11ef-8260-0266fc1e3079,https://coquitlam.ca.granicus.com/MediaPlayer.php?view_id=2&clip_id=2697,https://councilrecord.ca/coquitlam.html#vote/1q4abx7,"That Council: 1. Approve the signing and sealing of Development Variance Permit No. 24 110812 DV, and authorize the Mayor and City Clerk to execute this Permit on behalf of the City of Coquitlam; and 2. Approve the addition of “Doucette Avenue” to the List of Approved Street Names in the City’s Street Naming Policy for use in the Northeast/Northwest area."
2024-07-29,Regular Council,8,Report of the Director Development Services – Final Approval of Development Application at 135 Balmoral Drive and 2506 to 2548 Palmer Avenue – Polygon Coronation Heights (PROJ 21-038 Discussion ensued relative to the following:  The desire to better understand the criteria for approving street names and concerns relative to the history of he proposed name.,Main motion,Carried,6,2,1,Brent Asmundson,,In favour,In favour,In favour,Against,In favour,Against,Absent,In favour,In favour,Neighbourhood character,,,,https://coquitlam.ca.granicus.com/MinutesViewer.php?view_id=2&clip_id=2697&doc_id=49bf70f4-6f94-11ef-8260-0266fc1e3079,https://coquitlam.ca.granicus.com/MediaPlayer.php?view_id=2&clip_id=2697,https://councilrecord.ca/coquitlam.html#vote/jhsdre,That Council: 4. Approve the addition of the name “Coronation Crescent” to the List of Approved Street Names in the City’s Street Naming Policy.
2024-07-29,Regular Council,9,Report of the Director Development Services – Final Approval of Development Application at 1160 Inlet Street – Polygon Development 239 Ltd. (PROJ 21-202),Main motion,Carried,8,0,1,Teri Towner,,In favour,In favour,In favour,In favour,In favour,In favour,Absent,In favour,In favour,Development,,,,https://coquitlam.ca.granicus.com/MinutesViewer.php?view_id=2&clip_id=2697&doc_id=49bf70f4-6f94-11ef-8260-0266fc1e3079,https://coquitlam.ca.granicus.com/MediaPlayer.php?view_id=2&clip_id=2697,https://councilrecord.ca/coquitlam.html#vote/1q83d6g,"That Council: 1. Adopt Zoning Amendment Bylaw No. 5322, 2023; and 2. Approve the signing and sealing of Development Permit No. 21 121444 DP and that the Mayor and City Clerk be authorized to execute this Permit on behalf of the City of Coquitlam."
2024-07-29,Regular Council,10,"Report of the Director Development Services – Final Approval of Development Application at 595 – 609 Westley Avenue, 639 Elmwood Street, and 600 – 616 Kemsley Avenue – Rize Alliance (Oakdale) Limited Partnership (PROJ 22-095)",Main motion,Carried,8,0,1,Trish Mandewo,,In favour,In favour,In favour,In favour,In favour,In favour,Absent,In favour,In favour,Housing & density; Development,,,,https://coquitlam.ca.granicus.com/MinutesViewer.php?view_id=2&clip_id=2697&doc_id=49bf70f4-6f94-11ef-8260-0266fc1e3079,https://coquitlam.ca.granicus.com/MediaPlayer.php?view_id=2&clip_id=2697,https://councilrecord.ca/coquitlam.html#vote/zm679g,"That Council: 1. Adopt Zoning Amendment Bylaw No. 5313, 2023; 2. Adopt Housing Agreement Bylaw No. 5379, 2024; and 3. Approve the signing and sealing of Development Permit No. 22 113667 DP and that the Mayor and City Clerk be authorized to execute this Permit on behalf of the City of Coquitlam."
2024-07-29,Regular Council,11,"Report of the Director Development Services – Development Application at 614 - 624 Thompson Avenue – Thompson Adera Projects Ltd. (PROJ 23-070) Discussion ensued relative to concerns about 25% of the units being studios, clarification regarding the term studio, and the effects of new Provincial housing legislation on the development.",Main motion,Carried,7,1,1,Trish Mandewo,,In favour,In favour,In favour,In favour,In favour,In favour,Absent,Against,In favour,Housing & density; Development,,,,https://coquitlam.ca.granicus.com/MinutesViewer.php?view_id=2&clip_id=2697&doc_id=49bf70f4-6f94-11ef-8260-0266fc1e3079,https://coquitlam.ca.granicus.com/MediaPlayer.php?view_id=2&clip_id=2697,https://councilrecord.ca/coquitlam.html#vote/e8lkl1,"That Council: 1. Give first, second, and third readings to Zoning Amendment Bylaw No. 5371, 2024; 2. Authorize staff to prepare Development Permit No. 23 112389 DP generally in accordance with the attached drawings, which includes the following variances: a. Subsection 1204 (10) (a) in Part 12, RM-2 Three Storey Medium Density Apartment Residential zone, the maximum building height to be increased from three storeys to four storeys; b. Subsection 514 (2) in Part 5, Siting Exceptions, the maximum projection for awnings into an interior lot line to be increased from 0.6 metres (m) (2 feet (ft.)) to 1.1 m (3.6 ft.); c. Subsection 514 (2) in Part 5, Siting Exceptions, the maximum encroachment for steps into an interior lot line to be increased from 0.6 m (2 ft.) to 1.7 m (5.6 ft.); and d. Subsection 1204 (8) (a) in Part 12, RM-2 Three Storey Medium Density Apartment Residential zone, the minimum setback for underground parkade access stairwells sited less than 1.6 m (5.2 ft.) from a building for residential use to be reduced from 4.0 m (13.1 ft.) to 0.6 m (2.0 ft.). 3. Instruct staff to complete the following items prior to adoption of Zoning Amendment Bylaw No. 5371, 2024: a. Submission of a fully executable subdivision plan to the satisfaction of the Approving Officer; b. Ensure that all engineering requirements and issues including Section 219 covenants, dedications and rights-of-way where necessary, are addressed to the satisfaction of the General Manager Engineering and Public Works; c. Satisfy the Transportation Demand Management measures comments to the satisfaction of the General Manager Engineering and Public Works; d. Resolution of all urban design issues to the satisfaction of the Director Development Services; and e. Finalize, execute and deliver to the City, the following agreements in Land Title Office registrable form: i. One or more owner-maintained statutory rights-of-way in favor of the City over the minor node northwest; ii. Section 219 Covenant to secure the delivery of six adaptable units; iii. Section 219 Covenant to provide Transportation Demand Management measures; and iv. Such other Land Title Office registrable agreements as may be required by the City."
2024-07-29,Regular Council,12,Report of the General Manager Planning and Development – Affordable Housing Reserve Fund Request at 1144 Inlet Street – Metro Vancouver Housing (PROJ 23-078),Main motion,Carried,8,0,1,Trish Mandewo,,In favour,In favour,In favour,In favour,In favour,In favour,Absent,In favour,In favour,Housing & density; Taxes & spending; Governance & elections,,,,https://coquitlam.ca.granicus.com/MinutesViewer.php?view_id=2&clip_id=2697&doc_id=49bf70f4-6f94-11ef-8260-0266fc1e3079,https://coquitlam.ca.granicus.com/MediaPlayer.php?view_id=2&clip_id=2697,https://councilrecord.ca/coquitlam.html#vote/6trv5q,"That Council authorize, in principle, Metro Vancouver Housing’s (MVH) Affordable Housing Reserve Fund (AHRF) request of $5.95 million to support the development of 170 non-market rental units, to be owned and operated by MVH, as part of Phase 1 of a two-phase redevelopment project."
2024-07-29,Regular Council,13,Report of the Deputy City Manager – 2024 - 2034 Community Works Fund Agreement,Main motion,Carried,8,0,1,Brent Asmundson,,In favour,In favour,In favour,In favour,In favour,In favour,Absent,In favour,In favour,Other,1 of 2,,,https://coquitlam.ca.granicus.com/MinutesViewer.php?view_id=2&clip_id=2697&doc_id=49bf70f4-6f94-11ef-8260-0266fc1e3079,https://coquitlam.ca.granicus.com/MediaPlayer.php?view_id=2&clip_id=2697,https://councilrecord.ca/coquitlam.html#vote/ebbcbs,That Council authorize the Mayor and City Clerk to sign the 2024-2034 Community Works Fund Agreement on behalf of the City of Coquitlam.
2024-07-29,Regular Council,13,Report of the Deputy City Manager – 2024 - 2034 Community Works Fund Agreement,Main motion,Carried,8,0,1,Brent Asmundson,,In favour,In favour,In favour,In favour,In favour,In favour,Absent,In favour,In favour,Other,2 of 2,,,https://coquitlam.ca.granicus.com/MinutesViewer.php?view_id=2&clip_id=2697&doc_id=49bf70f4-6f94-11ef-8260-0266fc1e3079,https://coquitlam.ca.granicus.com/MediaPlayer.php?view_id=2&clip_id=2697,https://councilrecord.ca/coquitlam.html#vote/1bs1bgc,That the Regular Council Meeting adjourn at 7:45 p.m.
2024-09-09,Regular Council,2,"Minutes and Informal Meeting Notes of the Community Safety Advisory Committee Meeting held on Thursday, June 27, 2024",Procedural,Carried,7,0,2,Teri Towner,,In favour,Absent,In favour,In favour,In favour,Absent,In favour,In favour,In favour,Public services; Governance & elections,,,,https://coquitlam.ca.granicus.com/MinutesViewer.php?view_id=2&clip_id=2709&doc_id=4a593019-7a24-11ef-8260-0266fc1e3079,https://coquitlam.ca.granicus.com/MediaPlayer.php?view_id=2&clip_id=2709,https://councilrecord.ca/coquitlam.html#vote/kffx1r,"That the Minutes and Informal Meeting Notes of the Community Safety Advisory Committee Meeting held on Thursday, June 27, 2024 be received."
2024-09-09,Regular Council,3,Minutes of the Economic Development Advisory Committee Meeting held on,Procedural,Carried,7,0,2,Steve Kim,,In favour,Absent,In favour,In favour,In favour,Absent,In favour,In favour,In favour,Business & economy; Governance & elections,,,,https://coquitlam.ca.granicus.com/MinutesViewer.php?view_id=2&clip_id=2709&doc_id=4a593019-7a24-11ef-8260-0266fc1e3079,https://coquitlam.ca.granicus.com/MediaPlayer.php?view_id=2&clip_id=2709,https://councilrecord.ca/coquitlam.html#vote/6t8b0o,"That the Minutes of the Economic Development Advisory Committee Meeting held on Wednesday, July 24, 2024 be received."
2024-09-09,Regular Council,4,"Report of the General Manager Planning and Development – Housing Agreement Bylaw No. 5369, 2024 at 609, 611 and 613 Smith Avenue – Nonni Properties Inc. (PROJ 22-054)",Main motion,Carried,6,1,2,Dennis Marsden,,In favour,Absent,In favour,In favour,In favour,Absent,In favour,Against,In favour,Housing & density,,,,https://coquitlam.ca.granicus.com/MinutesViewer.php?view_id=2&clip_id=2709&doc_id=4a593019-7a24-11ef-8260-0266fc1e3079,https://coquitlam.ca.granicus.com/MediaPlayer.php?view_id=2&clip_id=2709,https://councilrecord.ca/coquitlam.html#vote/n1tzax,"That Council give first, second, and third readings to Housing Agreement Bylaw No. 5369, 2024."
2024-09-09,Regular Council,5,"Report of the Director Development Services – Development Application at 626, 634, 636 and 638 Thompson Avenue – Everglade Development Ltd. (PROJ 23-050) Discussion ensued relative to the concern that stacked one bedroom units resemble apartments rather than townhomes, and the desire to consider the potential relocation and reuse of the existing homes at the appropriate time in the development process.",Main motion,Carried,6,1,2,Dennis Marsden,,In favour,Absent,In favour,In favour,In favour,Absent,In favour,Against,In favour,Housing & density; Development,,,,https://coquitlam.ca.granicus.com/MinutesViewer.php?view_id=2&clip_id=2709&doc_id=4a593019-7a24-11ef-8260-0266fc1e3079,https://coquitlam.ca.granicus.com/MediaPlayer.php?view_id=2&clip_id=2709,https://councilrecord.ca/coquitlam.html#vote/hryxud,"That Council: 1. Give first, second, and third readings to Zoning Amendment Bylaw No. 5401, 2024; 2. Authorize staff to prepare Development Permit No. 23 109202 DP generally in accordance with the attached drawings (Attachment 5); and 3. Instruct staff to complete the following items prior to Council’s consideration of final adoption to Zoning Amendment Bylaw No. 5401, 2024: a. Submission of a fully executable subdivision plan to the satisfaction of the Approving Officer for lot consolidation; b. Ensure that all engineering requirements and issues including restrictive covenants, dedications and rights-of-way where necessary, are addressed to the satisfaction of the General Manager Engineering and Public Works; c. Satisfy the Transportation Demand Management measures and Traffic Impact Assessment (TIA) comments to the satisfaction of the General Manager Engineering and Public Works; d. Resolution of all urban design issues to the satisfaction of the Director Development Services; e. Other conditions as applicable; and f. Finalize, execute and deliver to the City, the following agreements in Land Title Office registrable form: i. Section 219 Covenant to provide Transportation Demand Management measures; and ii. Such other Land Title Office registrable agreements as may be required by the City."
2024-09-09,Regular Council,6,"Report of the Director Development Services – Third Reading Extension of Development Application at 2954, 2966, 2976 Pheasant Street, 2960, 2968 Christmas Way and 2950 Lougheed Highway – Marcon “TriCity Central” (PROJ 20-045) Discussion ensued relative to the desire for the project to continue to proceed under the existing density bonus rules, and concern regarding the reduction of commercial",Main motion,Carried,7,0,2,Craig Hodge,,In favour,Absent,In favour,In favour,In favour,Absent,In favour,In favour,In favour,Housing & density; Development; Business & economy,,,,https://coquitlam.ca.granicus.com/MinutesViewer.php?view_id=2&clip_id=2709&doc_id=4a593019-7a24-11ef-8260-0266fc1e3079,https://coquitlam.ca.granicus.com/MediaPlayer.php?view_id=2&clip_id=2709,https://councilrecord.ca/coquitlam.html#vote/262g4,"That Council extend Third Reading of Zoning Amendment Bylaw Nos. 5252 and 5262, 2022 for an additional 12-month period to September 26, 2025."
2024-09-09,Regular Council,7,"Report of the General Manager Parks, Recreation, Culture and Facilities – Fleet Maintenance Building – Ongoing Operational Asset In response to a question from Council, the Senior Capital Projects Manager explained that a recent inspection determined the building envelope of the existing fleet building to be in good condition, and that the budget would prioritize items necessary for continued building use.",Main motion,Carried,7,0,2,Teri Towner,,In favour,Absent,In favour,In favour,In favour,Absent,In favour,In favour,In favour,Taxes & spending; Parks & recreation,1 of 2,,,https://coquitlam.ca.granicus.com/MinutesViewer.php?view_id=2&clip_id=2709&doc_id=4a593019-7a24-11ef-8260-0266fc1e3079,https://coquitlam.ca.granicus.com/MediaPlayer.php?view_id=2&clip_id=2709,https://councilrecord.ca/coquitlam.html#vote/1b5vwht,"That Council: 1. Authorize staff to use the remaining $2.8M funding from the Austin Works Yard Renewal Project to repurpose and extend the operational life of the Fleet Maintenance Building; and 2. Direct staff to include $120,000 of ongoing operating and maintenance funding for the Fleet Maintenance Building in the 2025 base budget."
2024-09-09,Regular Council,7,"Report of the General Manager Parks, Recreation, Culture and Facilities – Fleet Maintenance Building – Ongoing Operational Asset In response to a question from Council, the Senior Capital Projects Manager explained that a recent inspection determined the building envelope of the existing fleet building to be in good condition, and that the budget would prioritize items necessary for continued building use.",Main motion,Carried,7,0,2,Dennis Marsden,,In favour,Absent,In favour,In favour,In favour,Absent,In favour,In favour,In favour,Taxes & spending; Parks & recreation,2 of 2,,,https://coquitlam.ca.granicus.com/MinutesViewer.php?view_id=2&clip_id=2709&doc_id=4a593019-7a24-11ef-8260-0266fc1e3079,https://coquitlam.ca.granicus.com/MediaPlayer.php?view_id=2&clip_id=2709,https://councilrecord.ca/coquitlam.html#vote/1wii0my,That the Regular Council Meeting adjourn at 7:42 p.m.
2024-09-23,Regular Council,2,Report of the Director Development Services – Development Variance Permit at 3410 Highland Drive – DK Bowins and Associates Inc. (PROJ 23-110),Main motion,Carried,9,0,0,Brent Asmundson,,In favour,In favour,In favour,In favour,In favour,In favour,In favour,In favour,In favour,Development,,,,https://coquitlam.ca.granicus.com/MinutesViewer.php?view_id=2&clip_id=2712&doc_id=7addd9e2-8520-11ef-8260-0266fc1e3079,https://coquitlam.ca.granicus.com/MediaPlayer.php?view_id=2&clip_id=2712,https://councilrecord.ca/coquitlam.html#vote/1hfscwm,That Council approve the signing and sealing of Development Variance Permit No. 23 120981 DV and authorize the Mayor and Acting Corporate Officer to execute this Permit on behalf of the City of Coquitlam.
2024-09-23,Regular Council,3,Report of the Director Development Services – Development Variance Permit at 333 Lebleu Street – ZED Studio Inc. (PROJ 24-060),Main motion,Carried,8,0,1,Brent Asmundson,,Absent,In favour,In favour,In favour,In favour,In favour,In favour,In favour,In favour,Development,,,,https://coquitlam.ca.granicus.com/MinutesViewer.php?view_id=2&clip_id=2712&doc_id=7addd9e2-8520-11ef-8260-0266fc1e3079,https://coquitlam.ca.granicus.com/MediaPlayer.php?view_id=2&clip_id=2712,https://councilrecord.ca/coquitlam.html#vote/792x6c,That Council approve the signing and sealing of Development Variance Permit No. 24 107931 DV and authorize the Mayor and Acting Corporate Officer to execute this Permit on behalf of the City of Coquitlam.
2024-09-23,Regular Council,4,Report of the Director Development Services – Heritage Alteration Permit at 830 Laval Square – Notre Dame De Lourdes Parish (PROJ 24-042),Main motion,Carried,9,0,0,Steve Kim,,In favour,In favour,In favour,In favour,In favour,In favour,In favour,In favour,In favour,Development; Neighbourhood character,,,,https://coquitlam.ca.granicus.com/MinutesViewer.php?view_id=2&clip_id=2712&doc_id=7addd9e2-8520-11ef-8260-0266fc1e3079,https://coquitlam.ca.granicus.com/MediaPlayer.php?view_id=2&clip_id=2712,https://councilrecord.ca/coquitlam.html#vote/1s4nab3,That Council approve the signing and sealing of Heritage Alteration Permit No. 24 105641 HA and authorize the Mayor and Acting Corporate Officer to execute this Permit on behalf of the City of Coquitlam.
2024-09-23,Regular Council,5,"Report of the Director Development Services – Final Approval of Development Application at 609, 611 and 613 Smith Avenue – Nonni Properties Inc. (PROJ 22-054)",Main motion,Carried,8,1,0,Teri Towner,,In favour,In favour,In favour,In favour,In favour,In favour,In favour,Against,In favour,Housing & density; Development,,,,https://coquitlam.ca.granicus.com/MinutesViewer.php?view_id=2&clip_id=2712&doc_id=7addd9e2-8520-11ef-8260-0266fc1e3079,https://coquitlam.ca.granicus.com/MediaPlayer.php?view_id=2&clip_id=2712,https://councilrecord.ca/coquitlam.html#vote/10jerlx,"That Council: 1. Adopt Zoning Amendment Bylaw No. 5323, 2023; 2. Adopt Housing Agreement Bylaw No. 5369, 2024; and 3. Approve the signing and sealing of Development Permit No. 22 108176 DP and that the Mayor and Acting Corporate Officer be authorized to execute this Permit on behalf of the City of Coquitlam."
2024-09-23,Regular Council,6,Report of the General Manager Community Safety – UBCM Community Education Preparedness Fund - Disaster Risk Reduction - Climate Adaptation Grant,Main motion,Carried,9,0,0,Brent Asmundson,,In favour,In favour,In favour,In favour,In favour,In favour,In favour,In favour,In favour,Taxes & spending; Environment & climate; Public services; Governance & elections,1 of 2,,,https://coquitlam.ca.granicus.com/MinutesViewer.php?view_id=2&clip_id=2712&doc_id=7addd9e2-8520-11ef-8260-0266fc1e3079,https://coquitlam.ca.granicus.com/MediaPlayer.php?view_id=2&clip_id=2712,https://councilrecord.ca/coquitlam.html#vote/pr0xa8,"That Council support the activities proposed in the City’s Disaster Risk Reduction program, including overall grant management, as required by the Union of BC Municipalities (UBCM) for its 2024 Community Education Preparedness Fund - Disaster Risk Reduction - Climate Adaptation Grant program."
2024-09-23,Regular Council,6,Report of the General Manager Community Safety – UBCM Community Education Preparedness Fund - Disaster Risk Reduction - Climate Adaptation Grant,Main motion,Carried,9,0,0,Dennis Marsden,,In favour,In favour,In favour,In favour,In favour,In favour,In favour,In favour,In favour,Taxes & spending; Environment & climate; Public services; Governance & elections,2 of 2,,,https://coquitlam.ca.granicus.com/MinutesViewer.php?view_id=2&clip_id=2712&doc_id=7addd9e2-8520-11ef-8260-0266fc1e3079,https://coquitlam.ca.granicus.com/MediaPlayer.php?view_id=2&clip_id=2712,https://councilrecord.ca/coquitlam.html#vote/cow0zd,That the Regular Council Meeting adjourn at 7:27 p.m.
2024-10-07,Regular Council,2,Minutes of the Accessibility and Inclusion Advisory Committee Meeting on,Procedural,Carried,8,0,1,Matt Djonlic,,In favour,In favour,In favour,In favour,In favour,In favour,Absent,In favour,In favour,Public services; Governance & elections,,,,https://coquitlam.ca.granicus.com/MinutesViewer.php?view_id=2&clip_id=2729&doc_id=2d59d163-9028-11ef-8260-0266fc1e3079,https://coquitlam.ca.granicus.com/MediaPlayer.php?view_id=2&clip_id=2729,https://councilrecord.ca/coquitlam.html#vote/14e6oa0,"That the Minutes of the Accessibility and Inclusion Advisory Committee Meeting on Tuesday, September 3, 2024 be received."
2024-10-07,Regular Council,3,Minutes of the Sports and Recreation Advisory Committee Meeting on,Procedural,Carried,8,0,1,Matt Djonlic,,In favour,In favour,In favour,In favour,In favour,In favour,Absent,In favour,In favour,Parks & recreation; Governance & elections,,,,https://coquitlam.ca.granicus.com/MinutesViewer.php?view_id=2&clip_id=2729&doc_id=2d59d163-9028-11ef-8260-0266fc1e3079,https://coquitlam.ca.granicus.com/MediaPlayer.php?view_id=2&clip_id=2729,https://councilrecord.ca/coquitlam.html#vote/13223lf,"That the Minutes of the Sports and Recreation Advisory Committee Meeting on Wednesday, September 11, 2024 be received."
2024-10-07,Regular Council,4,"Minutes of the Culture Services Advisory Committee Meeting on Thursday, September 12, 2024",Procedural,Carried,8,0,1,Steve Kim,,In favour,In favour,In favour,In favour,In favour,In favour,Absent,In favour,In favour,Parks & recreation; Governance & elections,,,,https://coquitlam.ca.granicus.com/MinutesViewer.php?view_id=2&clip_id=2729&doc_id=2d59d163-9028-11ef-8260-0266fc1e3079,https://coquitlam.ca.granicus.com/MediaPlayer.php?view_id=2&clip_id=2729,https://councilrecord.ca/coquitlam.html#vote/1txct9u,"That the Minutes of the Culture Services Advisory Committee Meeting on Thursday, September 12, 2024 be received."
2024-10-07,Regular Council,5,"Report of the General Manager Planning and Development Services - Housing Agreement Bylaw No. 5403, 2024 at 589 and 593 Westley Avenue, 648 and 650 Gardena Drive and 584, 588, 592 and 596 Kemsley Avenue – Oakdale Limited Partnership (Strand Development) (PROJ 21-167)",Main motion,Carried,8,0,1,Brent Asmundson,,In favour,In favour,In favour,In favour,In favour,In favour,Absent,In favour,In favour,Housing & density,,,,https://coquitlam.ca.granicus.com/MinutesViewer.php?view_id=2&clip_id=2729&doc_id=2d59d163-9028-11ef-8260-0266fc1e3079,https://coquitlam.ca.granicus.com/MediaPlayer.php?view_id=2&clip_id=2729,https://councilrecord.ca/coquitlam.html#vote/1677vhw,"That Council give first, second, and third readings to Housing Agreement Bylaw No. 5403, 2024."
2024-10-07,Regular Council,6,"Report of the Director Development Services - Third Reading Extension of Development Application at 647, 651 and 655 Harrison Avenue – Forte Living Corporation (PROJ 21-106) Discussion ensued relative to concerns related to the delay in this project and if this application could be revised by the applicant and brought forward under the new provincial framework.",Main motion,Carried,7,0,2,Trish Mandewo,,In favour,In favour,In favour,In favour,In favour,In favour,Absent,Absent,In favour,Development,,,,https://coquitlam.ca.granicus.com/MinutesViewer.php?view_id=2&clip_id=2729&doc_id=2d59d163-9028-11ef-8260-0266fc1e3079,https://coquitlam.ca.granicus.com/MediaPlayer.php?view_id=2&clip_id=2729,https://councilrecord.ca/coquitlam.html#vote/11axir1,"That Council extend Third Reading of Zoning Amendment Bylaw No. 5269, 2022 for an additional 12-month period to November 21, 2025."
2024-10-07,Regular Council,7,Report of the Deputy Chief Administrative Officer – Appointment of the Municipal Auditor,Main motion,Carried,8,0,1,Trish Mandewo,,In favour,In favour,In favour,In favour,In favour,In favour,Absent,In favour,In favour,Taxes & spending; Governance & elections,1 of 2,,,https://coquitlam.ca.granicus.com/MinutesViewer.php?view_id=2&clip_id=2729&doc_id=2d59d163-9028-11ef-8260-0266fc1e3079,https://coquitlam.ca.granicus.com/MediaPlayer.php?view_id=2&clip_id=2729,https://councilrecord.ca/coquitlam.html#vote/11n67zw,"That Council appoint KPMG as the Municipal Auditor, to provide audit services for the City of Coquitlam for an initial two-year term from 2024 through 2026, with the option to renew the contract for additional one-year terms, subject to mutual agreement, up to 2029."
2024-10-07,Regular Council,7,Report of the Deputy Chief Administrative Officer – Appointment of the Municipal Auditor,Main motion,Carried,8,0,1,Craig Hodge,,In favour,In favour,In favour,In favour,In favour,In favour,Absent,In favour,In favour,Taxes & spending; Governance & elections,2 of 2,,,https://coquitlam.ca.granicus.com/MinutesViewer.php?view_id=2&clip_id=2729&doc_id=2d59d163-9028-11ef-8260-0266fc1e3079,https://coquitlam.ca.granicus.com/MediaPlayer.php?view_id=2&clip_id=2729,https://councilrecord.ca/coquitlam.html#vote/s68m05,That the Regular Council Meeting adjourn at 7:24 p.m.
2024-10-21,Regular Council,2,"Minutes of the Sustainability and Environmental Advisory Committee Meeting on Tuesday, September 24, 2024",Procedural,Carried,8,0,1,Robert Mazzarolo,,Absent,In favour,In favour,In favour,In favour,In favour,In favour,In favour,In favour,Environment & climate; Public services; Governance & elections,,,,https://coquitlam.ca.granicus.com/MinutesViewer.php?view_id=2&clip_id=2733&doc_id=3ed89304-a6ab-11ef-8260-0266fc1e3079,https://coquitlam.ca.granicus.com/MediaPlayer.php?view_id=2&clip_id=2733,https://councilrecord.ca/coquitlam.html#vote/1rhzrfr,"That the Minutes of the Sustainability and Environmental Advisory Committee Meeting on Tuesday, September 24, 2024 be received."
2024-10-21,Regular Council,3,"Minutes of the Community Safety Advisory Committee Meeting on Thursday, September 26, 2024",Procedural,Carried,8,0,1,Teri Towner,,Absent,In favour,In favour,In favour,In favour,In favour,In favour,In favour,In favour,Public services; Governance & elections,,,,https://coquitlam.ca.granicus.com/MinutesViewer.php?view_id=2&clip_id=2733&doc_id=3ed89304-a6ab-11ef-8260-0266fc1e3079,https://coquitlam.ca.granicus.com/MediaPlayer.php?view_id=2&clip_id=2733,https://councilrecord.ca/coquitlam.html#vote/liyrw5,"That the Minutes of the Community Safety Advisory Committee Meeting on Thursday, September 26, 2024 be received."
2024-10-21,Regular Council,4,"Report of the Director Development Services - Development Application at 619, 623, 627 Alderson Avenue, 626, 628 Grayson Avenue, and 271 Guilby Street – Quantum Properties (PROJ 23-126) Discussion ensued relative to the following:  Concerns relative to the limited number of parking stalls and family-sized units",Main motion,Carried,6,2,1,Brent Asmundson,,Absent,In favour,In favour,In favour,In favour,In favour,In favour,Against,Against,Development; Transportation,,,,https://coquitlam.ca.granicus.com/MinutesViewer.php?view_id=2&clip_id=2733&doc_id=3ed89304-a6ab-11ef-8260-0266fc1e3079,https://coquitlam.ca.granicus.com/MediaPlayer.php?view_id=2&clip_id=2733,https://councilrecord.ca/coquitlam.html#vote/1r7vhp6,"That Council: 1. Give first, second, and third readings to Zoning Amendment Bylaw No. 5410, 2024; 2. Authorize staff to prepare Development Permit No. 23 120442 DP generally in accordance with the attached drawings (Attachment 6), which includes the following variances: a. Lot Coverage – To increase the lot coverage from 55 to 58%; and b. Setbacks – To reduce the setback requirements on the north by 0.61 m, on the east by 0.58 m, and on the west by 1.52 m (to accommodate canopy projections); 3. Give first, second, and third readings to Highway Dedication Cancellation Bylaw No. 5406, 2024; 4. Direct Highway Dedication Cancellation Bylaw No. 5406, 2024 to be advertised in accordance with the requirements of the Community Charter; and 5. Instruct staff to complete the following items prior to Council’s consideration of final adoption, should Council grant first, second, and third readings to Zoning Amendment Bylaw No. 5410, 2024: a. Submission of a fully executable subdivision plan to the satisfaction of the Approving Officer, which includes lot consolidation and road widening dedication for Vanderveen and Guilby Streets and Alderson Avenue; b. Ensure that all engineering requirements and issues including restrictive covenants, dedications and rights-of-way where necessary, are addressed to the satisfaction of the General Manager Engineering and Public Works; c. Completion of road closure process for a portion of the lane between Alderson Avenue and Grayson Avenue; d. Enter into a Purchase and Sale Agreement to the satisfaction of the City Solicitor; e. Satisfy the Transportation Demand Management measures and Traffic Impact Assessment (TIA) comments to the satisfaction of the General Manager Engineering and Public Works; f. Resolution of all urban design issues to the satisfaction of the Director Development Services; g. Other conditions as applicable; and h. Finalize, execute and deliver to the City, the following agreements in Land Title Office registrable form: i. One or more owner-maintained statutory rights-of-way in favour of the City over all public accessible spaces, including the corner seating feature at the southeast corner of the site; ii. Section 219 Restrictive Covenant to secure the delivery of Transportation Demand Management measures; and iii. Such other Land Title Office registrable agreements as may be required by the City."
2024-10-21,Regular Council,5,Report of the Director Development Services - Development Application at 564- 574 Harrison Avenue and 565-575 Kemsley Avenue and a Portion of Gardena Drive – Quantum Properties (PROJ 23-127) Discussion ensued relative to:  Concerns relative to the number of studio units included in the development plan  The desire to learn more about the environmental requirements for this project,Main motion,Carried,7,1,1,Teri Towner,,Absent,In favour,In favour,In favour,In favour,In favour,In favour,Against,In favour,Development; Environment & climate; Public services,,,,https://coquitlam.ca.granicus.com/MinutesViewer.php?view_id=2&clip_id=2733&doc_id=3ed89304-a6ab-11ef-8260-0266fc1e3079,https://coquitlam.ca.granicus.com/MediaPlayer.php?view_id=2&clip_id=2733,https://councilrecord.ca/coquitlam.html#vote/hg6dub,"That Council: 1. Give first, second, and third readings to Zoning Amendment Bylaw No. 5399, 2024; 2. Authorize staff to prepare Development Permit No. 23 118783 DP generally in accordance with the attached drawings (Attachment 6), which includes a variance to increase the lot coverage from 55 to 62%; 3. Give first, second and third readings to Highway Dedication Cancellation Bylaw No. 5400, 2024; 4. Direct Highway Dedication Cancellation Bylaw No. 5400, 2024 to be advertised in accordance with the requirements of the Community Charter 5. Instruct staff to complete the following items prior to Council’s consideration of final reading, should Council grant first, second and third readings to Zoning Amendment Bylaw No. 5399, 2024: a. Submission of a fully executable subdivision plan to the satisfaction of the Approving Officer, which includes lot consolidation and road dedications for Harrison Avenue, Gardena Drive and the cul-de-sac; b. Ensure that all engineering requirements and issues including restrictive covenants, dedications and rights-of-way where necessary, are addressed to the satisfaction of the General Manager Engineering and Public Works; c. Completion of road closure process for a portion of Gardena Drive; d. Enter into a Purchase and Sale Agreement to the satisfaction of the City Solicitor; e. Satisfy the Transportation Demand Management measures and Traffic Impact Assessment (TIA) comments to the satisfaction of the General Manager Engineering and Public Works; f. Resolution of all urban design issues to the satisfaction of the Director Development Services; g. Finalize Watercourse Protection Development Permit (23 118810 DP) to the satisfaction of Environmental Services; h. Other conditions as applicable; and i. Finalize, execute and deliver to the City, the following agreements in Land Title Office registrable form: i. One or more owner-maintained statutory rights-of-way in favour of the City over all public accessible spaces, including the corner seating feature at the southeast corner of the site; ii. Section 219 Restrictive Covenant to secure the delivery of Transportation Demand Management measures; and iii. Such other Land Title Office registrable agreements as may be required by the City."
2024-10-21,Regular Council,6,"Report of the Director Development Services - Development Application at 3655, 3659 and 3665 Crouch Avenue – Double Kappa Holdings Ltd. (Wesbild) (PROJ 22- 090) Discussion ensued relative to the desire to establish more childcare facilities on Burke Mountain.",Main motion,Carried,8,0,1,Craig Hodge,,Absent,In favour,In favour,In favour,In favour,In favour,In favour,In favour,In favour,Housing & density; Development; Public services,1 of 2,,,https://coquitlam.ca.granicus.com/MinutesViewer.php?view_id=2&clip_id=2733&doc_id=3ed89304-a6ab-11ef-8260-0266fc1e3079,https://coquitlam.ca.granicus.com/MediaPlayer.php?view_id=2&clip_id=2733,https://councilrecord.ca/coquitlam.html#vote/64tufb,"That Council: 1. Give first reading to Citywide Official Community Plan Amendment Bylaw No. 5374, 2024; 2. In accordance with the Local Government Act, consider Bylaw No. 5374, 2024, in conjunction with 2024 Five Year Financial Plan Bylaw No. 5356, 2023, Housing Needs Report and the Regional Solid Waste Management Plan; 3. Give first reading to Zoning Amendment Bylaw No. 5375, 2024; 4. Refer Bylaw Nos. 5374, 2024 and 5375, 2024 to Public Hearing; 5. Give first, second, and third readings to Highway Dedication Cancellation Bylaw No. 5378, 2024; 6. Direct Highway Dedication Cancellation Bylaw No. 5378, 2024 to be advertised in accordance with the requirements of the Community Charter; and 7. Instruct staff to complete the following items prior to Council’s consideration of final adoption, should Council grant second and third readings to Citywide Official Community Plan Amendment Bylaw No. 5374, 2024 and Zoning Amendment Bylaw No. 5375, 2024; a. Submission of a subdivision plan to the satisfaction of the Approving Officer; b. Completion of road closure process for an approximate 300.3 square metre (3,232 square feet) road which is to be consolidated as part of the subject site; c. Ensure that all engineering requirements and issues including restrictive covenants, dedications and rights-of-way where necessary, and to the physical construction of lot grading, retaining structure, and associated erosion and drainage control measures, are addressed to the satisfaction of the General Manager Engineering and Public Works; d. Resolution of all urban design issues to the satisfaction of the Director Development Services; e. Finalize Wildfire Interface Risk Management Development Permit No. 23 116844 DP to the satisfaction of the Fire Chief; f. Finalize Watercourse Protection Development Permit No. 22 115159 DP to the satisfaction of Environmental Services; g. Transfer of title to the City, the SPEA for environmental protection purposes; and h. Finalize, execute and deliver to the City, the following agreements in Land Title Office registrable form: i. One or more owner-maintained statutory rights-of-way in favour of the City over all publically accessible trails and spaces; ii. Section 219 ‘No Build’ Covenant to ensure all lands transferred to the City as part the SPEA will be undevelopable or on the lands within three metres shared with the SPEA Parcels; iii. Section 219 ‘No Build’ Covenant to ensure the subject site is developed in accordance with the building design and landscaping drawings recommendations contained in the report entitled “Wildfire Management Plan” by Diamond Head Consulting dated September 8, 2023 or as may be amended; iv. Section 219 restrictive covenant to ensure the subject site is developed in accordance with the recommendations contained in the memorandum entitled “Preliminary Slope Hazard Assessment” by Thurber Engineering Ltd., dated January 12, 2023 or as may be amended; v. Section 219 Restrictive Covenant to ensure that tree removal, protection and replacement proceeds in accordance with the recommendations of the report entitled “Tree Retention Potential Assessment” by Diamond Head Consulting dated June 27, 2022 or as may be amended; and vi. Such other Land Title Office registrable agreements as may be required by the City."
2024-10-21,Regular Council,6,"Report of the Director Development Services - Development Application at 3655, 3659 and 3665 Crouch Avenue – Double Kappa Holdings Ltd. (Wesbild) (PROJ 22- 090) Discussion ensued relative to the desire to establish more childcare facilities on Burke Mountain.",Main motion,Carried,8,0,1,Trish Mandewo,,Absent,In favour,In favour,In favour,In favour,In favour,In favour,In favour,In favour,Public services,2 of 2,,,https://coquitlam.ca.granicus.com/MinutesViewer.php?view_id=2&clip_id=2733&doc_id=3ed89304-a6ab-11ef-8260-0266fc1e3079,https://coquitlam.ca.granicus.com/MediaPlayer.php?view_id=2&clip_id=2733,https://councilrecord.ca/coquitlam.html#vote/105hcq8,That the Regular Council Meeting adjourn at 7:43 p.m.
2024-11-18,Regular Council,2,Minutes of the Economic Development Advisory Committee Meeting held on,Procedural,Carried,8,0,1,Trish Mandewo,,Absent,In favour,In favour,In favour,In favour,In favour,In favour,In favour,In favour,Environment & climate; Public services; Business & economy; Governance & elections,1 of 2,,,https://coquitlam.ca.granicus.com/MinutesViewer.php?view_id=2&clip_id=2764&doc_id=48bd2be2-b12d-11ef-8260-0266fc1e3079,https://coquitlam.ca.granicus.com/MediaPlayer.php?view_id=2&clip_id=2764,https://councilrecord.ca/coquitlam.html#vote/17ce03j,"That the Minutes of the Sustainability and Environmental Advisory Committee Meeting on Tuesday, September 24, 2024 be received."
2024-11-18,Regular Council,3,"Citywide Official Community Plan Amendment Bylaw No. 5374, 2024 and Zoning Amendment Bylaw No. 5375, 2024 – 3655, 3659 and 3665 Crouch Avenue",Main motion,Carried,8,0,1,Dennis Marsden,,Absent,In favour,In favour,In favour,In favour,In favour,In favour,In favour,In favour,Housing & density; Development,,,,https://coquitlam.ca.granicus.com/MinutesViewer.php?view_id=2&clip_id=2764&doc_id=48bd2be2-b12d-11ef-8260-0266fc1e3079,https://coquitlam.ca.granicus.com/MediaPlayer.php?view_id=2&clip_id=2764,https://councilrecord.ca/coquitlam.html#vote/1ui6ugz,"That Council give second and third readings to Citywide Official Community Plan Amendment Bylaw No. 5374, 2024 and Zoning Amendment Bylaw No. 5375, 2024."
2024-11-18,Regular Council,2,"Dan Schmidt, Coquitlam, BC",Main motion,Carried,8,0,1,Dennis Marsden,,Absent,In favour,In favour,In favour,In favour,In favour,In favour,In favour,In favour,Development,2 of 2,,,https://coquitlam.ca.granicus.com/MinutesViewer.php?view_id=2&clip_id=2764&doc_id=48bd2be2-b12d-11ef-8260-0266fc1e3079,https://coquitlam.ca.granicus.com/MediaPlayer.php?view_id=2&clip_id=2764,https://councilrecord.ca/coquitlam.html#vote/kb8e05,That Council approve the signing and sealing of Temporary Use Permit Nos. 24 116040 TU and 24 116048 TU and authorize the Mayor and Corporate Officer to execute these permits on behalf of the City of Coquitlam.
2024-11-18,Regular Council,5,"Report of the Director Development Services – Housekeeping Amendments to Housing Agreement Bylaw No. 5372, 2024 at 820 and 826 Dogwood Street, 615 and 617 Lea Place, and 633 Lea Avenue – West Fraser Dogwood Developments Ltd. (PROJ 21-145)",Main motion,Carried,8,0,1,Trish Mandewo,,Absent,In favour,In favour,In favour,In favour,In favour,In favour,In favour,In favour,Housing & density; Governance & elections,,,,https://coquitlam.ca.granicus.com/MinutesViewer.php?view_id=2&clip_id=2764&doc_id=48bd2be2-b12d-11ef-8260-0266fc1e3079,https://coquitlam.ca.granicus.com/MediaPlayer.php?view_id=2&clip_id=2764,https://councilrecord.ca/coquitlam.html#vote/1u3m6nr,"That Council: 1. Rescind first, second, and third readings of Housing Agreement Bylaw No. 5372, 2024; and 2. Give first, second, and third readings to revised Housing Agreement Bylaw No. 5372, 2024."
2024-11-18,Regular Council,6,"Report of the General Manager Engineering and Public Works - Residential Water Metering – New Construction Discussion ensued relative to the proposed Bylaw amendments and included:  The impacts of the split plan water metering, and the exploration of options for those interested in transitioning to water metering.  Communicating the upcoming changes to residents.",Main motion,Carried,8,0,1,Matt Djonlic,,Absent,In favour,In favour,In favour,In favour,In favour,In favour,In favour,In favour,Housing & density; Transportation; Public services,,,,https://coquitlam.ca.granicus.com/MinutesViewer.php?view_id=2&clip_id=2764&doc_id=48bd2be2-b12d-11ef-8260-0266fc1e3079,https://coquitlam.ca.granicus.com/MediaPlayer.php?view_id=2&clip_id=2764,https://councilrecord.ca/coquitlam.html#vote/fwl0ym,"That Council give first, second, and third readings to the Water Distribution Amending Bylaw No. 5423, 2024."
2024-11-18,Regular Council,7,"Report of the Deputy Chief Administrative Officer - 2025 Council Member Appointments to Advisory Committees, Statutory Entities and External Bodies",Main motion,Carried,8,0,1,Brent Asmundson,,Absent,In favour,In favour,In favour,In favour,In favour,In favour,In favour,In favour,Governance & elections,,,,https://coquitlam.ca.granicus.com/MinutesViewer.php?view_id=2&clip_id=2764&doc_id=48bd2be2-b12d-11ef-8260-0266fc1e3079,https://coquitlam.ca.granicus.com/MediaPlayer.php?view_id=2&clip_id=2764,https://councilrecord.ca/coquitlam.html#vote/1j5wwl0,"That Council ratify the 2025 Council member appointments to the City of Coquitlam advisory committees, statutory entities and external bodies as set out in Attachment 1 of the report of the Deputy Chief Administrative Officer dated November 8, 2024 and entitled “2025 Council Member Appointments to Advisory Committees, Statutory Entities and External Bodies”."
2024-11-18,Regular Council,8,Report of the Deputy Chief Administrative Officer - 2024-2025 Metro Vancouver Board Appointments and Standing Committee Nominations,Main motion,Carried,8,0,1,Brent Asmundson,,Absent,In favour,In favour,In favour,In favour,In favour,In favour,In favour,In favour,Governance & elections,,,,https://coquitlam.ca.granicus.com/MinutesViewer.php?view_id=2&clip_id=2764&doc_id=48bd2be2-b12d-11ef-8260-0266fc1e3079,https://coquitlam.ca.granicus.com/MediaPlayer.php?view_id=2&clip_id=2764,https://councilrecord.ca/coquitlam.html#vote/1dsv7hh,"That Council: 1. Approve the following appointments to the Metro Vancouver Board of Directors:  Councillor Craig Hodge (4 votes) Alternates: Councillor Steve Kim / Mayor Richard Stewart  Councillor Teri Towner (4 votes) Alternates: Mayor Richard Stewart / Councillor Steve Kim 2. Direct staff to communicate to Metro Vancouver that the City of Coquitlam, having considered individual Council members’ interests, availability and commitment to the work being undertaken by the standing committees and task forces of the Metro Vancouver Board, advances the following identified members of Council, as listed below, who have expressed interest in serving on the following bodies of the Metro Vancouver Board in 2024-2025:  Climate Action Committee – Councillor Dennis Marsden  Electoral Area Committee – Councillor Trish Mandewo  Finance Committee – Councillor Dennis Marsden  Flood Resiliency Committee – Councillor Matt Djonlic  Housing Committee – Councillor Teri Towner  Indigenous Relations Committee – Councillor Trish Mandewo  Invest Vancouver Management Board – Mayor Richard Stewart  Liquid Waste Committee – Councillor Steve Kim  Regional Culture Committee – Councillor Teri Towner  Regional Parks Committee – Councillor Craig Hodge  Regional Planning Committee – Councillor Craig Hodge  Water Committee – Councillor Craig Hodge  Zero Waste Committee – Councillor Craig Hodge"
2024-11-18,Regular Council,9,"Metro Vancouver Board in Brief (November 1, 2024) – Metro Vancouver Board Representatives Available to Respond to Questions There was no discussion relative to this item. OTHER BUSINESS NEXT MEETING DATE – December 2, 2024 ADJOURNMENT",Main motion,Carried,8,0,1,Teri Towner,,Absent,In favour,In favour,In favour,In favour,In favour,In favour,In favour,In favour,Business & economy; Governance & elections,,,,https://coquitlam.ca.granicus.com/MinutesViewer.php?view_id=2&clip_id=2764&doc_id=48bd2be2-b12d-11ef-8260-0266fc1e3079,https://coquitlam.ca.granicus.com/MediaPlayer.php?view_id=2&clip_id=2764,https://councilrecord.ca/coquitlam.html#vote/1xjn4pm,That the Regular Council Meeting adjourn at 8:26 p.m.
2024-12-02,Regular Council,3,Minutes of the Accessibility and Inclusion Advisory Committee meeting held on,Procedural,Carried,9,0,0,Matt Djonlic,,In favour,In favour,In favour,In favour,In favour,In favour,In favour,In favour,In favour,Public services; Governance & elections,,,,https://coquitlam.ca.granicus.com/MinutesViewer.php?view_id=2&clip_id=2777&doc_id=223ad21f-b720-11ef-8260-0266fc1e3079,https://coquitlam.ca.granicus.com/MediaPlayer.php?view_id=2&clip_id=2777,https://councilrecord.ca/coquitlam.html#vote/15hvkjg,"That the minutes of the Accessibility and Inclusion Advisory Committee Meeting on Tuesday November 5, 2024 be received."
2024-12-02,Regular Council,4,"Minutes of the Finance Standing Committee meeting held on Tuesday, November 12, 2024",Procedural,Carried,9,0,0,Dennis Marsden,,In favour,In favour,In favour,In favour,In favour,In favour,In favour,In favour,In favour,Governance & elections,,,,https://coquitlam.ca.granicus.com/MinutesViewer.php?view_id=2&clip_id=2777&doc_id=223ad21f-b720-11ef-8260-0266fc1e3079,https://coquitlam.ca.granicus.com/MediaPlayer.php?view_id=2&clip_id=2777,https://councilrecord.ca/coquitlam.html#vote/1bjuzd,"That the minutes of the Finance Standing Committee meeting held on Tuesday, November 12, 2024 be received."
2024-12-02,Regular Council,6,Report of the Deputy Chief Administrative Officer - 2025-2029 Financial Plan Bylaw,Main motion,Carried,9,0,0,Brent Asmundson,,In favour,In favour,In favour,In favour,In favour,In favour,In favour,In favour,In favour,Taxes & spending,,,,https://coquitlam.ca.granicus.com/MinutesViewer.php?view_id=2&clip_id=2777&doc_id=223ad21f-b720-11ef-8260-0266fc1e3079,https://coquitlam.ca.granicus.com/MediaPlayer.php?view_id=2&clip_id=2777,https://councilrecord.ca/coquitlam.html#vote/379375,"That Council: 1. Give first, second and third readings to 2025-2029 Financial Plan Bylaw 5428, 2024; and 2. Approve the Development Stabilization Policy included in Attachment 6 of the report of the Deputy Chief Administrative Officer entitled “2025-2029 Financial Plan Bylaw”."
2024-12-02,Regular Council,7,"Report of the Deputy Chief Administrative Officer - 2025 Fees and Charges Bylaw No. 5421, 2024",Main motion,Carried,9,0,0,Trish Mandewo,,In favour,In favour,In favour,In favour,In favour,In favour,In favour,In favour,In favour,Taxes & spending,,,,https://coquitlam.ca.granicus.com/MinutesViewer.php?view_id=2&clip_id=2777&doc_id=223ad21f-b720-11ef-8260-0266fc1e3079,https://coquitlam.ca.granicus.com/MediaPlayer.php?view_id=2&clip_id=2777,https://councilrecord.ca/coquitlam.html#vote/k4xsni,"That Council give first, second and third readings to the 2025 Fees and Charges Bylaw No. 5421, 2024."
2024-12-02,Regular Council,8,"Report of the Deputy Chief Administrative Officer and the General Manager Engineering and Public Works - 2025 Water, Sewer, Drainage, and Solid Waste Rate Amendments",Main motion,Carried,9,0,0,Steve Kim,,In favour,In favour,In favour,In favour,In favour,In favour,In favour,In favour,In favour,Public services,,,,https://coquitlam.ca.granicus.com/MinutesViewer.php?view_id=2&clip_id=2777&doc_id=223ad21f-b720-11ef-8260-0266fc1e3079,https://coquitlam.ca.granicus.com/MediaPlayer.php?view_id=2&clip_id=2777,https://councilrecord.ca/coquitlam.html#vote/uegn17,"That Council: 1. Give first, second and third readings to the Water Distribution Amending Bylaw No. 5424, 2024; 2. Give first, second and third readings to the Sewer and Drainage Amending Bylaw No. 5425, 2024; and 3. Give first, second and third readings to Solid Waste Management Amending Bylaw No. 5427, 2024."
2024-12-02,Regular Council,9,Report of the General Manager Corporate Services – 2025 Business Plan,Main motion,Carried,9,0,0,Brent Asmundson,,In favour,In favour,In favour,In favour,In favour,In favour,In favour,In favour,In favour,Business & economy,,,,https://coquitlam.ca.granicus.com/MinutesViewer.php?view_id=2&clip_id=2777&doc_id=223ad21f-b720-11ef-8260-0266fc1e3079,https://coquitlam.ca.granicus.com/MediaPlayer.php?view_id=2&clip_id=2777,https://councilrecord.ca/coquitlam.html#vote/1m8cxza,"That Council approve the draft 2025 Business Plan identified as Attachment 1 of the report of the General Manager Corporate Services dated November 25, 2024 and entitled “2025 Business Plan.”"
2024-12-02,Regular Council,10,Report of the Director Development Services - Development Application at 58- 78 Kong Court – Beedie Living (PROJ 24-052) Discussion ensued relative to the number of childcare spaces projected as part of the development agreement and a desire to see more spaces established.,Main motion,Carried,9,0,0,Craig Hodge,,In favour,In favour,In favour,In favour,In favour,In favour,In favour,In favour,In favour,Development; Public services,,,,https://coquitlam.ca.granicus.com/MinutesViewer.php?view_id=2&clip_id=2777&doc_id=223ad21f-b720-11ef-8260-0266fc1e3079,https://coquitlam.ca.granicus.com/MediaPlayer.php?view_id=2&clip_id=2777,https://councilrecord.ca/coquitlam.html#vote/bltfjr,That Council approve the signing and sealing of Development Permit No. 24 105973 DP and authorize the Mayor and Corporate Officer to execute this Permit on behalf of the City of Coquitlam.
2024-12-02,Regular Council,11,Report of the Director Development Services - Final Approval of Development Application at 591-611 Harrison Avenue and a Lane – Domus Projects Ltd. (PROJ 21-179),Main motion,Carried,8,1,0,Teri Towner,,In favour,In favour,In favour,In favour,In favour,In favour,In favour,Against,In favour,Development; Transportation,,,,https://coquitlam.ca.granicus.com/MinutesViewer.php?view_id=2&clip_id=2777&doc_id=223ad21f-b720-11ef-8260-0266fc1e3079,https://coquitlam.ca.granicus.com/MediaPlayer.php?view_id=2&clip_id=2777,https://councilrecord.ca/coquitlam.html#vote/1yps0r5,"That Council: 1. Adopt Zoning Amendment Bylaw No. 5264, 2023; 2. Adopt Highway Dedication Cancellation Bylaw No. 5265, 2023; and 3. Approve the signing and sealing of Development Permit No. 21 120131 DP and that the Mayor and Corporate Officer be authorized to execute this Permit on behalf of the City of Coquitlam."
2024-12-02,Regular Council,12,"Report of the Director Development Services - Housing Agreement Bylaw No. 5405, 2024 at 508 Clarke Road – Ledingham McAllister (PROJ 17-037) In response to a question from Council, the General Manager Planning and Development clarified that the terminology within the report has been updated from “non-market housing” to “below market housing” but that the rental type has not changed from the original housing agreement in 2019.",Main motion,Carried,9,0,0,Brent Asmundson,,In favour,In favour,In favour,In favour,In favour,In favour,In favour,In favour,In favour,Housing & density,,,,https://coquitlam.ca.granicus.com/MinutesViewer.php?view_id=2&clip_id=2777&doc_id=223ad21f-b720-11ef-8260-0266fc1e3079,https://coquitlam.ca.granicus.com/MediaPlayer.php?view_id=2&clip_id=2777,https://councilrecord.ca/coquitlam.html#vote/gfjukg,"That Council: 1. Repeal Housing Agreement Bylaw No. 4964, 2019; and 2. Give first, second, and third readings to Housing Agreement Bylaw No. 5405, 2024."
2024-12-02,Regular Council,13,"Report of the General Manager Parks, Recreation, Culture and Facilities - Green and Inclusive Community Buildings Grant Application – Northeast Community Centre",Main motion,Carried,9,0,0,Teri Towner,,In favour,In favour,In favour,In favour,In favour,In favour,In favour,In favour,In favour,Taxes & spending; Parks & recreation,,,,https://coquitlam.ca.granicus.com/MinutesViewer.php?view_id=2&clip_id=2777&doc_id=223ad21f-b720-11ef-8260-0266fc1e3079,https://coquitlam.ca.granicus.com/MediaPlayer.php?view_id=2&clip_id=2777,https://councilrecord.ca/coquitlam.html#vote/ipvw1s,"That Council endorse the City of Coquitlam’s application to the Green and Inclusive Community Buildings Program, as outlined in the report of the General Manager Parks, Recreation, Culture and Facilities dated November 25, 2024 and entitled “Green and Inclusive Community Buildings Grant Application – Northeast Community Centre”."
2024-12-02,Regular Council,14,"Report of the Corporate Officer - Final Adoption of Water Distribution Amendment Bylaw No. 5423, 2024.",Main motion,Carried,9,0,0,Craig Hodge,,In favour,In favour,In favour,In favour,In favour,In favour,In favour,In favour,In favour,Public services,1 of 2,,,https://coquitlam.ca.granicus.com/MinutesViewer.php?view_id=2&clip_id=2777&doc_id=223ad21f-b720-11ef-8260-0266fc1e3079,https://coquitlam.ca.granicus.com/MediaPlayer.php?view_id=2&clip_id=2777,https://councilrecord.ca/coquitlam.html#vote/b6pfcx,"That Council adopt Water Distribution Amendment Bylaw No. 5423, 2024."
2024-12-02,Regular Council,14,"Report of the Corporate Officer - Final Adoption of Water Distribution Amendment Bylaw No. 5423, 2024.",Main motion,Carried,9,0,0,Teri Towner,,In favour,In favour,In favour,In favour,In favour,In favour,In favour,In favour,In favour,Public services,2 of 2,,,https://coquitlam.ca.granicus.com/MinutesViewer.php?view_id=2&clip_id=2777&doc_id=223ad21f-b720-11ef-8260-0266fc1e3079,https://coquitlam.ca.granicus.com/MediaPlayer.php?view_id=2&clip_id=2777,https://councilrecord.ca/coquitlam.html#vote/1nf7fld,That the Regular Council Meeting adjourn at 7:28 p.m.
2024-12-09,Regular Council,2,Minutes of the Sports and Recreation Advisory Committee Meeting held on,Procedural,Carried,9,0,0,Matt Djonlic,,In favour,In favour,In favour,In favour,In favour,In favour,In favour,In favour,In favour,Parks & recreation; Governance & elections,,,,https://coquitlam.ca.granicus.com/MinutesViewer.php?view_id=2&clip_id=2782&doc_id=8f394c44-d293-11ef-8260-0266fc1e3079,https://coquitlam.ca.granicus.com/MediaPlayer.php?view_id=2&clip_id=2782,https://councilrecord.ca/coquitlam.html#vote/vu517i,"That the Minutes of the Sports and Recreation Advisory Committee Meeting held on Wednesday, November 13, 2024 be received."
2024-12-09,Regular Council,3,"Minutes of the Multiculturalism Advisory Committee Meeting held on Wednesday November 20, 2024",Procedural,Carried,9,0,0,Robert Mazzarolo,,In favour,In favour,In favour,In favour,In favour,In favour,In favour,In favour,In favour,Governance & elections,,,,https://coquitlam.ca.granicus.com/MinutesViewer.php?view_id=2&clip_id=2782&doc_id=8f394c44-d293-11ef-8260-0266fc1e3079,https://coquitlam.ca.granicus.com/MediaPlayer.php?view_id=2&clip_id=2782,https://councilrecord.ca/coquitlam.html#vote/1op1w41,"That the Minutes of the Multiculturalism Advisory Committee Meeting held on Wednesday November 20, 2024 be received."
2024-12-09,Regular Council,4,"Minutes of the Sustainability and Environmental Advisory Committee Meeting held on Tuesday November 26, 2024",Procedural,Carried,9,0,0,Robert Mazzarolo,,In favour,In favour,In favour,In favour,In favour,In favour,In favour,In favour,In favour,Environment & climate; Public services; Governance & elections,,,,https://coquitlam.ca.granicus.com/MinutesViewer.php?view_id=2&clip_id=2782&doc_id=8f394c44-d293-11ef-8260-0266fc1e3079,https://coquitlam.ca.granicus.com/MediaPlayer.php?view_id=2&clip_id=2782,https://councilrecord.ca/coquitlam.html#vote/1bh9iid,"That the Minutes of the Sustainability and Environmental Advisory Committee Meeting held on Tuesday November 26, 2024 be received."
2024-12-09,Regular Council,5,"Minutes of the Community Safety Advisory Committee Meeting held on Thursday November 28, 2024",Procedural,Carried,9,0,0,Teri Towner,,In favour,In favour,In favour,In favour,In favour,In favour,In favour,In favour,In favour,Public services; Governance & elections,1 of 2,,,https://coquitlam.ca.granicus.com/MinutesViewer.php?view_id=2&clip_id=2782&doc_id=8f394c44-d293-11ef-8260-0266fc1e3079,https://coquitlam.ca.granicus.com/MediaPlayer.php?view_id=2&clip_id=2782,https://councilrecord.ca/coquitlam.html#vote/1ayxanm,"That the Minutes of the Community Safety Advisory Committee Meeting held on Thursday November 28, 2024 be received."
2024-12-09,Regular Council,5,"Minutes of the Community Safety Advisory Committee Meeting held on Thursday November 28, 2024",Main motion,Carried,9,0,0,Teri Towner,,In favour,In favour,In favour,In favour,In favour,In favour,In favour,In favour,In favour,Public services; Governance & elections,2 of 2,,,https://coquitlam.ca.granicus.com/MinutesViewer.php?view_id=2&clip_id=2782&doc_id=8f394c44-d293-11ef-8260-0266fc1e3079,https://coquitlam.ca.granicus.com/MediaPlayer.php?view_id=2&clip_id=2782,https://councilrecord.ca/coquitlam.html#vote/101x4c0,"That Council refer the following to staff for follow up: 1. Review graffiti reduction related bylaws from other jurisdictions; and 2. if the review identifies additional measures that could effectively reduce graffiti in the community, bring forward amendments to incorporate those measures into City of Coquitlam Unsightly Premises Bylaw No. 3213, 1998 for Council consideration."
2024-12-09,Regular Council,6,"Report of the Corporate Officer - Final Adoption of 2025-2029 Financial Plan Bylaw No. 5428, 2024",Main motion,Carried,9,0,0,Trish Mandewo,,In favour,In favour,In favour,In favour,In favour,In favour,In favour,In favour,In favour,Taxes & spending,,,,https://coquitlam.ca.granicus.com/MinutesViewer.php?view_id=2&clip_id=2782&doc_id=8f394c44-d293-11ef-8260-0266fc1e3079,https://coquitlam.ca.granicus.com/MediaPlayer.php?view_id=2&clip_id=2782,https://councilrecord.ca/coquitlam.html#vote/1byacs2,"That Council adopt 2025-2029 Financial Plan Bylaw No. 5428, 2024."
2024-12-09,Regular Council,7,"Report of the Corporate Officer- Final Adoption of Bylaws Related to 2025 Water, Sewage, Drainage, and Solid Waste Rate Amendments",Main motion,Carried,9,0,0,Brent Asmundson,,In favour,In favour,In favour,In favour,In favour,In favour,In favour,In favour,In favour,Public services,,,,https://coquitlam.ca.granicus.com/MinutesViewer.php?view_id=2&clip_id=2782&doc_id=8f394c44-d293-11ef-8260-0266fc1e3079,https://coquitlam.ca.granicus.com/MediaPlayer.php?view_id=2&clip_id=2782,https://councilrecord.ca/coquitlam.html#vote/u03ogq,"That Council: 1. Adopt Water Distribution Amendment Bylaw No. 5424, 2024; 2. Adopt Sewer and Drainage Amendment Bylaw No. 5425, 2024; and 3. Adopt Solid Waste Management Amendment Bylaw No. 5427, 2024."
2024-12-09,Regular Council,8,"Report of the of the Corporate Officer - Final Adoption of 2025 Fees and Charges Bylaw No. 5421, 2024",Main motion,Carried,9,0,0,Trish Mandewo,,In favour,In favour,In favour,In favour,In favour,In favour,In favour,In favour,In favour,Taxes & spending,,,,https://coquitlam.ca.granicus.com/MinutesViewer.php?view_id=2&clip_id=2782&doc_id=8f394c44-d293-11ef-8260-0266fc1e3079,https://coquitlam.ca.granicus.com/MediaPlayer.php?view_id=2&clip_id=2782,https://councilrecord.ca/coquitlam.html#vote/sqtzwu,"That Council adopt 2025 Fees and Charges Bylaw No. 5421, 2024."
2024-12-09,Regular Council,9,"Report of the General Manager Parks, Recreation Culture and Facilities – Draft Library Services and Spaces Strategy (Presentation by the Project Manager - Facility and Parks Planning) Discussion ensued relative to the following:  Next steps if the proposed strategy is adopted by Council.  If the proposed Burquitlam library programming will take into account and",Main motion,Carried,9,0,0,Dennis Marsden,,In favour,In favour,In favour,In favour,In favour,In favour,In favour,In favour,In favour,Parks & recreation,,,,https://coquitlam.ca.granicus.com/MinutesViewer.php?view_id=2&clip_id=2782&doc_id=8f394c44-d293-11ef-8260-0266fc1e3079,https://coquitlam.ca.granicus.com/MediaPlayer.php?view_id=2&clip_id=2782,https://councilrecord.ca/coquitlam.html#vote/p896g5,"That Council approve the final draft Library Services and Spaces Strategy as the final Strategy, incorporating any changes directed by Council."
2024-12-09,Regular Council,10,"Report of the Director Development Services - Final Approval of Development Application at 820 and 826 Dogwood Street, 615 and 617 Lea Place, and 633 Lea Avenue - West Fraser Dogwood Developments Ltd. (PROJ 21-145) Discussion ensued relative to the following:  Including more quantitative details in the attached report.  Whether the amount of trees on site will be changed along with the increase",Main motion,Carried,9,0,0,Brent Asmundson,,In favour,In favour,In favour,In favour,In favour,In favour,In favour,In favour,In favour,Housing & density; Development; Environment & climate,,,,https://coquitlam.ca.granicus.com/MinutesViewer.php?view_id=2&clip_id=2782&doc_id=8f394c44-d293-11ef-8260-0266fc1e3079,https://coquitlam.ca.granicus.com/MediaPlayer.php?view_id=2&clip_id=2782,https://councilrecord.ca/coquitlam.html#vote/192ltzq,"That Council: 1. Adopt Citywide Official Community Plan Amendment Bylaw No. 5278, 2023; 2. Adopt Zoning Amendment Bylaw No. 5277, 2023; 3. Adopt Housing Agreement Bylaw No. 5372, 2024; and 4. Approve the signing and sealing of Development Permit No. 21 117377 DP and that the Mayor and Corporate Officer be authorized to execute this Permit on behalf of the City of Coquitlam."
2024-12-09,Regular Council,11,"Report of the Director Development Services - Final Approval of Development Application at 700, 702 and 704 Delestre Avenue – Allaire Properties Inc. (PROJ 22-137)",Main motion,Carried,9,0,0,Teri Towner,,In favour,In favour,In favour,In favour,In favour,In favour,In favour,In favour,In favour,Development,,,,https://coquitlam.ca.granicus.com/MinutesViewer.php?view_id=2&clip_id=2782&doc_id=8f394c44-d293-11ef-8260-0266fc1e3079,https://coquitlam.ca.granicus.com/MediaPlayer.php?view_id=2&clip_id=2782,https://councilrecord.ca/coquitlam.html#vote/13fp819,"That Council: 1. Adopt Zoning Amendment Bylaw No. 5340, 2023; and 2. Approve the signing and sealing of Development Permit No. 22 119490 DP and authorize the Mayor and Corporate Officer to execute this Permit on behalf of the City of Coquitlam."
2024-12-09,Regular Council,12,"Report of the General Manager Planning and Development - Housing Agreement Amendment Bylaw No. 5429, 2024 at 530, 550 Cottonwood Avenue & 663, 675 Whiting Way – Concert Properties Ltd. (PROJ 22-164)",Main motion,Carried,9,0,0,Trish Mandewo,,In favour,In favour,In favour,In favour,In favour,In favour,In favour,In favour,In favour,Housing & density,,,,https://coquitlam.ca.granicus.com/MinutesViewer.php?view_id=2&clip_id=2782&doc_id=8f394c44-d293-11ef-8260-0266fc1e3079,https://coquitlam.ca.granicus.com/MediaPlayer.php?view_id=2&clip_id=2782,https://councilrecord.ca/coquitlam.html#vote/15wf9p4,"That Council: 1. Amend Housing Agreement Bylaw No. 5392, 2024; and 2. Give first, second, and third readings to Housing Agreement Amendment Bylaw No. 5429, 2024."
2024-12-09,Regular Council,13,Report of the Director Development Services - Development Application at 3622 Litchfield Avenue – Burke Mountain II LP (PROJ 23-143),Main motion,Carried,9,0,0,Dennis Marsden,,In favour,In favour,In favour,In favour,In favour,In favour,In favour,In favour,In favour,Development,,,,https://coquitlam.ca.granicus.com/MinutesViewer.php?view_id=2&clip_id=2782&doc_id=8f394c44-d293-11ef-8260-0266fc1e3079,https://coquitlam.ca.granicus.com/MediaPlayer.php?view_id=2&clip_id=2782,https://councilrecord.ca/coquitlam.html#vote/1tjf5a8,That Council approve the signing and sealing of Development Permit No. 23 118512 DP and authorize the Mayor and Corporate Officer to execute this Permit on behalf of the City of Coquitlam.
2024-12-09,Regular Council,14,Report of the Director Development Services - Development Application at 1290 Wellon Street – Polygon (PROJ 24-034),Main motion,Carried,9,0,0,Dennis Marsden,,In favour,In favour,In favour,In favour,In favour,In favour,In favour,In favour,In favour,Development,,,,https://coquitlam.ca.granicus.com/MinutesViewer.php?view_id=2&clip_id=2782&doc_id=8f394c44-d293-11ef-8260-0266fc1e3079,https://coquitlam.ca.granicus.com/MediaPlayer.php?view_id=2&clip_id=2782,https://councilrecord.ca/coquitlam.html#vote/1kfe5ll,That Council approve the signing and sealing of Development Permit No. 24 105278 DP and authorize the Mayor and Corporate Officer to execute this Permit on behalf of the City of Coquitlam.
2024-12-09,Regular Council,15,Report of the Director Development Services - Development Application at 3480 Queenston Court – Noura Homes Ltd. (PROJ 21-008) Discussion ensued relative to the desire for staff and the applicant to work collaboratively to efficiently increase housing development in the City.,Main motion,Carried,9,0,0,Craig Hodge,,In favour,In favour,In favour,In favour,In favour,In favour,In favour,In favour,In favour,Housing & density; Development,,,,https://coquitlam.ca.granicus.com/MinutesViewer.php?view_id=2&clip_id=2782&doc_id=8f394c44-d293-11ef-8260-0266fc1e3079,https://coquitlam.ca.granicus.com/MediaPlayer.php?view_id=2&clip_id=2782,https://councilrecord.ca/coquitlam.html#vote/qo22mu,"That Council: 1. Give first, second, and third readings to Zoning Amendment Bylaw No. 5422, 2024; and 2. Instruct staff to complete the following items prior to Council’s consideration of final adoption of Zoning Amendment Bylaw No. 5422, 2024: a. Submission of a fully executable subdivision plan to the satisfaction of the Approving Officer; b. Ensure that all engineering requirements and issues including restrictive covenants, dedications and rights-of-way where necessary, are addressed to the satisfaction of the General Manager Engineering and Public Works; c. Finalize Watercourse Protection Development Permit (21 111329 DP) to the satisfaction of Environmental Services; d. Transfer of title to the City, the Streamside Protection and Enhancement Area (SPEA) for park purposes; e. Other conditions as applicable; and f. Finalize, execute and deliver to the City, the following agreements in Land Title Office registrable form: i. Section 219 restrictive covenant for root protection adjacent to the SPEA, to the satisfaction of Environmental Services; ii. Section 219 covenant for each residential lot related to the maintenance of the private sanitary pumps; iii. Section 219 “building envelope” covenant on Lot 3 to preserve a portion of the southern end for yard space, to prevent the future homeowner from expanding the rear yard into the SPEA; and iv. Such other Land Title Office registrable agreements as may be required by the City."
2024-12-09,Regular Council,16,Report of the Director Development Services - Development Application at 597 Thompson Avenue – Epix Thompson BT Inc. (PROJ 22-159) Discussion ensued relative to the following:  The lots proposed for development will not negatively impact potential developments of future surrounding lots  Staff to work with the developer to minimize traffic disruption,Main motion,Carried,9,0,0,Dennis Marsden,,In favour,In favour,In favour,In favour,In favour,In favour,In favour,In favour,In favour,Development; Transportation,,,,https://coquitlam.ca.granicus.com/MinutesViewer.php?view_id=2&clip_id=2782&doc_id=8f394c44-d293-11ef-8260-0266fc1e3079,https://coquitlam.ca.granicus.com/MediaPlayer.php?view_id=2&clip_id=2782,https://councilrecord.ca/coquitlam.html#vote/gmrrvy,"That Council: 1. Give first, second, and third readings to Zoning Amendment Bylaw No. 5402, 2024; 2. Authorize staff to prepare Development Permit No. 22 122709 DP generally in accordance with the attached drawings (Attachment 6), which includes the following variance: a. Setbacks – To reduce the front lot line setback from 4.5 m to 3.1 m along the two street frontages. 3. Instruct staff to complete the following items prior to Council’s consideration of final adoption of Zoning Amendment Bylaw No. 5402, 2024: a. Submission of a fully executable subdivision plan to the satisfaction of the Approving Officer for road dedications; b. Ensure that all engineering requirements and issues including restrictive covenants, dedications and rights-of-way where necessary, are addressed to the satisfaction of the General Manager Engineering and Public Works; c. Satisfy the Transportation Demand Management measures and Traffic Impact Assessment (TIA) comments to the satisfaction of the General Manager Engineering and Public Works; d. Resolution of all urban design issues to the satisfaction of the Director Development Services; e. Other conditions as applicable; f. Finalize, execute and deliver to the City, the following agreements in Land Title Office registrable form: i. Section 219 Covenant to provide Transportation Demand Management measures; ii. A 2.5 m Statutory Right-of-Way (SRW) for utility purposes; and iii. Such other Land Title Office registrable agreements as may be required by the City."
2024-12-09,Regular Council,17,Report of the Director Development Services - Development Application at 586 Thompson Avenue – Yashpal Parmar (PROJ 22-153) Discussion ensued relative to the desire to reiterate the comments from Item 16.,Main motion,Carried,9,0,0,Trish Mandewo,,In favour,In favour,In favour,In favour,In favour,In favour,In favour,In favour,In favour,Development,,,,https://coquitlam.ca.granicus.com/MinutesViewer.php?view_id=2&clip_id=2782&doc_id=8f394c44-d293-11ef-8260-0266fc1e3079,https://coquitlam.ca.granicus.com/MediaPlayer.php?view_id=2&clip_id=2782,https://councilrecord.ca/coquitlam.html#vote/16dqtgi,"That Council: 1. Give first, second, and third readings to Zoning Amendment Bylaw No. 5382, 2024; 2. Authorize staff to prepare Development Permit No. 22 122165 DP generally in accordance with the attached drawings, which includes the following variances: a. The minimum setback from a lot line along a street to be reduced from 4.0 metres (m) (13.1 feet (ft.)) to 3.3 m (10.8 ft.); b. The minimum setback from a rear lot line to be reduced from 4.5 m (14.8 ft.) to 3.0 m (9.8 ft.); c. The maximum projection for eaves into the setback from a rear lot line to be increased from 1.5 m (4.9 ft.) to 2.4 m (7.9 ft.); d. The maximum projection for balconies into the setback from a rear lot line to be increased from 1.5 m (4.9 ft.) to 2.2 m (6.6 ft.); and e. The maximum projection for weather protection structures for short-term bicycle parking into the setbacks from the front lot line and the rear lot line to be increased from 2.0 m (6.6 ft.) to 3.4 m (11.2 ft.) and 3.9 m (12.8 ft.) respectively. 3. Instruct staff to complete the following items prior to Council’s consideration of final adoption, should Council grant first, second, and third readings to Zoning Amendment Bylaw No. 5382, 2024: a. Finalize Watercourse Protection Development Permit (22 122214 DP) to the satisfaction of Environmental Services; b. Ensure that all engineering requirements and issues including Section 219 covenants, dedications and rights-of-way where necessary, are addressed to the satisfaction of the General Manager Engineering and Public Works; c. Satisfy the Transportation Demand Management (TDM) measures comments to the satisfaction of the General Manager Engineering and Public Works; d. Resolution of all urban design issues to the satisfaction of the Director Development Services; and e. Finalize, execute and deliver to the City the following agreements in Land Title Office registrable form: i. An owner-maintained statutory rights-of-way in favor of the City for the on-site turnaround for garbage collection vehicles; ii. Section 219 Covenant to protect the Streamside Protection and Enhancement Area (SPEA) of Consultation Creek, to the satisfaction of Environmental Services; iii. Section 219 Covenant to provide TDM measures; and iv. Such other Land Title Office registrable agreements as may be required by the City."
2024-12-09,Regular Council,18,Report of the Director Development Services - Development Applications at 748- 770 Sproule Avenue (PROJ 23-149) and 947-957 Robinson Street (PROJ 23-153) – Woodbridge Homes Ltd Discussion ensued relative to the following:  Concern regarding the mix of unit types proposed  Concern about reduced windows in units due to requested building setbacks,Main motion,Carried,9,0,0,Brent Asmundson,,In favour,In favour,In favour,In favour,In favour,In favour,In favour,In favour,In favour,Development; Transportation,,,,https://coquitlam.ca.granicus.com/MinutesViewer.php?view_id=2&clip_id=2782&doc_id=8f394c44-d293-11ef-8260-0266fc1e3079,https://coquitlam.ca.granicus.com/MediaPlayer.php?view_id=2&clip_id=2782,https://councilrecord.ca/coquitlam.html#vote/uvetgl,"That Council: 1. Give first, second, and third readings to Zoning Amendment Bylaw Nos. 5415, 2024 and 5416, 2024; 2. Authorize staff to prepare Development Permit Nos. 23 120748 DP and 23 120744 DP generally in accordance with the attached drawings (Attachment 5); and 3. Instruct staff to complete the following items prior to Council’s consideration of final adoption, should Council grant second and third readings to Zoning Amendment Bylaw No. 5415, 2024 and 5416, 2024: a. Submission of fully executable subdivision plans to the satisfaction of the Approving Officer, which includes lot consolidation and road widening dedication for Sproule Avenue, Clarke Road and the adjoining lanes; b. Ensure that all engineering requirements and issues including restrictive covenants, dedications and rights-of-way where necessary, are addressed to the satisfaction of the General Manager Engineering and Public Works; c. Satisfy the Transportation Demand Management measures and Traffic Impact Assessment (TIA) comments to the satisfaction of the General Manager Engineering and Public Works; d. Resolution of all urban design issues to the satisfaction of the Director Development Services; e. Determine the final alignment and design of the Multi-Use Pathway (MUP) to the satisfaction of the General Manager Parks, Recreation and Culture; and f. Finalize, execute and deliver to the City, the following agreements in Land Title Office registrable form: i. Section 219 Restrictive Covenant to ensure the delivery of 48 adaptable units; ii. Transportation Demand Measures; iii. Housing Agreement; and iv. Such other Land Title Office registrable agreements as may be required by the City."
2024-12-09,Regular Council,19,Report of the Deputy Chief Administrative Officer - 2025 Council Meeting and Acting Mayor Schedules,Main motion,Carried,9,0,0,Brent Asmundson,,In favour,In favour,In favour,In favour,In favour,In favour,In favour,In favour,In favour,Governance & elections,,,,https://coquitlam.ca.granicus.com/MinutesViewer.php?view_id=2&clip_id=2782&doc_id=8f394c44-d293-11ef-8260-0266fc1e3079,https://coquitlam.ca.granicus.com/MediaPlayer.php?view_id=2&clip_id=2782,https://councilrecord.ca/coquitlam.html#vote/1v8n5a9,"That Council: 1. Approve the 2025 Council Meeting Schedule, as set out in Attachment 1 to the report of the Deputy Chief Administrative Officer dated December 2, 2024 and entitled “2025 Council Meeting and Acting Mayor Schedules”; and 2. Approve the 2025 Acting Mayor Schedule, as set out in Attachment 2 to the report of the Deputy Chief Administrative Officer dated December 2, 2024 and entitled “2025 Council Meeting and Acting Mayor Schedules”."
2024-12-09,Regular Council,20,Report of the Deputy Chief Administrative Officer - 2025-2026 Citizen Appointments to Advisory Committees and Coquitlam Public Library Board,Main motion,Carried,9,0,0,Teri Towner,,In favour,In favour,In favour,In favour,In favour,In favour,In favour,In favour,In favour,Parks & recreation; Governance & elections,,,,https://coquitlam.ca.granicus.com/MinutesViewer.php?view_id=2&clip_id=2782&doc_id=8f394c44-d293-11ef-8260-0266fc1e3079,https://coquitlam.ca.granicus.com/MediaPlayer.php?view_id=2&clip_id=2782,https://councilrecord.ca/coquitlam.html#vote/1p7ohvw,"That Council approve the 2025-2026 citizen appointments to the City of Coquitlam advisory committees and Coquitlam Public Library Board as set out in Attachment 1 of the report of the Deputy Chief Administrative Officer dated December 2, 2024 and entitled “2025-2026 Citizen Appointments to Advisory Committees and Coquitlam Public Library Board."
2024-12-09,Regular Council,21,"Report of the Deputy Chief Administrative Officer - School District 43 School Trustee By-Election Preparation and Appointment of Chief and Deputy Chief Election Officers Discussion ensued relative to following:  When polling locations, days, and times will be shared publicly.  Desire for a more effective way to fill vacancies that arise between elections,",Main motion,Carried,9,0,0,Teri Towner,,In favour,In favour,In favour,In favour,In favour,In favour,In favour,In favour,In favour,Governance & elections,1 of 2,,,https://coquitlam.ca.granicus.com/MinutesViewer.php?view_id=2&clip_id=2782&doc_id=8f394c44-d293-11ef-8260-0266fc1e3079,https://coquitlam.ca.granicus.com/MediaPlayer.php?view_id=2&clip_id=2782,https://councilrecord.ca/coquitlam.html#vote/1gg03id,That Council appoint Kerri Wells as the Chief Election Officer and Stephanie Nichols as the Deputy Chief Election Officer for the 2025 School District 43 School Trustee By-Election.
2024-12-09,Regular Council,21,"Report of the Deputy Chief Administrative Officer - School District 43 School Trustee By-Election Preparation and Appointment of Chief and Deputy Chief Election Officers Discussion ensued relative to following:  When polling locations, days, and times will be shared publicly.  Desire for a more effective way to fill vacancies that arise between elections,",Main motion,Carried,9,0,0,Dennis Marsden,,In favour,In favour,In favour,In favour,In favour,In favour,In favour,In favour,In favour,Governance & elections,2 of 2,,,https://coquitlam.ca.granicus.com/MinutesViewer.php?view_id=2&clip_id=2782&doc_id=8f394c44-d293-11ef-8260-0266fc1e3079,https://coquitlam.ca.granicus.com/MediaPlayer.php?view_id=2&clip_id=2782,https://councilrecord.ca/coquitlam.html#vote/5642o8,That the Regular Council Meeting adjourn at 9:02 p.m.
2025-01-13,Regular Council,2,"Report of the Corporate Officer - Final Adoption of Housing Agreement Bylaw No. 5405, 2024",Main motion,Carried,9,0,0,Brent Asmundson,,In favour,In favour,In favour,In favour,In favour,In favour,In favour,In favour,In favour,Housing & density,,,,https://coquitlam.ca.granicus.com/MinutesViewer.php?view_id=2&clip_id=2790&doc_id=e34fd412-dd9a-11ef-8260-0266fc1e3079,https://coquitlam.ca.granicus.com/MediaPlayer.php?view_id=2&clip_id=2790,https://councilrecord.ca/coquitlam.html#vote/13jwbnm,"That Council adopt Housing Agreement Bylaw No. 5405, 2024."
2025-01-13,Regular Council,3,"Report of the Director Development Services - Final Approval of Development Application at 622-640 Smith Avenue, 702 Fairview Street, and 637-641 Vanessa Court – Polygon Homes (PROJ 23-009) In response to a question from Council, the Director Development Services provided clarity relative to the availability of loading space for the building and whether the developer was able to acquire any additional lands adjacent to the site. The Director",Main motion,Carried,9,0,0,Craig Hodge,,In favour,In favour,In favour,In favour,In favour,In favour,In favour,In favour,In favour,Development; Transportation,,,,https://coquitlam.ca.granicus.com/MinutesViewer.php?view_id=2&clip_id=2790&doc_id=e34fd412-dd9a-11ef-8260-0266fc1e3079,https://coquitlam.ca.granicus.com/MediaPlayer.php?view_id=2&clip_id=2790,https://councilrecord.ca/coquitlam.html#vote/m6ztk6,"That Council: 1. Adopt Zoning Amendment Bylaw No. 5383, 2024; 2. Adopt Highway Dedication Cancellation Bylaw No. 5384, 2024; and 3. Approve the signing and sealing of Development Permit No. 23 103053 DP and that the Mayor and Corporate Officer be authorized to execute this Permit on behalf of the City of Coquitlam."
2025-01-13,Regular Council,4,"Report of the Director Development Services - Development Application at 910 Quadling Avenue – CityState Consulting Group (PROJ 22-071) Discussion ensued relative to the desire to retain as many of the existing trees as possible on the site. Staff responded to questions from Council relative to the design of the non-heritage portion of the development, and provided information regarding the Provincial and",Main motion,Carried,9,0,0,Brent Asmundson,,In favour,In favour,In favour,In favour,In favour,In favour,In favour,In favour,In favour,Development; Environment & climate; Neighbourhood character,,,,https://coquitlam.ca.granicus.com/MinutesViewer.php?view_id=2&clip_id=2790&doc_id=e34fd412-dd9a-11ef-8260-0266fc1e3079,https://coquitlam.ca.granicus.com/MediaPlayer.php?view_id=2&clip_id=2790,https://councilrecord.ca/coquitlam.html#vote/i0x1um,"That Council: 1. Give first reading to Heritage Revitalization Agreement Authorization Bylaw No. 5367, 2025 and Heritage Designation Bylaw No. 5368, 2025; 2. Refer Bylaw Nos. 5367, 2025 and 5368, 2025 to Public Hearing; and 3. Instruct staff to complete the listed items in Attachment 1 – “Heritage Revitalization Agreement and Heritage Designation Prerequisites for (PROJ 22-071)” prior to Council’s consideration of final adoption, should Council grant second and third readings to the Bylaws."
2025-01-13,Regular Council,5,Report of the Director Development Services - Development Application at 651 Rochester Avenue – 1242326 BC Ltd. (PROJ 23-138) Discussion ensued relative to the following: • Concerns relative to the lack of on-site parking and limited street parking. • Desire for staff to include current and projected roadmaps for the surrounding areas in future reports.,Main motion,Carried,9,0,0,Craig Hodge,,In favour,In favour,In favour,In favour,In favour,In favour,In favour,In favour,In favour,Development; Transportation; Neighbourhood character,,,,https://coquitlam.ca.granicus.com/MinutesViewer.php?view_id=2&clip_id=2790&doc_id=e34fd412-dd9a-11ef-8260-0266fc1e3079,https://coquitlam.ca.granicus.com/MediaPlayer.php?view_id=2&clip_id=2790,https://councilrecord.ca/coquitlam.html#vote/vlyi7f,"That Council: 1. Give first reading to Heritage Revitalization Agreement Authorization Bylaw No. 5386, 2025 and Heritage Designation Bylaw No. 5387, 2025; 2. Refer Bylaw Nos. 5386, 2025 and 5387, 2025 to Public Hearing; and 3. Instruct staff to complete the listed items in Attachment 1 – “Heritage Revitalization Agreement and Heritage Designation Prerequisites for (PROJ 23-138)” prior to Council’s consideration of final adoption, should Council grant second and third readings to the Bylaws."
2025-01-13,Regular Council,6,Report of the Director Development Services - Development Application at 435-465 North Road and 500 Austin Avenue – Wesgroup Properties (PROJ 23-175) Discussion relative to the following: • Options for maintaining LifeLabs in the community and that alternate locations are being explored. • Desire to see office spaces established in higher-level units and ground,Main motion,Carried,9,0,0,Dennis Marsden,,In favour,In favour,In favour,In favour,In favour,In favour,In favour,In favour,In favour,Development,,,,https://coquitlam.ca.granicus.com/MinutesViewer.php?view_id=2&clip_id=2790&doc_id=e34fd412-dd9a-11ef-8260-0266fc1e3079,https://coquitlam.ca.granicus.com/MediaPlayer.php?view_id=2&clip_id=2790,https://councilrecord.ca/coquitlam.html#vote/16vqdnn,"That Council: 1. Give first, second, and third readings to Zoning Amendment Bylaw No. 5418, 2025; and 2. Instruct staff to complete the listed items in Attachment 1 – “Rezoning Prerequisites for PROJ 23-175” prior to Council’s consideration of final adoption, should Council grant first, second, and third readings to Zoning Amendment Bylaw No. 5418, 2025."
2025-01-13,Regular Council,7,"Report of the General Manager Parks, Recreation, Culture and Facilities - Spirit of Coquitlam Grant – 2024 Fall Intake Results",Main motion,Carried,9,0,0,Brent Asmundson,,In favour,In favour,In favour,In favour,In favour,In favour,In favour,In favour,In favour,Taxes & spending; Parks & recreation,,,,https://coquitlam.ca.granicus.com/MinutesViewer.php?view_id=2&clip_id=2790&doc_id=e34fd412-dd9a-11ef-8260-0266fc1e3079,https://coquitlam.ca.granicus.com/MediaPlayer.php?view_id=2&clip_id=2790,https://councilrecord.ca/coquitlam.html#vote/1693sxn,"That Council endorse the disbursements of the Spirit of Coquitlam Grant totaling $207,027 for the Fall 2024 intake."
2025-01-13,Regular Council,8,"Metro Vancouver Board in Brief (November 29, 2024) Discussion ensued relative to Metro Vancouver’s regional housing targets and whether they are aligned with the individual targets of member municipalities. OTHER BUSINESS NEXT MEETING DATE – January 27, 2025 ADJOURNMENT",Main motion,Carried,9,0,0,Craig Hodge,,In favour,In favour,In favour,In favour,In favour,In favour,In favour,In favour,In favour,Housing & density; Business & economy; Governance & elections,,,,https://coquitlam.ca.granicus.com/MinutesViewer.php?view_id=2&clip_id=2790&doc_id=e34fd412-dd9a-11ef-8260-0266fc1e3079,https://coquitlam.ca.granicus.com/MediaPlayer.php?view_id=2&clip_id=2790,https://councilrecord.ca/coquitlam.html#vote/qby57k,That the Regular Council Meeting adjourn at 8:48 p.m.
2025-01-27,Regular Council,2,"Heritage Revitalization Agreement Authorization Bylaw No. 5367, 2025 and Heritage Designation Bylaw 5368, 2025 - 910 Quadling Avenue Discussion ensued relative to:  Concerns that the design of the additional units don’t reflect the heritage elements of the existing building, and a preference for designs that align more closely with the older property's aesthetic, incorporating elements that tell the",Main motion,Carried,9,0,0,Trish Mandewo,,In favour,In favour,In favour,In favour,In favour,In favour,In favour,In favour,In favour,Development; Neighbourhood character,,,,https://coquitlam.ca.granicus.com/MinutesViewer.php?view_id=2&clip_id=2797&doc_id=addc1002-e894-11ef-8260-0266fc1e3079,https://coquitlam.ca.granicus.com/MediaPlayer.php?view_id=2&clip_id=2797,https://councilrecord.ca/coquitlam.html#vote/186z475,"That Council give second and third readings to Heritage Revitalization Agreement Authorization Bylaw No. 5367, 2025 and Heritage Designation Bylaw No. 5368, 2025."
2025-01-27,Regular Council,3,"Heritage Revitalization Agreement Authorization Bylaw No. 5386, 2025 and Heritage Designation Bylaw No. 5387, 2025 - 651 Rochester Avenue Discussion ensued relative to:  Desire for recognition of the trees' significance, including an explanation of their importance and relevance upon completion of the development.  Concerns regarding the potential financial burden on the property owner to",Main motion,Carried,9,0,0,Craig Hodge,,In favour,In favour,In favour,In favour,In favour,In favour,In favour,In favour,In favour,Development; Environment & climate; Neighbourhood character,,,,https://coquitlam.ca.granicus.com/MinutesViewer.php?view_id=2&clip_id=2797&doc_id=addc1002-e894-11ef-8260-0266fc1e3079,https://coquitlam.ca.granicus.com/MediaPlayer.php?view_id=2&clip_id=2797,https://councilrecord.ca/coquitlam.html#vote/tu98r4,"That Council give second and third readings to Heritage Revitalization Agreement Authorization Bylaw No. 5386, 2025 and Heritage Designation Bylaw No. 5387, 2025."
2025-01-27,Regular Council,4,"Report of the General Manager Planning and Development – Final Adoption of Housing Agreement Amendment Bylaw No. 5429, 2024 at 530, 550 Cottonwood Avenue and 663, 675 Whiting Way – Concert Properties Ltd. (PROJ 22-164) Discussion ensued relative to:  Minimizing disruption to the neighbourhood, particularly regarding rock blasting, and the need for coordination between the two applicants to reduce",Main motion,Carried,9,0,0,Brent Asmundson,,In favour,In favour,In favour,In favour,In favour,In favour,In favour,In favour,In favour,Housing & density,,,,https://coquitlam.ca.granicus.com/MinutesViewer.php?view_id=2&clip_id=2797&doc_id=addc1002-e894-11ef-8260-0266fc1e3079,https://coquitlam.ca.granicus.com/MediaPlayer.php?view_id=2&clip_id=2797,https://councilrecord.ca/coquitlam.html#vote/lg81j2,"That Council adopt Housing Agreement Amendment Bylaw No. 5429, 2024."
2025-01-27,Regular Council,5,Report of the Director Development Services - Development Application at a Portion of 1349 Soball Street – Infinity Homes (PROJ 22-067) Discussion ensued regarding concerns with the development being split into two phases with the Official Community Plan amendment and development permit being considered at different times.,Main motion,Carried,9,0,0,Brent Asmundson,,In favour,In favour,In favour,In favour,In favour,In favour,In favour,In favour,In favour,Housing & density; Development,,,,https://coquitlam.ca.granicus.com/MinutesViewer.php?view_id=2&clip_id=2797&doc_id=addc1002-e894-11ef-8260-0266fc1e3079,https://coquitlam.ca.granicus.com/MediaPlayer.php?view_id=2&clip_id=2797,https://councilrecord.ca/coquitlam.html#vote/c8pnk0,"That Council: 1. Give first, second, and third readings to Zoning Amendment Bylaw No. 5404, 2025; 2. Authorize and give permission to initiate early site preparation and rock blasting in coordination with phase 1 offsite improvement works to minimize impacts to nearby residents and the adjacent Smiling Creek Elementary School should the project receive third reading; 3. Authorize staff to prepare Development Permit No. 22 110059 DP generally in accordance with the attached drawings (Attachment 8); and 4. Instruct staff to complete the list of items in Attachment 1 – “Final Adoption Prerequisites”."
2025-01-27,Regular Council,6,Report of the General Manager Planning and Development – Proposed Extension of Provincial Deadlines for the Use of Bonus Density Discussion ensued regarding the City’s use of the bonus density financing system to fund needed infrastructure and amenities resulting from development and the development industry’s need for certainty with respect to development financing and their overall project costs.,Main motion,Carried,9,0,0,Dennis Marsden,,In favour,In favour,In favour,In favour,In favour,In favour,In favour,In favour,In favour,Housing & density; Taxes & spending; Governance & elections,,,,https://coquitlam.ca.granicus.com/MinutesViewer.php?view_id=2&clip_id=2797&doc_id=addc1002-e894-11ef-8260-0266fc1e3079,https://coquitlam.ca.granicus.com/MediaPlayer.php?view_id=2&clip_id=2797,https://councilrecord.ca/coquitlam.html#vote/1mst0ra,"That Council direct staff to prepare a letter for the Mayor’s signature on behalf of City Council to the Honorable Ravi Kahlon, Minister of Housing and Municipal Affairs, requesting an extension to Provincial deadlines to allow the continuation of the use of bonus density until June 30, 2028."
2025-01-27,Regular Council,7,Report of the Deputy Chief Administrative Officer – 2025 Council Meeting Schedule Amendments,Referral,Carried,9,0,0,Matt Djonlic,,In favour,In favour,In favour,In favour,In favour,In favour,In favour,In favour,In favour,Governance & elections,1 of 2,,,https://coquitlam.ca.granicus.com/MinutesViewer.php?view_id=2&clip_id=2797&doc_id=addc1002-e894-11ef-8260-0266fc1e3079,https://coquitlam.ca.granicus.com/MediaPlayer.php?view_id=2&clip_id=2797,https://councilrecord.ca/coquitlam.html#vote/18xcpsb,"That the amended 2025 Council Meeting Schedule, included as Attachment 1 to the report of the Deputy Chief Administrative Officer dated January 20, 2025 entitled “2025 Council Meeting Schedule Amendments” be referred back to staff to resolve Councillor scheduling conflicts."
2025-01-27,Regular Council,7,Report of the Deputy Chief Administrative Officer – 2025 Council Meeting Schedule Amendments,Main motion,Carried,9,0,0,Craig Hodge,,In favour,In favour,In favour,In favour,In favour,In favour,In favour,In favour,In favour,Governance & elections,2 of 2,,,https://coquitlam.ca.granicus.com/MinutesViewer.php?view_id=2&clip_id=2797&doc_id=addc1002-e894-11ef-8260-0266fc1e3079,https://coquitlam.ca.granicus.com/MediaPlayer.php?view_id=2&clip_id=2797,https://councilrecord.ca/coquitlam.html#vote/1tivsmw,That the Regular Council Meeting adjourn at 8:30 p.m.
2025-02-10,Regular Council,4,Report of the Director Development Services - Final Approval of Development Application at 717 Edgar Avenue – Lamme Zarei (PROJ 21-092),Main motion,Carried,9,0,0,Matt Djonlic,,In favour,In favour,In favour,In favour,In favour,In favour,In favour,In favour,In favour,Development,,,,https://coquitlam.ca.granicus.com/MinutesViewer.php?view_id=2&clip_id=2805&doc_id=28376275-f318-11ef-8260-0266fc1e3079,https://coquitlam.ca.granicus.com/MediaPlayer.php?view_id=2&clip_id=2805,https://councilrecord.ca/coquitlam.html#vote/1bx2e68,"That Council adopt Zoning Amendment Bylaw No. 5286, 2023."
2025-02-10,Regular Council,5,Report of the General Manager Planning and Development - Proposed Administrative Updates to Support Development Viability,Main motion,Carried,9,0,0,Brent Asmundson,,In favour,In favour,In favour,In favour,In favour,In favour,In favour,In favour,In favour,Development; Taxes & spending,,,,https://coquitlam.ca.granicus.com/MinutesViewer.php?view_id=2&clip_id=2805&doc_id=28376275-f318-11ef-8260-0266fc1e3079,https://coquitlam.ca.granicus.com/MediaPlayer.php?view_id=2&clip_id=2805,https://councilrecord.ca/coquitlam.html#vote/y5ig15,"That Council: 1. Authorize amending section 5.2 of the “Development Cost Charges – Public Guidelines” to allow applicants the flexibility to establish and pay the Development Cost Charge rate at either an excavation, foundation, or full building permit; and 2. Approve reinstating the two-stage development security collection procedure (utilized during COVID) and direct staff to report back to Council in two years on the results of this procedural change."
2025-02-10,Regular Council,6,Report of the General Manager Planning and Development – Housing Accelerator Fund (HAF) – First Annual Progress Report,Main motion,Carried,9,0,0,Dennis Marsden,,In favour,In favour,In favour,In favour,In favour,In favour,In favour,In favour,In favour,Housing & density,,,,https://coquitlam.ca.granicus.com/MinutesViewer.php?view_id=2&clip_id=2805&doc_id=28376275-f318-11ef-8260-0266fc1e3079,https://coquitlam.ca.granicus.com/MediaPlayer.php?view_id=2&clip_id=2805,https://councilrecord.ca/coquitlam.html#vote/28ueuf,That Council direct staff to: 1. Submit the “Housing Accelerator Fund (HAF) - First Annual Progress Report” to the Canada Mortgage and Housing Corporation (CMHC); and 2. Send a copy of this report to the Ministry of Housing and Municipal Affairs to convey to the Province our HAF status and the importance of Provincial support for extensions to various housing legislation deadlines to enable Coquitlam to achieve our housing approvals and meet our HAF commitments.
2025-02-10,Regular Council,7,"Report of the Director Development Services - Development Application at 2929 Barnet Highway – Morguard Investments Limited (PROJ 22-085) Discussion ensued relative to the following:  Concerns relative to the previous master development plan in this area being cancelled due to prolonged inactivity by the applicant.  Concerns relative to the proposed variances, in particular, the variances",Referral,Carried,9,0,0,Robert Mazzarolo,,In favour,In favour,In favour,In favour,In favour,In favour,In favour,In favour,In favour,Other,,,,https://coquitlam.ca.granicus.com/MinutesViewer.php?view_id=2&clip_id=2805&doc_id=28376275-f318-11ef-8260-0266fc1e3079,https://coquitlam.ca.granicus.com/MediaPlayer.php?view_id=2&clip_id=2805,https://councilrecord.ca/coquitlam.html#vote/7deb6e,That the application be referred back to staff to obtain clarification on the rationale for the requested variances.
2025-02-10,Regular Council,8,Report of the General Manager Engineering and Public Works and the General Manager Planning and Development - Structures Beneath Public Streets Policy Update,Main motion,Carried,9,0,0,Craig Hodge,,In favour,In favour,In favour,In favour,In favour,In favour,In favour,In favour,In favour,Other,,,,https://coquitlam.ca.granicus.com/MinutesViewer.php?view_id=2&clip_id=2805&doc_id=28376275-f318-11ef-8260-0266fc1e3079,https://coquitlam.ca.granicus.com/MediaPlayer.php?view_id=2&clip_id=2805,https://councilrecord.ca/coquitlam.html#vote/1jr9s2c,"That Council approve amendments to the Structures Beneath Public Streets Policy, as shown in Attachment 2 of the report of the General Manager Engineering and Public Works and the General Manager Planning and Development dated February 3, 2025 and entitled “Structures Beneath Public Streets Policy Update”."
2025-02-10,Regular Council,9,Report of the Fire Chief – 2025 UBCM FireSmart Grant Application,Main motion,Carried,9,0,0,Brent Asmundson,,In favour,In favour,In favour,In favour,In favour,In favour,In favour,In favour,In favour,Taxes & spending; Public services; Governance & elections,,,,https://coquitlam.ca.granicus.com/MinutesViewer.php?view_id=2&clip_id=2805&doc_id=28376275-f318-11ef-8260-0266fc1e3079,https://coquitlam.ca.granicus.com/MediaPlayer.php?view_id=2&clip_id=2805,https://councilrecord.ca/coquitlam.html#vote/1yv3wm1,That Council support a grant application to the 2025 intake of the FireSmart Community Funding and Supports program and affirm their willingness to receive and manage grant funding on behalf of the Union of BC Municipalities in order to support ongoing implementation of Coquitlam’s Community Wildfire Resiliency Plan and continuation of FireSmart community education activities.
2025-02-10,Regular Council,10,Report of the Deputy Chief Administrative Officer – 2025 Council Schedule Amendments,Main motion,Carried,9,0,0,Trish Mandewo,,In favour,In favour,In favour,In favour,In favour,In favour,In favour,In favour,In favour,Governance & elections,,,,https://coquitlam.ca.granicus.com/MinutesViewer.php?view_id=2&clip_id=2805&doc_id=28376275-f318-11ef-8260-0266fc1e3079,https://coquitlam.ca.granicus.com/MediaPlayer.php?view_id=2&clip_id=2805,https://councilrecord.ca/coquitlam.html#vote/1y7xsgx,"That Council approve the amended 2025 Council Meeting Schedule, included as Attachment 1 to the report of the Deputy Chief Administrative Officer dated February 3, 2025 entitled “2025 Council Meeting Schedule Amendments”."
2025-02-10,Regular Council,11,2025-2026 Citizen Appointment to the Sustainability and Environmental Advisory Committee (Distributed on-table),Main motion,Carried,9,0,0,Brent Asmundson,,In favour,In favour,In favour,In favour,In favour,In favour,In favour,In favour,In favour,Environment & climate; Public services; Governance & elections,1 of 2,,,https://coquitlam.ca.granicus.com/MinutesViewer.php?view_id=2&clip_id=2805&doc_id=28376275-f318-11ef-8260-0266fc1e3079,https://coquitlam.ca.granicus.com/MediaPlayer.php?view_id=2&clip_id=2805,https://councilrecord.ca/coquitlam.html#vote/1orv0ep,"That Council approve the 2025 -2026 citizen appointment of Azar Varasteh to the Sustainability and Environmental Advisory Committee, as recommended in the report dated February 10, 2025 and entitled “2025-2026 Citizen Appointment to the Sustainability and Environmental Advisory Committee”."
2025-02-10,Regular Council,11,2025-2026 Citizen Appointment to the Sustainability and Environmental Advisory Committee (Distributed on-table),Main motion,Carried,9,0,0,Brent Asmundson,,In favour,In favour,In favour,In favour,In favour,In favour,In favour,In favour,In favour,Environment & climate; Public services; Governance & elections,2 of 2,,,https://coquitlam.ca.granicus.com/MinutesViewer.php?view_id=2&clip_id=2805&doc_id=28376275-f318-11ef-8260-0266fc1e3079,https://coquitlam.ca.granicus.com/MediaPlayer.php?view_id=2&clip_id=2805,https://councilrecord.ca/coquitlam.html#vote/10uq6o8,That the Regular Council Meeting adjourn at 8:29 p.m.
2025-02-24,Regular Council,2,Report of the Director Development Services - Development Application at 817 Edgar Avenue – Zako Development Inc. (PROJ 22-106) Discussion ensued relative to the following:  Concerns with the placement of the new development in between single- family homes.  Understanding the formula regarding childcare spaces and units being,Main motion,Carried,8,1,0,Craig Hodge,,In favour,In favour,In favour,In favour,In favour,In favour,Against,In favour,In favour,Development; Public services,,,,https://coquitlam.ca.granicus.com/MinutesViewer.php?view_id=2&clip_id=2812&doc_id=cdd0d2fe-fe9d-11ef-8260-0266fc1e3079,https://coquitlam.ca.granicus.com/MediaPlayer.php?view_id=2&clip_id=2812,https://councilrecord.ca/coquitlam.html#vote/aw7qt6,"That Council: 1. Give first, second, and third readings to Zoning Amendment Bylaw No. 5414, 2025; and 2. Authorize staff to prepare Development Permit No. 22 115618 DP generally in accordance with the attached drawings (Attachment 6), including a variance as noted."
2025-02-24,Regular Council,3,Report of the Director Development Services - Development Application at 400 and 402 Nelson Street – Golden Brick Construction (PROJ 22-129),Main motion,Carried,9,0,0,Brent Asmundson,,In favour,In favour,In favour,In favour,In favour,In favour,In favour,In favour,In favour,Development; Taxes & spending,,,,https://coquitlam.ca.granicus.com/MinutesViewer.php?view_id=2&clip_id=2812&doc_id=cdd0d2fe-fe9d-11ef-8260-0266fc1e3079,https://coquitlam.ca.granicus.com/MediaPlayer.php?view_id=2&clip_id=2812,https://councilrecord.ca/coquitlam.html#vote/66kkh2,"1. That Council give first, second, and third readings to Zoning Amendment Bylaw No. 5430, 2025; and 2. Should Council grant third reading, the applicant is required to complete the following items prior to final adoption of Zoning Amendment Bylaw No. 5430, 2025: a. Submission of a subdivision plan to the satisfaction of the Approving Officer; b. Ensure that all engineering requirements and issues including restrictive covenants, dedications and rights-of-way where necessary, are addressed to the satisfaction of the General Manager Engineering and Public Works; c. Resolution of all urban design issues to the satisfaction of the Director Development Services; and d. Other conditions as applicable."
2025-02-24,Regular Council,4,Report of the General Manager Engineering and Public Works - Shared E-Micromobility Pilot Evaluation and Proposed Extension,Main motion,Carried,9,0,0,Dennis Marsden,,In favour,In favour,In favour,In favour,In favour,In favour,In favour,In favour,In favour,Transportation,,,,https://coquitlam.ca.granicus.com/MinutesViewer.php?view_id=2&clip_id=2812&doc_id=cdd0d2fe-fe9d-11ef-8260-0266fc1e3079,https://coquitlam.ca.granicus.com/MediaPlayer.php?view_id=2&clip_id=2812,https://councilrecord.ca/coquitlam.html#vote/d9a20o,"That Council refer the report of the General Manager Engineering and Public Works dated February 14, 2025 and entitled “Shared E-Micromobility Pilot Evaluation and Proposed Extension” back to staff."
2025-02-24,Regular Council,5,Report of the Deputy Chief Administrative Officer – Resolutions for Submission to the 2025 Lower Mainland Local Government Association Annual General Meeting,Main motion,Carried,9,0,0,Trish Mandewo,,In favour,In favour,In favour,In favour,In favour,In favour,In favour,In favour,In favour,Governance & elections,1 of 2,,,https://coquitlam.ca.granicus.com/MinutesViewer.php?view_id=2&clip_id=2812&doc_id=cdd0d2fe-fe9d-11ef-8260-0266fc1e3079,https://coquitlam.ca.granicus.com/MediaPlayer.php?view_id=2&clip_id=2812,https://councilrecord.ca/coquitlam.html#vote/1yugfpp,"That Council endorse the following three resolutions as set out in Attachments 1, 2 and 3 to the Report of the Deputy Chief Administrative Officer dated February 14, 2025 and entitled “Resolutions for Submission to the 2025 Lower Mainland Local Government Association Annual General Meeting”: 1. Bylaw Enforcement Notice Penalty Increase for Development Violations (Attachment 1); 2. Aligning By-Election Provisions of the School Act with those of the Local Government Act (Attachment 2); and 3. Mental Health Support for Local Elected Officials (Attachment 3)."
2025-02-24,Regular Council,5,Report of the Deputy Chief Administrative Officer – Resolutions for Submission to the 2025 Lower Mainland Local Government Association Annual General Meeting,Main motion,Carried,9,0,0,Craig Hodge,,In favour,In favour,In favour,In favour,In favour,In favour,In favour,In favour,In favour,Governance & elections,2 of 2,,,https://coquitlam.ca.granicus.com/MinutesViewer.php?view_id=2&clip_id=2812&doc_id=cdd0d2fe-fe9d-11ef-8260-0266fc1e3079,https://coquitlam.ca.granicus.com/MediaPlayer.php?view_id=2&clip_id=2812,https://councilrecord.ca/coquitlam.html#vote/1404p6t,That the Regular Council Meeting adjourn at 7:38 p.m.
2025-03-10,Regular Council,2,Minutes of the Accessibility and Inclusion Advisory Committee Meeting held on,Procedural,Carried,9,0,0,Matt Djonlic,,In favour,In favour,In favour,In favour,In favour,In favour,In favour,In favour,In favour,Public services; Governance & elections,1 of 2,,,https://coquitlam.ca.granicus.com/MinutesViewer.php?view_id=2&clip_id=2825&doc_id=c25e9782-0f10-11f0-8260-0266fc1e3079,https://coquitlam.ca.granicus.com/MediaPlayer.php?view_id=2&clip_id=2825,https://councilrecord.ca/coquitlam.html#vote/1s98zmo,"That the Minutes of the Accessibility and Inclusion Advisory Committee Meeting held on Tuesday, February 4, 2025 be received."
2025-03-10,Regular Council,2,Minutes of the Accessibility and Inclusion Advisory Committee Meeting held on,Main motion,Carried,9,0,0,Matt Djonlic,,In favour,In favour,In favour,In favour,In favour,In favour,In favour,In favour,In favour,Public services; Governance & elections,2 of 2,,,https://coquitlam.ca.granicus.com/MinutesViewer.php?view_id=2&clip_id=2825&doc_id=c25e9782-0f10-11f0-8260-0266fc1e3079,https://coquitlam.ca.granicus.com/MediaPlayer.php?view_id=2&clip_id=2825,https://councilrecord.ca/coquitlam.html#vote/1r1dznl,That Council approve the 2025 Accessibility and Inclusion Advisory Committee Work Plan.
2025-03-10,Regular Council,3,"Minutes of the Sustainability and Environmental Advisory Committee Meeting held on Tuesday, February 11, 2025",Procedural,Carried,9,0,0,Brent Asmundson,,In favour,In favour,In favour,In favour,In favour,In favour,In favour,In favour,In favour,Environment & climate; Public services; Governance & elections,1 of 2,,,https://coquitlam.ca.granicus.com/MinutesViewer.php?view_id=2&clip_id=2825&doc_id=c25e9782-0f10-11f0-8260-0266fc1e3079,https://coquitlam.ca.granicus.com/MediaPlayer.php?view_id=2&clip_id=2825,https://councilrecord.ca/coquitlam.html#vote/1q8zbp9,"That the Minutes of the Sustainability and Environmental Advisory Committee Meeting held on Tuesday, February 11, 2025 be received."
2025-03-10,Regular Council,3,"Minutes of the Sustainability and Environmental Advisory Committee Meeting held on Tuesday, February 11, 2025",Main motion,Carried,9,0,0,Brent Asmundson,,In favour,In favour,In favour,In favour,In favour,In favour,In favour,In favour,In favour,Environment & climate; Public services; Governance & elections,2 of 2,,,https://coquitlam.ca.granicus.com/MinutesViewer.php?view_id=2&clip_id=2825&doc_id=c25e9782-0f10-11f0-8260-0266fc1e3079,https://coquitlam.ca.granicus.com/MediaPlayer.php?view_id=2&clip_id=2825,https://councilrecord.ca/coquitlam.html#vote/1v2hgzp,That Council approve the 2025 Sustainability and Environmental Advisory Committee Work Plan.
2025-03-10,Regular Council,4,"Minutes of the Multiculturalism Advisory Committee Meeting held on Wednesday, February 19, 2025",Procedural,Carried,9,0,0,Matt Djonlic,,In favour,In favour,In favour,In favour,In favour,In favour,In favour,In favour,In favour,Governance & elections,1 of 2,,,https://coquitlam.ca.granicus.com/MinutesViewer.php?view_id=2&clip_id=2825&doc_id=c25e9782-0f10-11f0-8260-0266fc1e3079,https://coquitlam.ca.granicus.com/MediaPlayer.php?view_id=2&clip_id=2825,https://councilrecord.ca/coquitlam.html#vote/1dt2mvm,"That the Minutes of Multiculturalism Advisory Committee Meeting held on Wednesday, February 19, 2025 be received."
2025-03-10,Regular Council,4,"Minutes of the Multiculturalism Advisory Committee Meeting held on Wednesday, February 19, 2025",Main motion,Carried,9,0,0,Matt Djonlic,,In favour,In favour,In favour,In favour,In favour,In favour,In favour,In favour,In favour,Governance & elections,2 of 2,,,https://coquitlam.ca.granicus.com/MinutesViewer.php?view_id=2&clip_id=2825&doc_id=c25e9782-0f10-11f0-8260-0266fc1e3079,https://coquitlam.ca.granicus.com/MediaPlayer.php?view_id=2&clip_id=2825,https://councilrecord.ca/coquitlam.html#vote/1vwjap6,That Council approve the 2025 Multiculturalism Advisory Committee Work Plan.
2025-03-10,Regular Council,5,Minutes of the Sports and Recreation Advisory Committee Meeting held on,Procedural,Carried,9,0,0,Craig Hodge,,In favour,In favour,In favour,In favour,In favour,In favour,In favour,In favour,In favour,Parks & recreation; Governance & elections,1 of 2,,,https://coquitlam.ca.granicus.com/MinutesViewer.php?view_id=2&clip_id=2825&doc_id=c25e9782-0f10-11f0-8260-0266fc1e3079,https://coquitlam.ca.granicus.com/MediaPlayer.php?view_id=2&clip_id=2825,https://councilrecord.ca/coquitlam.html#vote/6g9wlp,"That the Minutes of Sports and Recreation Advisory Committee Meeting held on Wednesday, February 12, 2025 be received."
2025-03-10,Regular Council,5,Minutes of the Sports and Recreation Advisory Committee Meeting held on,Main motion,Carried,9,0,0,Craig Hodge,,In favour,In favour,In favour,In favour,In favour,In favour,In favour,In favour,In favour,Parks & recreation; Governance & elections,2 of 2,,,https://coquitlam.ca.granicus.com/MinutesViewer.php?view_id=2&clip_id=2825&doc_id=c25e9782-0f10-11f0-8260-0266fc1e3079,https://coquitlam.ca.granicus.com/MediaPlayer.php?view_id=2&clip_id=2825,https://councilrecord.ca/coquitlam.html#vote/1wdz9bl,That Council approve the 2025 Sports and Recreation Advisory Committee Work Plan.
2025-03-10,Regular Council,6,Report of the General Manager Community Safety – 2025 Next Generation 911 (NG911) Application-Based Funding,Main motion,Carried,9,0,0,Brent Asmundson,,In favour,In favour,In favour,In favour,In favour,In favour,In favour,In favour,In favour,Taxes & spending; Public services,,,,https://coquitlam.ca.granicus.com/MinutesViewer.php?view_id=2&clip_id=2825&doc_id=c25e9782-0f10-11f0-8260-0266fc1e3079,https://coquitlam.ca.granicus.com/MediaPlayer.php?view_id=2&clip_id=2825,https://councilrecord.ca/coquitlam.html#vote/65kn5r,"That Council support the activities proposed in the City’s plan for the migration of 911 services to a new emergency communications network, including overall grant management, as required by the Union of BC Municipalities (UBCM) for applications to the Next Generation 911 (NG911) Application-Based Funding Program."
2025-03-10,Regular Council,7,Report of the Deputy Chief Administrative Officer – Amenity Cost Charges Program,Main motion,Carried,9,0,0,Dennis Marsden,,In favour,In favour,In favour,In favour,In favour,In favour,In favour,In favour,In favour,Development; Taxes & spending,1 of 2,,,https://coquitlam.ca.granicus.com/MinutesViewer.php?view_id=2&clip_id=2825&doc_id=c25e9782-0f10-11f0-8260-0266fc1e3079,https://coquitlam.ca.granicus.com/MediaPlayer.php?view_id=2&clip_id=2825,https://councilrecord.ca/coquitlam.html#vote/btzew3,"That Council: 1. Refer the report back to Staff to review the City’s new ACC program in the context of the Province’s newly released ACC Best Practices Guide;and, 2. Communicate with the Province regarding the critical need for an extension on the current use of density bonusing in order for the City to have sufficient time to implement ACCs given the release of the Guide."
2025-03-10,Regular Council,7,Report of the Deputy Chief Administrative Officer – Amenity Cost Charges Program,Main motion,Carried,9,0,0,Dennis Marsden,,In favour,In favour,In favour,In favour,In favour,In favour,In favour,In favour,In favour,Development; Taxes & spending,2 of 2,,,https://coquitlam.ca.granicus.com/MinutesViewer.php?view_id=2&clip_id=2825&doc_id=c25e9782-0f10-11f0-8260-0266fc1e3079,https://coquitlam.ca.granicus.com/MediaPlayer.php?view_id=2&clip_id=2825,https://councilrecord.ca/coquitlam.html#vote/1fg6trw,That the Regular Council Meeting adjourn at 7:24 p.m.
2025-03-31,Regular Council,2,Minutes of the Economic Development Advisory Committee Meeting held on,Procedural,Carried,9,0,0,Robert Mazzarolo,,In favour,In favour,In favour,In favour,In favour,In favour,In favour,In favour,In favour,Business & economy; Governance & elections,1 of 2,,,https://coquitlam.ca.granicus.com/MinutesViewer.php?view_id=2&clip_id=2831&doc_id=0cbd434e-1a19-11f0-8260-0266fc1e3079,https://coquitlam.ca.granicus.com/MediaPlayer.php?view_id=2&clip_id=2831,https://councilrecord.ca/coquitlam.html#vote/1mc5drm,"That the Minutes of the Economic Development Advisory Committee Meeting held on Wednesday, February 26, 2025 be received."
2025-03-31,Regular Council,2,Minutes of the Economic Development Advisory Committee Meeting held on,Main motion,Carried,9,0,0,Robert Mazzarolo,,In favour,In favour,In favour,In favour,In favour,In favour,In favour,In favour,In favour,Business & economy; Governance & elections,2 of 2,,,https://coquitlam.ca.granicus.com/MinutesViewer.php?view_id=2&clip_id=2831&doc_id=0cbd434e-1a19-11f0-8260-0266fc1e3079,https://coquitlam.ca.granicus.com/MediaPlayer.php?view_id=2&clip_id=2831,https://councilrecord.ca/coquitlam.html#vote/660t7t,That Council approve the 2025 Economic Development Advisory Committee Work Plan.
2025-03-31,Regular Council,3,Report of the Deputy Chief Administrative Officer – Coquitlam Public Library 2025 Budget Approval,Main motion,Carried,9,0,0,Teri Towner,,In favour,In favour,In favour,In favour,In favour,In favour,In favour,In favour,In favour,Taxes & spending; Parks & recreation,,,,https://coquitlam.ca.granicus.com/MinutesViewer.php?view_id=2&clip_id=2831&doc_id=0cbd434e-1a19-11f0-8260-0266fc1e3079,https://coquitlam.ca.granicus.com/MediaPlayer.php?view_id=2&clip_id=2831,https://councilrecord.ca/coquitlam.html#vote/h44arw,"That Council approve the Coquitlam Public Library’s 2025 Budget as referenced in Attachment 1 of the report of the Deputy Chief Administrative Officer dated March 24, 2025 and entitled “Coquitlam Public Library 2025 Budget Approval”."
2025-03-31,Regular Council,4,"Report of the Director Development Services - Final Approval of Development Application at 628 - 652 Harrison Avenue, 631 - 647 Kemsley Avenue and 661 Clarke Road – Woodbridge Developments (Oakdale) Ltd. (PROJ 22-116)",Main motion,Carried,8,0,1,Trish Mandewo,,In favour,In favour,In favour,In favour,In favour,In favour,In favour,Absent,In favour,Development; Transportation,,,,https://coquitlam.ca.granicus.com/MinutesViewer.php?view_id=2&clip_id=2831&doc_id=0cbd434e-1a19-11f0-8260-0266fc1e3079,https://coquitlam.ca.granicus.com/MediaPlayer.php?view_id=2&clip_id=2831,https://councilrecord.ca/coquitlam.html#vote/r438v,"That Council: 1. Adopt Zoning Amendment Bylaw No. 5357, 2024; and 2. Approve the signing and sealing of Development Permit No. 22 117269 DP and authorize the Mayor and Corporate Officer to execute this Permit on behalf of the City of Coquitlam."
2025-03-31,Regular Council,5,"Report of the Director Development Services - Final Approval of Development Application at 589 and 593 Westley Avenue, 648 and 650 Gardena Drive, and 584, 588, 592 and 596 Kemsley Avenue – Oakdale Limited Partnership (Strand Development) (PROJ 21-167)",Main motion,Carried,9,0,0,Brent Asmundson,,In favour,In favour,In favour,In favour,In favour,In favour,In favour,In favour,In favour,Housing & density; Development; Transportation,,,,https://coquitlam.ca.granicus.com/MinutesViewer.php?view_id=2&clip_id=2831&doc_id=0cbd434e-1a19-11f0-8260-0266fc1e3079,https://coquitlam.ca.granicus.com/MediaPlayer.php?view_id=2&clip_id=2831,https://councilrecord.ca/coquitlam.html#vote/z9zu5e,"That Council: 1. Adopt Zoning Amendment Bylaw No 5287, 2023; 2. Adopt Highway Dedication Cancellation Bylaw No. 5295, 2023; 3. Adopt Housing Agreement Bylaw No. 5403, 2024; and 4. Approve the signing and sealing of Development Permit No. 21 118811 DP and that the Mayor and Corporate Officer be authorized to execute this Permit on behalf of the City of Coquitlam."
2025-03-31,Regular Council,6,"Report of the General Manager Planning and Development - Housing Agreement Bylaw No. 5433, 2025 at 633 Gardena Drive – Strand (PROJ 24-140) Discussion ensued relative to including more family sized units within below market rentals in the unit mix.",Main motion,Carried,9,0,0,Trish Mandewo,,In favour,In favour,In favour,In favour,In favour,In favour,In favour,In favour,In favour,Housing & density,,,,https://coquitlam.ca.granicus.com/MinutesViewer.php?view_id=2&clip_id=2831&doc_id=0cbd434e-1a19-11f0-8260-0266fc1e3079,https://coquitlam.ca.granicus.com/MediaPlayer.php?view_id=2&clip_id=2831,https://councilrecord.ca/coquitlam.html#vote/n8g966,"That Council: 1. Repeal Housing Agreement Bylaw No. 5223, 2022; and 2. Give first, second, and third readings to Housing Agreement Bylaw No. 5433, 2025."
2025-03-31,Regular Council,7,"Report of the General Manager Planning and Development - Housing Agreement Amendment Bylaw No. 5417, 2025 at 2905 Glen Drive (Zone 1), Affordable Housing Reserve Fund Request, Housing Agreement Bylaw No. 5413, 2025 at 2901 Glen Drive (Zone 2) - TL Housing Solutions Ltd. and Community Land Trust (PROJ 21-182 and PROJ 22-053) Discussion ensued relative to the following:",Main motion,Carried,9,0,0,Dennis Marsden,,In favour,In favour,In favour,In favour,In favour,In favour,In favour,In favour,In favour,Housing & density; Taxes & spending,,,,https://coquitlam.ca.granicus.com/MinutesViewer.php?view_id=2&clip_id=2831&doc_id=0cbd434e-1a19-11f0-8260-0266fc1e3079,https://coquitlam.ca.granicus.com/MediaPlayer.php?view_id=2&clip_id=2831,https://councilrecord.ca/coquitlam.html#vote/12zeltc,"That Council: 1. Give first, second, and third readings to Housing Agreement Amendment Bylaw No. 5417, 2025, a bylaw to amend Housing Agreement Bylaw No. 4974, 2020; 2. Authorize in principle, a maximum contribution of $3.65 million from the Affordable Housing Reserve Fund (AHRF) to Community Land Trust, with final approval being subject to confirmation of senior government funding and a signed Housing Agreement; and 3. Give first, second, and third readings to Housing Agreement Bylaw No. 5413, 2025."
2025-03-31,Regular Council,8,Report of the Director Development Services - Development Application at 2450 United Boulevard – Beedie (United Blvd) Holdings Ltd. (PROJ 22-165) Discussion ensued relative to the following: • Opportunity for higher density applications on industrial land and requiring developers to maximize the density allowed on the land. • Methods of encouraging multi-story developments that provide jobs and,Main motion,Carried,9,0,0,Dennis Marsden,,In favour,In favour,In favour,In favour,In favour,In favour,In favour,In favour,In favour,Housing & density; Development; Business & economy,1 of 2,,,https://coquitlam.ca.granicus.com/MinutesViewer.php?view_id=2&clip_id=2831&doc_id=0cbd434e-1a19-11f0-8260-0266fc1e3079,https://coquitlam.ca.granicus.com/MediaPlayer.php?view_id=2&clip_id=2831,https://councilrecord.ca/coquitlam.html#vote/e3d7um,That Council approve the signing and sealing of Development Permit No. 22 125078 DP and authorize the Mayor and Corporate Officer to execute this Permit on behalf of the City of Coquitlam.
2025-03-31,Regular Council,8,"Janice Murphy March 31, 2025 Coquitlam, BC",Main motion,Carried,7,0,2,Craig Hodge,,In favour,In favour,In favour,Absent,In favour,Absent,In favour,In favour,In favour,Other,2 of 2,,,https://coquitlam.ca.granicus.com/MinutesViewer.php?view_id=2&clip_id=2831&doc_id=0cbd434e-1a19-11f0-8260-0266fc1e3079,https://coquitlam.ca.granicus.com/MediaPlayer.php?view_id=2&clip_id=2831,https://councilrecord.ca/coquitlam.html#vote/e5bw6z,That Council refer this item back to Staff.
2025-03-31,Regular Council,10,"Report of the Director Development Services - Development Application at 606, 608, 610A, 610B, 612, and 612A Thompson Avenue – Everglade Development Ltd. (PROJ 23-109) Discussion ensued relative to the following: • The unit mix within the development and the need for two-bedroom units. • Concerns of converting townhomes into apartments and losing unit types that",Main motion,Carried,6,1,2,Steve Kim,,In favour,In favour,In favour,Absent,In favour,Absent,In favour,Against,In favour,Housing & density; Development,,,,https://coquitlam.ca.granicus.com/MinutesViewer.php?view_id=2&clip_id=2831&doc_id=0cbd434e-1a19-11f0-8260-0266fc1e3079,https://coquitlam.ca.granicus.com/MediaPlayer.php?view_id=2&clip_id=2831,https://councilrecord.ca/coquitlam.html#vote/146uhe9,"That Council: 1. Give first, second, and third readings to Zoning Amendment Bylaw No. 5412, 2025; 2. Authorize staff to prepare Development Permit No. 23 115256 DP generally in accordance with the attached drawings (Attachment 6); and 3. Require the completion of the items listed in Attachment 1 prior to Council’s consideration of final adoption to Zoning Amendment Bylaw No. 5412, 2025."
2025-03-31,Regular Council,11,"Metro Vancouver Board in Brief (February 21, 2025) – Metro Vancouver Board Representatives Available to Respond to Questions",Main motion,Carried,7,0,2,Dennis Marsden,,In favour,In favour,In favour,Absent,In favour,Absent,In favour,In favour,In favour,Governance & elections,1 of 2,,,https://coquitlam.ca.granicus.com/MinutesViewer.php?view_id=2&clip_id=2831&doc_id=0cbd434e-1a19-11f0-8260-0266fc1e3079,https://coquitlam.ca.granicus.com/MediaPlayer.php?view_id=2&clip_id=2831,https://councilrecord.ca/coquitlam.html#vote/gwaa8w,"That Council defer this item to the April 14, 2025 Regular Council Meeting."
2025-03-31,Regular Council,11,"Metro Vancouver Board in Brief (February 21, 2025) – Metro Vancouver Board Representatives Available to Respond to Questions",Main motion,Carried,7,0,2,Dennis Marsden,,In favour,In favour,In favour,Absent,In favour,Absent,In favour,In favour,In favour,Governance & elections,2 of 2,,,https://coquitlam.ca.granicus.com/MinutesViewer.php?view_id=2&clip_id=2831&doc_id=0cbd434e-1a19-11f0-8260-0266fc1e3079,https://coquitlam.ca.granicus.com/MediaPlayer.php?view_id=2&clip_id=2831,https://councilrecord.ca/coquitlam.html#vote/1jnxhg2,That the Regular Council Meeting adjourn at 8:38 p.m.
2025-04-14,Regular Council,3,Minutes of the Community Safety Advisory Committee Meeting held on,Procedural,Carried,8,0,1,Dennis Marsden,,In favour,Absent,In favour,In favour,In favour,In favour,In favour,In favour,In favour,Public services; Governance & elections,1 of 2,,,https://coquitlam.ca.granicus.com/MinutesViewer.php?view_id=2&clip_id=2844&doc_id=86740014-2539-11f0-8260-0266fc1e3079,https://coquitlam.ca.granicus.com/MediaPlayer.php?view_id=2&clip_id=2844,https://councilrecord.ca/coquitlam.html#vote/whi6ge,"That the Minutes of the Community Safety Advisory Committee Meeting held on Wednesday, March 12, 2025 be received."
2025-04-14,Regular Council,3,Minutes of the Community Safety Advisory Committee Meeting held on,Main motion,Carried,8,0,1,Dennis Marsden,,In favour,Absent,In favour,In favour,In favour,In favour,In favour,In favour,In favour,Public services; Governance & elections,2 of 2,,,https://coquitlam.ca.granicus.com/MinutesViewer.php?view_id=2&clip_id=2844&doc_id=86740014-2539-11f0-8260-0266fc1e3079,https://coquitlam.ca.granicus.com/MediaPlayer.php?view_id=2&clip_id=2844,https://councilrecord.ca/coquitlam.html#vote/1l7nf7r,That Council approve the 2025 Community Safety Advisory Committee Work Plan.
2025-04-14,Regular Council,4,"Minutes of the Culture Services Advisory Committee Meeting held on Thursday, March 13, 2025",Procedural,Carried,8,0,1,Robert Mazzarolo,,In favour,Absent,In favour,In favour,In favour,In favour,In favour,In favour,In favour,Parks & recreation; Governance & elections,1 of 2,,,https://coquitlam.ca.granicus.com/MinutesViewer.php?view_id=2&clip_id=2844&doc_id=86740014-2539-11f0-8260-0266fc1e3079,https://coquitlam.ca.granicus.com/MediaPlayer.php?view_id=2&clip_id=2844,https://councilrecord.ca/coquitlam.html#vote/22yazy,"That the Minutes of the Culture Services Advisory Committee Meeting held on Thursday, March 13, 2025 be received."
2025-04-14,Regular Council,4,"Minutes of the Culture Services Advisory Committee Meeting held on Thursday, March 13, 2025",Main motion,Carried,8,0,1,Robert Mazzarolo,,In favour,Absent,In favour,In favour,In favour,In favour,In favour,In favour,In favour,Parks & recreation; Governance & elections,2 of 2,,,https://coquitlam.ca.granicus.com/MinutesViewer.php?view_id=2&clip_id=2844&doc_id=86740014-2539-11f0-8260-0266fc1e3079,https://coquitlam.ca.granicus.com/MediaPlayer.php?view_id=2&clip_id=2844,https://councilrecord.ca/coquitlam.html#vote/1aa6t5,That Council approve the 2025 Culture Services Advisory Committee Work Plan.
2025-04-14,Regular Council,5,"Report of the Deputy Chief Administrative Officer – 2025 Annual Tax Rates Bylaw No. 5436, 2025 Discussion ensued relative to the following:  Including language in the 2025 Tax Notice that describes the various other government agencies that the City collects taxes on behalf of.  The desire for further deferral of the activation of the new provincial tax sale",Main motion,Carried,8,0,1,Dennis Marsden,,In favour,Absent,In favour,In favour,In favour,In favour,In favour,In favour,In favour,Taxes & spending; Governance & elections,,,,https://coquitlam.ca.granicus.com/MinutesViewer.php?view_id=2&clip_id=2844&doc_id=86740014-2539-11f0-8260-0266fc1e3079,https://coquitlam.ca.granicus.com/MediaPlayer.php?view_id=2&clip_id=2844,https://councilrecord.ca/coquitlam.html#vote/1577ilw,"That Council: 1. Give first, second and third readings to the 2025 Annual Tax Rates Bylaw No. 5436, 2025; and 2. Direct staff to draft a letter on behalf of Mayor and Council to the Ministry of Municipal Affairs urging the Ministry to defer the activation of the new tax sale legislation until such time that the concerns raised by municipalities have been adequately addressed."
2025-04-14,Regular Council,6,Report of the General Manager Planning and Development - 2026-27 Eligible School Sites Proposal – School District No. 43,Main motion,Carried,7,0,2,Dennis Marsden,,In favour,Absent,In favour,In favour,Absent,In favour,In favour,In favour,In favour,Other,,,,https://coquitlam.ca.granicus.com/MinutesViewer.php?view_id=2&clip_id=2844&doc_id=86740014-2539-11f0-8260-0266fc1e3079,https://coquitlam.ca.granicus.com/MediaPlayer.php?view_id=2&clip_id=2844,https://councilrecord.ca/coquitlam.html#vote/rjyczw,That Council accept the 2026-27 Eligible School Sites Proposal submitted by School District No. 43.
2025-04-14,Regular Council,7,"Report of the General Manager Parks, Recreation, Culture and Facilities - Fraser Mills Public Amenities Engagement Results and Park Design Update",Main motion,Carried,8,0,1,Dennis Marsden,,In favour,Absent,In favour,In favour,In favour,In favour,In favour,In favour,In favour,Neighbourhood character; Parks & recreation,,,,https://coquitlam.ca.granicus.com/MinutesViewer.php?view_id=2&clip_id=2844&doc_id=86740014-2539-11f0-8260-0266fc1e3079,https://coquitlam.ca.granicus.com/MediaPlayer.php?view_id=2&clip_id=2844,https://councilrecord.ca/coquitlam.html#vote/tvx2ec,That Council direct staff to: 1. Advance Phase 1 of the Fraser Mills park network to final design; and 2. Initiate the development of a detailed Public Art Plan.
2025-04-14,Regular Council,8,"Report of the General Manager Parks, Recreation, Culture and Facilities - Recognition for Outstanding Contributions to the Community – Jean and Suzanne Lambert",Main motion,Carried,8,0,1,Richard Stewart,,In favour,Absent,In favour,In favour,In favour,In favour,In favour,In favour,In favour,Parks & recreation,,,,https://coquitlam.ca.granicus.com/MinutesViewer.php?view_id=2&clip_id=2844&doc_id=86740014-2539-11f0-8260-0266fc1e3079,https://coquitlam.ca.granicus.com/MediaPlayer.php?view_id=2&clip_id=2844,https://councilrecord.ca/coquitlam.html#vote/1m0d5yo,That Council direct staff to: 1. Recognize the contributions of Jean and Suzanne Lambert with a plaque at the Maillardville Community Centre Plaza; and 2. Consult with the family on the plaque content and complete the installation in time for the Scouts Francophones de la Colombie-Britannique 70th anniversary celebration in May 2025.
2025-04-14,Regular Council,11,"Metro Vancouver Board in Brief (February 21, 2025) Discussion ensued relative the regional benefits of Metro Vancouver and the benefits of the plan to increase external reviews of governance.",Procedural,Carried,8,0,1,Craig Hodge,,In favour,Absent,In favour,In favour,In favour,In favour,In favour,In favour,In favour,Governance & elections,1 of 2,,,https://coquitlam.ca.granicus.com/MinutesViewer.php?view_id=2&clip_id=2844&doc_id=86740014-2539-11f0-8260-0266fc1e3079,https://coquitlam.ca.granicus.com/MediaPlayer.php?view_id=2&clip_id=2844,https://councilrecord.ca/coquitlam.html#vote/1pshfb9,"That the Metro Vancouver Board in Brief dated February 21, 2025 be received for information."
2025-04-14,Regular Council,11,"Metro Vancouver Board in Brief (February 21, 2025) Discussion ensued relative the regional benefits of Metro Vancouver and the benefits of the plan to increase external reviews of governance.",Main motion,Carried,8,0,1,Dennis Marsden,,In favour,Absent,In favour,In favour,In favour,In favour,In favour,In favour,In favour,Governance & elections,2 of 2,,,https://coquitlam.ca.granicus.com/MinutesViewer.php?view_id=2&clip_id=2844&doc_id=86740014-2539-11f0-8260-0266fc1e3079,https://coquitlam.ca.granicus.com/MediaPlayer.php?view_id=2&clip_id=2844,https://councilrecord.ca/coquitlam.html#vote/19gdcaw,That the Regular Council Meeting adjourn at 8:54 p.m.
2025-04-28,Regular Council,2,"Report of the Corporate Officer – Final Adoption of 2025 Annual Tax Rates Bylaw No. 5436, 2025",Main motion,Carried,8,0,1,Trish Mandewo,,In favour,Absent,In favour,In favour,In favour,In favour,In favour,In favour,In favour,Taxes & spending,,,,https://coquitlam.ca.granicus.com/MinutesViewer.php?view_id=2&clip_id=2865&doc_id=4aca46b5-2a97-11f0-8260-0266fc1e3079,https://coquitlam.ca.granicus.com/MediaPlayer.php?view_id=2&clip_id=2865,https://councilrecord.ca/coquitlam.html#vote/ghsgdy,"That Council adopt 2025 Annual Tax Rates Bylaw No. 5436, 2025."
2025-04-28,Regular Council,3,"Report of the Director Development Services – Housing Agreement Amendment Bylaw No. 5417, 2025, Housing Agreement Bylaw No. 5413, 2025, Affordable Housing Reserve Fund Request and Development Application at 2905 and 2901 Glen Drive – TL Housing Solutions Ltd. and Community Land Trust (PROJ 21-182 and PROJ 22-053) Discussion ensued relative to the necessity of below-market and non-market housing",Main motion,Carried,8,0,1,Dennis Marsden,,In favour,Absent,In favour,In favour,In favour,In favour,In favour,In favour,In favour,Housing & density; Taxes & spending,,,,https://coquitlam.ca.granicus.com/MinutesViewer.php?view_id=2&clip_id=2865&doc_id=4aca46b5-2a97-11f0-8260-0266fc1e3079,https://coquitlam.ca.granicus.com/MediaPlayer.php?view_id=2&clip_id=2865,https://councilrecord.ca/coquitlam.html#vote/14647s9,"That Council: 1. Adopt Housing Agreement Amendment Bylaw No. 5417, 2025, a bylaw to amend Housing Agreement Bylaw No. 4974, 2020; 2. Adopt Housing Agreement Bylaw No. 5413, 2025; 3. Authorize a maximum capital contribution of $3.65 million from the Affordable Housing Reserve Fund (AHRF) to Community Land Trust to support the development of 146 non-market co-operative housing units, with final approval being subject to confirmation of senior government funding; and 4. Approve the signing and sealing of Development Permit No. 22 108158 DP, which includes variances noted in this Report of the Director Development Services dated April 17, 2025 and titled “Housing Agreement Amendment Bylaw No. 5417, 2025, Housing Agreement Bylaw No. 5413, 2025, Affordable Housing Reserve Fund Request and Development Application at 2905 and 2901 Glen Drive – TL Housing Solutions Ltd. and Community Land Trust (PROJ 21-182 and PROJ 22-053)” and permit and authorize the Mayor and Corporate Officer to execute this Permit on behalf of the City of Coquitlam Council, subject to the final adoption of a Housing Agreement."
2025-04-28,Regular Council,4,Report of the Director Development Services – Development Application at 910 Westwood Street – Empire Design Corp. (PROJ 23-097),Main motion,Carried,8,0,1,Craig Hodge,,In favour,Absent,In favour,In favour,In favour,In favour,In favour,In favour,In favour,Development; Neighbourhood character,,,,https://coquitlam.ca.granicus.com/MinutesViewer.php?view_id=2&clip_id=2865&doc_id=4aca46b5-2a97-11f0-8260-0266fc1e3079,https://coquitlam.ca.granicus.com/MediaPlayer.php?view_id=2&clip_id=2865,https://councilrecord.ca/coquitlam.html#vote/33skvq,"That Council: 1. Give first reading to Heritage Revitalization Agreement Authorization Bylaw No. 5407, 2025 and Heritage Designation Bylaw No. 5408, 2025; 2. Refer Bylaw Nos. 5407, 2025 and 5408, 2025 to Public Hearing; and 3. Instruct staff to complete the listed items in Attachment 1 – Heritage Revitalization Agreement and Heritage Designation Prerequisites prior to Council’s consideration of final adoption, should Council grant second and third readings to the Bylaws."
2025-04-28,Regular Council,5,Report of the Deputy Chief Administrative Officer – Amenity Cost Charges Program,Main motion,Carried,8,0,1,Trish Mandewo,,In favour,Absent,In favour,In favour,In favour,In favour,In favour,In favour,In favour,Development; Taxes & spending,1 of 2,,,https://coquitlam.ca.granicus.com/MinutesViewer.php?view_id=2&clip_id=2865&doc_id=4aca46b5-2a97-11f0-8260-0266fc1e3079,https://coquitlam.ca.granicus.com/MediaPlayer.php?view_id=2&clip_id=2865,https://councilrecord.ca/coquitlam.html#vote/14oezxv,"That Council: 1. Direct staff to proceed with the consultation outlined in the report of the Deputy Chief Administrative Officer dated April 17, 2025 and entitled “Amenity Cost Charges Program” which is considered appropriate for consultation with the public and the persons, public authorities and organizations that will be affected by the proposed Amenity Cost Charges Program, pursuant to section 570.3(1) of the Local Government Act; and 2. Report back to Council summarizing the results of the consultation."
2025-04-28,Regular Council,5,Report of the Deputy Chief Administrative Officer – Amenity Cost Charges Program,Main motion,Carried,8,0,1,Dennis Marsden,,In favour,Absent,In favour,In favour,In favour,In favour,In favour,In favour,In favour,Development; Taxes & spending,2 of 2,,,https://coquitlam.ca.granicus.com/MinutesViewer.php?view_id=2&clip_id=2865&doc_id=4aca46b5-2a97-11f0-8260-0266fc1e3079,https://coquitlam.ca.granicus.com/MediaPlayer.php?view_id=2&clip_id=2865,https://councilrecord.ca/coquitlam.html#vote/rd67sr,That the Regular Council Meeting adjourn at 7:55 p.m.
2025-05-05,Regular Council,2,"Report of the Corporate Officer – Final Adoption of Housing Agreement Bylaw No. 5433, 2025",Main motion,Carried,8,0,1,Dennis Marsden,,In favour,Absent,In favour,In favour,In favour,In favour,In favour,In favour,In favour,Housing & density,,,,https://coquitlam.ca.granicus.com/MinutesViewer.php?view_id=2&clip_id=2870&doc_id=e1d95e10-300e-11f0-8260-0266fc1e3079,https://coquitlam.ca.granicus.com/MediaPlayer.php?view_id=2&clip_id=2870,https://councilrecord.ca/coquitlam.html#vote/e0n126,"That Council adopt Housing Agreement Bylaw No. 5433, 2025."
2025-05-05,Regular Council,3,Report of the Director Development Services - Proposed Approach for Processing In-Stream Development Applications Affected by Small-Scale Multi-Unit Housing Implementation,Main motion,Carried,8,0,1,Trish Mandewo,,In favour,Absent,In favour,In favour,In favour,In favour,In favour,In favour,In favour,Housing & density; Transportation; Environment & climate,,,,https://coquitlam.ca.granicus.com/MinutesViewer.php?view_id=2&clip_id=2870&doc_id=e1d95e10-300e-11f0-8260-0266fc1e3079,https://coquitlam.ca.granicus.com/MediaPlayer.php?view_id=2&clip_id=2870,https://councilrecord.ca/coquitlam.html#vote/vfau1b,"That Council: 1. Endorse the proposed transition approaches for in-stream development applications affected by Small-Scale Multi-Unit Housing Implementation as outlined in the report of the Director Development Services dated April 28, 2025 and entitled “Proposed Approach for Processing In-Stream Development Applications Affected by Small-Scale Multi-Unit Housing Implementation”; and 2. Direct staff to review the multiplex component of the Housing Choices program, including the use of the RT-3 (R-4) zone and associated Official Community Plan (OCP) policies, following the implementation of the Small-Scale Multi-Unit Housing program."
2025-05-05,Regular Council,4,Report of the Deputy Chief Administrative Officer - 2024 Consolidated Financial Statements and Financial Results,Main motion,Carried,8,0,1,Dennis Marsden,,In favour,Absent,In favour,In favour,In favour,In favour,In favour,In favour,In favour,Taxes & spending,,,,https://coquitlam.ca.granicus.com/MinutesViewer.php?view_id=2&clip_id=2870&doc_id=e1d95e10-300e-11f0-8260-0266fc1e3079,https://coquitlam.ca.granicus.com/MediaPlayer.php?view_id=2&clip_id=2870,https://councilrecord.ca/coquitlam.html#vote/2mpbdm,"That Council approve the 2024 Consolidated Financial Statements included in Attachment 1 of the report of the Deputy Chief Administrative Officer dated April 28, 2025 and entitled “2024 Consolidated Financial Statements and Financial Results”."
2025-05-05,Regular Council,5,"Report of the General Manager Parks, Recreation, Culture and Facilities - Burke Mountain Athletic Park Final Design and Construction Procurement",Main motion,Carried,7,0,2,Craig Hodge,,In favour,Absent,In favour,In favour,Absent,In favour,In favour,In favour,In favour,Taxes & spending; Parks & recreation,,,,https://coquitlam.ca.granicus.com/MinutesViewer.php?view_id=2&clip_id=2870&doc_id=e1d95e10-300e-11f0-8260-0266fc1e3079,https://coquitlam.ca.granicus.com/MediaPlayer.php?view_id=2&clip_id=2870,https://councilrecord.ca/coquitlam.html#vote/1evyoda,"That Council: 1. Approve the final design for Burke Mountain Athletic Park as per the report of the General Manager Parks, Recreation, Culture and Facilities dated April 28, 2025 and entitled “Burke Mountain Athletic Park Final Design and Construction Procurement”; and 2. Authorize staff to proceed to procurement within the approved capital project budget."
2025-05-12,Regular Council,2,"Minutes of the Accessibility and Inclusion Advisory Committee Meeting held on Tuesday, April 1, 2025",Procedural,Carried,8,0,1,Matt Djonlic,,In favour,Absent,In favour,In favour,In favour,In favour,In favour,In favour,In favour,Public services; Governance & elections,,,,https://coquitlam.ca.granicus.com/MinutesViewer.php?view_id=2&clip_id=2880&doc_id=4c8d3c64-4656-11f0-8260-0266fc1e3079,https://coquitlam.ca.granicus.com/MediaPlayer.php?view_id=2&clip_id=2880,https://councilrecord.ca/coquitlam.html#vote/1n5una8,"That the Minutes of the Accessibility and Inclusion Advisory Committee Meeting held on Tuesday, April 1, 2025 be received."
2025-05-12,Regular Council,3,"Minutes of the Sustainability and Environmental Advisory Committee Meeting held on Tuesday, April 8, 2025",Procedural,Carried,8,0,1,Steve Kim,,In favour,Absent,In favour,In favour,In favour,In favour,In favour,In favour,In favour,Environment & climate; Public services; Governance & elections,,,,https://coquitlam.ca.granicus.com/MinutesViewer.php?view_id=2&clip_id=2880&doc_id=4c8d3c64-4656-11f0-8260-0266fc1e3079,https://coquitlam.ca.granicus.com/MediaPlayer.php?view_id=2&clip_id=2880,https://councilrecord.ca/coquitlam.html#vote/zhfjl7,"That the Minutes of the Sustainability and Environmental Advisory Committee Meeting held on Tuesday, April 8, 2025 be received"
2025-05-12,Regular Council,4,"Heritage Revitalization Agreement Authorization Bylaw No. 5407, 2025 and Heritage Designation Bylaw No. 5408, 2025 – 910 Westwood Street Discussion ensued relative to the following:  Support for the form and character of the design that aligns with the overall look and feel of the neighbourhood and other heritage homes  Support for designating heritage homes in Coquitlam.",Main motion,Carried,8,0,1,Craig Hodge,,In favour,Absent,In favour,In favour,In favour,In favour,In favour,In favour,In favour,Development; Neighbourhood character,,,,https://coquitlam.ca.granicus.com/MinutesViewer.php?view_id=2&clip_id=2880&doc_id=4c8d3c64-4656-11f0-8260-0266fc1e3079,https://coquitlam.ca.granicus.com/MediaPlayer.php?view_id=2&clip_id=2880,https://councilrecord.ca/coquitlam.html#vote/1otlfjy,"That Council give second and third readings to Heritage Revitalization Agreement Authorization Bylaw No. 5407, 2025 and Heritage Designation Bylaw No. 5408, 2025."
2025-05-12,Regular Council,5,Report of the Director Development Services - Final Approval of Development Application at 963 and 973 Edgar Avenue – Flat Architecture Inc. (PROJ 20-020),Main motion,Carried,8,0,1,Craig Hodge,,In favour,Absent,In favour,In favour,In favour,In favour,In favour,In favour,In favour,Development,,,,https://coquitlam.ca.granicus.com/MinutesViewer.php?view_id=2&clip_id=2880&doc_id=4c8d3c64-4656-11f0-8260-0266fc1e3079,https://coquitlam.ca.granicus.com/MediaPlayer.php?view_id=2&clip_id=2880,https://councilrecord.ca/coquitlam.html#vote/j9ftld,"That Council adopt Zoning Amendment Bylaw No. 5337, 2023."
2025-05-12,Regular Council,6,Report of the General Manager Planning and Development - Small-Scale Multi-Unit Housing Implementation – Adoption Procedures Discussion ensued relative to the following:  Challenges related to the provincially mandated housing changes and prohibited public hearings.  The value of hosting Public Hearings and providing a forum for the public to,Main motion,Carried,8,0,1,Dennis Marsden,,In favour,Absent,In favour,In favour,In favour,In favour,In favour,In favour,In favour,Housing & density; Governance & elections,,,,https://coquitlam.ca.granicus.com/MinutesViewer.php?view_id=2&clip_id=2880&doc_id=4c8d3c64-4656-11f0-8260-0266fc1e3079,https://coquitlam.ca.granicus.com/MediaPlayer.php?view_id=2&clip_id=2880,https://councilrecord.ca/coquitlam.html#vote/vdd9b,"That the foregoing motion be amended by adding “, notwithstanding Council’s support for public hearings,“ after “That”."
2025-05-12,Regular Council,7,"Report of the General Manager Planning and Development - Housing Agreement Bylaw No. 5438, 2025 at 290 Laval Square (PROJ 24-093) and Housing Agreement Bylaw No. 5437, 2025 at 602 Sydney Avenue (PROJ 24-094) – S.U.C.C.E.S.S.",Main motion,Carried,7,0,2,Teri Towner,,In favour,Absent,In favour,In favour,In favour,Absent,In favour,In favour,In favour,Housing & density,,,,https://coquitlam.ca.granicus.com/MinutesViewer.php?view_id=2&clip_id=2880&doc_id=4c8d3c64-4656-11f0-8260-0266fc1e3079,https://coquitlam.ca.granicus.com/MediaPlayer.php?view_id=2&clip_id=2880,https://councilrecord.ca/coquitlam.html#vote/9zx3ws,"That Council: 1. Give first, second, and third readings to Housing Agreement Bylaw No. 5438, 2025; and 2. Give first, second, and third readings to Housing Agreement Bylaw No. 5437, 2025."
2025-05-12,Regular Council,8,"Report of the Deputy Chief Administrative Officer - Development Cost Charges Bylaw No. 5411, 2025",Main motion,Carried,8,0,1,Dennis Marsden,,In favour,Absent,In favour,In favour,In favour,In favour,In favour,In favour,In favour,Development; Taxes & spending,,,,https://coquitlam.ca.granicus.com/MinutesViewer.php?view_id=2&clip_id=2880&doc_id=4c8d3c64-4656-11f0-8260-0266fc1e3079,https://coquitlam.ca.granicus.com/MediaPlayer.php?view_id=2&clip_id=2880,https://councilrecord.ca/coquitlam.html#vote/z9cjye,"That Council give first, second and third readings to Development Cost Charges Bylaw No. 5411, 2025."
2025-05-12,Regular Council,9,Report of the Deputy Chief Administrative Officer and the General Manager Planning and Development - Responding to Market Conditions: Temporary Adjustment to Density Bonus Collections,Main motion,Carried,7,1,1,Dennis Marsden,,In favour,Absent,In favour,In favour,In favour,In favour,In favour,Against,In favour,Housing & density,1 of 2,,,https://coquitlam.ca.granicus.com/MinutesViewer.php?view_id=2&clip_id=2880&doc_id=4c8d3c64-4656-11f0-8260-0266fc1e3079,https://coquitlam.ca.granicus.com/MediaPlayer.php?view_id=2&clip_id=2880,https://councilrecord.ca/coquitlam.html#vote/1bfqiwv,"That Council authorize a temporary, one-time adjustment to Density Bonus amounts payable for Building Permits issued before July 31, 2025 or as amended and extended as outlined in the report of the Deputy Chief Administrative Officer and General Manager Planning and Development entitled “Responding to Market Conditions: Temporary Adjustment to Density Bonus Collections”."
2025-05-12,Regular Council,9,Report of the Deputy Chief Administrative Officer and the General Manager Planning and Development - Responding to Market Conditions: Temporary Adjustment to Density Bonus Collections,Main motion,Carried,8,0,1,Dennis Marsden,,In favour,Absent,In favour,In favour,In favour,In favour,In favour,In favour,In favour,Housing & density,2 of 2,,,https://coquitlam.ca.granicus.com/MinutesViewer.php?view_id=2&clip_id=2880&doc_id=4c8d3c64-4656-11f0-8260-0266fc1e3079,https://coquitlam.ca.granicus.com/MediaPlayer.php?view_id=2&clip_id=2880,https://councilrecord.ca/coquitlam.html#vote/1onys0c,That the Regular Council Meeting adjourn at 8:40 p.m.
2025-06-09,Regular Council,2,Report of the General Manager Planning and Development and the General Manager Engineering and Public Works - Small-Scale Multi-Unit Housing Implementation - Zoning Amendment Bylaw and Related Amending Bylaws Discussion ensued relative to the following:  The public consultation and engagement initiatives related to Small-Scale Multi-Unit Housing (SSMUH).,Main motion,Carried,9,0,0,Dennis Marsden,,In favour,In favour,In favour,In favour,In favour,In favour,In favour,In favour,In favour,Housing & density; Development,,,,https://coquitlam.ca.granicus.com/MinutesViewer.php?view_id=2&clip_id=2906&doc_id=98a363af-52ba-11f0-8260-0266fc1e3079,https://coquitlam.ca.granicus.com/MediaPlayer.php?view_id=2&clip_id=2906,https://councilrecord.ca/coquitlam.html#vote/t33z4b,"That Council: 1. Give first, second, and third readings to and adopt Zoning Amendment Bylaw No. 5449, 2025 (Attachment 2) to implement the provincial Small-Scale Multi-Unit Housing legislation, as required under the Local Government Act; 2. Give first, second, and third readings to the following bylaws to effect certain housekeeping amendments to implement the Small-Scale Multi-Unit Housing legislation and support clear, effective and efficient administration (Attachments 6 through 14, respectively): a. Development Procedures Amendment Bylaw No. 5450, 2025; Agenda – Regular Council Meeting b. Fees and Charges Amendment Bylaw No. 5451, 2025; c. Civic Addressing Amendment Bylaw No. 5452, 2025; d. Water Distribution Amendment Bylaw No. 5453, 2025; e. Stream and Drainage System Protection Amendment Bylaw No. 5454, 2025; f. Sign Amendment Bylaw No. 5457, 2025; g. Bylaw Notice Enforcement Amendment Bylaw No. 5458, 2025; h. Sewer and Drainage Amendment Bylaw No. 5459, 2025; and i. Subdivision and Development Servicing Amendment Bylaw No. 5462, 2025; 3. Endorse housekeeping revisions to the Good Neighbour Development Policy to align with Small-Scale Multi-Unit Housing implementation (Attachment 16); 4. Direct staff to notify the Province about the adoption of Zoning Amendment Bylaw No. 5449, 2025 and documentation regarding exempt properties, in accordance with the provisions of the Local Government Act; 5. Send a letter under the Mayor’s signature on behalf of City Council to the Honourable Ravi Kahlon, Minister of Housing and Municipal Affairs, outlining how the City’s Small-Scale Multi-Unit Housing implementation has been thoughtfully considered with the Provincial Guidelines to advance this housing form and addresses the concerns raised in the letter received from the Minister dated May 29, 2025 (Attachment 17); 6. Direct staff to initiate public consultation on Official Community Plan policies for Small-Scale Multi-Unit Housing implementation, as outlined in the section entitled Policy Development and Community Engagement on page 7 of this report, in accordance with the provisions of the Local Government Act; and 7. Direct staff to undertake a Townhouse and Rowhouse Review, incorporating a review of the multiplex component of the Housing Choices program and the use of the RT-3 (proposed R-4) zone plus associated policies in the Official Community Plan, in consideration of preparing the 2026 Business Plan."
2025-06-09,Regular Council,3,"Report of the Director Development Services - Development Application at 290 Laval Square – Integra Architecture, CPA Development Consultants and S.U.C.C.E.S.S. (PROJ 24-093)",Main motion,Carried,8,0,1,Dennis Marsden,,In favour,In favour,In favour,In favour,In favour,Absent,In favour,In favour,In favour,Housing & density; Development,,,,https://coquitlam.ca.granicus.com/MinutesViewer.php?view_id=2&clip_id=2906&doc_id=98a363af-52ba-11f0-8260-0266fc1e3079,https://coquitlam.ca.granicus.com/MediaPlayer.php?view_id=2&clip_id=2906,https://councilrecord.ca/coquitlam.html#vote/9ps9qt,"That Council: 1. Adopt Housing Agreement Bylaw 5438, 2025 (Attachment 4); and 2. Approve the signing and sealing of Development Permit No. 24 112921 DP (Attachment 6), which includes variances noted in this report and permit and authorize the Mayor and Corporate Officer to execute this Permit on behalf of the City of Coquitlam."
2025-06-09,Regular Council,4,"Report of the Director Development Services – Development Application at 602 Sydney Avenue – Integra Architecture, CPA Development Consultants and S.U.C.C.E.S.S. (PROJ 24-094) Discussion ensued relative to the significance of providing new seniors housing in Coquitlam that will enable residents to age in place in the City and expressing gratitude to S.U.C.C.E.S.S. for their collaboration on these types of projects.",Main motion,Carried,8,0,1,Dennis Marsden,,In favour,In favour,In favour,In favour,In favour,Absent,In favour,In favour,In favour,Housing & density; Development; Public services,,,,https://coquitlam.ca.granicus.com/MinutesViewer.php?view_id=2&clip_id=2906&doc_id=98a363af-52ba-11f0-8260-0266fc1e3079,https://coquitlam.ca.granicus.com/MediaPlayer.php?view_id=2&clip_id=2906,https://councilrecord.ca/coquitlam.html#vote/1to8ara,"That Council: 1. Adopt Housing Agreement Bylaw No. 5437, 2025 (Attachment 4); and 2. Approve the signing and sealing of Development Permit No. 24 112918 DP (Attachment 6), which includes variances noted in this report and permit and authorize the Mayor and Corporate Officer to execute this Permit on behalf of the City of Coquitlam."
2025-06-09,Regular Council,5,Report of the General Manager Planning and Development - Expanded Works and Services Authorities and Servicing Officer Designation,Main motion,Carried,9,0,0,Brent Asmundson,,In favour,In favour,In favour,In favour,In favour,In favour,In favour,In favour,In favour,Development,,,,https://coquitlam.ca.granicus.com/MinutesViewer.php?view_id=2&clip_id=2906&doc_id=98a363af-52ba-11f0-8260-0266fc1e3079,https://coquitlam.ca.granicus.com/MediaPlayer.php?view_id=2&clip_id=2906,https://councilrecord.ca/coquitlam.html#vote/nmha19,"That Council give first, second, and third readings to Subdivision and Development Servicing Amendment Bylaw No. 5463, 2025."
2025-06-09,Regular Council,6,"Report of the General Manager Planning and Development - Housing Agreement Bylaw No. 5442, 2025 at 748-770 Sproule Avenue and Housing Agreement Bylaw No. 5441, 2025 at 947-957 Robinson Street – Woodbridge Homes Ltd. (PROJ 23-149 and PROJ 23-153) Discussion ensued relative to the following:  Appreciation for the amended application that incorporates Council’s",Main motion,Carried,9,0,0,Trish Mandewo,,In favour,In favour,In favour,In favour,In favour,In favour,In favour,In favour,In favour,Housing & density; Transportation,,,,https://coquitlam.ca.granicus.com/MinutesViewer.php?view_id=2&clip_id=2906&doc_id=98a363af-52ba-11f0-8260-0266fc1e3079,https://coquitlam.ca.granicus.com/MediaPlayer.php?view_id=2&clip_id=2906,https://councilrecord.ca/coquitlam.html#vote/180g2bk,"That Council: 1. Give first, second, and third readings to Housing Agreement Bylaw No. 5442, 2025; and 2. Give first, second, and third readings to Housing Agreement Bylaw No. 5441, 2025."
2025-06-09,Regular Council,7,"Report of the Director Development Services – Development Application at 567, 599, 601 Lougheed Hwy, 605, 609, 611 Edgar Ave, 350, 366 Guilby St – 1163837 BC Ltd. (PROJ 21-188) Discussion ensued relative to the following:  Appreciation for the inclusion of market rentals and childcare spaces and the need for more developments to consider including these elements in",Main motion,Carried,9,0,0,Brent Asmundson,,In favour,In favour,In favour,In favour,In favour,In favour,In favour,In favour,In favour,Housing & density; Development; Public services,,,,https://coquitlam.ca.granicus.com/MinutesViewer.php?view_id=2&clip_id=2906&doc_id=98a363af-52ba-11f0-8260-0266fc1e3079,https://coquitlam.ca.granicus.com/MediaPlayer.php?view_id=2&clip_id=2906,https://councilrecord.ca/coquitlam.html#vote/1x1up23,"That Council: 1. Give first, second, and third readings to Zoning Amendment Bylaw No. 5409, 2025; 2. Authorize staff to prepare Development Permit No. 21 120499 DP generally in accordance with the attached drawings (Attachment 6), which includes setback siting exception variances (Attachment 7); 3. Give first, second, and third readings to Highway Dedication Cancellation Bylaw No. 5426, 2025; 4. Direct Highway Dedication Cancellation Bylaw No. 5426, 2025 to be advertised in accordance with the requirements of the Community Charter; and Agenda – Regular Council Meeting 5. Require the completion of the items listed in Attachment 1 prior to Council’s consideration of final adoption, should Council grant second and third readings Zoning Amendment Bylaw No. 5409, 2025."
2025-06-09,Regular Council,8,"Report of the Director Development Services – Additional Third Reading Extension – Development Procedures Amendment Bylaw No. 5468, 2025 Discussion ensued relative to the opportunity to present the City’s efforts in reducing the pressure on the development community to the BC Minister of Housing and Municipal Affairs at UBCM.",Main motion,Carried,9,0,0,Dennis Marsden,,In favour,In favour,In favour,In favour,In favour,In favour,In favour,In favour,In favour,Housing & density; Development; Governance & elections,,,,https://coquitlam.ca.granicus.com/MinutesViewer.php?view_id=2&clip_id=2906&doc_id=98a363af-52ba-11f0-8260-0266fc1e3079,https://coquitlam.ca.granicus.com/MediaPlayer.php?view_id=2&clip_id=2906,https://councilrecord.ca/coquitlam.html#vote/13g3sdi,"That Council give first, second, and third readings to Development Procedures Amendment Bylaw No. 5468, 2025."
2025-06-09,Regular Council,9,Report of the Director Development Services – Third Reading Extension of Development Application at 1230 Mitchell Street – Morningsun Homes Ltd. (PROJ 21-131),Main motion,Carried,8,0,1,Craig Hodge,,In favour,In favour,In favour,In favour,In favour,In favour,In favour,Absent,In favour,Development,,,,https://coquitlam.ca.granicus.com/MinutesViewer.php?view_id=2&clip_id=2906&doc_id=98a363af-52ba-11f0-8260-0266fc1e3079,https://coquitlam.ca.granicus.com/MediaPlayer.php?view_id=2&clip_id=2906,https://councilrecord.ca/coquitlam.html#vote/xllwar,"That Council extend Third Reading of Zoning Amendment Bylaw No. 5306, 2023 for an additional 12-month period to June 5, 2026."
2025-06-09,Regular Council,10,Report of the General Manager Community Safety - 2025 UBCM Community Excellence Awards Application – Building Safer Communities Program,Main motion,Carried,8,0,1,Dennis Marsden,,In favour,In favour,In favour,In favour,Absent,In favour,In favour,In favour,In favour,Taxes & spending; Public services; Governance & elections,,,,https://coquitlam.ca.granicus.com/MinutesViewer.php?view_id=2&clip_id=2906&doc_id=98a363af-52ba-11f0-8260-0266fc1e3079,https://coquitlam.ca.granicus.com/MediaPlayer.php?view_id=2&clip_id=2906,https://councilrecord.ca/coquitlam.html#vote/1eeia7h,"That Council endorse the City of Coquitlam’s application to the 2025 UBCM Community Excellence Awards, as outlined in the report of the General Manager Community Safety dated June 2, 2025 and entitled “2025 UBCM Community Excellence Awards Application - Building Safer Communities Program”."
2025-06-09,Regular Council,11,Report of the Deputy Chief Administrative Officer – Resolution for Submission to the 2025 Union of British Columbia Municipalities Annual Convention Discussion ensued relative to the following:  The role Development Cost Charges play in ensuring the City can build infrastructure supporting population growth.  The need to ensure cities are kept financially stable if there are legislated,Main motion,Carried,9,0,0,Dennis Marsden,,In favour,In favour,In favour,In favour,In favour,In favour,In favour,In favour,In favour,Development; Taxes & spending; Business & economy; Governance & elections,,,,https://coquitlam.ca.granicus.com/MinutesViewer.php?view_id=2&clip_id=2906&doc_id=98a363af-52ba-11f0-8260-0266fc1e3079,https://coquitlam.ca.granicus.com/MediaPlayer.php?view_id=2&clip_id=2906,https://councilrecord.ca/coquitlam.html#vote/14ouah2,"That Council endorse the resolution “Provincial Development Cost Charges Deferment Program”, set out in Attachment 1 of the Report of the Deputy Chief Administrative Officer, dated June 2, 2025 and entitled “Resolution for Submission to the 2025 Union of British Columbia Municipalities Annual Convention.”"
2025-06-09,Regular Council,12,"Report of the Deputy Chief Administrative Officer - Festivals and Events Strategy Update Discussion ensued relative to tracking attendance at events, rightsizing events to venues, and ensuring health and safety standards are adhered to. Agenda – Regular Council Meeting",Main motion,Carried,9,0,0,Robert Mazzarolo,,In favour,In favour,In favour,In favour,In favour,In favour,In favour,In favour,In favour,Taxes & spending; Parks & recreation; Public services; Business & economy,1 of 2,,,https://coquitlam.ca.granicus.com/MinutesViewer.php?view_id=2&clip_id=2906&doc_id=98a363af-52ba-11f0-8260-0266fc1e3079,https://coquitlam.ca.granicus.com/MediaPlayer.php?view_id=2&clip_id=2906,https://councilrecord.ca/coquitlam.html#vote/1b7vg9x,"That Council approve the allocation of $100,000 from the Tourism Reserve to fund the development of the Festivals and Events Strategy."
2025-06-09,Regular Council,12,"Report of the Deputy Chief Administrative Officer - Festivals and Events Strategy Update Discussion ensued relative to tracking attendance at events, rightsizing events to venues, and ensuring health and safety standards are adhered to. Agenda – Regular Council Meeting",Main motion,Carried,9,0,0,Steve Kim,,In favour,In favour,In favour,In favour,In favour,In favour,In favour,In favour,In favour,Parks & recreation; Public services,2 of 2,,,https://coquitlam.ca.granicus.com/MinutesViewer.php?view_id=2&clip_id=2906&doc_id=98a363af-52ba-11f0-8260-0266fc1e3079,https://coquitlam.ca.granicus.com/MediaPlayer.php?view_id=2&clip_id=2906,https://councilrecord.ca/coquitlam.html#vote/pjeqcj,That the Regular Council Meeting adjourn at 8:59 p.m.
2025-06-23,Regular Council,1,"Janet Klopp June 11, 2025 Coquitlam, BC",Main motion,Carried,9,0,0,Brent Asmundson,,In favour,In favour,In favour,In favour,In favour,In favour,In favour,In favour,In favour,Other,1 of 2,,,https://coquitlam.ca.granicus.com/MinutesViewer.php?view_id=2&clip_id=2932&doc_id=d7552c52-5c18-11f0-8260-0266fc1e3079,https://coquitlam.ca.granicus.com/MediaPlayer.php?view_id=2&clip_id=2932,https://councilrecord.ca/coquitlam.html#vote/lmoqga,"That Council: 1. Approve the 2024 Annual Report, included as Attachment 1 to the report of the Director Finance dated June 16, 2025, and entitled “2024 Annual Financial Reports”; 2. Approve the 2024 Statement of Financial Information, included as Attachment 2 to the report of the Director Finance dated June 16, 2025, and entitled “2024 Annual Financial Reports”; 3. Approve the 2024 Development Cost Charges (DCC) Report, included as Attachment 3 to the report of the Director Finance dated June 16, 2025, and entitled “2024 Annual Financial Reports”; and 4. Approve the 2024 Treasury Report, included as Attachment 4 to the report of the Director Finance dated June 16, 2025, and entitled “2024 Annual Financial Reports”."
2025-06-23,Regular Council,3,"Report of the Acting Corporate Officer - Final Adoption of Development Cost Charges Bylaw No. 5411, 2025",Main motion,Carried,9,0,0,Dennis Marsden,,In favour,In favour,In favour,In favour,In favour,In favour,In favour,In favour,In favour,Development; Taxes & spending,1 of 2,,,https://coquitlam.ca.granicus.com/MinutesViewer.php?view_id=2&clip_id=2932&doc_id=d7552c52-5c18-11f0-8260-0266fc1e3079,https://coquitlam.ca.granicus.com/MediaPlayer.php?view_id=2&clip_id=2932,https://councilrecord.ca/coquitlam.html#vote/qe09ny,"That Council adopt Development Cost Charges Bylaw No. 5411, 2025."
2025-06-23,Regular Council,4,Report of the Acting Corporate Officer - Final Adoption of Small-Scale Multi-Unit Housing Implementation – Related Amending Bylaws,Main motion,Carried,9,0,0,Trish Mandewo,,In favour,In favour,In favour,In favour,In favour,In favour,In favour,In favour,In favour,Housing & density; Governance & elections,1 of 2,,,https://coquitlam.ca.granicus.com/MinutesViewer.php?view_id=2&clip_id=2932&doc_id=d7552c52-5c18-11f0-8260-0266fc1e3079,https://coquitlam.ca.granicus.com/MediaPlayer.php?view_id=2&clip_id=2932,https://councilrecord.ca/coquitlam.html#vote/n3zors,"That Council adopt the following bylaws to effect certain housekeeping amendments to implement the Small-Scale Multi-Unit Housing legislation and support clear, effective and efficient administration: a. Development Procedures Amendment Bylaw No. 5450, 2025 (Attachment 1); b. Fees and Charges Amendment Bylaw No. 5451, 2025 (Attachment 2); c. Civic Addressing Amendment Bylaw No. 5452, 2025 (Attachment 3); d. Water Distribution Amendment Bylaw No. 5453, 2025 (Attachment 4); e. Stream and Drainage System Protection Amendment Bylaw No. 5454, 2025 (Attachment 5); f. Sign Amendment Bylaw No. 5457, 2025 (Attachment 6); g. Bylaw Notice Enforcement Amendment Bylaw No. 5458, 2025 (Attachment 7); h. Sewer and Drainage Amendment Bylaw No. 5459, 2025 (Attachment 8); and i. Subdivision and Development Servicing Amendment Bylaw No. 5462, 2025 (Attachment 9)."
2025-06-23,Regular Council,5,"Report of the Acting Corporate Officer - Final Adoption of Subdivision and Development Servicing Amendment Bylaw No. 5463, 2025",Main motion,Carried,9,0,0,Matt Djonlic,,In favour,In favour,In favour,In favour,In favour,In favour,In favour,In favour,In favour,Development,1 of 2,,,https://coquitlam.ca.granicus.com/MinutesViewer.php?view_id=2&clip_id=2932&doc_id=d7552c52-5c18-11f0-8260-0266fc1e3079,https://coquitlam.ca.granicus.com/MediaPlayer.php?view_id=2&clip_id=2932,https://councilrecord.ca/coquitlam.html#vote/1escf6h,"That Council adopt Subdivision and Development Servicing Amendment Bylaw No. 5463, 2025."
2025-06-23,Regular Council,6,"Report of the Acting Corporate Officer - Final Adoption of Development Procedures Amendment Bylaw No. 5468, 2025",Main motion,Carried,9,0,0,Teri Towner,,In favour,In favour,In favour,In favour,In favour,In favour,In favour,In favour,In favour,Development; Governance & elections,1 of 2,,,https://coquitlam.ca.granicus.com/MinutesViewer.php?view_id=2&clip_id=2932&doc_id=d7552c52-5c18-11f0-8260-0266fc1e3079,https://coquitlam.ca.granicus.com/MediaPlayer.php?view_id=2&clip_id=2932,https://councilrecord.ca/coquitlam.html#vote/1w4gkce,"That Council adopt Development Procedures Amendment Bylaw No. 5468, 2025."
2025-06-23,Regular Council,7,"Report of the Deputy Chief Administrative Officer – Amenity Cost Charges Bylaw No. 5432, 2025 Discussion ensued relative to:  Concerns about the impacts to the development of affordable housing resulting from the elimination of Development Cost Charges, limited funding, and a one-size fits all approach from the Provincial government on",Main motion,Carried,9,0,0,Dennis Marsden,,In favour,In favour,In favour,In favour,In favour,In favour,In favour,In favour,In favour,Housing & density; Development; Taxes & spending,1 of 2,,,https://coquitlam.ca.granicus.com/MinutesViewer.php?view_id=2&clip_id=2932&doc_id=d7552c52-5c18-11f0-8260-0266fc1e3079,https://coquitlam.ca.granicus.com/MediaPlayer.php?view_id=2&clip_id=2932,https://councilrecord.ca/coquitlam.html#vote/1drj2j8,"That Council: 1. Give first, second and third readings to Amenity Cost Charges Bylaw No. 5432, 2025; 2. Authorize the inclusion of allowable interest in the 2025 ACC Program as outlined in the report from the Deputy Chief Administrative Officer, dated June 16, 2025, entitled Amenity Cost Charges Bylaw No. 5432, 2025; and 3. Give first, second, and third readings to Reserve Fund Establishment Amendment Bylaw No. 5467, 2025."
2025-06-23,Regular Council,8,"Report of the General Manager Parks, Recreation, Culture and Facilities - Spirit of Coquitlam Grant – 2025 Spring Intake Results",Main motion,Carried,8,0,1,Brent Asmundson,,In favour,In favour,In favour,In favour,In favour,Absent,In favour,In favour,In favour,Taxes & spending; Parks & recreation,1 of 4,,,https://coquitlam.ca.granicus.com/MinutesViewer.php?view_id=2&clip_id=2932&doc_id=d7552c52-5c18-11f0-8260-0266fc1e3079,https://coquitlam.ca.granicus.com/MediaPlayer.php?view_id=2&clip_id=2932,https://councilrecord.ca/coquitlam.html#vote/1lykgg6,"That Council endorse the disbursement to S.U.C.C.E.S.S. for the Spirit of Coquitlam Grant totaling $20,000 for the Spring 2025 intake."
2025-06-23,Regular Council,8,"Report of the General Manager Parks, Recreation, Culture and Facilities - Spirit of Coquitlam Grant – 2025 Spring Intake Results",Main motion,Carried,9,0,0,Brent Asmundson,,In favour,In favour,In favour,In favour,In favour,In favour,In favour,In favour,In favour,Taxes & spending; Parks & recreation,2 of 4,,,https://coquitlam.ca.granicus.com/MinutesViewer.php?view_id=2&clip_id=2932&doc_id=d7552c52-5c18-11f0-8260-0266fc1e3079,https://coquitlam.ca.granicus.com/MediaPlayer.php?view_id=2&clip_id=2932,https://councilrecord.ca/coquitlam.html#vote/4c09eg,"That Council endorse the disbursements of the Spirit of Coquitlam Grant totaling $163,417 for the Spring 2025 intake."
2025-06-23,Regular Council,9,"Report of the General Manager Parks, Recreation, Culture and Facilities - Major Facilities Roadmap",Main motion,Carried,9,0,0,Brent Asmundson,,In favour,In favour,In favour,In favour,In favour,In favour,In favour,In favour,In favour,Parks & recreation,1 of 2,,,https://coquitlam.ca.granicus.com/MinutesViewer.php?view_id=2&clip_id=2932&doc_id=d7552c52-5c18-11f0-8260-0266fc1e3079,https://coquitlam.ca.granicus.com/MediaPlayer.php?view_id=2&clip_id=2932,https://councilrecord.ca/coquitlam.html#vote/ow4hqy,"That Council endorse the Major Facilities Roadmap as presented in the report of the General Manager Parks, Recreation, Culture and Facilities dated June 16, 2025 and entitled “Major Facilities Roadmap”."
2025-06-23,Regular Council,10,"Report of the General Manager Parks, Recreation, Culture and Facilities - Final 2025-2035 Sports Field Strategy",Main motion,Carried,8,0,1,Brent Asmundson,,Absent,In favour,In favour,In favour,In favour,In favour,In favour,In favour,In favour,Housing & density; Parks & recreation,1 of 2,,,https://coquitlam.ca.granicus.com/MinutesViewer.php?view_id=2&clip_id=2932&doc_id=d7552c52-5c18-11f0-8260-0266fc1e3079,https://coquitlam.ca.granicus.com/MediaPlayer.php?view_id=2&clip_id=2932,https://councilrecord.ca/coquitlam.html#vote/zrnw43,"That Council: 1. Endorse the Coquitlam Sports Field Strategy 2025-2035; and 2. Direct staff to implement a community youth group rental fee for artificial turf to be phased in at 1/3 in 2026, 2/3 in 2027 and 100% in 2028."
2025-06-23,Regular Council,11,Report of the General Manager Engineering and Public Works and the General Manager Planning and Development - Implementation of Stormwater Management for Small-Scale Residential Developments Discussion ensued relative to exploring opportunities to mitigate the impacts of impermeable surfaces on drainage and stormwater systems.,Main motion,Carried,8,0,1,Brent Asmundson,,Absent,In favour,In favour,In favour,In favour,In favour,In favour,In favour,In favour,Housing & density; Environment & climate; Public services,1 of 2,,,https://coquitlam.ca.granicus.com/MinutesViewer.php?view_id=2&clip_id=2932&doc_id=d7552c52-5c18-11f0-8260-0266fc1e3079,https://coquitlam.ca.granicus.com/MediaPlayer.php?view_id=2&clip_id=2932,https://councilrecord.ca/coquitlam.html#vote/nntkj7,"That Council: 1. Endorse the implementation of on-site stormwater management requirements for small-scale residential developments as outlined in this report entitled “Implementation of Stormwater Management for Small-Scale Residential Developments” and dated June 16, 2025; and 2. Authorize staff to complete amendments to the applicable City policy and design manual and proceed with guideline development and an information campaign to enable implementation of this program."
2025-06-23,Regular Council,12,Report of the Director Development Services - Final Approval of Rezoning at 817 Edgar Avenue – Zako Development Inc. (PROJ 22-106),Main motion,Carried,8,0,1,Matt Djonlic,,Absent,In favour,In favour,In favour,In favour,In favour,In favour,In favour,In favour,Development,1 of 2,,,https://coquitlam.ca.granicus.com/MinutesViewer.php?view_id=2&clip_id=2932&doc_id=d7552c52-5c18-11f0-8260-0266fc1e3079,https://coquitlam.ca.granicus.com/MediaPlayer.php?view_id=2&clip_id=2932,https://councilrecord.ca/coquitlam.html#vote/yb3nud,"That Council: 1. Adopt Zoning Amendment Bylaw No. 5414, 2025; 2. If Zoning Amendment Bylaw No. 5414, 2025 is adopted by Council, give first and second readings to Zoning Revision Bylaw No. 5472, 2025; 3. Receive the Corporate Officer’s certification that the proposed revision bylaw has been revised in accordance with the bylaw authorizing the revision; and 4. Give third reading to Zoning Revision Bylaw No. 5472, 2025."
2025-06-23,Regular Council,13,Report of the Director Development Services - Final Approval of Development Application at 3480 Queenston Court – Noura Homes Ltd. (PROJ 21-008) Discussion ensued relative to historical encroachment challenges and responsibilities related to Streamside Protection and Enhancement Areas.,Main motion,Carried,8,0,1,Craig Hodge,,Absent,In favour,In favour,In favour,In favour,In favour,In favour,In favour,In favour,Development; Environment & climate,1 of 2,,,https://coquitlam.ca.granicus.com/MinutesViewer.php?view_id=2&clip_id=2932&doc_id=d7552c52-5c18-11f0-8260-0266fc1e3079,https://coquitlam.ca.granicus.com/MediaPlayer.php?view_id=2&clip_id=2932,https://councilrecord.ca/coquitlam.html#vote/1cwuv8q,"That Council: 1. Adopt Zoning Amendment Bylaw No. 5422, 2024; 2. If Zoning Amendment Bylaw No. 5422, 2024 is adopted by Council, give first and second readings to Zoning Revision Bylaw No. 5471, 2025; 3. Receive the Corporate Officer's certification that the proposed revised bylaw has been revised in accordance with the bylaw authorizing the revision; and 4. Give third reading to Zoning Revision Bylaw No. 5471, 2025."
2025-06-23,Regular Council,14,Report of the Director Development Services - Final Approval of Development Application at 3530 Highland Drive – Noura Construction Ltd. (PROJ 18-085),Main motion,Carried,8,0,1,Matt Djonlic,,Absent,In favour,In favour,In favour,In favour,In favour,In favour,In favour,In favour,Development,1 of 2,,,https://coquitlam.ca.granicus.com/MinutesViewer.php?view_id=2&clip_id=2932&doc_id=d7552c52-5c18-11f0-8260-0266fc1e3079,https://coquitlam.ca.granicus.com/MediaPlayer.php?view_id=2&clip_id=2932,https://councilrecord.ca/coquitlam.html#vote/fwr8m3,"That Council: 1. Adopt Zoning Amendment Bylaw No. 5035, 2024; 2. If Zoning Amendment Bylaw No. 5035, 2024 is adopted by Council, give first and second readings to Zoning Revision Bylaw No. 5469, 2025; 3. Receive the Corporate Officer’s certification that the proposed revision bylaw has been revised in accordance with the bylaw authorizing the revision; and 4. Give third reading to Zoning Revision Bylaw No. 5469, 2025."
2025-06-23,Regular Council,15,Report of the Director Development Services - Final Approval of Development Application at 400 and 402 Nelson Street – Golden Brick Construction (PROJ 22-129),Main motion,Carried,8,0,1,Brent Asmundson,,Absent,In favour,In favour,In favour,In favour,In favour,In favour,In favour,In favour,Development,1 of 2,,,https://coquitlam.ca.granicus.com/MinutesViewer.php?view_id=2&clip_id=2932&doc_id=d7552c52-5c18-11f0-8260-0266fc1e3079,https://coquitlam.ca.granicus.com/MediaPlayer.php?view_id=2&clip_id=2932,https://councilrecord.ca/coquitlam.html#vote/7ge063,"That Council: 1. Adopt Zoning Amendment Bylaw No. 5430, 2025; 2. If Zoning Amendment Bylaw No. 5430, 2025 is adopted by Council, give first and second readings to Zoning Revision Bylaw No. 5470, 2025; Agenda – Regular Council Meeting 3. Receive the Corporate Officer’s certification that the proposed revision bylaw has been revised in accordance with the bylaw authorizing the revision; and 4. Give third reading to Zoning Revision Bylaw No. 5470, 2025."
2025-06-23,Regular Council,16,Report of the Director Development Services – Conservation Permit 25 106845 CP – To Complete the Remaining Southern Bank Stabilization Works for the Sheep Paddocks Trail at 502 Lougheed Highway and 200 ƛéxətəm Road,Main motion,Carried,8,0,1,Dennis Marsden,,Absent,In favour,In favour,In favour,In favour,In favour,In favour,In favour,In favour,Transportation; Parks & recreation,1 of 2,,,https://coquitlam.ca.granicus.com/MinutesViewer.php?view_id=2&clip_id=2932&doc_id=d7552c52-5c18-11f0-8260-0266fc1e3079,https://coquitlam.ca.granicus.com/MediaPlayer.php?view_id=2&clip_id=2932,https://councilrecord.ca/coquitlam.html#vote/17xoul5,"That Council authorize the issuance of Conservation Permit 25 106845 CP, with conditions (Attachment 1)."
2025-06-23,Regular Council,17,Report of the Director Development Services – Development Application at 1145 Inlet Street – Ledingham McAllister (PROJ 22-097) Discussion ensued relative to the following:  Concerns regarding the potential removal of below-market rental housing within the proposed development.  Concerns related to tenant displacement and the opportunity for tenant,Main motion,Carried,9,0,0,Trish Mandewo,,In favour,In favour,In favour,In favour,In favour,In favour,In favour,In favour,In favour,Housing & density; Development,1 of 2,,,https://coquitlam.ca.granicus.com/MinutesViewer.php?view_id=2&clip_id=2932&doc_id=d7552c52-5c18-11f0-8260-0266fc1e3079,https://coquitlam.ca.granicus.com/MediaPlayer.php?view_id=2&clip_id=2932,https://councilrecord.ca/coquitlam.html#vote/9avhmo,"That Council: 1. Give first reading to Citywide Official Community Plan Amendment Bylaw No. 5466, 2025; 2. In accordance with the Local Government Act, consider Bylaw No. 5466, 2025, in conjunction with 2025-2029 Financial Plan Bylaw No. 5428, 2024, the Regional Solid Waste Management Plan, and the Housing Needs Report; 3. Give first reading to Zoning Amendment Bylaw No. 5456, 2025; 4. Refer Bylaw Nos. 5466, 2025 and 5456, 2025 to Public Hearing; and 5. Require the completion of the items listed in Attachment 1 prior to Council’s consideration of final adoption to Citywide Official Community Plan Amendment Bylaw No. 5466, 2025 and Zoning Amendment Bylaw No. 5456, 2025."
2025-06-23,Regular Council,18,"Report of the Director Development Services – Housing Agreement Bylaw No. 5243, 2023 at 1155, 1159 Pipeline Road and 1110 Inlet Street – Ledingham- McAllister Properties Ltd. (PROJ 21-078) Discussion ensued relative to changes to the Housing Agreement and alignment with BC Housing eligibility and income requirements.",Main motion,Carried,9,0,0,Teri Towner,,In favour,In favour,In favour,In favour,In favour,In favour,In favour,In favour,In favour,Housing & density,1 of 2,,,https://coquitlam.ca.granicus.com/MinutesViewer.php?view_id=2&clip_id=2932&doc_id=d7552c52-5c18-11f0-8260-0266fc1e3079,https://coquitlam.ca.granicus.com/MediaPlayer.php?view_id=2&clip_id=2932,https://councilrecord.ca/coquitlam.html#vote/8ixz54,"That Council: 1. Rescind first, second, and third readings of Housing Agreement Bylaw No. 5243, 2023; and 2. Give first, second, and third readings to revised Housing Agreement Bylaw No. 5243, 2023."
2025-06-23,Regular Council,19,Report of the Director Development Services - Third Reading Extension of Development Application at 323 North Road – Hanin Investment Group (PROJ 21-121),Main motion,Carried,9,0,0,Dennis Marsden,,In favour,In favour,In favour,In favour,In favour,In favour,In favour,In favour,In favour,Development,1 of 4,,,https://coquitlam.ca.granicus.com/MinutesViewer.php?view_id=2&clip_id=2932&doc_id=d7552c52-5c18-11f0-8260-0266fc1e3079,https://coquitlam.ca.granicus.com/MediaPlayer.php?view_id=2&clip_id=2932,https://councilrecord.ca/coquitlam.html#vote/12mbusm,"That Council extend Third Reading of Zoning Amendment Bylaw No. 5196, 2022 for an additional 12-month period to June 23, 2026."
2025-06-23,Regular Council,19,Report of the Director Development Services - Third Reading Extension of Development Application at 323 North Road – Hanin Investment Group (PROJ 21-121),Main motion,Carried,9,0,0,Dennis Marsden,,In favour,In favour,In favour,In favour,In favour,In favour,In favour,In favour,In favour,Other,2 of 4,,,https://coquitlam.ca.granicus.com/MinutesViewer.php?view_id=2&clip_id=2932&doc_id=d7552c52-5c18-11f0-8260-0266fc1e3079,https://coquitlam.ca.granicus.com/MediaPlayer.php?view_id=2&clip_id=2932,https://councilrecord.ca/coquitlam.html#vote/1f7ytuj,That the Regular Council Meeting adjourn at 10:14 p.m.
2025-06-23,Regular Council,1,"Janet Klopp June 11, 2025 Coquitlam, BC",Main motion,Carried,9,0,0,Brent Asmundson,,In favour,In favour,In favour,In favour,In favour,In favour,In favour,In favour,In favour,Other,2 of 2,,,https://coquitlam.ca.granicus.com/MinutesViewer.php?view_id=2&clip_id=2937&doc_id=b457cc49-5c18-11f0-8260-0266fc1e3079,https://coquitlam.ca.granicus.com/MediaPlayer.php?view_id=2&clip_id=2937,https://councilrecord.ca/coquitlam.html#vote/lmoqga-2,"That Council: 1. Approve the 2024 Annual Report, included as Attachment 1 to the report of the Director Finance dated June 16, 2025, and entitled “2024 Annual Financial Reports”; 2. Approve the 2024 Statement of Financial Information, included as Attachment 2 to the report of the Director Finance dated June 16, 2025, and entitled “2024 Annual Financial Reports”; 3. Approve the 2024 Development Cost Charges (DCC) Report, included as Attachment 3 to the report of the Director Finance dated June 16, 2025, and entitled “2024 Annual Financial Reports”; and 4. Approve the 2024 Treasury Report, included as Attachment 4 to the report of the Director Finance dated June 16, 2025, and entitled “2024 Annual Financial Reports”."
2025-06-23,Regular Council,3,"Report of the Acting Corporate Officer - Final Adoption of Development Cost Charges Bylaw No. 5411, 2025",Main motion,Carried,9,0,0,Dennis Marsden,,In favour,In favour,In favour,In favour,In favour,In favour,In favour,In favour,In favour,Development; Taxes & spending,2 of 2,,,https://coquitlam.ca.granicus.com/MinutesViewer.php?view_id=2&clip_id=2937&doc_id=b457cc49-5c18-11f0-8260-0266fc1e3079,https://coquitlam.ca.granicus.com/MediaPlayer.php?view_id=2&clip_id=2937,https://councilrecord.ca/coquitlam.html#vote/qe09ny-2,"That Council adopt Development Cost Charges Bylaw No. 5411, 2025."
2025-06-23,Regular Council,4,Report of the Acting Corporate Officer - Final Adoption of Small-Scale Multi-Unit Housing Implementation – Related Amending Bylaws,Main motion,Carried,9,0,0,Trish Mandewo,,In favour,In favour,In favour,In favour,In favour,In favour,In favour,In favour,In favour,Housing & density; Governance & elections,2 of 2,,,https://coquitlam.ca.granicus.com/MinutesViewer.php?view_id=2&clip_id=2937&doc_id=b457cc49-5c18-11f0-8260-0266fc1e3079,https://coquitlam.ca.granicus.com/MediaPlayer.php?view_id=2&clip_id=2937,https://councilrecord.ca/coquitlam.html#vote/n3zors-2,"That Council adopt the following bylaws to effect certain housekeeping amendments to implement the Small-Scale Multi-Unit Housing legislation and support clear, effective and efficient administration: a. Development Procedures Amendment Bylaw No. 5450, 2025 (Attachment 1); b. Fees and Charges Amendment Bylaw No. 5451, 2025 (Attachment 2); c. Civic Addressing Amendment Bylaw No. 5452, 2025 (Attachment 3); d. Water Distribution Amendment Bylaw No. 5453, 2025 (Attachment 4); e. Stream and Drainage System Protection Amendment Bylaw No. 5454, 2025 (Attachment 5); f. Sign Amendment Bylaw No. 5457, 2025 (Attachment 6); g. Bylaw Notice Enforcement Amendment Bylaw No. 5458, 2025 (Attachment 7); h. Sewer and Drainage Amendment Bylaw No. 5459, 2025 (Attachment 8); and i. Subdivision and Development Servicing Amendment Bylaw No. 5462, 2025 (Attachment 9)."
2025-06-23,Regular Council,5,"Report of the Acting Corporate Officer - Final Adoption of Subdivision and Development Servicing Amendment Bylaw No. 5463, 2025",Main motion,Carried,9,0,0,Matt Djonlic,,In favour,In favour,In favour,In favour,In favour,In favour,In favour,In favour,In favour,Development,2 of 2,,,https://coquitlam.ca.granicus.com/MinutesViewer.php?view_id=2&clip_id=2937&doc_id=b457cc49-5c18-11f0-8260-0266fc1e3079,https://coquitlam.ca.granicus.com/MediaPlayer.php?view_id=2&clip_id=2937,https://councilrecord.ca/coquitlam.html#vote/1escf6h-2,"That Council adopt Subdivision and Development Servicing Amendment Bylaw No. 5463, 2025."
2025-06-23,Regular Council,6,"Report of the Acting Corporate Officer - Final Adoption of Development Procedures Amendment Bylaw No. 5468, 2025",Main motion,Carried,9,0,0,Teri Towner,,In favour,In favour,In favour,In favour,In favour,In favour,In favour,In favour,In favour,Development; Governance & elections,2 of 2,,,https://coquitlam.ca.granicus.com/MinutesViewer.php?view_id=2&clip_id=2937&doc_id=b457cc49-5c18-11f0-8260-0266fc1e3079,https://coquitlam.ca.granicus.com/MediaPlayer.php?view_id=2&clip_id=2937,https://councilrecord.ca/coquitlam.html#vote/1w4gkce-2,"That Council adopt Development Procedures Amendment Bylaw No. 5468, 2025."
2025-06-23,Regular Council,7,"Report of the Deputy Chief Administrative Officer – Amenity Cost Charges Bylaw No. 5432, 2025 Discussion ensued relative to:  Concerns about the impacts to the development of affordable housing resulting from the elimination of Development Cost Charges, limited funding, and a one-size fits all approach from the Provincial government on",Main motion,Carried,9,0,0,Dennis Marsden,,In favour,In favour,In favour,In favour,In favour,In favour,In favour,In favour,In favour,Housing & density; Development; Taxes & spending,2 of 2,,,https://coquitlam.ca.granicus.com/MinutesViewer.php?view_id=2&clip_id=2937&doc_id=b457cc49-5c18-11f0-8260-0266fc1e3079,https://coquitlam.ca.granicus.com/MediaPlayer.php?view_id=2&clip_id=2937,https://councilrecord.ca/coquitlam.html#vote/1drj2j8-2,"That Council: 1. Give first, second and third readings to Amenity Cost Charges Bylaw No. 5432, 2025; 2. Authorize the inclusion of allowable interest in the 2025 ACC Program as outlined in the report from the Deputy Chief Administrative Officer, dated June 16, 2025, entitled Amenity Cost Charges Bylaw No. 5432, 2025; and 3. Give first, second, and third readings to Reserve Fund Establishment Amendment Bylaw No. 5467, 2025."
2025-06-23,Regular Council,8,"Report of the General Manager Parks, Recreation, Culture and Facilities - Spirit of Coquitlam Grant – 2025 Spring Intake Results",Main motion,Carried,8,0,1,Brent Asmundson,,In favour,In favour,In favour,In favour,In favour,Absent,In favour,In favour,In favour,Taxes & spending; Parks & recreation,3 of 4,,,https://coquitlam.ca.granicus.com/MinutesViewer.php?view_id=2&clip_id=2937&doc_id=b457cc49-5c18-11f0-8260-0266fc1e3079,https://coquitlam.ca.granicus.com/MediaPlayer.php?view_id=2&clip_id=2937,https://councilrecord.ca/coquitlam.html#vote/1lykgg6-2,"That Council endorse the disbursement to S.U.C.C.E.S.S. for the Spirit of Coquitlam Grant totaling $20,000 for the Spring 2025 intake."
2025-06-23,Regular Council,8,"Report of the General Manager Parks, Recreation, Culture and Facilities - Spirit of Coquitlam Grant – 2025 Spring Intake Results",Main motion,Carried,9,0,0,Brent Asmundson,,In favour,In favour,In favour,In favour,In favour,In favour,In favour,In favour,In favour,Taxes & spending; Parks & recreation,4 of 4,,,https://coquitlam.ca.granicus.com/MinutesViewer.php?view_id=2&clip_id=2937&doc_id=b457cc49-5c18-11f0-8260-0266fc1e3079,https://coquitlam.ca.granicus.com/MediaPlayer.php?view_id=2&clip_id=2937,https://councilrecord.ca/coquitlam.html#vote/4c09eg-2,"That Council endorse the disbursements of the Spirit of Coquitlam Grant totaling $163,417 for the Spring 2025 intake."
2025-06-23,Regular Council,9,"Report of the General Manager Parks, Recreation, Culture and Facilities - Major Facilities Roadmap",Main motion,Carried,9,0,0,Brent Asmundson,,In favour,In favour,In favour,In favour,In favour,In favour,In favour,In favour,In favour,Parks & recreation,2 of 2,,,https://coquitlam.ca.granicus.com/MinutesViewer.php?view_id=2&clip_id=2937&doc_id=b457cc49-5c18-11f0-8260-0266fc1e3079,https://coquitlam.ca.granicus.com/MediaPlayer.php?view_id=2&clip_id=2937,https://councilrecord.ca/coquitlam.html#vote/ow4hqy-2,"That Council endorse the Major Facilities Roadmap as presented in the report of the General Manager Parks, Recreation, Culture and Facilities dated June 16, 2025 and entitled “Major Facilities Roadmap”."
2025-06-23,Regular Council,10,"Report of the General Manager Parks, Recreation, Culture and Facilities - Final 2025-2035 Sports Field Strategy",Main motion,Carried,8,0,1,Brent Asmundson,,Absent,In favour,In favour,In favour,In favour,In favour,In favour,In favour,In favour,Housing & density; Parks & recreation,2 of 2,,,https://coquitlam.ca.granicus.com/MinutesViewer.php?view_id=2&clip_id=2937&doc_id=b457cc49-5c18-11f0-8260-0266fc1e3079,https://coquitlam.ca.granicus.com/MediaPlayer.php?view_id=2&clip_id=2937,https://councilrecord.ca/coquitlam.html#vote/zrnw43-2,"That Council: 1. Endorse the Coquitlam Sports Field Strategy 2025-2035; and 2. Direct staff to implement a community youth group rental fee for artificial turf to be phased in at 1/3 in 2026, 2/3 in 2027 and 100% in 2028."
2025-06-23,Regular Council,11,Report of the General Manager Engineering and Public Works and the General Manager Planning and Development - Implementation of Stormwater Management for Small-Scale Residential Developments Discussion ensued relative to exploring opportunities to mitigate the impacts of impermeable surfaces on drainage and stormwater systems.,Main motion,Carried,8,0,1,Brent Asmundson,,Absent,In favour,In favour,In favour,In favour,In favour,In favour,In favour,In favour,Housing & density; Environment & climate; Public services,2 of 2,,,https://coquitlam.ca.granicus.com/MinutesViewer.php?view_id=2&clip_id=2937&doc_id=b457cc49-5c18-11f0-8260-0266fc1e3079,https://coquitlam.ca.granicus.com/MediaPlayer.php?view_id=2&clip_id=2937,https://councilrecord.ca/coquitlam.html#vote/nntkj7-2,"That Council: 1. Endorse the implementation of on-site stormwater management requirements for small-scale residential developments as outlined in this report entitled “Implementation of Stormwater Management for Small-Scale Residential Developments” and dated June 16, 2025; and 2. Authorize staff to complete amendments to the applicable City policy and design manual and proceed with guideline development and an information campaign to enable implementation of this program."
2025-06-23,Regular Council,12,Report of the Director Development Services - Final Approval of Rezoning at 817 Edgar Avenue – Zako Development Inc. (PROJ 22-106),Main motion,Carried,8,0,1,Matt Djonlic,,Absent,In favour,In favour,In favour,In favour,In favour,In favour,In favour,In favour,Development,2 of 2,,,https://coquitlam.ca.granicus.com/MinutesViewer.php?view_id=2&clip_id=2937&doc_id=b457cc49-5c18-11f0-8260-0266fc1e3079,https://coquitlam.ca.granicus.com/MediaPlayer.php?view_id=2&clip_id=2937,https://councilrecord.ca/coquitlam.html#vote/yb3nud-2,"That Council: 1. Adopt Zoning Amendment Bylaw No. 5414, 2025; 2. If Zoning Amendment Bylaw No. 5414, 2025 is adopted by Council, give first and second readings to Zoning Revision Bylaw No. 5472, 2025; 3. Receive the Corporate Officer’s certification that the proposed revision bylaw has been revised in accordance with the bylaw authorizing the revision; and 4. Give third reading to Zoning Revision Bylaw No. 5472, 2025."
2025-06-23,Regular Council,13,Report of the Director Development Services - Final Approval of Development Application at 3480 Queenston Court – Noura Homes Ltd. (PROJ 21-008) Discussion ensued relative to historical encroachment challenges and responsibilities related to Streamside Protection and Enhancement Areas.,Main motion,Carried,8,0,1,Craig Hodge,,Absent,In favour,In favour,In favour,In favour,In favour,In favour,In favour,In favour,Development; Environment & climate,2 of 2,,,https://coquitlam.ca.granicus.com/MinutesViewer.php?view_id=2&clip_id=2937&doc_id=b457cc49-5c18-11f0-8260-0266fc1e3079,https://coquitlam.ca.granicus.com/MediaPlayer.php?view_id=2&clip_id=2937,https://councilrecord.ca/coquitlam.html#vote/1cwuv8q-2,"That Council: 1. Adopt Zoning Amendment Bylaw No. 5422, 2024; 2. If Zoning Amendment Bylaw No. 5422, 2024 is adopted by Council, give first and second readings to Zoning Revision Bylaw No. 5471, 2025; 3. Receive the Corporate Officer's certification that the proposed revised bylaw has been revised in accordance with the bylaw authorizing the revision; and 4. Give third reading to Zoning Revision Bylaw No. 5471, 2025."
2025-06-23,Regular Council,14,Report of the Director Development Services - Final Approval of Development Application at 3530 Highland Drive – Noura Construction Ltd. (PROJ 18-085),Main motion,Carried,8,0,1,Matt Djonlic,,Absent,In favour,In favour,In favour,In favour,In favour,In favour,In favour,In favour,Development,2 of 2,,,https://coquitlam.ca.granicus.com/MinutesViewer.php?view_id=2&clip_id=2937&doc_id=b457cc49-5c18-11f0-8260-0266fc1e3079,https://coquitlam.ca.granicus.com/MediaPlayer.php?view_id=2&clip_id=2937,https://councilrecord.ca/coquitlam.html#vote/fwr8m3-2,"That Council: 1. Adopt Zoning Amendment Bylaw No. 5035, 2024; 2. If Zoning Amendment Bylaw No. 5035, 2024 is adopted by Council, give first and second readings to Zoning Revision Bylaw No. 5469, 2025; 3. Receive the Corporate Officer’s certification that the proposed revision bylaw has been revised in accordance with the bylaw authorizing the revision; and 4. Give third reading to Zoning Revision Bylaw No. 5469, 2025."
2025-06-23,Regular Council,15,Report of the Director Development Services - Final Approval of Development Application at 400 and 402 Nelson Street – Golden Brick Construction (PROJ 22-129),Main motion,Carried,8,0,1,Brent Asmundson,,Absent,In favour,In favour,In favour,In favour,In favour,In favour,In favour,In favour,Development,2 of 2,,,https://coquitlam.ca.granicus.com/MinutesViewer.php?view_id=2&clip_id=2937&doc_id=b457cc49-5c18-11f0-8260-0266fc1e3079,https://coquitlam.ca.granicus.com/MediaPlayer.php?view_id=2&clip_id=2937,https://councilrecord.ca/coquitlam.html#vote/7ge063-2,"That Council: 1. Adopt Zoning Amendment Bylaw No. 5430, 2025; 2. If Zoning Amendment Bylaw No. 5430, 2025 is adopted by Council, give first and second readings to Zoning Revision Bylaw No. 5470, 2025; Agenda – Regular Council Meeting 3. Receive the Corporate Officer’s certification that the proposed revision bylaw has been revised in accordance with the bylaw authorizing the revision; and 4. Give third reading to Zoning Revision Bylaw No. 5470, 2025."
2025-06-23,Regular Council,16,Report of the Director Development Services – Conservation Permit 25 106845 CP – To Complete the Remaining Southern Bank Stabilization Works for the Sheep Paddocks Trail at 502 Lougheed Highway and 200 ƛéxətəm Road,Main motion,Carried,8,0,1,Dennis Marsden,,Absent,In favour,In favour,In favour,In favour,In favour,In favour,In favour,In favour,Transportation; Parks & recreation,2 of 2,,,https://coquitlam.ca.granicus.com/MinutesViewer.php?view_id=2&clip_id=2937&doc_id=b457cc49-5c18-11f0-8260-0266fc1e3079,https://coquitlam.ca.granicus.com/MediaPlayer.php?view_id=2&clip_id=2937,https://councilrecord.ca/coquitlam.html#vote/17xoul5-2,"That Council authorize the issuance of Conservation Permit 25 106845 CP, with conditions (Attachment 1)."
2025-06-23,Regular Council,17,Report of the Director Development Services – Development Application at 1145 Inlet Street – Ledingham McAllister (PROJ 22-097) Discussion ensued relative to the following:  Concerns regarding the potential removal of below-market rental housing within the proposed development.  Concerns related to tenant displacement and the opportunity for tenant,Main motion,Carried,9,0,0,Trish Mandewo,,In favour,In favour,In favour,In favour,In favour,In favour,In favour,In favour,In favour,Housing & density; Development,2 of 2,,,https://coquitlam.ca.granicus.com/MinutesViewer.php?view_id=2&clip_id=2937&doc_id=b457cc49-5c18-11f0-8260-0266fc1e3079,https://coquitlam.ca.granicus.com/MediaPlayer.php?view_id=2&clip_id=2937,https://councilrecord.ca/coquitlam.html#vote/9avhmo-2,"That Council: 1. Give first reading to Citywide Official Community Plan Amendment Bylaw No. 5466, 2025; 2. In accordance with the Local Government Act, consider Bylaw No. 5466, 2025, in conjunction with 2025-2029 Financial Plan Bylaw No. 5428, 2024, the Regional Solid Waste Management Plan, and the Housing Needs Report; 3. Give first reading to Zoning Amendment Bylaw No. 5456, 2025; 4. Refer Bylaw Nos. 5466, 2025 and 5456, 2025 to Public Hearing; and 5. Require the completion of the items listed in Attachment 1 prior to Council’s consideration of final adoption to Citywide Official Community Plan Amendment Bylaw No. 5466, 2025 and Zoning Amendment Bylaw No. 5456, 2025."
2025-06-23,Regular Council,18,"Report of the Director Development Services – Housing Agreement Bylaw No. 5243, 2023 at 1155, 1159 Pipeline Road and 1110 Inlet Street – Ledingham- McAllister Properties Ltd. (PROJ 21-078) Discussion ensued relative to changes to the Housing Agreement and alignment with BC Housing eligibility and income requirements.",Main motion,Carried,9,0,0,Teri Towner,,In favour,In favour,In favour,In favour,In favour,In favour,In favour,In favour,In favour,Housing & density,2 of 2,,,https://coquitlam.ca.granicus.com/MinutesViewer.php?view_id=2&clip_id=2937&doc_id=b457cc49-5c18-11f0-8260-0266fc1e3079,https://coquitlam.ca.granicus.com/MediaPlayer.php?view_id=2&clip_id=2937,https://councilrecord.ca/coquitlam.html#vote/8ixz54-2,"That Council: 1. Rescind first, second, and third readings of Housing Agreement Bylaw No. 5243, 2023; and 2. Give first, second, and third readings to revised Housing Agreement Bylaw No. 5243, 2023."
2025-06-23,Regular Council,19,Report of the Director Development Services - Third Reading Extension of Development Application at 323 North Road – Hanin Investment Group (PROJ 21-121),Main motion,Carried,9,0,0,Dennis Marsden,,In favour,In favour,In favour,In favour,In favour,In favour,In favour,In favour,In favour,Development,3 of 4,,,https://coquitlam.ca.granicus.com/MinutesViewer.php?view_id=2&clip_id=2937&doc_id=b457cc49-5c18-11f0-8260-0266fc1e3079,https://coquitlam.ca.granicus.com/MediaPlayer.php?view_id=2&clip_id=2937,https://councilrecord.ca/coquitlam.html#vote/12mbusm-2,"That Council extend Third Reading of Zoning Amendment Bylaw No. 5196, 2022 for an additional 12-month period to June 23, 2026."
2025-06-23,Regular Council,19,Report of the Director Development Services - Third Reading Extension of Development Application at 323 North Road – Hanin Investment Group (PROJ 21-121),Main motion,Carried,9,0,0,Dennis Marsden,,In favour,In favour,In favour,In favour,In favour,In favour,In favour,In favour,In favour,Other,4 of 4,,,https://coquitlam.ca.granicus.com/MinutesViewer.php?view_id=2&clip_id=2937&doc_id=b457cc49-5c18-11f0-8260-0266fc1e3079,https://coquitlam.ca.granicus.com/MediaPlayer.php?view_id=2&clip_id=2937,https://councilrecord.ca/coquitlam.html#vote/1f7ytuj-2,That the Regular Council Meeting adjourn at 10:14 p.m.
2025-07-07,Regular Council,2,Minutes of the Economic Development Advisory Committee Meeting held on,Procedural,Carried,9,0,0,Robert Mazzarolo,,In favour,In favour,In favour,In favour,In favour,In favour,In favour,In favour,In favour,Business & economy; Governance & elections,,,,https://coquitlam.ca.granicus.com/MinutesViewer.php?view_id=2&clip_id=2951&doc_id=9ca5b8fe-6c9d-11f0-8260-0266fc1e3079,https://coquitlam.ca.granicus.com/MediaPlayer.php?view_id=2&clip_id=2951,https://councilrecord.ca/coquitlam.html#vote/19rc1wy,"That the Minutes of the Economic Development Advisory Committee Meeting held on Wednesday, May 21, 2025 be received."
2025-07-07,Regular Council,3,"Report of the Acting Corporate Officer - Final Adoption of Amenity Cost Charges Bylaw No. 5432, 2025.",Main motion,Carried,9,0,0,Brent Asmundson,,In favour,In favour,In favour,In favour,In favour,In favour,In favour,In favour,In favour,Development; Taxes & spending,,,,https://coquitlam.ca.granicus.com/MinutesViewer.php?view_id=2&clip_id=2951&doc_id=9ca5b8fe-6c9d-11f0-8260-0266fc1e3079,https://coquitlam.ca.granicus.com/MediaPlayer.php?view_id=2&clip_id=2951,https://councilrecord.ca/coquitlam.html#vote/1rznzjg,"That Council adopt Amenity Cost Charges Bylaw No. 5432, 2025."
2025-07-07,Regular Council,4,"Report of the Acting Corporate Officer - Final Adoption of Reserve Fund Establishment Amendment Bylaw No. 5467, 2025",Main motion,Carried,9,0,0,Trish Mandewo,,In favour,In favour,In favour,In favour,In favour,In favour,In favour,In favour,In favour,Taxes & spending,,,,https://coquitlam.ca.granicus.com/MinutesViewer.php?view_id=2&clip_id=2951&doc_id=9ca5b8fe-6c9d-11f0-8260-0266fc1e3079,https://coquitlam.ca.granicus.com/MediaPlayer.php?view_id=2&clip_id=2951,https://councilrecord.ca/coquitlam.html#vote/ysqcgj,"That Council adopt Reserve Fund Establishment Amendment Bylaw No. 5467, 2025."
2025-07-07,Regular Council,5,Report of the Director Development Services - Final Approval of Small-Scale Multi-Unit Housing Revision Bylaws,Main motion,Carried,9,0,0,Steve Kim,,In favour,In favour,In favour,In favour,In favour,In favour,In favour,In favour,In favour,Housing & density; Development,,,,https://coquitlam.ca.granicus.com/MinutesViewer.php?view_id=2&clip_id=2951&doc_id=9ca5b8fe-6c9d-11f0-8260-0266fc1e3079,https://coquitlam.ca.granicus.com/MediaPlayer.php?view_id=2&clip_id=2951,https://councilrecord.ca/coquitlam.html#vote/1eclz80,"That Council: 1. Adopt Zoning Revision Bylaw No. 5469, 2025; 2. Adopt Zoning Revision Bylaw No. 5470, 2025; 3. Adopt Zoning Revision Bylaw No. 5471, 2025; and 4. Adopt Zoning Revision Bylaw No. 5472, 2025."
2025-07-07,Regular Council,6,Report of Director Development Services - Approval of Development Permit at 817 Edgar Avenue – Zako Development Inc. (PROJ 22-106),Main motion,Carried,9,0,0,Trish Mandewo,,In favour,In favour,In favour,In favour,In favour,In favour,In favour,In favour,In favour,Development,,,,https://coquitlam.ca.granicus.com/MinutesViewer.php?view_id=2&clip_id=2951&doc_id=9ca5b8fe-6c9d-11f0-8260-0266fc1e3079,https://coquitlam.ca.granicus.com/MediaPlayer.php?view_id=2&clip_id=2951,https://councilrecord.ca/coquitlam.html#vote/zfoprc,"That Council approve the signing and sealing of Development Permit No. 22 115618 DP, including the associated variances, and that the Mayor and Corporate Officer be authorized to execute this Permit on behalf of the City of Coquitlam."
2025-07-07,Regular Council,7,"Report of the General Manager Planning and Development - Housing Agreement Bylaw No. 5395, 2025 (Phase 1) and Housing Agreement Bylaw No. 5439, 2025, 2025 (Phase 2) at 1144 Inlet Street – Metro Vancouver Housing (PROJ 23-078)",Main motion,Carried,9,0,0,Teri Towner,,In favour,In favour,In favour,In favour,In favour,In favour,In favour,In favour,In favour,Housing & density; Governance & elections,,,,https://coquitlam.ca.granicus.com/MinutesViewer.php?view_id=2&clip_id=2951&doc_id=9ca5b8fe-6c9d-11f0-8260-0266fc1e3079,https://coquitlam.ca.granicus.com/MediaPlayer.php?view_id=2&clip_id=2951,https://councilrecord.ca/coquitlam.html#vote/1v9u62u,"That Council: 1. Give first, second, and third readings to Housing Agreement Bylaw No. 5395, 2025; and 2. Give first, second, and third readings to Housing Agreement Bylaw No. 5439, 2025."
2025-07-07,Regular Council,8,"Report of the Director Development Services - Final Approval of Development Application at 1155, 1159 Pipeline Road and 1110 Inlet Street – Ledingham-McAllister Properties Ltd. (PROJ 21-078) Discussion ensued relative to the following:  Clarification regarding the City’s definition of below-market housing and its inclusion in housing agreement bylaws.",Main motion,Carried,9,0,0,Dennis Marsden,,In favour,In favour,In favour,In favour,In favour,In favour,In favour,In favour,In favour,Housing & density; Development,,,,https://coquitlam.ca.granicus.com/MinutesViewer.php?view_id=2&clip_id=2951&doc_id=9ca5b8fe-6c9d-11f0-8260-0266fc1e3079,https://coquitlam.ca.granicus.com/MediaPlayer.php?view_id=2&clip_id=2951,https://councilrecord.ca/coquitlam.html#vote/wwcn4,"That Council: 1. Adopt Zoning Amendment Bylaw No. 5242, 2022; 2. Adopt Housing Agreement Bylaw No. 5243, 2023; and 3. Approve the signing and sealing of Development Permit No. 21 109572 DP and that the Mayor and Corporate Officer be authorized to execute this Permit on behalf of the City of Coquitlam."
2025-07-07,Regular Council,9,Report of the Director Development Services - Development Application at 831 Edgar Ave – Zako Development Inc. (PROJ 22-156) Discussion ensued relative to the following:  Concerns about block-wide development and the volume of in-stream applications with similar density.  Appreciation for the revisions and incorporation of previous feedback from,Main motion,Carried,8,1,0,Matt Djonlic,,In favour,In favour,In favour,In favour,In favour,In favour,Against,In favour,In favour,Housing & density; Development; Environment & climate,,,,https://coquitlam.ca.granicus.com/MinutesViewer.php?view_id=2&clip_id=2951&doc_id=9ca5b8fe-6c9d-11f0-8260-0266fc1e3079,https://coquitlam.ca.granicus.com/MediaPlayer.php?view_id=2&clip_id=2951,https://councilrecord.ca/coquitlam.html#vote/1nmrvqe,"That Council: 1. Give first, second and third readings Zoning Amendment Bylaw No. 5431, 2025; and 2. Require the completion of the items listed in Attachment 1 prior to Council’s consideration of final adoption to Zoning Amendment Bylaw No. 5431, 2025."
2025-07-07,Regular Council,10,"Report of the Director Development Services - Transition to New Development Finance Tools – Temporary Rezoning and Application Processing Policy Discussion ensued relative to the efforts of staff to use former City policy to guide, on a case-by-case basis, in-stream applications prior to the completion of the City’s new development finance system, Rental Incentive Program, Official Community Plan updates, and associated Zoning Bylaw updates as a result of the provincially",Main motion,Carried,9,0,0,Brent Asmundson,,In favour,In favour,In favour,In favour,In favour,In favour,In favour,In favour,In favour,Housing & density; Development; Transportation; Environment & climate,,,,https://coquitlam.ca.granicus.com/MinutesViewer.php?view_id=2&clip_id=2951&doc_id=9ca5b8fe-6c9d-11f0-8260-0266fc1e3079,https://coquitlam.ca.granicus.com/MediaPlayer.php?view_id=2&clip_id=2951,https://councilrecord.ca/coquitlam.html#vote/13u0dux,"That Council approve the Temporary Rezoning and Application Processing Policy as outlined in the report of the Director Development Services dated June 27, 2025 Agenda – Regular Council Meeting and entitled “Transition to New Development Finance Tools – Temporary Rezoning and Application Processing Policy”."
2025-07-07,Regular Council,11,Report of the Director Development Services - Heritage Alteration Permit at 207 Allard Street – Mag Solar (PROJ 24-128) and Update to Development Procedures Bylaw to Delegate Select Heritage Alteration Permits Discussion ensued relative to the following:  Benefits of simplifying the Heritage Alteration process to incentivize the revitalization of heritage buildings.,Main motion,Carried,7,2,0,Dennis Marsden,,In favour,In favour,In favour,In favour,In favour,In favour,In favour,Against,Against,Housing & density; Development; Neighbourhood character; Governance & elections,1 of 2,,,https://coquitlam.ca.granicus.com/MinutesViewer.php?view_id=2&clip_id=2951&doc_id=9ca5b8fe-6c9d-11f0-8260-0266fc1e3079,https://coquitlam.ca.granicus.com/MediaPlayer.php?view_id=2&clip_id=2951,https://councilrecord.ca/coquitlam.html#vote/u3wppi,"That Council give first, second, and third readings to Housing Agreement Bylaw No. 5473, 2025."
2025-07-07,Regular Council,11,Report of the Director Development Services - Heritage Alteration Permit at 207 Allard Street – Mag Solar (PROJ 24-128) and Update to Development Procedures Bylaw to Delegate Select Heritage Alteration Permits Discussion ensued relative to the following:  Benefits of simplifying the Heritage Alteration process to incentivize the revitalization of heritage buildings.,Main motion,Carried,9,0,0,Brent Asmundson,,In favour,In favour,In favour,In favour,In favour,In favour,In favour,In favour,In favour,Development; Neighbourhood character; Governance & elections,2 of 2,,,https://coquitlam.ca.granicus.com/MinutesViewer.php?view_id=2&clip_id=2951&doc_id=9ca5b8fe-6c9d-11f0-8260-0266fc1e3079,https://coquitlam.ca.granicus.com/MediaPlayer.php?view_id=2&clip_id=2951,https://councilrecord.ca/coquitlam.html#vote/ptny9m,That the Regular Council Meeting adjourn at 7:50 p.m.
2025-07-28,Regular Council,3,Minutes of the Community Safety Advisory Committee Meeting held on,Procedural,Carried,9,0,0,Dennis Marsden,,In favour,In favour,In favour,In favour,In favour,In favour,In favour,In favour,In favour,Public services; Governance & elections,,,,https://coquitlam.ca.granicus.com/MinutesViewer.php?view_id=2&clip_id=2971&doc_id=abc99f9f-8d96-11f0-8260-0266fc1e3079,https://coquitlam.ca.granicus.com/MediaPlayer.php?view_id=2&clip_id=2971,https://councilrecord.ca/coquitlam.html#vote/1webcnq,"That the Minutes of the Community Safety Advisory Committee Meeting held on Thursday, May 22, 2025 be received."
2025-07-28,Regular Council,4,"Minutes of the Accessibility and Inclusion Advisory Committee Meeting held on Tuesday, June 3, 2025",Procedural,Carried,9,0,0,Matt Djonlic,,In favour,In favour,In favour,In favour,In favour,In favour,In favour,In favour,In favour,Public services; Governance & elections,,,,https://coquitlam.ca.granicus.com/MinutesViewer.php?view_id=2&clip_id=2971&doc_id=abc99f9f-8d96-11f0-8260-0266fc1e3079,https://coquitlam.ca.granicus.com/MediaPlayer.php?view_id=2&clip_id=2971,https://councilrecord.ca/coquitlam.html#vote/1lkgvor,"That the Minutes of the Accessibility and Inclusion Advisory Committee Meeting held on Tuesday, June 3, 2025 be received."
2025-07-28,Regular Council,5,Minutes of the Culture Services Advisory Committee Meeting held on,Procedural,Carried,9,0,0,Robert Mazzarolo,,In favour,In favour,In favour,In favour,In favour,In favour,In favour,In favour,In favour,Parks & recreation; Governance & elections,,,,https://coquitlam.ca.granicus.com/MinutesViewer.php?view_id=2&clip_id=2971&doc_id=abc99f9f-8d96-11f0-8260-0266fc1e3079,https://coquitlam.ca.granicus.com/MediaPlayer.php?view_id=2&clip_id=2971,https://councilrecord.ca/coquitlam.html#vote/wfeylw,"That the Minutes of the Culture Services Advisory Committee Meeting held on Thursday, June 12, 2025 be received."
2025-07-28,Regular Council,6,"PROJ 22-097 – Bylaw Nos. 5466, 2025 and 5456, 2025 Discussion ensued relative to the following:  Collaboration with the applicant to ensure the development supports the community’s needs, especially related to mixed-use planning.  The Tenant Relocation Policy and the inclusion of a first right of refusal being built into the agreement.",Main motion,Carried,9,0,0,Dennis Marsden,,In favour,In favour,In favour,In favour,In favour,In favour,In favour,In favour,In favour,Housing & density; Development,,,,https://coquitlam.ca.granicus.com/MinutesViewer.php?view_id=2&clip_id=2971&doc_id=abc99f9f-8d96-11f0-8260-0266fc1e3079,https://coquitlam.ca.granicus.com/MediaPlayer.php?view_id=2&clip_id=2971,https://councilrecord.ca/coquitlam.html#vote/1yryf2r,"That Council give second and third readings to Citywide Official Community Plan Amendment Bylaw No. 5466, 2025 and Zoning Amendment Bylaw No. 5456, 2025."
2025-07-28,Regular Council,7,Report of Director Development Services - Final Approval of Development Application at 3469 Baycrest Avenue – Noura Homes (PROJ 19-032),Main motion,Carried,9,0,0,Dennis Marsden,,In favour,In favour,In favour,In favour,In favour,In favour,In favour,In favour,In favour,Development,,,,https://coquitlam.ca.granicus.com/MinutesViewer.php?view_id=2&clip_id=2971&doc_id=abc99f9f-8d96-11f0-8260-0266fc1e3079,https://coquitlam.ca.granicus.com/MediaPlayer.php?view_id=2&clip_id=2971,https://councilrecord.ca/coquitlam.html#vote/16affx4,"That Council: 1. Adopt Zoning Amendment Bylaw No. 5129, 2023; and 2. Approve the signing and sealing of Development Permit No. 19 106853 DP and that the Mayor and Corporate Officer be authorized to execute this permit on behalf of the City of Coquitlam, which contains a variance to subsection 705 (2) (d) of the Zoning Bylaw to increase the number of off-street small car parking spaces from a maximum of 30 to 33 percent."
2025-07-28,Regular Council,8,"Report of Director Development Services - Final Approval of Development Application at 619, 623, 627 Alderson Avenue, 626, 628 Grayson Avenue, and 271 Guilby Street – Quantum Properties (PROJ 23-126)",Main motion,Carried,8,1,0,Teri Towner,,In favour,In favour,In favour,In favour,In favour,In favour,In favour,Against,In favour,Housing & density; Development; Transportation,,,,https://coquitlam.ca.granicus.com/MinutesViewer.php?view_id=2&clip_id=2971&doc_id=abc99f9f-8d96-11f0-8260-0266fc1e3079,https://coquitlam.ca.granicus.com/MediaPlayer.php?view_id=2&clip_id=2971,https://councilrecord.ca/coquitlam.html#vote/jl3kul,"That Council: 1. Adopt Zoning Amendment Bylaw No. 5410, 2024; 2. Adopt Highway Dedication Cancellation Bylaw No. 5406, 2024; 3. Adopt Housing Agreement Bylaw No. 5473, 2025; and 4. Approve the signing and sealing of Development Permit No. 23 120442 DP and that the Mayor and Corporate Officer be authorized to execute this Permit on behalf of the City of Coquitlam."
2025-07-28,Regular Council,9,Report of Director Development Services - Final Approval of Development Application at 1349 Soball Street – Infinity Homes (PROJ 22-067),Main motion,Carried,9,0,0,Brent Asmundson,,In favour,In favour,In favour,In favour,In favour,In favour,In favour,In favour,In favour,Development,,,,https://coquitlam.ca.granicus.com/MinutesViewer.php?view_id=2&clip_id=2971&doc_id=abc99f9f-8d96-11f0-8260-0266fc1e3079,https://coquitlam.ca.granicus.com/MediaPlayer.php?view_id=2&clip_id=2971,https://councilrecord.ca/coquitlam.html#vote/1i3tyxb,"That Council: 1. Adopt Zoning Amendment Bylaw No. 5404, 2025; and 2. Approve the signing and sealing of Development Permit No. 22 110059 DP and that the Mayor and Corporate Officer be authorized to execute this Permit on behalf of the City of Coquitlam."
2025-07-28,Regular Council,10,"Report of Director Development Services - Development Application at 815, 817, 819 and 823 Miller Avenue – Everglade Development Ltd. (PROJ 23-172) Discussion ensued relative to the following:  Concerns regarding the propose unit mix and the need for more family-sized units in townhouse developments.  Infrastructure upgrades to support the density of the development.",Main motion,Carried,7,2,0,Trish Mandewo,,In favour,In favour,Against,In favour,In favour,In favour,In favour,Against,In favour,Housing & density; Development,,,,https://coquitlam.ca.granicus.com/MinutesViewer.php?view_id=2&clip_id=2971&doc_id=abc99f9f-8d96-11f0-8260-0266fc1e3079,https://coquitlam.ca.granicus.com/MediaPlayer.php?view_id=2&clip_id=2971,https://councilrecord.ca/coquitlam.html#vote/16i311r,"That Council: 1. Give first, second, and third readings to Zoning Amendment Bylaw No. 5461, 2025; 2. Authorize staff to prepare Development Permit No. 23 122416 DP generally in accordance with the attached drawings (Attachment 7), including variances as noted; 3. Give first, second, and third readings to Highway Dedication Cancellation Bylaw No. 5460, 2025; 4. Direct Highway Dedication Cancellation Bylaw No. 5460, 2025 to be advertised in accordance with the requirements of the Community Charter; and Agenda – Regular Council Meeting 5. Require the completion of the items listed in Attachment 1 prior to Council’s consideration of final adoption to Zoning Amendment Bylaw No. 5461, 2025."
2025-07-28,Regular Council,11,Report of Director Development Services - Development Application at 537-559 Appian Way and 542-564 Perth Avenue – Anthem Perth Holdings (PROJ 24-148) Discussion ensued relative to the following:  Background on the land use changes within the area related to previous,Main motion,Carried,8,0,1,Brent Asmundson,,Absent,In favour,In favour,In favour,In favour,In favour,In favour,In favour,In favour,Development,,,,https://coquitlam.ca.granicus.com/MinutesViewer.php?view_id=2&clip_id=2971&doc_id=abc99f9f-8d96-11f0-8260-0266fc1e3079,https://coquitlam.ca.granicus.com/MediaPlayer.php?view_id=2&clip_id=2971,https://councilrecord.ca/coquitlam.html#vote/1auonpz,"That Council: 1. Give first, second, and third readings to Zoning Amendment Bylaw No. 5474, 2025; 2. Authorize staff to prepare Development Permit No. 24 119293 DP generally in accordance with the attached drawings (Attachment 8), including variances as noted; 3. Require the completion of the items listed in Attachment 1 prior to Council’s consideration of final adoption to Zoning Amendment Bylaw No. 5474, 2025."
2025-07-28,Regular Council,12,Report of Director Development Services - Development Application at 4105 Cedar Drive – Atelier Pacific Architect Inc. (PROJ 22-121),Main motion,Carried,8,0,1,Brent Asmundson,,Absent,In favour,In favour,In favour,In favour,In favour,In favour,In favour,In favour,Development,,,,https://coquitlam.ca.granicus.com/MinutesViewer.php?view_id=2&clip_id=2971&doc_id=abc99f9f-8d96-11f0-8260-0266fc1e3079,https://coquitlam.ca.granicus.com/MediaPlayer.php?view_id=2&clip_id=2971,https://councilrecord.ca/coquitlam.html#vote/1iy3eyz,"That Council: 1. Give first, second, and third readings to Zoning Amendment Bylaw No. 5455, 2025; 2. Authorize staff to prepare Development Permit No. 22 117714 DP generally in accordance with the attached drawings (Attachment 8), including variances as noted; and 3. Require the completion of the items listed in Attachment 1 prior to Council’s consideration of final adoption to Zoning Amendment Bylaw No. 5455, 2025."
2025-07-28,Regular Council,13,"Report of Director Development Services - Development Application at 573, 601, 605 Madore Ave – TopStream (PROJ 23-043) Discussion ensued relative to concerns regarding the potential impacts to affordable related to lock-off suites and concerns regarding the square footage and size of units being proposed.",Main motion,Carried,6,2,1,Steve Kim,,Absent,Against,In favour,In favour,In favour,In favour,In favour,Against,In favour,Housing & density; Development; Environment & climate,,,,https://coquitlam.ca.granicus.com/MinutesViewer.php?view_id=2&clip_id=2971&doc_id=abc99f9f-8d96-11f0-8260-0266fc1e3079,https://coquitlam.ca.granicus.com/MediaPlayer.php?view_id=2&clip_id=2971,https://councilrecord.ca/coquitlam.html#vote/gzbqos,"That Council: 1. Give first, second, and third readings to Zoning Amendment Bylaw No. 5398, 2025; 2. Authorize staff to prepare Development Permit No. 23 107935 DP generally in accordance with the attached drawings (Attachment 7), including variances as noted; and Agenda – Regular Council Meeting 3. Require the completion of the items listed in Attachment 1 prior to Council’s consideration of final adoption to Zoning Amendment Bylaw No. 5398, 2025."
2025-07-28,Regular Council,14,"Report of the General Manager Parks, Recreation, Culture and Facilities and General Manager Engineering and Public Works - Town Centre Park Tennis Enhancements Concept Design Approval Discussion ensued relative to the following:  Communication with residents regarding the closure of the Town Centre Recycling Depot, including information about where residents can bring",Main motion,Carried,8,0,1,Dennis Marsden,,Absent,In favour,In favour,In favour,In favour,In favour,In favour,In favour,In favour,Transportation; Parks & recreation; Public services,1 of 2,,,https://coquitlam.ca.granicus.com/MinutesViewer.php?view_id=2&clip_id=2971&doc_id=abc99f9f-8d96-11f0-8260-0266fc1e3079,https://coquitlam.ca.granicus.com/MediaPlayer.php?view_id=2&clip_id=2971,https://councilrecord.ca/coquitlam.html#vote/zpxa8e,"That Council direct staff to proceed with detailed design for the Town Centre Park Tennis Enhancements, including the closure of the Recycling Depot and East Works Yard, as outlined in the report of the General Manager Parks, Recreation, Culture and Facilities and General Manager Engineering and Public Works dated July 21, 2025 and entitled “Town Centre Park Tennis Enhancements Concept Design Approval”."
2025-07-28,Regular Council,14,"Report of the General Manager Parks, Recreation, Culture and Facilities and General Manager Engineering and Public Works - Town Centre Park Tennis Enhancements Concept Design Approval Discussion ensued relative to the following:  Communication with residents regarding the closure of the Town Centre Recycling Depot, including information about where residents can bring",Main motion,Carried,8,0,1,Dennis Marsden,,Absent,In favour,In favour,In favour,In favour,In favour,In favour,In favour,In favour,Transportation; Parks & recreation; Public services,2 of 2,,,https://coquitlam.ca.granicus.com/MinutesViewer.php?view_id=2&clip_id=2971&doc_id=abc99f9f-8d96-11f0-8260-0266fc1e3079,https://coquitlam.ca.granicus.com/MediaPlayer.php?view_id=2&clip_id=2971,https://councilrecord.ca/coquitlam.html#vote/1pgj8tq,That the Regular Council Meeting adjourn at 12:05 a.m.
2025-09-08,Regular Council,4,"Minutes of the Sports and Recreation Advisory Committee Meeting held on Wednesday June 11, 2025",Procedural,Carried,9,0,0,Craig Hodge,,In favour,In favour,In favour,In favour,In favour,In favour,In favour,In favour,In favour,Parks & recreation; Governance & elections,,,,https://coquitlam.ca.granicus.com/MinutesViewer.php?view_id=2&clip_id=2986&doc_id=af19fe5c-9ef5-11f0-8260-0266fc1e3079,https://coquitlam.ca.granicus.com/MediaPlayer.php?view_id=2&clip_id=2986,https://councilrecord.ca/coquitlam.html#vote/1po9bsr,"That the minutes of the Sports and Recreation Advisory Committee Meeting held on Wednesday June 11, 2025 be received."
2025-09-08,Regular Council,5,"Minutes of the Multiculturalism Advisory Committee Meeting held on Wednesday June 18, 2025.",Procedural,Carried,9,0,0,Matt Djonlic,,In favour,In favour,In favour,In favour,In favour,In favour,In favour,In favour,In favour,Governance & elections,,,,https://coquitlam.ca.granicus.com/MinutesViewer.php?view_id=2&clip_id=2986&doc_id=af19fe5c-9ef5-11f0-8260-0266fc1e3079,https://coquitlam.ca.granicus.com/MediaPlayer.php?view_id=2&clip_id=2986,https://councilrecord.ca/coquitlam.html#vote/d3bn8c,"That the minutes of the Multiculturalism Advisory Committee Meeting held on Wednesday June 18, 2025 be received."
2025-09-08,Regular Council,6,"Minutes of the Economic Development Committee Meeting held on Wednesday July 23, 2025.",Procedural,Carried,9,0,0,Robert Mazzarolo,,In favour,In favour,In favour,In favour,In favour,In favour,In favour,In favour,In favour,Business & economy; Governance & elections,,,,https://coquitlam.ca.granicus.com/MinutesViewer.php?view_id=2&clip_id=2986&doc_id=af19fe5c-9ef5-11f0-8260-0266fc1e3079,https://coquitlam.ca.granicus.com/MediaPlayer.php?view_id=2&clip_id=2986,https://councilrecord.ca/coquitlam.html#vote/e8i8v3,"That the minutes of the Economic Development Advisory Committee Meeting held on Wednesday July 23, 2025 be received."
2025-09-08,Regular Council,7,Val Karpinsky – Impacts of Metro Vancouver Construction on Residents of El Camino Drive Val Karpinsky provided an on screen presentation entitled “Impacts of Metro Vancouver Construction on Residents of El Camino Drive” and referred to slides contained in the Agenda package.,Main motion,Carried,9,0,0,Matt Djonlic,,In favour,In favour,In favour,In favour,In favour,In favour,In favour,In favour,In favour,Governance & elections,,,,https://coquitlam.ca.granicus.com/MinutesViewer.php?view_id=2&clip_id=2986&doc_id=af19fe5c-9ef5-11f0-8260-0266fc1e3079,https://coquitlam.ca.granicus.com/MediaPlayer.php?view_id=2&clip_id=2986,https://councilrecord.ca/coquitlam.html#vote/1efjcq6,That Council direct staff to send a letter to Metro Vancouver regarding the concerns brought forward by the presenter.
2025-09-08,Regular Council,8,"Report of Director Development Services - Temporary Use Permit 25 113074 TUP at 1750 Hartley Avenue, Unit 102 – Coquitlam Express Hockey Club (PROJ 25-073) In accordance with Public Notice Bylaw No. 5334, 2023, the Temporary Use Permit was advertised through a notice posted on the City’s website, as well as through the City’s email subscription service ENews.",Main motion,Defeated,4,5,0,Dennis Marsden,,Against,Against,In favour,In favour,In favour,Against,In favour,Against,Against,Development; Governance & elections,,,,https://coquitlam.ca.granicus.com/MinutesViewer.php?view_id=2&clip_id=2986&doc_id=af19fe5c-9ef5-11f0-8260-0266fc1e3079,https://coquitlam.ca.granicus.com/MediaPlayer.php?view_id=2&clip_id=2986,https://councilrecord.ca/coquitlam.html#vote/p2no5d,That Council approve the signing and sealing of Temporary Use Permit No. 25 113074 TUP and authorize the Mayor and Corporate Officer to execute this Permit which includes operational conditions on behalf of the City of Coquitlam.
2025-09-08,Regular Council,9,Report of Director Development Services - Final Approval of Development Application at 651 Rochester Avenue – 1242326 BC Ltd. (PROJ 23-138),Main motion,Carried,9,0,0,Dennis Marsden,,In favour,In favour,In favour,In favour,In favour,In favour,In favour,In favour,In favour,Development; Neighbourhood character,,,,https://coquitlam.ca.granicus.com/MinutesViewer.php?view_id=2&clip_id=2986&doc_id=af19fe5c-9ef5-11f0-8260-0266fc1e3079,https://coquitlam.ca.granicus.com/MediaPlayer.php?view_id=2&clip_id=2986,https://councilrecord.ca/coquitlam.html#vote/1u0upzb,"That Council adopt Heritage Revitalization Agreement Authorization Bylaw No. 5386, 2025 and Heritage Designation Bylaw No. 5387, 2025."
2025-09-08,Regular Council,10,"Report of Director Development Services - Third Reading Extension of Development Application at 2954, 2966, 2976 Pheasant Street, 2960 and 2968 Christmas Way, and 2950 Lougheed Highway – Marcon TriCity Central (PROJ 20-045)",Main motion,Carried,9,0,0,Brent Asmundson,,In favour,In favour,In favour,In favour,In favour,In favour,In favour,In favour,In favour,Development,,,,https://coquitlam.ca.granicus.com/MinutesViewer.php?view_id=2&clip_id=2986&doc_id=af19fe5c-9ef5-11f0-8260-0266fc1e3079,https://coquitlam.ca.granicus.com/MediaPlayer.php?view_id=2&clip_id=2986,https://councilrecord.ca/coquitlam.html#vote/1qamahq,"That Council extend the third reading of Zoning Amendment Bylaw Nos. 5252, 2022 and 5262, 2022 for an additional 12 months to September 26, 2026."
2025-09-08,Regular Council,11,"Report of the General Manager Planning and Development - Housing Agreement Bylaw No. 5481, 2025 and Affordable Housing Reserve Fund Request at 560 Austin Avenue – Burquitlam Senior Housing Society (PROJ 25-052)",Main motion,Carried,9,0,0,Trish Mandewo,,In favour,In favour,In favour,In favour,In favour,In favour,In favour,In favour,In favour,Housing & density; Taxes & spending,,,,https://coquitlam.ca.granicus.com/MinutesViewer.php?view_id=2&clip_id=2986&doc_id=af19fe5c-9ef5-11f0-8260-0266fc1e3079,https://coquitlam.ca.granicus.com/MediaPlayer.php?view_id=2&clip_id=2986,https://councilrecord.ca/coquitlam.html#vote/1hdf3mq,"That Council: 1. Give first, second, and third readings to Housing Agreement Bylaw No. 5481, 2025; and 2. Support in principle a maximum capital contribution of $180,000 from the Affordable Housing Reserve Fund (AHRF) to assist in the development of 18 non-market rental units to be owned and operated by Burquitlam Senior Housing Society."
2025-09-08,Regular Council,12,Report of the Director Development Services - Final Approval of Development Application at 1144 Inlet Street – Metro Vancouver Housing (PROJ 23-078),Main motion,Carried,9,0,0,Dennis Marsden,,In favour,In favour,In favour,In favour,In favour,In favour,In favour,In favour,In favour,Housing & density; Development; Governance & elections,,,,https://coquitlam.ca.granicus.com/MinutesViewer.php?view_id=2&clip_id=2986&doc_id=af19fe5c-9ef5-11f0-8260-0266fc1e3079,https://coquitlam.ca.granicus.com/MediaPlayer.php?view_id=2&clip_id=2986,https://councilrecord.ca/coquitlam.html#vote/61bo5r,"That Council: 1. Adopt Zoning Amendment Bylaw No. 5397, 2024; 2. Adopt Housing Agreement Bylaw No. 5395, 2025 (Phase 1); 3. Adopt Housing Agreement Bylaw No. 5439, 2025 (Phase 2); 4. Give Final Approval to Metro Vancouver Housing’s Phase 1 Affordable Housing Reserve Fund (AHRF) request of $5.95M, subject to confirmation of provincial funding and a signed Housing Agreement; and 5. Approve the signing and sealing of Development Permit No. 23 113364 DP and that the Mayor and Corporate Officer be authorized to execute this Permit on behalf of the City of Coquitlam."
2025-09-08,Regular Council,13,Report of the Director Development Services - Third Reading Extension of Development Application at 3483 Forst Avenue – Morningsun Homes Ltd. (PROJ 21-100),Main motion,Carried,9,0,0,Trish Mandewo,,In favour,In favour,In favour,In favour,In favour,In favour,In favour,In favour,In favour,Development,,,,https://coquitlam.ca.granicus.com/MinutesViewer.php?view_id=2&clip_id=2986&doc_id=af19fe5c-9ef5-11f0-8260-0266fc1e3079,https://coquitlam.ca.granicus.com/MediaPlayer.php?view_id=2&clip_id=2986,https://councilrecord.ca/coquitlam.html#vote/1443373,"That Council extend Third Reading of Zoning Amendment Bylaw No. 5330, 2023 for an additional 12-month period to September 11, 2026."
2025-09-08,Regular Council,14,Report of the Director Development Services - Development Applications at 748-770 Sproule Avenue (PROJ 23-149) and 947-957 Robinson Street (PROJ 23-153) – Woodbridge Homes Ltd,Main motion,Carried,9,0,0,Brent Asmundson,,In favour,In favour,In favour,In favour,In favour,In favour,In favour,In favour,In favour,Housing & density; Development; Transportation,,,,https://coquitlam.ca.granicus.com/MinutesViewer.php?view_id=2&clip_id=2986&doc_id=af19fe5c-9ef5-11f0-8260-0266fc1e3079,https://coquitlam.ca.granicus.com/MediaPlayer.php?view_id=2&clip_id=2986,https://councilrecord.ca/coquitlam.html#vote/1nmi7j1,"That Council: 1. Adopt Zoning Amendment Bylaw Nos. 5415, 2024 and 5416, 2024; 2. Adopt Housing Agreement Bylaw Nos. 5441, 2025 and 5442, 2025; 3. Approve the signing and sealing of Development Permit Nos. 23 120744 DP and 23 120748 DP and authorize the Mayor and Corporate Officer to execute these Permits on behalf of the City of Coquitlam."
2025-09-08,Regular Council,15,Report of the General Manager Engineering and Public Works - Shared E-Micromobility Pilot Extension Discussion ensued relative to the following:  The recent implementation of Lime in the City of Port Moody and the connectivity and benefits for users.  Concerns that penalty fees are too low to deter users from misuse of the,Main motion,Carried,9,0,0,Dennis Marsden,,In favour,In favour,In favour,In favour,In favour,In favour,In favour,In favour,In favour,Transportation,1 of 3,,,https://coquitlam.ca.granicus.com/MinutesViewer.php?view_id=2&clip_id=2986&doc_id=af19fe5c-9ef5-11f0-8260-0266fc1e3079,https://coquitlam.ca.granicus.com/MediaPlayer.php?view_id=2&clip_id=2986,https://councilrecord.ca/coquitlam.html#vote/mgjo4f,"That Council: 1. Endorse an extension to Lime Canada Inc. as the Shared E-Micromobility Program operator through April 5, 2027 with optional one-year extension up to April 5, 2028; Agenda – Regular Council Meeting 2. Support Mandatory Dockless Parking Stations for shared devices throughout the entire service area; and 3. Authorize Staff to implement modest service area expansions following implementation of the mandatory parking stations."
2025-09-08,Regular Council,15,Report of the General Manager Engineering and Public Works - Shared E-Micromobility Pilot Extension Discussion ensued relative to the following:  The recent implementation of Lime in the City of Port Moody and the connectivity and benefits for users.  Concerns that penalty fees are too low to deter users from misuse of the,Main motion,Carried,8,0,1,Dennis Marsden,,In favour,In favour,In favour,In favour,In favour,Absent,In favour,In favour,In favour,Transportation; Governance & elections,2 of 3,,,https://coquitlam.ca.granicus.com/MinutesViewer.php?view_id=2&clip_id=2986&doc_id=af19fe5c-9ef5-11f0-8260-0266fc1e3079,https://coquitlam.ca.granicus.com/MediaPlayer.php?view_id=2&clip_id=2986,https://councilrecord.ca/coquitlam.html#vote/1uux89m,"WHEREAS the Federation of Canadian Municipalities (FCM) represents the interests of member municipalities on policy and program matters that fall within federal jurisdiction; AND WHEREAS FCM’s Board of Directors is comprised of elected municipal officials from all regions and sizes of communities to form a broad base of support and provide FCM with the united voice required to carry the municipal message to the federal government; THEREFORE BE IT RESOLVED that Council of the City of Coquitlam endorse Trish Mandewo to serve as a committee member on committees of FCM’s Board of Directors, for the period starting in June 2025 and ending at the end of the Council term in October of 2026; AND THEREFORE BE IT FURTHER RESOLVED that the Council assumes all costs associated with Trish Mandewo attending FCM meetings."
2025-09-08,Regular Council,15,Report of the General Manager Engineering and Public Works - Shared E-Micromobility Pilot Extension Discussion ensued relative to the following:  The recent implementation of Lime in the City of Port Moody and the connectivity and benefits for users.  Concerns that penalty fees are too low to deter users from misuse of the,Main motion,Carried,8,0,1,Brent Asmundson,,In favour,In favour,In favour,In favour,In favour,Absent,In favour,In favour,In favour,Transportation,3 of 3,,,https://coquitlam.ca.granicus.com/MinutesViewer.php?view_id=2&clip_id=2986&doc_id=af19fe5c-9ef5-11f0-8260-0266fc1e3079,https://coquitlam.ca.granicus.com/MediaPlayer.php?view_id=2&clip_id=2986,https://councilrecord.ca/coquitlam.html#vote/117md7t,That the Regular Council Meeting adjourn at 10:01 p.m.
2025-09-29,Regular Council,2,"Report of the Deputy Chief Administrative Officer - Taxation Exemption Amendment Bylaw No. 5480, 2025",Main motion,Carried,8,0,1,Dennis Marsden,,In favour,Absent,In favour,In favour,In favour,In favour,In favour,In favour,In favour,Taxes & spending,,,,https://coquitlam.ca.granicus.com/MinutesViewer.php?view_id=2&clip_id=3004&doc_id=d5742b2d-ae96-11f0-8260-0266fc1e3079,https://coquitlam.ca.granicus.com/MediaPlayer.php?view_id=2&clip_id=3004,https://councilrecord.ca/coquitlam.html#vote/196d3qb,"That Council give first, second, and third readings to Taxation Exemption Amendment Bylaw No. 5480, 2025."
2025-09-29,Regular Council,3,Report of the Director Development Services – Development Application for Burke Mountain Community Centre and Burke Village Park – City of Coquitlam (PROJ 24-112) Discussion ensued relative to the following:  Clarification regarding the proposed zoning and permitted density in the area.,Main motion,Carried,8,0,1,Dennis Marsden,,In favour,Absent,In favour,In favour,In favour,In favour,In favour,In favour,In favour,Housing & density; Development; Parks & recreation,,,,https://coquitlam.ca.granicus.com/MinutesViewer.php?view_id=2&clip_id=3004&doc_id=d5742b2d-ae96-11f0-8260-0266fc1e3079,https://coquitlam.ca.granicus.com/MediaPlayer.php?view_id=2&clip_id=3004,https://councilrecord.ca/coquitlam.html#vote/1jfftvp,"That Council: 1. Give first, second, and third readings to Zoning Amendment Bylaw No. 5419, 2025; and 2. Require the completion of the items listed in Attachment 1 prior to Council’s consideration of final adoption to Zoning Amendment Bylaw No. 5419, 2025."
2025-09-29,Regular Council,4,Report of the General Manager Engineering and Public Works – Voluntary Residential Water Metering Implementation Discussion ensued relative to the following:  The benefits of residential water metering including the opportunity to detect water leaks and equity for those who wish to be billed according to actual water consumption as opposed to flat annual water and sewer rates.,Main motion,Carried,8,0,1,Trish Mandewo,,In favour,Absent,In favour,In favour,In favour,In favour,In favour,In favour,In favour,Housing & density; Public services,1 of 2,,,https://coquitlam.ca.granicus.com/MinutesViewer.php?view_id=2&clip_id=3004&doc_id=d5742b2d-ae96-11f0-8260-0266fc1e3079,https://coquitlam.ca.granicus.com/MediaPlayer.php?view_id=2&clip_id=3004,https://councilrecord.ca/coquitlam.html#vote/yb9poz,"That Council: 1. Endorse the voluntary residential water metering implementation plan outlined within the report of the General Manager Engineering and Public Works dated September 19, 2025 and entitled “Voluntary Residential Water Metering Implementation”; and 2. Direct staff to incorporate the voluntary residential metering installation fees outlined in Attachment 1 into the 2026 Fees and Charges Bylaw."
2025-09-29,Regular Council,4,Report of the General Manager Engineering and Public Works – Voluntary Residential Water Metering Implementation Discussion ensued relative to the following:  The benefits of residential water metering including the opportunity to detect water leaks and equity for those who wish to be billed according to actual water consumption as opposed to flat annual water and sewer rates.,Main motion,Carried,8,0,1,Steve Kim,,In favour,Absent,In favour,In favour,In favour,In favour,In favour,In favour,In favour,Housing & density; Public services,2 of 2,,,https://coquitlam.ca.granicus.com/MinutesViewer.php?view_id=2&clip_id=3004&doc_id=d5742b2d-ae96-11f0-8260-0266fc1e3079,https://coquitlam.ca.granicus.com/MediaPlayer.php?view_id=2&clip_id=3004,https://councilrecord.ca/coquitlam.html#vote/1fi125f,That the Regular Council Meeting adjourn at 7:37 p.m.
2025-10-06,Regular Council,1,"Minutes of the Accessibility and Inclusion Advisory Committee Meeting held on Tuesday, September 2, 2025",Procedural,Carried,9,0,0,Matt Djonlic,,In favour,In favour,In favour,In favour,In favour,In favour,In favour,In favour,In favour,Public services; Governance & elections,,,,https://coquitlam.ca.granicus.com/MinutesViewer.php?view_id=2&clip_id=3017&doc_id=c2a8100a-ae96-11f0-8260-0266fc1e3079,https://coquitlam.ca.granicus.com/MediaPlayer.php?view_id=2&clip_id=3017,https://councilrecord.ca/coquitlam.html#vote/18g5fl,"That the Minutes of the Accessibility and Inclusion Advisory Committee Meeting held on Tuesday, September 2, 2025 be received."
2025-10-06,Regular Council,2,"Report of the Corporate Officer – Final Adoption of Taxation Exemption Amendment Bylaw No. 5480, 2025",Main motion,Carried,9,0,0,Dennis Marsden,,In favour,In favour,In favour,In favour,In favour,In favour,In favour,In favour,In favour,Taxes & spending,,,,https://coquitlam.ca.granicus.com/MinutesViewer.php?view_id=2&clip_id=3017&doc_id=c2a8100a-ae96-11f0-8260-0266fc1e3079,https://coquitlam.ca.granicus.com/MediaPlayer.php?view_id=2&clip_id=3017,https://councilrecord.ca/coquitlam.html#vote/owdjpe,"That Council adopt Taxation Exemption Amendment Bylaw No. 5480, 2025."
2025-10-06,Regular Council,3,"Report of the General Manager Planning and Development - Proposed Zoning Amendment Bylaw No. 5478, 2025 – Correction of Mapping Errors – Adoption Procedures Discussion ensued relative to the significant scope of the original zoning amendment, and that deadlines within the provincial housing legislation contributed to an expedited timeline for the amendment, and staff are now",Main motion,Carried,9,0,0,Brent Asmundson,,In favour,In favour,In favour,In favour,In favour,In favour,In favour,In favour,In favour,Housing & density; Development; Governance & elections,1 of 2,,,https://coquitlam.ca.granicus.com/MinutesViewer.php?view_id=2&clip_id=3017&doc_id=c2a8100a-ae96-11f0-8260-0266fc1e3079,https://coquitlam.ca.granicus.com/MediaPlayer.php?view_id=2&clip_id=3017,https://councilrecord.ca/coquitlam.html#vote/1roidz0,"That Council endorse waiving the public hearing for proposed Zoning Amendment Bylaw No. 5478, 2025 in accordance with the Local Government Act."
2025-10-06,Regular Council,3,"Report of the General Manager Planning and Development - Proposed Zoning Amendment Bylaw No. 5478, 2025 – Correction of Mapping Errors – Adoption Procedures Discussion ensued relative to the significant scope of the original zoning amendment, and that deadlines within the provincial housing legislation contributed to an expedited timeline for the amendment, and staff are now",Main motion,Carried,9,0,0,Trish Mandewo,,In favour,In favour,In favour,In favour,In favour,In favour,In favour,In favour,In favour,Housing & density; Development; Governance & elections,2 of 2,,,https://coquitlam.ca.granicus.com/MinutesViewer.php?view_id=2&clip_id=3017&doc_id=c2a8100a-ae96-11f0-8260-0266fc1e3079,https://coquitlam.ca.granicus.com/MediaPlayer.php?view_id=2&clip_id=3017,https://councilrecord.ca/coquitlam.html#vote/1ab1ozv,That the Regular Council Meeting adjourn at 7:36 p.m.
2025-10-20,Regular Council,3,Minutes of the Sports and Recreation Advisory Committee held on,Procedural,Carried,8,0,1,Trish Mandewo,,In favour,In favour,In favour,Absent,In favour,In favour,In favour,In favour,In favour,Parks & recreation; Governance & elections,,,,https://coquitlam.ca.granicus.com/MinutesViewer.php?view_id=2&clip_id=3028&doc_id=83f05cba-b9b4-11f0-8260-0266fc1e3079,https://coquitlam.ca.granicus.com/MediaPlayer.php?view_id=2&clip_id=3028,https://councilrecord.ca/coquitlam.html#vote/14wkuvl,"That the Minutes of the Sports and Recreation Advisory Committee Meeting held on Wednesday, September 10, 2025 be received."
2025-10-20,Regular Council,4,"Minutes of the Culture Services Advisory Committee held on Thursday, September 11, 2025",Procedural,Carried,8,0,1,Robert Mazzarolo,,In favour,In favour,In favour,Absent,In favour,In favour,In favour,In favour,In favour,Parks & recreation; Governance & elections,,,,https://coquitlam.ca.granicus.com/MinutesViewer.php?view_id=2&clip_id=3028&doc_id=83f05cba-b9b4-11f0-8260-0266fc1e3079,https://coquitlam.ca.granicus.com/MediaPlayer.php?view_id=2&clip_id=3028,https://councilrecord.ca/coquitlam.html#vote/11n5xge,"That the Minutes of the Culture Services Advisory Committee Meeting held on Thursday, September 11, 2025 be received."
2025-10-20,Regular Council,5,Minutes of the Sustainability and Environmental Advisory Committee held on,Procedural,Carried,8,0,1,Brent Asmundson,,In favour,In favour,In favour,Absent,In favour,In favour,In favour,In favour,In favour,Environment & climate; Public services; Governance & elections,,,,https://coquitlam.ca.granicus.com/MinutesViewer.php?view_id=2&clip_id=3028&doc_id=83f05cba-b9b4-11f0-8260-0266fc1e3079,https://coquitlam.ca.granicus.com/MediaPlayer.php?view_id=2&clip_id=3028,https://councilrecord.ca/coquitlam.html#vote/nhb4p4,"That the Minutes of the Sustainability and Environmental Advisory Committee Meeting held on Tuesday, September 16, 2025 be received."
2025-10-20,Regular Council,6,"Minutes of the Multiculturalism Advisory Committee held on Wednesday, September 17, 2025",Procedural,Carried,8,0,1,Matt Djonlic,,In favour,In favour,In favour,Absent,In favour,In favour,In favour,In favour,In favour,Governance & elections,,,,https://coquitlam.ca.granicus.com/MinutesViewer.php?view_id=2&clip_id=3028&doc_id=83f05cba-b9b4-11f0-8260-0266fc1e3079,https://coquitlam.ca.granicus.com/MediaPlayer.php?view_id=2&clip_id=3028,https://councilrecord.ca/coquitlam.html#vote/59fr4y,"That the Minutes of the Multiculturalism Advisory Committee Meeting held on Wednesday, September 17, 2025 be received."
2025-10-20,Regular Council,7,"Minutes of the Community Safety Advisory Committee held on Thursday, September 18, 2025",Procedural,Carried,8,0,1,Dennis Marsden,,In favour,In favour,In favour,Absent,In favour,In favour,In favour,In favour,In favour,Public services; Governance & elections,,,,https://coquitlam.ca.granicus.com/MinutesViewer.php?view_id=2&clip_id=3028&doc_id=83f05cba-b9b4-11f0-8260-0266fc1e3079,https://coquitlam.ca.granicus.com/MediaPlayer.php?view_id=2&clip_id=3028,https://councilrecord.ca/coquitlam.html#vote/1sgenwx,"That the Minutes of the Community Safety Advisory Committee Meeting held on Thursday, September 18, 2025 be received."
2025-10-20,Regular Council,8,"Report of the General Manager Planning and Development – Housing Accelerator Fund Initiative 7 – Priority Review Policy for Non-Profit Housing Planner 2 provided a presentation entitled “Housing Accelerator Fund Initiative 7 – Priority Review Policy for Non-Profit Housing”, and referred to slides contained in the Agenda package. Discussion ensued relative to the following:",Main motion,Carried,8,0,1,Dennis Marsden,,In favour,In favour,In favour,Absent,In favour,In favour,In favour,In favour,In favour,Housing & density,,,,https://coquitlam.ca.granicus.com/MinutesViewer.php?view_id=2&clip_id=3028&doc_id=83f05cba-b9b4-11f0-8260-0266fc1e3079,https://coquitlam.ca.granicus.com/MediaPlayer.php?view_id=2&clip_id=3028,https://councilrecord.ca/coquitlam.html#vote/kynfqa,"That Council adopt the “Priority Review Policy for Non-Profit Housing” as provided in Attachment 1 of the Report of the General Manager Planning and Development dated October 10, 2025 and titled “Housing Accelerator Fund Initiative 7 – Priority Review Policy for Non-Profit Housing”."
2025-10-20,Regular Council,9,Report of the General Manager Planning and Development and the Director City Lands and Real Estate - Development Finance Update: Temporary Adjustment to Density Bonus Collections and Development Cost Charge and Amenity Cost Charge Payment Instalments,Main motion,Carried,6,2,1,Dennis Marsden,,In favour,Against,In favour,Absent,In favour,In favour,In favour,Against,In favour,Housing & density; Development; Taxes & spending,1 of 2,,,https://coquitlam.ca.granicus.com/MinutesViewer.php?view_id=2&clip_id=3028&doc_id=83f05cba-b9b4-11f0-8260-0266fc1e3079,https://coquitlam.ca.granicus.com/MediaPlayer.php?view_id=2&clip_id=3028,https://councilrecord.ca/coquitlam.html#vote/d8pvgb,"That Council authorize staff to: 1. Extend the temporary adjustment to Density Bonus collections period from November 1, 2025 to January 31, 2026; and 2. Should there continue to be insufficient market evidence to support a Density Bonus rate change, extend the temporary adjustment to Density Bonus collections from February 1, 2026 to April 30, 2026."
2025-10-20,Regular Council,9,Report of the General Manager Planning and Development and the Director City Lands and Real Estate - Development Finance Update: Temporary Adjustment to Density Bonus Collections and Development Cost Charge and Amenity Cost Charge Payment Instalments,Main motion,Carried,8,0,1,Dennis Marsden,,In favour,In favour,In favour,Absent,In favour,In favour,In favour,In favour,In favour,Housing & density; Development; Taxes & spending,2 of 2,,,https://coquitlam.ca.granicus.com/MinutesViewer.php?view_id=2&clip_id=3028&doc_id=83f05cba-b9b4-11f0-8260-0266fc1e3079,https://coquitlam.ca.granicus.com/MediaPlayer.php?view_id=2&clip_id=3028,https://councilrecord.ca/coquitlam.html#vote/62etui,That the Regular Council Meeting adjourn at 8:34 p.m.
2025-11-03,Regular Council,3,Report of the Director Development Services – Final Approval of Development Application at 910 Quadling Avenue – CityState Consulting Group (PROJ 22-071),Main motion,Carried,9,0,0,Brent Asmundson,,In favour,In favour,In favour,In favour,In favour,In favour,In favour,In favour,In favour,Development; Neighbourhood character,,,,https://coquitlam.ca.granicus.com/MinutesViewer.php?view_id=2&clip_id=3057&doc_id=11aac0c4-c4d4-11f0-8260-0266fc1e3079,https://coquitlam.ca.granicus.com/MediaPlayer.php?view_id=2&clip_id=3057,https://councilrecord.ca/coquitlam.html#vote/9rbt6h,"That Council adopt Heritage Revitalization Agreement Authorization Bylaw No. 5367, 2025 and Heritage Designation Bylaw No. 5368, 2025."
2025-11-03,Regular Council,4,Report of the Director Legislative Services – 2026 Citizen Appointments to the Advisory Committees and Statutory Boards,Main motion,Carried,9,0,0,Trish Mandewo,,In favour,In favour,In favour,In favour,In favour,In favour,In favour,In favour,In favour,Business & economy; Governance & elections,,,,https://coquitlam.ca.granicus.com/MinutesViewer.php?view_id=2&clip_id=3057&doc_id=11aac0c4-c4d4-11f0-8260-0266fc1e3079,https://coquitlam.ca.granicus.com/MediaPlayer.php?view_id=2&clip_id=3057,https://councilrecord.ca/coquitlam.html#vote/gjlhzh,"That Council: 1. Approve the 2026 citizen appointment of Gil Desaulniers to the City of Coquitlam Economic Development Advisory Committee with a term ending on December 31, 2026; 2. Approve the 2026-2027 citizen appointments of Jacqueline Gorton, Fiona McQuarrie, Neal Nicholson and Taha Rizwan to the City of Coquitlam Public Library Board with terms ending on December 31, 2027; 3. Approve the 2026-2028 citizen appointments of William Boons and Gurjinder Manhas to the City of Coquitlam Board of Variance with terms ending on December 31, 2028."
2025-11-03,Regular Council,5,"Report of the Director Development Services – Development Application at 760, 770, 780, 790 Ingersoll Avenue, 936 and 938 Grant Street and 796 and 800 Clarke Road – Kasian Architecture Interior Design and Planning Ltd. (PROJ 23-095) Staff advised Council of an error in the public notice and noted that the item will be rescheduled as soon as possible and that the new public will receive new",Main motion,Carried,9,0,0,Dennis Marsden,,In favour,In favour,In favour,In favour,In favour,In favour,In favour,In favour,In favour,Governance & elections,,,,https://coquitlam.ca.granicus.com/MinutesViewer.php?view_id=2&clip_id=3057&doc_id=11aac0c4-c4d4-11f0-8260-0266fc1e3079,https://coquitlam.ca.granicus.com/MediaPlayer.php?view_id=2&clip_id=3057,https://councilrecord.ca/coquitlam.html#vote/1tgvo5z,"That Council refer the report of the Director Development Services – Development Application at 760, 770, 780, 790 Ingersoll Avenue, 936 and 938 Grant Street and 796 and 800 Clarke Road – Kasian Architecture Interior Design and Planning Ltd. (PROJ 23 095) back to staff."
2025-11-03,Regular Council,6,"Report of the General Manager Planning and Development - Revised Third Reading of Housing Agreement Bylaw No. 5481, 2025 – 560 Austin Avenue (PROJ 25-052)",Main motion,Carried,9,0,0,Dennis Marsden,,In favour,In favour,In favour,In favour,In favour,In favour,In favour,In favour,In favour,Housing & density,1 of 2,,,https://coquitlam.ca.granicus.com/MinutesViewer.php?view_id=2&clip_id=3057&doc_id=11aac0c4-c4d4-11f0-8260-0266fc1e3079,https://coquitlam.ca.granicus.com/MediaPlayer.php?view_id=2&clip_id=3057,https://councilrecord.ca/coquitlam.html#vote/1kk6ppz,"That Council: 1. Rescind third reading of Housing Agreement Bylaw No. 5481, 2025; and 2. Give third reading to Housing Agreement Bylaw No. 5481, 2025 as updated."
2025-11-03,Regular Council,6,"Report of the General Manager Planning and Development - Revised Third Reading of Housing Agreement Bylaw No. 5481, 2025 – 560 Austin Avenue (PROJ 25-052)",Main motion,Carried,9,0,0,Dennis Marsden,,In favour,In favour,In favour,In favour,In favour,In favour,In favour,In favour,In favour,Housing & density,2 of 2,,,https://coquitlam.ca.granicus.com/MinutesViewer.php?view_id=2&clip_id=3057&doc_id=11aac0c4-c4d4-11f0-8260-0266fc1e3079,https://coquitlam.ca.granicus.com/MediaPlayer.php?view_id=2&clip_id=3057,https://councilrecord.ca/coquitlam.html#vote/mdo4sj,That the Regular Council Meeting adjourn at 8:04 p.m.
2025-11-17,Regular Council,2,Report of the Director Legislative Services – 2025-2026 Metro Vancouver Board Appointments and Standing Committee Nominations,Main motion,Carried,9,0,0,Dennis Marsden,,In favour,In favour,In favour,In favour,In favour,In favour,In favour,In favour,In favour,Governance & elections,,,,https://coquitlam.ca.granicus.com/MinutesViewer.php?view_id=2&clip_id=3073&doc_id=2d8946a8-d51f-11f0-8260-0266fc1e3079,https://coquitlam.ca.granicus.com/MediaPlayer.php?view_id=2&clip_id=3073,https://councilrecord.ca/coquitlam.html#vote/16qhntz,"That Council: 1. Approve appointments to the Metro Vancouver Board of Directors as set out in Attachment 1 to the on-table report of the Director Legislative Services dated November 10, 2025 and entitled “2025-2026 Metro Vancouver Board Appointments and Standing Committee Nominations”; and 2. Direct staff to communicate to Metro Vancouver that the City of Coquitlam, having considered individual Council members’ interests, availability and commitment to the work being undertaken by the standing committees and task forces of the Metro Vancouver Board, advances the identified members of Council, as set out in Attachment 1 to the report of the Director Legislative Services dated November 10, 2025 and entitled “2025-2026 Metro Vancouver Board Appointments and Standing Committee Nominations”."
2025-11-17,Regular Council,3,Report of the Director Development Services – Proposed Soil Management Bylaw Discussion ensued relative to changes in the exemption amounts listed in the proposed Bylaw.,Main motion,Carried,9,0,0,Trish Mandewo,,In favour,In favour,In favour,In favour,In favour,In favour,In favour,In favour,In favour,Other,,,,https://coquitlam.ca.granicus.com/MinutesViewer.php?view_id=2&clip_id=3073&doc_id=2d8946a8-d51f-11f0-8260-0266fc1e3079,https://coquitlam.ca.granicus.com/MediaPlayer.php?view_id=2&clip_id=3073,https://councilrecord.ca/coquitlam.html#vote/1wtx7w,"That Council give first, second, and third readings to Soil Management Bylaw No. 5420, 2025."
2025-11-17,Regular Council,4,"Report of the Director Development Services – Third Reading Extension of Development Application at 647, 651 and 655 Harrison Avenue – Forte Living Corporation (PROJ 21-106)",Main motion,Carried,8,0,1,Dennis Marsden,,In favour,In favour,In favour,In favour,In favour,In favour,In favour,Absent,In favour,Development,,,,https://coquitlam.ca.granicus.com/MinutesViewer.php?view_id=2&clip_id=3073&doc_id=2d8946a8-d51f-11f0-8260-0266fc1e3079,https://coquitlam.ca.granicus.com/MediaPlayer.php?view_id=2&clip_id=3073,https://councilrecord.ca/coquitlam.html#vote/1fqf377,"That Council extend third reading of Zoning Amendment Bylaw No. 5269, 2022 for an additional 12-month period to November 21, 2026."
2025-11-17,Regular Council,5,"Report of the General Manager Planning and Development - Zoning Amendment Bylaw Nos. 5476 and 5478, 2025 – Addressing Small-Scale Multi-Unit Housing Implementation",Main motion,Carried,8,0,1,Craig Hodge,,In favour,In favour,In favour,In favour,In favour,In favour,In favour,Absent,In favour,Housing & density; Development,,,,https://coquitlam.ca.granicus.com/MinutesViewer.php?view_id=2&clip_id=3073&doc_id=2d8946a8-d51f-11f0-8260-0266fc1e3079,https://coquitlam.ca.granicus.com/MediaPlayer.php?view_id=2&clip_id=3073,https://councilrecord.ca/coquitlam.html#vote/1r3mkme,"That Council: 1. Give first, second, and third readings and adopt Zoning Amendment Bylaw No. 5476, 2025; and 2. Give first, second, and third readings and adopt Zoning Amendment Bylaw No. 5478, 2025."
2025-11-17,Regular Council,6,"Report of the General Manager Planning and Development and the General Manager Engineering and Public Works - Implications of Bill M 216, 2025 – Professional Reliance Act",Main motion,Carried,8,0,1,Brent Asmundson,,In favour,In favour,In favour,In favour,In favour,In favour,In favour,Absent,In favour,Housing & density; Governance & elections,,,,https://coquitlam.ca.granicus.com/MinutesViewer.php?view_id=2&clip_id=3073&doc_id=2d8946a8-d51f-11f0-8260-0266fc1e3079,https://coquitlam.ca.granicus.com/MediaPlayer.php?view_id=2&clip_id=3073,https://councilrecord.ca/coquitlam.html#vote/d5zcx3,"That Council direct staff to draft a letter to the Minister of Housing and Municipal Affairs regarding Bill M 216, based upon the report dated November 10, 2025 and entitled “Implications of Bill M 216, 2025 – Professional Reliance Act” on behalf of the Mayor."
2025-11-17,Regular Council,7,"Report of the General Manager Parks, Recreation, Culture and Facilities – Amendments to the Naming of City Parks, Buildings, Facilities and Structures Policy",Main motion,Carried,8,0,1,Brent Asmundson,,In favour,In favour,In favour,In favour,In favour,In favour,In favour,Absent,In favour,Neighbourhood character; Parks & recreation,1 of 2,,,https://coquitlam.ca.granicus.com/MinutesViewer.php?view_id=2&clip_id=3073&doc_id=2d8946a8-d51f-11f0-8260-0266fc1e3079,https://coquitlam.ca.granicus.com/MediaPlayer.php?view_id=2&clip_id=3073,https://councilrecord.ca/coquitlam.html#vote/17iww1w,"That Council: 1. Direct staff to remove the language “or corporation” in Section 2 and Section 3 of the Naming of City Parks, Building, Facilities and Structures Policy as presented in the report of the General Manager Parks, Recreation, Culture and Facilities dated November 10, 2025 and entitled “Amendments to the Naming of City Parks, Buildings, Facilities and Structures Policy”; and 2. Endorse the Naming of City Parks, Buildings, Facilities and Structures Policy as amended."
2025-11-17,Regular Council,7,"Report of the General Manager Parks, Recreation, Culture and Facilities – Amendments to the Naming of City Parks, Buildings, Facilities and Structures Policy",Main motion,Carried,8,0,1,Trish Mandewo,,In favour,In favour,In favour,In favour,In favour,In favour,In favour,Absent,In favour,Neighbourhood character; Parks & recreation,2 of 2,,,https://coquitlam.ca.granicus.com/MinutesViewer.php?view_id=2&clip_id=3073&doc_id=2d8946a8-d51f-11f0-8260-0266fc1e3079,https://coquitlam.ca.granicus.com/MediaPlayer.php?view_id=2&clip_id=3073,https://councilrecord.ca/coquitlam.html#vote/nmzfyp,That the Regular Council Meeting adjourn at 8:01 p.m.
2025-12-08,Regular Council,2,Minutes of the Economic Development Advisory Committee Meeting held on,Procedural,Carried,8,0,1,Robert Mazzarolo,,Absent,In favour,In favour,In favour,In favour,In favour,In favour,In favour,In favour,Business & economy; Governance & elections,,,,https://coquitlam.ca.granicus.com/MinutesViewer.php?view_id=2&clip_id=3098&doc_id=528e54ee-daa3-11f0-8260-0266fc1e3079,https://coquitlam.ca.granicus.com/MediaPlayer.php?view_id=2&clip_id=3098,https://councilrecord.ca/coquitlam.html#vote/dois2f,"That the Minutes of the Economic Development Advisory Committee Meeting held on Wednesday, October 22, 2025 be received."
2025-12-08,Regular Council,4,"Report of the Acting General Manager Finance – 2026-2030 Financial Plan Bylaw Discussion ensued relative to the following:  The process of creating the Financial Plan, including balancing between fiscal constraint and maintaining a vibrant liveable city.  Appreciation to residents for the feedback provided on the budget.",Main motion,Carried,7,1,1,Brent Asmundson,,Absent,In favour,In favour,In favour,In favour,In favour,Against,In favour,In favour,Taxes & spending,,,,https://coquitlam.ca.granicus.com/MinutesViewer.php?view_id=2&clip_id=3098&doc_id=528e54ee-daa3-11f0-8260-0266fc1e3079,https://coquitlam.ca.granicus.com/MediaPlayer.php?view_id=2&clip_id=3098,https://councilrecord.ca/coquitlam.html#vote/79v6zk,"That Council: 1. Give first, second, and third readings to 2026-2030 Financial Plan Bylaw No. 5490, 2025; and 2. Give first, second, and third readings to Reserve Fund Establishment Amendment Bylaw No. 5491, 2025."
2025-12-08,Regular Council,5,"Report of the Acting General Manager Finance – 2026 Fees and Charges Bylaw No. 5484, 2025",Main motion,Carried,8,0,1,Brent Asmundson,,Absent,In favour,In favour,In favour,In favour,In favour,In favour,In favour,In favour,Taxes & spending,,,,https://coquitlam.ca.granicus.com/MinutesViewer.php?view_id=2&clip_id=3098&doc_id=528e54ee-daa3-11f0-8260-0266fc1e3079,https://coquitlam.ca.granicus.com/MediaPlayer.php?view_id=2&clip_id=3098,https://councilrecord.ca/coquitlam.html#vote/15dkqdt,"That Council give first, second, and third readings to the 2026 Fees and Charges Bylaw No. 5484, 2025."
2025-12-08,Regular Council,6,"Report of the General Manager Engineering and Public Works and the Acting General Manager Finance – 2026 Water, Sewer, Drainage, and Solid Waste Rate Amendments",Main motion,Carried,8,0,1,Trish Mandewo,,Absent,In favour,In favour,In favour,In favour,In favour,In favour,In favour,In favour,Public services,,,,https://coquitlam.ca.granicus.com/MinutesViewer.php?view_id=2&clip_id=3098&doc_id=528e54ee-daa3-11f0-8260-0266fc1e3079,https://coquitlam.ca.granicus.com/MediaPlayer.php?view_id=2&clip_id=3098,https://councilrecord.ca/coquitlam.html#vote/nbw4r0,"That Council: 1. Give first, second and third readings to the Water Distribution Amending Bylaw No. 5486, 2025; 2. Give first, second and third readings to the Sewer and Drainage Amending Bylaw No. 5487, 2025; and 3. Give first, second and third readings to Solid Waste Management Amending Bylaw No. 5488, 2025."
2025-12-08,Regular Council,7,Report of the General Manager Corporate Services – 2026 Business Plan Discussion ensued relative to the desire that future business plans be more modest to contain future costs and support for modernization and efficiency initiatives.,Main motion,Carried,8,0,1,Dennis Marsden,,Absent,In favour,In favour,In favour,In favour,In favour,In favour,In favour,In favour,Taxes & spending; Business & economy,,,,https://coquitlam.ca.granicus.com/MinutesViewer.php?view_id=2&clip_id=3098&doc_id=528e54ee-daa3-11f0-8260-0266fc1e3079,https://coquitlam.ca.granicus.com/MediaPlayer.php?view_id=2&clip_id=3098,https://councilrecord.ca/coquitlam.html#vote/p6lwi9,"That Council approve the 2026 Business Plan identified as Attachment 1 of the report of the General Manager Corporate Services dated December 1, 2025 and entitled “2026 Business Plan.”"
2025-12-08,Regular Council,8,Report of the Director Legislative Services – 2026 Council Meeting and Acting,Main motion,Carried,8,0,1,Trish Mandewo,,Absent,In favour,In favour,In favour,In favour,In favour,In favour,In favour,In favour,Governance & elections,,,,https://coquitlam.ca.granicus.com/MinutesViewer.php?view_id=2&clip_id=3098&doc_id=528e54ee-daa3-11f0-8260-0266fc1e3079,https://coquitlam.ca.granicus.com/MediaPlayer.php?view_id=2&clip_id=3098,https://councilrecord.ca/coquitlam.html#vote/1lq88c6,"That Council: 1. Approve the 2026 Council Meeting Schedule, as set out in Attachment 1 to the report of the Director Legislative Services, dated December 1, 2025, and entitled ""2026 Council Meeting and Acting Mayor Schedules""; and 2. Approve the 2026 Acting Mayor Schedule, as set out in Attachment 2 to the report of the Deputy Chief Administrative Officer, dated December 1, 2025, and entitled ""2026 Council Meeting and Acting Mayor Schedules""."
2025-12-08,Regular Council,9,Report of the Director Legislative Services – 2026 Council Member Appointments to Advisory and Statutory Committees and External Bodies,Main motion,Carried,8,0,1,Matt Djonlic,,Absent,In favour,In favour,In favour,In favour,In favour,In favour,In favour,In favour,Governance & elections,,,,https://coquitlam.ca.granicus.com/MinutesViewer.php?view_id=2&clip_id=3098&doc_id=528e54ee-daa3-11f0-8260-0266fc1e3079,https://coquitlam.ca.granicus.com/MediaPlayer.php?view_id=2&clip_id=3098,https://councilrecord.ca/coquitlam.html#vote/1t45zgj,"That Council approve the 2026 Council member appointments to the City of Coquitlam advisory committees, statutory entities, and external bodies as set out in Attachment 1 of the report of the Director Legislative Services dated December 1, 2025 and entitled “2026 Council Member Appointments to Advisory and Statutory Committees and External Bodies”."
2025-12-08,Regular Council,10,Report of the General Manager Planning and Development – Housing Accelerator Fund Initiative 2 – Interim Affordable Housing Reserve Fund (AHRF) Policy Discussion ensued relative to encouraging development of larger family-size units and consideration of working with other levels of government to incentivize developers to build more than the required thresholds.,Main motion,Carried,7,0,2,Brent Asmundson,,Absent,In favour,In favour,In favour,Absent,In favour,In favour,In favour,In favour,Housing & density; Taxes & spending,,,,https://coquitlam.ca.granicus.com/MinutesViewer.php?view_id=2&clip_id=3098&doc_id=528e54ee-daa3-11f0-8260-0266fc1e3079,https://coquitlam.ca.granicus.com/MediaPlayer.php?view_id=2&clip_id=3098,https://councilrecord.ca/coquitlam.html#vote/v87yl0,That Council endorse the interim Affordable Housing Reserve Fund (AHRF) Policy that reflects updates to the AHRF grant funding levels and program evaluation criteria.
2025-12-08,Regular Council,11,"Report of the General Manager Planning and Development – Housing Agreement Bylaw No. 5481, 2025 and Affordable Housing Reserve Fund Request at 560 Austin Avenue – Burquitlam Senior Housing Society (PROJ 25-052)",Main motion,Carried,7,0,2,Trish Mandewo,,Absent,In favour,In favour,In favour,Absent,In favour,In favour,In favour,In favour,Housing & density; Taxes & spending,,,,https://coquitlam.ca.granicus.com/MinutesViewer.php?view_id=2&clip_id=3098&doc_id=528e54ee-daa3-11f0-8260-0266fc1e3079,https://coquitlam.ca.granicus.com/MediaPlayer.php?view_id=2&clip_id=3098,https://councilrecord.ca/coquitlam.html#vote/11hwmfd,"That Council: 1. Adopt Housing Agreement Bylaw No. 5481, 2025; and 2. Give final approval to a capital contribution of $180,000 from the Affordable Housing Reserve Fund (AHRF)."
2025-12-08,Regular Council,12,"Report of the Director Development Services - Development Application at 760, 770, 780, and 790 Ingersoll Avenue, 936 and 938 Grant Street and 796 and 800 Clarke Road – Kasian Architecture Interior Design and Planning Ltd. (PROJ 23-095) Discussion ensued relative to the following:  Appreciation for the percentage of studio apartments, the inclusion of a",Main motion,Carried,7,0,2,Dennis Marsden,,Absent,In favour,In favour,In favour,Absent,In favour,In favour,In favour,In favour,Housing & density; Development,,,,https://coquitlam.ca.granicus.com/MinutesViewer.php?view_id=2&clip_id=3098&doc_id=528e54ee-daa3-11f0-8260-0266fc1e3079,https://coquitlam.ca.granicus.com/MediaPlayer.php?view_id=2&clip_id=3098,https://councilrecord.ca/coquitlam.html#vote/cdv9p2,"That Council: 1. Give first, second, and third readings to Zoning Amendment Bylaw No. 5435, 2025; 2. Authorize staff to prepare Development Permit No. 23 114396 DP generally in accordance with the attached drawings (Attachment 5); and 3. Require the completion of the items listed in Attachment 1 prior to Council’s consideration of final adoption to Zoning Amendment Bylaw No. 5435, 2025."
2025-12-08,Regular Council,13,"Report of the Director Development Services – Third Reading Extension Development Application at 530 – 550 Delestre Avenue, 316 Loring Street, and 527 – 555 Sunset Avenue – LM Delestre Homes LP (PROJ 18-037) Discussion ensued relative to the following:  Concerns over the Province delaying the transfer of lands required for the project to move ahead.",Main motion,Carried,7,0,2,Dennis Marsden,,Absent,In favour,In favour,In favour,Absent,In favour,In favour,In favour,In favour,Development,,,,https://coquitlam.ca.granicus.com/MinutesViewer.php?view_id=2&clip_id=3098&doc_id=528e54ee-daa3-11f0-8260-0266fc1e3079,https://coquitlam.ca.granicus.com/MediaPlayer.php?view_id=2&clip_id=3098,https://councilrecord.ca/coquitlam.html#vote/14ej1ie,"That Council extend third reading of Zoning Amendment Bylaw No. 5116, 2023 for an additional 12-month period to December 11, 2026."
2025-12-08,Regular Council,14,"Report of the General Manager Planning and Development – Housing Agreement Bylaw No. 5485, 2025 at 530 and 550 Cottonwood Avenue and 663 and 675 Whiting Way – Concert Properties Ltd. (PROJ 25-099)",Main motion,Carried,6,0,3,Brent Asmundson,,Absent,In favour,In favour,In favour,Absent,In favour,In favour,Absent,In favour,Housing & density,,,,https://coquitlam.ca.granicus.com/MinutesViewer.php?view_id=2&clip_id=3098&doc_id=528e54ee-daa3-11f0-8260-0266fc1e3079,https://coquitlam.ca.granicus.com/MediaPlayer.php?view_id=2&clip_id=3098,https://councilrecord.ca/coquitlam.html#vote/52cwv0,"That Council give first, second, and third readings to Housing Agreement Bylaw No. 5485, 2025."
2025-12-08,Regular Council,15,"Report of the General Manager Planning and Development – Bylaw Notice Enforcement Amendment Bylaw No. 5492, 2025",Main motion,Carried,7,0,2,Brent Asmundson,,Absent,In favour,In favour,In favour,Absent,In favour,In favour,In favour,In favour,Other,1 of 2,,,https://coquitlam.ca.granicus.com/MinutesViewer.php?view_id=2&clip_id=3098&doc_id=528e54ee-daa3-11f0-8260-0266fc1e3079,https://coquitlam.ca.granicus.com/MediaPlayer.php?view_id=2&clip_id=3098,https://councilrecord.ca/coquitlam.html#vote/1bia8bf,"That Council give first, second, and third readings to Bylaw Notice Enforcement Amendment Bylaw No. 5492, 2025."
2025-12-08,Regular Council,15,"Report of the General Manager Planning and Development – Bylaw Notice Enforcement Amendment Bylaw No. 5492, 2025",Main motion,Carried,7,0,2,Dennis Marsden,,Absent,In favour,In favour,In favour,Absent,In favour,In favour,In favour,In favour,Other,2 of 2,,,https://coquitlam.ca.granicus.com/MinutesViewer.php?view_id=2&clip_id=3098&doc_id=528e54ee-daa3-11f0-8260-0266fc1e3079,https://coquitlam.ca.granicus.com/MediaPlayer.php?view_id=2&clip_id=3098,https://councilrecord.ca/coquitlam.html#vote/157d0ik,That the Regular Council Meeting adjourn at 8:35 p.m.
2025-12-15,Regular Council,3,"Report of the Director Legislative Services - Final Adoption of Soil Management Bylaw No. 5420, 2025",Main motion,Carried,8,0,1,Teri Towner,,Absent,In favour,In favour,In favour,In favour,In favour,In favour,In favour,In favour,Other,1 of 2,,,https://coquitlam.ca.granicus.com/MinutesViewer.php?view_id=2&clip_id=3108&doc_id=2c2f0a18-f0a1-11f0-a404-0266fc1e3079,https://coquitlam.ca.granicus.com/MediaPlayer.php?view_id=2&clip_id=3108,https://councilrecord.ca/coquitlam.html#vote/c8xl4g,"That Council adopt Soil Management Bylaw No. 5420, 2025. 4. Report of the Director Legislative Services - Final Adoption of Bylaw Notice Enforcement Amendment Bylaw No. 5492, 2025"
2025-12-15,Regular Council,3,"Report of the Director Legislative Services - Final Adoption of Soil Management Bylaw No. 5420, 2025",Main motion,Carried,8,0,1,Trish Mandewo,,Absent,In favour,In favour,In favour,In favour,In favour,In favour,In favour,In favour,Other,2 of 2,,,https://coquitlam.ca.granicus.com/MinutesViewer.php?view_id=2&clip_id=3108&doc_id=2c2f0a18-f0a1-11f0-a404-0266fc1e3079,https://coquitlam.ca.granicus.com/MediaPlayer.php?view_id=2&clip_id=3108,https://councilrecord.ca/coquitlam.html#vote/1rnyx5y,"That Council adopt Bylaw Notice Enforcement Amendment Bylaw No. 5492, 2025."
2025-12-15,Regular Council,5,"Report of the Director Legislative Services - Final Adoption of Housing Agreement Bylaw No. 5485, 2025",Main motion,Carried,7,0,2,Dennis Marsden,,Absent,In favour,In favour,In favour,In favour,In favour,In favour,Absent,In favour,Housing & density,,,,https://coquitlam.ca.granicus.com/MinutesViewer.php?view_id=2&clip_id=3108&doc_id=2c2f0a18-f0a1-11f0-a404-0266fc1e3079,https://coquitlam.ca.granicus.com/MediaPlayer.php?view_id=2&clip_id=3108,https://councilrecord.ca/coquitlam.html#vote/1ul3zav,"That Council adopt Housing Agreement Bylaw No. 5485, 2025."
2025-12-15,Regular Council,6,"Report of the Director Legislative Services - Final Adoption of 2026-2030 Financial Plan Bylaw No. 5490, 2025 and Reserve Fund Establishment Amendment Bylaw No. 5491, 2025",Main motion,Carried,7,1,1,Brent Asmundson,,Absent,In favour,In favour,In favour,In favour,In favour,Against,In favour,In favour,Taxes & spending,,,,https://coquitlam.ca.granicus.com/MinutesViewer.php?view_id=2&clip_id=3108&doc_id=2c2f0a18-f0a1-11f0-a404-0266fc1e3079,https://coquitlam.ca.granicus.com/MediaPlayer.php?view_id=2&clip_id=3108,https://councilrecord.ca/coquitlam.html#vote/1aofiv,"That Council adopt: 1. 2026-2030 Financial Plan Bylaw No. 5490, 2025; and 2. Reserve Fund Establishment Amendment Bylaw No. 5491, 2025."
2025-12-15,Regular Council,7,"Report of the Director Legislative Services - Final Adoption of 2026 Fees and Charges Bylaw No. 5484, 2025",Main motion,Carried,8,0,1,Teri Towner,,Absent,In favour,In favour,In favour,In favour,In favour,In favour,In favour,In favour,Taxes & spending,,,,https://coquitlam.ca.granicus.com/MinutesViewer.php?view_id=2&clip_id=3108&doc_id=2c2f0a18-f0a1-11f0-a404-0266fc1e3079,https://coquitlam.ca.granicus.com/MediaPlayer.php?view_id=2&clip_id=3108,https://councilrecord.ca/coquitlam.html#vote/6bakqr,"That Council adopt 2026 Fees and Charges Bylaw No. 5484, 2025."
2025-12-15,Regular Council,8,"Report of the Director Legislative Services - Final Adoption of 2026 Water, Sewer, Drainage, and Solid Waste Rate Amendments",Main motion,Carried,8,0,1,Steve Kim,,Absent,In favour,In favour,In favour,In favour,In favour,In favour,In favour,In favour,Public services,,,,https://coquitlam.ca.granicus.com/MinutesViewer.php?view_id=2&clip_id=3108&doc_id=2c2f0a18-f0a1-11f0-a404-0266fc1e3079,https://coquitlam.ca.granicus.com/MediaPlayer.php?view_id=2&clip_id=3108,https://councilrecord.ca/coquitlam.html#vote/2f6523,"That Council adopt: 1. Water Distribution Amending Bylaw No. 5486, 2025; 2. Sewer and Drainage Amending Bylaw No. 5487, 2025; and 3. Solid Waste Management Amending Bylaw No. 5488, 2025."
2025-12-15,Regular Council,9,"Report of the Director Development Services - Final Approval of Development Application at 3655, 3659 and 3665 Crouch Avenue – Double Kappa Holdings Ltd. (Wesbild) (PROJ 22-090)",Main motion,Carried,8,0,1,Trish Mandewo,,Absent,In favour,In favour,In favour,In favour,In favour,In favour,In favour,In favour,Housing & density; Development; Transportation,,,,https://coquitlam.ca.granicus.com/MinutesViewer.php?view_id=2&clip_id=3108&doc_id=2c2f0a18-f0a1-11f0-a404-0266fc1e3079,https://coquitlam.ca.granicus.com/MediaPlayer.php?view_id=2&clip_id=3108,https://councilrecord.ca/coquitlam.html#vote/1x1ne8z,"That Council: 1. Adopt Citywide Official Community Plan Amendment Bylaw No. 5374, 2024; 2. Adopt Zoning Amendment Bylaw No. 5375, 2024; and 3. Adopt Highway Dedication Cancellation Bylaw No. 5378, 2024."
2025-12-15,Regular Council,10,"Report of the Director Development Services - Development Application at 516, 520, 524, 528, 532, 538, 548, 558, 562, and 566 Brookmere Avenue – Onni Coquitlam College (PROJ 23-115) Discussion ensued relative to the following:  Standards of maintenance of public art.  Traffic congestion and right-of-way access to the property.",Main motion,Carried,8,0,1,Dennis Marsden,,Absent,In favour,In favour,In favour,In favour,In favour,In favour,In favour,In favour,Development; Transportation; Neighbourhood character,,,,https://coquitlam.ca.granicus.com/MinutesViewer.php?view_id=2&clip_id=3108&doc_id=2c2f0a18-f0a1-11f0-a404-0266fc1e3079,https://coquitlam.ca.granicus.com/MediaPlayer.php?view_id=2&clip_id=3108,https://councilrecord.ca/coquitlam.html#vote/1otldn6,"That Council: 1. Give first, second, and third readings to Zoning Amendment Bylaw No. 5465, 2025; 2. Give first, second, and third readings to Highway Dedication Cancellation Bylaw No. 5464, 2025; 3. Direct Highway Dedication Cancellation Bylaw No. 5464, 2025 to be published in accordance with the requirements of the Community Charter; and 4. Require the completion of the items listed in Attachment 1 prior to Council’s consideration of final adoption to Zoning Amendment Bylaw No. 5465, 2025."
2025-12-15,Regular Council,11,"Report of the General Manager Parks, Recreation, Culture and Facilities - Spirit of Coquitlam Grant – 2025 Fall Intake",Main motion,Carried,8,0,1,Brent Asmundson,,Absent,In favour,In favour,In favour,In favour,In favour,In favour,In favour,In favour,Taxes & spending; Parks & recreation,,,,https://coquitlam.ca.granicus.com/MinutesViewer.php?view_id=2&clip_id=3108&doc_id=2c2f0a18-f0a1-11f0-a404-0266fc1e3079,https://coquitlam.ca.granicus.com/MediaPlayer.php?view_id=2&clip_id=3108,https://councilrecord.ca/coquitlam.html#vote/554u3a,"That Council endorse the disbursement of the Spirit of Coquitlam Grant totaling $129,631 for the Fall 2025 intake."
2025-12-15,Regular Council,12,Report of the General Manager Engineering and Public Works and the General Manager Planning and Development - Energy Step Code / Zero Carbon Step Code – Proposed Revised Approach,Main motion,Carried,8,0,1,Dennis Marsden,,Absent,In favour,In favour,In favour,In favour,In favour,In favour,In favour,In favour,Environment & climate,1 of 2,,,https://coquitlam.ca.granicus.com/MinutesViewer.php?view_id=2&clip_id=3108&doc_id=2c2f0a18-f0a1-11f0-a404-0266fc1e3079,https://coquitlam.ca.granicus.com/MediaPlayer.php?view_id=2&clip_id=3108,https://councilrecord.ca/coquitlam.html#vote/p8l9e8,"That Council defer Report of the General Manager Engineering and Public Works and the General Manager Planning and Development - Energy Step Code / Zero Carbon Step Code – Proposed Revised Approach to the January 12, 2026 Council Meeting."
2025-12-15,Regular Council,12,Report of the General Manager Engineering and Public Works and the General Manager Planning and Development - Energy Step Code / Zero Carbon Step Code – Proposed Revised Approach,Main motion,Carried,8,0,1,Dennis Marsden,,Absent,In favour,In favour,In favour,In favour,In favour,In favour,In favour,In favour,Environment & climate,2 of 2,,,https://coquitlam.ca.granicus.com/MinutesViewer.php?view_id=2&clip_id=3108&doc_id=2c2f0a18-f0a1-11f0-a404-0266fc1e3079,https://coquitlam.ca.granicus.com/MediaPlayer.php?view_id=2&clip_id=3108,https://councilrecord.ca/coquitlam.html#vote/csqyr5,That the Regular Council Meeting adjourn at 7:59 p.m.
2026-01-12,Regular Council,2,"Minutes of the Accessibility and Inclusion Advisory Committee Meeting held on Tuesday, November 4, 2025",Procedural,Carried,8,0,1,Matt Djonlic,,Absent,In favour,In favour,In favour,In favour,In favour,In favour,In favour,In favour,Public services; Governance & elections,,,,https://coquitlam.ca.granicus.com/MinutesViewer.php?view_id=2&clip_id=3119&doc_id=13c100f9-fb9c-11f0-a404-0266fc1e3079,https://coquitlam.ca.granicus.com/MediaPlayer.php?view_id=2&clip_id=3119,https://councilrecord.ca/coquitlam.html#vote/1v3v04,"That the Minutes of the Accessibility and Inclusion Advisory Committee Meeting held on Tuesday, November 4, 2025 be received."
2026-01-12,Regular Council,3,Minutes of the Sports and Recreation Advisory Committee Meeting held on,Procedural,Carried,8,0,1,Craig Hodge,,Absent,In favour,In favour,In favour,In favour,In favour,In favour,In favour,In favour,Parks & recreation; Governance & elections,,,,https://coquitlam.ca.granicus.com/MinutesViewer.php?view_id=2&clip_id=3119&doc_id=13c100f9-fb9c-11f0-a404-0266fc1e3079,https://coquitlam.ca.granicus.com/MediaPlayer.php?view_id=2&clip_id=3119,https://councilrecord.ca/coquitlam.html#vote/sflwzn,"That the Minutes of the Sports and Recreation Advisory Committee Meeting held on Wednesday, November 12, 2025 be received."
2026-01-12,Regular Council,4,Minutes of the Culture Services Advisory Committee Meeting held on,Procedural,Carried,8,0,1,Teri Towner,,Absent,In favour,In favour,In favour,In favour,In favour,In favour,In favour,In favour,Parks & recreation; Governance & elections,,,,https://coquitlam.ca.granicus.com/MinutesViewer.php?view_id=2&clip_id=3119&doc_id=13c100f9-fb9c-11f0-a404-0266fc1e3079,https://coquitlam.ca.granicus.com/MediaPlayer.php?view_id=2&clip_id=3119,https://councilrecord.ca/coquitlam.html#vote/2tq9z4,"That the Minutes of the Culture Services Advisory Committee Meeting held on Thursday, November 13, 2025 be received."
2026-01-12,Regular Council,5,Minutes of the Multiculturalism Advisory Committee Meeting held on,Procedural,Carried,8,0,1,Matt Djonlic,,Absent,In favour,In favour,In favour,In favour,In favour,In favour,In favour,In favour,Governance & elections,,,,https://coquitlam.ca.granicus.com/MinutesViewer.php?view_id=2&clip_id=3119&doc_id=13c100f9-fb9c-11f0-a404-0266fc1e3079,https://coquitlam.ca.granicus.com/MediaPlayer.php?view_id=2&clip_id=3119,https://councilrecord.ca/coquitlam.html#vote/1bm2ru4,"That the Minutes of the Multiculturalism Advisory Committee Meeting held on Wednesday, November 19, 2025 be received."
2026-01-12,Regular Council,6,Minutes of the Community Safety Advisory Committee Meeting held on,Procedural,Carried,8,0,1,Dennis Marsden,,Absent,In favour,In favour,In favour,In favour,In favour,In favour,In favour,In favour,Public services; Governance & elections,,,,https://coquitlam.ca.granicus.com/MinutesViewer.php?view_id=2&clip_id=3119&doc_id=13c100f9-fb9c-11f0-a404-0266fc1e3079,https://coquitlam.ca.granicus.com/MediaPlayer.php?view_id=2&clip_id=3119,https://councilrecord.ca/coquitlam.html#vote/176knyt,"That the Minutes of the Community Safety Advisory Committee Meeting held on Thursday, November 20, 2025 be received."
2026-01-12,Regular Council,7,"Minutes of the Sustainability and Environmental Advisory Committee Meeting held on Tuesday, November 25, 2025",Procedural,Carried,8,0,1,Brent Asmundson,,Absent,In favour,In favour,In favour,In favour,In favour,In favour,In favour,In favour,Environment & climate; Public services; Governance & elections,,,,https://coquitlam.ca.granicus.com/MinutesViewer.php?view_id=2&clip_id=3119&doc_id=13c100f9-fb9c-11f0-a404-0266fc1e3079,https://coquitlam.ca.granicus.com/MediaPlayer.php?view_id=2&clip_id=3119,https://councilrecord.ca/coquitlam.html#vote/kbh07h,"That the Minutes of the Sustainability and Environmental Advisory Committee Meeting held on Tuesday, November 25, 2025 be received."
2026-01-12,Regular Council,8,Report of the General Manager Engineering and Public Works and the General Manager Planning and Development – Energy Step Code / Zero Carbon Step Code – Proposed Revised Approach,Main motion,Carried,8,0,1,Matt Djonlic,,Absent,In favour,In favour,In favour,In favour,In favour,In favour,In favour,In favour,Environment & climate,,,,https://coquitlam.ca.granicus.com/MinutesViewer.php?view_id=2&clip_id=3119&doc_id=13c100f9-fb9c-11f0-a404-0266fc1e3079,https://coquitlam.ca.granicus.com/MediaPlayer.php?view_id=2&clip_id=3119,https://councilrecord.ca/coquitlam.html#vote/5q5r99,"That Council defer the Report of the General Manager Engineering and Public Works and the General Planning and Development dated December 8, 2025 and entitled “Energy Step Code/Zero Carbon Step Code – Proposed Revised Approach” to the Regular Council meeting scheduled for February 9, 2026."
2026-01-12,Regular Council,9,Report of the General Manager Engineering and Public Works – Climate Action Plan,Main motion,Carried,8,0,1,Craig Hodge,,Absent,In favour,In favour,In favour,In favour,In favour,In favour,In favour,In favour,Environment & climate,,,,https://coquitlam.ca.granicus.com/MinutesViewer.php?view_id=2&clip_id=3119&doc_id=13c100f9-fb9c-11f0-a404-0266fc1e3079,https://coquitlam.ca.granicus.com/MediaPlayer.php?view_id=2&clip_id=3119,https://councilrecord.ca/coquitlam.html#vote/18u7s2p,"That Council approve the final Climate Action Plan document, as set out in Attachment 1, and the Full Strategy and Action List, as set out in Attachment 2, to the report of the General Manager Engineering and Public Works dated January 12, 2026 and entitled “Climate Action Plan”."
2026-01-12,Regular Council,10,Report of the Director Development Services – Final Approval of Development Application for Burke Mountain Community Centre and Burke Village Park – City of Coquitlam (PROJ 24-112),Main motion,Carried,8,0,1,Brent Asmundson,,Absent,In favour,In favour,In favour,In favour,In favour,In favour,In favour,In favour,Development; Parks & recreation,,,,https://coquitlam.ca.granicus.com/MinutesViewer.php?view_id=2&clip_id=3119&doc_id=13c100f9-fb9c-11f0-a404-0266fc1e3079,https://coquitlam.ca.granicus.com/MediaPlayer.php?view_id=2&clip_id=3119,https://councilrecord.ca/coquitlam.html#vote/8xllj,"That Council adopt Zoning Amendment Bylaw No. 5419, 2025."
2026-01-12,Regular Council,11,Report of the Director Development Services – Agricultural Land Commission Referral for a Soil or Fill Use Application at 4400 Oliver Road – Robinson Bros. Holdings Ltd. (PROJ 25-133),Main motion,Carried,8,0,1,Craig Hodge,,Absent,In favour,In favour,In favour,In favour,In favour,In favour,In favour,In favour,Development; Business & economy,1 of 2,,,https://coquitlam.ca.granicus.com/MinutesViewer.php?view_id=2&clip_id=3119&doc_id=13c100f9-fb9c-11f0-a404-0266fc1e3079,https://coquitlam.ca.granicus.com/MediaPlayer.php?view_id=2&clip_id=3119,https://councilrecord.ca/coquitlam.html#vote/163gkb1,"That Council refer the Report of the Director Development Services dated January 12, 2026 and entitled “Agricultural Land Commission Referral for a Soil or Fill Use Application at 4400 Oliver Road – Robinson Bros. Holdings Ltd. (PROJ 25-133)” back to staff."
2026-01-12,Regular Council,11,Report of the Director Development Services – Agricultural Land Commission Referral for a Soil or Fill Use Application at 4400 Oliver Road – Robinson Bros. Holdings Ltd. (PROJ 25-133),Main motion,Carried,8,0,1,Dennis Marsden,,Absent,In favour,In favour,In favour,In favour,In favour,In favour,In favour,In favour,Development; Business & economy,2 of 2,,,https://coquitlam.ca.granicus.com/MinutesViewer.php?view_id=2&clip_id=3119&doc_id=13c100f9-fb9c-11f0-a404-0266fc1e3079,https://coquitlam.ca.granicus.com/MediaPlayer.php?view_id=2&clip_id=3119,https://councilrecord.ca/coquitlam.html#vote/1bhv98o,That the Regular Council Meeting adjourn at 7:50 p.m.
2026-01-26,Regular Council,3,"Report of the General Manager Planning and Development - Housing Agreement Bylaw No. 5241, 2026 at 1015 Austin Ave. – PARC Communities Management (PROJ 21-123)",Main motion,Carried,9,0,0,Brent Asmundson,,In favour,In favour,In favour,In favour,In favour,In favour,In favour,In favour,In favour,Housing & density,,,,https://coquitlam.ca.granicus.com/MinutesViewer.php?view_id=2&clip_id=3128&doc_id=3b61a5e1-06a7-11f1-a404-0266fc1e3079,https://coquitlam.ca.granicus.com/MediaPlayer.php?view_id=2&clip_id=3128,https://councilrecord.ca/coquitlam.html#vote/1rr6f1g,"That Council give first, second and third readings to Housing Agreement Bylaw No. 5241, 2026."
2026-01-26,Regular Council,4,Report of the Deputy Chief Administrative Officer – 2026 Council Meeting Schedule Amendments,Main motion,Carried,9,0,0,Craig Hodge,,In favour,In favour,In favour,In favour,In favour,In favour,In favour,In favour,In favour,Governance & elections,,,,https://coquitlam.ca.granicus.com/MinutesViewer.php?view_id=2&clip_id=3128&doc_id=3b61a5e1-06a7-11f1-a404-0266fc1e3079,https://coquitlam.ca.granicus.com/MediaPlayer.php?view_id=2&clip_id=3128,https://councilrecord.ca/coquitlam.html#vote/1sxxbl0,"That Council approve the amended 2026 Council Meeting Schedule included as Attachment 1 to the report of the Deputy Chief Administrative Officer dated January 26, 2026 and entitled “2026 Council Meeting Schedule Amendments”."
2026-01-26,Regular Council,5,Report of the Deputy Chief Administrative Officer – Freedom of the City of Coquitlam Award Policy Update,Main motion,Carried,9,0,0,Teri Towner,,In favour,In favour,In favour,In favour,In favour,In favour,In favour,In favour,In favour,Taxes & spending,1 of 2,,,https://coquitlam.ca.granicus.com/MinutesViewer.php?view_id=2&clip_id=3128&doc_id=3b61a5e1-06a7-11f1-a404-0266fc1e3079,https://coquitlam.ca.granicus.com/MediaPlayer.php?view_id=2&clip_id=3128,https://councilrecord.ca/coquitlam.html#vote/15xgnuk,That Council: 1. Approve the draft Freedom of the City Coquitlam Award Policy; and 2. Rescind the existing Conferring Freedom of the City on a Person Policy.
2026-01-26,Regular Council,5,Report of the Deputy Chief Administrative Officer – Freedom of the City of Coquitlam Award Policy Update,Main motion,Carried,9,0,0,Dennis Marsden,,In favour,In favour,In favour,In favour,In favour,In favour,In favour,In favour,In favour,Taxes & spending,2 of 2,,,https://coquitlam.ca.granicus.com/MinutesViewer.php?view_id=2&clip_id=3128&doc_id=3b61a5e1-06a7-11f1-a404-0266fc1e3079,https://coquitlam.ca.granicus.com/MediaPlayer.php?view_id=2&clip_id=3128,https://councilrecord.ca/coquitlam.html#vote/1g28myv,That the Regular Council Meeting adjourn at 7:19 p.m.
2026-02-09,Regular Council,2,Report of the General Manager Engineering and Public Works and the General Manager Planning and Development - Energy Step Code / Zero Carbon Step Code – Proposed Revised Approach Discussion ensued relative to the following:  Neighbouring municipalities that have successfully exceeded provincial timelines in addition to continuing to build housing.,Main motion,Carried,5,4,0,Dennis Marsden,,In favour,In favour,Against,Against,In favour,In favour,In favour,Against,Against,Housing & density; Environment & climate,,,,https://coquitlam.ca.granicus.com/MinutesViewer.php?view_id=2&clip_id=3144&doc_id=b4c099fe-11af-11f1-a404-0266fc1e3079,https://coquitlam.ca.granicus.com/MediaPlayer.php?view_id=2&clip_id=3144,https://councilrecord.ca/coquitlam.html#vote/y6za3l,That Council direct staff to revise the Energy Step Code Policy for Building Permit Application Requirements and prepare Building Bylaw amendments to implement the recommended timelines and approach - maintain existing provincial timelines for Energy Step Code and for Zero Carbon Step Code.
2026-02-09,Regular Council,3,Report of the General Manager Parks and Capital Projects – Cottonwood Park - Tennis Court Final Design Approval Discussion ensued relative to the following:  Opportunities for additional sports facilities in the park.  Challenges impacting noise mitigation strategies for a possible pickleball facility in this area of the City.,Main motion,Carried,8,0,1,Dennis Marsden,,In favour,In favour,In favour,In favour,In favour,In favour,Absent,In favour,In favour,Taxes & spending; Neighbourhood character; Parks & recreation,,,,https://coquitlam.ca.granicus.com/MinutesViewer.php?view_id=2&clip_id=3144&doc_id=b4c099fe-11af-11f1-a404-0266fc1e3079,https://coquitlam.ca.granicus.com/MediaPlayer.php?view_id=2&clip_id=3144,https://councilrecord.ca/coquitlam.html#vote/1z13sqi,"That Council: 1. Approve the final design for the Cottonwood Park tennis courts; and 2. Authorize staff to proceed with procurement and construction of three tennis courts as outlined in the report of the General Manager Parks and Capital Projects dated February 9, 2026 and entitled “Cottonwood Park -Tennis Court Final Design Approval”."
2026-02-09,Regular Council,4,Report of the General Manager Planning and Development - Final Approval of Development Application at 1015 Austin Ave. – PARC Communities Management (PROJ 21-123),Main motion,Carried,9,0,0,Brent Asmundson,,In favour,In favour,In favour,In favour,In favour,In favour,In favour,In favour,In favour,Housing & density; Development,,,,https://coquitlam.ca.granicus.com/MinutesViewer.php?view_id=2&clip_id=3144&doc_id=b4c099fe-11af-11f1-a404-0266fc1e3079,https://coquitlam.ca.granicus.com/MediaPlayer.php?view_id=2&clip_id=3144,https://councilrecord.ca/coquitlam.html#vote/19kr8m5,"That Council: 1. Adopt Zoning Amendment Bylaw No. 5240, 2022; 2. Adopt Housing Agreement Bylaw No. 5241, 2026; and 3. Approve the signing and sealing of Development Permit No. 21 114887 DP and that the Mayor and Corporate Officer be authorized to execute this Permit on behalf of the City of Coquitlam."
2026-02-09,Regular Council,5,"C. Bignell and February 6, 2026 Coquitlam D. Kelly Discussion ensued relative to the following:  Opportunities to advance discussions with the Land Owner regarding",Main motion,Carried,8,0,1,Robert Mazzarolo,,Absent,In favour,In favour,In favour,In favour,In favour,In favour,In favour,In favour,Development,,,,https://coquitlam.ca.granicus.com/MinutesViewer.php?view_id=2&clip_id=3144&doc_id=b4c099fe-11af-11f1-a404-0266fc1e3079,https://coquitlam.ca.granicus.com/MediaPlayer.php?view_id=2&clip_id=3144,https://councilrecord.ca/coquitlam.html#vote/fs9b05,That Council direct staff to delete section 9. Renewal of Permit from Temporary Use Permit No. 25 121383.
2026-02-09,Regular Council,6,Report of the Director Development Services – Rezoning to Allow the Processing of In-Stream Development Permit Applications Affected by Small-Scale Multi-Unit Housing Implementation - (PROJ 25-096),Main motion,Carried,8,0,1,Trish Mandewo,,Absent,In favour,In favour,In favour,In favour,In favour,In favour,In favour,In favour,Housing & density; Development; Environment & climate,,,,https://coquitlam.ca.granicus.com/MinutesViewer.php?view_id=2&clip_id=3144&doc_id=b4c099fe-11af-11f1-a404-0266fc1e3079,https://coquitlam.ca.granicus.com/MediaPlayer.php?view_id=2&clip_id=3144,https://councilrecord.ca/coquitlam.html#vote/1rjclrl,"That Council give first, second, and third readings and adopt Zoning Amendment Bylaw No. 5475, 2026."
2026-02-09,Regular Council,7,Report of the General Manager Planning and Development Housing Accelerator Fund (HAF) - Second Annual Progress Report,Main motion,Carried,8,0,1,Dennis Marsden,,Absent,In favour,In favour,In favour,In favour,In favour,In favour,In favour,In favour,Housing & density,,,,https://coquitlam.ca.granicus.com/MinutesViewer.php?view_id=2&clip_id=3144&doc_id=b4c099fe-11af-11f1-a404-0266fc1e3079,https://coquitlam.ca.granicus.com/MediaPlayer.php?view_id=2&clip_id=3144,https://councilrecord.ca/coquitlam.html#vote/8s53d9,That Council direct staff to submit the “Housing Accelerator Fund (HAF) - Second Annual Progress Report” to the Canada Mortgage and Housing Corporation.
2026-02-09,Regular Council,8,Report of the General Manager Community Safety and General Manager Engineering and Public Works – Street and Traffic Bylaw Modernization Discussion ensued relative to the following:  Dangers of the distracted operation of electric kick scooters including the use of headphones.  Benefits of introducing stacked fines for enforcement.,Main motion,Carried,8,0,1,Trish Mandewo,,Absent,In favour,In favour,In favour,In favour,In favour,In favour,In favour,In favour,Transportation; Public services,1 of 2,,,https://coquitlam.ca.granicus.com/MinutesViewer.php?view_id=2&clip_id=3144&doc_id=b4c099fe-11af-11f1-a404-0266fc1e3079,https://coquitlam.ca.granicus.com/MediaPlayer.php?view_id=2&clip_id=3144,https://councilrecord.ca/coquitlam.html#vote/1jjh7wm,"That Council give first, second, and third readings to Street and Traffic Bylaw No. 5499, 2026, and Bylaw Notice Enforcement Bylaw Amendment Bylaw No. 5500, 2026, as attached to this report."
2026-02-09,Regular Council,8,Report of the General Manager Community Safety and General Manager Engineering and Public Works – Street and Traffic Bylaw Modernization Discussion ensued relative to the following:  Dangers of the distracted operation of electric kick scooters including the use of headphones.  Benefits of introducing stacked fines for enforcement.,Main motion,Carried,8,0,1,Matt Djonlic,,Absent,In favour,In favour,In favour,In favour,In favour,In favour,In favour,In favour,Transportation; Public services,2 of 2,,,https://coquitlam.ca.granicus.com/MinutesViewer.php?view_id=2&clip_id=3144&doc_id=b4c099fe-11af-11f1-a404-0266fc1e3079,https://coquitlam.ca.granicus.com/MediaPlayer.php?view_id=2&clip_id=3144,https://councilrecord.ca/coquitlam.html#vote/1ojrpen,That the Regular Council Meeting adjourn at 10:06 p.m.
2026-02-23,Regular Council,2,"Minutes of the Accessibility and Inclusion Advisory Committee Meeting held on Tuesday, January 20, 2026",Procedural,Carried,9,0,0,Steve Kim,,In favour,In favour,In favour,In favour,In favour,In favour,In favour,In favour,In favour,Public services; Governance & elections,1 of 2,,,https://coquitlam.ca.granicus.com/MinutesViewer.php?view_id=2&clip_id=3155&doc_id=d08cc22a-2232-11f1-a404-0266fc1e3079,https://coquitlam.ca.granicus.com/MediaPlayer.php?view_id=2&clip_id=3155,https://councilrecord.ca/coquitlam.html#vote/189ng8y,"That the Minutes of the Accessibility and Inclusion Advisory Committee Meeting held on Tuesday, January 20, 2026 be received."
2026-02-23,Regular Council,2,"Minutes of the Accessibility and Inclusion Advisory Committee Meeting held on Tuesday, January 20, 2026",Main motion,Carried,9,0,0,Matt Djonlic,,In favour,In favour,In favour,In favour,In favour,In favour,In favour,In favour,In favour,Public services; Governance & elections,2 of 2,,,https://coquitlam.ca.granicus.com/MinutesViewer.php?view_id=2&clip_id=3155&doc_id=d08cc22a-2232-11f1-a404-0266fc1e3079,https://coquitlam.ca.granicus.com/MediaPlayer.php?view_id=2&clip_id=3155,https://councilrecord.ca/coquitlam.html#vote/1njkc48,That Council approve the 2026 Accessibility and Inclusion Advisory Committee Work Plan.
2026-02-23,Regular Council,3,Minutes of the Multiculturalism Advisory Committee Meeting held on,Procedural,Carried,9,0,0,Brent Asmundson,,In favour,In favour,In favour,In favour,In favour,In favour,In favour,In favour,In favour,Governance & elections,1 of 2,,,https://coquitlam.ca.granicus.com/MinutesViewer.php?view_id=2&clip_id=3155&doc_id=d08cc22a-2232-11f1-a404-0266fc1e3079,https://coquitlam.ca.granicus.com/MediaPlayer.php?view_id=2&clip_id=3155,https://councilrecord.ca/coquitlam.html#vote/1gunr8m,"That the Minutes of the Multiculturalism Advisory Committee Meeting held on Thursday, January 22, 2026 be received."
2026-02-23,Regular Council,3,Minutes of the Multiculturalism Advisory Committee Meeting held on,Main motion,Carried,9,0,0,Brent Asmundson,,In favour,In favour,In favour,In favour,In favour,In favour,In favour,In favour,In favour,Governance & elections,2 of 2,,,https://coquitlam.ca.granicus.com/MinutesViewer.php?view_id=2&clip_id=3155&doc_id=d08cc22a-2232-11f1-a404-0266fc1e3079,https://coquitlam.ca.granicus.com/MediaPlayer.php?view_id=2&clip_id=3155,https://councilrecord.ca/coquitlam.html#vote/s9q2i2,That Council approve the 2026 Multiculturalism Advisory Committee Work Plan.
2026-02-23,Regular Council,4,"Minutes of the Sustainability and Environmental Advisory Committee Meeting held on Tuesday, January 27, 2026",Procedural,Carried,9,0,0,Steve Kim,,In favour,In favour,In favour,In favour,In favour,In favour,In favour,In favour,In favour,Environment & climate; Public services; Governance & elections,1 of 2,,,https://coquitlam.ca.granicus.com/MinutesViewer.php?view_id=2&clip_id=3155&doc_id=d08cc22a-2232-11f1-a404-0266fc1e3079,https://coquitlam.ca.granicus.com/MediaPlayer.php?view_id=2&clip_id=3155,https://councilrecord.ca/coquitlam.html#vote/17xcgmy,"That the Minutes of the Sustainability and Environmental Advisory Committee Meeting held on Tuesday, January 27, 2026 be received."
2026-02-23,Regular Council,4,"Minutes of the Sustainability and Environmental Advisory Committee Meeting held on Tuesday, January 27, 2026",Main motion,Carried,9,0,0,Steve Kim,,In favour,In favour,In favour,In favour,In favour,In favour,In favour,In favour,In favour,Environment & climate; Public services; Governance & elections,2 of 2,,,https://coquitlam.ca.granicus.com/MinutesViewer.php?view_id=2&clip_id=3155&doc_id=d08cc22a-2232-11f1-a404-0266fc1e3079,https://coquitlam.ca.granicus.com/MediaPlayer.php?view_id=2&clip_id=3155,https://councilrecord.ca/coquitlam.html#vote/w3obe4,That Council approve the 2026 Sustainability and Environmental Advisory Committee Work Plan.
2026-02-23,Regular Council,5,Minutes of the Economic Development Advisory Committee Meeting held on,Procedural,Carried,9,0,0,Teri Towner,,In favour,In favour,In favour,In favour,In favour,In favour,In favour,In favour,In favour,Business & economy; Governance & elections,1 of 2,,,https://coquitlam.ca.granicus.com/MinutesViewer.php?view_id=2&clip_id=3155&doc_id=d08cc22a-2232-11f1-a404-0266fc1e3079,https://coquitlam.ca.granicus.com/MediaPlayer.php?view_id=2&clip_id=3155,https://councilrecord.ca/coquitlam.html#vote/znxkel,"That the Minutes of the Economic Development Advisory Committee Meeting held on Tuesday, February 3, 2026 be received."
2026-02-23,Regular Council,5,Minutes of the Economic Development Advisory Committee Meeting held on,Main motion,Carried,9,0,0,Teri Towner,,In favour,In favour,In favour,In favour,In favour,In favour,In favour,In favour,In favour,Business & economy; Governance & elections,2 of 2,,,https://coquitlam.ca.granicus.com/MinutesViewer.php?view_id=2&clip_id=3155&doc_id=d08cc22a-2232-11f1-a404-0266fc1e3079,https://coquitlam.ca.granicus.com/MediaPlayer.php?view_id=2&clip_id=3155,https://councilrecord.ca/coquitlam.html#vote/1c7jr40,That Council approve the 2026 Economic Development Advisory Committee Work Plan.
2026-02-23,Regular Council,6,Minutes of the Sports and Recreation Advisory Committee Meeting held on,Procedural,Carried,9,0,0,Trish Mandewo,,In favour,In favour,In favour,In favour,In favour,In favour,In favour,In favour,In favour,Parks & recreation; Governance & elections,1 of 2,,,https://coquitlam.ca.granicus.com/MinutesViewer.php?view_id=2&clip_id=3155&doc_id=d08cc22a-2232-11f1-a404-0266fc1e3079,https://coquitlam.ca.granicus.com/MediaPlayer.php?view_id=2&clip_id=3155,https://councilrecord.ca/coquitlam.html#vote/hzk1fo,"That the Minutes of the Sports and Recreation Advisory Committee Meeting held on Wednesday, February 4, 2026 be received."
2026-02-23,Regular Council,6,Minutes of the Sports and Recreation Advisory Committee Meeting held on,Main motion,Carried,9,0,0,Trish Mandewo,,In favour,In favour,In favour,In favour,In favour,In favour,In favour,In favour,In favour,Parks & recreation; Governance & elections,2 of 2,,,https://coquitlam.ca.granicus.com/MinutesViewer.php?view_id=2&clip_id=3155&doc_id=d08cc22a-2232-11f1-a404-0266fc1e3079,https://coquitlam.ca.granicus.com/MediaPlayer.php?view_id=2&clip_id=3155,https://councilrecord.ca/coquitlam.html#vote/3w5zn0,That Council approve the 2026 Sports and Recreation Advisory Committee Work Plan.
2026-02-23,Regular Council,7,Minutes of the Culture Services Advisory Committee Meeting held on,Procedural,Carried,9,0,0,Teri Towner,,In favour,In favour,In favour,In favour,In favour,In favour,In favour,In favour,In favour,Parks & recreation; Governance & elections,1 of 2,,,https://coquitlam.ca.granicus.com/MinutesViewer.php?view_id=2&clip_id=3155&doc_id=d08cc22a-2232-11f1-a404-0266fc1e3079,https://coquitlam.ca.granicus.com/MediaPlayer.php?view_id=2&clip_id=3155,https://councilrecord.ca/coquitlam.html#vote/73rgvu,"That the Minutes of the Culture Services Advisory Committee Meeting held on Thursday, February 5, 2026 be received."
2026-02-23,Regular Council,7,Minutes of the Culture Services Advisory Committee Meeting held on,Main motion,Carried,9,0,0,Teri Towner,,In favour,In favour,In favour,In favour,In favour,In favour,In favour,In favour,In favour,Parks & recreation; Governance & elections,2 of 2,,,https://coquitlam.ca.granicus.com/MinutesViewer.php?view_id=2&clip_id=3155&doc_id=d08cc22a-2232-11f1-a404-0266fc1e3079,https://coquitlam.ca.granicus.com/MediaPlayer.php?view_id=2&clip_id=3155,https://councilrecord.ca/coquitlam.html#vote/oxd35v,That Council approve the 2026 Culture Services Advisory Committee Work Plan.
2026-02-23,Regular Council,8,Report of the Director Development Services – Rezoning Application at 1013 and 1025 Brunette – City of Coquitlam (PROJ 25-166) Discussion ensued relative to the following:  Concerns over the proposed reduction to the required amount of commercial space and desire to refer the report back to staff to explore options for maintaining the additional required commercial space.,Main motion,Carried,9,0,0,Matt Djonlic,,In favour,In favour,In favour,In favour,In favour,In favour,In favour,In favour,In favour,Housing & density; Development; Business & economy,,,,https://coquitlam.ca.granicus.com/MinutesViewer.php?view_id=2&clip_id=3155&doc_id=d08cc22a-2232-11f1-a404-0266fc1e3079,https://coquitlam.ca.granicus.com/MediaPlayer.php?view_id=2&clip_id=3155,https://councilrecord.ca/coquitlam.html#vote/syub8x,"That Council give first, second, and third readings and adopt Zoning Amendment Bylaw No. 5498, 2026."
2026-02-23,Regular Council,9,Report of the General Manager Planning and Development - Request for Support from the Port Coquitlam and District Hunting and Fishing Club Regarding the Continuance of the Provincial Crown Land Lease at 5000 Upper Harper Road,Main motion,Carried,9,0,0,Brent Asmundson,,In favour,In favour,In favour,In favour,In favour,In favour,In favour,In favour,In favour,Other,,,,https://coquitlam.ca.granicus.com/MinutesViewer.php?view_id=2&clip_id=3155&doc_id=d08cc22a-2232-11f1-a404-0266fc1e3079,https://coquitlam.ca.granicus.com/MediaPlayer.php?view_id=2&clip_id=3155,https://councilrecord.ca/coquitlam.html#vote/3tq8sz,That Council: 1. Support the continuance of the Port Coquitlam and District Hunting and Fishing Club Crown Land lease at 5000 Upper Harper Road for a period of three years; and 2. Direct staff to advise the Port Coquitlam and District Hunting and Fishing Club that their operations at 5000 Upper Harper Road are not supportable over the long term and that they continue to engage with the Province to explore alternate locations.
2026-02-23,Regular Council,10,Report of the General Manager Planning and Development – Request for Consultation Extension Re: Proposed Metro Vancouver 2025 Amendments,Main motion,Carried,9,0,0,Robert Mazzarolo,,In favour,In favour,In favour,In favour,In favour,In favour,In favour,In favour,In favour,Governance & elections,1 of 2,,,https://coquitlam.ca.granicus.com/MinutesViewer.php?view_id=2&clip_id=3155&doc_id=d08cc22a-2232-11f1-a404-0266fc1e3079,https://coquitlam.ca.granicus.com/MediaPlayer.php?view_id=2&clip_id=3155,https://councilrecord.ca/coquitlam.html#vote/1dfd0ko,"That Council send a letter to the Metro Vancouver Board requesting an extension to the engagement period for proposed Metro 2050 amendment options outlined in the January 20, 2026 letter from Metro Vancouver."
2026-02-23,Regular Council,10,Report of the General Manager Planning and Development – Request for Consultation Extension Re: Proposed Metro Vancouver 2025 Amendments,Main motion,Carried,9,0,0,Dennis Marsden,,In favour,In favour,In favour,In favour,In favour,In favour,In favour,In favour,In favour,Governance & elections,2 of 2,,,https://coquitlam.ca.granicus.com/MinutesViewer.php?view_id=2&clip_id=3155&doc_id=d08cc22a-2232-11f1-a404-0266fc1e3079,https://coquitlam.ca.granicus.com/MediaPlayer.php?view_id=2&clip_id=3155,https://councilrecord.ca/coquitlam.html#vote/14soucr,That the Regular Council Meeting adjourn at 7:56 p.m.
2026-03-09,Regular Council,1,Freedom of the City – John Cashore and Mary O’Neill,Main motion,Carried,9,0,0,Matt Djonlic,,In favour,In favour,In favour,In favour,In favour,In favour,In favour,In favour,In favour,Other,,,,https://coquitlam.ca.granicus.com/MinutesViewer.php?view_id=2&clip_id=3170&doc_id=ebbc3b50-2d18-11f1-a404-0266fc1e3079,https://coquitlam.ca.granicus.com/MediaPlayer.php?view_id=2&clip_id=3170,https://councilrecord.ca/coquitlam.html#vote/9fqprk,That the honour of the Freedom of the City be conferred upon John Cashore and Mary O’Neill.
2026-03-09,Regular Council,3,"Minutes of the Community Safety Advisory Committee Meeting held on February 19, 2026",Procedural,Carried,9,0,0,Trish Mandewo,,In favour,In favour,In favour,In favour,In favour,In favour,In favour,In favour,In favour,Public services; Governance & elections,1 of 2,,,https://coquitlam.ca.granicus.com/MinutesViewer.php?view_id=2&clip_id=3170&doc_id=ebbc3b50-2d18-11f1-a404-0266fc1e3079,https://coquitlam.ca.granicus.com/MediaPlayer.php?view_id=2&clip_id=3170,https://councilrecord.ca/coquitlam.html#vote/1p4zse8,"That the Minutes of the Community Safety Advisory Committee Meeting held on February 19, 2026 be received."
2026-03-09,Regular Council,3,"Minutes of the Community Safety Advisory Committee Meeting held on February 19, 2026",Main motion,Carried,9,0,0,Trish Mandewo,,In favour,In favour,In favour,In favour,In favour,In favour,In favour,In favour,In favour,Public services; Governance & elections,2 of 2,,,https://coquitlam.ca.granicus.com/MinutesViewer.php?view_id=2&clip_id=3170&doc_id=ebbc3b50-2d18-11f1-a404-0266fc1e3079,https://coquitlam.ca.granicus.com/MediaPlayer.php?view_id=2&clip_id=3170,https://councilrecord.ca/coquitlam.html#vote/x6uibz,That Council approve the 2026 Community Safety Advisory Committee Work Plan.
2026-03-09,Regular Council,4,"Report of the Deputy Chief Administrative Officer – Final Adoption of Street and Traffic Bylaw No. 5499, 2026 and Bylaw Enforcement Bylaw Amendment Bylaw No. 5500, 2026",Main motion,Carried,9,0,0,Craig Hodge,,In favour,In favour,In favour,In favour,In favour,In favour,In favour,In favour,In favour,Transportation,,,,https://coquitlam.ca.granicus.com/MinutesViewer.php?view_id=2&clip_id=3170&doc_id=ebbc3b50-2d18-11f1-a404-0266fc1e3079,https://coquitlam.ca.granicus.com/MediaPlayer.php?view_id=2&clip_id=3170,https://councilrecord.ca/coquitlam.html#vote/mzpvu,"That Council adopt Street and Traffic Bylaw No. 5499, 2026 and Bylaw Enforcement Bylaw Amendment Bylaw No. 5500, 2026."
2026-03-09,Regular Council,5,"Report of the General Manager Planning and Development – Final Approval of Development Application at 626, 634, 636 and 638 Thompson Avenue – Everglade Development Ltd. (PROJ 23-050)",Main motion,Carried,8,1,0,Dennis Marsden,,In favour,In favour,In favour,In favour,In favour,In favour,In favour,Against,In favour,Development,,,,https://coquitlam.ca.granicus.com/MinutesViewer.php?view_id=2&clip_id=3170&doc_id=ebbc3b50-2d18-11f1-a404-0266fc1e3079,https://coquitlam.ca.granicus.com/MediaPlayer.php?view_id=2&clip_id=3170,https://councilrecord.ca/coquitlam.html#vote/qasfyc,"That Council: 1. Adopt Zoning Amendment Bylaw No. 5401, 2024; and 2. Approve the signing and sealing of Development Permit No. 23 109202 DP and that the Mayor and Corporate Officer be authorized to execute this Permit on behalf of the City of Coquitlam."
2026-03-09,Regular Council,6,Report of the General Manager Planning and Development – Final Approval of Development Application at 597 Thompson Avenue – Epix Thompson BT Inc. (PROJ 22-159),Main motion,Carried,9,0,0,Dennis Marsden,,In favour,In favour,In favour,In favour,In favour,In favour,In favour,In favour,In favour,Development,,,,https://coquitlam.ca.granicus.com/MinutesViewer.php?view_id=2&clip_id=3170&doc_id=ebbc3b50-2d18-11f1-a404-0266fc1e3079,https://coquitlam.ca.granicus.com/MediaPlayer.php?view_id=2&clip_id=3170,https://councilrecord.ca/coquitlam.html#vote/16ogegs,"That Council: 1. Adopt Zoning Amendment Bylaw No. 5402, 2024; and 2. Approve the signing and sealing of Development Permit No. 22 122709 DP and that the Mayor and Corporate Officer be authorized to execute this Permit on behalf of the City of Coquitlam."
2026-03-09,Regular Council,7,Report of the General Manager Planning and Development – Development Application at 2660 Barnet Highway – PC Urban (PROJ 25-060) Discussion ensued relative to the following:  Clarification regarding the rationale for the requested change in zoning and why the existing zoning was originally selected.  The existing tenants and their support for re-zoning.,Main motion,Carried,9,0,0,Dennis Marsden,,In favour,In favour,In favour,In favour,In favour,In favour,In favour,In favour,In favour,Housing & density; Development,,,,https://coquitlam.ca.granicus.com/MinutesViewer.php?view_id=2&clip_id=3170&doc_id=ebbc3b50-2d18-11f1-a404-0266fc1e3079,https://coquitlam.ca.granicus.com/MediaPlayer.php?view_id=2&clip_id=3170,https://councilrecord.ca/coquitlam.html#vote/s0heu0,"That Council: 1. Give first reading to Zoning Amendment Bylaw No. 5494, 2026; 2. Refer Bylaw No. 5494, 2026 to Public Hearing; and 3. Require the completion of the items listed in Attachment 1 prior to Council’s consideration of final adoption of Zoning Amendment Bylaw No. 5494, 2026, should Council grant second and third readings to Zoning Amendment Bylaw No. 5494, 2026."
2026-03-09,Regular Council,8,Report of the General Manager Community Safety - Resolution to Appoint New Bylaw Enforcement Officers,Main motion,Carried,9,0,0,Dennis Marsden,,In favour,In favour,In favour,In favour,In favour,In favour,In favour,In favour,In favour,Public services; Governance & elections,,,,https://coquitlam.ca.granicus.com/MinutesViewer.php?view_id=2&clip_id=3170&doc_id=ebbc3b50-2d18-11f1-a404-0266fc1e3079,https://coquitlam.ca.granicus.com/MediaPlayer.php?view_id=2&clip_id=3170,https://councilrecord.ca/coquitlam.html#vote/8o2xg5,"That Council: 1. Pursuant to section 36 of the Police Act, R.S.B.C. 1996, c. 367, as amended, appoint Arundeep Gill, Azzam Sabith, Bhupinder Ladhar, Clarice Lai, Daniel Kikuchi, Gary Gill, Irvin De Leon, Kassina Iron Eagle, Kraig Molina, Nikita Delorme, and Sarbjot Badesha as Bylaw Enforcement Officers for the City of Coquitlam (the “City”) from March 2, 2026 for the purposes of enforcing the City’s bylaws in accordance with the terms and pursuant to the authority granted by the Community Charter, S.B.C. 2003, c. 26, as amended, and during such time as they remain employed by the City as a Bylaw Inspector, Parking Patroller, or a successor position to either of those positions; and 2. Designate Arundeep Gill, Azzam Sabith, Bhupinder Ladhar, Clarice Lai, Daniel Kikuchi, Gary Gill, Irvin De Leon, Kassina Iron Eagle, Kraig Molina, Nikita Delorme, and Sarbjot Badesha as peace officers, as that term is defined in section 29 of the Interpretation Act, R.S.B.C. 1996, c. 238, as amended, to be employed for the preservation and maintenance of public peace within the City, with the full powers, privileges, and responsibilities of a peace officer while carrying out their duties for the City."
2026-03-09,Regular Council,9,Report of the Fire Chief - Community Wildfire Resiliency Plan – Fuel Treatment Update,Main motion,Carried,9,0,0,Dennis Marsden,,In favour,In favour,In favour,In favour,In favour,In favour,In favour,In favour,In favour,Taxes & spending; Public services; Governance & elections,,,,https://coquitlam.ca.granicus.com/MinutesViewer.php?view_id=2&clip_id=3170&doc_id=ebbc3b50-2d18-11f1-a404-0266fc1e3079,https://coquitlam.ca.granicus.com/MediaPlayer.php?view_id=2&clip_id=3170,https://councilrecord.ca/coquitlam.html#vote/1n3s9e6,"That Council: 1. Approve $200,000 of one-time funding from the City Initiatives Reserve to supplement the approved Union of BC Municipalities (UBCM) grant funding in order to complete the planned fuel treatment work as proposed in this report; and 2. Direct staff to notify residents in proximity to the planned fuel treatment areas of the proposed work prior to its commencement."
2026-03-09,Regular Council,10,Report of the General Manager Community Services – FIFA World Cup 2026 - Community Activations Update,Main motion,Carried,8,0,1,Dennis Marsden,,Absent,In favour,In favour,In favour,In favour,In favour,In favour,In favour,In favour,Taxes & spending,1 of 2,,,https://coquitlam.ca.granicus.com/MinutesViewer.php?view_id=2&clip_id=3170&doc_id=ebbc3b50-2d18-11f1-a404-0266fc1e3079,https://coquitlam.ca.granicus.com/MediaPlayer.php?view_id=2&clip_id=3170,https://councilrecord.ca/coquitlam.html#vote/u41dqr,"That Council direct staff to: 1. Approve one-time funding of up to $25,000 from the City Initiatives Reserve and direct staff to proceed with the proposed Enhanced Block Party Program as outlined in the Enhanced FIFA Block Party Program section of this report; and 2. Approve one-time funding of up to $300,000 from the City Initiatives Reserve and direct staff to proceed with up to four City-led soccer viewing opportunities as outlined in the City-led FIFA World Cup Viewing Events section of this report; and 3. Approve one-time funding of up to $100,000 from the City Initiatives Reserve for an additional City-led viewing event, should Canada advance beyond the group stage to the Round of 32."
2026-03-09,Regular Council,10,Report of the General Manager Community Services – FIFA World Cup 2026 - Community Activations Update,Main motion,Carried,8,0,1,Trish Mandewo,,Absent,In favour,In favour,In favour,In favour,In favour,In favour,In favour,In favour,Other,2 of 2,,,https://coquitlam.ca.granicus.com/MinutesViewer.php?view_id=2&clip_id=3170&doc_id=ebbc3b50-2d18-11f1-a404-0266fc1e3079,https://coquitlam.ca.granicus.com/MediaPlayer.php?view_id=2&clip_id=3170,https://councilrecord.ca/coquitlam.html#vote/9vnkwe,That the Regular Council Meeting adjourn at 8:50 p.m.
2026-03-30,Regular Council,2,"PROJ 25-060 – Bylaw No. 5494, 2026 Discussion ensued relative to the following:  Support for the application’s initiative to bring additional business activity to Coquitlam through the proposed rezoning.  Importance of supporting small businesses within the city.  Desire for the rezoning to deliver broader community benefits and continue",Main motion,Carried,8,1,0,Dennis Marsden,,In favour,Against,In favour,In favour,In favour,In favour,In favour,In favour,In favour,Development; Business & economy,,,,https://coquitlam.ca.granicus.com/MinutesViewer.php?view_id=2&clip_id=3189&doc_id=34696a90-381f-11f1-a404-0266fc1e3079,https://coquitlam.ca.granicus.com/MediaPlayer.php?view_id=2&clip_id=3189,https://councilrecord.ca/coquitlam.html#vote/1vdc6dj,"That Council give second and third readings to Zoning Amendment Bylaw No. 5494, 2026."
2026-03-30,Regular Council,3,Report of the Director Development Services – Final Approval of Development Application at 586 Thompson Avenue – Yashpal Parmar (PROJ 22-153),Main motion,Carried,9,0,0,Steve Kim,,In favour,In favour,In favour,In favour,In favour,In favour,In favour,In favour,In favour,Development,,,,https://coquitlam.ca.granicus.com/MinutesViewer.php?view_id=2&clip_id=3189&doc_id=34696a90-381f-11f1-a404-0266fc1e3079,https://coquitlam.ca.granicus.com/MediaPlayer.php?view_id=2&clip_id=3189,https://councilrecord.ca/coquitlam.html#vote/1456lw6,"That Council: 1. Adopt Zoning Amendment Bylaw No. 5382, 2024; and 2. Approve the signing and sealing of Development Permit No. 22 122165 DP and that the Mayor and Corporate Officer be authorized to execute this Permit on behalf of the City of Coquitlam."
2026-03-30,Regular Council,4,Report of the General Manager Corporate Services – Accessibility and Inclusion Plan 2026-2029,Main motion,Carried,9,0,0,Teri Towner,,In favour,In favour,In favour,In favour,In favour,In favour,In favour,In favour,In favour,Public services,,,,https://coquitlam.ca.granicus.com/MinutesViewer.php?view_id=2&clip_id=3189&doc_id=34696a90-381f-11f1-a404-0266fc1e3079,https://coquitlam.ca.granicus.com/MediaPlayer.php?view_id=2&clip_id=3189,https://councilrecord.ca/coquitlam.html#vote/1dqny1w,"That Council approve the Accessibility and Inclusion Plan 2026-2029, provided as Attachment 1 in the report of the General Manager Corporate Services dated March 30, 2026 and entitled “Accessibility and Inclusion Plan 2026-2029”."
2026-03-30,Regular Council,5,Report of the General Manager Planning and Development - Building Bylaw Amendment – Certified Professional (CP) Program,Main motion,Carried,9,0,0,Dennis Marsden,,In favour,In favour,In favour,In favour,In favour,In favour,In favour,In favour,In favour,Other,,,,https://coquitlam.ca.granicus.com/MinutesViewer.php?view_id=2&clip_id=3189&doc_id=34696a90-381f-11f1-a404-0266fc1e3079,https://coquitlam.ca.granicus.com/MediaPlayer.php?view_id=2&clip_id=3189,https://councilrecord.ca/coquitlam.html#vote/vhhcf9,"That Council give first, second, and third readings to Building Amendment Bylaw No. 5508, 2026."
2026-03-30,Regular Council,6,Report of the General Manager Planning and Development - Medium-Density Zones – Zoning Amendment Bylaw No. 5504 and Related Amending Bylaw Discussion ensued relative to the following:  Concerns regarding the financing of projects.  Understanding the rationale behind the developer’s decision to pursue the Residential Rental Tenure Zone (RTZ) zone for rental incentives.,Main motion,Carried,9,0,0,Brent Asmundson,,In favour,In favour,In favour,In favour,In favour,In favour,In favour,In favour,In favour,Housing & density; Development; Transportation,,,,https://coquitlam.ca.granicus.com/MinutesViewer.php?view_id=2&clip_id=3189&doc_id=34696a90-381f-11f1-a404-0266fc1e3079,https://coquitlam.ca.granicus.com/MediaPlayer.php?view_id=2&clip_id=3189,https://councilrecord.ca/coquitlam.html#vote/12g7suk,"That Council: 1. Give first reading to Zoning Amendment Bylaw No. 5504, 2026; 2. Give first, second, and third readings to Transit-Oriented Areas Designation Amendment Bylaw No. 5517, 2026; and 3. Refer Bylaw No. 5504, 2026 to Public Hearing."
2026-03-30,Regular Council,7,Report of the General Manager Planning and Development - Housing Target Order: Six-Month Interim Progress Report Discussion ensued relative to the following:  Communicating to the Provincial Minister of Housing and Municipal Affairs that the numbers within the progress report are pre-dated to the Housing Target ordered by the Province.,Main motion,Carried,9,0,0,Brent Asmundson,,In favour,In favour,In favour,In favour,In favour,In favour,In favour,In favour,In favour,Housing & density,,,,https://coquitlam.ca.granicus.com/MinutesViewer.php?view_id=2&clip_id=3189&doc_id=34696a90-381f-11f1-a404-0266fc1e3079,https://coquitlam.ca.granicus.com/MediaPlayer.php?view_id=2&clip_id=3189,https://councilrecord.ca/coquitlam.html#vote/sv3kj3,"That Council direct the General Manager Planning and Development to submit the Housing Target Order Six-Month Interim Progress Report, as contained in Attachment 1, to the provincial Minister of Housing and Municipal Affairs and publish it on the City’s website."
2026-03-30,Regular Council,8,"Report of the General Manager Planning and Development - Proposed Interim Official Community Plan Bylaw No. 5511, 2026, Zoning Amendment Bylaw No. 5512, 2026 and Official Community Plan Amendment Bylaw No. 5526 (PROJ 25-163)",Main motion,Carried,9,0,0,Brent Asmundson,,In favour,In favour,In favour,In favour,In favour,In favour,In favour,In favour,In favour,Housing & density; Development,1 of 2,,,https://coquitlam.ca.granicus.com/MinutesViewer.php?view_id=2&clip_id=3189&doc_id=34696a90-381f-11f1-a404-0266fc1e3079,https://coquitlam.ca.granicus.com/MediaPlayer.php?view_id=2&clip_id=3189,https://councilrecord.ca/coquitlam.html#vote/1bpk7jb,"That Council: 1. Give first reading to Official Community Plan Bylaw No. 5511, 2026; 2. Give first reading to Zoning Amendment Bylaw No. 5512, 2026; 3. Give first reading to Official Community Plan Amendment Bylaw No. 5526, 2026; 4. After first reading, and in accordance with s. 477 of the Local Government Act, do the following in the indicated order: (a) Consider Bylaw No. 5511, 2026 and Bylaw No. 5526, 2026 in conjunction with the 2026-2030 Five Year Financial Plan Bylaw No. 5490, 2025 and the Regional Solid Waste Management Plan; (b) Refer Bylaw No. 5511, 2026 and Bylaw No. 5526, 2026 to the Agricultural Land Commission for comment; and (c) Refer Bylaw No. 5511, 2026, Bylaw No. 5512, 2026, and Bylaw No. 5526, 2026 to Public Hearing; 5. Having given consideration to the requirements of Section 3.5.2.3 of City of Coquitlam Development Procedures Bylaw No. 4068, 2009, direct staff to conduct additional notification prior to the Public Hearing as outlined in the report of the General Manager Planning and Development dated March 30, 2026 and entitled “Proposed Interim Official Community Plan Bylaw No. 5511, 2026, Zoning Amendment Bylaw No. 5512, 2026 and Official Community Plan Amendment Bylaw No. 5526 (PROJ 25-163)”; and 6. After the Public Hearing, and in accordance with s. 448 of the Local Government Act, submit Bylaw No. 5526, 2026 to the Metro Vancouver Regional District for approval."
2026-03-30,Regular Council,8,"Report of the General Manager Planning and Development - Proposed Interim Official Community Plan Bylaw No. 5511, 2026, Zoning Amendment Bylaw No. 5512, 2026 and Official Community Plan Amendment Bylaw No. 5526 (PROJ 25-163)",Main motion,Carried,9,0,0,Brent Asmundson,,In favour,In favour,In favour,In favour,In favour,In favour,In favour,In favour,In favour,Housing & density; Development,2 of 2,,,https://coquitlam.ca.granicus.com/MinutesViewer.php?view_id=2&clip_id=3189&doc_id=34696a90-381f-11f1-a404-0266fc1e3079,https://coquitlam.ca.granicus.com/MediaPlayer.php?view_id=2&clip_id=3189,https://councilrecord.ca/coquitlam.html#vote/1wq4v5b,That the Regular Council Meeting adjourn at 10:20 p.m.
2026-04-13,Regular Council,4,Minutes of the Multiculturalism Advisory Committee Meeting held on,Procedural,Carried,8,0,1,Brent Asmundson,,In favour,In favour,In favour,In favour,In favour,Absent,In favour,In favour,In favour,Governance & elections,,,,https://coquitlam.ca.granicus.com/MinutesViewer.php?view_id=2&clip_id=3204&doc_id=14ab706a-4330-11f1-a404-0266fc1e3079,https://coquitlam.ca.granicus.com/MediaPlayer.php?view_id=2&clip_id=3204,https://councilrecord.ca/coquitlam.html#vote/12e8kz1,"That the Minutes of the Multiculturalism Advisory Committee Meeting held on Thursday, March 5, 2026 be received."
2026-04-13,Regular Council,5,"Minutes of the Sustainability and Environmental Advisory Committee Meeting held on Tuesday, March 10, 2026",Procedural,Carried,8,0,1,Steve Kim,,In favour,In favour,In favour,In favour,In favour,Absent,In favour,In favour,In favour,Environment & climate; Public services; Governance & elections,,,,https://coquitlam.ca.granicus.com/MinutesViewer.php?view_id=2&clip_id=3204&doc_id=14ab706a-4330-11f1-a404-0266fc1e3079,https://coquitlam.ca.granicus.com/MediaPlayer.php?view_id=2&clip_id=3204,https://councilrecord.ca/coquitlam.html#vote/z0y3so,"That the Minutes of the Sustainability and Environmental Advisory Committee Meeting held on Tuesday, March 10, 2026 be received."
2026-04-13,Regular Council,6,Minutes of the Sports and Recreation Advisory Committee Meeting held on,Procedural,Carried,8,0,1,Craig Hodge,,In favour,In favour,In favour,In favour,In favour,Absent,In favour,In favour,In favour,Parks & recreation; Governance & elections,,,,https://coquitlam.ca.granicus.com/MinutesViewer.php?view_id=2&clip_id=3204&doc_id=14ab706a-4330-11f1-a404-0266fc1e3079,https://coquitlam.ca.granicus.com/MediaPlayer.php?view_id=2&clip_id=3204,https://councilrecord.ca/coquitlam.html#vote/dp29rm,"That the Minutes of the Sports and Recreation Advisory Committee Meeting held on Thursday, March 12, 2026 be received."
2026-04-13,Regular Council,7,Report of the Director Development Services - Development Applications at 947 & 949 Sherwood Avenue – Vivid Green Architecture (PROJ 23-037),Main motion,Carried,8,0,1,Brent Asmundson,,In favour,In favour,In favour,In favour,In favour,Absent,In favour,In favour,In favour,Development,1 of 2,,,https://coquitlam.ca.granicus.com/MinutesViewer.php?view_id=2&clip_id=3204&doc_id=14ab706a-4330-11f1-a404-0266fc1e3079,https://coquitlam.ca.granicus.com/MediaPlayer.php?view_id=2&clip_id=3204,https://councilrecord.ca/coquitlam.html#vote/gi0iu2,"That Council approve the signing and sealing of Development Permit Nos. 23 107013 DP and 23 108450 DP, and authorize the Mayor and Corporate Officer to execute this Permit on behalf of the City of Coquitlam."
2026-04-13,Regular Council,7,Report of the Director Development Services - Development Applications at 947 & 949 Sherwood Avenue – Vivid Green Architecture (PROJ 23-037),Main motion,Carried,8,0,1,Dennis Marsden,,In favour,In favour,In favour,In favour,In favour,Absent,In favour,In favour,In favour,Other,2 of 2,,,https://coquitlam.ca.granicus.com/MinutesViewer.php?view_id=2&clip_id=3204&doc_id=14ab706a-4330-11f1-a404-0266fc1e3079,https://coquitlam.ca.granicus.com/MediaPlayer.php?view_id=2&clip_id=3204,https://councilrecord.ca/coquitlam.html#vote/19lsala,That the Regular Council Meeting adjourn at 7:16 p.m.
2026-04-27,Regular Council,2,"Minutes of the Accessibility and Inclusion Advisory Committee Meeting held on Tuesday, March 3, 2026",Procedural,Carried,9,0,0,Steve Kim,,In favour,In favour,In favour,In favour,In favour,In favour,In favour,In favour,In favour,Public services; Governance & elections,,,,https://coquitlam.ca.granicus.com/MinutesViewer.php?view_id=2&clip_id=3228&doc_id=1e03e48d-48aa-11f1-a404-0266fc1e3079,https://coquitlam.ca.granicus.com/MediaPlayer.php?view_id=2&clip_id=3228,https://councilrecord.ca/coquitlam.html#vote/19o1xq1,"That the Minutes of the Accessibility and Inclusion Advisory Committee Meeting held on Tuesday, March 3, 2026 be received."
2026-04-27,Regular Council,4,"Proposed Interim Official Community Plan Bylaw No. 5511, 2026, Zoning Amendment Bylaw No. 5512, 2026 and Official Community Plan Amendment Bylaw No. 5526 (PROJ 25-163)",Main motion,Carried,9,0,0,Craig Hodge,,In favour,In favour,In favour,In favour,In favour,In favour,In favour,In favour,In favour,Housing & density; Development,,,,https://coquitlam.ca.granicus.com/MinutesViewer.php?view_id=2&clip_id=3228&doc_id=1e03e48d-48aa-11f1-a404-0266fc1e3079,https://coquitlam.ca.granicus.com/MediaPlayer.php?view_id=2&clip_id=3228,https://councilrecord.ca/coquitlam.html#vote/1u4nhrb,"That Council: 1. Give second and third readings and final adoption to Official Community Plan Bylaw No. 5511, 2026 and Zoning Amendment Bylaw No. 5512, 2026; 2. Give second and third readings to Official Community Plan Amendment Bylaw No. 5526, 2026; and 3. Rescind the following Council-endorsed documents: a. Housing Choices Guidelines; b. Northeast Coquitlam CWOCP Amendment Application Assessment Policy Guide; and c. Ranch Park Interim Subdivision Guidelines."
2026-04-27,Regular Council,5,Medium-Density Zones – Zoning Amendment Bylaw No. 5504 and Related Amending Bylaw,Main motion,Carried,9,0,0,Matt Djonlic,,In favour,In favour,In favour,In favour,In favour,In favour,In favour,In favour,In favour,Housing & density; Development,,,,https://coquitlam.ca.granicus.com/MinutesViewer.php?view_id=2&clip_id=3228&doc_id=1e03e48d-48aa-11f1-a404-0266fc1e3079,https://coquitlam.ca.granicus.com/MediaPlayer.php?view_id=2&clip_id=3228,https://councilrecord.ca/coquitlam.html#vote/17pf031,"That Council give second and third readings and final adoption to Zoning Amendment Bylaw No. 5504, 2026."
2026-04-27,Regular Council,6,"Report of the General Manager Planning and Development - Final Adoption of Transit-Oriented Areas Designation Amendment Bylaw No. 5517, 2026",Main motion,Carried,9,0,0,Trish Mandewo,,In favour,In favour,In favour,In favour,In favour,In favour,In favour,In favour,In favour,Housing & density; Transportation,,,,https://coquitlam.ca.granicus.com/MinutesViewer.php?view_id=2&clip_id=3228&doc_id=1e03e48d-48aa-11f1-a404-0266fc1e3079,https://coquitlam.ca.granicus.com/MediaPlayer.php?view_id=2&clip_id=3228,https://councilrecord.ca/coquitlam.html#vote/1m93jne,"That Council adopt Transit-Oriented Areas Designation Amendment Bylaw No. 5517, 2026."
2026-04-27,Regular Council,7,"Report of the Director Legislative Services – Final Adoption of Building Amendment Bylaw No. 5508, 2026",Main motion,Carried,9,0,0,Craig Hodge,,In favour,In favour,In favour,In favour,In favour,In favour,In favour,In favour,In favour,Other,,,,https://coquitlam.ca.granicus.com/MinutesViewer.php?view_id=2&clip_id=3228&doc_id=1e03e48d-48aa-11f1-a404-0266fc1e3079,https://coquitlam.ca.granicus.com/MediaPlayer.php?view_id=2&clip_id=3228,https://councilrecord.ca/coquitlam.html#vote/11uvlha,"That Council adopt Building Amendment Bylaw No. 5508, 2026."
2026-04-27,Regular Council,8,Report of the Director Development Services - Development Application at 552 Clarke Road and 566 Emerson Street – Burquitlam Building Limited (Morguard) (PROJ 20-118) Discussion ensued relative to the following:  Appreciation for the inclusion of a library within the Burquiltam area.  Desire to increase the commercial density to better align with the updated,Main motion,Carried,9,0,0,Matt Djonlic,,In favour,In favour,In favour,In favour,In favour,In favour,In favour,In favour,In favour,Housing & density; Parks & recreation; Business & economy,,,,https://coquitlam.ca.granicus.com/MinutesViewer.php?view_id=2&clip_id=3228&doc_id=1e03e48d-48aa-11f1-a404-0266fc1e3079,https://coquitlam.ca.granicus.com/MediaPlayer.php?view_id=2&clip_id=3228,https://councilrecord.ca/coquitlam.html#vote/1obufwj,That Council amend the foregoing motion (RC26-107) by adding: 3. Direct staff to amend Attachment 1 to require an increase to the minimum required Commercial density for Phase 2 to 0.5 Floor Area Ratio to better align with the updated Official Community Plan.
2026-04-27,Regular Council,9,"Report of the Director Development Services - Development Application at 602, 606, 610 Tyndall Street and 605, 611, 615 Claremont Street – StreetSide Developments (PROJ 24-152) Discussion ensued relative to the following:  Concerns regarding the number of one bedroom units being proposed for the development not being viable for the market.",Main motion,Carried,9,0,0,Trish Mandewo,,In favour,In favour,In favour,In favour,In favour,In favour,In favour,In favour,In favour,Development; Transportation,,,,https://coquitlam.ca.granicus.com/MinutesViewer.php?view_id=2&clip_id=3228&doc_id=1e03e48d-48aa-11f1-a404-0266fc1e3079,https://coquitlam.ca.granicus.com/MediaPlayer.php?view_id=2&clip_id=3228,https://councilrecord.ca/coquitlam.html#vote/1mhjafm,"That Council: 1. Give first, second, and third readings to Zoning Amendment Bylaw No. 5444, 2026; 2. Give first, second, and third readings to Highway Dedication Cancellation Bylaw No. 5447, 2026; 3. Direct Highway Dedication Cancellation Bylaw No. 5447, 2026 to be published in accordance with the requirements of the Community Charter; and 4. Require the completion of the items listed in Attachment 1 prior to Council’s consideration of final adoption to Zoning Amendment Bylaw No. 5444, 2026."
2026-04-27,Regular Council,10,Report of the Director Development Services - Development Application at 727 North Road – Cressey Development (PROJ 23-025) Discussion ensued relative to concerns of the unit makeup being proposed in the development.,Main motion,Carried,7,2,0,Dennis Marsden,,In favour,In favour,In favour,In favour,In favour,In favour,In favour,Against,Against,Development,1 of 2,,,https://coquitlam.ca.granicus.com/MinutesViewer.php?view_id=2&clip_id=3228&doc_id=1e03e48d-48aa-11f1-a404-0266fc1e3079,https://coquitlam.ca.granicus.com/MediaPlayer.php?view_id=2&clip_id=3228,https://councilrecord.ca/coquitlam.html#vote/k28wqp,"That Council: 1. Give first, second, and third readings to Zoning Amendment Bylaw No. 5527, 2026; and 2. Require the completion of the items listed in Attachment 1 prior to Council’s consideration of final adoption to Zoning Amendment Bylaw No. 5527, 2026."
2026-04-27,Regular Council,10,Report of the Director Development Services - Development Application at 727 North Road – Cressey Development (PROJ 23-025) Discussion ensued relative to concerns of the unit makeup being proposed in the development.,Main motion,Carried,9,0,0,Brent Asmundson,,In favour,In favour,In favour,In favour,In favour,In favour,In favour,In favour,In favour,Other,2 of 2,,,https://coquitlam.ca.granicus.com/MinutesViewer.php?view_id=2&clip_id=3228&doc_id=1e03e48d-48aa-11f1-a404-0266fc1e3079,https://coquitlam.ca.granicus.com/MediaPlayer.php?view_id=2&clip_id=3228,https://councilrecord.ca/coquitlam.html#vote/itwgfi,That the Regular Council Meeting adjourn at 9:57 p.m.
2026-05-04,Special Council,3,"Report of the General Manager Finance and Legal - Annual Tax Rates Bylaw No. 5520, 2026 Discussion ensued relative to the following:  The exclusion of utility fees in the Provincial Property Tax Deferment Program and clarification of 2026 changes to the programs interest rates and the resulting possible impacts to Coquitlam residents.",Main motion,Carried,9,0,0,Matt Djonlic,,In favour,In favour,In favour,In favour,In favour,In favour,In favour,In favour,In favour,Taxes & spending; Public services,,,,https://coquitlam.ca.granicus.com/MinutesViewer.php?view_id=2&clip_id=3241&doc_id=38a889f7-4e36-11f1-a404-0266fc1e3079,https://coquitlam.ca.granicus.com/MediaPlayer.php?view_id=2&clip_id=3241,https://councilrecord.ca/coquitlam.html#vote/5xd94d,"That Council give first, second, and third readings to Annual Tax Rates Bylaw No. 5520, 2026."
2026-05-04,Special Council,4,Report of the General Manager Planning and Development - Proposed Approach to Replace Existing High-Density Zones and Associated Rental Incentives to Align with Provincial Housing Legislation Planner 3 and Planner 3 provided a presentation entitled “Proposed Approach: High-Density Zones and Rental Incentives” and referred to slides contained in the Agenda package.,Main motion,Carried,9,0,0,Trish Mandewo,,In favour,In favour,In favour,In favour,In favour,In favour,In favour,In favour,In favour,Housing & density,,,,https://coquitlam.ca.granicus.com/MinutesViewer.php?view_id=2&clip_id=3241&doc_id=38a889f7-4e36-11f1-a404-0266fc1e3079,https://coquitlam.ca.granicus.com/MediaPlayer.php?view_id=2&clip_id=3241,https://councilrecord.ca/coquitlam.html#vote/m77dv,"That Council direct staff to proceed with the consultation outlined in the report of the General Manager Planning and Development dated May 4, 2026 and entitled ""Proposed Approach to Replace Existing High-Density Zones and Associated Rental Incentives to Align with Provincial Housing Legislation”, which is considered appropriate for consultation with the public and the persons, public authorities and organizations that will be affected by the proposed Density Benefits Zoning Bylaws, pursuant to section 482.1(1) of the Local Government Act."
2026-05-04,Special Council,5,Report of the General Manager Planning and Development - 2027-28 Eligible School Sites Proposal – School District No. 43,Main motion,Carried,9,0,0,Dennis Marsden,,In favour,In favour,In favour,In favour,In favour,In favour,In favour,In favour,In favour,Other,,,,https://coquitlam.ca.granicus.com/MinutesViewer.php?view_id=2&clip_id=3241&doc_id=38a889f7-4e36-11f1-a404-0266fc1e3079,https://coquitlam.ca.granicus.com/MediaPlayer.php?view_id=2&clip_id=3241,https://councilrecord.ca/coquitlam.html#vote/14mdlga,"That Council: 1. Accept the 2027-28 Eligible School Sites Proposal submitted by School District No. 43; and 2. Direct staff to continue to work with SD43 to continue to explore opportunities for (a) new school sites, (b) funding seismic upgrades and additions, and (c) locating child care on school grounds."
2026-05-04,Special Council,6,Report of the General Manager Parks and Capital Projects - Final Draft Urban Forest Management Strategy,Main motion,Carried,9,0,0,Brent Asmundson,,In favour,In favour,In favour,In favour,In favour,In favour,In favour,In favour,In favour,Taxes & spending; Environment & climate; Parks & recreation; Public services,1 of 2,,,https://coquitlam.ca.granicus.com/MinutesViewer.php?view_id=2&clip_id=3241&doc_id=38a889f7-4e36-11f1-a404-0266fc1e3079,https://coquitlam.ca.granicus.com/MediaPlayer.php?view_id=2&clip_id=3241,https://councilrecord.ca/coquitlam.html#vote/7hedfs,"That Council receive the report of the General Manager Parks and Capital Projects dated May 4, 2026 and entitled “Supplemental Information for May 4, 2026 Special Council Meeting Item #6 Public Engagement Summary – Urban Forest Management Strategy” for information."
2026-05-04,Special Council,6,Report of the General Manager Parks and Capital Projects - Final Draft Urban Forest Management Strategy,Main motion,Carried,9,0,0,Brent Asmundson,,In favour,In favour,In favour,In favour,In favour,In favour,In favour,In favour,In favour,Taxes & spending; Environment & climate; Parks & recreation,2 of 2,,,https://coquitlam.ca.granicus.com/MinutesViewer.php?view_id=2&clip_id=3241&doc_id=38a889f7-4e36-11f1-a404-0266fc1e3079,https://coquitlam.ca.granicus.com/MediaPlayer.php?view_id=2&clip_id=3241,https://councilrecord.ca/coquitlam.html#vote/za9cgc,"That Council: 1. Approve the final draft Urban Forest Management Strategy as the final Strategy; 2. Approve the Urban Forest Management Strategy Implementation plan; and 3. Direct staff to bring forward all necessary bylaw amendments to implement the current Northeast tree planning requirements in the City of Coquitlam Zoning Bylaw No. 3000, 1996 city-wide and implement a Tree Initiatives Program as described in the report of the General Manager Parks and Capital Projects dated May 4, 2026 and entitled “Final Draft Urban Forest Management Strategy”."
2026-05-04,Special Council,7,"Report of the Fire Chief - Fire Prevention and Life Safety Amendment Bylaw No. 5509, 2026",Main motion,Carried,9,0,0,Craig Hodge,,In favour,In favour,In favour,In favour,In favour,In favour,In favour,In favour,In favour,Public services,,,,https://coquitlam.ca.granicus.com/MinutesViewer.php?view_id=2&clip_id=3241&doc_id=38a889f7-4e36-11f1-a404-0266fc1e3079,https://coquitlam.ca.granicus.com/MediaPlayer.php?view_id=2&clip_id=3241,https://councilrecord.ca/coquitlam.html#vote/c8ic2d,"That Council give first, second and third readings to Fire Prevention and Life Safety Amendment Bylaw No. 5509, 2026."
2026-05-04,Special Council,8,Report of the Deputy Chief Administrative Officer – 2026 General Local Election,Main motion,Carried,9,0,0,Matt Djonlic,,In favour,In favour,In favour,In favour,In favour,In favour,In favour,In favour,In favour,Governance & elections,,,,https://coquitlam.ca.granicus.com/MinutesViewer.php?view_id=2&clip_id=3241&doc_id=38a889f7-4e36-11f1-a404-0266fc1e3079,https://coquitlam.ca.granicus.com/MediaPlayer.php?view_id=2&clip_id=3241,https://councilrecord.ca/coquitlam.html#vote/11t2o3b,That Council extend the meeting past 10:30 p.m.
2026-05-04,Special Council,2,Direct staff to enter into a formal agreement with School District 43 (Coquitlam) to conduct the 2026 general school election on behalf of the Board of Education of School District 43.,Main motion,Carried,9,0,0,Robert Mazzarolo,,In favour,In favour,In favour,In favour,In favour,In favour,In favour,In favour,In favour,Governance & elections,,,,https://coquitlam.ca.granicus.com/MinutesViewer.php?view_id=2&clip_id=3241&doc_id=38a889f7-4e36-11f1-a404-0266fc1e3079,https://coquitlam.ca.granicus.com/MediaPlayer.php?view_id=2&clip_id=3241,https://councilrecord.ca/coquitlam.html#vote/14so8rj,That the Regular Council Meeting adjourn at 10:41 p.m.
2026-05-11,Regular Council,2,Minutes of the Economic Development Advisory Committee Meeting held on,Procedural,Carried,8,0,1,Teri Towner,,Absent,In favour,In favour,In favour,In favour,In favour,In favour,In favour,In favour,Business & economy; Governance & elections,,,,https://coquitlam.ca.granicus.com/MinutesViewer.php?view_id=2&clip_id=3248&doc_id=3624262e-5925-11f1-a404-0266fc1e3079,https://coquitlam.ca.granicus.com/MediaPlayer.php?view_id=2&clip_id=3248,https://councilrecord.ca/coquitlam.html#vote/96nskf,"That the Minutes of the Economic Development Advisory Committee Meeting held on Tuesday, April 14, 2026 be received."
2026-05-11,Regular Council,3,Minutes of the Culture Services Advisory Committee Meeting held on,Procedural,Carried,8,0,1,Teri Towner,,Absent,In favour,In favour,In favour,In favour,In favour,In favour,In favour,In favour,Parks & recreation; Governance & elections,,,,https://coquitlam.ca.granicus.com/MinutesViewer.php?view_id=2&clip_id=3248&doc_id=3624262e-5925-11f1-a404-0266fc1e3079,https://coquitlam.ca.granicus.com/MediaPlayer.php?view_id=2&clip_id=3248,https://councilrecord.ca/coquitlam.html#vote/1mrcer7,"That the of the Culture Services Advisory Committee held on Thursday, April 16, 2026 be received."
2026-05-11,Regular Council,4,"Report of the Director Legislative Services - Final Adoption of Annual Tax Rates Bylaw No. 5520, 2026",Main motion,Carried,8,0,1,Dennis Marsden,,Absent,In favour,In favour,In favour,In favour,In favour,In favour,In favour,In favour,Taxes & spending,,,,https://coquitlam.ca.granicus.com/MinutesViewer.php?view_id=2&clip_id=3248&doc_id=3624262e-5925-11f1-a404-0266fc1e3079,https://coquitlam.ca.granicus.com/MediaPlayer.php?view_id=2&clip_id=3248,https://councilrecord.ca/coquitlam.html#vote/s7t54e,"That Council adopt Annual Tax Rates Bylaw No. 5520, 2026."
2026-05-11,Regular Council,5,"Report of the Director Legislative Services – Final Adoption of Fire Prevention and Life Safety Amendment Bylaw No. 5509, 2026",Main motion,Carried,8,0,1,Dennis Marsden,,Absent,In favour,In favour,In favour,In favour,In favour,In favour,In favour,In favour,Public services,,,,https://coquitlam.ca.granicus.com/MinutesViewer.php?view_id=2&clip_id=3248&doc_id=3624262e-5925-11f1-a404-0266fc1e3079,https://coquitlam.ca.granicus.com/MediaPlayer.php?view_id=2&clip_id=3248,https://councilrecord.ca/coquitlam.html#vote/17q3kvx,"That Council adopt Fire Prevention and Life Safety Amendment Bylaw No. 5509, 2026."
2026-05-11,Regular Council,6,Report of the General Manager Finance and Legal - 2025 Consolidated Financial Statements and Financial Results,Main motion,Carried,8,0,1,Brent Asmundson,,Absent,In favour,In favour,In favour,In favour,In favour,In favour,In favour,In favour,Taxes & spending,,,,https://coquitlam.ca.granicus.com/MinutesViewer.php?view_id=2&clip_id=3248&doc_id=3624262e-5925-11f1-a404-0266fc1e3079,https://coquitlam.ca.granicus.com/MediaPlayer.php?view_id=2&clip_id=3248,https://councilrecord.ca/coquitlam.html#vote/1dgmoiw,"That Council approve the 2025 Consolidated Financial Statements included in Attachment 1 of the report of the General Manager Finance and Legal dated May 11, 2026, and entitled “2025 Consolidated Financial Statements and Financial Results”."
2026-05-11,Regular Council,7,Report of the General Manager Planning and Development - Transit-Oriented Areas Update – Stage 2: Southwest Shoulders and Corridors – OCP and Zoning Amendment Bylaws (PROJ 24-086) Discussion ensued relative to the following: • Desire to have a summary provided of the OCP in all sub-areas prior to the introduction of the Transit-Oriented Areas (TOA).,Main motion,Carried,8,0,1,Trish Mandewo,,Absent,In favour,In favour,In favour,In favour,In favour,In favour,In favour,In favour,Housing & density; Development; Transportation,,,,https://coquitlam.ca.granicus.com/MinutesViewer.php?view_id=2&clip_id=3248&doc_id=3624262e-5925-11f1-a404-0266fc1e3079,https://coquitlam.ca.granicus.com/MediaPlayer.php?view_id=2&clip_id=3248,https://councilrecord.ca/coquitlam.html#vote/kr68tl,"That Council: 1. Give first reading to Official Community Plan Amendment Bylaw No. 5513, 2026 related to Sub-Area A: Oakdale (North Burquitlam) Shoulder (Attachments 7 and 2, respectively); 2. Give first reading to Official Community Plan Amendment Bylaw No. 5514, 2026 related to Sub-Area B: East Burquitlam Shoulder (Attachments 8 and 2, respectively); 3. Give first reading to Official Community Plan Amendment Bylaw No. 5515, 2026 related to Sub-Area C: West Austin Shoulder (Attachments 9 and 2, respectively); 4. Give first reading to Official Community Plan Amendment Bylaw No. 5516, 2026 related to Sub-Area D: West Austin Corridor (Attachments 10 and 2, respectively); 5. Give first reading to Official Community Plan Amendment Bylaw No. 5519, 2026 related to Sub-Area E: East Austin Corridor (Attachments 11 and 2, respectively); 6. Give first reading to Zoning Amendment Bylaw No. 5529, 2026 related to Sub-Area A: Oakdale (North Burquitlam) Shoulder (Attachment 13); 7. Give first reading to Zoning Amendment Bylaw No. 5530, 2026 related to Sub-Area B: East Burquitlam Shoulder (Attachment 14); 8. After first reading, and in accordance with the Local Government Act, do the following in the indicated order: a. Consider Bylaw Nos. 5513, 2026; 5514, 2026; 5515, 2026; 5516, 2026; and 5519, 2026, in conjunction with the 2026-2030 Financial Plan Bylaw No. 5490, 2025 and the Regional Solid Waste Management Plan; and b. Refer Bylaw Nos. 5513, 2026; 5514, 2026; 5515, 2026; 5516, 2026; 5519, 2026; 5529, 2026 and 5530, 2026 to Public Hearing on May 27, 2026; and 9. Having given consideration to the requirements of Section 3.5.2.3 of the City of Coquitlam Development Procedures Bylaw No. 4068, 2009, direct staff to conduct additional notification prior to the Public Hearing as outlined in the report of the General Manager Planning and Development dated May 11, 2026, and entitled “Transit-Oriented Areas Update – Stage 2: Southwest Shoulders and Corridors – OCP and Zoning Amendment Bylaws (PROJ 24-086)”."
2026-05-11,Regular Council,8,Report of the Director Development Services – Development Application at 965 Delestre Avenue – Simon Ahn (PROJ 24-029) Discussion ensued relative to the following: • Concerns that the guide for evaluating multiplex applications is too high at 25 units per acre. • Desire to mitigate challenges and neighbourhood impacts.,Main motion,Carried,8,0,1,Trish Mandewo,,Absent,In favour,In favour,In favour,In favour,In favour,In favour,In favour,In favour,Development,,,,https://coquitlam.ca.granicus.com/MinutesViewer.php?view_id=2&clip_id=3248&doc_id=3624262e-5925-11f1-a404-0266fc1e3079,https://coquitlam.ca.granicus.com/MediaPlayer.php?view_id=2&clip_id=3248,https://councilrecord.ca/coquitlam.html#vote/18eg4bl,"That Council: 1. Give first, second, and third readings to Zoning Amendment Bylaw No. 5477, 2026; 2. Require the completion of the items listed in Attachment 1 prior to Council’s consideration of final adoption to Zoning Amendment Bylaw No. 5477, 2026."
2026-05-11,Regular Council,9,Report of the General Manager Community Services - Spirit of Coquitlam Grant – 2026 Spring Intake Results,Main motion,Carried,8,0,1,Trish Mandewo,,Absent,In favour,In favour,In favour,In favour,In favour,In favour,In favour,In favour,Taxes & spending,1 of 2,,,https://coquitlam.ca.granicus.com/MinutesViewer.php?view_id=2&clip_id=3248&doc_id=3624262e-5925-11f1-a404-0266fc1e3079,https://coquitlam.ca.granicus.com/MediaPlayer.php?view_id=2&clip_id=3248,https://councilrecord.ca/coquitlam.html#vote/ifmjcr,"That Council approve the disbursement of $158,593 to 13 organizations as detailed in the report of the General Manager Community Services dated May 11, 2026, and entitled “Spirit of Coquitlam Grant – 2026 Spring Intake Results.”"
2026-05-11,Regular Council,9,Report of the General Manager Community Services - Spirit of Coquitlam Grant – 2026 Spring Intake Results,Main motion,Carried,8,0,1,Teri Towner,,Absent,In favour,In favour,In favour,In favour,In favour,In favour,In favour,In favour,Taxes & spending,2 of 2,,,https://coquitlam.ca.granicus.com/MinutesViewer.php?view_id=2&clip_id=3248&doc_id=3624262e-5925-11f1-a404-0266fc1e3079,https://coquitlam.ca.granicus.com/MediaPlayer.php?view_id=2&clip_id=3248,https://councilrecord.ca/coquitlam.html#vote/13cqhbo,That the Regular Council Meeting adjourn at 8:11 p.m.
2026-05-25,Regular Council,2,"Minutes of the Accessibility and Inclusion Advisory Committee Meeting held on Tuesday, May 5, 2026 RC26-144",Procedural,Carried,8,0,1,Steve Kim,,In favour,In favour,In favour,In favour,In favour,In favour,Absent,In favour,In favour,Public services; Governance & elections,,,,https://coquitlam.ca.granicus.com/MinutesViewer.php?view_id=2&clip_id=3263&doc_id=7680bf39-6f34-11f1-a404-0266fc1e3079,https://coquitlam.ca.granicus.com/MediaPlayer.php?view_id=2&clip_id=3263,https://councilrecord.ca/coquitlam.html#vote/in4mh3,"That the Minutes of the Accessibility and Inclusion Advisory Committee Meeting held on Tuesday, May 5, 2026 be received."
2026-05-25,Regular Council,3,Minutes of the Sports and Recreation Advisory Committee Meeting held on RC26-145,Procedural,Carried,8,0,1,Trish Mandewo,,In favour,In favour,In favour,In favour,In favour,In favour,Absent,In favour,In favour,Parks & recreation; Governance & elections,,,,https://coquitlam.ca.granicus.com/MinutesViewer.php?view_id=2&clip_id=3263&doc_id=7680bf39-6f34-11f1-a404-0266fc1e3079,https://coquitlam.ca.granicus.com/MediaPlayer.php?view_id=2&clip_id=3263,https://councilrecord.ca/coquitlam.html#vote/184g419,"That the Minutes of the Sports and Recreation Advisory Committee Meeting held on Thursday, May 7, 2026 be received."
2026-05-25,Regular Council,4,"Report of the General Manager Planning and Development - OCP Amendment, Zoning Bylaw Amendments and Development Applications at 3665, 3669, 3673, 3675, 3685, 3695 and 3696 Victoria Drive, 1350 and 1353 Edwards Street and a Portion of Edwards Street – Paddington Properties (PROJ 21-091, 23-011 and 23-031) Discussion ensued relative to the following:",Main motion,Carried,8,0,1,Brent Asmundson,,In favour,In favour,In favour,In favour,In favour,In favour,Absent,In favour,In favour,Housing & density; Development; Taxes & spending,,,,https://coquitlam.ca.granicus.com/MinutesViewer.php?view_id=2&clip_id=3263&doc_id=7680bf39-6f34-11f1-a404-0266fc1e3079,https://coquitlam.ca.granicus.com/MediaPlayer.php?view_id=2&clip_id=3263,https://councilrecord.ca/coquitlam.html#vote/rf7o4g,"That Council: 1. Give first reading to Official Community Plan Amendment Bylaw No. 5497, 2026; 2. In accordance with the Local Government Act, consider Bylaw No. 5497, 2026, in conjunction with 2026-2030 Financial Plan Bylaw No. 5490, 2025 and the Housing Needs Report; 3. Give first reading to Zoning Amendment Bylaw Nos. 5549, 2026; 5548, 2026; and 5523, 2026; 4. Refer Official Community Plan Amendment Bylaw No. 5497, 2026 and Zoning Amendment Bylaw Nos. 5549, 2026; 5548, 2026; and 5523, 2026 to Public Hearing; 5. Give first, second, and third readings to Highway Dedication Cancellation Bylaw No. 5525, 2026; 6. Direct Highway Dedication Cancellation Bylaw No. 5525, 2026 to be published in accordance with the requirements of the Community Charter; 7. Authorize staff to prepare Development Permit Nos. 21 110894 DP, 23 103417 DP, and 23 106412 DP generally in accordance with the attached drawings (Attachment 11); and 8. Require the completion of the items listed in Attachment 1 prior to Council’s consideration of final adoption to Official Community Plan Amendment Bylaw No. 5497, 2026 and Zoning Amendment Bylaw Nos. 5549, 2026; 5548, 2026; and 5523, 2026."
2026-05-25,Regular Council,5,Report of the General Manager Parks and Capital Projects - Brookmere Park Dog Off-Leash Area – Engagement Results and Final Design Approval,Main motion,Carried,8,0,1,Trish Mandewo,,In favour,In favour,In favour,In favour,In favour,In favour,Absent,In favour,In favour,Taxes & spending; Parks & recreation; Public services,,,,https://coquitlam.ca.granicus.com/MinutesViewer.php?view_id=2&clip_id=3263&doc_id=7680bf39-6f34-11f1-a404-0266fc1e3079,https://coquitlam.ca.granicus.com/MediaPlayer.php?view_id=2&clip_id=3263,https://councilrecord.ca/coquitlam.html#vote/31nsyk,"That Council authorize staff to proceed with procurement and construction of the Option A dog off-leash area at Brookmere Park as outlined in the report of the General Manager Parks and Capital Projects dated May 25, 2026 and entitled “Brookmere Park Dog Off-Leash Area – Engagement Results and Final Design Approval”."
2026-05-25,Regular Council,6,Report of the General Manager Finance and Legal - Coquitlam Public Library 2026 Budget Approval Discussion ensued relative to the concerns of the province reducing Library funding across the province and support for Council to continue to advocate for the funding.,Main motion,Carried,8,0,1,Trish Mandewo,,In favour,In favour,In favour,In favour,In favour,In favour,Absent,In favour,In favour,Taxes & spending; Parks & recreation,1 of 2,,,https://coquitlam.ca.granicus.com/MinutesViewer.php?view_id=2&clip_id=3263&doc_id=7680bf39-6f34-11f1-a404-0266fc1e3079,https://coquitlam.ca.granicus.com/MediaPlayer.php?view_id=2&clip_id=3263,https://councilrecord.ca/coquitlam.html#vote/1lr9l8w,"That Council approve the Coquitlam Public Library’s 2026 Budget as referenced in Attachment 1 of the report of the General Manager Finance and Legal dated May 25, 2026, and entitled “Coquitlam Public Library 2026 Budget Approval”."
2026-05-25,Regular Council,6,Report of the General Manager Finance and Legal - Coquitlam Public Library 2026 Budget Approval Discussion ensued relative to the concerns of the province reducing Library funding across the province and support for Council to continue to advocate for the funding.,Main motion,Carried,8,0,1,Robert Mazzarolo,,In favour,In favour,In favour,In favour,In favour,In favour,Absent,In favour,In favour,Taxes & spending; Parks & recreation,2 of 2,,,https://coquitlam.ca.granicus.com/MinutesViewer.php?view_id=2&clip_id=3263&doc_id=7680bf39-6f34-11f1-a404-0266fc1e3079,https://coquitlam.ca.granicus.com/MediaPlayer.php?view_id=2&clip_id=3263,https://councilrecord.ca/coquitlam.html#vote/1iqh2mt,That the Regular Council Meeting adjourn at 8:02 p.m.
2026-05-27,Special Council,1,Transit-Oriented Areas Update – Stage 2: Southwest Shoulders and Corridors – OCP and Zoning Amendment Bylaws (PROJ 24-086) Discussion ensued relative to the following: • Concerns over traffic flow in the neighbourhood north of Austin Avenue and west of Blue Mountain Street. • Appreciation to staff for their work on the project and consideration of,Main motion,Carried,8,0,1,Brent Asmundson,,In favour,In favour,In favour,In favour,In favour,In favour,Absent,In favour,In favour,Housing & density; Development; Transportation,,,,https://coquitlam.ca.granicus.com/MinutesViewer.php?view_id=2&clip_id=3271&doc_id=5994a886-6f34-11f1-a404-0266fc1e3079,https://coquitlam.ca.granicus.com/MediaPlayer.php?view_id=2&clip_id=3271,https://councilrecord.ca/coquitlam.html#vote/e0dcnm,"That Council: 1. Give second and third readings and final adoption to Official Community Plan Amendment Bylaw No. 5513, 2026 related to Sub-Area A: Oakdale (North Burquitlam) Shoulder; 2. Give second and third readings and final adoption to Official Community Plan Amendment Bylaw No. 5514, 2026 related to Sub-Area B: East Burquitlam Shoulder; 3. Give second and third readings and final adoption to Official Community Plan Amendment Bylaw No. 5515, 2026 related to Sub-Area C: West Austin Shoulder; 4. Give second and third readings and final adoption to Official Community Plan Amendment Bylaw No. 5516, 2026 related to Sub-Area D: West Austin Corridor; 5. Give second and third readings and final adoption to Official Community Plan Amendment Bylaw No. 5519, 2026 related to Sub-Area E: East Austin Corridor; 6. Give second and third readings and final adoption to Zoning Amendment Bylaw No. 5529, 2026 related to Sub-Area A: Oakdale (North Burquitlam) Shoulder; and 7. Give second and third readings and final adoption to Zoning Amendment Bylaw No. 5530, 2026 related to Sub-Area B: East Burquitlam Shoulder."
2026-06-01,Regular Council,1,Minutes of the Multiculturalism Advisory Committee Meeting held on,Procedural,Carried,8,0,1,Brent Asmundson,,Absent,In favour,In favour,In favour,In favour,In favour,In favour,In favour,In favour,Governance & elections,,,,https://coquitlam.ca.granicus.com/MinutesViewer.php?view_id=2&clip_id=3280&doc_id=47313e50-6f34-11f1-a404-0266fc1e3079,https://coquitlam.ca.granicus.com/MediaPlayer.php?view_id=2&clip_id=3280,https://councilrecord.ca/coquitlam.html#vote/k56m40,"That the Minutes of the Multiculturalism Advisory Committee Meeting held on Thursday, May 14, 2026 be received."
2026-06-01,Regular Council,2,Report of the General Manager Parks and Capital Projects - Glen Park Improvements – Phase 1 Final Design Approval,Main motion,Carried,8,0,1,Brent Asmundson,,Absent,In favour,In favour,In favour,In favour,In favour,In favour,In favour,In favour,Taxes & spending; Parks & recreation,,,,https://coquitlam.ca.granicus.com/MinutesViewer.php?view_id=2&clip_id=3280&doc_id=47313e50-6f34-11f1-a404-0266fc1e3079,https://coquitlam.ca.granicus.com/MediaPlayer.php?view_id=2&clip_id=3280,https://councilrecord.ca/coquitlam.html#vote/t58wj8,"That Council approve the final design for the Glen Park Improvements – Phase 1 and authorize staff to proceed with procurement and construction of the Phase 1 Park Improvements as outlined in the report of the General Manager Parks and Capital Projects dated June 1, 2026 and entitled “Glen Park Improvements – Phase 1 Final Design Approval”."
2026-06-01,Regular Council,3,Report of the Deputy Chief Administrative Officer – Election Administration and Procedure Bylaw Amendment Discussion ensued relative to the following: • Concerns over the removal of the designated location for election signage on public property polling station located at the intersection of Shaughnessy Street and David Avenue.,Main motion,Carried,8,0,1,Craig Hodge,,Absent,In favour,In favour,In favour,In favour,In favour,In favour,In favour,In favour,Transportation; Neighbourhood character; Governance & elections,,,,https://coquitlam.ca.granicus.com/MinutesViewer.php?view_id=2&clip_id=3280&doc_id=47313e50-6f34-11f1-a404-0266fc1e3079,https://coquitlam.ca.granicus.com/MediaPlayer.php?view_id=2&clip_id=3280,https://councilrecord.ca/coquitlam.html#vote/1kg4llq,"That Council give first and second reading to “Election Administration and Procedure Amendment Bylaw No. 5552, 2026”."
2026-06-01,Regular Council,4,Report of the Director Development Services - Final Approval of Development Applications at 1230 Mitchell Street and 3483 Forst Avenue – Morningsun Homes (PROJ 21-131) and (PROJ 21-100),Main motion,Carried,8,0,1,Brent Asmundson,,Absent,In favour,In favour,In favour,In favour,In favour,In favour,In favour,In favour,Development; Taxes & spending,,,,https://coquitlam.ca.granicus.com/MinutesViewer.php?view_id=2&clip_id=3280&doc_id=47313e50-6f34-11f1-a404-0266fc1e3079,https://coquitlam.ca.granicus.com/MediaPlayer.php?view_id=2&clip_id=3280,https://councilrecord.ca/coquitlam.html#vote/yvexg0,"That Council: 1. Give first, second, and third readings and adopt Zoning Amendment Bylaw No. 5531, 2026. 2. Give first, second, and third readings and adopt Zoning Amendment Bylaw No. 5532, 2026. 3. Should Council grant final adoption to Zoning Amendment Bylaw No. 5531, 2026, rescind first, second and third readings of Zoning Amendment Bylaw No. 5306, 2023. 4. Should Council grant final adoption to Zoning Amendment Bylaw No. 5532, 2026, rescind first, second and third readings of Zoning Amendment Bylaw No. 5330, 2023."
2026-06-01,Regular Council,5,Report of the Director Development Services - Application for a New Liquor License for a Liquor Primary Establishment – Scratch Indoor Golf and Academy (PROJ 26-028),Main motion,Carried,8,0,1,Dennis Marsden,,Absent,In favour,In favour,In favour,In favour,In favour,In favour,In favour,In favour,Neighbourhood character; Business & economy,,,,https://coquitlam.ca.granicus.com/MinutesViewer.php?view_id=2&clip_id=3280&doc_id=47313e50-6f34-11f1-a404-0266fc1e3079,https://coquitlam.ca.granicus.com/MediaPlayer.php?view_id=2&clip_id=3280,https://councilrecord.ca/coquitlam.html#vote/p2w9s8,"That Council: 1. Having given consideration to the potential impacts to the community associated with a new liquor license for a liquor primary establishment, and the public comments received in relation to the application by Scratch Indoor Golf and Academy for a new liquor license: • Support the application; and 2. Forward the report entitled “Application for a New Liquor License for a Liquor Primary Establishment – Scratch Indoor golf and Academy (PROJ 26- 028)”, dated June 1, 2026, to the Liquor and Cannabis Regulation Branch (LCRB) to serve as Council’s comments on the application, as prescribed under the Liquor Control and Licensing Act."
2026-06-01,Regular Council,6,"Report of the General Manager Planning and Development - Density Bonus, Rental Incentives and High-Density Zones – Official Community Plan Amendment Bylaw No. 5546, 2026, Zoning Amendment Bylaw No. 5521, 2026 and Related Bylaws Discussion ensued relative to the use and limitations of the cash-in-lieu program.",Main motion,Carried,8,0,1,Brent Asmundson,,Absent,In favour,In favour,In favour,In favour,In favour,In favour,In favour,In favour,Housing & density; Development,,,,https://coquitlam.ca.granicus.com/MinutesViewer.php?view_id=2&clip_id=3280&doc_id=47313e50-6f34-11f1-a404-0266fc1e3079,https://coquitlam.ca.granicus.com/MediaPlayer.php?view_id=2&clip_id=3280,https://councilrecord.ca/coquitlam.html#vote/k3wrcv,"That Council: 1. Give first reading to Official Community Plan Amendment Bylaw No. 5546, 2026; 2. Give first reading to Zoning Amendment Bylaw No. 5521, 2026; 3. After first reading, and in accordance with s. 477 of the Local Government Act, do the following in the indicated order: i. Consider Bylaw No. 5546, 2026 in conjunction with the 2026-2030 Five Year Financial Plan Bylaw No. 5490, 2025 and the Regional Solid Waste Management Plan; ii. Refer Bylaw No. 5546, 2026 and Bylaw No. 5521, 2026 to Public Hearing; 4. Give first, second and third readings to Amenity Cost Charge Reduction Bylaw No. 5506, 2026; 5. Give first, second and third readings to Reserve Fund Establishment Amendment Bylaw No. 5528, 2026; and 6. Direct staff to prepare policy updates to the Master Development Policy and Transfer of Development Rights and Obligations Policy that would increase opportunities to achieve in-kind delivery of below-market rental housing and non-market housing."
2026-06-01,Regular Council,7,Report of the Director Development Services - Development Application at 3429 Roxton Avenue – BHome (PROJ 23-184) Discussion ensued relative to the desire to ensure that the developer keeps the site in good condition throughout the third reading extension.,Main motion,Carried,8,0,1,Teri Towner,,Absent,In favour,In favour,In favour,In favour,In favour,In favour,In favour,In favour,Development,,,,https://coquitlam.ca.granicus.com/MinutesViewer.php?view_id=2&clip_id=3280&doc_id=47313e50-6f34-11f1-a404-0266fc1e3079,https://coquitlam.ca.granicus.com/MediaPlayer.php?view_id=2&clip_id=3280,https://councilrecord.ca/coquitlam.html#vote/1kaeqgg,"That Council extend Third Reading of Zoning Amendment Bylaw No. 5389, 2024 for an additional 12-month period to June 17, 2027."
2026-06-01,Regular Council,8,"Report of the General Manager Planning and Development - Public Hearing Waiver Request for Proposed Zoning Amendment Bylaw No. 5547, 2026 – Small-Scale Residential Minor Text Amendments (PROJ 26-061)",Main motion,Carried,8,0,1,Trish Mandewo,,Absent,In favour,In favour,In favour,In favour,In favour,In favour,In favour,In favour,Housing & density; Development,1 of 2,,,https://coquitlam.ca.granicus.com/MinutesViewer.php?view_id=2&clip_id=3280&doc_id=47313e50-6f34-11f1-a404-0266fc1e3079,https://coquitlam.ca.granicus.com/MediaPlayer.php?view_id=2&clip_id=3280,https://councilrecord.ca/coquitlam.html#vote/gdqbua,"That Council waive the public hearing for proposed Zoning Amendment Bylaw No. 5547, 2026 in accordance with the Local Government Act."
2026-06-01,Regular Council,8,"Report of the General Manager Planning and Development - Public Hearing Waiver Request for Proposed Zoning Amendment Bylaw No. 5547, 2026 – Small-Scale Residential Minor Text Amendments (PROJ 26-061)",Main motion,Carried,8,0,1,Brent Asmundson,,Absent,In favour,In favour,In favour,In favour,In favour,In favour,In favour,In favour,Housing & density; Development,2 of 2,,,https://coquitlam.ca.granicus.com/MinutesViewer.php?view_id=2&clip_id=3280&doc_id=47313e50-6f34-11f1-a404-0266fc1e3079,https://coquitlam.ca.granicus.com/MediaPlayer.php?view_id=2&clip_id=3280,https://councilrecord.ca/coquitlam.html#vote/qrfhhc,That the Regular Council Meeting adjourn at 8:44 p.m.
2026-06-22,Regular Council,5,"Minutes of the Sustainability and Environmental Advisory Committee Meeting held on Tuesday, May 19, 2026",Procedural,Carried,8,0,1,Steve Kim,,In favour,In favour,In favour,In favour,In favour,Absent,In favour,In favour,In favour,Environment & climate; Public services; Governance & elections,,,,https://coquitlam.ca.granicus.com/MinutesViewer.php?view_id=2&clip_id=3302&doc_id=a7951ed4-8a9f-11f1-a695-061c24c47fdd,https://coquitlam.ca.granicus.com/MediaPlayer.php?view_id=2&clip_id=3302,https://councilrecord.ca/coquitlam.html#vote/i8fjun,"That the Minutes of the Minutes of the Sustainability and Environmental Advisory Committee Meeting held on Tuesday, May 19, 2026 be received."
2026-06-22,Regular Council,6,Minutes of the Community Safety Advisory Committee Meeting held on,Procedural,Carried,8,0,1,Dennis Marsden,,In favour,In favour,In favour,In favour,In favour,Absent,In favour,In favour,In favour,Public services; Governance & elections,,,,https://coquitlam.ca.granicus.com/MinutesViewer.php?view_id=2&clip_id=3302&doc_id=a7951ed4-8a9f-11f1-a695-061c24c47fdd,https://coquitlam.ca.granicus.com/MediaPlayer.php?view_id=2&clip_id=3302,https://councilrecord.ca/coquitlam.html#vote/19qkhia,"That the Minutes of the Minutes of the Community Safety Advisory Committee Meeting held on Tuesday, May 21, 2026 be received."
2026-06-22,Regular Council,7,"Development Application at 3665, 3669, 3673, 3675, 3685, 3695 and 3696 Victoria Drive, 1350 and 1353 Edwards Street and a Portion of Edwards Street – Paddington Properties (PROJ 21-091, 23-011 and 23-031) - Bylaw Nos. 5497, 2026; 5523, 2026; 5548, 2026; and 5549, 2026 Discussion ensued relative to the following: • Concerns of the timing of this project regarding the parcels being left out of",Main motion,Carried,8,0,1,Steve Kim,,In favour,In favour,In favour,In favour,In favour,Absent,In favour,In favour,In favour,Housing & density; Development,,,,https://coquitlam.ca.granicus.com/MinutesViewer.php?view_id=2&clip_id=3302&doc_id=a7951ed4-8a9f-11f1-a695-061c24c47fdd,https://coquitlam.ca.granicus.com/MediaPlayer.php?view_id=2&clip_id=3302,https://councilrecord.ca/coquitlam.html#vote/1lj30p2,"That Council: 1. Give second and third readings to Official Community Plan Amendment Bylaw No. 5497, 2026; and 2. Give second and third readings to Zoning Amendment Bylaw Nos. 5523, 2026; 5548, 2026; and 5549, 2026. Mayor Stewart and Councillors Marsden and Towner registered their opposition"
2026-06-22,Regular Council,8,"Density Bonus, Rental Incentives and High-Density Zones - Official Community Plan Amendment Bylaw No. 5546, 2026, Zoning Amendment Bylaw No. 5521, 2026 and Related Bylaws (PROJ 26-045) Discussion ensued relative to the following: • Interest to know the amount of staff resources allocated to work on the updated Provincial Legislation in relation to housing.",Main motion,Carried,8,0,1,Brent Asmundson,,In favour,In favour,In favour,In favour,In favour,Absent,In favour,In favour,In favour,Housing & density; Development,,,,https://coquitlam.ca.granicus.com/MinutesViewer.php?view_id=2&clip_id=3302&doc_id=a7951ed4-8a9f-11f1-a695-061c24c47fdd,https://coquitlam.ca.granicus.com/MediaPlayer.php?view_id=2&clip_id=3302,https://councilrecord.ca/coquitlam.html#vote/1iqv7ni,"That Council: 1. Give second and third readings and final adoption to Official Community Plan Amendment Bylaw No. 5546, 2026; and 2. Give second and third readings and final adoption to Zoning Amendment Bylaw No. 5521, 2026."
2026-06-22,Regular Council,9,"Report of the General Manager Planning and Development - Final Adoption of Official Community Plan Amendment Bylaw No. 5526, 2026 (Coquitlam’s Regional Context Statement)",Main motion,Carried,8,0,1,Matt Djonlic,,In favour,In favour,In favour,In favour,In favour,Absent,In favour,In favour,In favour,Housing & density; Development,,,,https://coquitlam.ca.granicus.com/MinutesViewer.php?view_id=2&clip_id=3302&doc_id=a7951ed4-8a9f-11f1-a695-061c24c47fdd,https://coquitlam.ca.granicus.com/MediaPlayer.php?view_id=2&clip_id=3302,https://councilrecord.ca/coquitlam.html#vote/cvewct,"That Council adopt Official Community Plan Amendment Bylaw No. 5526, 2026."
2026-06-22,Regular Council,10,"Report of the General Manager Planning and Development - Final Adoption of Amenity Cost Charge Reduction Bylaw No. 5506, 2026, Reserve Fund Establishment Amendment Bylaw No. 5528, 2026 and Approval of Related Affordable Housing Reserve Fund Policy Update",Main motion,Carried,8,0,1,Brent Asmundson,,In favour,In favour,In favour,In favour,In favour,Absent,In favour,In favour,In favour,Housing & density; Development; Taxes & spending,,,,https://coquitlam.ca.granicus.com/MinutesViewer.php?view_id=2&clip_id=3302&doc_id=a7951ed4-8a9f-11f1-a695-061c24c47fdd,https://coquitlam.ca.granicus.com/MediaPlayer.php?view_id=2&clip_id=3302,https://councilrecord.ca/coquitlam.html#vote/43xwzh,"That, should Council grant final adoption to Official Community Plan Amendment Bylaw No. 5546, 2026 and Zoning Bylaw Amendment No. 5521, 2026, Council: 1. Grant final adoption to Amenity Cost Charge Reduction Bylaw No. 5506, 2026; 2. Grant final adoption to Reserve Fund Establishment Amendment Bylaw No. 5528, 2026; and 3. Approve the updated Affordable Housing Reserve Fund (AHRF) Policy as per Attachment 3 of the report of the General Manager Planning and Development dated June 22, 2026 and entitled, “Final Adoption of Amenity Cost Charge Reduction Bylaw No. 5506, 2026, Reserve Fund Establishment Amendment Bylaw No. 5528, 2026 and Approval of Related Affordable Housing Reserve Fund Policy Update”."
2026-06-22,Regular Council,11,Report of the General Manager Finance and Legal - 2025 Annual Financial Reports,Main motion,Carried,8,0,1,Brent Asmundson,,In favour,In favour,In favour,In favour,In favour,Absent,In favour,In favour,In favour,Other,,,,https://coquitlam.ca.granicus.com/MinutesViewer.php?view_id=2&clip_id=3302&doc_id=a7951ed4-8a9f-11f1-a695-061c24c47fdd,https://coquitlam.ca.granicus.com/MediaPlayer.php?view_id=2&clip_id=3302,https://councilrecord.ca/coquitlam.html#vote/18mmhqa,"That Council: 1. Approve the 2025 Annual Report, included as Attachment 1 to the report of the General Manager Finance and Legal, dated June 22, 2026, and entitled “2025 Annual Financial Reports”; 2. Approve the 2025 Statement of Financial Information, included as Attachment 2 to the report of the General Manager Finance and Legal, dated June 22, 2026, and entitled “2025 Annual Financial Reports”; 3. Approve the 2025 Development Cost Charges Report, included as Attachment 3 to the report of the General Manager Finance and Legal, dated June 22, 2026, and entitled “2025 Annual Financial Reports”; and 4. Receive the 2025 Treasury Report, included as Attachment 4 to the report of the General Manager Finance and Legal, dated June 22, 2026, and entitled “2025 Annual Financial Reports”."
2026-06-22,Regular Council,12,Report of the General Manager Planning and Development - Development Variance Permit Application at 380 Montgomery St – Station One Architects Ltd. (PROJ 25-125),Main motion,Carried,8,0,1,Dennis Marsden,,In favour,In favour,In favour,In favour,In favour,Absent,In favour,In favour,In favour,Development,,,,https://coquitlam.ca.granicus.com/MinutesViewer.php?view_id=2&clip_id=3302&doc_id=a7951ed4-8a9f-11f1-a695-061c24c47fdd,https://coquitlam.ca.granicus.com/MediaPlayer.php?view_id=2&clip_id=3302,https://councilrecord.ca/coquitlam.html#vote/g6vh02,That Council approve the signing and sealing of Development Variance Permit No. 26 114230 DV and authorize the Mayor and Corporate Officer to execute this Permit on behalf of the City of Coquitlam.
2026-06-22,Regular Council,13,Report of the General Manager Parks and Capital Projects - Town Centre Park Tennis Court Renewal and Expansion - Final Design Approval,Main motion,Carried,8,0,1,Craig Hodge,,In favour,In favour,In favour,In favour,In favour,Absent,In favour,In favour,In favour,Taxes & spending; Parks & recreation,,,,https://coquitlam.ca.granicus.com/MinutesViewer.php?view_id=2&clip_id=3302&doc_id=a7951ed4-8a9f-11f1-a695-061c24c47fdd,https://coquitlam.ca.granicus.com/MediaPlayer.php?view_id=2&clip_id=3302,https://councilrecord.ca/coquitlam.html#vote/1gon6dm,"That Council: 1. Approve the final design for the Town Centre Park Tennis Court Renewal and Expansion; and 2. Authorize staff to proceed with procurement and construction of 10 full size and one half size tennis courts, a new tennis support building, a Park Service Hub and an interim festival lawn expansion as outlined in the report of the General Manager Parks and Capital Projects dated June 22, 2026 and entitled “Town Centre Park Tennis Court Renewal and Expansion - Final Design Approval”."
2026-06-22,Regular Council,14,Report of the Deputy Chief Administrative Officer - Election Administration and Procedure Bylaw Amendment Discussion ensued relative to the following: • Clarification about how to register as an elector through a mail-in ballot. • Desire to know if a third party can pick up mail-in ballots for others and how election staff will be tracking third party pick-ups for mail-in ballots.,Main motion,Carried,8,0,1,Brent Asmundson,,In favour,In favour,In favour,In favour,In favour,Absent,In favour,In favour,In favour,Governance & elections,,,,https://coquitlam.ca.granicus.com/MinutesViewer.php?view_id=2&clip_id=3302&doc_id=a7951ed4-8a9f-11f1-a695-061c24c47fdd,https://coquitlam.ca.granicus.com/MediaPlayer.php?view_id=2&clip_id=3302,https://councilrecord.ca/coquitlam.html#vote/a1th0u,"That Council give third reading to “Election Administration and Procedure Amendment Bylaw No. 5552, 2026”."
2026-06-22,Regular Council,15,"Report of the General Manager Planning and Development - Zoning Amendment Bylaw No. 5547, 2026 – Small-Scale Residential Minor Text Amendments (PROJ 26-061)",Main motion,Carried,8,0,1,Brent Asmundson,,In favour,In favour,In favour,In favour,In favour,Absent,In favour,In favour,In favour,Housing & density; Development,,,,https://coquitlam.ca.granicus.com/MinutesViewer.php?view_id=2&clip_id=3302&doc_id=a7951ed4-8a9f-11f1-a695-061c24c47fdd,https://coquitlam.ca.granicus.com/MediaPlayer.php?view_id=2&clip_id=3302,https://councilrecord.ca/coquitlam.html#vote/18oc1c5,"That Council give first, second, third readings, and final adoption to Zoning Amendment Bylaw No. 5547, 2026."
2026-06-22,Regular Council,16,"Report of the General Manager Planning and Development - Development Application Housekeeping Amendment at 2954, 2966, 2976 Pheasant Street, 2960, 2968 Christmas Way and 2950 Lougheed Highway – Marcon “TriCity Central” (PROJ 20-045)",Main motion,Carried,8,0,1,Dennis Marsden,,In favour,In favour,In favour,In favour,In favour,Absent,In favour,In favour,In favour,Development; Taxes & spending; Governance & elections,,,,https://coquitlam.ca.granicus.com/MinutesViewer.php?view_id=2&clip_id=3302&doc_id=a7951ed4-8a9f-11f1-a695-061c24c47fdd,https://coquitlam.ca.granicus.com/MediaPlayer.php?view_id=2&clip_id=3302,https://councilrecord.ca/coquitlam.html#vote/16rwwbo,"That Council rescind third reading of Zoning Amendment Bylaw No. 5252, 2022, and grant third reading to Zoning Amendment Bylaw No. 5252, 2022 as amended."
2026-06-22,Regular Council,17,Report of the General Manager Planning and Development - Provincial Housing Legislation Implementation – Housekeeping Amendment to the Fees and Charges Bylaw,Main motion,Carried,8,0,1,Dennis Marsden,,In favour,In favour,In favour,In favour,In favour,Absent,In favour,In favour,In favour,Housing & density; Taxes & spending; Governance & elections,,,,https://coquitlam.ca.granicus.com/MinutesViewer.php?view_id=2&clip_id=3302&doc_id=a7951ed4-8a9f-11f1-a695-061c24c47fdd,https://coquitlam.ca.granicus.com/MediaPlayer.php?view_id=2&clip_id=3302,https://councilrecord.ca/coquitlam.html#vote/1g12r34,"That Council give first, second, and third readings to Fees and Charges Amendment Bylaw No. 5551, 2026."
2026-06-22,Regular Council,18,Report of the General Manager Planning and Development - Third Reading Extension of Development Application at 1963 Lougheed Highway and 1880 Coleman Avenue – Disciple Methodist Church (PROJ 23-024),Main motion,Carried,8,0,1,Dennis Marsden,,In favour,In favour,In favour,In favour,In favour,Absent,In favour,In favour,In favour,Housing & density; Development,,,,https://coquitlam.ca.granicus.com/MinutesViewer.php?view_id=2&clip_id=3302&doc_id=a7951ed4-8a9f-11f1-a695-061c24c47fdd,https://coquitlam.ca.granicus.com/MediaPlayer.php?view_id=2&clip_id=3302,https://councilrecord.ca/coquitlam.html#vote/11r0rio,"That Council extend third reading of Official Community Plan Amendment Bylaw No. 5361, 2024 and Zoning Amendment Bylaw No. 5362, 2024 for an additional 12-month period to July 8, 2027."
2026-06-22,Regular Council,19,"Report of the General Manager Planning and Development - Public Hearing Waiver Request for Proposed Zoning Amendment Bylaw No. 5522, 2026 – Small-Scale Residential Rezoning in the Southwest Shoulders and Corridors (PROJ 26-097)",Main motion,Carried,8,0,1,Brent Asmundson,,In favour,In favour,In favour,In favour,In favour,Absent,In favour,In favour,In favour,Housing & density; Development,,,,https://coquitlam.ca.granicus.com/MinutesViewer.php?view_id=2&clip_id=3302&doc_id=a7951ed4-8a9f-11f1-a695-061c24c47fdd,https://coquitlam.ca.granicus.com/MediaPlayer.php?view_id=2&clip_id=3302,https://councilrecord.ca/coquitlam.html#vote/p93cpk,"That Council waive the public hearing for proposed Zoning Amendment Bylaw No. 5522, 2026 in accordance with the Local Government Act."
2026-07-06,Regular Council,1,"Report of the Director Legislative Services - Final Adoption of Fees and Charges Amendment Bylaw No. 5551, 2026",Main motion,Carried,9,0,0,Trish Mandewo,,In favour,In favour,In favour,In favour,In favour,In favour,In favour,In favour,In favour,Taxes & spending,,,,https://coquitlam.ca.granicus.com/MinutesViewer.php?view_id=2&clip_id=3311&doc_id=fa69fdb2-8a9f-11f1-a695-061c24c47fdd,https://coquitlam.ca.granicus.com/MediaPlayer.php?view_id=2&clip_id=3311,https://councilrecord.ca/coquitlam.html#vote/1ew9ly8,"That Council adopt Fees and Charges Amendment Bylaw No. 5551, 2026."
2026-07-06,Regular Council,2,"Report of the Director Legislative Services – Final Adoption of Election Administration and Procedure Amendment Bylaw No. 5552, 2026",Main motion,Carried,9,0,0,Brent Asmundson,,In favour,In favour,In favour,In favour,In favour,In favour,In favour,In favour,In favour,Governance & elections,,,,https://coquitlam.ca.granicus.com/MinutesViewer.php?view_id=2&clip_id=3311&doc_id=fa69fdb2-8a9f-11f1-a695-061c24c47fdd,https://coquitlam.ca.granicus.com/MediaPlayer.php?view_id=2&clip_id=3311,https://councilrecord.ca/coquitlam.html#vote/1e2ufgm,"That Council adopt Election Administration and Procedure Amendment Bylaw No. 5552, 2026."
2026-07-06,Regular Council,3,Report of the General Manager Planning and Development - Final Approval of Development Application at 2660 Barnet Highway – PC Urban (PROJ 25-060) Discussion ensued relative to the permitted commercial activities within the current zoning and concerns that continued limits may result in businesses not choosing this area to establish their businesses.,Main motion,Carried,8,1,0,Steve Kim,,In favour,Against,In favour,In favour,In favour,In favour,In favour,In favour,In favour,Development; Business & economy,,,,https://coquitlam.ca.granicus.com/MinutesViewer.php?view_id=2&clip_id=3311&doc_id=fa69fdb2-8a9f-11f1-a695-061c24c47fdd,https://coquitlam.ca.granicus.com/MediaPlayer.php?view_id=2&clip_id=3311,https://councilrecord.ca/coquitlam.html#vote/1jr5xc2,"That Council adopt Zoning Amendment Bylaw No. 5494, 2026."
2026-07-06,Regular Council,4,"Report of the General Manager Planning and Development - Proposed Zoning Amendment Bylaw No. 5522, 2026 – Small-Scale Residential Rezoning in the Southwest Shoulders and Corridors (PROJ 26-097)",Main motion,Carried,9,0,0,Matt Djonlic,,In favour,In favour,In favour,In favour,In favour,In favour,In favour,In favour,In favour,Housing & density; Development,,,,https://coquitlam.ca.granicus.com/MinutesViewer.php?view_id=2&clip_id=3311&doc_id=fa69fdb2-8a9f-11f1-a695-061c24c47fdd,https://coquitlam.ca.granicus.com/MediaPlayer.php?view_id=2&clip_id=3311,https://councilrecord.ca/coquitlam.html#vote/5rorry,"That Council give first, second, third readings, and final adoption to Zoning Amendment Bylaw No. 5522, 2026."
2026-07-06,Regular Council,5,Report of the Director Intergovernmental and External Partnerships - 2026 UBCM Excellence Awards Submissions,Main motion,Carried,9,0,0,Dennis Marsden,,In favour,In favour,In favour,In favour,In favour,In favour,In favour,In favour,In favour,Taxes & spending; Transportation; Environment & climate; Parks & recreation; Public services; Governance & elections,,,,https://coquitlam.ca.granicus.com/MinutesViewer.php?view_id=2&clip_id=3311&doc_id=fa69fdb2-8a9f-11f1-a695-061c24c47fdd,https://coquitlam.ca.granicus.com/MediaPlayer.php?view_id=2&clip_id=3311,https://councilrecord.ca/coquitlam.html#vote/1ownanz,"That Council authorize staff to submit the following projects for consideration at the 2026 UBCM Excellence Awards: 1. Major Facilities Road Map; 2. Climate Action Plan; and, 3. Guildford Way Transportation Improvements."
2026-07-06,Regular Council,6,"Report of the General Manager Planning and Development - Housing Accelerator Fund Initiative 2 – Rental Incentive Program Review –Proposed Housing Unit Mix Policy and First Reading for Zoning Amendment Bylaw No. 5496, 2026 Planner 2 provided a presentation entitled “Proposed Housing Unit Mix Policy and Zoning Amendments” and referred to slides contained in the Agenda package.",Main motion,Carried,8,1,0,Dennis Marsden,,In favour,In favour,In favour,In favour,In favour,In favour,In favour,Against,In favour,Housing & density; Development,,,,https://coquitlam.ca.granicus.com/MinutesViewer.php?view_id=2&clip_id=3311&doc_id=fa69fdb2-8a9f-11f1-a695-061c24c47fdd,https://coquitlam.ca.granicus.com/MediaPlayer.php?view_id=2&clip_id=3311,https://councilrecord.ca/coquitlam.html#vote/1x3ekre,"That Council: 1. Give first reading to Zoning Amendment Bylaw No. 5496, 2026; and 2. Refer Zoning Amendment Bylaw No. 5496, 2026 to Public Hearing."
2026-07-06,Regular Council,7,Report of the General Manager Planning and Development - Housekeeping Updates to Various City Bylaws and Endorsed Documents,Main motion,Carried,9,0,0,Robert Mazzarolo,,In favour,In favour,In favour,In favour,In favour,In favour,In favour,In favour,In favour,Governance & elections,,,,https://coquitlam.ca.granicus.com/MinutesViewer.php?view_id=2&clip_id=3311&doc_id=fa69fdb2-8a9f-11f1-a695-061c24c47fdd,https://coquitlam.ca.granicus.com/MediaPlayer.php?view_id=2&clip_id=3311,https://councilrecord.ca/coquitlam.html#vote/1g4k7ld,"That Council: 1. Give first, second, and third readings to each of the following bylaws: a) Bylaw Notice Enforcement Amendment Bylaw No. 5554, 2026; b) Municipal Ticket Information Amendment Bylaw No. 5555, 2026; c) Sign Amendment Bylaw No. 5556, 2026; d) Subdivision and Development Servicing Amendment Bylaw No. 5557, 2026; e) Development Procedures Amendment Bylaw No. 5558, 2026; and f) Tree Management Amendment Bylaw No. 5560, 2026; and 2. Approve the housekeeping amendments to the ‘Traffic Calming Policy’ and the ‘Cannabis Production, Processing, and Retail Policy and Procedure’ as set out in Attachments 7 and 8, respectively, in the report dated July 6, 2026 and entitled “Housekeeping Updates to Various City Bylaws and Endorsed Documents”, and direct staff to incorporate the approved amendments into the applicable policies and procedures."
2026-07-06,Regular Council,8,Report of the General Manager Planning and Development - Development Application at 911 Delestre Avenue – Cre8 Architects (PROJ 24-137) Discussion ensued relative to the following:  Concern regarding the tightly designed development layout.  Concerns about parking allocation and impacts to on-street parking.  Consideration of efficiencies created by allowing a larger development than,Main motion,Carried,9,0,0,Trish Mandewo,,In favour,In favour,In favour,In favour,In favour,In favour,In favour,In favour,In favour,Development; Transportation,,,,https://coquitlam.ca.granicus.com/MinutesViewer.php?view_id=2&clip_id=3311&doc_id=fa69fdb2-8a9f-11f1-a695-061c24c47fdd,https://coquitlam.ca.granicus.com/MediaPlayer.php?view_id=2&clip_id=3311,https://councilrecord.ca/coquitlam.html#vote/1l928he,"That Council: 1. Give first, second, and third readings to Zoning Amendment Bylaw No. 5518, 2026; and, 2. Require the completion of the items listed in Attachment 1 prior to Council’s consideration of final adoption to Zoning Amendment Bylaw No. 5518, 2026."
2026-07-06,Regular Council,9,"Report of the General Manager Planning and Development - Development Application at 711, 713, 717, 721, 723 and 729 Dogwood Street – Allaire Living (Dogwood) Inc. (PROJ 23-177) Discussion ensued relative to the following:  Concern regarding the categorization of lock-off suites as three bedrooms.  Concern regarding the security of the shared bike parking.",Main motion,Carried,9,0,0,Dennis Marsden,,In favour,In favour,In favour,In favour,In favour,In favour,In favour,In favour,In favour,Development; Transportation,,,,https://coquitlam.ca.granicus.com/MinutesViewer.php?view_id=2&clip_id=3311&doc_id=fa69fdb2-8a9f-11f1-a695-061c24c47fdd,https://coquitlam.ca.granicus.com/MediaPlayer.php?view_id=2&clip_id=3311,https://councilrecord.ca/coquitlam.html#vote/1880bmu,"That Council: 1. Give first, second, and third readings to Zoning Amendment Bylaw No. 5524, 2026; 2. Authorize staff to prepare Development Permit No. 24 123142 DP generally in accordance with the attached drawings (Attachment 7); and 3. Require the completion of the items listed in Attachment 1 prior to Council’s consideration of final adoption to Zoning Amendment Bylaw No. 5524, 2026."
2026-07-06,Regular Council,10,Report of the General Manager Planning and Development - Development Application at 614 - 624 Thompson Avenue – Thompson Adera Projects Ltd. (PROJ 23-070) Discussion ensued relative to the following:  Concerns regarding whether the proposed development meets the townhouse designation.,Main motion,Carried,8,1,0,Brent Asmundson,,In favour,In favour,In favour,In favour,In favour,In favour,In favour,Against,In favour,Housing & density; Development,,,,https://coquitlam.ca.granicus.com/MinutesViewer.php?view_id=2&clip_id=3311&doc_id=fa69fdb2-8a9f-11f1-a695-061c24c47fdd,https://coquitlam.ca.granicus.com/MediaPlayer.php?view_id=2&clip_id=3311,https://councilrecord.ca/coquitlam.html#vote/ntz0yk,"That Council extend third reading of Zoning Amendment Bylaw No. 5371, 2024 for an additional 12-month period to July 29, 2027."
2026-07-06,Regular Council,11,"Report of the General Manager Planning and Development - Housing Agreement Bylaw No. 5534, 2026 at 636 Claremont Street (Lot 1) – Intracorp (PROJ 26-075)",Main motion,Carried,9,0,0,Trish Mandewo,,In favour,In favour,In favour,In favour,In favour,In favour,In favour,In favour,In favour,Housing & density,,,,https://coquitlam.ca.granicus.com/MinutesViewer.php?view_id=2&clip_id=3311&doc_id=fa69fdb2-8a9f-11f1-a695-061c24c47fdd,https://coquitlam.ca.granicus.com/MediaPlayer.php?view_id=2&clip_id=3311,https://councilrecord.ca/coquitlam.html#vote/1lunibo,"That Council give first, second, and third readings to Housing Agreement Amendment Bylaw No. 5534, 2026."
2026-07-06,Regular Council,12,"Report of the General Manager Planning and Development - Housing Agreement Bylaw No. 5445, 2026, at 803 North Road (formerly 803-807 North Road and 603-617 Tyndall Street) – Qualex-Landmark Gateway Limited Partnership (PROJ 21-177)",Main motion,Carried,8,0,1,Trish Mandewo,,In favour,In favour,In favour,In favour,In favour,In favour,In favour,Absent,In favour,Housing & density,,,,https://coquitlam.ca.granicus.com/MinutesViewer.php?view_id=2&clip_id=3311&doc_id=fa69fdb2-8a9f-11f1-a695-061c24c47fdd,https://coquitlam.ca.granicus.com/MediaPlayer.php?view_id=2&clip_id=3311,https://councilrecord.ca/coquitlam.html#vote/txe039,"That Council give first, second and third readings to Housing Agreement Bylaw No. 5445, 2026."
2026-07-06,Regular Council,13,"Report of the General Manager Planning and Development - Housing Agreement Amendment Bylaw No. 5501, 2026 at 630 Whiting Way – Amacon (PROJ 19-046)",Main motion,Carried,9,0,0,Dennis Marsden,,In favour,In favour,In favour,In favour,In favour,In favour,In favour,In favour,In favour,Housing & density,,,,https://coquitlam.ca.granicus.com/MinutesViewer.php?view_id=2&clip_id=3311&doc_id=fa69fdb2-8a9f-11f1-a695-061c24c47fdd,https://coquitlam.ca.granicus.com/MediaPlayer.php?view_id=2&clip_id=3311,https://councilrecord.ca/coquitlam.html#vote/1tfzg7,"That Council give first, second, and third readings to Housing Agreement Amendment Bylaw No. 5501, 2026."
2026-07-06,Regular Council,14,Report of the General Manager Planning and Development - City-Initiated Housing Agreement Amendment – 635 Gardena Drive (PROJ 26-075),Main motion,Carried,9,0,0,Brent Asmundson,,In favour,In favour,In favour,In favour,In favour,In favour,In favour,In favour,In favour,Housing & density,,,,https://coquitlam.ca.granicus.com/MinutesViewer.php?view_id=2&clip_id=3311&doc_id=fa69fdb2-8a9f-11f1-a695-061c24c47fdd,https://coquitlam.ca.granicus.com/MediaPlayer.php?view_id=2&clip_id=3311,https://councilrecord.ca/coquitlam.html#vote/1i87h5z,"That Council give first, second, and third readings to Housing Agreement Amendment Bylaw No. 5535, 2026."
2026-07-27,Regular Council,5,Minutes of the Economic Development Advisory Committee Meeting held on,Procedural,Carried,9,0,0,Teri Towner,,In favour,In favour,In favour,In favour,In favour,In favour,In favour,In favour,In favour,Business & economy; Governance & elections,,,,https://coquitlam.ca.granicus.com/MinutesViewer.php?view_id=2&clip_id=3338&doc_id=8933bdb4-ac69-11f1-a695-061c24c47fdd,https://coquitlam.ca.granicus.com/MediaPlayer.php?view_id=2&clip_id=3338,https://councilrecord.ca/coquitlam.html#vote/4gh5bg,"That the Minutes of the Economic Development Advisory Committee Meeting held on Tuesday, July 7, 2026 be received."
2026-07-27,Regular Council,6,Minutes of the Sports and Recreation Advisory Committee Meeting held on,Procedural,Carried,9,0,0,Trish Mandewo,,In favour,In favour,In favour,In favour,In favour,In favour,In favour,In favour,In favour,Parks & recreation; Governance & elections,,,,https://coquitlam.ca.granicus.com/MinutesViewer.php?view_id=2&clip_id=3338&doc_id=8933bdb4-ac69-11f1-a695-061c24c47fdd,https://coquitlam.ca.granicus.com/MediaPlayer.php?view_id=2&clip_id=3338,https://councilrecord.ca/coquitlam.html#vote/pcapqy,"That the Minutes of the Sports and Recreation Advisory Committee Meeting held on Wednesday, July 8, 2026 be received."
2026-07-27,Regular Council,7,Minutes of the Culture Services Advisory Committee Meeting held on,Procedural,Carried,9,0,0,Teri Towner,,In favour,In favour,In favour,In favour,In favour,In favour,In favour,In favour,In favour,Parks & recreation; Governance & elections,,,,https://coquitlam.ca.granicus.com/MinutesViewer.php?view_id=2&clip_id=3338&doc_id=8933bdb4-ac69-11f1-a695-061c24c47fdd,https://coquitlam.ca.granicus.com/MediaPlayer.php?view_id=2&clip_id=3338,https://councilrecord.ca/coquitlam.html#vote/1nfm28s,"That the Minutes of the Culture Services Advisory Committee Meeting held on Thursday, July 9, 2026 be received."
2026-07-27,Regular Council,8,"Housing Accelerator Fund Initiative 2 – Rental Incentive Program Review – Proposed Housing Unit Mix Policy and Zoning Amendment Bylaw No. 5496, 2026 Discussion ensued relative to the following:  Appreciation for the definitions for bedroom sizes and types to guide development in the city.  Opportunity to prioritize increasing the stock of two- and three-bedroom",Main motion,Carried,7,2,0,Trish Mandewo,,Against,In favour,In favour,In favour,In favour,In favour,In favour,Against,In favour,Housing & density; Development,,,,https://coquitlam.ca.granicus.com/MinutesViewer.php?view_id=2&clip_id=3338&doc_id=8933bdb4-ac69-11f1-a695-061c24c47fdd,https://coquitlam.ca.granicus.com/MediaPlayer.php?view_id=2&clip_id=3338,https://councilrecord.ca/coquitlam.html#vote/1cy1goh,"That Council give second and third readings and final adoption to Zoning Amendment Bylaw No. 5496, 2026."
2026-07-27,Regular Council,9,Report of the General Manager Planning and Development – Housing Accelerator Fund Initiative 2 – Rental Incentive Program Review – Housing Unit Mix Policy Discussion ensued relative to the following:  Concern related to the proposed minimum percentage of two- and three-bedroom units.,Main motion,Carried,7,2,0,Teri Towner,,In favour,In favour,In favour,In favour,In favour,Against,In favour,Against,In favour,Housing & density,,,,https://coquitlam.ca.granicus.com/MinutesViewer.php?view_id=2&clip_id=3338&doc_id=8933bdb4-ac69-11f1-a695-061c24c47fdd,https://coquitlam.ca.granicus.com/MediaPlayer.php?view_id=2&clip_id=3338,https://councilrecord.ca/coquitlam.html#vote/18oi3l8,"That Council endorse the Housing Unit Mix Policy as per Attachment 1 of the report of the General Manager Planning and Development dated July 27, 2026 and entitled “Housing Accelerator Fund Initiative 2 – Rental Incentive Program Review – Housing Unit Mix Policy”."
2026-07-27,Regular Council,10,"Report of the Director Legislative Services - Final Adoption of Housing Agreement Amendment Bylaw No. 5501, 2026",Main motion,Carried,9,0,0,Brent Asmundson,,In favour,In favour,In favour,In favour,In favour,In favour,In favour,In favour,In favour,Housing & density,,,,https://coquitlam.ca.granicus.com/MinutesViewer.php?view_id=2&clip_id=3338&doc_id=8933bdb4-ac69-11f1-a695-061c24c47fdd,https://coquitlam.ca.granicus.com/MediaPlayer.php?view_id=2&clip_id=3338,https://councilrecord.ca/coquitlam.html#vote/6kjr26,"That Council adopt Housing Agreement Amendment Bylaw No. 5501, 2026."
2026-07-27,Regular Council,11,"Report of the Director Legislative Services - Final Adoption of Housing Agreement Bylaw No. 5445, 2026",Main motion,Carried,8,0,1,Trish Mandewo,,In favour,In favour,In favour,In favour,In favour,In favour,In favour,Absent,In favour,Housing & density,,,,https://coquitlam.ca.granicus.com/MinutesViewer.php?view_id=2&clip_id=3338&doc_id=8933bdb4-ac69-11f1-a695-061c24c47fdd,https://coquitlam.ca.granicus.com/MediaPlayer.php?view_id=2&clip_id=3338,https://councilrecord.ca/coquitlam.html#vote/12a8xvo,"That Council adopt Housing Agreement Amendment Bylaw No. 5445, 2026."
2026-07-27,Regular Council,12,"Report of the Director Legislative Services - Final Adoption of Housing Agreement Amendment Bylaw No. 5534, 2026",Main motion,Carried,8,0,1,Dennis Marsden,,In favour,In favour,In favour,In favour,In favour,In favour,In favour,Absent,In favour,Housing & density,,,,https://coquitlam.ca.granicus.com/MinutesViewer.php?view_id=2&clip_id=3338&doc_id=8933bdb4-ac69-11f1-a695-061c24c47fdd,https://coquitlam.ca.granicus.com/MediaPlayer.php?view_id=2&clip_id=3338,https://councilrecord.ca/coquitlam.html#vote/fszox8,"That Council adopt Housing Agreement Amendment Bylaw No. 5534, 2026."
2026-07-27,Regular Council,13,"Report of the Director Legislative Services - Final Adoption of Housing Agreement Amendment Bylaw No. 5535, 2026",Main motion,Carried,8,0,1,Brent Asmundson,,In favour,In favour,In favour,In favour,In favour,In favour,In favour,Absent,In favour,Housing & density,,,,https://coquitlam.ca.granicus.com/MinutesViewer.php?view_id=2&clip_id=3338&doc_id=8933bdb4-ac69-11f1-a695-061c24c47fdd,https://coquitlam.ca.granicus.com/MediaPlayer.php?view_id=2&clip_id=3338,https://councilrecord.ca/coquitlam.html#vote/1g426ch,"That Council adopt Housing Agreement Amendment Bylaw No. 5535, 2026."
2026-07-27,Regular Council,14,Report of the General Manager Planning and Development – Final Adoption of Housekeeping Updates to Various City Bylaws,Main motion,Carried,8,0,1,Trish Mandewo,,In favour,In favour,In favour,In favour,In favour,In favour,In favour,Absent,In favour,Development; Governance & elections,,,,https://coquitlam.ca.granicus.com/MinutesViewer.php?view_id=2&clip_id=3338&doc_id=8933bdb4-ac69-11f1-a695-061c24c47fdd,https://coquitlam.ca.granicus.com/MediaPlayer.php?view_id=2&clip_id=3338,https://councilrecord.ca/coquitlam.html#vote/ts9etr,"That Council adopt the following bylaws: 1. Bylaw Notice Enforcement Amendment Bylaw No. 5554, 2026; 2. Municipal Ticket Information Amendment Bylaw No. 5555, 2026; 3. Sign Amendment Bylaw No. 5556, 2026; 4. Subdivision and Development Servicing Amendment Bylaw No. 5557, 2026; 5. Development Procedures Amendment Bylaw No. 5558, 2026; and 6. Tree Management Amendment Bylaw No. 5560, 2026."
2026-07-27,Regular Council,15,Report of the General Manager Planning and Development – Development Variance Permit at 3410 Highland Drive – DK Bowins and Associates Inc. (PROJ 26-133),Main motion,Carried,8,0,1,,,In favour,In favour,In favour,In favour,In favour,In favour,In favour,Absent,In favour,Development,,,,https://coquitlam.ca.granicus.com/MinutesViewer.php?view_id=2&clip_id=3338&doc_id=8933bdb4-ac69-11f1-a695-061c24c47fdd,https://coquitlam.ca.granicus.com/MediaPlayer.php?view_id=2&clip_id=3338,https://councilrecord.ca/coquitlam.html#vote/w28io2,That Council approve the signing and sealing of Development Variance Permit No. 26 114619 DV and authorize the Mayor and Corporate Officer to execute this Permit on behalf of the City of Coquitlam.
2026-07-27,Regular Council,16,Report of the General Manager Planning and Development – Development Application at 1382 and 1395 Pollard Street – Mosaic Homes (PROJ 25-224) Discussion ensued relative to the usability of driveway aprons for additional parking.,Main motion,Carried,8,0,1,Brent Asmundson,,In favour,In favour,In favour,In favour,In favour,In favour,In favour,Absent,In favour,Development; Transportation,,,,https://coquitlam.ca.granicus.com/MinutesViewer.php?view_id=2&clip_id=3338&doc_id=8933bdb4-ac69-11f1-a695-061c24c47fdd,https://coquitlam.ca.granicus.com/MediaPlayer.php?view_id=2&clip_id=3338,https://councilrecord.ca/coquitlam.html#vote/hnwmgt,That Council approve the signing and sealing of Development Permit No. 26 127081 DP and authorize the Mayor and Corporate Officer to execute this Permit on behalf of the City of Coquitlam.
2026-07-27,Regular Council,17,Report of the General Manager Planning and Development – Development Application at 176 Golden Drive – Suncor Energy Inc. (PROJ 25-015),Main motion,Carried,8,0,1,Dennis Marsden,,In favour,In favour,In favour,In favour,In favour,In favour,In favour,Absent,In favour,Development; Taxes & spending; Environment & climate,,,,https://coquitlam.ca.granicus.com/MinutesViewer.php?view_id=2&clip_id=3338&doc_id=8933bdb4-ac69-11f1-a695-061c24c47fdd,https://coquitlam.ca.granicus.com/MediaPlayer.php?view_id=2&clip_id=3338,https://councilrecord.ca/coquitlam.html#vote/1h9j0ya,"That Council: 1. Grant an exemption to the Flood Construction Level, in accordance with Section 519(2)(iv) of Zoning Bylaw No. 3000, 1996, and Subsections 524(7) and (8) of the Local Government Act, and that the exemption be subject to the applicant satisfying all requirements of the City, including registration of a Section 219 Covenant indemnifying the City of Coquitlam from any liability arising from flooding, to the satisfaction of the General Manager Planning and Development; and 2. Approve the signing and sealing of Development Permit No. 25 104156 DP and authorize the Mayor and Corporate Officer to execute this Permit on behalf of the City of Coquitlam."
2026-07-27,Regular Council,18,"Report of the General Manager Planning and Development – Housing Agreement Bylaw No. 5553, 2026 at 1145 Inlet Street – [Ledingham McAllister/McAllister Communities Ltd.] (PROJ 22-097)",Main motion,Carried,8,0,1,Brent Asmundson,,In favour,In favour,In favour,In favour,In favour,In favour,In favour,Absent,In favour,Housing & density,,,,https://coquitlam.ca.granicus.com/MinutesViewer.php?view_id=2&clip_id=3338&doc_id=8933bdb4-ac69-11f1-a695-061c24c47fdd,https://coquitlam.ca.granicus.com/MediaPlayer.php?view_id=2&clip_id=3338,https://councilrecord.ca/coquitlam.html#vote/1x5007f,"That Council give first, second, and third readings to Housing Agreement Bylaw No. 5553, 2026."
2026-07-27,Regular Council,19,Report of the General Manager Planning and Development – Building Bylaw Amendment – Expiration of Building Permits Discussion ensued relative to the following:  The proposed two-year extension’s alignment with existing provisions for third reading and development permit extensions.  Implications of the proposed amendments to demolition permits.,Main motion,Carried,8,0,1,Teri Towner,,In favour,In favour,In favour,In favour,In favour,In favour,In favour,Absent,In favour,Development; Neighbourhood character,,,,https://coquitlam.ca.granicus.com/MinutesViewer.php?view_id=2&clip_id=3338&doc_id=8933bdb4-ac69-11f1-a695-061c24c47fdd,https://coquitlam.ca.granicus.com/MediaPlayer.php?view_id=2&clip_id=3338,https://councilrecord.ca/coquitlam.html#vote/17l5wc9,"That Council give first, second, and third readings to Building Amendment Bylaw No. 5562, 2026."
2026-07-27,Regular Council,20,Report of the General Manager Corporate Services – Talent and Retention Strategy Discussion ensued relative to concerns related to the listed generational groups being identified via age and not birth year ranges.,Main motion,Carried,8,0,1,Brent Asmundson,,In favour,In favour,In favour,In favour,In favour,In favour,In favour,Absent,In favour,Other,,,,https://coquitlam.ca.granicus.com/MinutesViewer.php?view_id=2&clip_id=3338&doc_id=8933bdb4-ac69-11f1-a695-061c24c47fdd,https://coquitlam.ca.granicus.com/MediaPlayer.php?view_id=2&clip_id=3338,https://councilrecord.ca/coquitlam.html#vote/1936xza,"That Council endorse the Talent and Retention Strategy, provided as Attachment 1 in the report of the General Manager Corporate Services dated July 27, 2026 and entitled ""Talent and Retention Strategy""."
2026-09-08,Regular Council,3,Minutes of the Accessibility and Inclusion Advisory Committee held on,Procedural,Carried,9,0,0,Steve Kim,,In favour,In favour,In favour,In favour,In favour,In favour,In favour,In favour,In favour,Public services; Governance & elections,,,,https://coquitlam.ca.granicus.com/MinutesViewer.php?view_id=2&clip_id=3356&doc_id=1e6b0d93-b6a3-11f1-a695-061c24c47fdd,https://coquitlam.ca.granicus.com/MediaPlayer.php?view_id=2&clip_id=3356,https://councilrecord.ca/coquitlam.html#vote/vtyt8m,"That the Minutes of Accessibility and Inclusion Advisory Committee held on Tuesday, July 21, 2026 be received."
2026-09-08,Regular Council,4,"Minutes of the Multiculturalism Advisory Committee held on Thursday, July 23, 2026",Procedural,Carried,9,0,0,Brent Asmundson,,In favour,In favour,In favour,In favour,In favour,In favour,In favour,In favour,In favour,Governance & elections,,,,https://coquitlam.ca.granicus.com/MinutesViewer.php?view_id=2&clip_id=3356&doc_id=1e6b0d93-b6a3-11f1-a695-061c24c47fdd,https://coquitlam.ca.granicus.com/MediaPlayer.php?view_id=2&clip_id=3356,https://councilrecord.ca/coquitlam.html#vote/k16cx4,"That the Minutes of the Multiculturalism Advisory Committee held on Thursday, July 23, 2026 be received."
2026-09-08,Regular Council,5,"Report of the Director Legislative Services - Final Adoption of Building Amendment Bylaw No. 5562, 2026",Main motion,Carried,9,0,0,Teri Towner,,In favour,In favour,In favour,In favour,In favour,In favour,In favour,In favour,In favour,Other,,,,https://coquitlam.ca.granicus.com/MinutesViewer.php?view_id=2&clip_id=3356&doc_id=1e6b0d93-b6a3-11f1-a695-061c24c47fdd,https://coquitlam.ca.granicus.com/MediaPlayer.php?view_id=2&clip_id=3356,https://councilrecord.ca/coquitlam.html#vote/gd7r87,"That Council adopt Building Amendment Bylaw No. 5562, 2026."
2026-09-08,Regular Council,6,Report of the General Manager Planning and Development – Development Application at 3596 Innes Court – Polygon Development 292 Ltd. (PROJ 26-118) Discussion ensued relative to keeping existing mature trees within future developments and building amenity spaces within the tree canopy.,Main motion,Carried,9,0,0,Dennis Marsden,,In favour,In favour,In favour,In favour,In favour,In favour,In favour,In favour,In favour,Development; Environment & climate,,,,https://coquitlam.ca.granicus.com/MinutesViewer.php?view_id=2&clip_id=3356&doc_id=1e6b0d93-b6a3-11f1-a695-061c24c47fdd,https://coquitlam.ca.granicus.com/MediaPlayer.php?view_id=2&clip_id=3356,https://councilrecord.ca/coquitlam.html#vote/x9xvoz,That Council approve the signing and sealing of Development Permit No. 26 113866 DP and authorize the Mayor and Corporate Officer to execute this Permit on behalf of the City of Coquitlam.
2026-09-08,Regular Council,7,Report of the General Manager Planning and Development – Development Application at 1125 Falcon Drive – 1445948 B.C. Ltd. (PROJ 25-006),Main motion,Carried,9,0,0,Brent Asmundson,,In favour,In favour,In favour,In favour,In favour,In favour,In favour,In favour,In favour,Development,,,,https://coquitlam.ca.granicus.com/MinutesViewer.php?view_id=2&clip_id=3356&doc_id=1e6b0d93-b6a3-11f1-a695-061c24c47fdd,https://coquitlam.ca.granicus.com/MediaPlayer.php?view_id=2&clip_id=3356,https://councilrecord.ca/coquitlam.html#vote/dqne53,That Council approve the signing and sealing of Development Permit No. 25 112359 DP and authorize the Mayor and Corporate Officer to execute this Permit on behalf of the City of Coquitlam.
2026-09-08,Regular Council,8,Report of the General Manager Planning and Development – Development Application at 1050 United Boulevard – Onni Contracting Ltd. (PROJ 26-163),Main motion,Carried,9,0,0,Dennis Marsden,,In favour,In favour,In favour,In favour,In favour,In favour,In favour,In favour,In favour,Development; Taxes & spending,,,,https://coquitlam.ca.granicus.com/MinutesViewer.php?view_id=2&clip_id=3356&doc_id=1e6b0d93-b6a3-11f1-a695-061c24c47fdd,https://coquitlam.ca.granicus.com/MediaPlayer.php?view_id=2&clip_id=3356,https://councilrecord.ca/coquitlam.html#vote/1jeqy7j,That Council approve the signing and sealing of Development Permit No. 26 117911 DP and authorize the Mayor and Corporate Officer to execute this Permit on behalf of the City of Coquitlam.
2026-09-21,Regular Council,2,"Report of the Acting Director Development Services - Third Reading Extension of Development Application at 564, 568 and 574 Harrison Avenue and 565, 569 and 575 Kemsley Avenue and a Portion of Gardena Drive – Quantum Properties (PROJ 23-127)",Main motion,Carried,8,1,0,Dennis Marsden,,In favour,In favour,In favour,In favour,In favour,In favour,In favour,Against,In favour,Development,,,,https://coquitlam.ca.granicus.com/MinutesViewer.php?view_id=2&clip_id=3365&doc_id=6a0dc108-bc23-11f1-a695-061c24c47fdd,https://coquitlam.ca.granicus.com/MediaPlayer.php?view_id=2&clip_id=3365,https://councilrecord.ca/coquitlam.html#vote/1a4glcl,"That Council extend third reading of Zoning Amendment Bylaw No. 5399, 2024 for an additional 12-month period to October 21, 2027."
2026-09-21,Regular Council,3,Report of the General Manager Parks and Capital Projects - Burke Mountain Community Centre and Burke Village Park Pre-Tender Update,Main motion,Carried,9,0,0,Trish Mandewo,,In favour,In favour,In favour,In favour,In favour,In favour,In favour,In favour,In favour,Taxes & spending; Environment & climate; Parks & recreation,,,,https://coquitlam.ca.granicus.com/MinutesViewer.php?view_id=2&clip_id=3365&doc_id=6a0dc108-bc23-11f1-a695-061c24c47fdd,https://coquitlam.ca.granicus.com/MediaPlayer.php?view_id=2&clip_id=3365,https://councilrecord.ca/coquitlam.html#vote/1kcniq9,"That Council delegate to staff the authority to enter into and execute a contribution agreement with the federal government of Canada to access grant funding up to $67,463,368 through the Direct Delivery stream of the Build Communities Strong Fund."
2026-09-21,Regular Council,4,Report of the Deputy Chief Administrative Officer – 2026 Council Meeting Schedule Amendments,Main motion,Carried,9,0,0,Brent Asmundson,,In favour,In favour,In favour,In favour,In favour,In favour,In favour,In favour,In favour,Governance & elections,,,,https://coquitlam.ca.granicus.com/MinutesViewer.php?view_id=2&clip_id=3365&doc_id=6a0dc108-bc23-11f1-a695-061c24c47fdd,https://coquitlam.ca.granicus.com/MediaPlayer.php?view_id=2&clip_id=3365,https://councilrecord.ca/coquitlam.html#vote/101hs3p,"That Council approve the amended 2026 Council Meeting Schedule included as Attachment 1 to the report of the Deputy Chief Administrative Officer dated September 21, 2026 and entitled “2026 Council Meeting Schedule Amendments”."
