Date,Meeting,Agenda item,Title,Type of motion,Result,In favour,Against,Absent,Moved by,Seconded by,Mike Little,Jordan Back,Betty Forbes,Jim Hanson,Herman Mah,Lisa Muri,Catherine Pope,Topics,Vote number under this heading,Note,Source discrepancy,Official record,Meeting video,Link to this vote,Motion text
2022-11-07,Special meeting,5.1,Results of Election by Voting: 2022 General Local Election,Procedural,Carried,7,0,0,Lisa Muri,Jordan Back,In favour,In favour,In favour,In favour,In favour,In favour,In favour,Governance & elections,,,,https://app.dnv.org/OpenDocument/Default.aspx?docNum=6047990,https://www.youtube.com/watch?v=ozIOtMhoVew&t=00h48m23s,https://councilrecord.ca/district.html#vote/98,"THAT the October 24, 2022 report of the Chief Election Officer entitled Results of Election by Voting: 2022 General Local Election is received for information."
2022-11-21,Regular meeting,8.7,UBCM Community Emergency Preparedness Fund: 2022 Disaster Risk Reduction: Climate Action,Main motion,Carried,7,0,0,Lisa Muri,Jordan Back,In favour,In favour,In favour,In favour,In favour,In favour,In favour,Environment & climate; Public services; Governance & elections; Public safety,,,,https://app.dnv.org/OpenDocument/Default.aspx?docNum=5907276,https://www.youtube.com/watch?v=kbB_j2fNfBk&t=01h45m23s,https://councilrecord.ca/district.html#vote/30,"THAT Council supports the submission of the application to the Community Emergency Preparedness (CEPF) under the stream of 2022 Disaster Risk Reduction: Climate Action for the North Shore Resilience Framework and Roadmap to Implementation project; AND THAT council commits to the District of North Vancouver providing overall grant management for the project, on behalf of the City of North Vancouver, the District of West Vancouver and the Tsleil-Waututh Nation."
2022-11-21,Regular meeting,8.8,"Recommendations Regarding Continued Support and Action on Reconciliation, Anti-Racism, Equity, Inclusion and Diversity",Main motion,Carried,7,0,0,Jordan Back,Herman Mah,In favour,In favour,In favour,In favour,In favour,In favour,In favour,Governance & elections,,,,https://app.dnv.org/OpenDocument/Default.aspx?docNum=5907276,https://www.youtube.com/watch?v=kbB_j2fNfBk&t=01h49m39s,https://councilrecord.ca/district.html#vote/31,"THAT Council direct staff to continue work on actions identified in the Coalition of Inclusive Municipalities to review existing operations and governance frameworks and make recommendations for change to reflect and support an anti-racist, diverse, and more equitable community, including the formation of an internal committee; AND THAT Council direct staff to create a Reconciliation Task Force and framework underpinned by the United Nations Declaration on the Rights of Indigenous Peoples (UNDRIP) that supports reconciliation efforts with Tsleil-Waututh Nation and Squamish Nation."
2022-11-21,Regular meeting,8.9,Appointment of Metro Vancouver Regional District Municipal Director and Alternate Municipal Director,Main motion,Carried,6,1,0,Mike Little,Jim Hanson,In favour,In favour,In favour,In favour,In favour,In favour,Against,Governance & elections; Metro Vancouver,,,,https://app.dnv.org/OpenDocument/Default.aspx?docNum=5907276,https://www.youtube.com/watch?v=kbB_j2fNfBk&t=02h03m00s,https://councilrecord.ca/district.html#vote/32,THAT Councillor Muri is appointed as the Municipal Director to the Metro Vancouver Regional District Board for the District of North Vancouver and that Mayor Little is appointed as the Alternate Municipal Director.
2022-11-21,Regular meeting,8.4,Local Area Service Bylaw 8605: LIP2022-02 Traffic Calming on Donegal Place,Main motion,Carried,7,0,0,Lisa Muri,Jordan Back,In favour,In favour,In favour,In favour,In favour,In favour,In favour,Development; Transportation,,,,https://app.dnv.org/OpenDocument/Default.aspx?docNum=5907276,https://www.youtube.com/watch?v=kbB_j2fNfBk&t=01h01m05s,https://councilrecord.ca/district.html#vote/95,"THAT pursuant to Section 211 of the Community Charter, a Local Area Service project for the construction of traffic calming works on Donegal Place is approved; AND THAT ""Local Area Service Bylaw 8605, 2022 (LIP2022-02 Traffic Calming on Donegal Place)"" is given FIRST, SECOND and THIRD Readings."
2022-11-21,Regular meeting,8.5,"Text Amendment to Add ""Cannabis Retail Store"" at 1761 Capilano Road",Main motion,Carried,4,3,0,Jim Hanson,Herman Mah,In favour,Against,In favour,In favour,In favour,Against,Against,Development; Neighbourhood character; Business & economy,,,,https://app.dnv.org/OpenDocument/Default.aspx?docNum=5907276,https://www.youtube.com/watch?v=kbB_j2fNfBk&t=01h07m13s,https://councilrecord.ca/district.html#vote/96,"THAT ""District of North Vancouver Rezoning Bylaw 1417 (Bylaw 8566)"" is not given First Reading; AND THAT the Liquor and Cannabis Regulation Branch is informed of this decision."
2022-11-21,Regular meeting,8.6,"3988 Phyllis Road, North Vancouver Unauthorized Construction and Unsafe Condition",Main motion,Carried,7,0,0,Mike Little,Lisa Muri,In favour,In favour,In favour,In favour,In favour,In favour,In favour,Environment & climate,,,,https://app.dnv.org/OpenDocument/Default.aspx?docNum=5907276,https://www.youtube.com/watch?v=kbB_j2fNfBk&t=01h24m23s,https://councilrecord.ca/district.html#vote/97,"THAT Council: 1. Declare that the property located at 3988 Phyllis Road (the ""Property"") and legally described as: PID 010-027-556 Lot A Block G District Lots 852 and 853 Plan 10300 is in an unsafe condition with respect to the retaining wall that runs along the south and east sides of the Property (the ""Retaining Wall""); 2. Order that the owners of the Property, [name removed] (the ""Property Owners"") must: a. By January 23, 2023, partially dismantle the Retaining Wall under the direct supervision of a qualified geotechnical engineer registered with the Association of Professional Engineers and Geoscientists of BC to the extent required such that the supervising geotechnical engineer can certify the wall and site as safe and implement all required slope stability, erosion control or other measures recommended by such supervising geotechnical engineer; b. By January 23, 2023, complete all submission requirements for the building permit to reconstruct the Retaining Wall to heights and grades no greater than those approved in Development Variance Permit 61.21; c. Within 4 months of issuance of the building permit to rebuild the Retaining Wall, complete the construction to the satisfaction of the Chief Building Official. 3. Direct that if the Owner does not complete the partial dismantling of the Retaining Wall required under section 2(a) to the satisfaction of the Chief Building Official, then the District, by its staff, agents and contractors, may enter onto the Property and complete such partial dismantling, and the costs of such action shall be treated as a debt owed to the District of North Vancouver, which if unpaid at the end of the calendar year in which the work was completed, will be added to the property taxes pursuant to section 258 of the Community Charter: 4. Direct the Municipal Clerk to file a notice in the Land Title Office stating that a resolution relating to 3988 Phyllis Rd has been made under Section 57 of the Community Charter and further information about it may be inspected at the municipal hall."
2022-11-21,Regular meeting,8.1,Annual Review of Fees and Charges 2023,Main motion,Carried,7,0,0,Mike Little,Lisa Muri,In favour,In favour,In favour,In favour,In favour,In favour,In favour,Taxes & spending,,,,https://app.dnv.org/OpenDocument/Default.aspx?docNum=5907276,https://www.youtube.com/watch?v=kbB_j2fNfBk&t=00h32m20s,https://councilrecord.ca/district.html#vote/101,"THAT ""Fees and Charges Bylaw 6481, 1992 Amendment 8599, 2022 (Amendment 83)"" is given FIRST Reading."
2022-11-21,Regular meeting,8.2.1,"Waterworks Regulation Bylaw 2279, 1958, Amendment Bylaw 8601, 2022 (Amendment 68) User Charges and Service Fees for 2023",Main motion,Carried,7,0,0,Mike Little,Jim Hanson,In favour,In favour,In favour,In favour,In favour,In favour,In favour,Taxes & spending; Public services; Utilities,,,,https://app.dnv.org/OpenDocument/Default.aspx?docNum=5907276,https://www.youtube.com/watch?v=kbB_j2fNfBk&t=00h44m30s,https://councilrecord.ca/district.html#vote/103,"THAT ""Waterworks Regulation Bylaw 2279, 1958, Amendment Bylaw 8601, 2022 (Amendment 68)"" is given FIRST Reading."
2022-11-21,Regular meeting,8.2.2,"Sewer Bylaw 6656, 1994, Amendment Bylaw 8602, 2022 (Amendment 34) User Charges and Service Fees for 2023",Main motion,Carried,7,0,0,Mike Little,Jim Hanson,In favour,In favour,In favour,In favour,In favour,In favour,In favour,Taxes & spending; Public services; Utilities,,,,https://app.dnv.org/OpenDocument/Default.aspx?docNum=5907276,https://www.youtube.com/watch?v=kbB_j2fNfBk&t=00h44m30s,https://councilrecord.ca/district.html#vote/104,"THAT ""Sewer Bylaw 6656, 1994, Amendment Bylaw 8602, 2022 (Amendment 34)"" is given FIRST Reading."
2022-11-21,Regular meeting,8.2.3,"Solid Waste Collection and Service Fees: 2023, Bylaw 8603",Main motion,Carried,7,0,0,Mike Little,Jim Hanson,In favour,In favour,In favour,In favour,In favour,In favour,In favour,Public services; Utilities,,,,https://app.dnv.org/OpenDocument/Default.aspx?docNum=5907276,https://www.youtube.com/watch?v=kbB_j2fNfBk&t=00h44m30s,https://councilrecord.ca/district.html#vote/105,"THAT ""Solid Waste Management Bylaw 8436, 2021, Amendment Bylaw 8603, 2022 (Amendment 2)"" is given FIRST Reading."
2022-11-21,Regular meeting,8.3,Proposed Amendment to Schedule A of Construction Bylaw 8271,Main motion,Carried,7,0,0,Lisa Muri,Mike Little,In favour,In favour,In favour,In favour,In favour,In favour,In favour,Development,,,,https://app.dnv.org/OpenDocument/Default.aspx?docNum=5907276,https://www.youtube.com/watch?v=kbB_j2fNfBk&t=00h53m50s,https://councilrecord.ca/district.html#vote/106,"THAT ""Construction Bylaw 8271, 2017, Amendment Bylaw 8598, 2022 (Amendment 2)"" is given FIRST Reading."
2022-12-05,Regular meeting,8.8,Bylaw 8598: Proposed Amendment to Schedule A of Construction Bylaw 8271,Main motion,Carried,7,0,0,Mike Little,Lisa Muri,In favour,In favour,In favour,In favour,In favour,In favour,In favour,Development; Taxes & spending,,,,https://app.dnv.org/OpenDocument/Default.aspx?docNum=5907278,https://www.youtube.com/watch?v=h_Vlwx_wDlA&t=01h55m17s,https://councilrecord.ca/district.html#vote/1,"THAT ""Construction Bylaw 8271, 2017, Amendment Bylaw 8598, 2022 (Amendment 2)"" is given SECOND and THIRD Readings."
2022-12-05,Regular meeting,8.9,"Bylaw 8605: Local Area Service Bylaw 8605, LIP2022-02 Traffic Calming on Donegal Place",Main motion,Carried,7,0,0,Lisa Muri,Jordan Back,In favour,In favour,In favour,In favour,In favour,In favour,In favour,Transportation,,,,https://app.dnv.org/OpenDocument/Default.aspx?docNum=5907278,https://www.youtube.com/watch?v=h_Vlwx_wDlA&t=01h57m30s,https://councilrecord.ca/district.html#vote/2,"THAT ""Local Area Service Bylaw 8605, 2022 (LIP2022-02 Traffic Calming on Donegal Place)"" is ADOPTED."
2022-12-05,Regular meeting,8.14,1405 Pemberton Avenue Liquor Licence,Main motion,Carried,7,0,0,Herman Mah,Jordan Back,In favour,In favour,In favour,In favour,In favour,In favour,In favour,Development; Business & economy,,,,https://app.dnv.org/OpenDocument/Default.aspx?docNum=5907278,https://www.youtube.com/watch?v=h_Vlwx_wDlA&t=02h12m05s,https://councilrecord.ca/district.html#vote/3,"THAT the resolution included in Attachment 1 of the November 23, 2022 report of the Development Planning Assistant entitled 1405 Pemberton Avenue, Beva Brewing and Blending Ltd., Manufacturer Licence Lounge Endorsement is APPROVED."
2022-12-05,Regular meeting,8.10,2023 Council Meeting Schedule,Main motion,Carried,7,0,0,Lisa Muri,Jordan Back,In favour,In favour,In favour,In favour,In favour,In favour,In favour,Governance & elections,,,,https://app.dnv.org/OpenDocument/Default.aspx?docNum=5907278,https://www.youtube.com/watch?v=h_Vlwx_wDlA&t=01h57m47s,https://councilrecord.ca/district.html#vote/39,THAT the 2023 Council meeting schedule is APPROVED.
2022-12-05,Regular meeting,8.11,2022 Community Heritage Grants,Main motion,Carried,7,0,0,Lisa Muri,Betty Forbes,In favour,In favour,In favour,In favour,In favour,In favour,In favour,Taxes & spending; Neighbourhood character,,,,https://app.dnv.org/OpenDocument/Default.aspx?docNum=5907278,https://www.youtube.com/watch?v=h_Vlwx_wDlA&t=01h58m07s,https://councilrecord.ca/district.html#vote/40,"THAT the ten 2022 District of North Vancouver Community Heritage Grants totalling $34,197 detailed in the November 16, 2022 report of the Community Planner, entitled 2022 Community Heritage Grants, are APPROVED; AND THAT $2,706, of the $34,197, is drawn from the Community Heritage Grants Fund held with the North Shore Community Foundation to be disbursed as outlined in the November 16, 2022 report of the Community Planner, entitled 2022 Community Heritage Grants."
2022-12-05,Regular meeting,8.2,"Bylaws 8561, 8562, 8606 and 8563: Official Community Plan Amendment, Rezoning, Phased Development Agreement and Housing Agreement for a Revised Application for a Mixed-Use Development at 1310 Monashee Drive",Main motion,Carried,7,0,0,Mike Little,Jordan Back,In favour,In favour,In favour,In favour,In favour,In favour,In favour,Housing & density; Development,,,,https://app.dnv.org/OpenDocument/Default.aspx?docNum=5907278,https://www.youtube.com/watch?v=h_Vlwx_wDlA&t=00h55m20s,https://councilrecord.ca/district.html#vote/41,"THAT ""District of North Vancouver Official Community Plan 7900, 2011 Amendment Bylaw 8561, 2022 (Amendment 47)"" is given FIRST Reading; AND THAT ""District of North Vancouver Rezoning Bylaw 1416 (Bylaw 8562)"" is given FIRST Reading; AND THAT ""Phased Development Agreement Bylaw 8606, 2022 (1310 Monashee Drive)"" is given FIRST Reading; AND THAT ""Housing Agreement Bylaw 8563, 2022 (1310 Monashee Drive: Market and Non-Market Rental Housing)"" is given FIRST Reading; AND THAT pursuant to Section 475 and Section 476 of the Local Government Act, additional consultation is not required beyond that already undertaken with respect to Bylaw 8561; AND THAT in accordance with Section 477 of the Local Government Act, Council has considered Bylaw 8561 in conjunction with its Financial Plan and applicable Waste Management Plans; AND THAT Bylaws 8561, 8562, and 8606 are referred to a Public Hearing."
2022-12-05,Regular meeting,8.3,Bylaw 8600: 2022-2026 Financial Plan Amendment #1,Main motion,Carried,7,0,0,Mike Little,Herman Mah,In favour,In favour,In favour,In favour,In favour,In favour,In favour,Taxes & spending,,,,https://app.dnv.org/OpenDocument/Default.aspx?docNum=5907278,https://www.youtube.com/watch?v=h_Vlwx_wDlA&t=01h42m30s,https://councilrecord.ca/district.html#vote/42,"THAT ""2022-2026 Financial Plan Bylaw 8560, 2022, Amendment Bylaw 8600, 2022 (Amendment 1)"" is given FIRST, SECOND, and THIRD Readings."
2022-12-05,Regular meeting,8.4,Bylaw 8599: Annual Review of Fees and Charges 2023,Main motion,Carried,7,0,0,Mike Little,Lisa Muri,In favour,In favour,In favour,In favour,In favour,In favour,In favour,Taxes & spending,,,,https://app.dnv.org/OpenDocument/Default.aspx?docNum=5907278,https://www.youtube.com/watch?v=h_Vlwx_wDlA&t=01h55m17s,https://councilrecord.ca/district.html#vote/43,"THAT ""Fees and Charges Bylaw 6481, 1992, Amendment Bylaw 8599, 2022 (Amendment 83)"" is given SECOND and THIRD Readings."
2022-12-05,Regular meeting,8.5,"Bylaw 8601: Waterworks Regulation Bylaw 2279, Amendment Bylaw 8601, 2022 (Amendment 68) User Charges and Service Fees for 2023",Main motion,Carried,7,0,0,Mike Little,Lisa Muri,In favour,In favour,In favour,In favour,In favour,In favour,In favour,Taxes & spending; Public services; Utilities,,,,https://app.dnv.org/OpenDocument/Default.aspx?docNum=5907278,https://www.youtube.com/watch?v=h_Vlwx_wDlA&t=01h55m17s,https://councilrecord.ca/district.html#vote/44,"THAT ""Waterworks Regulation Bylaw 2279, 1958, Amendment Bylaw 8601, 2022 (Amendment 68)"" is given SECOND and THIRD Readings."
2022-12-05,Regular meeting,8.6,"Bylaw 8602: Sewer Bylaw 6656, 1994, Amendment Bylaw 8602, 2022 (Amendment 34) User Charges and Service Fees for 2023",Main motion,Carried,7,0,0,Mike Little,Lisa Muri,In favour,In favour,In favour,In favour,In favour,In favour,In favour,Taxes & spending; Public services; Utilities,,,,https://app.dnv.org/OpenDocument/Default.aspx?docNum=5907278,https://www.youtube.com/watch?v=h_Vlwx_wDlA&t=01h55m17s,https://councilrecord.ca/district.html#vote/45,"THAT ""Sewer Bylaw 6656, 1994, Amendment Bylaw 8602, 2022 (Amendment 34)"" is given SECOND and THIRD Readings."
2022-12-05,Regular meeting,8.7,"Bylaw 8602: Sewer Bylaw 6656, 1994, Amendment Bylaw 8602, 2022 (Amendment 34) User Charges and Service Fees for 2023",Main motion,Carried,7,0,0,Mike Little,Lisa Muri,In favour,In favour,In favour,In favour,In favour,In favour,In favour,Taxes & spending; Public services; Utilities,,,,https://app.dnv.org/OpenDocument/Default.aspx?docNum=5907278,https://www.youtube.com/watch?v=h_Vlwx_wDlA&t=01h55m17s,https://councilrecord.ca/district.html#vote/46,"THAT ""Solid Waste Management Bylaw 8436, 2021, Amendment Bylaw 8603, 2022 (Amendment 2)"" is given SECOND and THIRD Readings."
2022-12-05,Regular meeting,8.1,Development Variance Permit 63.21: 1258 Adderley St,Main motion,Carried,7,0,0,Mike Little,Jim Hanson,In favour,In favour,In favour,In favour,In favour,In favour,In favour,Development,,,,https://app.dnv.org/OpenDocument/Default.aspx?docNum=5907278,https://www.youtube.com/watch?v=h_Vlwx_wDlA&t=00h23m10s,https://councilrecord.ca/district.html#vote/54,THAT Development Variance Permit 63.21 for a Coach House at 1258 Adderley Street is ISSUED subject to an amended drawing package which replaces the eastern window with a cantilevered cabinet/storage space. A transom window is permitted above the cantilevered space.
2022-12-05,Regular meeting,8.12,Proposed Policy: Council Member Access to General Services and Information,Main motion,Carried,7,0,0,Mike Little,Jordan Back,In favour,In favour,In favour,In favour,In favour,In favour,In favour,Governance & elections,,,,https://app.dnv.org/OpenDocument/Default.aspx?docNum=5907278,https://www.youtube.com/watch?v=h_Vlwx_wDlA&t=02h03m20s,https://councilrecord.ca/district.html#vote/55,"THAT the proposed Councillor Access to General Services and Information Corporate Policy is APPROVED; AND THAT the following Corporate Policies are rescinded: 1. Secretarial Services to Council; 2. Staff Handling of Individual Council Member Requests for Information; 3. Staff Reports to Council; 4. Provision of Information to Council; and, 5. Scheduling of Meetings with Council."
2022-12-05,Regular meeting,8.13,Council Reports Policy,Main motion,Carried,7,0,0,Mike Little,Lisa Muri,In favour,In favour,In favour,In favour,In favour,In favour,In favour,Governance & elections,,,,https://app.dnv.org/OpenDocument/Default.aspx?docNum=5907278,https://www.youtube.com/watch?v=h_Vlwx_wDlA&t=02h09m05s,https://councilrecord.ca/district.html#vote/56,"THAT the amended Council Reports Policy attached to the November 21, 2022 report of the Chief Administrative Officer entitled Council Reports Policy is APPROVED."
2022-12-12,Special meeting,2.1,Bylaw 8600: 2022-2026 Financial Plan Amendment #1,Main motion,Carried,6,0,1,Lisa Muri,Jim Hanson,Absent,In favour,In favour,In favour,In favour,In favour,In favour,Taxes & spending,,,,https://app.dnv.org/OpenDocument/Default.aspx?docNum=5907282,https://www.youtube.com/watch?v=6gDwL8MEY54&t=00h01m22s,https://councilrecord.ca/district.html#vote/4,"THAT ""2022-2026 Financial Plan Bylaw 8560, 2022, Amendment Bylaw 8600, 2022 (Amendment 1)"" is ADOPTED."
2022-12-12,Special meeting,2.2,Bylaw 8599: Annual Review of Fees and Charges 2023,Main motion,Carried,6,0,1,Lisa Muri,Herman Mah,Absent,In favour,In favour,In favour,In favour,In favour,In favour,Taxes & spending,,,,https://app.dnv.org/OpenDocument/Default.aspx?docNum=5907282,https://www.youtube.com/watch?v=6gDwL8MEY54&t=00h01m36s,https://councilrecord.ca/district.html#vote/5,"THAT ""Fees and Charges Bylaw 6481, 1992 Amendment 8599, 2022 (Amendment 83)"" is ADOPTED."
2022-12-12,Special meeting,2.3,"Bylaw 8601: Waterworks Regulation Bylaw 2279, Amendment Bylaw 8601, 2022 (Amendment 68) User Charges and Service Fees for 2023",Main motion,Carried,6,0,1,Lisa Muri,Herman Mah,Absent,In favour,In favour,In favour,In favour,In favour,In favour,Taxes & spending; Public services; Utilities,,,,https://app.dnv.org/OpenDocument/Default.aspx?docNum=5907282,https://www.youtube.com/watch?v=6gDwL8MEY54&t=00h01m53s,https://councilrecord.ca/district.html#vote/6,"THAT ""Waterworks Regulation Bylaw 2279, 1958, Amendment Bylaw 8601, 2022 (Amendment 68)"" is ADOPTED."
2022-12-12,Special meeting,2.4,"Bylaw 8602: Sewer Bylaw 6656, 1994, Amendment Bylaw 8602, 2022 (Amendment 34) User Charges and Service Fees for 2023",Main motion,Carried,6,0,1,Jim Hanson,Betty Forbes,Absent,In favour,In favour,In favour,In favour,In favour,In favour,Taxes & spending; Public services; Utilities,,,,https://app.dnv.org/OpenDocument/Default.aspx?docNum=5907282,https://www.youtube.com/watch?v=6gDwL8MEY54&t=00h02m10s,https://councilrecord.ca/district.html#vote/7,"THAT ""Sewer Bylaw 6656, 1994, Amendment Bylaw 8602, 2022 (Amendment 34)"" is ADOPTED."
2022-12-12,Special meeting,2.5,"Bylaw 8603: Solid Waste Collection and Service Fees 2033, Bylaw 8603",Main motion,Carried,6,0,1,Herman Mah,Catherine Pope,Absent,In favour,In favour,In favour,In favour,In favour,In favour,Taxes & spending; Public services; Utilities,,,,https://app.dnv.org/OpenDocument/Default.aspx?docNum=5907282,https://www.youtube.com/watch?v=6gDwL8MEY54&t=00h02m28s,https://councilrecord.ca/district.html#vote/8,"THAT ""Solid Waste Management Bylaw 8436, 2021, Amendment Bylaw 8603, 2022 (Amendment 2)"" is ADOPTED."
2022-12-12,Special meeting,2.6,Bylaw 8598: Proposed Amendment to Schedule A of Construction Bylaw 8271,Main motion,Carried,6,0,1,Jim Hanson,Betty Forbes,Absent,In favour,In favour,In favour,In favour,In favour,In favour,Development; Taxes & spending,,,,https://app.dnv.org/OpenDocument/Default.aspx?docNum=5907282,https://www.youtube.com/watch?v=6gDwL8MEY54&t=00h02m44s,https://councilrecord.ca/district.html#vote/9,"THAT ""Construction Bylaw 8271, 2017, Amendment Bylaw 8598, 2022 (Amendment 2)"" is ADOPTED."
2023-01-09,Regular meeting,8.1,Rezoning: Proposed Cannabis Retail Store at Unit 124-1199 Lynn Valley Road,Main motion,Carried,7,0,0,,,In favour,In favour,In favour,In favour,In favour,In favour,In favour,Development; Neighbourhood character; Business & economy,,,,https://app.dnv.org/OpenDocument/Default.aspx?docNum=5907278,https://www.youtube.com/watch?v=1nWacbD2pXA&t=00h35m17s,https://councilrecord.ca/district.html#vote/47,"THAT ""District of North Vancouver Rezoning Bylaw 1423 (Bylaw 8607)"" is given FIRST Reading; AND THAT ""District of North Vancouver Rezoning Bylaw 1423 (Bylaw 8607)"" is referred to a Public Hearing."
2023-01-09,Regular meeting,8.2,Voting Transparency,Main motion,Carried,7,0,0,,,In favour,In favour,In favour,In favour,In favour,In favour,In favour,Governance & elections,,,,https://app.dnv.org/OpenDocument/Default.aspx?docNum=5907278,https://www.youtube.com/watch?v=1nWacbD2pXA&t=00h52m16s,https://councilrecord.ca/district.html#vote/48,THAT Council direct staff to report back on the feasibility of creating information on Council voting records for the District of North Vancouver webpage.
2023-01-09,Regular meeting,8.3,Housing Central Pledge,Main motion,Carried,4,3,0,,,Against,In favour,Against,In favour,In favour,Against,In favour,Housing & density,,,,https://app.dnv.org/OpenDocument/Default.aspx?docNum=5907278,https://www.youtube.com/watch?v=1nWacbD2pXA&t=01h14m23s,https://councilrecord.ca/district.html#vote/49,THAT Council support the Make Housing Central Pledge; AND THAT Council direct staff to report back with recommendations for the District of North Vancouver to implement each aspect of the pledge.
2023-01-09,Regular meeting,8.4,Edgemont Boulevard 30K Pilot and Traffic Strategy,Main motion,Carried,7,0,0,,,In favour,In favour,In favour,In favour,In favour,In favour,In favour,Transportation,,,,https://app.dnv.org/OpenDocument/Default.aspx?docNum=5907278,https://www.youtube.com/watch?v=1nWacbD2pXA&t=01h43m01s,https://councilrecord.ca/district.html#vote/50,"THAT Council direct staff to implement a 30 kilometre per hour speed limit on Edgemont Boulevard between Ridgewood Drive and Queens Road for the duration of one year as a pilot program to be implemented as soon as possible; AND THAT Council direct staff to consult with the Edgemont Village Business Association and Edgemont and Upper Capilano Community Association to inform a traffic analysis to address the impact of speed, volume and circulation in Edgemont Village and surrounding areas; AND FINALLY that Council direct staff to report back on the pilot program and consultation for a traffic analysis."
2023-01-09,Regular meeting,8.5,East 29th Street Delineator,Referral,Carried,7,0,0,,,In favour,In favour,In favour,In favour,In favour,In favour,In favour,Transportation,,,,https://app.dnv.org/OpenDocument/Default.aspx?docNum=5907278,https://www.youtube.com/watch?v=1nWacbD2pXA&t=01h57m41s,https://councilrecord.ca/district.html#vote/51,THAT Item 8.5 East 29th Street Delineator is referred to a Council Workshop.
2023-01-23,Regular meeting,8.1,"Outdoor Sports Facilities: Fees and Charges Bylaw Amendment 8609, 2022",Referral,Carried,6,1,0,Catherine Pope,Jordan Back,In favour,In favour,In favour,Against,In favour,In favour,In favour,Taxes & spending; Parks & recreation,,,The District voting register records this vote as unanimous. The official meeting minutes record Councillor Hanson as opposed.,https://app.dnv.org/OpenDocument/Default.aspx?docNum=5931650,https://www.youtube.com/watch?v=OACEd7xaA-Y&t=00h22m12s,https://councilrecord.ca/district.html#vote/53,"THAT item 8.1 Outdoor Sports Facilities: Fees and Charges Bylaw Amendment 8609, 2022 is referred back to staff."
2023-01-23,Regular meeting,8.2,Outdoor Customer Service Areas (OCSA): Regulation Changes and Process Improvements,Main motion,Carried,7,0,0,Jordan Back,Herman Mah,In favour,In favour,In favour,In favour,In favour,In favour,In favour,Development,,,,https://app.dnv.org/OpenDocument/Default.aspx?docNum=5931650,https://www.youtube.com/watch?v=OACEd7xaA-Y&t=00h48m16s,https://councilrecord.ca/district.html#vote/63,"THAT ""District of North Vancouver Rezoning Bylaw 1422 (Bylaw 8604)"" is given FIRST Reading; AND THAT ""Business Licence Bylaw 4567, 1974, Amendment Bylaw 8612, 2023 (Amendment 51)"" is given FIRST Reading; AND THAT Bylaw 8604 is referred to a Public Hearing; AND THAT Bylaw 8612 is referred to a Public Input Opportunity; AND THAT Council support a request with the BC Liquor and Cannabis Regulation Branch requesting an extension of existing Temporary Expanded Service Area authorizations in the District of North Vancouver to September 30, 2023."
2023-01-23,Regular meeting,8.3,Development Variance Permit Delegation,Main motion,Carried,7,0,0,Mike Little,Lisa Muri,In favour,In favour,In favour,In favour,In favour,In favour,In favour,Development,,,,https://app.dnv.org/OpenDocument/Default.aspx?docNum=5931650,https://www.youtube.com/watch?v=OACEd7xaA-Y&t=01h39m38s,https://councilrecord.ca/district.html#vote/64,"THAT ""Development Procedures Bylaw 8144, 2017 Amendment Bylaw 8610, 2022 (Amendment 2)"" is given FIRST and SECOND Readings; AND THAT ""Fees and Charges Bylaw 6481, 1992, Amendment Bylaw 8611, 2022 (Amendment 85)"" is given FIRST and SECOND Readings; AND THAT subject to adoption of Bylaws 8610 and 8611 the proposed amendment to the Non-Statutory Public Consultation for Development Applications Policy is APPROVED."
2023-01-23,Regular meeting,8.4,Reports by Council Representatives on Board and Committee Corporate Policy,Main motion,Carried,7,0,0,Lisa Muri,Mike Little,In favour,In favour,In favour,In favour,In favour,In favour,In favour,Governance & elections,,,,https://app.dnv.org/OpenDocument/Default.aspx?docNum=5931650,https://www.youtube.com/watch?v=OACEd7xaA-Y&t=02h13m51s,https://councilrecord.ca/district.html#vote/65,THAT Reports by Council Representatives Corporate Policy is rescinded.
2023-01-23,Regular meeting,8.5,Lynn Canyon Park Pay Parking Pilot Program: Review and Recommendations,Main motion,Carried,7,0,0,Lisa Muri,Mike Little,In favour,In favour,In favour,In favour,In favour,In favour,In favour,Transportation; Parks & recreation,,,,https://app.dnv.org/OpenDocument/Default.aspx?docNum=5931650,https://www.youtube.com/watch?v=OACEd7xaA-Y&t=02h20m24s,https://councilrecord.ca/district.html#vote/66,"THAT a pay parking program is established at Lynn Canyon Park as described in the January 5, 2023 report of the Parks Planner entitled Lynn Canyon Park Pay Parking Pilot Program: Review & Recommendations; AND THAT staff is directed to develop a pay parking program for Deep Cove Park and Panorama Park and bring forward the proposed program for Council consideration; AND THAT staff is directed to explore a pay parking program for Cates Park/Whey-ah-Wichen."
2023-01-23,Regular meeting,8.6,2023 Housing Policy Initiatives,Procedural,Carried,7,0,0,Lisa Muri,Mike Little,In favour,In favour,In favour,In favour,In favour,In favour,In favour,Housing & density,,,,https://app.dnv.org/OpenDocument/Default.aspx?docNum=5931650,https://www.youtube.com/watch?v=OACEd7xaA-Y&t=02h57m51s,https://councilrecord.ca/district.html#vote/67,"THAT the January 9, 2023 report of the Community Planners entitled 2023 Housing Policy Initiatives is received for information."
2023-01-23,Regular meeting,8.7,2023 Social Service Grants: Core Funded Agencies,Main motion,Carried,7,0,0,Lisa Muri,Herman Mah,In favour,In favour,In favour,In favour,In favour,In favour,In favour,Taxes & spending,,,,https://app.dnv.org/OpenDocument/Default.aspx?docNum=5931650,https://www.youtube.com/watch?v=OACEd7xaA-Y&t=03h34m08s,https://councilrecord.ca/district.html#vote/68,"THAT a budget of $1,666,569 is approved for social service core funding grants in 2023, and disbursed to agencies in accordance with the January 9, 2023 report of the Community Planner entitled 2023 Social Service Grants: Core Funded Agencies."
2023-02-06,Council workshop,3.1,Council Workshop on Cycling in the District and E 29th Street,Main motion,Carried,7,0,0,Lisa Muri,Jim Hanson,In favour,In favour,In favour,In favour,In favour,In favour,In favour,Transportation; Governance & elections,,,,https://app.dnv.org/OpenDocument/Default.aspx?docNum=6151092,https://www.youtube.com/watch?v=bB_EHU9rm0Y&t=02h06m51s,https://councilrecord.ca/district.html#vote/11,"THAT staff deliver 'parking pocket' solutions on both the north and south sides of E 29th St that retain the existing cycling and sidewalk facilities while addressing accessibility needs of adjacent residents; THAT staff are to allocate a capital budget for these works within the 2023 financial planning process; THAT staff investigate Provincial Government funding to support this project; and, THAT staff consult with affected residents."
2023-02-13,Special meeting,8.1,Development Permit 46.17: 2672 Panorama Drive,Main motion,Carried,4,3,0,Mike Little,Herman Mah,In favour,In favour,Against,Against,In favour,Against,In favour,Development,,,,https://app.dnv.org/OpenDocument/Default.aspx?docNum=5949996,https://www.youtube.com/watch?v=bD_COeGrFSw&t=00h20m33s,https://councilrecord.ca/district.html#vote/12,THAT Development Permit 46.17 with variances to allow for the construction of a new house and parking structure located at 2672 Panorama drive is ISSUED.
2023-02-13,Special meeting,8.2,Bylaws 8610 and 8611: Development Procedures Bylaw and Fees and Charges Bylaw Amendments for Development Variance Permit Delegation,Main motion,Carried,7,0,0,Mike Little,Jordan Back,In favour,In favour,In favour,In favour,In favour,In favour,In favour,Development; Taxes & spending,,,,https://app.dnv.org/OpenDocument/Default.aspx?docNum=5949996,https://www.youtube.com/watch?v=bD_COeGrFSw&t=00h58m26s,https://councilrecord.ca/district.html#vote/13,"THAT ""Development Procedures Bylaw 8144, 2017 Amendment Bylaw 8610, 2022 (Amendment 2)"" is given THIRD Reading; AND THAT ""Fees and Charges Bylaw 6481, 1992, Amendment Bylaw 8611, 2022 (Amendment 85)"" is given THIRD Reading."
2023-02-13,Special meeting,8.3,2023 Budget Introduction and Draft Financial Plan Workbook,Procedural,Carried,7,0,0,Mike Little,Lisa Muri,In favour,In favour,In favour,In favour,In favour,In favour,In favour,Taxes & spending,,,,https://app.dnv.org/OpenDocument/Default.aspx?docNum=5949996,https://www.youtube.com/watch?v=bD_COeGrFSw&t=01h06m20s,https://councilrecord.ca/district.html#vote/14,THAT the Draft 2023-2027 Financial Plan Workbook is received for information.
2023-02-13,Special meeting,8.4,2023 Economic Development Initiatives,Main motion,Carried,7,0,0,Lisa Muri,Herman Mah,In favour,In favour,In favour,In favour,In favour,In favour,In favour,Business & economy,,,,https://app.dnv.org/OpenDocument/Default.aspx?docNum=5949996,https://www.youtube.com/watch?v=bD_COeGrFSw&t=01h29m20s,https://councilrecord.ca/district.html#vote/15,"THAT the proposed 2023 Economic Development Initiatives as outlined in the January 27, 2023 report of the Business Services and Economic Development Manager entitled 2023 Economic Development Initiatives are endorsed."
2023-02-27,Regular meeting,8.4,Bylaw 8607: Rezoning: Proposed Cannabis Retail Store at Unit 124-1199 Lynn Valley Road,Main motion,Carried,6,1,0,Jim Hanson,Lisa Muri,In favour,In favour,Against,In favour,In favour,In favour,In favour,Development; Neighbourhood character; Business & economy,2 of 2,,,https://app.dnv.org/OpenDocument/Default.aspx?docNum=5968069,https://www.youtube.com/watch?v=hvT1u3x1M0g&t=00h47m02s,https://councilrecord.ca/district.html#vote/19,"THAT ""District of North Vancouver Rezoning Bylaw 1423 (Bylaw 8607)"" is ADOPTED."
2023-02-27,Regular meeting,8.5,"Bylaws 8561, 8562, and 8563: Official Community Plan Amendment, Rezoning, and Housing Agreement for a Revised Application for a Mixed-Use Development at 1310 Monashee Drive",Main motion,Carried,5,2,0,Mike Little,Herman Mah,In favour,In favour,Against,In favour,In favour,Against,In favour,Housing & density; Development,1 of 2,,,https://app.dnv.org/OpenDocument/Default.aspx?docNum=5968069,https://www.youtube.com/watch?v=hvT1u3x1M0g&t=01h03m32s,https://councilrecord.ca/district.html#vote/20,"THAT ""District of North Vancouver Official Community Plan 7900, 2011 Amendment Bylaw 8561, 2022 (Amendment 47)"" is given SECOND and THIRD Readings; AND THAT ""District of North Vancouver Rezoning Bylaw 1416 (Bylaw 8562)"" is given SECOND and THIRD Readings; AND THAT ""Housing Agreement Bylaw 8563, 2022 (1310 Monashee Drive: Market and Non-Market Rental Housing)"" is given SECOND and THIRD Readings; AND THAT ""Phased Development Agreement Bylaw 8606, 2022 (1310 Monashee Drive)"" is given SECOND and THIRD Readings."
2023-02-27,Regular meeting,8.5,"Bylaws 8561, 8562, and 8563: Official Community Plan Amendment, Rezoning, and Housing Agreement for a Revised Application for a Mixed-Use Development at 1310 Monashee Drive",Main motion,Carried,6,1,0,Lisa Muri,Jim Hanson,In favour,In favour,In favour,In favour,Against,In favour,In favour,Housing & density; Development,2 of 2,,,https://app.dnv.org/OpenDocument/Default.aspx?docNum=5968069,https://www.youtube.com/watch?v=hvT1u3x1M0g&t=01h03m32s,https://councilrecord.ca/district.html#vote/21,THAT Council recommends to the approving officer that an independent peer review be completed by BGC Engineering.
2023-02-27,Regular meeting,8.6,Proposed Engagement: Updated Part 9 Step Code Building Requirements,Main motion,Carried,7,0,0,Lisa Muri,Herman Mah,In favour,In favour,In favour,In favour,In favour,In favour,In favour,Development; Environment & climate,,,,https://app.dnv.org/OpenDocument/Default.aspx?docNum=5968069,https://www.youtube.com/watch?v=hvT1u3x1M0g&t=01h37m56s,https://councilrecord.ca/district.html#vote/22,"THAT staff is directed to engage with industry stakeholders on proposed updates to the District's Part 9 Step Code building requirements as detailed in the February 7, 2023, joint report of the Assistant General Manager, Regulatory Review and Compliance and Sustainability Planner entitled Proposed Engagement: Updated Part 9 Step Code Building Requirements."
2023-02-27,Regular meeting,8.7,Application to UBCM's Disaster Risk Reduction: Climate Adaptation Funding Stream for Updated Coastal Flood Hazard Maps,Main motion,Carried,7,0,0,Lisa Muri,Catherine Pope,In favour,In favour,In favour,In favour,In favour,In favour,In favour,Taxes & spending; Environment & climate; Governance & elections,,,,https://app.dnv.org/OpenDocument/Default.aspx?docNum=5968069,https://www.youtube.com/watch?v=hvT1u3x1M0g&t=01h47m55s,https://councilrecord.ca/district.html#vote/23,"THAT Council supports an application to the Union of BC Municipalities (UBCM) Disaster Risk Reduction: Climate Adaptation funding stream for updated flood hazard maps for coastal lands from the road allowance, immediately west of the 3700 block Dollarton Highway, to the north-eastern point of the District in Indian Arm."
2023-02-27,Regular meeting,8.8,Delbrook Road Design,Main motion,Carried,7,0,0,Jordan Back,Lisa Muri,In favour,In favour,In favour,In favour,In favour,In favour,In favour,Public services,,,,https://app.dnv.org/OpenDocument/Default.aspx?docNum=5968069,https://www.youtube.com/watch?v=hvT1u3x1M0g&t=01h59m42s,https://councilrecord.ca/district.html#vote/24,THAT Council direct staff to report back on engineering and road design options for enhanced safety along the Delbrook Road corridor in an effort to slow traffic and make the corridor safer for all users.
2023-02-27,Regular meeting,8.9,UBCM Resolution: Rights of Tenants Facing Displacement through Redevelopment,Main motion,Carried,7,0,0,Lisa Muri,Jordan Back,In favour,In favour,In favour,In favour,In favour,In favour,In favour,Housing & density; Governance & elections,,,,https://app.dnv.org/OpenDocument/Default.aspx?docNum=5968069,https://www.youtube.com/watch?v=hvT1u3x1M0g&t=02h17m57s,https://councilrecord.ca/district.html#vote/57,"THAT the UBCM resolution 'Rights of Tenants Facing Displacement through Redevelopment' is supported for LMLGA consideration: WHEREAS vulnerable tenants are evicted from low-cost rental homes for redevelopment purposes; AND WHEREAS there are insufficient protections within the Residential Tenancy Act for tenants to be rehomed in the redeveloped properties they were evicted from; THEREFORE BE IT RESOLVED that Government of British Columbia enable legislative change to require developers who evict residents from low-cost rental homes to allow tenants right of first refusal to return to the developed property at either their rental rate at time of eviction or a discounted rental rate, and, should no rental units be part of the redeveloped site, with an option for right of first refusal with a purchase discount option. AND BE IT FURTHER RESOLVED that the Residential Tenancy Act and any other applicable legislative change be enacted to allow the enhanced rights of tenants in British Columbia and that a Municipal Guide for Tenant Relocation Policies be provided to local governments."
2023-02-27,Regular meeting,8.1,Climate Ready Municipal Buildings Policy,Main motion,Carried,7,0,0,Lisa Muri,Jordan Back,In favour,In favour,In favour,In favour,In favour,In favour,In favour,Development; Environment & climate,,,,https://app.dnv.org/OpenDocument/Default.aspx?docNum=5968069,https://www.youtube.com/watch?v=hvT1u3x1M0g&t=00h34m51s,https://councilrecord.ca/district.html#vote/70,"THAT the Climate Ready Municipal Buildings Policy as attached to the January 31, 2023 joint report of the Sustainability Planner and Section Manager: Facilities entitled Climate Ready Municipal Buildings Policy is approved; AND THAT the Energy Efficiency Policy is rescinded; AND THAT the Green Building Policy: Municipal Buildings is rescinded."
2023-02-27,Regular meeting,8.2,2023 Parcel Tax Roll Review Panel,Main motion,Carried,7,0,0,Mike Little,Lisa Muri,In favour,In favour,In favour,In favour,In favour,In favour,In favour,Taxes & spending,,,,https://app.dnv.org/OpenDocument/Default.aspx?docNum=5968069,https://www.youtube.com/watch?v=hvT1u3x1M0g&t=00h32m30s,https://councilrecord.ca/district.html#vote/71,"THAT, pursuant to section 208(8) of the Community Charter, the sitting of the 2023 Parcel Tax Roll Review Panel (if required) will be held in the Council Chamber of the District of North Vancouver District Hall at 4:30 pm on Monday, April 17, 2023."
2023-02-27,Regular meeting,8.3,Bylaws 8610 and 8611: Development Procedures Bylaw and Fees and Charges Bylaw Amendments for Development Variance Permit Delegation,Main motion,Carried,7,0,0,Mike Little,Lisa Muri,In favour,In favour,In favour,In favour,In favour,In favour,In favour,Development; Taxes & spending,,,,https://app.dnv.org/OpenDocument/Default.aspx?docNum=5968069,https://www.youtube.com/watch?v=hvT1u3x1M0g&t=00h32m30s,https://councilrecord.ca/district.html#vote/72,"THAT ""Development Procedures Bylaw 8144, 2017 Amendment Bylaw 8610, 2022 (Amendment 2)"" is ADOPTED; AND THAT ""Fees and Charges Bylaw 6481, 1992, Amendment Bylaw 8611, 2022 (Amendment 85)"" is ADOPTED."
2023-02-27,Regular meeting,8.4,Bylaw 8607: Rezoning: Proposed Cannabis Retail Store at Unit 124-1199 Lynn Valley Road,Main motion,Carried,6,1,0,Jim Hanson,Lisa Muri,In favour,In favour,Against,In favour,In favour,In favour,In favour,Development; Neighbourhood character; Business & economy,1 of 2,,,https://app.dnv.org/OpenDocument/Default.aspx?docNum=5968069,https://www.youtube.com/watch?v=hvT1u3x1M0g&t=00h47m02s,https://councilrecord.ca/district.html#vote/73,"THAT ""District of North Vancouver Rezoning Bylaw 1423 (Bylaw 8607)"" is given SECOND and THIRD Readings."
2023-03-13,Regular meeting,8.4,Local Elections Campaign Financing Act Disqualification Notice Michael Gerald Petersen,Procedural,Carried,6,0,1,Mike Little,Jordan Back,In favour,In favour,In favour,In favour,In favour,Absent,In favour,Governance & elections,,,,https://app.dnv.org/OpenDocument/Default.aspx?docNum=5982126,https://www.youtube.com/watch?v=05bGeLtnL8s&t=00h16m03s,https://councilrecord.ca/district.html#vote/33,"THAT the February 21, 2023 report of the Deputy Municipal Clerk entitled Local Elections Campaign Financing Act Disqualification Notice, Michael Gerald Petersen, is received for information."
2023-03-13,Regular meeting,8.5,UBCM Poverty Reduction Planning and Action Program: North Shore Poverty Reduction Strategy and 2023 North Shore Stream 2 Application,Main motion,Carried,6,0,1,Jim Hanson,Jordan Back,In favour,In favour,In favour,In favour,In favour,Absent,In favour,Public services; Governance & elections,,,,https://app.dnv.org/OpenDocument/Default.aspx?docNum=5982126,https://www.youtube.com/watch?v=05bGeLtnL8s&t=00h20m53s,https://councilrecord.ca/district.html#vote/34,"THAT the North Shore Poverty Reduction Strategy, dated January 2023, is endorsed; AND THAT staff is directed to work with the City of North Vancouver and the District of West Vancouver to submit a joint regional application for the North Shore under Stream 2 of the UBCM Poverty Reduction Planning and Action Program for the 2023 intake."
2023-03-13,Regular meeting,8.1,Bylaws 8604 and 8612: Outdoor Customer Service Areas (OCSA) Regulation Changes and Process Improvements,Main motion,Carried,6,0,1,Mike Little,Jim Hanson,In favour,In favour,In favour,In favour,In favour,Absent,In favour,Development,,,,https://app.dnv.org/OpenDocument/Default.aspx?docNum=5982126,https://www.youtube.com/watch?v=05bGeLtnL8s&t=00h16m55s,https://councilrecord.ca/district.html#vote/60,"THAT ""District of North Vancouver Rezoning Bylaw 1422 (Bylaw 8604)"" is given SECOND and THIRD Readings; AND THAT ""Business Licence Bylaw 4567, 1974, Amendment Bylaw 8612, 2023 (Amendment 51)"" is given SECOND and THIRD Readings."
2023-03-13,Regular meeting,8.2,"Licensing and Film Fees: Fees and Charges Bylaw Amendment Bylaw 8613, 2023",Main motion,Carried,6,0,1,Mike Little,Jordan Back,In favour,In favour,In favour,In favour,In favour,Absent,In favour,Taxes & spending; Business & economy,,,,https://app.dnv.org/OpenDocument/Default.aspx?docNum=5982126,https://www.youtube.com/watch?v=05bGeLtnL8s&t=00h16m03s,https://councilrecord.ca/district.html#vote/61,"THAT ""Fees and Charges Bylaw 6481, 1992 Amendment Bylaw 8613, 2023 (Amendment 86)"" is given FIRST, SECOND, and THIRD Readings."
2023-03-13,Regular meeting,8.3,2023 Council Meeting Schedule Amendment,Main motion,Carried,6,0,1,Mike Little,Jordan Back,In favour,In favour,In favour,In favour,In favour,Absent,In favour,Governance & elections,,,,https://app.dnv.org/OpenDocument/Default.aspx?docNum=5982126,https://www.youtube.com/watch?v=05bGeLtnL8s&t=00h16m03s,https://councilrecord.ca/district.html#vote/62,"THAT the 2023 Council Meeting Schedule is amended with respect to the May 29, 2023 Council Workshop and the October 2, 2023 Regular Meeting of Council as outlined in the February 13, 2023 report of the Confidential Council Clerk entitled 2023 Council Meeting Schedule Amendment."
2023-03-27,Special meeting,3.1,2023-2027 Financial Plan Bylaw,Main motion,Carried,7,0,0,Mike Little,Jim Hanson,In favour,In favour,In favour,In favour,In favour,In favour,In favour,Taxes & spending,1 of 2,,,https://app.dnv.org/OpenDocument/Default.aspx?docNum=5989952,https://www.youtube.com/watch?v=PMlskmSXclY&t=00h02m17s,https://councilrecord.ca/district.html#vote/35,"THAT ""2023-2027 Financial Plan Bylaw 8619, 2023"" is given FIRST, SECOND, and THIRD Readings."
2023-03-27,Special meeting,3.1,2023-2027 Financial Plan Bylaw,Main motion,Carried,6,1,0,Catherine Pope,Jordan Back,In favour,In favour,Against,In favour,In favour,In favour,In favour,Taxes & spending,2 of 2,,,https://app.dnv.org/OpenDocument/Default.aspx?docNum=5989952,https://www.youtube.com/watch?v=PMlskmSXclY&t=00h02m17s,https://councilrecord.ca/district.html#vote/36,THAT staff are directed to reallocate the construction budget for one artificial turf gravel field conversion to the active transportation budget.
2023-04-03,Regular meeting,8.1,Bylaw 8619: 2023-2027 Financial Plan Bylaw,Main motion,Carried,7,0,0,Mike Little,Jordan Back,In favour,In favour,In favour,In favour,In favour,In favour,In favour,Taxes & spending,,,,https://app.dnv.org/OpenDocument/Default.aspx?docNum=6015762,https://www.youtube.com/watch?v=8-00gM0gYXE&t=00h36m39s,https://councilrecord.ca/district.html#vote/25,"THAT ""2023-2027 Financial Plan Approval Bylaw 8619, 2023"" is ADOPTED."
2023-04-03,Regular meeting,8.2,Bylaws 8604 and 8612: Outdoor Customer Service Areas (OCSA): Regulation Changes and Process Improvements,Main motion,Carried,7,0,0,Mike Little,Jordan Back,In favour,In favour,In favour,In favour,In favour,In favour,In favour,Taxes & spending,,,,https://app.dnv.org/OpenDocument/Default.aspx?docNum=6015762,https://www.youtube.com/watch?v=8-00gM0gYXE&t=00h36m39s,https://councilrecord.ca/district.html#vote/26,"THAT ""District of North Vancouver Rezoning 1422 (Bylaw 8604)"" is ADOPTED; AND THAT ""Business Licence Bylaw 4567, 1974, Amendment Bylaw 8612, 2023 Amendment 51)"" is ADOPTED."
2023-04-03,Regular meeting,8.3,"Bylaw 8613: Licensing and Film Fees: Fees and Charges Bylaw Amendment 8613, 2023",Main motion,Carried,7,0,0,Mike Little,Jordan Back,In favour,In favour,In favour,In favour,In favour,In favour,In favour,Taxes & spending; Business & economy,,,,https://app.dnv.org/OpenDocument/Default.aspx?docNum=6015762,https://www.youtube.com/watch?v=8-00gM0gYXE&t=00h36m39s,https://councilrecord.ca/district.html#vote/27,"THAT ""Fees and Charges Bylaw 6481, 1992 Amendment Bylaw 8613, 2023 (Amendment 86)"" is ADOPTED."
2023-04-03,Regular meeting,8.4,Amendments to the Use of Voting Recorders at Elections Bylaw,Main motion,Carried,7,0,0,Lisa Muri,Herman Mah,In favour,In favour,In favour,In favour,In favour,In favour,In favour,Governance & elections,,,,https://app.dnv.org/OpenDocument/Default.aspx?docNum=6015762,https://www.youtube.com/watch?v=8-00gM0gYXE&t=00h37m16s,https://councilrecord.ca/district.html#vote/28,"THAT ""Use of Voting Recorders at Elections Bylaw 6877, 1996 Amendment Bylaw 8614, 2023 (Amendment 3)"" is given FIRST, SECOND and THIRD Readings."
2023-04-03,Regular meeting,8.5,NVDPL Electric Cargo & Utility Bike Share Pilot Program,Main motion,Carried,7,0,0,Jordan Back,Catherine Pope,In favour,In favour,In favour,In favour,In favour,In favour,In favour,Transportation; Environment & climate,,,,https://app.dnv.org/OpenDocument/Default.aspx?docNum=6015762,https://www.youtube.com/watch?v=8-00gM0gYXE&t=00h38m56s,https://councilrecord.ca/district.html#vote/29,"THAT Council direct staff to report back on an electric cargo and utility bike lending pilot program, beginning in Summer 2023, for an approximate duration of two years that would be facilitated by the District of North Vancouver Public Libraries. AND THAT the matter is forwarded to the North Vancouver District Public Library Board for their consideration."
2023-04-17,Regular meeting,8.1,Bylaw 8614: Amendments to the Use of Voting Recorders at Elections Bylaw,Main motion,Carried,7,0,0,Lisa Muri,Herman Mah,In favour,In favour,In favour,In favour,In favour,In favour,In favour,Governance & elections,,,,https://app.dnv.org/OpenDocument/Default.aspx?docNum=6015758,https://www.youtube.com/watch?v=nFpu5sRS4KM&t=00h44m30s,https://councilrecord.ca/district.html#vote/81,"THAT ""Use of Voting Recorders at Elections Bylaw 6877, 1996 Amendment Bylaw 8614, 2023 (Amendment 3)"" is ADOPTED."
2023-04-17,Regular meeting,8.2,"Expanding the Inter-Municipal Transportation Network Services Business Licence Scheme to Hope, Kent and Mission",Main motion,Carried,7,0,0,Lisa Muri,Herman Mah,In favour,In favour,In favour,In favour,In favour,In favour,In favour,Transportation; Parks & recreation; Business & economy,,,,https://app.dnv.org/OpenDocument/Default.aspx?docNum=6015758,https://www.youtube.com/watch?v=nFpu5sRS4KM&t=00h44m50s,https://councilrecord.ca/district.html#vote/82,"THAT ""Inter-Municipal Transportation Network Services Business Licence Agreement Bylaw 8617, 2023"" is given FIRST, SECOND and THIRD Readings; AND THAT ""Inter-Municipal Transportation Network Services Business Licence Bylaw 8618, 2023"" is given FIRST, SECOND and THIRD Readings; AND THAT Council authorize Mayor and Clerk to execute the Inter-Municipal TNS Business Licence Agreement attached as Schedule A to Bylaw 8617."
2023-04-17,Regular meeting,8.3,2023 Centennial Bursary Trust Fund,Main motion,Carried,7,0,0,Mike Little,Lisa Muri,In favour,In favour,In favour,In favour,In favour,In favour,In favour,Taxes & spending,,,,https://app.dnv.org/OpenDocument/Default.aspx?docNum=6015758,https://www.youtube.com/watch?v=nFpu5sRS4KM&t=00h48m35s,https://councilrecord.ca/district.html#vote/83,THAT bursaries are awarded to fourteen students from the District of North Vancouver in the amount of $840 per bursary.
2023-04-17,Regular meeting,8.4,Development Permit 52.19: 405-475 Marie Place,Main motion,Carried,7,0,0,Mike Little,Jordan Back,In favour,In favour,In favour,In favour,In favour,In favour,In favour,Development,,,,https://app.dnv.org/OpenDocument/Default.aspx?docNum=6015758,https://www.youtube.com/watch?v=nFpu5sRS4KM&t=00h50m45s,https://councilrecord.ca/district.html#vote/84,THAT Development Permit 52.19 (Attachment 1) to allow for the construction of two six-storey buildings with 140 strata residential units at 405-475 Marie Place is ISSUED.
2023-04-17,Regular meeting,8.5,Regional Growth Strategy (Metro 2050) Adoption and Next Steps,Procedural,Carried,7,0,0,Lisa Muri,Mike Little,In favour,In favour,In favour,In favour,In favour,In favour,In favour,Housing & density,,,,https://app.dnv.org/OpenDocument/Default.aspx?docNum=6015758,https://www.youtube.com/watch?v=nFpu5sRS4KM&t=01h12m25s,https://councilrecord.ca/district.html#vote/85,"THAT the March 28, 2023 report of the Senior Community Planner entitled Regional Growth Strategy (Metro 2050) Adoption and Next Steps is received for information."
2023-04-17,Regular meeting,8.6,UBCM Community Emergency Preparedness Fund: 2022 Emergency Support Services,Main motion,Carried,7,0,0,Mike Little,Lisa Muri,In favour,In favour,In favour,In favour,In favour,In favour,In favour,Public services; Governance & elections; Public safety,,,,https://app.dnv.org/OpenDocument/Default.aspx?docNum=6015758,https://www.youtube.com/watch?v=nFpu5sRS4KM&t=01h25m11s,https://councilrecord.ca/district.html#vote/86,"THAT Council supports the submission of the application to the Community Emergency Preparedness (CEPF) under the stream of 2022 Emergency Support Services (ESS) for the Response Support Technical Integration project; AND THAT Council commits to the District of North Vancouver providing overall grant management for the project, on behalf of the City of North Vancouver and the District of West Vancouver."
2023-04-24,Special meeting,3.1,"Tax Rates Bylaw 8620, 2023",Main motion,Carried,7,0,0,Mike Little,Herman Mah,In favour,In favour,In favour,In favour,In favour,In favour,In favour,Taxes & spending,,,,https://app.dnv.org/OpenDocument/Default.aspx?docNum=6015761,https://www.youtube.com/watch?v=2kYyWfBjCy8&t=00h01m35s,https://councilrecord.ca/district.html#vote/74,"THAT ""Tax Rates Bylaw 8620, 2023"" is given FIRST, SECOND, and THIRD Readings."
2023-05-01,Regular meeting,8.1,Mandatory Review of Code of Conduct,Main motion,Carried,7,0,0,Mike Little,Betty Forbes,In favour,In favour,In favour,In favour,In favour,In favour,In favour,Governance & elections,,,,https://app.dnv.org/OpenDocument/Default.aspx?docNum=6041647,https://www.youtube.com/watch?v=yw_huA1JjYI&t=00h38m04s,https://councilrecord.ca/district.html#vote/77,"THAT, pursuant to section 113.1 of the Community Charter, the Council for the District of North Vancouver has considered its Code of Ethics policy and the prescribed principles set out in the Principles for Codes of Conduct Regulation and directs staff to work with Council on developing a new integrated code of conduct to be completed by December 31, 2023."
2023-05-01,Regular meeting,8.2,Outdoor Customer Service Areas: Municipal Property Corporate Policy,Main motion,Carried,7,0,0,Mike Little,Jim Hanson,In favour,In favour,In favour,In favour,In favour,In favour,In favour,Business & economy,,,,https://app.dnv.org/OpenDocument/Default.aspx?docNum=6041647,https://www.youtube.com/watch?v=yw_huA1JjYI&t=00h59m45s,https://councilrecord.ca/district.html#vote/78,"THAT Council approves the changes to the Outdoor Customer Service Areas: Municipal Property policy as outlined in this report dated April 4, 2023, and titled Outdoor Customer Service Areas: Municipal Property Policy, Corporate Policy."
2023-05-01,Regular meeting,8.3,Electric Vehicle Initiatives: Update and Strategy Development,Main motion,Carried,7,0,0,Jordan Back,Mike Little,In favour,In favour,In favour,In favour,In favour,In favour,In favour,Environment & climate,,,,https://app.dnv.org/OpenDocument/Default.aspx?docNum=6041647,https://www.youtube.com/watch?v=yw_huA1JjYI&t=01h27m39s,https://councilrecord.ca/district.html#vote/87,"THAT staff is directed to proceed with the development of an Electric Vehicle Strategy as detailed in the April 20, 2023 report of the Sustainability Planner, Climate Action, Natural Systems and Biodiversity entitled Electric Vehicle Initiatives: Update and Strategy Development."
2023-05-01,Regular meeting,8.4,UBCM Community Emergency Preparedness Fund: 2023 Emergency Operations Centre,Main motion,Carried,7,0,0,Lisa Muri,Jordan Back,In favour,In favour,In favour,In favour,In favour,In favour,In favour,Public services; Governance & elections; Public safety,,,,https://app.dnv.org/OpenDocument/Default.aspx?docNum=6041647,https://www.youtube.com/watch?v=yw_huA1JjYI&t=01h45m40s,https://councilrecord.ca/district.html#vote/88,"THAT Council supports the submission of the application to the Community Emergency Preparedness Fund (CEPF) under the stream of 2023 Emergency Operations Centres & Training for the project titled 'Emergency Operations Centre (EOC) and Department Operations Centre (DOC) Interoperability Enhancements'; AND THAT Council commits to the District of North Vancouver providing overall grant management for the project, on behalf of the City of North Vancouver and the District of West Vancouver."
2023-05-01,Regular meeting,8.5,2023 FireSmart Community Funding and Supports Grant,Main motion,Carried,7,0,0,Lisa Muri,Herman Mah,In favour,In favour,In favour,In favour,In favour,In favour,In favour,Taxes & spending; Public services; Public safety,,,,https://app.dnv.org/OpenDocument/Default.aspx?docNum=6041647,https://www.youtube.com/watch?v=yw_huA1JjYI&t=01h49m00s,https://councilrecord.ca/district.html#vote/89,THAT Council support the 2023 FireSmart Community Funding & Supports Grant Application entitled 2023 DNVFRS FireSmart Community Risk Reduction and Resiliency Program.
2023-05-01,Regular meeting,8.6,Acting Mayor Date Change,Main motion,Carried,7,0,0,Herman Mah,Jim Hanson,In favour,In favour,In favour,In favour,In favour,In favour,In favour,Governance & elections,,,,https://app.dnv.org/OpenDocument/Default.aspx?docNum=6041647,https://www.youtube.com/watch?v=yw_huA1JjYI&t=01h53m20s,https://councilrecord.ca/district.html#vote/90,"THAT Councillor Jim Hanson is designated as Acting Mayor for the period of July 18, 2023 to July 26, 2023, inclusive; AND THAT Councillor Herman Mah is designated as Acting Mayor for the period of August 27, 2023 to September 4, 2023, inclusive."
2023-05-08,Special meeting,8.1,"Bylaw 8620: Tax Rates Bylaw 8620, 2023",Main motion,Carried,6,0,1,Jordan Back,Herman Mah,Absent,In favour,In favour,In favour,In favour,In favour,In favour,Taxes & spending,,,The District voting register records Mayor Little as voting in favour. The official meeting minutes list Mayor Little as absent from this meeting.,https://app.dnv.org/OpenDocument/Default.aspx?docNum=6041653,https://www.youtube.com/watch?v=KLJeK-0OnOU&t=00h00m56s,https://councilrecord.ca/district.html#vote/93,"THAT ""Tax Rates Bylaw 8620, 2023"" is ADOPTED."
2023-05-08,Special meeting,8.2,2022 Auditied Financial Statements,Main motion,Carried,6,0,1,Jordan Back,Betty Forbes,Absent,In favour,In favour,In favour,In favour,In favour,In favour,Taxes & spending,,,The District voting register records Mayor Little as voting in favour. The official meeting minutes list Mayor Little as absent from this meeting.,https://app.dnv.org/OpenDocument/Default.aspx?docNum=6041653,https://www.youtube.com/watch?v=KLJeK-0OnOU&t=00h01m13s,https://councilrecord.ca/district.html#vote/94,THAT the 2022 Audited Consolidated Financial Statements of the District of North Vancouver are considered and approved. THAT the 2022 Audited Financial Statements of the North Vancouver Recreation & Culture Commission are considered and approved.
2023-05-08,Special meeting,8.3,Filing under the Financial Information Act: 2022 Statement of Financial Information (SOFI),Main motion,Carried,6,0,1,Herman Mah,Jordan Back,Absent,In favour,In favour,In favour,In favour,In favour,In favour,Taxes & spending,,,The District voting register records Mayor Little as voting in favour. The official meeting minutes list Mayor Little as absent from this meeting.,https://app.dnv.org/OpenDocument/Default.aspx?docNum=6041653,https://www.youtube.com/watch?v=KLJeK-0OnOU&t=00h02m48s,https://councilrecord.ca/district.html#vote/107,THAT the 2022 Statement of Financial Information (SOFI) of the District of North Vancouver is approved.
2023-05-08,Special meeting,8.4,Council Remuneration and Expenses Paid During 2022,Main motion,Carried,6,0,1,Jim Hanson,Betty Forbes,Absent,In favour,In favour,In favour,In favour,In favour,In favour,Taxes & spending; Governance & elections,,,The District voting register records Mayor Little as voting in favour. The official meeting minutes list Mayor Little as absent from this meeting.,https://app.dnv.org/OpenDocument/Default.aspx?docNum=6041653,https://www.youtube.com/watch?v=KLJeK-0OnOU&t=00h03m37s,https://councilrecord.ca/district.html#vote/108,THAT the report Council Remuneration and Expenses Paid During 2022 is approved.
2023-05-15,Regular meeting,8.1,"Bylaws 8617 and 8618 Expanding the Inter-municipal Transportation Network Services Business Licence Scheme to Hope, Kent and Mission",Main motion,Carried,6,0,1,Jim Hanson,Jordan Back,Absent,In favour,In favour,In favour,In favour,In favour,In favour,Transportation; Parks & recreation; Business & economy; Governance & elections,,,,https://app.dnv.org/OpenDocument/Default.aspx?docNum=6047991,https://www.youtube.com/watch?v=ke1-66wYv6g&t=00h33m06s,https://councilrecord.ca/district.html#vote/110,"THAT ""Inter-Municipal Transportation Network Services Business Licence Agreement Bylaw 8617, 2023"" is ADOPTED; AND THAT ""Inter-Municipal Transportation Network Services Business Licence Bylaw 8618, 2023"" is ADOPTED."
2023-05-15,Regular meeting,8.2,"Bylaws 8623, 8622, 8624, 8625 OCP Amendment, Rezoning, Housing Agreement and Development Cost Charges (DCC) Waiver Bylaws for a Six-Storey Rental Building at 1541-1557 Bond Street",Main motion,Carried,5,1,1,Jim Hanson,Jordan Back,Absent,In favour,In favour,In favour,In favour,In favour,Against,Housing & density; Development,,,,https://app.dnv.org/OpenDocument/Default.aspx?docNum=6047991,https://www.youtube.com/watch?v=ke1-66wYv6g&t=00h33m32s,https://councilrecord.ca/district.html#vote/111,"THAT ""District of North Vancouver Official Community Plan Bylaw 7900, 2011, Amendment Bylaw 8623, 2023 (Amendment 48)"" is given FIRST Reading; AND THAT ""District of North Vancouver Rezoning Bylaw 1425 (Bylaw 8622)"" is given FIRST Reading; AND THAT ""Housing Agreement Bylaw (Rental Only) 8624, 2023"" is given FIRST Reading; AND THAT ""1541-1557 Bond Street Development Cost Charges Waiver Bylaw 8625, 2023"" is given FIRST Reading; AND THAT pursuant to Section 475 and Section 476 of the Local Government Act, additional consultation is not required beyond that already undertaken with respect to Bylaw 8623; AND THAT in accordance with Section 477 of the Local Government Act, Council has considered Bylaw 8623 in conjunction with its Financial Plan and applicable Waste Management Plans; AND THAT Bylaw 8623 and Bylaw 8622 are referred to a Public Hearing."
2023-05-15,Regular meeting,8.3,"Proposed Partial Highway Closure and Dedication Removal Bylaw 8621: ""1541-1557 Bond Street Highway Closure Bylaw 8621, 2023""",Main motion,Carried,6,0,1,Jordan Back,Jim Hanson,Absent,In favour,In favour,In favour,In favour,In favour,In favour,Development,,,,https://app.dnv.org/OpenDocument/Default.aspx?docNum=6047991,https://www.youtube.com/watch?v=ke1-66wYv6g&t=01h10m48s,https://councilrecord.ca/district.html#vote/112,"THAT ""1541-1557 Bond Street Highway Closure Bylaw 8621, 2023"" is given FIRST READING; AND THAT staff is authorized to publish notification for two consecutive weeks as per the provisions in the Community Charter."
2023-05-15,Regular meeting,8.4,Text Amendment Rezoning for a Hydrogen Liquefaction Facility at 100 Forester Street (Bylaw 8626),Main motion,Carried,5,1,1,Lisa Muri,Herman Mah,Absent,In favour,Against,In favour,In favour,In favour,In favour,Development; Business & economy,,,,https://app.dnv.org/OpenDocument/Default.aspx?docNum=6047991,https://www.youtube.com/watch?v=ke1-66wYv6g&t=01h11m16s,https://councilrecord.ca/district.html#vote/113,"THAT ""District of North Vancouver Rezoning Bylaw 1426 (Bylaw 8626)"" is given FIRST Reading; AND THAT ""District of North Vancouver Rezoning Bylaw 1426 (Bylaw 8626)"" is referred to a Public Hearing."
2023-06-05,Regular meeting,8.1,Proposed Changes to Secondary Suite Regulations,Amendment,Carried,6,0,1,Mike Little,Lisa Muri,In favour,In favour,Absent,In favour,In favour,In favour,In favour,Housing & density; Development,,,,https://app.dnv.org/OpenDocument/Default.aspx?docNum=6064883,https://www.youtube.com/watch?v=XvRHYQEdlB8&t=00h43m00s,https://councilrecord.ca/district.html#vote/114,"THAT ""District of North Vancouver Rezoning Bylaw 1412 (Bylaw 8525)"" is amended by striking all references to minimum secondary suite size and exterior entrance requirements."
2023-06-05,Regular meeting,8.1,Proposed Changes to Secondary Suite Regulations,Main motion,Carried,6,0,1,Mike Little,Jordan Back,In favour,In favour,Absent,In favour,In favour,In favour,In favour,Housing & density; Development,,,,https://app.dnv.org/OpenDocument/Default.aspx?docNum=6064883,https://www.youtube.com/watch?v=XvRHYQEdlB8&t=00h43m00s,https://councilrecord.ca/district.html#vote/115,"THAT ""District of North Vancouver Rezoning Bylaw 1412 (Bylaw 8525)"" is given FIRST Reading; AND THAT ""Bylaw Notice Enforcement Bylaw 7458, 2004, Amendment Bylaw 8531, 2021 (Amendment 64)"" is given FIRST Reading; AND THAT Bylaw 8525 is referred to a Public Hearing; AND THAT Council policy ""Secondary Suites and Family Residential Units (FRU's)"" is rescinded."
2023-06-05,Regular meeting,8.2,Development Variance Permit 52.22: 911 Drayton Street,Main motion,Carried,6,0,1,Lisa Muri,Catherine Pope,In favour,In favour,Absent,In favour,In favour,In favour,In favour,Development,,,,https://app.dnv.org/OpenDocument/Default.aspx?docNum=6064883,https://www.youtube.com/watch?v=XvRHYQEdlB8&t=01h33m00s,https://councilrecord.ca/district.html#vote/116,THAT Development Variance Permit 52.22 is amended to allow a variance for the retention of an existing driveway.
2023-06-05,Regular meeting,8.2,Development Variance Permit 52.22: 911 Drayton Street,Main motion,Carried,6,0,1,Mike Little,Lisa Muri,In favour,In favour,Absent,In favour,In favour,In favour,In favour,Development,,,,https://app.dnv.org/OpenDocument/Default.aspx?docNum=6064883,https://www.youtube.com/watch?v=XvRHYQEdlB8&t=01h33m00s,https://councilrecord.ca/district.html#vote/117,THAT Development Variance Permit 52.22 for a coach house at 911 Drayton Street is ISSUED.
2023-06-05,Regular meeting,8.3,Youth in Film: Bursary Awards,Main motion,Carried,6,0,1,Mike Little,Lisa Muri,In favour,In favour,Absent,In favour,In favour,In favour,In favour,Taxes & spending; Business & economy; Governance & elections,,,,https://app.dnv.org/OpenDocument/Default.aspx?docNum=6064883,https://www.youtube.com/watch?v=XvRHYQEdlB8&t=00h41m55s,https://councilrecord.ca/district.html#vote/118,THAT the Corporate Policy entitled Film Studies Bursary Program is APPROVED.
2023-06-05,Regular meeting,8.4,District Logo Use Policy,Main motion,Carried,6,0,1,Mike Little,Lisa Muri,In favour,In favour,Absent,In favour,In favour,In favour,In favour,Governance & elections,,,,https://app.dnv.org/OpenDocument/Default.aspx?docNum=6064883,https://www.youtube.com/watch?v=XvRHYQEdlB8&t=00h41m55s,https://councilrecord.ca/district.html#vote/119,THAT Use of the District Logo Corporate Policy is rescinded.
2023-06-05,Regular meeting,8.5,Electric Cargo Utility Bike Lending Program Update,Main motion,Carried,5,1,1,Jordan Back,Herman Mah,Against,In favour,Absent,In favour,In favour,In favour,In favour,Transportation; Parks & recreation,,,,https://app.dnv.org/OpenDocument/Default.aspx?docNum=6064883,https://www.youtube.com/watch?v=XvRHYQEdlB8&t=01h49m10s,https://councilrecord.ca/district.html#vote/120,"THAT Council direct staff to fund an electric cargo and utility bike lending pilot program that is facilitated by a third-party vendor for a net cost of $50,000, with funding from the Transportation and Mobility Reserve."
2023-06-05,Regular meeting,8.6,Make Housing Central Pledge: Existing and Future Implementation Actions,Procedural,Carried,6,0,1,Jim Hanson,Jordan Back,In favour,In favour,Absent,In favour,In favour,In favour,In favour,Housing & density,,,,https://app.dnv.org/OpenDocument/Default.aspx?docNum=6064883,https://www.youtube.com/watch?v=XvRHYQEdlB8&t=01h58m32s,https://councilrecord.ca/district.html#vote/121,"THAT the May 17, 2023 report of the Manager, Community Planner and Manager, Development Planning entitled Make Housing Central Pledge: Existing and Future Implementation Actions is received for information."
2023-06-05,Regular meeting,8.7,UBCM Community Emergency Preparedness Fund: 2023 Public Notification and Evacuation Route Planning,Main motion,Carried,6,0,1,Mike Little,Lisa Muri,In favour,In favour,Absent,In favour,In favour,In favour,In favour,Public services; Governance & elections; Public safety,,,,https://app.dnv.org/OpenDocument/Default.aspx?docNum=6064883,https://www.youtube.com/watch?v=XvRHYQEdlB8&t=00h41m55s,https://councilrecord.ca/district.html#vote/122,"THAT Council supports the submission of the application to the Community Emergency Preparedness Fund (CEPF) under the stream of 2023 Public Notification and Evacuation Route Planning for the project titled 'North Shore Evacuation Plan and Exercise'; AND THAT Council commits to the District of North Vancouver providing overall grant management for the project, on behalf of the City of North Vancouver and the District of West Vancouver."
2023-06-19,Regular meeting,8.1,East 29th Street Parking Pockets,Amendment,Defeated,3,4,0,Jordan Back,Catherine Pope,In favour,In favour,Against,Against,Against,Against,In favour,Transportation,1 of 4,,"The District voting register records Councillor Pope as opposed and Councillor Hanson as in favour, and gives the second clause as “no time restrictions”. The official meeting minutes record Councillor Pope as the seconder, Councillor Hanson as opposed, and the second clause as “all parking in this pocket be time limited.”",https://app.dnv.org/OpenDocument/Default.aspx?docNum=6117116,https://www.youtube.com/watch?v=mogPrWvlpxE&t=01h06m34s,https://councilrecord.ca/district.html#vote/125,"THAT the main motion is amended by striking out the words ""north and"" in the first clause. AND inserting a new second clause ""AND THAT all parking in this pocket be time limited."""
2023-06-19,Regular meeting,8.1,East 29th Street Parking Pockets,Referral,Defeated,1,6,0,Lisa Muri,Betty Forbes,Against,Against,Against,Against,Against,Against,In favour,Transportation,2 of 4,,,https://app.dnv.org/OpenDocument/Default.aspx?docNum=6117116,https://www.youtube.com/watch?v=mogPrWvlpxE&t=01h06m34s,https://councilrecord.ca/district.html#vote/126,THAT item 8.1 East 29th Street Parking Pockets is referred back to staff.
2023-06-19,Regular meeting,8.1,East 29th Street Parking Pockets,Amendment,Carried,4,3,0,Catherine Pope,Jordan Back,In favour,In favour,In favour,Against,Against,Against,In favour,Transportation,3 of 4,,,https://app.dnv.org/OpenDocument/Default.aspx?docNum=6117116,https://www.youtube.com/watch?v=mogPrWvlpxE&t=01h06m34s,https://councilrecord.ca/district.html#vote/127,"THAT the main motion is amended by striking out the words ""north and"" in the first clause."
2023-06-19,Regular meeting,8.1,East 29th Street Parking Pockets,Main motion,Carried,4,3,0,Jim Hanson,Betty Forbes,In favour,In favour,In favour,Against,Against,Against,In favour,Transportation,4 of 4,,,https://app.dnv.org/OpenDocument/Default.aspx?docNum=6117116,https://www.youtube.com/watch?v=mogPrWvlpxE&t=01h06m34s,https://councilrecord.ca/district.html#vote/128,"THAT staff are directed to deliver ""parking pocket"" solutions on the south side of East 29th Street that retain the existing cycling and sidewalk facilities and address accessibility needs of adjacent residents; AND THAT staff are directed to allocate a capital budget for these works from the District's Growing Communities Fund grant. Council discussed the location of the parking pockets and time restrictions."
2023-06-19,Regular meeting,8.2,Delbrook Avenue Safety Improvements,Procedural,Defeated,2,4,1,Lisa Muri,Jordan Back,Absent,Against,In favour,Against,Against,In favour,Against,Transportation,1 of 2,,,https://app.dnv.org/OpenDocument/Default.aspx?docNum=6117116,https://www.youtube.com/watch?v=mogPrWvlpxE&t=01h59m00s,https://councilrecord.ca/district.html#vote/129,"THAT the June 1, 2023 report of the Section Manager: Regional Transportation entitled Delbrook Avenue Safety Improvements is received for information."
2023-06-19,Regular meeting,8.2,Delbrook Avenue Safety Improvements,Main motion,Carried,5,1,1,Lisa Muri,Jim Hanson,Absent,In favour,In favour,In favour,Against,In favour,In favour,Transportation,2 of 2,,The District voting register records Councillor Muri as opposed. The official meeting minutes record Councillor Muri as the mover and Councillor Mah as opposed.,https://app.dnv.org/OpenDocument/Default.aspx?docNum=6117116,https://www.youtube.com/watch?v=mogPrWvlpxE&t=01h59m00s,https://councilrecord.ca/district.html#vote/130,THAT staff report back for alternative options for Delbrook Avenue safety improvements; AND THAT a workshop be held on transportation and traffic safety issues.
2023-06-19,Regular meeting,8.3,Nature and Biodiversity Strategy Terms of Reference,Main motion,Carried,6,0,1,Jordan Back,Lisa Muri,Absent,In favour,In favour,In favour,In favour,In favour,In favour,Environment & climate,,,,https://app.dnv.org/OpenDocument/Default.aspx?docNum=6117116,https://www.youtube.com/watch?v=mogPrWvlpxE&t=02h28m10s,https://councilrecord.ca/district.html#vote/131,"THAT staff are directed to proceed with the development of a Nature and Biodiversity Strategy in accordance with the Terms of Reference as set out in Attachment 1 of the June 6, 2023 report of the Biodiversity Projects and Policy Manager entitled Nature and Biodiversity Strategy Terms of Reference."
2023-06-19,Regular meeting,8.4,Traffic Management Plan for Deep Cove,Main motion,Carried,6,0,1,Lisa Muri,Jim Hanson,Absent,In favour,In favour,In favour,In favour,In favour,In favour,Transportation,,,,https://app.dnv.org/OpenDocument/Default.aspx?docNum=6117116,https://www.youtube.com/watch?v=mogPrWvlpxE&t=02h38m50s,https://councilrecord.ca/district.html#vote/132,"THAT Council direct staff to report back on a comprehensive traffic management plan for Deep Cove, north of Mount Seymour Parkway, at the earliest opportunity."
2023-06-27,Special meeting,2.2,Council Priorities and 2023-2026 Corporate Plan,Procedural,Carried,4,0,3,Mike Little,Jim Hanson,In favour,Absent,In favour,In favour,In favour,Absent,Absent,Governance & elections,,,,https://app.dnv.org/OpenDocument/Default.aspx?docNum=6133016,https://www.youtube.com/watch?v=jCd-OwuepVs&t=01h28m28s,https://councilrecord.ca/district.html#vote/135,"THAT the June 16, 2023 report of the Chief Administrative Officer entitled Council Priorities and 2023-2026 Corporate Plan is received for information."
2023-07-10,Regular meeting,8.1,Community Service Grants,Main motion,Carried,7,0,0,Lisa Muri,Betty Forbes,In favour,In favour,In favour,In favour,In favour,In favour,In favour,Taxes & spending; Governance & elections,,,,https://app.dnv.org/OpenDocument/Default.aspx?docNum=6117128,https://www.youtube.com/watch?v=mWio4YSY6yI&t=00h47m34s,https://councilrecord.ca/district.html#vote/136,"THAT the 2023 Community Service Grants recommendations of $375,465, as described in the June 21, 2023, report of the Community Planner entitled 2023 Community Service Grants is APPROVED. AND THAT staff are directed to refer the request for an inflation adjustment to the Community Service Grants budget for the 2024 financial planning process."
2023-07-10,Regular meeting,8.2,2023 Child Care Grants,Main motion,Carried,7,0,0,Lisa Muri,Betty Forbes,In favour,In favour,In favour,In favour,In favour,In favour,In favour,Taxes & spending; Public services; Governance & elections,,,,https://app.dnv.org/OpenDocument/Default.aspx?docNum=6117128,https://www.youtube.com/watch?v=mWio4YSY6yI&t=00h47m34s,https://councilrecord.ca/district.html#vote/137,"THAT the 2023 Child Care Grants recommendations of $66,146 and 2022 carry forward funds of $3,080, as detailed in the June 21, 2023, report of the Community Planner entitled 2023 Child Care Grants are APPROVED. AND THAT staff are directed to refer the request for an inflation adjustment to the Child Care Grants budget to the 2024 financial planning process."
2023-07-10,Regular meeting,8.3,Remedial Action Requirement: Nuisance Property at 1232 Dogwood Cres.,Main motion,Carried,7,0,0,Betty Forbes,Lisa Muri,In favour,In favour,In favour,In favour,In favour,In favour,In favour,Neighbourhood character,,,,https://app.dnv.org/OpenDocument/Default.aspx?docNum=6117128,https://www.youtube.com/watch?v=mWio4YSY6yI&t=00h48m07s,https://councilrecord.ca/district.html#vote/138,"COUNCIL RESOLVES THAT: 1. Council considers the accumulated materials and derelict vehicles in the front boulevard, front yard, back yard and side yards of the property of 1232 Dogwood Crescent, legally described as: PID: 010-009-469 Lot 3 of Block 14 District Lots 264 and 266 PLAN 8575 (the ""Property"") are so unsightly and unclean as to be offensive to the community and declares, that the accumulated materials, parts, equipment, derelict vehicles, trailers, and recycling constitutes a nuisance. The accumulated materials include (without limitation): a) the accumulated materials, parts, equipment, derelict vehicles and trailers, campers and recycling materials located on the Property and as shown in the photographs prepared by the Bylaw Enforcement Officer which are attached as Attachment 1 to this Council Report dated June 27, 2023. (collectively, the ""Accumulated Materials and Derelict Vehicles""). 2. Pursuant to section 72(2)(b)(i) of the Community Charter, Council orders that [name removed], the registered owners of the Property (the ""Owners""), must: a) completely remove the Accumulated Materials and Derelict Vehicles from the Property, to the satisfaction of the Chief Bylaw Officer by September 21, 2023 (""the Remedial Action Requirement""). 3. In the event the Owners fail to fully comply with the Remedial Action Requirement by September 21, 2023: a) The District, by its staff, agents and contractors, may enter onto the Property and take all the necessary actions to fulfil the Remedial Action Requirement at the expense of the Owners in accordance with section 17 of the Community Charter; b) The costs of such actions shall be a debt owed to the District of North Vancouver which, if unpaid at the end of the calendar year, will be added to the Property taxes for the next calendar year, pursuant to section 258 of the Community Charter; and c) Any materials recovered from the Property which, in the opinion of the Chief Bylaw Officer, have salvage value of more than $1,000 will be placed in temporary storage and available for retrieval by the Owners for a maximum of 60 days. All such storage will be at the expense of the Owners."
2023-07-10,Regular meeting,8.4,Development Variance Permit 27.22: 382 Sea Shell Lane,Main motion,Defeated,3,4,0,Lisa Muri,Jim Hanson,Against,Against,In favour,In favour,Against,In favour,Against,Development,,,,https://app.dnv.org/OpenDocument/Default.aspx?docNum=6117128,https://www.youtube.com/watch?v=mWio4YSY6yI&t=01h19m15s,https://councilrecord.ca/district.html#vote/139,THAT Development Variance Permit 27.22 for a Coach House at 382 Sea Shell Lane is not ISSUED.
2023-07-10,Regular meeting,8.4,Development Variance Permit 27.22: 382 Sea Shell Lane,Main motion,Carried,4,3,0,Mike Little,Jordan Back,In favour,In favour,Against,Against,In favour,Against,In favour,Development,,,,https://app.dnv.org/OpenDocument/Default.aspx?docNum=6117128,https://www.youtube.com/watch?v=mWio4YSY6yI&t=01h19m15s,https://councilrecord.ca/district.html#vote/140,THAT Development Variance Permit 27.22 for a Coach House at 382 Sea Shell Lane is ISSUED.
2023-07-10,Regular meeting,8.5,Bylaw 8627: Proposed Update to Step Code Requirements,Main motion,Carried,7,0,0,Mike Little,Lisa Muri,In favour,In favour,In favour,In favour,In favour,In favour,In favour,Environment & climate,,,,https://app.dnv.org/OpenDocument/Default.aspx?docNum=6117128,https://www.youtube.com/watch?v=mWio4YSY6yI&t=01h40m18s,https://councilrecord.ca/district.html#vote/141,"THAT ""Construction Bylaw 8271, 2017 Amendment Bylaw 8627, 2023 (Amendment 3)"" is given FIRST, SECOND and THIRD Readings."
2023-07-10,Regular meeting,8.6,"Bylaws 8623, 8622, 8624, 8625: OCP Amendment, Rezoning, Housing Agreement and Development Cost Charges (DCC) Waiver Bylaws for a Six-Storey Rental Building at 1541-1557 Bond Street",Main motion,Carried,7,0,0,Jim Hanson,Mike Little,In favour,In favour,In favour,In favour,In favour,In favour,In favour,Housing & density; Development,,,,https://app.dnv.org/OpenDocument/Default.aspx?docNum=6117128,https://www.youtube.com/watch?v=mWio4YSY6yI&t=02h10m35s,https://councilrecord.ca/district.html#vote/142,"THAT ""District of North Vancouver Official Community Plan Bylaw 7900, 2011, Amendment Bylaw 8623, 2023 (Amendment 48)"" is given SECOND and THIRD Readings; AND THAT ""District of North Vancouver Rezoning Bylaw 1425 (Bylaw 8622)"" is given SECOND and THIRD Readings; AND THAT ""Housing Agreement Bylaw (Rental Only) 8624, 2023"" is given SECOND and THIRD Readings; AND THAT ""1541 - 1557 Bond Street Development Cost Charges Waiver Bylaw 8625, 2023"" is given SECOND and THIRD Readings."
2023-07-10,Regular meeting,8.7,Bylaw 8621: 1541-1557 Bond Street Highway Closing and Dedication Removal,Main motion,Carried,7,0,0,Jim Hanson,Mike Little,In favour,In favour,In favour,In favour,In favour,In favour,In favour,Development,,,,https://app.dnv.org/OpenDocument/Default.aspx?docNum=6117128,https://www.youtube.com/watch?v=mWio4YSY6yI&t=02h10m35s,https://councilrecord.ca/district.html#vote/143,"THAT ""1541-1557 Bond Street Highway Closure Bylaw 8621, 2023"" is given SECOND and THIRD Readings."
2023-07-10,Regular meeting,8.8,Bylaw 8626: Rezoning for a Hydrogen Liquefaction Facility at 100 Forester Street (Bylaw 8626),Main motion,Carried,6,1,0,Jim Hanson,Jordan Back,In favour,In favour,Against,In favour,In favour,In favour,In favour,Development; Business & economy,,,,https://app.dnv.org/OpenDocument/Default.aspx?docNum=6117128,https://www.youtube.com/watch?v=mWio4YSY6yI&t=02h24m39s,https://councilrecord.ca/district.html#vote/144,"THAT ""District of North Vancouver Rezoning Bylaw 1426 (Bylaw 8626)"" is given SECOND and THIRD Readings. THAT ""District of North Vancouver Rezoning Bylaw 1426 (Bylaw 8626)"" is ADOPTED."
2023-07-10,Regular meeting,8.9,Social Housing Initiative for Lynn Valley Firehall,Main motion,Carried,7,0,0,Catherine Pope,Lisa Muri,In favour,In favour,In favour,In favour,In favour,In favour,In favour,Housing & density; Public services,,,,https://app.dnv.org/OpenDocument/Default.aspx?docNum=6117128,https://www.youtube.com/watch?v=mWio4YSY6yI&t=02h41m14s,https://councilrecord.ca/district.html#vote/145,THAT Council direct staff to report back on options to build a new firehall where the current Lynn Valley Firehall exists and include social/affordable housing on the same site on top of the firehall.
2023-07-17,Council workshop,3.1,Community Amenity Contribution Financial Summary (2011-2022),Procedural,Carried,6,0,1,Lisa Muri,Jim Hanson,In favour,Absent,In favour,In favour,In favour,In favour,In favour,Development; Taxes & spending,,,,https://app.dnv.org/OpenDocument/Default.aspx?docNum=6192190,https://www.youtube.com/watch?v=UEzVdOz-3ME,https://councilrecord.ca/district.html#vote/199,"THAT the July 5, 2023 report of the General Manager – Planning Properties and Permits entitled Community Amenity Contribution Financial Summary (2011-2022) is received for information."
2023-07-24,Regular meeting,8.1,Bylaw 8627: Proposed Update to Step Code Requirements,Main motion,Carried,5,0,2,Mike Little,Jordan Back,In favour,In favour,In favour,In favour,Absent,Absent,In favour,Environment & climate,,,,https://app.dnv.org/OpenDocument/Default.aspx?docNum=6117136,https://www.youtube.com/watch?v=P2ucHFKHEFI&t=00h43m32s,https://councilrecord.ca/district.html#vote/146,"THAT ""Construction Bylaw 8271, 2017, Amendment Bylaw 8627, 2023 (Amendment 3)"" is ADOPTED."
2023-07-24,Regular meeting,8.2,Housing Needs Report Update,Main motion,Carried,5,0,2,Mike Little,Jim Hanson,In favour,In favour,In favour,In favour,Absent,Absent,In favour,Housing & density,,,,https://app.dnv.org/OpenDocument/Default.aspx?docNum=6117136,https://www.youtube.com/watch?v=P2ucHFKHEFI&t=00h44m10s,https://councilrecord.ca/district.html#vote/147,"THAT the District of North Vancouver's Housing Needs Report, Attachment 1 to the July 5, 2023 report of the Senior Community Planner entitled Housing Needs Report Update as corrected is received for information and published on the District's website."
2023-07-24,Regular meeting,8.3,Housing Accelerator Fund Application,Main motion,Carried,5,0,2,Jordan Back,Mike Little,In favour,In favour,In favour,In favour,Absent,Absent,In favour,Housing & density,,,,https://app.dnv.org/OpenDocument/Default.aspx?docNum=6117136,https://www.youtube.com/watch?v=P2ucHFKHEFI&t=00h55m57s,https://councilrecord.ca/district.html#vote/148,"THAT the Action Plan initiatives for the Housing Accelerator Fund as detailed in the July 7, 2023 report of the Housing Planner entitled Housing Accelerator Fund Application, are APPROVED."
2023-07-24,Regular meeting,8.4,Proposed Coach House Program Improvements,Main motion,Carried,5,0,2,Jordan Back,Jim Hanson,In favour,In favour,In favour,In favour,Absent,Absent,In favour,Housing & density; Neighbourhood character,,,,https://app.dnv.org/OpenDocument/Default.aspx?docNum=6117136,https://www.youtube.com/watch?v=P2ucHFKHEFI&t=01h00m27s,https://councilrecord.ca/district.html#vote/149,"THAT ""District of North Vancouver Rezoning Bylaw 1424 (Bylaw 8615)"" is given FIRST Reading; AND THAT ""District of North Vancouver Rezoning Bylaw 1429 (Bylaw 8635)"" is given FIRST Reading; AND THAT Bylaw 8615 and Bylaw 8635 are referred to a Public Hearing; AND THAT ""District of North Vancouver Development Procedures Bylaw 8144, 2017 Amendment Bylaw 8639, 2023 (Amendment 3)"" is given FIRST Reading; AND THAT staff can issue coach house related minor development variance permits for siting, setbacks, bedroom and living room size, parking, and pedestrian access in accordance with Development Procedures Bylaw, 8144, 2017."
2023-07-24,Regular meeting,8.5,Short-Term Rentals Regulatory Framework,Main motion,Carried,3,2,2,Jim Hanson,Jordan Back,Against,In favour,Against,In favour,Absent,Absent,In favour,Housing & density; Neighbourhood character; Business & economy,,,,https://app.dnv.org/OpenDocument/Default.aspx?docNum=6117136,https://www.youtube.com/watch?v=P2ucHFKHEFI&t=01h21m09s,https://councilrecord.ca/district.html#vote/150,"THAT ""District of North Vancouver Rezoning Bylaw 1428 (Bylaw 8631)"" is given FIRST Reading; AND THAT ""Business Licence Bylaw 4567, 1974, Amendment Bylaw 8632, 2023 (Amendment 52)"" is given FIRST Reading; AND THAT ""Fees and Charges Bylaw 6481, 1992, Amendment Bylaw 8633, 2023 (Amendment 87)"" is given FIRST Reading; AND THAT ""Bylaw Notice Enforcement Bylaw 7458, 2004, Amendment Bylaw 8634, 2023 (Amendment 72)"" is given FIRST Reading; AND THAT Bylaw 8631 is referred to a Public Hearing; AND THAT Bylaw 8632 is referred to a Public Input Opportunity."
2023-07-24,Regular meeting,8.6,Fireworks and Smoke Generating Pyrotechnic Devices Ban,Main motion,Carried,3,2,2,Jim Hanson,Catherine Pope,Against,Against,In favour,In favour,Absent,Absent,In favour,Neighbourhood character; Public safety,,,,https://app.dnv.org/OpenDocument/Default.aspx?docNum=6117136,https://www.youtube.com/watch?v=P2ucHFKHEFI&t=01h42m00s,https://councilrecord.ca/district.html#vote/151,THAT Council direct staff to report back on options for a ban of the retail sale and use of consumer fireworks and smoke generating pyrotechnic devices in the District of North Vancouver.
2023-07-24,Regular meeting,8.7,Lynn Valley Legion: Expediting Affordable Seniors' Care and Worker Housing,Main motion,Carried,4,1,2,Catherine Pope,Jordan Back,In favour,In favour,Against,In favour,Absent,Absent,In favour,Housing & density; Development; Public services,,,,https://app.dnv.org/OpenDocument/Default.aspx?docNum=6117136,https://www.youtube.com/watch?v=P2ucHFKHEFI&t=01h55m38s,https://councilrecord.ca/district.html#vote/152,"THAT staff report back on ways to expedite the Legion project and present options, including timelines to Council at the next scheduled meeting September 11, 2023."
2023-09-11,Regular meeting,8.1,Development Permit 34.21 – 2932 Chesterfield Avenue,Main motion,Carried,7,0,0,Jordan Back,Herman Mah,In favour,In favour,In favour,In favour,In favour,In favour,In favour,Development,,,,https://app.dnv.org/OpenDocument/Default.aspx?docNum=6142375,https://www.youtube.com/watch?v=qapndLVfquA&t=00h45m38s,https://councilrecord.ca/district.html#vote/153,THAT Development Permit 34.21 to allow for the construction of a four-unit townhouse development at 2932 Chesterfield Avenue is ISSUED.
2023-09-11,Regular meeting,8.2,"2024-2027 Taxation Exemptions by Council Bylaw 8636, 2023",Main motion,Carried,7,0,0,Mike Little,Lisa Muri,In favour,In favour,In favour,In favour,In favour,In favour,In favour,Taxes & spending; Governance & elections,,,,https://app.dnv.org/OpenDocument/Default.aspx?docNum=6142375,https://www.youtube.com/watch?v=qapndLVfquA&t=01h01m16s,https://councilrecord.ca/district.html#vote/154,"THAT “2024 - 2027 Taxation Exemptions by Council Bylaw 8636, 2023” is given FIRST, SECOND and THIRD Readings; AND THAT the Mayor and Clerk are authorized to execute the Conditions of Exemption Agreement with the Capilano Tennis Club; AND THAT prior to considering adoption of the Bylaw, public notice is given in accordance with Section 227 of the Community Charter."
2023-09-11,Regular meeting,8.3,"2024-2027 Taxation Exemptions for Places of Public Worship Bylaw 8637, 2023",Main motion,Carried,7,0,0,Jim Hanson,Lisa Muri,In favour,In favour,In favour,In favour,In favour,In favour,In favour,Taxes & spending,,,,https://app.dnv.org/OpenDocument/Default.aspx?docNum=6142375,https://www.youtube.com/watch?v=qapndLVfquA&t=01h06m21s,https://councilrecord.ca/district.html#vote/155,"THAT “2024 - 2027 Taxation Exemptions for Places of Public Worship, Bylaw 8637, 2023” is given FIRST, SECOND and THIRD Readings."
2023-09-11,Regular meeting,8.4,"Tax Exemption for 2024-2033 Ice Sports North Shore Bylaw 8638, 2023",Main motion,Carried,7,0,0,Mike Little,Herman Mah,In favour,In favour,In favour,In favour,In favour,In favour,In favour,Taxes & spending; Parks & recreation,,,,https://app.dnv.org/OpenDocument/Default.aspx?docNum=6142375,https://www.youtube.com/watch?v=qapndLVfquA&t=00h47m53s,https://councilrecord.ca/district.html#vote/156,"THAT “Tax Exemption for 2024-2033 Ice Sports North Shore Bylaw 8638, 2023” is given FIRST, SECOND and THIRD Readings; AND THAT prior to considering adoption of the Bylaw, public notice is given in accordance with Section 227 of the Community Charter."
2023-09-11,Regular meeting,8.5,"Fireworks Regulation Bylaw, Amendment Bylaw 8640 to Prohibit the Use and Sales of Consumer Fireworks",Main motion,Carried,5,2,0,Jim Hanson,Catherine Pope,Against,Against,In favour,In favour,In favour,In favour,In favour,Neighbourhood character; Public services; Public safety,,,,https://app.dnv.org/OpenDocument/Default.aspx?docNum=6142375,https://www.youtube.com/watch?v=qapndLVfquA,https://councilrecord.ca/district.html#vote/157,"THAT “Fireworks Regulation Bylaw 7456, 2004, Amendment Bylaw 8640, 2023 (Amendment 5)”; is given FIRST Reading; AND THAT “Bylaw Notice Enforcement Bylaw 7458, 2004 Amendment Bylaw 8641, 2023 (Amendment 73)” is given FIRST Reading; AND THAT pursuant to Section 59(2)(b) of the Community Charter, Bylaw 8640 is referred to a Public Meeting to provide an opportunity for persons who consider they are affected by the bylaw to make representations to Council."
2023-09-11,Regular meeting,8.6,3712-3718 Edgemont Boulevard – Withhold Demolition Permit,Main motion,Carried,7,0,0,Jim Hanson,Mike Little,In favour,In favour,In favour,In favour,In favour,In favour,In favour,Development; Neighbourhood character,,,,https://app.dnv.org/OpenDocument/Default.aspx?docNum=6142375,https://www.youtube.com/watch?v=qapndLVfquA,https://councilrecord.ca/district.html#vote/158,THAT the Chief Building Official is directed to issue the demolition permit for 3712 – 3718 Edgemont Boulevard once all requirements have been satisfied.
2023-09-11,Regular meeting,8.7,Streamlining Application Review Processing for Affordable Assisted Living Residences and Community Care Facilities in the District,Main motion,Carried,6,1,0,Catherine Pope,Lisa Muri,In favour,In favour,Against,In favour,In favour,In favour,In favour,Housing & density; Development,,,,https://app.dnv.org/OpenDocument/Default.aspx?docNum=6142375,https://www.youtube.com/watch?v=qapndLVfquA,https://councilrecord.ca/district.html#vote/159,"THAT Council endorse staff recommendations as outlined in the August 23, 2023 report of the Manager – Development Planning entitled Streamlining Application Review Process for Affordable Assisted Living Residences and Community Care Facilities in the District."
2023-10-03,Regular meeting,8.1,2024 Council Meeting Schedule,Main motion,Carried,7,0,0,Catherine Pope,Jim Hanson,In favour,In favour,In favour,In favour,In favour,In favour,In favour,Governance & elections,,,,https://app.dnv.org/OpenDocument/Default.aspx?docNum=6159377,https://www.youtube.com/watch?v=m-lRKJIeKd4&t=00h48m49s,https://councilrecord.ca/district.html#vote/160,THAT the 2024 Council Meeting Schedule is referred to a Council Workshop.
2023-10-03,Regular meeting,8.2,"2024 – 2027 Taxation Exemptions by Council Bylaw 8636, 2023",Main motion,Carried,7,0,0,Lisa Muri,Herman Mah,In favour,In favour,In favour,In favour,In favour,In favour,In favour,Taxes & spending; Governance & elections,,,,https://app.dnv.org/OpenDocument/Default.aspx?docNum=6159377,https://www.youtube.com/watch?v=m-lRKJIeKd4&t=00h47m53s,https://councilrecord.ca/district.html#vote/161,"THAT “2024 – 2027 Taxation Exemptions by Council Bylaw 8636, 2023” is ADOPTED."
2023-10-03,Regular meeting,8.3,"2024 – 2027 Taxation Exemptions for Places of Public Worship Bylaw 8637, 2023",Main motion,Carried,7,0,0,Lisa Muri,Herman Mah,In favour,In favour,In favour,In favour,In favour,In favour,In favour,Taxes & spending,,,,https://app.dnv.org/OpenDocument/Default.aspx?docNum=6159377,https://www.youtube.com/watch?v=m-lRKJIeKd4&t=00h47m53s,https://councilrecord.ca/district.html#vote/162,"THAT “2024 – 2027 Taxation Exemptions for Places of Public Worship, Bylaw 8637, 2023” is ADOPTED."
2023-10-03,Regular meeting,8.4,"Tax Exemption for 2024 – 2033 Ice Sports North Shore Bylaw 8638, 2023",Main motion,Carried,7,0,0,Lisa Muri,Herman Mah,In favour,In favour,In favour,In favour,In favour,In favour,In favour,Taxes & spending; Parks & recreation,,,,https://app.dnv.org/OpenDocument/Default.aspx?docNum=6159377,https://www.youtube.com/watch?v=m-lRKJIeKd4&t=00h47m53s,https://councilrecord.ca/district.html#vote/163,"THAT “Tax Exemption for 2024 – 2033 Ice Sports North Shore Bylaw 8638, 2023” is ADOPTED."
2023-10-03,Regular meeting,8.5,"Maplewood Fire and Rescue Centre and Argyle Artificial Turf Field Loan Authorization Bylaw 8649, 2023",Main motion,Carried,6,0,1,Mike Little,Jordan Back,In favour,In favour,In favour,In favour,In favour,In favour,Absent,Taxes & spending; Parks & recreation; Public services; Public safety,,,,https://app.dnv.org/OpenDocument/Default.aspx?docNum=6159377,https://www.youtube.com/watch?v=m-lRKJIeKd4&t=00h48m49s,https://councilrecord.ca/district.html#vote/164,"THAT “Maplewood Fire and Rescue Centre and Argyle Artificial Turd Field Loan Authorization Bylaw 8649, 2023” is given FIRST, SECOND and THIRD Readings."
2023-10-03,Regular meeting,8.6,Bylaws 8643 and 8644: Rezoning and Development Cost Charge Waiver for East Keith Road Supportive Housing Project,Main motion,Carried,7,0,0,Jim Hanson,Jordan Back,In favour,In favour,In favour,In favour,In favour,In favour,In favour,Housing & density; Development,,,,https://app.dnv.org/OpenDocument/Default.aspx?docNum=6159377,https://www.youtube.com/watch?v=m-lRKJIeKd4&t=01h14m06s,https://councilrecord.ca/district.html#vote/165,"THAT “District of North Vancouver Rezoning Bylaw 1430 (Bylaw 8643)” to rezone the 1200 Block of East Keith Road from Single Family Residential (RS4) to Comprehensive Development Zone 146 (CD146) is given FIRST Reading; AND THAT Bylaw 8643 is referred to a Public Hearing; AND THAT “1200 Block East Keith Road Development Cost Charges Waiver Bylaw 8644, 2023” is given FIRST Reading."
2023-10-03,Regular meeting,8.7,"Bylaws 8645, 8646 and 8647: OCP Amendment, Rezoning and Development Cost Charges Waiver for a Future Social Housing Development at Lillooet West",Main motion,Carried,7,0,0,Mike Little,Jordan Back,In favour,In favour,In favour,In favour,In favour,In favour,In favour,Housing & density; Development,,,,https://app.dnv.org/OpenDocument/Default.aspx?docNum=6159377,https://www.youtube.com/watch?v=m-lRKJIeKd4&t=01h39m27s,https://councilrecord.ca/district.html#vote/166,"THAT “District of North Vancouver Official Community Plan Amendment Bylaw 8645 (Amendment 50)” to redesignate the District lands on Old Lillooet Road from Commercial Residential Mixed Use (CRMU1) and Parks Open Space and Natural Areas to Residential Level 5 (RES5) is given FIRST Reading; AND THAT “District of North Vancouver Rezoning Bylaw 1431 (Bylaw 8646)” to rezone the District lands on Old Lillooet Road from Interim Industrial (I4) to Comprehensive Development 146 Zone is given FIRST Reading; AND THAT “Lillooet West Development Cost Charges Waiver Bylaw 8647” is given FIRST Reading; AND THAT Bylaws 8645 and 8646 are referred to a Public Hearing; AND THAT Council has specifically considered, in respect of proposed Bylaw 8645, whether consultation is required with the listed entities in subsection 475(2)(b) of the Local Government Act, and considers that such consultation is not required; AND THAT in accordance with Section 477 of the Local Government Act, Council has considered Bylaw 8645 in conjunction with its Financial Plan and applicable Waste Management Plans."
2023-10-03,Regular meeting,8.8,Bylaws 8628 and 8629: OCP Amendment and Rezoning Bylaws for a 32-unit townhouse development at 1031-1045 Ridgewood Drive,Main motion,Carried,7,0,0,Jordan Back,Jim Hanson,In favour,In favour,In favour,In favour,In favour,In favour,In favour,Housing & density; Development,,,,https://app.dnv.org/OpenDocument/Default.aspx?docNum=6159377,https://www.youtube.com/watch?v=m-lRKJIeKd4&t=01h55m34s,https://councilrecord.ca/district.html#vote/167,"THAT “District of North Vancouver Official Community Plan Bylaw 7900, 2011, Amendment Bylaw 8628, 2023 (Amendment 49)” is given FIRST Reading; AND THAT “District of North Vancouver Rezoning Bylaw 1427 (Bylaw 8629)” is given FIRST Reading; AND THAT pursuant to Section 475 and Section 476 of the Local Government Act, additional consultation is not required beyond that already undertaken with respect to Bylaw 8628; AND THAT in accordance with Section 477 of the Local Government Act, Council has considered Bylaw 8628 in conjunction with its Financial Plan and applicable Waste Management Plans; AND THAT Bylaw 8628 and Bylaw 8629 are referred to a Public Hearing."
2023-10-03,Regular meeting,8.9,"Housing Supply Act – Housing Target Order for the District of North Vancouver, October 1, 2023 – September 30, 2028",Procedural,Carried,6,0,1,Mike Little,Lisa Muri,In favour,In favour,In favour,In favour,In favour,In favour,Absent,Housing & density; Development,,,,https://app.dnv.org/OpenDocument/Default.aspx?docNum=6159377,https://www.youtube.com/watch?v=m-lRKJIeKd4&t=02h15m29s,https://councilrecord.ca/district.html#vote/168,"THAT the September 29, 2023 report of the General Manager, Planning, Properties and Permits entitled Housing Supply Act - Housing Target Order for the District of North Vancouver, October 1, 2023 – September 30, 2028, is received for information."
2023-10-03,Regular meeting,8.10,Council Support for Burrard Inlet Rapid Transit as a First Phase Bus Rapid Transit Corridor,Main motion,Carried,6,0,1,Mike Little,Herman Mah,In favour,In favour,In favour,In favour,In favour,In favour,Absent,Transportation; Governance & elections; Metro Vancouver,,,,https://app.dnv.org/OpenDocument/Default.aspx?docNum=6159377,https://www.youtube.com/watch?v=m-lRKJIeKd4&t=02h28m19s,https://councilrecord.ca/district.html#vote/169,"A. WHEREAS TransLink and the Mayors’ Council on Regional Transportation unanimously endorsed the Access for Everyone Plan (also called Transport 2050: 10-Year Priorities) in 2022 to urgently expand and improve transit throughout Metro Vancouver to support record-setting population growth, housing affordability, GHG emission reduction targets and reconciliation. B. WHEREAS the Access for Everyone Plan places a strong emphasis on quick and cost-effective delivery of new at-grade rapid transit through nine new Bus Rapid Transit (BRT) and eleven RapidBus corridors throughout the region. C. WHEREAS the Access for Everyone Plan recognizes the acute congestion challenges facing the North Shore, and commits to delivering a traffic-separated rapid transit connection between Park Royal and Metrotown as soon as possible with the following initiatives: i. Recognizing that this is a highly complex and constrained corridor, the Access for Everyone Plan commits to immediately begin the required planning work to advance a BRT option so that construction of rapid transit can begin within years 0-5. ii. In parallel, the plan will advance business case development to confirm whether the ultimate technology will be Bus Rapid Transit, Light Rail Transit, or SkyTrain (or a combination), and to confirm the associated alignment, terminus locations, and degree of grade separation including options for a dedicated transit crossing of Burrard Inlet. iii. In the first phase of the plan, the region commits to increased bus service and transit priority measures, as feasible, between Park Royal and Metrotown to improve bus travel times, operating costs, and grow ridership in advance of more permanent rapid transit investment. D. WHEREAS TransLink, in partnership with municipalities and First Nations in the Metrotown to Park Royal corridor area, has begun work on the Burrard Inlet Rapid Transit Study to determine the ultimate rapid transit solution for the corridor. E. WHEREAS BRT and RapidBus require the allocation of road space and reconfiguring of roads for successful implementation. F. WHEREAS Municipalities are the primary administrators of local and regional roads in the region and will be crucial partners in the successful implementation of future BRT and RapidBus corridors. G. WHEREAS TransLink and the Mayors’ Council are currently undertaking a prioritization exercise to determine the order in which BRT and RapidBus corridors will be implemented that emphasizes a ‘work with the willing’ approach so that the first phase of BRT and new RapidBus projects can be built quickly and to a high quality, with maximum support from municipal and other local government partners, to serve as a showcase for this type of rapid transit to the rest of the region. Be it resolved, 1. THAT the District of North Vancouver supports a BRT line featuring dedicated bus lanes, transit signal priority, enhanced customer amenities at stations and specialized vehicles to support fast, reliable, high-quality rapid transit along the Metrotown to Park Royal corridor, with planning to begin immediately. 2. THAT the District of North Vancouver supports, as an immediate objective in the initial phase of the Access for Everyone Plan while planning for a BRT proceeds, the extension of the existing RapidBus R2 line from Phibbs to Metrotown, to create a bus service offering fewer stops and faster service than current options all the way from across the North Shore to Metrotown. 3. THAT the District of North Vancouver support for BRT planning will include: i. Working with TransLink to finalize and sign a Bus Rapid Transit Action Plan Commitment Framework to partner with TransLink to expeditiously plan a high-quality BRT corridor. ii. A commitment to plan a BRT with near continuous exclusive transit lanes along the length of the corridor, achieved primarily through reallocation of existing road space. iii. Support for prioritizing transit, including willingness to reallocate space from parking or general traffic, changes to property access, turn restrictions, changes to traffic signal timing and coordination, and transit signal priority. iv. Willingness to allocate funding, resources, and in-kind support. v. Appointing a “BRT Council champion,” a BRT internal staff lead, and dedicated staff team to support the project through all phases. vi. Willingness to expedite processes, permits and approvals, and to co-lead and support public engagement. vii. Aligning local plans and policies to support Transit Oriented Communities and implement supportive infrastructure including walking and cycling networks. 4. THAT the District of North Vancouver direct staff to work expediently with TransLink and coordinate with adjacent municipalities towards the planning, design and implementation of BRT and R2 RapidBus extension within the municipality. 5. THAT the District of North Vancouver ask the Mayors’ Council to prioritize the R2 RapidBus extension to Metrotown as a priority project in the initial phase of the Access for Everyone Plan, and to begin planning for a future BRT project between Park Royal and Metrotown, based on the municipality’s readiness to support the project."
2023-10-16,Regular meeting,8.1,Bylaws 8555 and 8554: OCP Amendment and Rezoning for a 12-unit Townhouse Development at 3288 Brookridge Drive,Main motion,Carried,7,0,0,Jordan Back,Catherine Pope,In favour,In favour,In favour,In favour,In favour,In favour,In favour,Housing & density; Development,,,,https://app.dnv.org/OpenDocument/Default.aspx?docNum=6184189,https://www.youtube.com/watch?v=aBTS0S5qtMI&t=00h44m12s,https://councilrecord.ca/district.html#vote/170,"THAT “District of North Vancouver Official Community Plan 7900, 2011 Amendment Bylaw 8555, 2022 (Amendment 46)” is given FIRST Reading; AND THAT “District of North Vancouver Rezoning Bylaw 1415 (Bylaw 8554)” is given FIRST Reading; AND THAT pursuant to Section 475 and Section 476 of the Local Government Act, additional consultation is not required beyond that already undertaken with respect to Bylaw 8555; AND THAT in accordance with Section 477 of the Local Government Act, Council has considered Bylaw 8555 in conjunction with its Financial Plan and applicable Waste Management Plans; AND THAT Bylaws 8554 and 8555 are referred to a Public Hearing; AND THAT staff are directed to host a neighbourhood meeting with Brookridge Drive residents at the earliest convenience prior to the public hearing; AND THAT staff implement a traffic counter on Brookridge Drive to determine vehicle circulation; AND THAT staff bring forward options and information from the Brookridge Drive neighbourhood meeting to form part of the public hearing meeting materials."
2023-10-16,Regular meeting,8.2,Bylaw 8525: Proposed Changes to Secondary Suite Regulations,Main motion,Carried,7,0,0,Mike Little,Lisa Muri,In favour,In favour,In favour,In favour,In favour,In favour,In favour,Housing & density,,,,https://app.dnv.org/OpenDocument/Default.aspx?docNum=6184189,https://www.youtube.com/watch?v=aBTS0S5qtMI&t=01h37m02s,https://councilrecord.ca/district.html#vote/171,THAT “District of North Vancouver Rezoning Bylaw 1412 (Bylaw 8525)” is referred back to staff to provide clarification on the proposed bylaw.
2023-10-16,Regular meeting,8.3,"Bylaws 8615, 8635 and 8639: Coach House Program Improvements",Main motion,Carried,4,3,0,Jim Hanson,Jordan Back,Against,In favour,Against,In favour,In favour,Against,In favour,Housing & density; Neighbourhood character,1 of 2,,,https://app.dnv.org/OpenDocument/Default.aspx?docNum=6184189,https://www.youtube.com/watch?v=aBTS0S5qtMI&t=01h58m49s,https://councilrecord.ca/district.html#vote/172,"THAT “District of North Vancouver Rezoning Bylaw 1424 (Bylaw 8615)” is given SECOND and THIRD Readings; AND THAT “District of North Vancouver Rezoning Bylaw 1429 (Bylaw 8635)” is given SECOND and THIRD Readings; AND THAT “Development Procedures Bylaw 8144, 2017, Amendment Bylaw 8639, 2023 (Amendment 3)” is given SECOND Reading as amended; AND THAT “Development Procedures Bylaw 8144, 2017, Amendment Bylaw 8639, 2023 (Amendment 3)” is given THIRD Reading."
2023-10-16,Regular meeting,8.4,2023-2026 Draft Accessibility Plan,Main motion,Carried,7,0,0,Mike Little,Lisa Muri,In favour,In favour,In favour,In favour,In favour,In favour,In favour,Public services; Governance & elections,,,,https://app.dnv.org/OpenDocument/Default.aspx?docNum=6184189,https://www.youtube.com/watch?v=aBTS0S5qtMI&t=02h49m19s,https://councilrecord.ca/district.html#vote/173,"THAT the Draft 2023-2026 Accessibility Plan attached to the October 4th, 2023 report of the General Manager Corporate Services entitled 2023-2026 Draft Accessibility Plan is approved; AND THAT staff is directed to develop an implementation strategy to operationalize the Accessibility Plan; AND THAT staff are directed to update the Accessibility Plan within three years to align with the future requirements of the Accessible British Columbia Act."
2023-10-16,Regular meeting,8.5,2023-2026 Corporate Plan,Main motion,Carried,7,0,0,Mike Little,Lisa Muri,In favour,In favour,In favour,In favour,In favour,In favour,In favour,Governance & elections,,,,https://app.dnv.org/OpenDocument/Default.aspx?docNum=6184189,https://www.youtube.com/watch?v=aBTS0S5qtMI&t=03h12m18s,https://councilrecord.ca/district.html#vote/174,"THAT Council endorse the 2023-2026 Corporate Plan attached to the October 4, 2023 report of the Chief Administrative Officer entitled 2023-2026 Corporate Plan."
2023-10-16,Regular meeting,8.3,"Bylaws 8615, 8635 and 8639: Coach House Program Improvements",Main motion,Carried,4,3,0,Herman Mah,Jordan Back,Against,In favour,Against,In favour,In favour,Against,In favour,Housing & density; Neighbourhood character,2 of 2,,,https://app.dnv.org/OpenDocument/Default.aspx?docNum=6184189,https://www.youtube.com/watch?v=aBTS0S5qtMI&t=01h58m49s,https://councilrecord.ca/district.html#vote/175,THAT staff are directed to report back on options related to changing floor space ratio requirements for coach houses.
2023-10-23,Special meeting,3.1,Annual Review of Fees and Charges,Main motion,Carried,7,0,0,Mike Little,Jim Hanson,In favour,In favour,In favour,In favour,In favour,In favour,In favour,Taxes & spending,,,,https://app.dnv.org/OpenDocument/Default.aspx?docNum=6171910,https://www.youtube.com/watch?v=jJssHVFgSW4&t=00h06m34s,https://councilrecord.ca/district.html#vote/176,"THAT “Fees and Charges Bylaw 6481, 1992 Amendment 8652, 2023 (Amendment 88)” is given FIRST, SECOND, and THIRD Readings."
2023-10-23,Special meeting,3.2,2023-2027 Financial Plan Amendment #1,Main motion,Carried,7,0,0,Lisa Muri,Mike Little,In favour,In favour,In favour,In favour,In favour,In favour,In favour,Taxes & spending,,,,https://app.dnv.org/OpenDocument/Default.aspx?docNum=6171910,https://www.youtube.com/watch?v=jJssHVFgSW4&t=00h44m03s,https://councilrecord.ca/district.html#vote/177,"THAT “2023-2027 Financial Plan Bylaw 8619, 2023 Amendment Bylaw 8658, 2023 (Amendment 1)” is given FIRST, SECOND and THIRD Readings."
2023-11-06,Regular meeting,8.1,Bylaw 8658: 2023-2027 Financial Plan Amendment #1,Main motion,Carried,7,0,0,Lisa Muri,Mike Little,In favour,In favour,In favour,In favour,In favour,In favour,In favour,Taxes & spending,,,,https://app.dnv.org/OpenDocument/Default.aspx?docNum=6207801,https://www.youtube.com/watch?v=1L1NrAQyTAg&t=00h16m32s,https://councilrecord.ca/district.html#vote/181,"THAT “2023-2027 Financial Plan Bylaw 8619, 2023 Amendment Bylaw 8658, 2023 (Amendment 1)” is ADOPTED."
2023-11-06,Regular meeting,8.2,Bylaw 8652: Annual Review of Fees and Charges - 2024,Main motion,Carried,7,0,0,Lisa Muri,Mike Little,In favour,In favour,In favour,In favour,In favour,In favour,In favour,Taxes & spending,,,,https://app.dnv.org/OpenDocument/Default.aspx?docNum=6207801,https://www.youtube.com/watch?v=1L1NrAQyTAg&t=00h16m32s,https://councilrecord.ca/district.html#vote/182,"THAT “Fees and Charges Bylaw 6481, 1992 Amendment Bylaw 8652, 2023 (Amendment 88)” is ADOPTED."
2023-11-06,Regular meeting,8.3,"Bylaws 8645, 8646 and 8647: OCP Amendment, Rezoning and Development Cost Charges Waiver for a Future Social Housing Development at Lillooet West",Main motion,Carried,6,1,0,Jim Hanson,Catherine Pope,In favour,In favour,In favour,In favour,In favour,Against,In favour,Housing & density; Development,,,,https://app.dnv.org/OpenDocument/Default.aspx?docNum=6207801,https://www.youtube.com/watch?v=1L1NrAQyTAg&t=00h17m22s,https://councilrecord.ca/district.html#vote/183,"THAT “District of North Vancouver Official Community Plan Bylaw 7900, 2011, Amendment Bylaw 8645, 2023 (Amendment 50)” is given SECOND and THIRD Readings; AND THAT “District of North Vancouver Rezoning Bylaw 1431 (Bylaw 8646)” is given SECOND Reading as amended; AND THAT “District of North Vancouver Rezoning Bylaw 1431 (Bylaw 8646)” is given THIRD Reading; AND THAT “Lillooet West Development Cost Charges Waiver Bylaw 8647, 2023.” is given SECOND and THIRD Readings."
2023-11-06,Regular meeting,8.4,Bylaw 8643: East Keith Supportive Housing – Administrative Correction,Main motion,Carried,7,0,0,Lisa Muri,Jordan Back,In favour,In favour,In favour,In favour,In favour,In favour,In favour,Housing & density; Development,,,,https://app.dnv.org/OpenDocument/Default.aspx?docNum=6207801,https://www.youtube.com/watch?v=1L1NrAQyTAg&t=00h41m23s,https://councilrecord.ca/district.html#vote/184,THAT “District of North Vancouver Rezoning Bylaw 1430 (Bylaw 8643) is given SECOND Reading as amended.
2023-11-06,Regular meeting,8.5,Bylaw 8525: Proposed Changes to Secondary Suite Regulations,Main motion,Carried,7,0,0,Jim Hanson,Mike Little,In favour,In favour,In favour,In favour,In favour,In favour,In favour,Housing & density,,,,https://app.dnv.org/OpenDocument/Default.aspx?docNum=6207801,https://www.youtube.com/watch?v=1L1NrAQyTAg&t=00h42m09s,https://councilrecord.ca/district.html#vote/185,THAT “District of North Vancouver Rezoning Bylaw 1412 (Bylaw 8525)” is given SECOND and THIRD Readings.
2023-11-06,Regular meeting,8.6,Development Permit 49.22 – 900 Block Lytton Street (Site 3 of Baden Park Project),Main motion,Carried,7,0,0,Mike Little,Herman Mah,In favour,In favour,In favour,In favour,In favour,In favour,In favour,Development; Parks & recreation,,,,https://app.dnv.org/OpenDocument/Default.aspx?docNum=6207801,https://www.youtube.com/watch?v=1L1NrAQyTAg&t=00h56m46s,https://councilrecord.ca/district.html#vote/186,THAT Development Permit 49.22 to allow for the construction of a 31-unit townhouse development at 930-940 Lytton Street is ISSUED.
2023-11-06,Regular meeting,8.7,1431 Crown Street – Sons of Vancouver Distillery LTD. – Regularizing an Existing Temporary Outdoor Customer Service Area,Main motion,Carried,7,0,0,Catherine Pope,Lisa Muri,In favour,In favour,In favour,In favour,In favour,In favour,In favour,Business & economy,,,,https://app.dnv.org/OpenDocument/Default.aspx?docNum=6207801,https://www.youtube.com/watch?v=1L1NrAQyTAg&t=00h17m10s,https://councilrecord.ca/district.html#vote/187,"THAT the resolution included in Attachment 1 of the October 20, 2023 report of the Planning Assistant entitled “1431 Crown Street – Sons of Vancouver Distillery LTD. – Regularizing an Existing Temporary Outdoor Customer Service Area” is APPROVED."
2023-11-06,Regular meeting,8.8,2024 Council Meeting Schedule,Main motion,Carried,7,0,0,Catherine Pope,Lisa Muri,In favour,In favour,In favour,In favour,In favour,In favour,In favour,Governance & elections,,,,https://app.dnv.org/OpenDocument/Default.aspx?docNum=6207801,https://www.youtube.com/watch?v=1L1NrAQyTAg&t=00h17m10s,https://councilrecord.ca/district.html#vote/188,THAT the 2024 Council meeting schedule is APPROVED.
2023-11-06,Regular meeting,8.9,UBCM Community Emergency Preparedness Fund – Indigenous Cultural Safety and Humility Training,Main motion,Carried,7,0,0,Lisa Muri,Mike Little,In favour,In favour,In favour,In favour,In favour,In favour,In favour,Public services; Governance & elections; Public safety,,,,https://app.dnv.org/OpenDocument/Default.aspx?docNum=6207801,https://www.youtube.com/watch?v=1L1NrAQyTAg&t=00h16m32s,https://councilrecord.ca/district.html#vote/189,"THAT Council supports the submission of the application to the Community Emergency Preparedness (CEPF) under the stream of 2023 Indigenous Cultural Safety and Humility Training for the “Paddling Our Canoe Forward: Connecting Cultural Safety and Resilience Planning on the North Shore” project; AND THAT Council commits to the District of North Vancouver providing overall grant management for the project, on behalf of the City of North Vancouver and the District of West Vancouver."
2023-11-14,Special meeting,3.1,Deep Cove Parking Review: Findings and Recommendations,Referral,Carried,6,0,1,Mike Little,Lisa Muri,In favour,In favour,In favour,Absent,In favour,In favour,In favour,Transportation,,,"The District voting register records Councillor Hanson as voting in favour and gives the motion as “This item was referred to a Council Workshop.” The official meeting minutes record that Councillor Hanson declared a potential conflict of interest and left the meeting before this item, and give the motion as shown here.",https://app.dnv.org/OpenDocument/Default.aspx?docNum=6207803,https://www.youtube.com/watch?v=WHCzd1GuCAc&t=00h09m11s,https://councilrecord.ca/district.html#vote/190,THAT the Deep Cove Parking Review: Findings and Recommendations is referred to a Council Workshop.
2023-11-14,Special meeting,3.2,Creation of New Traffic Calming Program (including proposed Delbrook Avenue prioritization),Main motion,Carried,6,0,1,Mike Little,Jordan Back,In favour,In favour,In favour,In favour,In favour,Absent,In favour,Transportation,,,,https://app.dnv.org/OpenDocument/Default.aspx?docNum=6207803,https://www.youtube.com/watch?v=WHCzd1GuCAc&t=00h42m57s,https://councilrecord.ca/district.html#vote/191,"THAT Council endorses staff’s proposed recommendation to create and manage two distinct annual transportation programs – the engineering-led “Road Safety Program” (existing), and the community-led “Traffic Calming Program” (new) subject to funding through the annual budget process. AND THAT Council directs staff to focus on the Delbrook Avenue corridor as the first identified traffic calming corridor candidate, with implementation in 2024 (subject to completion of the public engagement process), subject to funding, in direct response to the councillor-initiated motion titled Delbrook Road Design (dated February 27, 2023) with the recommendation that staff to report back in May 2024 on engineering and road design options for enhanced safety along the Delbrook Ave corridor in an effort to slow traffic and make the corridor safer for all users, and for any feedback and lessons from this process to inform improvements to the “Traffic Calming Program."""
2023-11-14,Special meeting,3.3,North Shore E-Bike Share Pilot Program – End-of-Pilot Evaluation,Main motion,Carried,6,0,1,Mike Little,Jordan Back,In favour,In favour,In favour,In favour,In favour,Absent,In favour,Transportation,,,,https://app.dnv.org/OpenDocument/Default.aspx?docNum=6207803,https://www.youtube.com/watch?v=WHCzd1GuCAc&t=01h19m57s,https://councilrecord.ca/district.html#vote/192,"THAT Council direct staff to conclude the pilot program and formalize the District of North Vancouver’s commitment to Shared Micromobility by transitioning to a more permanent E-Bike Share operation with the North Shore Partners; AND THAT staff recommends a permit extension with the current operator, Lime, for up to 12 months."
2023-11-14,Council workshop,3.1,Draft Financial Plan Workshop,Procedural,Carried,7,0,0,Mike Little,Jim Hanson,In favour,In favour,In favour,In favour,In favour,In favour,In favour,Taxes & spending,,,,https://app.dnv.org/OpenDocument/Default.aspx?docNum=6466162,,https://councilrecord.ca/district.html#vote/193,"THAT the November 2, 2023 memo of the Acting General Manager, Finance and Chief Financial Officer entitled Draft Financial Plan Workshop is received for information."
2024-01-08,Regular meeting,8.4,Bylaw 8659 Proposed Amendment to Schedule A of Development Servicing Bylaw,Main motion,Carried,6,0,1,Mike Little,Herman Mah,In favour,Absent,In favour,In favour,In favour,In favour,In favour,Development,,,,https://app.dnv.org/OpenDocument/Default.aspx?docNum=6276880,https://www.youtube.com/watch?v=OkDtSFEepVA&t=00h26m57s,https://councilrecord.ca/district.html#vote/204,"THAT “District of North Vancouver Development Servicing Bylaw 8145, 2017, Amendment Bylaw 8659, 2023 (Amendment 1)” is ADOPTED."
2024-01-08,Regular meeting,8.5,Bylaws 8555 and 8554 OCP Amendment and Rezoning for a 12-unit Townhouse Development at 3288 Brookridge Drive and 1135-1147 Ridgewood Drive,Main motion,Carried,6,0,1,Mike Little,Jim Hanson,In favour,Absent,In favour,In favour,In favour,In favour,In favour,Housing & density; Development,,,,https://app.dnv.org/OpenDocument/Default.aspx?docNum=6276880,https://www.youtube.com/watch?v=OkDtSFEepVA&t=00h27m23s,https://councilrecord.ca/district.html#vote/205,"THAT “District of North Vancouver Official Community Plan 7900, 2011 Amendment Bylaw 8555, 2022 (Amendment 46)” is given SECOND and THIRD Readings; AND THAT “District of North Vancouver Rezoning Bylaw 1415 (Bylaw 8554)” is given SECOND and THIRD Readings."
2024-01-08,Regular meeting,8.6,"Bylaws 8660, 8661, and 8663 Rezoning, Housing Agreement, and Development Cost Charges (DCC) Waiver Bylaws for a Mixed-Use Development at 2045-2075 Old Dollarton Road",Main motion,Carried,6,0,1,Mike Little,Jim Hanson,In favour,Absent,In favour,In favour,In favour,In favour,In favour,Housing & density; Development,,,,https://app.dnv.org/OpenDocument/Default.aspx?docNum=6276880,https://www.youtube.com/watch?v=OkDtSFEepVA&t=00h45m10s,https://councilrecord.ca/district.html#vote/206,"THAT “District of North Vancouver Rezoning Bylaw 1433 (Bylaw 8660)” is given FIRST, SECOND, and THIRD Readings; AND THAT “Housing Agreement Bylaw 8661, 2023 (2045 Old Dollarton Road)” is given FIRST, SECOND, and THIRD Readings; AND THAT “2045 - 2075 Old Dollarton Road Development Cost Charges Waiver Bylaw 8663, 2023” is given FIRST, SECOND, and THIRD Readings."
2024-01-08,Regular meeting,8.7,"Proposed Partial Highway Closure and Dedication Removal 2045-2075 Old Dollarton Road Highway Closure Bylaw 8662, 2023",Main motion,Carried,6,0,1,Mike Little,Herman Mah,In favour,Absent,In favour,In favour,In favour,In favour,In favour,Development,,,,https://app.dnv.org/OpenDocument/Default.aspx?docNum=6276880,https://www.youtube.com/watch?v=OkDtSFEepVA&t=01h13m00s,https://councilrecord.ca/district.html#vote/207,"THAT “2045 - 2075 Old Dollarton Road Highway Closure Bylaw 8662, 2023” is given FIRST, SECOND and THIRD Readings."
2024-01-08,Regular meeting,8.8,Use of Municipal Hall Meeting Room by Community Groups,Main motion,Carried,6,0,1,Mike Little,Lisa Muri,In favour,Absent,In favour,In favour,In favour,In favour,In favour,Governance & elections,,,,https://app.dnv.org/OpenDocument/Default.aspx?docNum=6276880,https://www.youtube.com/watch?v=OkDtSFEepVA&t=01h18m.5s,https://councilrecord.ca/district.html#vote/208,"THAT the Corporate Policy “Use of Municipal Hall Meeting Room by Community Groups”, as attached to the December 8, 2023 report of the Confidential Council Clerk entitled Use of Municipal Hall Meeting Room by Community Groups, is approved. AND THAT the Corporate Policy “Use of Municipal Hall Meeting Rooms by Community Groups and Other Organizations” is rescinded."
2024-01-08,Regular meeting,8.9,2024-2028 Draft Financial Plan Workbook,Procedural,Carried,6,0,1,Mike Little,Herman Mah,In favour,Absent,In favour,In favour,In favour,In favour,In favour,Taxes & spending,,,,https://app.dnv.org/OpenDocument/Default.aspx?docNum=6276880,https://www.youtube.com/watch?v=OkDtSFEepVA&t=01h35m54s,https://councilrecord.ca/district.html#vote/209,"THAT the December 18, 2023 report of the Section Manager – Financial Planning entitled 2024 – 2028 Draft Financial Plan Workbook is received for information."
2024-01-08,Regular meeting,8.10,Highway 1 Transportation Improvements,Main motion,Carried,6,0,1,Jim Hanson,Lisa Muri,In favour,Absent,In favour,In favour,In favour,In favour,In favour,Transportation; Parks & recreation,,,,https://app.dnv.org/OpenDocument/Default.aspx?docNum=6276880,https://www.youtube.com/watch?v=OkDtSFEepVA&t=01h43m28s,https://councilrecord.ca/district.html#vote/210,"THAT staff are directed to report back on options to create an additional vehicle lane for eastbound traffic on Highway #1 connecting Lynn Valley Road to Mountain Highway; AND THAT staff are directed to report back on options to improve access and circulation between Lynn Valley Road, Mountain Highway, and Keith Road, particularly during peak traffic periods when eastbound Highway 1 traffic flow is heavily congested; AND FINALLY THAT the Mayor writes, for Council, a letter of support to the Ministry of Transportation and Infrastructure, and other relevant agencies to advocate for further partnership opportunities relating to Provincial Highway 1 improvements for the North Shore."
2024-01-08,Regular meeting,8.11,North Shore Standing Committee on Substance Use Education and Awareness Campaign,Main motion,Carried,6,0,1,Jim Hanson,Herman Mah,In favour,Absent,In favour,In favour,In favour,In favour,In favour,Public services; Governance & elections,,,,https://app.dnv.org/OpenDocument/Default.aspx?docNum=6276880,https://www.youtube.com/watch?v=OkDtSFEepVA&t=02h03m39s,https://councilrecord.ca/district.html#vote/211,THAT District Communications staff in collaboration with Community Planning staff as liaison to the North Shore Standing Committee on Substance Use (“the committee”) prepare a report on options for the opioid crisis education and awareness in coordination with the committee and Vancouver Coastal Health.
2024-01-22,Regular meeting,8.1,Draft Financial Plan Public Input,Procedural,Carried,6,0,1,Lisa Muri,Herman Mah,In favour,In favour,In favour,In favour,In favour,In favour,Absent,Taxes & spending,,,,https://app.dnv.org/OpenDocument/Default.aspx?docNum=6280109,https://www.youtube.com/watch?v=0Mgpq5uzIU4&t=00h21m30s,https://councilrecord.ca/district.html#vote/194,THAT Draft Financial Plan Public Input is received for information.
2024-01-22,Regular meeting,8.2,"Bylaws 8640 & 8641: Fireworks Regulation Bylaw, Amendment Bylaw 8640 to Prohibit the Use and Sales of Consumer Fireworks",Main motion,Defeated,2,4,1,Jim Hanson,Mike Little,Against,Against,In favour,In favour,Against,Against,Absent,Neighbourhood character; Public services; Public safety,,,,https://app.dnv.org/OpenDocument/Default.aspx?docNum=6280109,https://www.youtube.com/watch?v=0Mgpq5uzIU4&t= 0h05m33s,https://councilrecord.ca/district.html#vote/195,"THAT “Fireworks Regulation Bylaw 7456, 2004, Amendment Bylaw 8640, 2023 (Amendment 5)” is given SECOND and THIRD Readings; AND THAT “Bylaw Notice Enforcement Bylaw 7458, 2004, Amendment Bylaw 8641, 2023 (Amendment 73)” is given SECOND and THIRD Readings."
2024-01-22,Regular meeting,8.3,Zoning Options – 5020 Capilano Road/1180 Clements Avenue,Main motion,Carried,6,0,1,Mike Little,Jordan Back,In favour,In favour,In favour,In favour,In favour,In favour,Absent,Development; Business & economy,,,,https://app.dnv.org/OpenDocument/Default.aspx?docNum=6280109,https://www.youtube.com/watch?v=0Mgpq5uzIU4&t=01h19m17s,https://councilrecord.ca/district.html#vote/196,"THAT Council remove the withholding motion as described in ‘Option 1’ of the report dated December 18, 2023, entitled Zoning Options – 5020 Capilano Road/1180 Clements Avenue for the property located at 5020 Capilano Road/1180 Clements Avenue, legally described as Lot A Block B District Lot 594 Plan 1792, PID 014-288-702 (Owner’s request)."
2024-01-22,Regular meeting,8.4,Economic Development Strategy Interim Deliverable – Economic Analysis and Business Engagement Results,Procedural,Carried,6,0,1,Mike Little,Lisa Muri,In favour,In favour,In favour,In favour,In favour,In favour,Absent,Business & economy,,,,https://app.dnv.org/OpenDocument/Default.aspx?docNum=6280109,https://www.youtube.com/watch?v=0Mgpq5uzIU4&t=01h40m17s,https://councilrecord.ca/district.html#vote/197,"THAT the December 18, 2023 report of the Business Services and Economic Development Manager entitled Economic Development Strategy Interim Deliverable – Economic Analysis and Business Engagement Results is received for information."
2024-01-22,Regular meeting,8.5,Matching Grants for Playground Development on School Grounds: DNV Parks 2023 Playground Grant Award – Ecole Boundary Elementary,Main motion,Carried,6,0,1,Lisa Muri,Mike Little,In favour,In favour,In favour,In favour,In favour,In favour,Absent,Taxes & spending; Parks & recreation,,,,https://app.dnv.org/OpenDocument/Default.aspx?docNum=6280109,https://www.youtube.com/watch?v=0Mgpq5uzIU4&t=02h30m17s,https://councilrecord.ca/district.html#vote/198,"THAT Council grant Ecole Boundary Elementary School $15,000 as per District policy Matching Grants for Playground Development on School Grounds to be funded from Council’s Operating Contingency."
2024-01-29,Council workshop,3.1,Financial Plan – Council Deliberations,Main motion,Carried,7,0,0,Mike Little,Betty Forbes,In favour,In favour,In favour,In favour,In favour,In favour,In favour,Taxes & spending; Governance & elections,,,,https://app.dnv.org/OpenDocument/Default.aspx?docNum=6341841,https://www.youtube.com/watch?v=8FN9-FWL72Q&list=PLCcXyetfal4AVL80CRO6b-jWkKog-5pcZ&index=6&pp=iAQB,https://councilrecord.ca/district.html#vote/212,"THAT staff prepare the Financial Plan Bylaw for approval, based on a 7.0% property tax increase, including 6.5% to maintain service levels and 0.5% to address the infrastructure deficit THAT the January 26, 2024 report of the Section Manager – Financial Planning entitled 2024-2028 Draft Financial Plan Public Input is received for information."
2024-02-05,Regular meeting,8.1,Bylaw 8643 and 8644 Rezoning and DCC Waiver for East Keith Road Supportive Housing Project,Main motion,Carried,7,0,0,Mike Little,Jim Hanson,In favour,In favour,In favour,In favour,In favour,In favour,In favour,Housing & density; Development,,,,https://app.dnv.org/OpenDocument/Default.aspx?docNum=6258290,https://www.youtube.com/watch?v=xjeyngA23-Y&list=PLCcXyetfal4AVL80CRO6b-jWkKog-5pcZ&index=5&pp=iAQB&t=00h17m30s,https://councilrecord.ca/district.html#vote/216,"THAT “District of North Vancouver Rezoning Bylaw 1430 (Bylaw 8643)” is given THIRD Reading; AND THAT “1200 Block East Keith Road Development Cost Charges Waiver Bylaw 8644, 2023” is given SECOND and THIRD Readings."
2024-02-05,Regular meeting,8.2,Bylaw 8669: 2024-2028 Financial Plan Approval Bylaw,Main motion,Carried,6,1,0,Mike Little,Jim Hanson,In favour,In favour,In favour,In favour,In favour,Against,In favour,Taxes & spending,,,,https://app.dnv.org/OpenDocument/Default.aspx?docNum=6258290,https://www.youtube.com/watch?v=xjeyngA23-Y&list=PLCcXyetfal4AVL80CRO6b-jWkKog-5pcZ&index=5&pp=iAQB&t=00h57m30s,https://councilrecord.ca/district.html#vote/217,"THAT “2024–2028 Financial Plan Approval Bylaw 8669, 2024” is given FIRST, SECOND and THIRD Readings."
2024-02-05,Regular meeting,8.3,Natural Areas Trails Strategy,Main motion,Carried,7,0,0,Jim Hanson,Jordan Back,In favour,In favour,In favour,In favour,In favour,In favour,In favour,Parks & recreation,,,,https://app.dnv.org/OpenDocument/Default.aspx?docNum=6258290,https://www.youtube.com/watch?v=xjeyngA23-Y&list=PLCcXyetfal4AVL80CRO6b-jWkKog-5pcZ&index=5&pp=iAQB&t=01h16m39s,https://councilrecord.ca/district.html#vote/218,"THAT the Natural Areas Trail Strategy as attached to the January 17, 2024 report of the Parks Planner entitled Natural Areas Trails Strategy is APPROVED."
2024-02-05,Regular meeting,8.4,Corporate Plan Reporting in Cascade,Procedural,Carried,7,0,0,Betty Forbes,Herman Mah,In favour,In favour,In favour,In favour,In favour,In favour,In favour,Governance & elections,,,,https://app.dnv.org/OpenDocument/Default.aspx?docNum=6258290,https://www.youtube.com/watch?v=xjeyngA23-Y&list=PLCcXyetfal4AVL80CRO6b-jWkKog-5pcZ&index=5&pp=iAQB&t=01h41m38s,https://councilrecord.ca/district.html#vote/219,"THAT the January 25, 2024 report of the Director – Digital Services and Information Technology entitled Corporate Plan Reporting in Cascade is received for information."
2024-02-05,Regular meeting,8.5,Pace of Development – 2023 Update,Procedural,Carried,7,0,0,Catherine Pope,Lisa Muri,In favour,In favour,In favour,In favour,In favour,In favour,In favour,Housing & density; Development,,,,https://app.dnv.org/OpenDocument/Default.aspx?docNum=6258290,https://www.youtube.com/watch?v=xjeyngA23-Y&list=PLCcXyetfal4AVL80CRO6b-jWkKog-5pcZ&index=5&pp=iAQB&t=01h52m10s,https://councilrecord.ca/district.html#vote/220,"THAT the January 22, 2024 report of the General Manager – Planning, Properties and Permits entitled Pace of Development – 2023 Update is received for information."
2024-02-05,Regular meeting,8.6,2024 Social Service Grants – Core Funded Agencies,Main motion,Carried,7,0,0,Lisa Muri,Jim Hanson,In favour,In favour,In favour,In favour,In favour,In favour,In favour,Taxes & spending; Public services,,,,https://app.dnv.org/OpenDocument/Default.aspx?docNum=6258290,https://www.youtube.com/watch?v=xjeyngA23-Y&list=PLCcXyetfal4AVL80CRO6b-jWkKog-5pcZ&index=5&pp=iAQB&t=01h57m15s,https://councilrecord.ca/district.html#vote/221,"THAT a budget of $1,822,986 is approved for social service core funding grants in 2024, and disbursed to agencies in accordance with the January 18, 2024 report of the Community Planner entitled “2024 Social Service Grants – Core Funded Agencies”."
2024-02-05,Regular meeting,8.7,UBCM Motion Local Government Online Voting,Main motion,None,6,1,0,Jordan Back,Herman Mah,In favour,In favour,Against,In favour,In favour,In favour,In favour,Governance & elections,,,,https://app.dnv.org/OpenDocument/Default.aspx?docNum=6258290,https://www.youtube.com/watch?v=xjeyngA23-Y&list=PLCcXyetfal4AVL80CRO6b-jWkKog-5pcZ&index=5&pp=iAQB&t=02h05m26s,https://councilrecord.ca/district.html#vote/222,"THAT the Union of British Columbia Municipalities resolution Local Government Online Voting is supported for Lower Mainland Local Government Association consideration: WHEREAS the Local Government Act does not support online voting for local government elections; AND WHEREAS local government elections historically have low turnouts, and being that online voting provides a broader audience the ability to vote; THEREFORE BE IT RESOLVED that the Union of British Columbia Municipalities request the Province of British Columbia to initiate legislative changes to allow online voting for local government elections."
2024-02-26,Regular meeting,8.1,Bylaws 8643 and 8644: Rezoning and Development Cost Charges Waiver for East Keith Road Supportive Housing Project,Main motion,Carried,6,0,1,Jordan Back,Herman Mah,In favour,In favour,In favour,In favour,In favour,Absent,In favour,Housing & density; Development,,,,https://app.dnv.org/OpenDocument/Default.aspx?docNum=6276881,https://www.youtube.com/watch?v=uOZ_wApMSk8&t=01h06m04s,https://councilrecord.ca/district.html#vote/223,"THAT “District of North Vancouver Rezoning Bylaw 1430 (Bylaw 8643)” is ADOPTED; AND THAT “1200 Block East Keith Road Development Cost Charges Waiver Bylaw 8644, 2023” is ADOPTED."
2024-02-26,Regular meeting,8.2,Bylaw 8669: 2024-2028 Financial Plan Bylaw,Main motion,Carried,6,0,1,Jordan Back,Herman Mah,In favour,In favour,In favour,In favour,In favour,Absent,In favour,Taxes & spending,,,,https://app.dnv.org/OpenDocument/Default.aspx?docNum=6276881,https://www.youtube.com/watch?v=uOZ_wApMSk8&t=01h07m23s,https://councilrecord.ca/district.html#vote/224,"THAT “2024-2028 Financial Plan Approval Bylaw 8669, 2024” is ADOPTED."
2024-02-26,Regular meeting,8.3,UBCM Motion: Black Bear Cub Conflict Response,Main motion,Carried,6,0,1,Betty Forbes,Jim Hanson,In favour,In favour,In favour,In favour,In favour,Absent,In favour,Environment & climate; Parks & recreation; Governance & elections,,,,https://app.dnv.org/OpenDocument/Default.aspx?docNum=6276881,https://www.youtube.com/watch?v=uOZ_wApMSk8&t=01h07m43s,https://councilrecord.ca/district.html#vote/225,"THAT the Union of British Columbia Municipalities resolution Black Bear Cub Conflict Response by British Columbia Conservation Officer Service is supported for Lower Mainland Local Government Association consideration: WHEREAS the British Columbia Conservation Officer Service currently can independently decide how to handle black bears and cubs in conflict situations, without the oversight of an independent external public board; AND WHEREAS there is no mandate for orphaned black bear cubs to be taken to a Wildlife Sanctuary for health assessment and treatment by a qualified wildlife veterinarian, and be the sole authority to perform a humane euthanasia of black bear cubs if needed; THEREFORE BE IT RESOLVED that the Union of British Columbia Municipalities request the Province of British Columbia to initiate changes to the British Columbia Conservation Officer Service, Human-Black Bear (Single) Conflict Response Guideline, to include a review of actions through an independent civilian-led oversight board, orphaned bear cubs to be transported to a wildlife sanctuary for health assessment of cubs by qualified wildlife veterinarian, for treatment or euthanasia, and an audit done by the Solicitor General of British Columbia Conservation Officer Service actions, policies and procedures."
2024-02-26,Regular meeting,8.4,Playground Lighting Improvements,Main motion,Carried,6,0,1,Jordan Back,Catherine Pope,In favour,In favour,In favour,In favour,In favour,Absent,In favour,Parks & recreation,,,,https://app.dnv.org/OpenDocument/Default.aspx?docNum=6276881,https://www.youtube.com/watch?v=uOZ_wApMSk8&t=01h17m59s,https://councilrecord.ca/district.html#vote/226,THAT Council direct staff to report back on options to add lighting and covered spaces to existing and future playgrounds within the District of North Vancouver.
2024-03-04,Regular meeting,8.1,Short-term Rentals Regulatory Framework – Proposed Revisions Based on Recent Provincial Legislation,Main motion,Carried,6,1,0,Lisa Muri,Jim Hanson,In favour,In favour,In favour,In favour,In favour,In favour,Against,Housing & density; Development; Neighbourhood character; Business & economy,,,,https://app.dnv.org/OpenDocument/Default.aspx?docNum=6280115,https://www.youtube.com/watch?v=kAdyIOqVTos&t=00h41m17s,https://councilrecord.ca/district.html#vote/228,THAT Short-term Rentals Regulatory Framework – Proposed Revisions Based on Recent Provincial Legislation is referred back to staff to incorporate the Principal Residency Requirement as prescribed in the Short-Term Rental Accommodations Act.
2024-03-04,Regular meeting,8.2,UBCM 2024 Development Approvals Program Grant Application,Main motion,Carried,7,0,0,Mike Little,Jordan Back,In favour,In favour,In favour,In favour,In favour,In favour,In favour,Development; Taxes & spending; Governance & elections,,,,https://app.dnv.org/OpenDocument/Default.aspx?docNum=6280115,https://www.youtube.com/watch?v=kAdyIOqVTos&t=01h50m26s,https://councilrecord.ca/district.html#vote/229,"THAT Council endorse the submission of a grant application to the UBCM 2024 Development Approvals Program funding program for $150,000."
2024-04-08,Regular meeting,8.1,"Bylaws 8561, 8562, 8563, and 8606: A Mixed-Use Development at 1310 Monashee Drive",Main motion,Carried,6,1,0,Herman Mah,Mike Little,In favour,In favour,In favour,In favour,In favour,Against,In favour,Development,,,,https://app.dnv.org/OpenDocument/Default.aspx?docNum=6305574,https://www.youtube.com/watch?v=QRzW0V7evag&t=00h29m16s,https://councilrecord.ca/district.html#vote/233,"THAT “District of North Vancouver Official Community Plan 7900, 2011 Amendment Bylaw 8561, 2022 (Amendment 47)” is ADOPTED; AND THAT “District of North Vancouver Rezoning Bylaw 1416 (Bylaw 8562)” is ADOPTED; AND THAT “Housing Agreement Bylaw 8563, 2022 (1310 Monashee Drive - Market and Non-Market Rental Housing)” is ADOPTED; AND THAT “Phased Development Agreement Bylaw 8606, 2022 (1310 Monashee Drive)” is ADOPTED."
2024-04-08,Regular meeting,8.2,1123 W 15th St – Manufacturer Licence Lounge Endorsement “Bridge Brewing”,Main motion,Carried,7,0,0,Mike Little,Lisa Muri,In favour,In favour,In favour,In favour,In favour,In favour,In favour,Business & economy,,,,https://app.dnv.org/OpenDocument/Default.aspx?docNum=6305574,https://www.youtube.com/watch?v=QRzW0V7evag&t=00h27m59s,https://councilrecord.ca/district.html#vote/234,"THAT the resolution included in Attachment 1 of the March 20, 2024 report of the Planning Assistant entitled 1123 W 15th St – Manufacturer Licence Lounge Endorsement “Bridge Brewing” is APPROVED."
2024-04-08,Regular meeting,8.3,Provincial Electric Kick Scooter Pilot Project Extension,Main motion,Carried,7,0,0,Mike Little,Lisa Muri,In favour,In favour,In favour,In favour,In favour,In favour,In favour,Transportation,,,,https://app.dnv.org/OpenDocument/Default.aspx?docNum=6305574,https://www.youtube.com/watch?v=QRzW0V7evag&t=00h30m02s,https://councilrecord.ca/district.html#vote/235,"THAT the District of North Vancouver consents to the Electric Kick Scooter Pilot Project taking place within the District starting on April 5, 2024. THAT “District of North Vancouver Street and Traffic Bylaw 7125, 2004 Amendment Bylaw 8684, 2024 (Amendment 26)” is given FIRST, SECOND and THIRD Readings."
2024-04-08,Regular meeting,8.4,UBCM Community Emergency Preparedness Fund – 2024 Emergency Support Services,Main motion,Carried,7,0,0,Mike Little,Lisa Muri,In favour,In favour,In favour,In favour,In favour,In favour,In favour,Public services; Governance & elections; Public safety,,,,https://app.dnv.org/OpenDocument/Default.aspx?docNum=6305574,https://www.youtube.com/watch?v=QRzW0V7evag&t=00h27m59s,https://councilrecord.ca/district.html#vote/236,"THAT Council supports the submission of the application to the UBCM Community Emergency Preparedness Fund (CEPF) under the stream of “2024 Emergency Support Services Equipment and Training” for the “Modernizing Emergency Support Services (ESS) on the North Shore under Emergency and Disaster Management Act (EDMA)” project; AND THAT Council commits to the District of North Vancouver providing overall grant management for the project, on behalf of the City of North Vancouver and the District of West Vancouver."
2024-04-08,Regular meeting,8.5,Road Marking Visibility,Main motion,Carried,7,0,0,Lisa Muri,Betty Forbes,In favour,In favour,In favour,In favour,In favour,In favour,In favour,Public services,,,,https://app.dnv.org/OpenDocument/Default.aspx?docNum=6305574,https://www.youtube.com/watch?v=QRzW0V7evag&t=00h39m57s,https://councilrecord.ca/district.html#vote/237,"THAT staff are directed to report back to Council on options to improve road marking visibility in the District of North Vancouver, including a review of the availability and cost of photoluminescent paint for road lines; AND THAT staff provide this information to Council prior to annual maintenance work commencing, to repair and refresh existing road markings. AND THAT staff are directed to write a letter to the Ministry of Transportation and Infrastructure communicating concerns regarding road marking visibility and maintenance of provincial highways."
2024-04-08,Regular meeting,8.6,Public Engagement and Alternatives to Public Hearings,Main motion,Carried,7,0,0,Catherine Pope,Lisa Muri,In favour,In favour,In favour,In favour,In favour,In favour,In favour,Governance & elections,,,,https://app.dnv.org/OpenDocument/Default.aspx?docNum=6305574,https://www.youtube.com/watch?v=QRzW0V7evag&t=01h01m44s,https://councilrecord.ca/district.html#vote/238,"THAT Council consider scheduling a workshop with ‘Renovate the Public Hearing Project,’ an initiative by the Simon Fraser University Morris J. Wosk Centre for Dialogue, partnered with the British Columbia Law Institute."
2024-04-22,Regular meeting,8.1,Development Variance Permit 70.23 (Coach House) – 1564 Lynn Valley Road,Main motion,Carried,7,0,0,Jordan Back,Catherine Pope,In favour,In favour,In favour,In favour,In favour,In favour,In favour,Housing & density; Development; Neighbourhood character,,,,https://app.dnv.org/OpenDocument/Default.aspx?docNum=6305579,https://www.youtube.com/watch?v=3z15x5cW4nk&t=01h00m04s,https://councilrecord.ca/district.html#vote/239,THAT Development Variance Permit 70.23 to allow for construction of a coach house at 1564 Lynn Valley road is ISSUED.
2024-04-22,Regular meeting,8.2,Bylaw 8684: Provincial Electric Kick Scooter Pilot Project Extension,Main motion,Carried,7,0,0,Jordan Back,Catherine Pope,In favour,In favour,In favour,In favour,In favour,In favour,In favour,Transportation,,,,https://app.dnv.org/OpenDocument/Default.aspx?docNum=6305579,https://www.youtube.com/watch?v=3z15x5cW4nk&t=01h00m04s,https://councilrecord.ca/district.html#vote/240,"THAT “District of North Vancouver Street and Traffic Bylaw 7125, 2004 Amendment Bylaw 8684, 2024 (Amendment 26)” is ADOPTED."
2024-04-22,Regular meeting,8.3,Bylaw 8689: 2024 Tax Rates Bylaw,Main motion,Carried,7,0,0,Mike Little,Lisa Muri,In favour,In favour,In favour,In favour,In favour,In favour,In favour,Taxes & spending,,,,https://app.dnv.org/OpenDocument/Default.aspx?docNum=6305579,https://www.youtube.com/watch?v=3z15x5cW4nk&t=01h01m23s,https://councilrecord.ca/district.html#vote/241,"THAT “Tax Rates Bylaw 8689, 2024” is given FIRST, SECOND and THIRD Readings."
2024-04-22,Regular meeting,8.4,"Housing Supply Act - Housing Target Progress Reporting for the District of North Vancouver, October 1, 2023 – March 31, 2024",Main motion,Carried,7,0,0,Mike Little,Jim Hanson,In favour,In favour,In favour,In favour,In favour,In favour,In favour,Housing & density,,,,https://app.dnv.org/OpenDocument/Default.aspx?docNum=6305579,https://www.youtube.com/watch?v=3z15x5cW4nk&t=01h18m24s,https://councilrecord.ca/district.html#vote/242,"THAT the Housing Target Progress Report as detailed in the April 8, 2024, report of the Community Planner entitled Housing Supply Act - Housing Target Progress Reporting for the District of North Vancouver, October 1, 2023 – March 31, 2024, is received by Council in accordance with the Housing Supply Act and Regulation; AND THAT the Housing Target Progress Report is submitted to the Minister of Housing in accordance with the Housing Supply Act and Regulation."
2024-04-22,Regular meeting,8.5,Grant Funding Application – Cates Park/Whey-ah-Wichen Shoreline Restoration,Main motion,Carried,7,0,0,Jordan Back,Catherine Pope,In favour,In favour,In favour,In favour,In favour,In favour,In favour,Taxes & spending; Parks & recreation,,,,https://app.dnv.org/OpenDocument/Default.aspx?docNum=6305579,https://www.youtube.com/watch?v=3z15x5cW4nk&t=01h00m04s,https://councilrecord.ca/district.html#vote/243,"THAT the application for grant funding of $5 million for the Cates Park/ Whey-ah-Wichen Shoreline Restoration through the UBCM Disaster Risk Reduction – Climate Adaptation is supported; AND THAT the District of North Vancouver has committed to funding its $350,000 share of the Cates Park/Whey-ah-Wichen Shoreline Restoration project through the appropriate reserve funds."
2024-04-22,Regular meeting,8.6,Deep Cove Parking Review – 2024 Implementation Plan,Main motion,Carried,6,0,1,Herman Mah,Lisa Muri,In favour,In favour,In favour,Absent,In favour,In favour,In favour,Transportation; Public services,,,,https://app.dnv.org/OpenDocument/Default.aspx?docNum=6305579,https://www.youtube.com/watch?v=3z15x5cW4nk&t=02h34m26s,https://councilrecord.ca/district.html#vote/244,"THAT Council approve the implementation of an on-street public parking management strategy in Deep Cove, including resident and time-limited parking, as described in the April 1, 2024 report of the Transportation Planner entitled Deep Cove Parking Review – 2024 Implementation Plan and as generally depicted in Attachment 1 of the report. AND THAT staff are directed to further investigate the options, feasibility and approach for exempting employees of Deep Cove businesses to certain parking restrictions before March 21, 2025 so that staff may provide recommendations based on current on-site observations and feedback following the implementation of new parking management tools in Deep Cove ahead of the 2025 peak season."
2024-04-22,Regular meeting,8.7,Traffic Calming Solutions in Edgemont Village,Main motion,Carried,7,0,0,Lisa Muri,Catherine Pope,In favour,In favour,In favour,In favour,In favour,In favour,In favour,Transportation; Neighbourhood character,,,,https://app.dnv.org/OpenDocument/Default.aspx?docNum=6305579,https://www.youtube.com/watch?v=3z15x5cW4nk&t=01h39m49s,https://councilrecord.ca/district.html#vote/245,"THAT Council direct staff to implement engineering solutions to calm traffic in Edgemont Village, rather than the proposed traffic signal at Edgemont and Highland Blvd. AND THAT Council direct staff to report back on funding options for proposed engineered solutions. AND THAT staff report back on feasibility options for traffic control at Frederick Road and Mountain Highway; AND THAT Council direct staff to use DNV’s 2014 Edgemont plan and design guidelines when implementing solutions to increase safety, while also making Edgemont Village more welcoming, pedestrian friendly and beautiful."
2024-04-22,Regular meeting,8.8,Pickleball Courts Expansion,Main motion,Carried,6,1,0,Catherine Pope,Jordan Back,In favour,In favour,In favour,In favour,Against,In favour,In favour,Neighbourhood character; Parks & recreation,,,,https://app.dnv.org/OpenDocument/Default.aspx?docNum=6305579,https://www.youtube.com/watch?v=3z15x5cW4nk&t=01h59m32s,https://councilrecord.ca/district.html#vote/246,"THAT Council direct staff to identify sites where new, outdoor pickleball courts could be located and where current courts could be expanded in the District of North Vancouver."
2024-05-06,Regular meeting,8.1,Bylaw 8689: Tax Rates Bylaw,Main motion,Carried,6,0,1,Jordan Back,Lisa Muri,In favour,In favour,Absent,In favour,In favour,In favour,In favour,Taxes & spending,,,,https://app.dnv.org/OpenDocument/Default.aspx?docNum=6310527,https://app.dnv.org/council/default.aspx?filename=mNbvEp3RkoI&type=youtube&t=00h26m21s,https://councilrecord.ca/district.html#vote/252,"THAT “Tax Rates Bylaw 8689, 2024” is ADOPTED."
2024-05-06,Regular meeting,8.2,2023 Audited Financial Statements,Main motion,Carried,6,0,1,Herman Mah,Jordan Back,In favour,In favour,Absent,In favour,In favour,In favour,In favour,Taxes & spending,,,,https://app.dnv.org/OpenDocument/Default.aspx?docNum=6310527,https://app.dnv.org/council/default.aspx?filename=mNbvEp3RkoI&type=youtube&t=00h26m46s,https://councilrecord.ca/district.html#vote/253,THAT the 2023 Audited Consolidated Financial Statements of the District of North Vancouver are APPROVED; AND THAT the 2023 Audited Financial Statements of the North Vancouver Recreation and Culture Commission are APPROVED.
2024-05-06,Regular meeting,8.3,Filing under the Financial Information Act – 2023 Statement of Financial Information (SOFI),Main motion,Carried,6,0,1,Mike Little,Herman Mah,In favour,In favour,Absent,In favour,In favour,In favour,In favour,Taxes & spending,,,,https://app.dnv.org/OpenDocument/Default.aspx?docNum=6310527,https://app.dnv.org/council/default.aspx?filename=mNbvEp3RkoI&type=youtube&t=00h27m39s,https://councilrecord.ca/district.html#vote/254,THAT the 2023 Statement of Financial Information (SOFI) of the District of North Vancouver is APPROVED.
2024-05-06,Regular meeting,8.4,2023 Council Remuneration and Expenses,Main motion,Carried,6,0,1,Herman Mah,Jordan Back,In favour,In favour,Absent,In favour,In favour,In favour,In favour,Taxes & spending; Governance & elections,,,,https://app.dnv.org/OpenDocument/Default.aspx?docNum=6310527,https://app.dnv.org/council/default.aspx?filename=mNbvEp3RkoI&type=youtube&t=00h28m20s,https://councilrecord.ca/district.html#vote/255,THAT the report 2023 Council Remuneration and expenses is APPROVED.
2024-05-06,Regular meeting,8.5,Economic Development Strategy 2024-2029,Main motion,Carried,6,0,1,Mike Little,Lisa Muri,In favour,In favour,Absent,In favour,In favour,In favour,In favour,Business & economy,1 of 3,,,https://app.dnv.org/OpenDocument/Default.aspx?docNum=6310527,https://app.dnv.org/council/default.aspx?filename=mNbvEp3RkoI&type=youtube&t=00h29m31s,https://councilrecord.ca/district.html#vote/256,"THAT the Economic Development Strategy 2024-2029 attached to the April 8, 2024 report of the Manager – Business and Economic Development entitled Economic Development Strategy 2024-2029 is approved."
2024-05-06,Regular meeting,8.5,Economic Development Strategy 2024-2029,Main motion,Defeated,3,3,1,Mike Little,Lisa Muri,In favour,Against,Absent,Against,In favour,In favour,Against,Business & economy,2 of 3,,,https://app.dnv.org/OpenDocument/Default.aspx?docNum=6310527,https://app.dnv.org/council/default.aspx?filename=mNbvEp3RkoI&type=youtube&t=00h29m31s,https://councilrecord.ca/district.html#vote/257,THAT a Business Initiatives Startup Fund is designated.
2024-05-06,Regular meeting,8.5,Economic Development Strategy 2024-2029,Referral,Carried,4,2,1,Mike Little,Lisa Muri,In favour,In favour,Absent,Against,In favour,In favour,Against,Business & economy,3 of 3,,,https://app.dnv.org/OpenDocument/Default.aspx?docNum=6310527,https://app.dnv.org/council/default.aspx?filename=mNbvEp3RkoI&type=youtube&t=00h29m31s,https://councilrecord.ca/district.html#vote/258,THAT the creation of an Economic Advisory Committee is referred to the Advisory Oversight Committee for consideration.
2024-05-06,Regular meeting,8.6,Business Licence for Lollypop Childcare Inc. – 4990 Cedarcrest Avenue,Main motion,Carried,6,0,1,Mike Little,Jordan Back,In favour,In favour,Absent,In favour,In favour,In favour,In favour,Public services; Business & economy,,,,https://app.dnv.org/OpenDocument/Default.aspx?docNum=6310527,https://app.dnv.org/council/default.aspx?filename=mNbvEp3RkoI&type=youtube&t=01h16m21s,https://councilrecord.ca/district.html#vote/259,THAT the application to amend the business licence for Lollypop Childcare Inc. located at 4990 Cedarcrest Avenue to increase the current child care capacity from eight to 20 children is APPROVED.
2024-05-06,Regular meeting,8.7,2024 Centennial Bursary Awards,Main motion,Carried,6,0,1,Lisa Muri,Jordan Back,In favour,In favour,Absent,In favour,In favour,In favour,In favour,Taxes & spending,,,,https://app.dnv.org/OpenDocument/Default.aspx?docNum=6310527,https://app.dnv.org/council/default.aspx?filename=mNbvEp3RkoI&type=youtube&t=01h19m38s,https://councilrecord.ca/district.html#vote/260,THAT bursaries are awarded to fourteen students from the District of North Vancouver in the amount of $850 per bursary.
2024-05-06,Regular meeting,8.8,Plant-based Food Procurement in the District,Main motion,Carried,5,1,1,Jim Hanson,Jordan Back,In favour,In favour,Absent,In favour,Against,In favour,In favour,Taxes & spending; Environment & climate,,,,https://app.dnv.org/OpenDocument/Default.aspx?docNum=6310527,https://app.dnv.org/council/default.aspx?filename=mNbvEp3RkoI&type=youtube&t=01h21m02s,https://councilrecord.ca/district.html#vote/261,"THAT Council consider transitioning to plant-based food procurement in the District of North Vancouver to support a sustainable, healthy, and biodiverse future. WHEREAS it is acknowledged that current food systems and practices significantly contribute to global greenhouse gas emissions, of which livestock production is responsible for about 14.5% - 28% of global greenhouse gas emissions as well as being a leading factor in the degradation of biodiversity, contributing to deforestation, habitat loss, species extinction, and overuse of freshwater resources; WHEREAS the Intergovernmental Panel on Climate Change (IPCC) has advised that a plant-based diet can help fight climate change, specifically as the western world’s high consumption of meat and dairy produce is fuelling global warming; WHEREAS it is understood and scientifically proven that plant-based diets offer numerous potential health benefits, including reduced risk of heart disease, type 2 diabetes, obesity, and certain types of cancers, in addition to lower overall premature mortality; WHEREAS the District of North Vancouver has the responsibility and capacity to lead by example in promoting sustainable, healthful, and environmentally friendly practices; THEREFORE BE IT RESOLVED that the governing body of the District of North Vancouver commit to prioritizing plant-based municipal food procurement as a key strategy to lower environmental impacts in keeping with the District Climate Action Plan by always ensuring that plant-based options are included and prioritized whenever food is purchased or funded. BE IT FURTHER RESOLVED that this policy be enacted as part of our wider commitment to environmental stewardship, public health, and biodiversity conservation within the District of North Vancouver and included in its Climate Action Plans and Strategies."
2024-05-13,Council workshop,3.1,Renovate the Public Hearing,Procedural,Carried,7,0,0,Lisa Muri,Herman Mah,In favour,In favour,In favour,In favour,In favour,In favour,In favour,Development; Governance & elections,,,,https://app.dnv.org/OpenDocument/Default.aspx?docNum=6466164,https://www.youtube.com/watch?v=mEWc7Di1gOE&t=00h02m07s,https://councilrecord.ca/district.html#vote/418,THAT the Renovate the Public Hearing Initiative presentation is received for information.
2024-05-27,Regular meeting,8.1,Bylaws 8672 and 8673: OCP Amendment and Rezoning for 108-unit townhouse development at 1915-1987 Glenaire Drive and 1974-1990 Belle Isle Place (“Belle Isle North”),Referral,Carried,5,2,0,Jim Hanson,Catherine Pope,In favour,Against,In favour,In favour,Against,In favour,In favour,Housing & density; Development,,,,https://app.dnv.org/OpenDocument/Default.aspx?docNum=6345211,https://www.youtube.com/watch?v=kIS4IB18lFw&t=00h47m10s,https://councilrecord.ca/district.html#vote/263,"THAT the matter is referred back to staff to report back on lock-off units, parking requirements, affordability, accessibility, and density transfer options."
2024-05-27,Regular meeting,8.2,"Loan Authorization Bylaw, 8649, Security Issuing Resolution",Main motion,Carried,7,0,0,Lisa Muri,Jordan Back,In favour,In favour,In favour,In favour,In favour,In favour,In favour,Taxes & spending; Metro Vancouver; Public safety,,,,https://app.dnv.org/OpenDocument/Default.aspx?docNum=6345211,https://www.youtube.com/watch?v=kIS4IB18lFw&t=01h33m52s,https://councilrecord.ca/district.html#vote/264,"THAT Council approve borrowing from the Municipal Finance Authority of British Columbia, as part of the 2024 Fall Long-Term Borrowing issue, $20,000,000 as authorized through the Maplewood Fire and Rescue Centre and Argyle Artificial Turf Field Loan Authorization Bylaw 8649, 2023, and that the Metro Vancouver Regional District are requested to consent to our borrowing over a twenty (20) year term and include the borrowing in a Security Issuing Bylaw."
2024-05-27,Regular meeting,8.3,Transitional Housing for District of North Vancouver Residents Facing Imminent Homelessness and Those at Risk or Already Unhoused,Main motion,Carried,7,0,0,Catherine Pope,Jordan Back,In favour,In favour,In favour,In favour,In favour,In favour,In favour,Housing & density; Transportation; Public services,,,,https://app.dnv.org/OpenDocument/Default.aspx?docNum=6345211,https://www.youtube.com/watch?v=kIS4IB18lFw&t=01h37m34s,https://councilrecord.ca/district.html#vote/265,"THAT Council direct staff to report back with housing solutions to respond to the crisis of North Vancouver residents facing imminent homelessness, including Travelodge evictees, a Canadian Mental Health Association (CMHA) operated home and others who are unhoused, living in their cars or in the rough – now and in the future; AND THAT Council direct staff to provide information and timelines for various housing types that can be built within six to twelve months, such as modular homes, pallet homes, tiny homes, container homes and other prefabricated concepts that have been successful in other cities in the Province; AND THAT Council direct staff to: • Collaborate with BC Housing, Provincial and Federal Governments to determine what funding or grants are immediately available for transitional or temporary housing; • Determine if previously approved partnership developments with BC Housing that have not broken ground (Lloyd Street for example) could be used to meet this urgent need; • Determine what Federal Government properties could possibly be used, such as a Canada Post office site; and, • Expedite all permits and development processes required."
2024-06-03,Regular meeting,8.1,"Bylaw 8692: Amendment to Fees and Charges Bylaw to Enable Pay Parking at Panorama Park, Deep Cove Park, and Whey-ah-Wichen/Cates Park",Amendment,Carried,6,1,0,Lisa Muri,Mike Little,In favour,In favour,In favour,Against,In favour,In favour,In favour,Taxes & spending; Transportation; Parks & recreation,1 of 3,,,https://app.dnv.org/OpenDocument/Default.aspx?docNum=6345210,https://www.youtube.com/watch?v=GoJeDxPn3yo&t=00h19m30s,https://councilrecord.ca/district.html#vote/267,THAT the main motion is amended to add “AND THAT staff are directed to update the hours for pay parking in District parks to 8:00 a.m. to 6:00 p.m.”
2024-06-03,Regular meeting,8.1,"Bylaw 8692: Amendment to Fees and Charges Bylaw to Enable Pay Parking at Panorama Park, Deep Cove Park, and Whey-ah-Wichen/Cates Park",Amendment,Defeated,2,5,0,Lisa Muri,Jim Hanson,Against,Against,Against,In favour,Against,In favour,Against,Taxes & spending; Transportation; Parks & recreation,2 of 3,,,https://app.dnv.org/OpenDocument/Default.aspx?docNum=6345210,https://www.youtube.com/watch?v=GoJeDxPn3yo&t=00h19m30s,https://councilrecord.ca/district.html#vote/268,THAT the main motion is amended to add “AND THAT District park parking passes are provided at no charge to District residents.”
2024-06-03,Regular meeting,8.1,"Bylaw 8692: Amendment to Fees and Charges Bylaw to Enable Pay Parking at Panorama Park, Deep Cove Park, and Whey-ah-Wichen/Cates Park",Main motion,Carried,6,1,0,Lisa Muri,Jordan Back,In favour,In favour,In favour,Against,In favour,In favour,In favour,Taxes & spending; Transportation; Parks & recreation,3 of 3,,,https://app.dnv.org/OpenDocument/Default.aspx?docNum=6345210,https://www.youtube.com/watch?v=GoJeDxPn3yo&t=00h19m30s,https://councilrecord.ca/district.html#vote/269,"THAT “Fees and Charges Bylaw 6481, 1992 Amendment Bylaw 8692, 2024 (Amendment 91)” is given FIRST, SECOND, and THIRD Readings; AND THAT staff are directed to update the hours for pay parking in District parks to 8:00 a.m. to 6:00 p.m."
2024-06-03,Regular meeting,8.2,Bylaw Introduction – Transit-Oriented Areas Designation Bylaw,Main motion,Carried,5,2,0,Jim Hanson,Catherine Pope,In favour,In favour,Against,In favour,In favour,Against,In favour,Housing & density; Development; Transportation,,,,https://app.dnv.org/OpenDocument/Default.aspx?docNum=6345210,https://www.youtube.com/watch?v=GoJeDxPn3yo&t=01h00m04s,https://councilrecord.ca/district.html#vote/270,"THAT “Transit-Oriented Areas Designation Bylaw 8679, 2024” is given FIRST, SECOND, and THIRD Readings."
2024-06-03,Regular meeting,8.3,"Bylaws 8698, 8680, 8696, 8699, and 8700 – Implementation of Small-Scale Multi-Unit Housing",Main motion,Carried,4,3,0,Mike Little,Lisa Muri,In favour,Against,In favour,Against,In favour,In favour,Against,Housing & density; Development; Utilities,,,,https://app.dnv.org/OpenDocument/Default.aspx?docNum=6345210,https://www.youtube.com/watch?v=GoJeDxPn3yo&t=01h27m30s,https://councilrecord.ca/district.html#vote/271,"THAT “District of North Vancouver Rezoning Bylaw 1443 (Bylaw 8698) is given FIRST, SECOND, and THIRD Readings; AND THAT “Sewer Bylaw 6656, 1994, Amendment Bylaw 8699, 2024 (Amendment 36)” is given FIRST, SECOND, and THIRD Readings; AND THAT “Waterworks Regulation Bylaw 2279, 1958, Amendment Bylaw 8700, 2024 (Amendment 70)” is given FIRST, SECOND, and THIRD Readings."
2024-06-03,Regular meeting,8.4,"UBCM Resolution: Enhanced Stormwater Management Requirements, Bills 44 and 47",Main motion,Carried,7,0,0,Lisa Muri,Betty Forbes,In favour,In favour,In favour,In favour,In favour,In favour,In favour,Development; Environment & climate; Public services; Governance & elections,,,,https://app.dnv.org/OpenDocument/Default.aspx?docNum=6345210,https://www.youtube.com/watch?v=GoJeDxPn3yo&t=03h00m00s,https://councilrecord.ca/district.html#vote/272,"WHEREAS Provincial and Municipal stormwater management guidelines were developed and implemented prior to the introduction of Bill 44 and Bill 47, the subsequent rapid increase in density will be accompanied by a dramatic rise in impermeable surfaces on a wide array of landscapes throughout the Province; AND WHEREAS urban stream health is directly impacted by stormwater runoff that is both increased in volume and reduced in quality by impermeable surfaces associated with development; AND WHEREAS public education, outreach and environmental protection legislation, bylaws and regulations have not been successful in protecting our streams and environment, current resources available to municipalities to support stormwater management under the implementation of these bills will prove inadequate to ensure protection of these fragile resources; THEREFORE BE IT RESOLVED that the Province amend current legislation to include enhanced stormwater management through zoning bylaws and development permit requirements to slow, sink and spread stormwater."
2024-06-17,Regular meeting,8.1,"Bylaw 8692: Amendment to Fees & Charges Bylaw to enable pay parking at Panorama Park, Deep Cove Park, and Whey-ah-Wichen/Cates Park",Main motion,Carried,7,0,0,Lisa Muri,Jordan Back,In favour,In favour,In favour,In favour,In favour,In favour,In favour,Taxes & spending; Transportation; Parks & recreation,,,,https://app.dnv.org/OpenDocument/Default.aspx?docNum=6387885,https://www.youtube.com/watch?v=KLMcE1B2AAo&t=00h47m37s,https://councilrecord.ca/district.html#vote/273,"THAT “Fees and Charges Bylaw 6481, 1992 Amendment Bylaw 8692, 2024 (Amendment 91)” is ADOPTED."
2024-06-17,Regular meeting,8.2,Bylaw 8679: Transit-Oriented Areas Designation Bylaw,Main motion,Carried,5,2,0,Herman Mah,Jordan Back,In favour,In favour,Against,In favour,In favour,Against,In favour,Housing & density; Transportation,,,,https://app.dnv.org/OpenDocument/Default.aspx?docNum=6387885,https://www.youtube.com/watch?v=KLMcE1B2AAo&t=00h48m03s,https://councilrecord.ca/district.html#vote/274,"THAT “Transit-Oriented Areas Designation Bylaw 8679, 2024” is ADOPTED."
2024-06-17,Regular meeting,8.3,"Bylaws 8698, 8699, and 8700 - Implementation of Small-Scale Multi-Unit Housing",Main motion,Referred,5,2,0,Mike Little,Lisa Muri,In favour,Against,In favour,In favour,In favour,In favour,Against,Housing & density; Utilities,,,,https://app.dnv.org/OpenDocument/Default.aspx?docNum=6387885,https://www.youtube.com/watch?v=KLMcE1B2AAo&t=00h48m32s,https://councilrecord.ca/district.html#vote/275,"THAT “District of North Vancouver Rezoning Bylaw 1443 (Bylaw 8698)” is ADOPTED; AND THAT “Sewer Bylaw 6656, 1994, Amendment Bylaw 8699, 2024 (Amendment 36)” is ADOPTED; AND THAT “Waterworks Regulation Bylaw 2279, 1958, Amendment Bylaw 8700, 2024 (Amendment 70)” is ADOPTED."
2024-06-17,Regular meeting,8.4,Zoning Bylaw Amendment – Off-Street Residential Parking in Transit-Oriented Areas,Main motion,Carried,5,2,0,Jim Hanson,Herman Mah,In favour,In favour,Against,In favour,In favour,Against,In favour,Housing & density; Development; Transportation,,,,https://app.dnv.org/OpenDocument/Default.aspx?docNum=6387885,https://www.youtube.com/watch?v=KLMcE1B2AAo&t=00h49m06s,https://councilrecord.ca/district.html#vote/276,THAT “District of North Vancouver Rezoning Bylaw 1444 (Bylaw 8703)” is considered; AND THAT a public hearing is not held in respect of Bylaw 8703; AND THAT staff are directed to undertake the required public notice.
2024-06-17,Regular meeting,8.5,2024-2028 Financial Plan Amendment #1,Main motion,Carried,7,0,0,Mike Little,Lisa Muri,In favour,In favour,In favour,In favour,In favour,In favour,In favour,Taxes & spending,,,,https://app.dnv.org/OpenDocument/Default.aspx?docNum=6387885,https://www.youtube.com/watch?v=KLMcE1B2AAo&t=01h14m37s,https://councilrecord.ca/district.html#vote/277,"THAT “2024-2028 Financial Plan Bylaw 8669, 2024, Amendment Bylaw 8701, 2024 (Amendment 1)” is given FIRST, SECOND, and THIRD Readings."
2024-06-17,Regular meeting,8.6,Bylaws 8650 and 8651: OCP Amendment and Rezoning for a 23-Unit Stacked Townhouse Development at 1990-1950 Sandown Place,Main motion,Carried,5,2,0,Mike Little,Herman Mah,In favour,In favour,Against,Against,In favour,In favour,In favour,Housing & density; Development,,,,https://app.dnv.org/OpenDocument/Default.aspx?docNum=6387885,https://www.youtube.com/watch?v=KLMcE1B2AAo&t=01h41m54s,https://councilrecord.ca/district.html#vote/278,"THAT the “District of North Vancouver Official Community Plan Bylaw 7900, 2011, Amendment Bylaw 8650, 2023 (Amendment 51)” is given FIRST reading; AND THAT the “District of North Vancouver Rezoning Bylaw 1432 (Bylaw 8651)” is given FIRST reading; AND THAT pursuant to Section 475 and Section 476 of the Local Government Act, additional consultation is not required beyond that already undertaken with respect to Bylaw 8650; AND THAT in accordance with Section 477 of the Local Government Act, Council has considered Bylaw 8650 in conjunction with its Financial Plan and applicable Waste Management Plans; AND THAT Bylaw 8650 and Bylaw 8651 are referred to a Public Hearing."
2024-06-17,Regular meeting,8.7,Electric Vehicle Strategy,Main motion,Carried,7,0,0,Mike Little,Lisa Muri,In favour,In favour,In favour,In favour,In favour,In favour,In favour,Environment & climate,,,,https://app.dnv.org/OpenDocument/Default.aspx?docNum=6387885,https://www.youtube.com/watch?v=KLMcE1B2AAo&t=00h46m52s,https://councilrecord.ca/district.html#vote/279,"THAT the Electric Vehicle Strategy as detailed in the June 5, 2024, report of the Sustainability Planner entitled Electric Vehicle Strategy is APPROVED."
2024-06-17,Regular meeting,8.8,Community Excellence Awards,Main motion,Carried,7,0,0,Mike Little,Lisa Muri,In favour,In favour,In favour,In favour,In favour,In favour,In favour,Public services; Public safety,,,,https://app.dnv.org/OpenDocument/Default.aspx?docNum=6387885,https://www.youtube.com/watch?v=KLMcE1B2AAo&t=00h46m52s,https://councilrecord.ca/district.html#vote/280,THAT Council supports the District of North Vancouver Fire and Rescue Services (DNVFRS) submission of the application to the Union of BC Municipalities (UBCM) 2024 Community Excellence Awards for Excellence in Service Delivery.
2024-06-25,Special meeting,2.1,2023 Annual Report,Main motion,Carried,7,0,0,Mike Little,Jim Hanson,In favour,In favour,In favour,In favour,In favour,In favour,In favour,Taxes & spending; Governance & elections,,,,https://app.dnv.org/OpenDocument/Default.aspx?docNum=6345207,https://www.youtube.com/watch?v=WJxeplR4XoM&pp=ygUbZGlzdHJpY3Qgb2Ygbm9ydGggdmFuY291dmVy,https://councilrecord.ca/district.html#vote/281,THAT Council receive the District of North Vancouver 2023 Annual Report.
2024-07-08,Regular meeting,8.1,1405 Pemberton Ave – Amendment to Existing Licence Endorsement for Beva Brewing and Blending Ltd.,Main motion,Carried,6,0,1,Lisa Muri,Jordan Back,Absent,In favour,In favour,In favour,In favour,In favour,In favour,Business & economy,,,,https://app.dnv.org/OpenDocument/Default.aspx?docNum=6387884,https://www.youtube.com/watch?v=xFzOyyhas0E&t=00h46m52s,https://councilrecord.ca/district.html#vote/311,"THAT the resolution included in Attachment 1 of the June 12, 2024 report of the Development Planner entitled 1405 Pemberton Ave – Amendment to Existing Licence Endorsement for Beva Brewing and Blending Ltd. is APPROVED."
2024-07-08,Regular meeting,8.2,Bylaw 8701: 2024-2028 Financial Plan Amendment #1,Main motion,Carried,6,0,1,Lisa Muri,Jordan Back,Absent,In favour,In favour,In favour,In favour,In favour,In favour,Taxes & spending,,,,https://app.dnv.org/OpenDocument/Default.aspx?docNum=6387884,https://www.youtube.com/watch?v=xFzOyyhas0E&t=01h11m24s,https://councilrecord.ca/district.html#vote/312,"THAT “2024-2028 Financial Plan Bylaw 8669, 2024 Amendment Bylaw 8701, 2024 (Amendment 1)” is ADOPTED."
2024-07-08,Regular meeting,8.3,Bylaws 8675 & 8676: OCP Amendment and Rezoning for a Six-Storey Market Rental Development at 1149 - 1155 Lynn Valley Road,Main motion,Carried,4,2,1,Jim Hanson,Jordan Back,Absent,In favour,Against,In favour,In favour,Against,In favour,Housing & density; Development,2 of 2,,,https://app.dnv.org/OpenDocument/Default.aspx?docNum=6387884,https://www.youtube.com/watch?v=xFzOyyhas0E&t=01h33m34s,https://councilrecord.ca/district.html#vote/313,"THAT the “District of North Vancouver Official Community Plan Bylaw 7900, 2011, Amendment Bylaw 8675, 2024 (Amendment 53)” is given FIRST Reading; AND THAT the “District of North Vancouver Rezoning Bylaw 1437 (Bylaw 8676)” is given FIRST Reading; AND THAT pursuant to Section 475 and Section 476 of the Local Government Act, additional consultation is not required beyond that already undertaken with respect to Bylaw 8675; AND THAT in accordance with Section 477 of the Local Government Act, Council has considered Bylaw 8675 in conjunction with its Financial Plan and applicable Waste Management Plans; AND THAT Bylaw 8675 and Bylaw 8676 are referred to a Public Hearing."
2024-07-08,Regular meeting,8.4,Bylaws 8693 and 8694: Rezoning and Housing Agreement Bylaws for a Six-Storey Rental Building at 1504-1520 Rupert Street,Main motion,Carried,6,0,1,Jim Hanson,Lisa Muri,Absent,In favour,In favour,In favour,In favour,In favour,In favour,Housing & density; Development,,,,https://app.dnv.org/OpenDocument/Default.aspx?docNum=6387884,https://www.youtube.com/watch?v=xFzOyyhas0E&t=02h34m11s,https://councilrecord.ca/district.html#vote/314,"THAT “District of North Vancouver Rezoning Bylaw 1441 (Bylaw 8693)” is given FIRST, SECOND and THIRD Readings; AND THAT “Housing Agreement Bylaw (Rental and Affordable Rental) 8694, 2024” is given FIRST, SECOND, and THIRD Readings."
2024-07-08,Regular meeting,8.5,"Proposed Partial Highway Closure and Dedication Removal 1504-1520 Rupert Street Highway Closure Bylaw 8695, 2024",Main motion,Carried,5,0,2,Lisa Muri,Jim Hanson,Absent,In favour,In favour,In favour,In favour,In favour,Absent,Development; Transportation,,,,https://app.dnv.org/OpenDocument/Default.aspx?docNum=6387884,https://www.youtube.com/watch?v=xFzOyyhas0E&t=02h55m40s,https://councilrecord.ca/district.html#vote/315,"THAT “1504-1520 Rupert Street Highway Closure Bylaw 8695, 2024” is given FIRST, SECOND and THIRD Readings."
2024-07-08,Regular meeting,8.6,Bylaw Introduction - Off-Street Residential Parking in Transit-Oriented Areas (Bylaw 8703),Main motion,Carried,4,2,1,Jim Hanson,Jordan Back,Absent,In favour,Against,In favour,In favour,Against,In favour,Housing & density; Transportation,,,,https://app.dnv.org/OpenDocument/Default.aspx?docNum=6387884,https://www.youtube.com/watch?v=xFzOyyhas0E&t=02h57m13s,https://councilrecord.ca/district.html#vote/316,"THAT “District of North Vancouver Rezoning Bylaw 1444 (Bylaw 8703)” is given FIRST, SECOND, and THIRD Readings."
2024-07-08,Regular meeting,8.7,2024 Community Service Grants,Main motion,Carried,6,0,1,Lisa Muri,Jordan Back,Absent,In favour,In favour,In favour,In favour,In favour,In favour,Taxes & spending; Public services,,,,https://app.dnv.org/OpenDocument/Default.aspx?docNum=6387884,https://www.youtube.com/watch?v=xFzOyyhas0E&t=01h11m24s,https://councilrecord.ca/district.html#vote/317,"THAT the 2024 Community Service Grants recommendations of $403,540, as described in the June 24, 2024, report of the Community Planner entitled 2024 Community Service Grants, is APPROVED. AND THAT staff be directed to refer the request for an inflation adjustment to the Community Service Grants budget for the 2025 financial planning process."
2024-07-08,Regular meeting,8.8,2024 Child Care Grants,Main motion,Carried,6,0,1,Lisa Muri,Jordan Back,Absent,In favour,In favour,In favour,In favour,In favour,In favour,Taxes & spending; Public services,,,,https://app.dnv.org/OpenDocument/Default.aspx?docNum=6387884,https://www.youtube.com/watch?v=xFzOyyhas0E&t=01h11m24s,https://councilrecord.ca/district.html#vote/318,"THAT the 2024 Child Care Grants recommendations of $68,186, as detailed in the June 19, 2024, report of the Community Planner entitled 2024 Child Care Grants, is APPROVED. AND THAT staff be directed to refer the request for an inflation adjustment to the Child Care Grants budget to the 2025 financial planning process."
2024-07-08,Regular meeting,8.9,Safety for Persons with Disabilities,Main motion,Carried,6,0,1,Catherine Pope,Jordan Back,Absent,In favour,In favour,In favour,In favour,In favour,In favour,Public services,,,,https://app.dnv.org/OpenDocument/Default.aspx?docNum=6387884,https://www.youtube.com/watch?v=xFzOyyhas0E&t=01h12m02s,https://councilrecord.ca/district.html#vote/319,"THAT Council endorse the requests of the North Shore Advisory Committee on Disability Issues (NSACDI) mentioned in the correspondence dated June 10, 2024; AND THAT a letter be sent to all organizations and/or agencies named in NSACDI’s request to advise them of Council’s endorsement; AND THAT staff collaborate with NSACDI, the City of North Vancouver and District of West Vancouver on a plan for an annual public accessibility and safety awareness event/forum for people with disabilities and report back to Council by September 2024."
2024-07-08,Regular meeting,8.3,Bylaws 8675 & 8676: OCP Amendment and Rezoning for a Six-Storey Market Rental Development at 1149 - 1155 Lynn Valley Road,Referral,Defeated,2,4,1,Betty Forbes,Lisa Muri,Absent,Against,In favour,Against,Against,In favour,Against,Housing & density; Development,1 of 2,,,https://app.dnv.org/OpenDocument/Default.aspx?docNum=6387884,https://www.youtube.com/watch?v=xFzOyyhas0E&pp=0gcJCYUJAYcqIYzv&t=01h33m34s,https://councilrecord.ca/district.html#vote/320,"THAT the matter is referred back to staff to report back on bedroom size, affordability and alignment with the Housing Needs Report, project proforma, permeable surface planning, access and parking."
2024-07-15,Council workshop,3.1,Official Community Plan Update – Proposed Scope,Procedural,Carried,5,0,2,Herman Mah,Lisa Muri,Absent,In favour,Absent,In favour,In favour,In favour,In favour,Housing & density,,,The District voting register records no vote for Councillor Forbes. The official meeting minutes list Councillor Forbes as absent from this meeting.,https://app.dnv.org/OpenDocument/Default.aspx?docNum=6466167,https://www.youtube.com/watch?v=ZmPdZADAD8Y,https://councilrecord.ca/district.html#vote/321,"THAT the July 2, 2024 report of the Senior Community Planner entitled Official Community Plan Update – Proposed Scope is received for information."
2024-07-22,Regular meeting,8.1,"Bylaws 8628, 8629: OCP Amendment and Rezoning Bylaws for a 32-unit townhouse development at 1031-1045 Ridgewood Drive",Main motion,Carried,6,0,1,Mike Little,Herman Mah,In favour,In favour,Absent,In favour,In favour,In favour,In favour,Housing & density; Development,,,,https://app.dnv.org/OpenDocument/Default.aspx?docNum=6387880,https://www.youtube.com/watch?v=64FnClNCrpg&t=00h27m25s,https://councilrecord.ca/district.html#vote/324,"THAT “District of North Vancouver Official Community Plan Bylaw 7900, 2011, Amendment Bylaw 8628, 2023 (Amendment 49)” is ADOPTED; AND THAT “District of North Vancouver Rezoning Bylaw 1427 (Bylaw 8629)” is ADOPTED."
2024-07-22,Regular meeting,8.2,Bylaw 8703: Off-Street Residential Parking in Transit-Oriented Areas,Main motion,Carried,5,1,1,Herman Mah,Jim Hanson,In favour,In favour,Absent,In favour,In favour,Against,In favour,Housing & density; Development; Transportation,,,,https://app.dnv.org/OpenDocument/Default.aspx?docNum=6387880,https://www.youtube.com/watch?v=64FnClNCrpg&t=00h28m24s,https://councilrecord.ca/district.html#vote/325,THAT “District of North Vancouver Rezoning Bylaw 1444 (Bylaw 8703)” is ADOPTED.
2024-07-22,Regular meeting,8.3,"Bylaws 8660, 8661, and 8663: Rezoning, Housing Agreement, and Development Cost Charges (DCC) Waiver Bylaws for a Mixed-Use Development at 2045-2075 Old Dollarton Road",Main motion,Carried,6,0,1,Mike Little,Herman Mah,In favour,In favour,Absent,In favour,In favour,In favour,In favour,Housing & density; Development,,,,https://app.dnv.org/OpenDocument/Default.aspx?docNum=6387880,https://www.youtube.com/watch?v=64FnClNCrpg&t=00h27m25s,https://councilrecord.ca/district.html#vote/326,"THAT “District of North Vancouver Rezoning Bylaw 1433 (Bylaw 8660)” is ADOPTED; AND THAT “Housing Agreement Bylaw 8661, 2023 (2045 Old Dollarton Road)” is ADOPTED; AND THAT “2045 - 2075 Old Dollarton Road Development Cost Charges Waiver Bylaw 8663, 2023” is ADOPTED."
2024-07-22,Regular meeting,8.4,"Bylaw 8662: Proposed Partial Highway Closure and Dedication Removal “2024 – 2075 Old Dollarton Highway Closure Bylaw 8662, 2023”",Main motion,Carried,6,0,1,Mike Little,Herman Mah,In favour,In favour,Absent,In favour,In favour,In favour,In favour,Development,,,,https://app.dnv.org/OpenDocument/Default.aspx?docNum=6387880,https://www.youtube.com/watch?v=64FnClNCrpg&t=00h27m25s,https://councilrecord.ca/district.html#vote/327,"THAT “2045 - 2075 Old Dollarton Road Highway Closure Bylaw 8662, 2023” is ADOPTED."
2024-07-22,Regular meeting,8.5,Development Permit 49.21 – 2045-2075 Dollarton Road,Main motion,Carried,6,0,1,Mike Little,Herman Mah,In favour,In favour,Absent,In favour,In favour,In favour,In favour,Development,,,,https://app.dnv.org/OpenDocument/Default.aspx?docNum=6387880,https://www.youtube.com/watch?v=64FnClNCrpg&t=00h27m25s,https://councilrecord.ca/district.html#vote/328,THAT Development Permit 49.21 for a five-storey mixed-use building at 2045-2075 Old Dollarton Road is ISSUED.
2024-07-22,Regular meeting,8.6,"Bylaws 8685, 8686, and 8702: Rezoning and Housing Agreements for a 6-Storey Mixed-Use Development at 2131-2171 Old Dollarton Road, 229-291 Riverside Drive and 2102-2128 Front Street",Main motion,Carried,4,2,1,Herman Mah,Jordan Back,In favour,In favour,Absent,Against,In favour,Against,In favour,Housing & density; Development,,,,https://app.dnv.org/OpenDocument/Default.aspx?docNum=6387880,https://www.youtube.com/watch?v=64FnClNCrpg&t=00h29m11s,https://councilrecord.ca/district.html#vote/329,"THAT “District of North Vancouver Rezoning Bylaw 1440 (Bylaw 8685)” is given FIRST, SECOND, and THIRD Readings; AND THAT “Housing Agreement Bylaw 8686, 2024 (2131 Old Dollarton Road – Market Rental Housing)” is given FIRST, SECOND, and THIRD Readings; AND THAT “Housing Agreement Bylaw 8702, 2024 (2131 Old Dollarton Road – Non- Market Rental Housing)” is given FIRST, SECOND, and THIRD Readings."
2024-07-22,Regular meeting,8.7,Bylaws 8672 and 8673: OCP Amendment and Rezoning for a Revised Application for a 104-unit townhouse development at 1915-1987 Glenaire Drive and 1974-1990 Belle Isle Place (“Belle Isle North”),Main motion,Carried,6,0,1,Mike Little,Herman Mah,In favour,In favour,Absent,In favour,In favour,In favour,In favour,Housing & density; Development,1 of 2,,,https://app.dnv.org/OpenDocument/Default.aspx?docNum=6387880,https://www.youtube.com/watch?v=64FnClNCrpg&t=01h28m13s,https://councilrecord.ca/district.html#vote/330,"THAT “District of North Vancouver Official Community Plan 7900, 2011, Amendment Bylaw 8672, 2024 (Amendment 52)” is given FIRST Reading; AND THAT “District of North Vancouver Rezoning Bylaw 1436 (Bylaw 8673)” is given FIRST Reading; AND THAT pursuant to Section 475 and Section 476 of the Local Government Act, additional consultation is not required beyond that already undertaken with respect to Bylaw 8672; AND THAT in accordance with Section 477 of the Local Government Act, Council has considered Bylaw 8672 in conjunction with its Financial Plan and applicable Waste Management Plans; AND THAT Bylaws 8672 and 8673 are referred to a Public Hearing."
2024-07-22,Regular meeting,8.7,Bylaws 8672 and 8673: OCP Amendment and Rezoning for a Revised Application for a 104-unit townhouse development at 1915-1987 Glenaire Drive and 1974-1990 Belle Isle Place (“Belle Isle North”),Main motion,Carried,6,0,1,Catherine Pope,Jim Hanson,In favour,In favour,Absent,In favour,In favour,In favour,In favour,Housing & density; Development; Taxes & spending,2 of 2,,,https://app.dnv.org/OpenDocument/Default.aspx?docNum=6387880,https://www.youtube.com/watch?v=64FnClNCrpg&t=01h28m13s,https://councilrecord.ca/district.html#vote/331,"THAT following Second and Third Readings of Bylaws 8672 and 8673, Community Amenity Contributions received from the developer of 1915-1987 Glenaire Drive and 1974-1990 Belle Isle Place (“Belle Isle North”) are directed to the Affordable Housing Reserve Fund."
2024-07-22,Regular meeting,8.8,Development Permit 42.23 – Emery Village Phase Four,Main motion,Carried,6,0,1,Mike Little,Herman Mah,In favour,In favour,Absent,In favour,In favour,In favour,In favour,Development; Neighbourhood character,,,,https://app.dnv.org/OpenDocument/Default.aspx?docNum=6387880,https://www.youtube.com/watch?v=64FnClNCrpg&t=01h53m15s,https://councilrecord.ca/district.html#vote/332,"THAT Development Permit 42.23 for the development of a 5-storey residential apartment building on the property at the site legally described as Lot 4 District Lot 2022 Group 1 New Westminster District Plan EPP96076, is ISSUED."
2024-07-22,Regular meeting,8.9,Project Update – Development Approvals Process Review (DAPR),Procedural,Carried,6,0,1,Lisa Muri,Herman Mah,In favour,In favour,Absent,In favour,In favour,In favour,In favour,Development,,,,https://app.dnv.org/OpenDocument/Default.aspx?docNum=6387880,https://www.youtube.com/watch?v=64FnClNCrpg&t=02h05m54s,https://councilrecord.ca/district.html#vote/333,"THAT the July 8, 2024, report of the Development Planner entitled “Project Update - Development Approval Process Review (DAPR)” is received for information."
2024-07-22,Regular meeting,8.10,Community Works Fund Agreement,Main motion,Carried,6,0,1,Mike Little,Herman Mah,In favour,In favour,Absent,In favour,In favour,In favour,In favour,Taxes & spending,,,,https://app.dnv.org/OpenDocument/Default.aspx?docNum=6387880,https://www.youtube.com/watch?v=64FnClNCrpg&t=00h27m25s,https://councilrecord.ca/district.html#vote/334,THAT the Mayor and Corporate Officer are authorized to sign the UBCM 2024-2034 Canada Community-Building Fund Agreement on behalf of the District of North Vancouver.
2024-07-22,Regular meeting,8.11,Facilitating a Naloxone Program in the District of North Vancouver,Main motion,Carried,6,0,1,Jordan Back,Lisa Muri,In favour,In favour,Absent,In favour,In favour,In favour,In favour,Public services; Governance & elections; Public safety,,,,https://app.dnv.org/OpenDocument/Default.aspx?docNum=6387880,https://www.youtube.com/watch?v=64FnClNCrpg&t=02h53m35s,https://councilrecord.ca/district.html#vote/335,"THAT staff are directed to report back on facilitating training for municipal and partner agency staff, including Executive staff, Council and Boards, to administer Naloxone; AND THAT staff are directed to report back on measures to increase the availability of CPR training and Naloxone, particularly in nasal spray form, in the District of North Vancouver; AND THAT staff are directed to report back on facilitating a program through our Economic Development Office for businesses to provide naloxone availability."
2024-09-23,Special meeting,8.1,Amendment to Rezoning Bylaw 8651 – 1900-1950 Sandown Place,Main motion,Carried,6,1,0,Jordan Back,Herman Mah,In favour,In favour,In favour,In favour,In favour,Against,In favour,Development,,,,https://app.dnv.org/OpenDocument/Default.aspx?docNum=6467040,https://www.youtube.com/watch?v=6JTWVzZ6LqY&t=00h37m08s,https://councilrecord.ca/district.html#vote/336,"THAT “District of North Vancouver Rezoning Bylaw 1432 (Bylaw 8651)” is given SECOND Reading, as amended."
2024-09-23,Special meeting,8.2,Proposed Development Charges,Main motion,Carried,5,2,0,Betty Forbes,Lisa Muri,In favour,Against,In favour,In favour,In favour,In favour,Against,North Shore Wastewater Treatment Plant (NSWWTP); Development; Taxes & spending,1 of 2,,,https://app.dnv.org/OpenDocument/Default.aspx?docNum=6467040,https://www.youtube.com/watch?v=6JTWVzZ6LqY&t=00h45m44s,https://councilrecord.ca/district.html#vote/337,"THAT “Development Cost Charges Bylaw 8704, 2024” is given SECOND Reading as amended;. AND THAT “Development Cost Charges Bylaw 8704, 2024” is given THIRD Reading; AND THAT “Amenity Cost Charges Bylaw 8705, 2024” is given SECOND Reading as amended; AND THAT “Amenity Cost Charges Bylaw 8705, 2024” is given THIRD Reading. AND THAT when DCC charges are reviewed for 2025, staff to include all costs, specifically to the NWSTTP ..and show the portion of the existing AND THAT when Development Cost Charges (DCCs) are reviewed for 2025, staff will include all costs, specifically to the North Shore Wastewater Treatment Plant and show the percentage of DCC proportion to existing rate payers and the percentage to growth."
2024-09-23,Special meeting,8.2,Proposed Development Charges,Main motion,Carried,7,0,0,Mike Little,Jim Hanson,In favour,In favour,In favour,In favour,In favour,In favour,In favour,Development; Taxes & spending,2 of 2,,,https://app.dnv.org/OpenDocument/Default.aspx?docNum=6467040,https://www.youtube.com/watch?v=6JTWVzZ6LqY&t=00h45m44s,https://councilrecord.ca/district.html#vote/338,"THAT “Amenity Cost Charges Bylaw 8705, 2024” is referred to a Council Workshop."
2024-09-23,Special meeting,8.3,Congestion and Curbside Management Permit – Program Update,Main motion,Carried,7,0,0,Jordan Back,Mike Little,In favour,In favour,In favour,In favour,In favour,In favour,In favour,Transportation,,,,https://app.dnv.org/OpenDocument/Default.aspx?docNum=6467040,https://www.youtube.com/watch?v=6JTWVzZ6LqY&t=01h30m19s,https://councilrecord.ca/district.html#vote/339,"THAT Congestion and Curbside Management Permit fees collected to date, and those collected in the future, are directed to support transportation programs for residents of the District of North Vancouver."
2024-09-23,Special meeting,8.4,Official Community Plan Update – Engagement Plan,Main motion,Carried,7,0,0,Herman Mah,Mike Little,In favour,In favour,In favour,In favour,In favour,In favour,In favour,Housing & density,,,,https://app.dnv.org/OpenDocument/Default.aspx?docNum=6467040,https://www.youtube.com/watch?v=6JTWVzZ6LqY&t=01h41m21s,https://councilrecord.ca/district.html#vote/340,"THAT in accordance with Section 475 of the Local Government Act, the proposed public engagement plan outlined in the August 26, 2024 report of the Community Planner entitled “Official Community Plan Update – Engagement Plan” is endorsed."
2024-09-23,Special meeting,8.5,Transitional Housing Solutions,Main motion,Carried,7,0,0,Catherine Pope,Jordan Back,In favour,In favour,In favour,In favour,In favour,In favour,In favour,Housing & density; Transportation,,,,https://app.dnv.org/OpenDocument/Default.aspx?docNum=6467040,https://www.youtube.com/watch?v=6JTWVzZ6LqY&t=02h21m22s,https://councilrecord.ca/district.html#vote/341,"THAT the August 23, 2024 report of the Housing Planner and Community Planner entitled Transitional Housing Solutions is received for information. AND THAT a Closed Special Meeting of Council be held as soon as possible to discuss previously identified District lands for transitional housing options."
2024-09-23,Special meeting,8.6,Ministry of Public Safety and Solicitor General’s Collaborative Public Safety Programs – North Shore Situation Tables Application,Main motion,Carried,7,0,0,Lisa Muri,Betty Forbes,In favour,In favour,In favour,In favour,In favour,In favour,In favour,Public services,,,,https://app.dnv.org/OpenDocument/Default.aspx?docNum=6467040,https://www.youtube.com/watch?v=6JTWVzZ6LqY&t=02h48m48s,https://councilrecord.ca/district.html#vote/342,THAT the establishment of a North Shore Situation Table for youth and a North Shore Situation Table for adults is supported; AND THAT an application for grant funding from relevant sources and senior levels of government for these initiatives is supported.
2024-09-23,Special meeting,8.7,Home Waste Prevention Strategies,Main motion,Carried,7,0,0,Lisa Muri,Herman Mah,In favour,In favour,In favour,In favour,In favour,In favour,In favour,Development,,,,https://app.dnv.org/OpenDocument/Default.aspx?docNum=6467040,https://www.youtube.com/watch?v=6JTWVzZ6LqY&t=02h48m48s,https://councilrecord.ca/district.html#vote/343,THAT Council direct staff to report back on options for the District of North Vancouver to implement the recommendations of the Home Waste Prevention Strategy: Municipal Action Plan into District of North Vancouver policy.
2024-10-07,Regular meeting,8.1,Bylaw 8670 – Rezoning to Enable a Two-lot Subdivision at 1250 W Keith Road,Main motion,Carried,7,0,0,Herman Mah,Jim Hanson,In favour,In favour,In favour,In favour,In favour,In favour,In favour,Development,,,,https://app.dnv.org/OpenDocument/Default.aspx?docNum=6458377,https://www.youtube.com/watch?v=zG46VA8K1K0&pp=ygUbZGlzdHJpY3Qgb2Ygbm9ydGggdmFuY291dmVy&t=00h33m03s,https://councilrecord.ca/district.html#vote/354,"THAT “District of North Vancouver Rezoning Bylaw 1435 (Bylaw 8670)” is given FIRST, SECOND and THIRD Readings."
2024-10-07,Regular meeting,8.2,700 Old Lillooet Road – Holiday Inn Hotel and Suites – Liquor Primary Licence Application for an Existing Lounge and Patio,Main motion,Carried,7,0,0,Lisa Muri,Jordan Back,In favour,In favour,In favour,In favour,In favour,In favour,In favour,Business & economy,,,,https://app.dnv.org/OpenDocument/Default.aspx?docNum=6458377,https://www.youtube.com/watch?v=zG46VA8K1K0&pp=ygUbZGlzdHJpY3Qgb2Ygbm9ydGggdmFuY291dmVy&t=00h32m08s,https://councilrecord.ca/district.html#vote/355,"THAT: 1. The Council has considered the following: • The location of the establishment; and • The person capacity and hours of liquor service. 2. The Council’s comments on the prescribed criteria are as follows: a) The impact of noise on the community in the vicinity of the proposed establishment: Noise impacts are expected to be minimal as the lounge and patio area is accessed through the hotel lobby, the patio is physically separated from adjacent residential areas, the patio will close at 11:00 pm each night of the week, the parking is located sufficiently far from and oriented away from adjacent residential areas. Additionally, the parking area for the Seymour’s Pub and Liquor Store is separated from the hotel parking by the pub building itself and the hotel building. b) The impact on the community if the application is approved: The impact on the community is expected to be minimal for the following reasons: • The lounge and patio are currently operated under a Food Primary Licence • The operations under the Food Primary Licence at this location have not resulted in negative community impact • The hours of operation for the patio are restricted to 11:00 pm nightly • The lounge and patio are accessed through the hotel lobby 3. The Council’s comments on the views of residents are as follows: Staff completed the following notification procedure in accordance with District Public Notification Policy: • A notice was delivered to 537 neighbouring property owners and tenants on July 17, 2024. • Two public notice signs were installed on the site from July 17 to August 14, 2024 • The notice period was extended from two weeks to four weeks in order to accommodate the summer season. A total of six responses were received including one indicating no concern and five either requesting additional information or expressing concern. The primary areas of concern were related to the close proximity of the proposed new liquor primary lounge to Seymour’s Pub and the potential for increased noise and disturbance on the surrounding community. Two responses also requested further information on the intent behind the change in liquor licence type as they were concerned it may involve an expansion of services. 4. The Council recommends the approval of the Liquor Primary Licence for the following reasons: The requested liquor primary licence to allow for the lounge and patio with a maximum occupancy of 37 and 20 patrons and employees respectively, during the operating hours of 9:00 am to 2:00 am for the lounge and 9:00 am to 11:00 pm for patio, each day of the week is supported by District Council. This support is given as: • The establishment is not expected to create noise impacts on the surrounding community; • The Zoning Bylaw permits the requested accessory use to accommodate a 57 patron-capacity lounge and patio; • Parking Regulations of the Zoning Bylaw have been met."
2024-10-07,Regular meeting,8.3,"2024-2027 Taxation Exemptions by Council Bylaw 8636, 2023 – Amendment Bylaw 8719, 2024 (Amendment 1)",Main motion,Carried,6,0,1,Lisa Muri,Mike Little,In favour,Absent,In favour,In favour,In favour,In favour,In favour,Taxes & spending; Governance & elections,,,,https://app.dnv.org/OpenDocument/Default.aspx?docNum=6458377,https://www.youtube.com/watch?v=zG46VA8K1K0&pp=ygUbZGlzdHJpY3Qgb2Ygbm9ydGggdmFuY291dmVy&t=00h45m47s,https://councilrecord.ca/district.html#vote/356,"THAT “2024-2027 Taxation Exemptions by Council Bylaw 8636, 2023 Amendment Bylaw 8719, 2024 (Amendment 1)” is given FIRST, SECOND, and THIRD Readings; AND THAT the Mayor and Corporate Officer are authorized to execute the Conditions of Exemption Agreement with R.N.B. Dance & Theatre Arts Society attached to the September 19, 2024 report of the Section Manager – Revenue and Taxation entitled 2024-2027 Taxation Exemptions by Council Bylaw 8636, 2023 – Amendment Bylaw 8719, 2024 (Amendment 1)."
2024-10-07,Regular meeting,8.4,Museum and Archives Commission Agreement Bylaw Amending Bylaw 8720 - Deaccessions,Main motion,Carried,7,0,0,Lisa Muri,Jordan Back,In favour,In favour,In favour,In favour,In favour,In favour,In favour,Parks & recreation,,,,https://app.dnv.org/OpenDocument/Default.aspx?docNum=6458377,https://www.youtube.com/watch?v=zG46VA8K1K0&pp=ygUbZGlzdHJpY3Qgb2Ygbm9ydGggdmFuY291dmVy&t=00h32m08s,https://councilrecord.ca/district.html#vote/357,"THAT “Museum and Archives Commission Agreement Bylaw 6789, 1995 Amending Bylaw 8720, 2024 (Amending Bylaw 2)” is given FIRST, SECOND and THIRD Readings."
2024-10-07,Regular meeting,8.5,Protection of the Urban Tree Canopy in the District,Main motion,Carried,7,0,0,Lisa Muri,Jim Hanson,In favour,In favour,In favour,In favour,In favour,In favour,In favour,Environment & climate,,,,https://app.dnv.org/OpenDocument/Default.aspx?docNum=6458377,https://www.youtube.com/watch?v=zG46VA8K1K0&pp=ygUbZGlzdHJpY3Qgb2Ygbm9ydGggdmFuY291dmVy&t=00h46m48s,https://councilrecord.ca/district.html#vote/358,"THAT Council direct staff to prioritize the protection and growth of the urban tree canopy in the District by updating policy to include an urban forest management plan; AND THAT Council direct staff to update development requirements to ensure successful tree planting in areas of redevelopment, and report back with policy initiatives and benchmarks."
2024-10-07,Regular meeting,8.6,Disc Golf in the District of North Vancouver,Main motion,Carried,7,0,0,Jordan Back,Catherine Pope,In favour,In favour,In favour,In favour,In favour,In favour,In favour,Parks & recreation,,,,https://app.dnv.org/OpenDocument/Default.aspx?docNum=6458377,https://www.youtube.com/watch?v=zG46VA8K1K0&pp=ygUbZGlzdHJpY3Qgb2Ygbm9ydGggdmFuY291dmVy&t=01h03m05s,https://councilrecord.ca/district.html#vote/359,"THAT Council direct staff to report back on the current disc golf playing facilities available on the North Shore and options for constructing a new disc golf course in the District of North Vancouver, informed by the Indoor/Outdoor Recreation and Sport Facility and Amenity assessment report anticipated from the North Vancouver Recreation and Culture Commission in the coming months."
2024-10-07,Regular meeting,8.7,Lynn Valley Youth Centre,Main motion,Carried,7,0,0,Jordan Back,Catherine Pope,In favour,In favour,In favour,In favour,In favour,In favour,In favour,Parks & recreation; Public services,,,,https://app.dnv.org/OpenDocument/Default.aspx?docNum=6458377,https://www.youtube.com/watch?v=zG46VA8K1K0&pp=ygUbZGlzdHJpY3Qgb2Ygbm9ydGggdmFuY291dmVy&t=01h21m18s,https://councilrecord.ca/district.html#vote/360,"THAT Council direct staff to report back on the history of previous Council discussions and financial commitments around the creation of a youth centre in Lynn Valley; AND THAT Council direct staff to report back on options to use $268,000 in reserve funds to enhance youth support in Lynn Valley."
2024-10-21,Regular meeting,8.1,"NVRC Mandate and Strategic Plan: Vision, Values and Goals",Main motion,Carried,7,0,0,Mike Little,Lisa Muri,In favour,In favour,In favour,In favour,In favour,In favour,In favour,Parks & recreation,,,,https://app.dnv.org/OpenDocument/Default.aspx?docNum=6467044,https://www.youtube.com/watch?v=j8ODT--zo_g&t=02h47m36s,https://councilrecord.ca/district.html#vote/345,"PURSUANT to the report of the Director of Recreation & Culture, dated October 9, 2024, entitled “NVRC Mandate and Strategic Plan Vision, Values and Goals”: THAT Council approve the revised Mandate (Attachment 1) as recommended by the Commission; AND THAT Council receive the revised Strategic Plan Vision, Values and Goals (Attachment 2) for information."
2024-10-21,Regular meeting,8.2,"2024-2027 Taxation Exemptions by Council Bylaw 8636, 2023 - Amendment Bylaw 8719, 2024 (Amendment 1)",Main motion,Carried,7,0,0,Lisa Muri,Herman Mah,In favour,In favour,In favour,In favour,In favour,In favour,In favour,Taxes & spending; Governance & elections,,,,https://app.dnv.org/OpenDocument/Default.aspx?docNum=6467044,https://www.youtube.com/watch?v=j8ODT--zo_g&t=00h21m58s,https://councilrecord.ca/district.html#vote/346,"THAT “2024-2027 Taxation Exemptions by Council Bylaw 8636, 2023 Amendment Bylaw 8719, 2024 (Amendment 1)” is ADOPTED."
2024-10-21,Regular meeting,8.3,Museum and Archives Commission Agreement Bylaw Amending Bylaw 8720 - Deaccessions,Main motion,Carried,7,0,0,Lisa Muri,Herman Mah,In favour,In favour,In favour,In favour,In favour,In favour,In favour,Parks & recreation; Business & economy,,,,https://app.dnv.org/OpenDocument/Default.aspx?docNum=6467044,https://www.youtube.com/watch?v=j8ODT--zo_g&t=00h21m58s,https://councilrecord.ca/district.html#vote/347,"THAT “Museum and Archives Commission Agreement Bylaw 6789, 1995 Amending Bylaw 8720, 2024 (Amending Bylaw 2)” is ADOPTED."
2024-10-21,Regular meeting,8.4,"Bylaws 8681, 8682, 8683 & 8690 - OCP Amendment & Rezoning for 1634 &1748 Capilano Road",Main motion,Carried,4,3,0,Jim Hanson,Jordan Back,Against,In favour,Against,In favour,In favour,Against,In favour,Housing & density; Development,,,,https://app.dnv.org/OpenDocument/Default.aspx?docNum=6467044,https://www.youtube.com/watch?v=j8ODT--zo_g&t=01h39m45s,https://councilrecord.ca/district.html#vote/348,"THAT the “BYLAW 8681” District of North Vancouver Official Community Plan Bylaw 7900, 2011, Amendment Bylaw 8681, 2024 (Amendment 54)” is given FIRST reading; AND THAT the “BYLAW 8682 – District of North Vancouver Rezoning Bylaw 1439 (Bylaw 8682” is given FIRST reading; AND THAT “BYLAW 8683 – District of North Vancouver Housing Agreement Bylaw 8677, 2024” is given FIRST reading; AND THAT “BYLAW 8690 – District of North Vancouver Housing Agreement Bylaw 8690, 2024” is given FIRST reading; AND THAT pursuant to Section 475 and Section 476 of the Local Government Act, additional consultation is not required beyond that already undertaken with respect to Bylaw 8681; AND THAT in accordance with Section 477 of the Local Government Act, Council has considered Bylaw 8681 in conjunction with its Financial Plan and applicable Waste Management Plans; AND THAT Bylaw 8681 and Bylaw 8682 are referred to a Public Hearing."
2024-10-21,Regular meeting,8.5,"Bylaws 8706, 8671 & 8688: OCP Amendment Heritage Revitalization Agreement & Designation for the “Cross Residence” at 1120 Harold Road",Main motion,Carried,7,0,0,Jim Hanson,Jordan Back,In favour,In favour,In favour,In favour,In favour,In favour,In favour,Housing & density; Development; Neighbourhood character,,,,https://app.dnv.org/OpenDocument/Default.aspx?docNum=6467044,https://www.youtube.com/watch?v=j8ODT--zo_g&t=02h08m06s,https://councilrecord.ca/district.html#vote/349,"THAT “District of North Vancouver Official Community Plan Bylaw 7900, 2011, Amendment Bylaw 8706, 2024 (Amendment 55)” is given FIRST Reading; AND THAT “Heritage Revitalization Agreement Authorization Bylaw 8671, 2024 (1120 Harold Road – Cross Residence)” is given FIRST Reading; AND THAT “Heritage Designation Bylaw 8688, 2024 (1120 Harold Road – Cross Residence)” is given FIRST Reading; AND THAT Bylaws 8706, 8671 and 8688 are referred to a Public Hearing."
2024-10-21,Regular meeting,8.6,Bylaws 8675 & 8676: OCP Amendment and Rezoning for a Six-storey Market Rental Development at 1149-1155 Lynn Valley Road,Main motion,Carried,7,0,0,Jim Hanson,Herman Mah,In favour,In favour,In favour,In favour,In favour,In favour,In favour,Housing & density; Development,,,,https://app.dnv.org/OpenDocument/Default.aspx?docNum=6467044,https://www.youtube.com/watch?v=j8ODT--zo_g&t=02h21m25s,https://councilrecord.ca/district.html#vote/350,"THAT the “District of North Vancouver Official Community Plan Bylaw 7900, 2011, Amendment Bylaw 8675, 2024 (Amendment 53)” is given SECOND and THIRD Readings; AND THAT the “District of North Vancouver Rezoning Bylaw 1437 (Bylaw 8676)” is given SECOND and THIRD Readings."
2024-10-21,Regular meeting,8.7,2024 Interim Housing Needs Report,Main motion,Carried,7,0,0,Mike Little,Lisa Muri,In favour,In favour,In favour,In favour,In favour,In favour,In favour,Housing & density,,,,https://app.dnv.org/OpenDocument/Default.aspx?docNum=6467044,https://www.youtube.com/watch?v=j8ODT--zo_g&t=00h42m14s,https://councilrecord.ca/district.html#vote/351,"THAT the District of North Vancouver’s Housing Needs Report, Attachment 1 to the October 4, 2024 report of the Housing Planner entitled 2024 Interim Housing Needs Report, is received by Council, and published on the District’s website."
2024-10-21,Regular meeting,8.8,Zoning Bylaw Rewrite – Project Launch,Procedural,Carried,7,0,0,Mike Little,Lisa Muri,In favour,In favour,In favour,In favour,In favour,In favour,In favour,Development,,,,https://app.dnv.org/OpenDocument/Default.aspx?docNum=6467044,https://www.youtube.com/watch?v=j8ODT--zo_g&t=02h34m04s,https://councilrecord.ca/district.html#vote/352,"THAT the October 3, 2024 report of the Senior Development Planner entitled Zoning Bylaw Rewrite – Project Launch is received for information."
2024-10-21,Regular meeting,8.9,Large Item Pick-up Service,Main motion,Defeated,3,4,0,Jordan Back,Catherine Pope,Against,In favour,Against,In favour,Against,Against,In favour,Public services,,,,https://app.dnv.org/OpenDocument/Default.aspx?docNum=6467044,https://www.youtube.com/watch?v=j8ODT--zo_g&t=03h00m12s,https://councilrecord.ca/district.html#vote/353,THAT Council direct staff to report back on options for implementing a large item pick-up service for District of North Vancouver residents.
2024-11-04,Regular meeting,8.1,Bylaw 8670 Rezoning to Enable a Two-lot Subdivision at 1250 W Keith Rd,Main motion,Carried,7,0,0,Jordan Back,Jim Hanson,In favour,In favour,In favour,In favour,In favour,In favour,In favour,Development,,,,https://app.dnv.org/OpenDocument/Default.aspx?docNum=6477235,https://www.youtube.com/watch?v=kQtRD8XSyZU&t=00h22m04s,https://councilrecord.ca/district.html#vote/365,THAT “District of North Vancouver Rezoning Bylaw 1435 (Bylaw 8670)” is ADOPTED.
2024-11-04,Regular meeting,8.2,2025 Council Meeting Schedule,Main motion,Carried,7,0,0,Mike Little,Lisa Muri,In favour,In favour,In favour,In favour,In favour,In favour,In favour,Governance & elections,,,,https://app.dnv.org/OpenDocument/Default.aspx?docNum=6477235,https://www.youtube.com/watch?v=kQtRD8XSyZU&t=00h22m34s,https://councilrecord.ca/district.html#vote/366,THAT the 2025 Council meeting schedule is APPROVED.
2024-11-04,Regular meeting,8.3,Update to Electric Vehicle Charging Infrastructure Policy for New Construction,Main motion,Carried,7,0,0,Jordan Back,Herman Mah,In favour,In favour,In favour,In favour,In favour,In favour,In favour,Development; Environment & climate,,,,https://app.dnv.org/OpenDocument/Default.aspx?docNum=6477235,https://www.youtube.com/watch?v=kQtRD8XSyZU&t=00h25m51s,https://councilrecord.ca/district.html#vote/367,THAT “District of North Vancouver Rezoning Bylaw 1421 (Bylaw 8597)” to amend the Zoning Bylaw to include the District’s electric vehicle charging infrastructure standards for new construction is considered; AND THAT a Public Hearing is not held in respect of “District of North Vancouver Rezoning Bylaw 1421 (Bylaw 8597)”; AND THAT staff are directed to undertake the required public notice in respect of Bylaw 8597.
2024-11-04,Regular meeting,8.4,"Provincial Housing Target Progress Reporting for the DNV October 1, 2023 - September 30, 2024",Main motion,Carried,7,0,0,Mike Little,Jim Hanson,In favour,In favour,In favour,In favour,In favour,In favour,In favour,Housing & density; Development,,,,https://app.dnv.org/OpenDocument/Default.aspx?docNum=6477235,https://www.youtube.com/watch?v=kQtRD8XSyZU&t=00h42m50s,https://councilrecord.ca/district.html#vote/368,"THAT the Housing Target Progress Report as detailed in the October 21, 2024, report of the Community Planner titled Provincial Housing Target Progress Reporting for the District of North Vancouver, October 1, 2023 – September 30, 2024, is received by Council in accordance with the Housing Supply Act and Regulation."
2024-11-04,Regular meeting,8.5,Public Inquiry of North Shore Wastewater Treatment Plant,Main motion,Carried,7,0,0,Catherine Pope,Jim Hanson,In favour,In favour,In favour,In favour,In favour,In favour,In favour,North Shore Wastewater Treatment Plant (NSWWTP); Public services; Governance & elections; Utilities,,,,https://app.dnv.org/OpenDocument/Default.aspx?docNum=6477235,https://www.youtube.com/watch?v=kQtRD8XSyZU&t=01h01m23s,https://councilrecord.ca/district.html#vote/369,THAT Council request the Province of British Columbia hold a public inquiry into the North Shore Wastewater Treatment Plant.
2024-11-18,Regular meeting,8.1,"MONOVA Strategic Plan 2024-2027, An Update",Procedural,Carried,7,0,0,Jordan Back,Lisa Muri,In favour,In favour,In favour,In favour,In favour,In favour,In favour,Public services,,,,https://app.dnv.org/OpenDocument/Default.aspx?docNum=6500222,https://www.youtube.com/watch?v=JQzcA2BNCmU&t=00h25m00s,https://councilrecord.ca/district.html#vote/370,"THAT the report of the Director – MONOVA: Museum and Archives of North Vancouver entitled MONOVA Strategic Plan 2024-2027, An Update is received for information."
2024-11-18,Regular meeting,8.2,Development Variance Permit 23.24 – 3091 Royal Avenue,Main motion,Carried,7,0,0,Mike Little,Lisa Muri,In favour,In favour,In favour,In favour,In favour,In favour,In favour,Development,,,,https://app.dnv.org/OpenDocument/Default.aspx?docNum=6500222,https://www.youtube.com/watch?v=JQzcA2BNCmU&t=00h51m01s,https://councilrecord.ca/district.html#vote/371,"THAT Development Variance Permit 23.24 to reduce the rear yard setback on future Lot 1 at 3091 Royal Avenue, to allow retention of existing house, is ISSUED."
2024-11-18,Regular meeting,8.3,Development Permit 1.22 – 1031-1045 Ridgewood Drive,Main motion,Carried,7,0,0,Mike Little,Lisa Muri,In favour,In favour,In favour,In favour,In favour,In favour,In favour,Development,,,,https://app.dnv.org/OpenDocument/Default.aspx?docNum=6500222,https://www.youtube.com/watch?v=JQzcA2BNCmU&t=00h23m54s,https://councilrecord.ca/district.html#vote/372,THAT Development Permit 1.22 to allow for the construction of a 32-unit townhouse development at 1031-1045 Ridgewood Drive is ISSUED.
2024-11-18,Regular meeting,8.4,Bylaws 8650 and 8651: OCP Amendment and Rezoning for a 23-Unit Stacked Townhouse Development at 1900-1950 Sandown Place,Main motion,Carried,7,0,0,Jim Hanson,Lisa Muri,In favour,In favour,In favour,In favour,In favour,In favour,In favour,Housing & density; Development,,,,https://app.dnv.org/OpenDocument/Default.aspx?docNum=6500222,https://www.youtube.com/watch?v=JQzcA2BNCmU&t=01h04m41s,https://councilrecord.ca/district.html#vote/373,"THAT “District of North Vancouver Official Community Plan Bylaw 7900, 2011, Amendment Bylaw 8650, 2023 (Amendment 51)” is given SECOND and THIRD Readings; AND THAT “District of North Vancouver Rezoning Bylaw 1432 (Bylaw 8651)” is given THIRD Reading."
2024-11-18,Regular meeting,8.4,Bylaws 8650 and 8651: OCP Amendment and Rezoning for a 23-Unit Stacked Townhouse Development at 1900-1950 Sandown Place,Referral,Carried,5,2,0,Lisa Muri,Herman Mah,In favour,In favour,In favour,Against,In favour,In favour,Against,Housing & density; Development; Taxes & spending,,,,https://app.dnv.org/OpenDocument/Default.aspx?docNum=6500222,https://www.youtube.com/watch?v=JQzcA2BNCmU&t=01h04m41s,https://councilrecord.ca/district.html#vote/374,THAT the following matter is referred back to staff for more information: THAT the Community Amenity Contributions from the developer of 1900-1950 Sandown Place are directed to the Affordable Housing Fund
2024-11-18,Regular meeting,8.5,Bylaws 8672 and 8673: OCP Amendment and Rezoning for a Revised Application for a 104-unit townhouse development at 1915-1987 Glenaire Drive & 1974-1990 Belle Isle Place (“Belle Isle North”),Main motion,Carried,7,0,0,Jim Hanson,Herman Mah,In favour,In favour,In favour,In favour,In favour,In favour,In favour,Housing & density; Development,,,,https://app.dnv.org/OpenDocument/Default.aspx?docNum=6500222,https://www.youtube.com/watch?v=JQzcA2BNCmU&t=01h20m26s,https://councilrecord.ca/district.html#vote/375,"THAT “District of North Vancouver Official Community Plan 7900, 2011, Amendment Bylaw 8672, 2024 (Amendment 52)” is given SECOND and THIRD Readings; AND THAT “District of North Vancouver Rezoning Bylaw 1436 (Bylaw 8673)” is given SECOND and THIRD Readings."
2024-11-18,Regular meeting,8.6,2024-2028 Financial Plan Amendment #2,Main motion,Carried,7,0,0,Lisa Muri,Mike Little,In favour,In favour,In favour,In favour,In favour,In favour,In favour,Taxes & spending,,,,https://app.dnv.org/OpenDocument/Default.aspx?docNum=6500222,https://www.youtube.com/watch?v=JQzcA2BNCmU&t=01h24m01s,https://councilrecord.ca/district.html#vote/376,"THAT “2024-2028 Financial Plan Bylaw 8669, 2024 Amendment Bylaw 8723, 2024 (Amendment 2)” is given FIRST, SECOND, and THIRD Readings."
2024-11-18,Regular meeting,8.7,Annual Review of Fees and Charges – 2025,Main motion,Carried,7,0,0,Mike Little,Betty Forbes,In favour,In favour,In favour,In favour,In favour,In favour,In favour,Taxes & spending,,,,https://app.dnv.org/OpenDocument/Default.aspx?docNum=6500222,https://www.youtube.com/watch?v=JQzcA2BNCmU&t=01h44m08s,https://councilrecord.ca/district.html#vote/377,"THAT “Fees and Charges Bylaw 6481, 1992 Amendment Bylaw 8724, 2024 (Amendment 94)” is given FIRST, SECOND, and THIRD Readings."
2024-11-18,Regular meeting,8.8,Replacement of Environmental Fee with Environmental Levy,Postponement,Carried,5,2,0,Mike Little,Lisa Muri,In favour,In favour,Against,Against,In favour,In favour,In favour,Taxes & spending; Environment & climate,,,,https://app.dnv.org/OpenDocument/Default.aspx?docNum=6500222,https://www.youtube.com/watch?v=JQzcA2BNCmU&t=01h56m13s,https://councilrecord.ca/district.html#vote/378,THAT the matter is deferred to next tax year in order for staff to undertake further consultation.
2024-11-18,Regular meeting,8.9,2024 FireSmart Community Funding and Supports Grant,Main motion,Carried,7,0,0,Mike Little,Lisa Muri,In favour,In favour,In favour,In favour,In favour,In favour,In favour,Taxes & spending; Public services; Public safety,,,,https://app.dnv.org/OpenDocument/Default.aspx?docNum=6500222,https://www.youtube.com/watch?v=JQzcA2BNCmU&t=00h23m54s,https://councilrecord.ca/district.html#vote/379,THAT Council support the 2024 FireSmart Community Funding and Supports Grant Application entitled “2024 FireSmart Community Risk Reduction and Resiliency Program”.
2024-11-18,Regular meeting,8.10,Partnership with Churches and Faith Based Groups for Affordable Housing,Main motion,Defeated,3,4,0,Catherine Pope,Jordan Back,Against,In favour,Against,In favour,Against,Against,In favour,Housing & density; Public services,,,,https://app.dnv.org/OpenDocument/Default.aspx?docNum=6500222,https://www.youtube.com/watch?v=JQzcA2BNCmU&t=02h09m56s,https://councilrecord.ca/district.html#vote/380,THAT Council direct staff to report back on opportunities to facilitate places of worship to redevelop as mixed-use sites to support affordable housing needs and the growing and diverse population of the District of North Vancouver.
2024-11-25,Special meeting,3.1,Grant Funding Application - Spirit Trail Eastern Extension: Seymour to Windridge/Berkley,Main motion,Carried,7,0,0,Mike Little,Jordan Back,In favour,In favour,In favour,In favour,In favour,In favour,In favour,Taxes & spending; Transportation; Parks & recreation,,,,https://app.dnv.org/OpenDocument/Default.aspx?docNum=6477239,https://www.youtube.com/watch?v=H_uYZ_1L1zw&pp=ygUbZGlzdHJpY3Qgb2Ygbm9ydGggdmFuY291dmVy&t=00h42m07s,https://councilrecord.ca/district.html#vote/381,"THAT the application for up to $310,755.50 in grant funding through the B.C. Active Transportation Infrastructure Grants Program, for the Spirit Trail Eastern Extension: Seymour to Windridge/Berkley, is supported; AND THAT the District of North Vancouver confirm that the Spirit Trail Eastern Extension is a municipal priority; AND THAT the District commits to its share of approximately half of the total estimated project costs for the Spirit Trail Eastern Extension: Seymour to Windridge/Berkley, with staff continuing to find additional grant opportunities, where possible, to further reduce the District’s contribution."
2024-11-25,Special meeting,3.2,Mountain Highway Safety Improvements: Lynn Valley Road to Arborlynn Drive – Central Segment,Main motion,Carried,7,0,0,Mike Little,Jim Hanson,In favour,In favour,In favour,In favour,In favour,In favour,In favour,Transportation,,,,https://app.dnv.org/OpenDocument/Default.aspx?docNum=6477239,https://www.youtube.com/watch?v=H_uYZ_1L1zw&pp=ygUbZGlzdHJpY3Qgb2Ygbm9ydGggdmFuY291dmVy&t=00h56m25s,https://councilrecord.ca/district.html#vote/382,THAT Council rejects the road reallocation proposed under the Mountain Highway Safety Improvements Central Segment at this time; AND THAT the Mountain Highway Safety Improvements Central Segment is referred back to staff to address safety without reallocation and report back to Council as soon as possible.
2024-12-02,Regular meeting,8.1,2024-2028 Financial Plan Amendment #2,Main motion,Carried,7,0,0,Jim Hanson,Herman Mah,In favour,In favour,In favour,In favour,In favour,In favour,In favour,Taxes & spending,,,,https://app.dnv.org/OpenDocument/Default.aspx?docNum=6477243,https://www.youtube.com/watch?v=7wbcVTANY0w&t=00h15m34s,https://councilrecord.ca/district.html#vote/392,"THAT “2024-2028 Financial Plan Bylaw 8669, 2024, Amendment Bylaw 8723, 2024 (Amendment 2)” is ADOPTED."
2024-12-02,Regular meeting,8.2,Annual Review of Fees and Charges – 2025,Main motion,Carried,7,0,0,Jordan Back,Betty Forbes,In favour,In favour,In favour,In favour,In favour,In favour,In favour,Taxes & spending,,,,https://app.dnv.org/OpenDocument/Default.aspx?docNum=6477243,https://www.youtube.com/watch?v=7wbcVTANY0w&t=00h16m38s,https://councilrecord.ca/district.html#vote/393,"THAT “Fees and Charges Bylaw 6481, 1992 Amendment Bylaw 8724, 2024 (Amendment 94)” is ADOPTED."
2024-12-02,Regular meeting,8.3.1,Bylaw 8722: Waterworks User Charges and Service Fees for 2025,Main motion,Carried,6,1,0,Jim Hanson,Jordan Back,In favour,In favour,In favour,In favour,In favour,In favour,Against,Taxes & spending; Public services; Utilities,,,,https://app.dnv.org/OpenDocument/Default.aspx?docNum=6477243,https://www.youtube.com/watch?v=7wbcVTANY0w&t=00h17m02s,https://councilrecord.ca/district.html#vote/394,"THAT “Waterworks Regulation Bylaw 2279, 1958, Amendment Bylaw 8722, 2024 (Amendment 71)” is given FIRST, SECOND, and THIRD Readings."
2024-12-02,Regular meeting,8.3.2,Bylaw 8721: Sewer User Charges and Service Fees for 2025,Main motion,Carried,6,1,0,Jim Hanson,Jordan Back,In favour,In favour,In favour,In favour,In favour,In favour,Against,Taxes & spending; Public services; Utilities,,,The District voting register records Councillor Pope as absent. The official meeting minutes record Councillor Pope as opposed.,https://app.dnv.org/OpenDocument/Default.aspx?docNum=6477243,https://www.youtube.com/watch?v=7wbcVTANY0w&t=00h17m02s,https://councilrecord.ca/district.html#vote/395,"THAT “Sewer Bylaw 6656, 1994, Amendment Bylaw 8721, 2024 (Amendment 37)” is given FIRST, SECOND, and THIRD Readings."
2024-12-02,Regular meeting,8.3.3,Bylaw 8725: Solid Waste Collection and Service Fees for 2025,Main motion,Carried,6,1,0,Jim Hanson,Jordan Back,In favour,In favour,In favour,In favour,In favour,In favour,Against,Taxes & spending; Public services; Utilities,,,The District voting register records Councillor Pope as absent. The official meeting minutes record Councillor Pope as opposed.,https://app.dnv.org/OpenDocument/Default.aspx?docNum=6477243,https://www.youtube.com/watch?v=7wbcVTANY0w&t=00h17m02s,https://councilrecord.ca/district.html#vote/396,"THAT “Solid Waste Management Bylaw 8436, 2021, Amendment Bylaw 8725, 2024 (Amendment 4)” is given FIRST, SECOND, and THIRD Readings."
2024-12-02,Regular meeting,8.3,2025 Utility Rates and new Billing Collections in March,Main motion,Carried,7,0,0,Catherine Pope,Jim Hanson,In favour,In favour,In favour,In favour,In favour,In favour,In favour,North Shore Wastewater Treatment Plant (NSWWTP); Taxes & spending; Public services; Utilities,,,,https://app.dnv.org/OpenDocument/Default.aspx?docNum=6477243,https://www.youtube.com/watch?v=7wbcVTANY0w&t=00h17m02s,https://councilrecord.ca/district.html#vote/397,THAT Council appeal to Members of the Legislative Assembly of British Columbia and the Province to consider allowing utilities charges to be deferred in a similar manner to property taxes.
2024-12-02,Regular meeting,8.4,Proposed Coach House Process Improvements,Main motion,Carried,7,0,0,Herman Mah,Jordan Back,In favour,In favour,In favour,In favour,In favour,In favour,In favour,Housing & density; Development; Neighbourhood character,2 of 2,,,https://app.dnv.org/OpenDocument/Default.aspx?docNum=6477243,https://www.youtube.com/watch?v=7wbcVTANY0w&t=01h02m34s,https://councilrecord.ca/district.html#vote/398,THAT “District of North Vancouver Rezoning Bylaw 1445 (Bylaw 8711)” to amend the District’s Zoning Bylaw to incorporate changes to the District’s coach house program is considered; AND THAT a Public Hearing is not held in respect of District of North Vancouver Rezoning Bylaw 1445 (Bylaw 8711)”; AND THAT staff are directed to undertake the required public notice in respect of Bylaw 8711.
2024-12-02,Regular meeting,8.5,2024 Community Heritage Grants,Main motion,Carried,7,0,0,Lisa Muri,Jim Hanson,In favour,In favour,In favour,In favour,In favour,In favour,In favour,Taxes & spending; Neighbourhood character; Public services,,,,https://app.dnv.org/OpenDocument/Default.aspx?docNum=6477243,https://www.youtube.com/watch?v=7wbcVTANY0w&t=00h14m54s,https://councilrecord.ca/district.html#vote/399,"THAT the five 2024 District of North Vancouver Community Heritage Grants totalling $13,250 detailed in the November 13, 2024 report of the Community Planner, entitled 2024 Community Heritage Grants, are APPROVED; AND THAT $1,894 of the $13,250, is drawn from the Community Heritage Grants Fund held with the North Shore Community Foundation to be disbursed as outlined in the November 13, 2024 report of the Community Planner, entitled 2024 Community Heritage Grants."
2024-12-02,Regular meeting,8.4,Proposed Coach House Process Improvements,Amendment,Defeated,3,4,0,Lisa Muri,Mike Little,In favour,Against,Against,Against,In favour,In favour,Against,Housing & density; Development; Neighbourhood character,1 of 2,,,https://app.dnv.org/OpenDocument/Default.aspx?docNum=6477243,https://www.youtube.com/watch?v=7wbcVTANY0w&t=01h02m34s,https://councilrecord.ca/district.html#vote/400,THAT Bylaw 8712 is amended to remove the reference to delegation to staff of front yard siting.
2024-12-09,Regular meeting,8.1,Bylaw 8704: Proposed Development Charges,Main motion,Carried,7,0,0,Lisa Muri,Jordan Back,In favour,In favour,In favour,In favour,In favour,In favour,In favour,Development; Taxes & spending,,,,https://app.dnv.org/OpenDocument/Default.aspx?docNum=6477244,https://www.youtube.com/watch?v=BwPNzyHmITA&t=00h12m19s,https://councilrecord.ca/district.html#vote/402,"THAT “Development Cost Charges Bylaw 8704, 2024” is ADOPTED."
2024-12-09,Regular meeting,8.2,"Bylaws 8721, 8722 and 8725: User Charges and Service Fees for 2025",Main motion,None,7,0,0,Lisa Muri,Jordan Back,In favour,In favour,In favour,In favour,In favour,In favour,In favour,Taxes & spending; Utilities,,,,https://app.dnv.org/OpenDocument/Default.aspx?docNum=6477244,https://www.youtube.com/watch?v=BwPNzyHmITA&t=00h12m43s,https://councilrecord.ca/district.html#vote/403,"THAT “Sewer Bylaw 6656, 1994, Amendment Bylaw 8721, 2024 (Amendment 37)” is ADOPTED; AND THAT “Waterworks Regulation Bylaw 2279, 1958, Amendment Bylaw 8722, 2024 (Amendment 71)” is ADOPTED; AND THAT “Solid Waste Management Bylaw 8436, 2021, Amendment Bylaw 8725, 2024 (Amendment 4)” is ADOPTED."
2024-12-09,Regular meeting,8.3,Bylaw 8597: Zoning Bylaw Amendment for Electric Vehicle Charging Infrastructure for New Construction,Main motion,Carried,7,0,0,Mike Little,Herman Mah,In favour,In favour,In favour,In favour,In favour,In favour,In favour,Development; Environment & climate,,,,https://app.dnv.org/OpenDocument/Default.aspx?docNum=6477244,https://www.youtube.com/watch?v=BwPNzyHmITA&t=00h13m03s,https://councilrecord.ca/district.html#vote/404,"THAT District of North Vancouver Rezoning Bylaw 1421 (Bylaw 8597)” is given FIRST, SECOND, and THIRD Readings."
2024-12-09,Regular meeting,8.4,"Bylaws 8681, 8682, 8683 and 8690 OCP Amendment and Rezoning for 1634 and 1748 Capilano Road",Main motion,Carried,4,3,0,Jordan Back,Catherine Pope,Against,In favour,Against,In favour,In favour,Against,In favour,Housing & density; Development,,,,https://app.dnv.org/OpenDocument/Default.aspx?docNum=6477244,https://www.youtube.com/watch?v=BwPNzyHmITA&t=00h18m57s,https://councilrecord.ca/district.html#vote/405,"THAT “District of North Vancouver Official Community Plan Bylaw 7900, 2011, Amendment Bylaw 8681, 2024 (Amendment 54)” is given SECOND and THIRD Readings; AND THAT “District of North Vancouver Rezoning Bylaw 1439 (Bylaw 8682)” is given SECOND and THIRD Readings; AND THAT “District of North Vancouver Housing Agreement Bylaw 8683, 2024” is given SECOND and THIRD Readings; AND THAT “District of North Vancouver Housing Agreement Bylaw 8690, 2024” is given SECOND and THIRD Readings."
2024-12-09,Regular meeting,8.5,Living Donor Circle of Excellence,Main motion,Carried,7,0,0,Jordan Back,Lisa Muri,In favour,In favour,In favour,In favour,In favour,In favour,In favour,Governance & elections,,,,https://app.dnv.org/OpenDocument/Default.aspx?docNum=6477244,https://www.youtube.com/watch?v=BwPNzyHmITA&t=00h53m42s,https://councilrecord.ca/district.html#vote/406,THAT Council direct staff to report back on a policy to become a member of the Living Donor Circle of Excellence that will provide eighty percent wage support for four weeks to employees wishing to become living donors.
2025-01-27,Regular meeting,8.1,2025--2029 Capital Plan Approval,Main motion,Carried,4,3,0,Mike Little,Catherine Pope,In favour,Against,In favour,Against,In favour,In favour,Against,Taxes & spending,,,,https://app.dnv.org/OpenDocument/Default.aspx?docNum=6500221,https://www.youtube.com/watch?v=LPX-1S5pMLE,https://councilrecord.ca/district.html#vote/407,"THAT the 2025 – 2029 Capital Plan (Attachment 1) is approved, including $29.8 million in reduced capital spending and $25.4 million in additional borrowing. AND THAT Staff prepare the Draft 2025 – 2029 Financial Plan based on a 5.5% property tax increase, including an additional 1.0% to address the infrastructure deficit."
2025-01-27,Regular meeting,8.2,Bylaw 8597: Electric Vehicle Charging Infrastructure for New Construction,Main motion,Carried,7,0,0,Lisa Muri,Herman Mah,In favour,In favour,In favour,In favour,In favour,In favour,In favour,Development,,,,https://app.dnv.org/OpenDocument/Default.aspx?docNum=6500221,https://www.youtube.com/watch?v=LPX-1S5pMLE,https://councilrecord.ca/district.html#vote/408,THAT “District of North Vancouver Rezoning Bylaw 1421 (Bylaw 8597)” is ADOPTED.
2025-01-27,Regular meeting,8.3,"Bylaws 8693, 8694 and 8695: 1504-1520 Rupert Street",Main motion,Carried,7,0,0,Lisa Muri,Herman Mah,In favour,In favour,In favour,In favour,In favour,In favour,In favour,Development,,,,https://app.dnv.org/OpenDocument/Default.aspx?docNum=6500221,https://www.youtube.com/watch?v=LPX-1S5pMLE,https://councilrecord.ca/district.html#vote/409,"THAT “District of North Vancouver Rezoning Bylaw 1441 (Bylaw 8693)” is ADOPTED; AND THAT “Housing Agreement Bylaw (Rental and Affordable Rental) 8694, 2024” is ADOPTED; AND THAT “1504-1520 Rupert Street Highway Closure Bylaw 8695, 2024” is ADOPTED."
2025-01-27,Regular meeting,8.4,Development Permit 33.23 – 1504-1520 Rupert Street,Main motion,Carried,7,0,0,Lisa Muri,Herman Mah,In favour,In favour,In favour,In favour,In favour,In favour,In favour,Development,,,,https://app.dnv.org/OpenDocument/Default.aspx?docNum=6500221,https://www.youtube.com/watch?v=LPX-1S5pMLE,https://councilrecord.ca/district.html#vote/410,THAT Development Permit 33.23 (Attachment 1) to allow for the development of a 6-storey rental apartment building at 1504 Rupert Street is ISSUED.
2025-01-27,Regular meeting,8.5,"Bylaws 8706, 8671 & 8688: Official Community Plan Amendment, Heritage Revitalization Agreement and Heritage Designation for the “Cross Residence” at 1120 Harold Road",Main motion,Carried,7,0,0,Mike Little,Betty Forbes,In favour,In favour,In favour,In favour,In favour,In favour,In favour,Housing & density; Development; Neighbourhood character,,,,https://app.dnv.org/OpenDocument/Default.aspx?docNum=6500221,https://www.youtube.com/watch?v=LPX-1S5pMLE,https://councilrecord.ca/district.html#vote/411,"THAT “District of North Vancouver Official Community Plan Bylaw 7900, 2011, Amendment Bylaw 8706, 2024 (Amendment 55)” is given SECOND and THIRD Readings; AND THAT “Heritage Revitalization Agreement Authorization Bylaw 8671, 2024 (1120 Harold Road – Cross Residence)” is given SECOND and THIRD Readings; AND THAT “Heritage Designation Bylaw 8688, 2024 (1120 Harold Road – Cross Residence)” is given SECOND and THIRD Readings."
2025-01-27,Regular meeting,8.6,Bylaws 8726 and 8730 – Text Amendment to CD 136 for 1510 – 1530 Crown Street and 440 Mountain Highway,Main motion,Carried,5,2,0,Mike Little,Jim Hanson,In favour,In favour,Against,In favour,In favour,Against,In favour,Development; Transportation,,,,https://app.dnv.org/OpenDocument/Default.aspx?docNum=6500221,https://www.youtube.com/watch?v=LPX-1S5pMLE,https://councilrecord.ca/district.html#vote/412,"THAT “District of North Vancouver Rezoning Bylaw 1448 (Bylaw 8726)” is given FIRST, SECOND, and THIRD Readings; AND THAT “Housing Agreement Amendment Bylaw 8730, 2024 (1510 – 1530 Crown Street and 440 Mountain Highway)” is given FIRST, SECOND, and THIRD Readings; AND THAT Mayor and the Corporate Officer are authorized to sign an agreement as necessary to modify the Development Covenant registered on title in favour of the District under number CB23314-CB23315 to reflect the conversion to an entirely rental development."
2025-01-27,Regular meeting,8.7,Proposed Coach House Bylaw Amendments,Main motion,Carried,6,1,0,Mike Little,Jordan Back,In favour,In favour,In favour,In favour,In favour,Against,In favour,Housing & density; Development; Neighbourhood character,,,,https://app.dnv.org/OpenDocument/Default.aspx?docNum=6500221,https://www.youtube.com/watch?v=LPX-1S5pMLE,https://councilrecord.ca/district.html#vote/413,"THAT “District of North Vancouver Rezoning Bylaw 1445 (Bylaw 8711)” is given FIRST, SECOND, and THIRD Readings; AND THAT “Development Procedures Bylaw 8144, 2017 Amendment Bylaw 8712, 2024 (Amendment 6)” is given FIRST, SECOND, and THIRD Readings; AND THAT “District of North Vancouver Development Servicing Bylaw 8145, 2017, Amendment Bylaw 8713, 2024 (Amendment 2)” is given FIRST, SECOND, and THIRD Readings."
2025-01-27,Regular meeting,8.8,2025 Social Service Grants – Core Funded Agencies,Main motion,Carried,7,0,0,Lisa Muri,Herman Mah,In favour,In favour,In favour,In favour,In favour,In favour,In favour,Taxes & spending; Public services,,,,https://app.dnv.org/OpenDocument/Default.aspx?docNum=6500221,https://www.youtube.com/watch?v=LPX-1S5pMLE,https://councilrecord.ca/district.html#vote/414,"THAT a budget of $1,867,616 is approved for social service core funding grants in 2025, and disbursed to agencies in accordance with the January 13, 2025 report of the Community Planner entitled “2025 Social Service Grants – Core Funded Agencies”."
2025-02-10,Council workshop,3.1,Spirit Trail Route Decision: Windbridge Park to Parkgate Village,Procedural,Carried,6,0,1,Jordan Back,Herman Mah,Absent,In favour,In favour,In favour,In favour,In favour,In favour,Transportation; Neighbourhood character,1 of 2,,,https://app.dnv.org/OpenDocument/Default.aspx?docNum=6505872,https://www.youtube.com/watch?v=LaBKZmQbe-U,https://councilrecord.ca/district.html#vote/425,"THAT the January 27, 2025 report of the Senior Project Manager, Project Delivery Office, entitled Spirit Trail Route Decision: Windridge Park to Parkgate Village Area is received for information."
2025-02-10,Council workshop,3.1,Spirit Trail Route Decision: Windbridge Park to Parkgate Village,Main motion,Defeated,3,3,1,Lisa Muri,Betty Forbes,Absent,Against,In favour,Against,In favour,In favour,Against,Transportation; Neighbourhood character,2 of 2,,,https://app.dnv.org/OpenDocument/Default.aspx?docNum=6505872,https://www.youtube.com/watch?v=LaBKZmQbe-U,https://councilrecord.ca/district.html#vote/426,THAT Council support the northern route with additional discussion on the McCartney Creek Bridge pending additional consultation with the Wild Bird Trust.
2025-02-11,Special meeting,4.1,Proposed Development Charges - Amenity Cost Charges Bylaw,Main motion,Carried,7,0,0,Mike Little,Jim Hanson,In favour,In favour,In favour,In favour,In favour,In favour,In favour,Development; Taxes & spending,,,,https://app.dnv.org/OpenDocument/Default.aspx?docNum=6504495,https://www.youtube.com/watch?v=MByDTDajOWQ&t=01h38m49s,https://councilrecord.ca/district.html#vote/420,"THAT “Amenity Cost Charges Bylaw 8705, 2024” is given SECOND Reading as amended; AND THAT “Amenity Cost Charges Bylaw 8705, 2024” is given THIRD Reading."
2025-02-11,Special meeting,4.2,School Crossing Guard Program,Main motion,Carried,7,0,0,Jordan Back,Lisa Muri,In favour,In favour,In favour,In favour,In favour,In favour,In favour,Public services; Public safety,1 of 2,,,https://app.dnv.org/OpenDocument/Default.aspx?docNum=6504495,https://www.youtube.com/watch?v=MByDTDajOWQ&t=00h32m48s,https://councilrecord.ca/district.html#vote/421,"THAT staff are directed to report back on options to prioritize and optimize funding to key school routes where acute safety issues have been identified and not yet resolved, noting there are twenty-one public elementary schools in the District of North Vancouver."
2025-02-11,Special meeting,4.2,School Crossing Guard Program,Main motion,Carried,4,3,0,Jordan Back,Lisa Muri,Against,In favour,Against,In favour,In favour,In favour,Against,Public services; Public safety,2 of 2,,,https://app.dnv.org/OpenDocument/Default.aspx?docNum=6504495,https://www.youtube.com/watch?v=MByDTDajOWQ&t=00h32m48s,https://councilrecord.ca/district.html#vote/422,"THAT staff are directed to create a pilot program in conjunction with School District 44 for a School Crossing Guard Program to be implemented in the District of North Vancouver for the duration of one school year; AND FINALLY THAT staff are directed to report back at the conclusion of the pilot program including options of expanding the program to other District of North Vancouver Schools, dependent on results."
2025-02-11,Special meeting,4.3,2025-2029 Draft Financial Plan Workbook,Main motion,Carried,7,0,0,Mike Little,Lisa Muri,In favour,In favour,In favour,In favour,In favour,In favour,In favour,Taxes & spending,,,,https://app.dnv.org/OpenDocument/Default.aspx?docNum=6504495,https://www.youtube.com/watch?v=MByDTDajOWQ&t=01h44m24s,https://councilrecord.ca/district.html#vote/423,"THAT the February 6, 2025 report of the Section Manager – Financial Planning entitled 2025–2029 Draft Financial Plan Workbook and the 2025-2029 Draft Financial Plan Workbook are received for information."
2025-02-11,Special meeting,4.4,Community Heritage Advisory Committee,Procedural,Carried,7,0,0,Mike Little,Lisa Muri,In favour,In favour,In favour,In favour,In favour,In favour,In favour,Development; Neighbourhood character; Governance & elections,,,,https://app.dnv.org/OpenDocument/Default.aspx?docNum=6504495,https://www.youtube.com/watch?v=MByDTDajOWQ&t=01h08m47s,https://councilrecord.ca/district.html#vote/424,THAT the presentation of the Community Heritage Advisory Committee is received for information.
2025-02-24,Regular meeting,8.2,Proposed Development Charges - Amenity Cost Charges Bylaw,Main motion,Carried,5,0,2,Mike Little,Herman Mah,In favour,In favour,In favour,Absent,In favour,Absent,In favour,Development; Taxes & spending,,,,https://app.dnv.org/OpenDocument/Default.aspx?docNum=6500220,https://www.youtube.com/watch?v=sbdx6gz9h3Q,https://councilrecord.ca/district.html#vote/428,"THAT “Amenity Cost Charges Bylaw 8705, 2024” is ADOPTED."
2025-02-24,Regular meeting,8.3,Bylaws 8726 and 8730 – Text Amendment to CS 136 for 1510 – 1530 Crown Street and 440 Mountain Highway,Main motion,Carried,4,1,2,Mike Little,Jordan Back,In favour,In favour,Against,Absent,In favour,Absent,In favour,Development; Transportation,,,,https://app.dnv.org/OpenDocument/Default.aspx?docNum=6500220,https://www.youtube.com/watch?v=sbdx6gz9h3Q,https://councilrecord.ca/district.html#vote/429,"THAT “District of North Vancouver Rezoning Bylaw 1448 (Bylaw 8726)” is ADOPTED; AND THAT “Housing Agreement Amendment Bylaw 8730, 2024 (1510 – 1530 Crown Street and 440 Mountain Highway)” is ADOPTED."
2025-02-24,Regular meeting,8.4,Proposed Coach House Bylaw Amendments,Main motion,Carried,5,0,2,Mike Little,Herman Mah,In favour,In favour,In favour,Absent,In favour,Absent,In favour,Housing & density; Neighbourhood character,,,,https://app.dnv.org/OpenDocument/Default.aspx?docNum=6500220,https://www.youtube.com/watch?v=sbdx6gz9h3Q,https://councilrecord.ca/district.html#vote/430,"THAT “District of North Vancouver Rezoning Bylaw 1445 (Bylaw 8711)” is ADOPTED; AND THAT “Development Procedures Bylaw 8144, 2017 Amendment Bylaw 8712, 2024 (Amendment 6)” is ADOPTED; AND THAT “District of North Vancouver Development Servicing Bylaw 8145, 2017, Amendment Bylaw 8713, 2024 (Amendment 2)” is ADOPTED."
2025-02-24,Regular meeting,8.5,Bylaws 8672 and 8673: OCP Amendment and Rezoning for a Revised Application for a 104-unit townhouse development at 1915-1987 Glenaire Drive & 1974-1990 Belle Isle Place (“Belle Isle North”),Main motion,Carried,5,0,2,Mike Little,Herman Mah,In favour,In favour,In favour,Absent,In favour,Absent,In favour,Housing & density; Development,,,,https://app.dnv.org/OpenDocument/Default.aspx?docNum=6500220,https://www.youtube.com/watch?v=sbdx6gz9h3Q,https://councilrecord.ca/district.html#vote/431,"THAT “District of North Vancouver Official Community Plan 7900, 2011, Amendment Bylaw 8672, 2024 (Amendment 52)” is ADOPTED; AND THAT “District of North Vancouver Rezoning Bylaw 1436 (Bylaw 8673)” is ADOPTED."
2025-02-24,Regular meeting,8.6,Development Permit 41.19 – 1915-1987 Glenaire Drive and 1974-1990 Belle Isle Place (“Belle Isle North”),Main motion,Carried,5,0,2,Mike Little,Herman Mah,In favour,In favour,In favour,Absent,In favour,Absent,In favour,Development,,,,https://app.dnv.org/OpenDocument/Default.aspx?docNum=6500220,https://www.youtube.com/watch?v=sbdx6gz9h3Q,https://councilrecord.ca/district.html#vote/432,THAT Development Permit 41.19 to allow for the development of 104 townhouse units at 1915-1987 Glenaire Drive and 1974-1990 Belle Isle Place is ISSUED.
2025-02-24,Regular meeting,8.7,Official Community Plan Update – Scenarios and Public Engagement,Main motion,Carried,5,0,2,Mike Little,Jordan Back,In favour,In favour,In favour,Absent,In favour,Absent,In favour,Housing & density,,,,https://app.dnv.org/OpenDocument/Default.aspx?docNum=6500220,https://www.youtube.com/watch?v=sbdx6gz9h3Q,https://councilrecord.ca/district.html#vote/433,"THAT staff are directed to undertake the next phase of public engagement activities planned for spring of 2025 as detailed in the February 10, 2025 report of the Senior Community Planner and Community Planner entitled “Official Community Plan Update – Scenarios and Public Engagement”."
2025-02-24,Regular meeting,8.8,UBCM Community Emergency Preparedness Fund Grant Application – Emergency Support Services Equipment and Training,Main motion,Carried,5,0,2,Mike Little,Herman Mah,In favour,In favour,In favour,Absent,In favour,Absent,In favour,Taxes & spending; Public services; Governance & elections; Public safety,,,,https://app.dnv.org/OpenDocument/Default.aspx?docNum=6500220,https://www.youtube.com/watch?v=sbdx6gz9h3Q,https://councilrecord.ca/district.html#vote/434,"THAT Council supports the submission of the application to the UBCM Community Emergency Preparedness Fund (CEPF) under the stream of “2025 Emergency Support Services Equipment and Training” for the “Modernizing Emergency Support Services (ESS) on the North Shore” project; AND THAT Council commits to the District of North Vancouver providing overall grant management for the project, on behalf of the City of North Vancouver and the District of West Vancouver."
2025-02-24,Regular meeting,8.9,Disaster Resilience and Innovation Funding Program – Disaster Risk Reduction Action Plan for the North Shore,Main motion,Carried,5,0,2,Mike Little,Herman Mah,In favour,In favour,In favour,Absent,In favour,Absent,In favour,Taxes & spending; Public services; Public safety,,,,https://app.dnv.org/OpenDocument/Default.aspx?docNum=6500220,https://www.youtube.com/watch?v=sbdx6gz9h3Q,https://councilrecord.ca/district.html#vote/435,"THAT Council supports the submission of the Disaster Risk Reduction Action Plan for the North Shore Full Proposal to the Disaster Resilience and Innovation Funding Program. AND THAT Council commits to the District of North Vancouver providing overall grant management for the project, on behalf of the City of North Vancouver and the District of West Vancouver."
2025-03-03,Regular meeting,8.1,Draft Financial Plan Introductory Comments,Procedural,Carried,7,0,0,Mike Little,Lisa Muri,In favour,In favour,In favour,In favour,In favour,In favour,In favour,Taxes & spending,,,,https://app.dnv.org/OpenDocument/Default.aspx?docNum=6518616,https://www.youtube.com/watch?v=GVDE-8420Q0&t=00h35m30s,https://councilrecord.ca/district.html#vote/436,"THAT the February 28, 2025 report of the Section Manager - Financial Planning entitled 2025-2029 Draft Financial Plan – Public Input Summary is received for information."
2025-03-03,Regular meeting,8.2,Short-term Rentals Regulatory Framework – Options,Main motion,Carried,6,1,0,Mike Little,Jim Hanson,In favour,In favour,In favour,In favour,Against,In favour,In favour,Housing & density; Development; Neighbourhood character; Business & economy,,,,https://app.dnv.org/OpenDocument/Default.aspx?docNum=6518616,https://www.youtube.com/watch?v=GVDE-8420Q0&t=01h18m30s,https://councilrecord.ca/district.html#vote/437,"THAT “District of North Vancouver Rezoning Bylaw 1451 (Bylaw 8734)” is given FIRST Reading; AND THAT “Business Licence Bylaw 4567, 1974, Amendment Bylaw 8665, 2023 (Amendment 53)” is given FIRST Reading; AND THAT “Fees and Charges Bylaw 6481, 1992, Amendment Bylaw 8666, 2023 (Amendment 89) is given FIRST Reading; AND THAT “Bylaw Notice Enforcement Bylaw 7458, 2004, Amendment Bylaw 8733, 2025 (Amendment 77)” is given FIRST Reading; AND THAT Bylaw 8734 is referred to a Public Hearing; AND THAT Bylaw 8665 is referred to a Public Input Opportunity."
2025-03-10,Council workshop,3.1,2025 Budget Deliberations Workshop,Main motion,Carried,7,0,0,Mike Little,Jordan Back,In favour,In favour,In favour,In favour,In favour,In favour,In favour,Taxes & spending,1 of 2,,,https://app.dnv.org/OpenDocument/Default.aspx?docNum=6541479,https://www.youtube.com/watch?v=WKNcx59w3-o,https://councilrecord.ca/district.html#vote/444,"THAT staff prepare the Financial Plan Bylaw for approval, based on a 5.5% property tax increase, including 4.5% to maintain services and 1.0% to address the infrastructure deficit."
2025-03-10,Council workshop,3.1,2025 Budget Deliberations Workshop,Main motion,Carried,7,0,0,Herman Mah,Lisa Muri,In favour,In favour,In favour,In favour,In favour,In favour,In favour,Taxes & spending,2 of 2,,,https://app.dnv.org/OpenDocument/Default.aspx?docNum=6541479,https://www.youtube.com/watch?v=WKNcx59w3-o,https://councilrecord.ca/district.html#vote/445,"THAT without increasing the current 5-year budget, staff are directed to review and identify by Spring 2025 options to include at least one gravel field conversion within the 2025-2029 capital plan that include partnerships and external funding sources."
2025-03-17,Regular meeting,8.3,Development Permit 40.18 – 1510-1530 Crown Street and 440 Mountain Hwy,Main motion,Carried,6,0,1,Mike Little,Jordan Back,In favour,In favour,In favour,In favour,Absent,In favour,In favour,Development,,,,https://app.dnv.org/OpenDocument/Default.aspx?docNum=6504496,https://www.youtube.com/watch?v=4VTRF7W8KzQ&t=00h07m30s,https://councilrecord.ca/district.html#vote/440,THAT Development Permit 40.18 to allow for a mixed-use development at 1510-1530 Crown Street and 440 Mountain Highway is ISSUED.
2025-03-17,Regular meeting,8.4,Rezoning Bylaw 8732 for a 21-Unit Townhouse Development at 3712–3718 Edgemont Boulevard,Main motion,Carried,6,0,1,Jordan Back,Jim Hanson,In favour,In favour,In favour,In favour,Absent,In favour,In favour,Housing & density; Development,,,,https://app.dnv.org/OpenDocument/Default.aspx?docNum=6504496,https://www.youtube.com/watch?v=4VTRF7W8KzQ&t=00h12m49s,https://councilrecord.ca/district.html#vote/441,"THAT “District of North Vancouver Rezoning Bylaw 3210 (Bylaw 8732)” is given FIRST, SECOND, and THIRD Readings."
2025-03-17,Regular meeting,8.5,Bylaw 8737: 2025-2029 Financial Plan Approval Bylaw,Main motion,Carried,6,0,1,Mike Little,Catherine Pope,In favour,In favour,In favour,In favour,Absent,In favour,In favour,Taxes & spending,,,,https://app.dnv.org/OpenDocument/Default.aspx?docNum=6504496,https://www.youtube.com/watch?v=4VTRF7W8KzQ&t=00h40m21s,https://councilrecord.ca/district.html#vote/442,"THAT “2025-2029 Financial Plan Approval Bylaw 8737” is given FIRST, SECOND, and THIRD Readings; AND THAT without increasing the current 5-year budget, staff are directed to review and identify by Spring of 2025 options to include at least one gravel field conversion within the 2025-2029 Capital Plan that include partnerships and external funding sources."
2025-03-17,Regular meeting,8.6,Facilitating a Naloxone Program in the District of North Vancouver,Main motion,Carried,6,0,1,Jordan Back,Mike Little,In favour,In favour,In favour,In favour,Absent,In favour,In favour,Public services; Public safety,,,,https://app.dnv.org/OpenDocument/Default.aspx?docNum=6504496,https://www.youtube.com/watch?v=4VTRF7W8KzQ&t=00h34m10s,https://councilrecord.ca/district.html#vote/443,"THAT Council endorse the staff recommendations in the report dated February 26, 2025 from the General Manager of Corporate Services: • to make online training available for interested employees to recognize the symptoms and signs of an overdose and how to respond; • to identify any positions which may be suitable for formal naloxone training and associated costs; and, • collaborate with Vancouver Coastal Health to promote naloxone kit awareness to businesses and the general community."
2025-03-31,Council workshop,3.1,Strategic Transportation Plan Scoping,Main motion,Carried,7,0,0,Mike Little,Herman Mah,In favour,In favour,In favour,In favour,In favour,In favour,In favour,Transportation; Parks & recreation,,,,https://app.dnv.org/OpenDocument/Default.aspx?docNum=6541477,https://www.youtube.com/watch?v=L27UIXClWQI,https://councilrecord.ca/district.html#vote/446,"THAT Council receive the report entitled Strategic Transportation Plan Scoping, dated March 10, 2025, for information."
2025-03-31,Council workshop,3.2,Mountain Highway Central Segment: March 2025 Update,Main motion,Carried,7,0,0,Betty Forbes,Herman Mah,In favour,In favour,In favour,In favour,In favour,In favour,In favour,Transportation,,,,https://app.dnv.org/OpenDocument/Default.aspx?docNum=6541477,https://www.youtube.com/watch?v=L27UIXClWQI,https://councilrecord.ca/district.html#vote/447,"THAT Council receive the report dated March 17, 2025, entitled Mountain Highway Central Segment: March 2025 Update for information."
2025-04-07,Regular meeting,8.1,"Bylaws 8685, 8686, & 8702: Rezoning and Housing Agreements for a 6-Storey Mixed-Use Development at 2131-2171 Old Dollarton Road, 229-291 Riverside Drive & 2102-2128 Front Street",Main motion,Carried,5,2,0,Mike Little,Jordan Back,In favour,In favour,Against,In favour,In favour,Against,In favour,Housing & density; Development,,,,https://app.dnv.org/OpenDocument/Default.aspx?docNum=6518618,https://www.youtube.com/watch?v=iTga8OY_of0&t=00h05m30s,https://councilrecord.ca/district.html#vote/449,"THAT “District of North Vancouver Rezoning Bylaw 1440 (Bylaw 8685)” is ADOPTED; AND THAT “Housing Agreement Bylaw 8686, 2024 (2131 Old Dollarton Road)” is ADOPTED; AND THAT “Housing Agreement Bylaw 8702, 2024 (2131 Old Dollarton Road – Non-Market Rental Housing)” is ADOPTED."
2025-04-07,Regular meeting,8.2,Development Permit 4.23 – 2131 Old Dollarton Road (Maplewood Garden),Main motion,Carried,7,0,0,Herman Mah,Jordan Back,In favour,In favour,In favour,In favour,In favour,In favour,In favour,Development,,,,https://app.dnv.org/OpenDocument/Default.aspx?docNum=6518618,https://www.youtube.com/watch?v=iTga8OY_of0&t=00h06m30s,https://councilrecord.ca/district.html#vote/450,"THAT Development Permit 4.23 for 2131-2171 Old Dollarton Road, 229-291 Riverside Drive and 2102-2128 Front Street is ISSUED."
2025-04-07,Regular meeting,8.3,Development Permit 36.24 – 1928 Glenaire Drive (Holland Row II),Main motion,Carried,7,0,0,Mike Little,Lisa Muri,In favour,In favour,In favour,In favour,In favour,In favour,In favour,Development,,,,https://app.dnv.org/OpenDocument/Default.aspx?docNum=6518618,https://www.youtube.com/watch?v=iTga8OY_of0&t=00h24m58s,https://councilrecord.ca/district.html#vote/451,THAT Development Permit 36.24 to allow the development of 15 townhouse units at 1928 Glenaire Drive is ISSUED.
2025-04-07,Regular meeting,8.4,Bylaw 8737: 2025-2029 Financial Plan Approval Bylaw,Main motion,Carried,7,0,0,Lisa Muri,Herman Mah,In favour,In favour,In favour,In favour,In favour,In favour,In favour,Taxes & spending,,,,https://app.dnv.org/OpenDocument/Default.aspx?docNum=6518618,https://www.youtube.com/watch?v=iTga8OY_of0&t=00h34m51s,https://councilrecord.ca/district.html#vote/452,THAT “2025-2029 Financial Plan Bylaw 8737” is ADOPTED.
2025-04-07,Regular meeting,8.6,Lynn Valley Youth Centre,Main motion,Carried,6,1,0,Jordan Back,Lisa Muri,In favour,In favour,In favour,In favour,In favour,In favour,Against,Parks & recreation; Public services,,,,https://app.dnv.org/OpenDocument/Default.aspx?docNum=6518618,https://www.youtube.com/watch?v=iTga8OY_of0&t=00h35m35s,https://councilrecord.ca/district.html#vote/454,"THAT the March 25, 2025 report of the Director, Community Planning and Housing, and General Manager, Finance and CFO, entitled, Lynn Valley Youth Centre, is received for information; AND THAT future planning for a youth centre integrated in an enhanced Karen Magnusson Community Recreation Centre (KMCRC) will continue to be advanced through the Indoor/Outdoor Recreation and Sport Facility and Amenity assessment process and the Facilities Strategic Plan. Further development timelines, scoping and costing related to KMCRC will be brought forward to Council at the appropriate times; AND THAT staff are directed to engage with Lynn Valley youth-serving agencies to discuss current and anticipated youth needs that may be warranted in the short term and to report back to Council."
2025-04-14,Special meeting,3.1,"Bylaws 8665, 8666, 8733 & 8734: Short Term Rentals",Main motion,Carried,7,0,0,Mike Little,Lisa Muri,In favour,In favour,In favour,In favour,In favour,In favour,In favour,Housing & density; Business & economy,1 of 2,,,https://app.dnv.org/OpenDocument/Default.aspx?docNum=6518608,https://www.youtube.com/watch?v=EEMIV18fWjY,https://councilrecord.ca/district.html#vote/455,"THAT “Business Licence Bylaw 4567, 1974, Amendment Bylaw 8665, 2023 (Amendment 53)” is given SECOND and THIRD Readings; AND THAT “Fees and Charges Bylaw 6481, 1992, Amendment Bylaw 8666, 2023 (Amendment 89)” is given SECOND and THIRD Readings; AND THAT “Bylaw Notice Enforcement Bylaw 7458, 2004, Amendment Bylaw 8733, 2025 (Amendment 77)” is given SECOND and THIRD Readings; AND THAT “District of North Vancouver Rezoning Bylaw 1451 (Bylaw 8734)” is given SECOND and THIRD Readings."
2025-04-14,Special meeting,3.1,"Bylaws 8665, 8666, 8733 & 8734: Short Term Rentals",Main motion,Carried,7,0,0,Mike Little,Lisa Muri,In favour,In favour,In favour,In favour,In favour,In favour,In favour,Housing & density; Business & economy,2 of 2,,,https://app.dnv.org/OpenDocument/Default.aspx?docNum=6518608,https://www.youtube.com/watch?v=EEMIV18fWjY,https://councilrecord.ca/district.html#vote/456,"THAT Council direct staff to monitor the implementation of the Short-Term Rental regulations, report back to Council in September 2025, and prepare an amendment to the definition of a Short-Term Rental and Bed and Breakfast to extend from 28 days to the provincial maximum of 89 days by May of 2025."
2025-04-22,Special meeting,2.1,"Bylaws 8665, 8666, 8733 & 8734: Short Term Rentals",Main motion,Carried,7,0,0,Lisa Muri,Herman Mah,In favour,In favour,In favour,In favour,In favour,In favour,In favour,Housing & density; Business & economy,,,,https://app.dnv.org/OpenDocument/Default.aspx?docNum=6518604,https://www.youtube.com/watch?v=Kn_LnXHsSKs,https://councilrecord.ca/district.html#vote/457,"THAT “District of North Vancouver Rezoning Bylaw 1451 (Bylaw 8734)” is ADOPTED; THAT “Business Licence Bylaw 4567, 1974, Amendment Bylaw 8665, 2023 (Amendment 53)” is ADOPTED; AND THAT “Fees and Charges Bylaw 6481, 1992, Amendment Bylaw 8666, 2023 (Amendment 89)” is ADOPTED; AND THAT “Bylaw Notice Enforcement Bylaw 7458, 2004, Amendment Bylaw 8733, 2025 (Amendment 77)” is ADOPTED."
2025-04-22,Council workshop,3.1,Distribution of the 2025 Tax Levy,Main motion,Carried,7,0,0,Mike Little,Jim Hanson,In favour,In favour,In favour,In favour,In favour,In favour,In favour,Taxes & spending,,,,https://app.dnv.org/OpenDocument/Default.aspx?docNum=6596959,https://www.youtube.com/watch?v=PeOLuOgsK7E,https://councilrecord.ca/district.html#vote/458,"THAT even distribution of the property tax levy be endorsed; AND THAT staff are directed to bring forward the 2025 Tax Rates Bylaw for adoption prior to the May 15, 2025 deadline."
2025-05-05,Regular meeting,8.1,Bylaws 8555 and 8554: OCP Amendment and Rezoning for a12-Unit Townhouse Development at 3288 Brookridge Drive and 1135 – 1147 Ridgewood Drive,Main motion,Carried,7,0,0,Herman Mah,Jordan Back,In favour,In favour,In favour,In favour,In favour,In favour,In favour,Housing & density; Development,,,,https://app.dnv.org/OpenDocument/Default.aspx?docNum=6529642,https://www.youtube.com/watch?v=9CUxrtYFGuQ,https://councilrecord.ca/district.html#vote/459,"THAT “District of North Vancouver Official Community Plan 7900, 2011 Amendment Bylaw 8555, 2022 (Amendment 46)” is ADOPTED; AND THAT “District of North Vancouver Rezoning Bylaw 1415 (Bylaw 8554)” is ADOPTED."
2025-05-05,Regular meeting,8.2,"Rezoning Bylaw 8736 for a 46-Unit Townhouse at 3374-3380 Mount Seymour Parkway (MSP), 2 Unaddressed Lots fronting MSP & 3382 - 3396 Gaspe Place",Main motion,Referred,3,4,0,Herman Mah,Jordan Back,Against,In favour,Against,Against,In favour,Against,In favour,Housing & density; Development,1 of 2,,,https://app.dnv.org/OpenDocument/Default.aspx?docNum=6529642,https://www.youtube.com/watch?v=9CUxrtYFGuQ,https://councilrecord.ca/district.html#vote/460,"THAT “District of North Vancouver Rezoning Bylaw 3210 (Bylaw 8736)” is given FIRST, SECOND, and THIRD readings."
2025-05-05,Regular meeting,8.2,"Rezoning Bylaw 8736 for a 46-Unit Townhouse at 3374-3380 Mount Seymour Parkway (MSP), 2 Unaddressed Lots fronting MSP & 3382 - 3396 Gaspe Place",Main motion,Carried,4,3,0,Mike Little,Catherine Pope,In favour,In favour,Against,Against,In favour,Against,In favour,Housing & density; Development,2 of 2,,,https://app.dnv.org/OpenDocument/Default.aspx?docNum=6529642,https://www.youtube.com/watch?v=9CUxrtYFGuQ,https://councilrecord.ca/district.html#vote/461,"THAT “District of North Vancouver Rezoning Bylaw 3210 (Bylaw 8736)” is referred back to staff to report back with an alternative proposal for 3374-3380 Mount Seymour Parkway (MSP), 2 Unaddressed Lots fronting MSP & 3382 - 3396 Gaspe Place."
2025-05-05,Regular meeting,8.4,2025 Tax Rates Bylaw,Main motion,Carried,7,0,0,Jim Hanson,Lisa Muri,In favour,In favour,In favour,In favour,In favour,In favour,In favour,Taxes & spending,,,,https://app.dnv.org/OpenDocument/Default.aspx?docNum=6529642,https://www.youtube.com/watch?v=9CUxrtYFGuQ,https://councilrecord.ca/district.html#vote/463,"THAT “Tax Rates Bylaw 8744, 2025” is given FIRST, SECOND, and THIRD Readings."
2025-05-05,Regular meeting,8.5,"776 Premier Street, North Vancouver Business Licence Application Denials",Main motion,Carried,7,0,0,Mike Little,Jim Hanson,In favour,In favour,In favour,In favour,In favour,In favour,In favour,Business & economy,,,,https://app.dnv.org/OpenDocument/Default.aspx?docNum=6529642,https://www.youtube.com/watch?v=9CUxrtYFGuQ,https://councilrecord.ca/district.html#vote/464,THAT Council uphold the decision to deny the business licence applications submitted by [name removed] (the “Applicant”) on behalf of (1) Utopia Nexus Developments Ltd. and (2) Parspendar Holdings Inc. to operate office businesses at 776 Premier Street due to non-compliance with the District’s Zoning Bylaw.
2025-05-05,Regular meeting,8.6,2024 Audited Consolidated Financial Statements,Main motion,Carried,6,0,1,Mike Little,Lisa Muri,In favour,In favour,In favour,In favour,In favour,In favour,Absent,Taxes & spending,,,,https://app.dnv.org/OpenDocument/Default.aspx?docNum=6529642,https://www.youtube.com/watch?v=9CUxrtYFGuQ,https://councilrecord.ca/district.html#vote/465,THAT the 2024 Audited Consolidated Financial Statements of the District of North Vancouver are approved. THAT the 2024 Audited Financial Statements of the North Vancouver Recreation and Culture Commission are approved.
2025-05-05,Regular meeting,8.7,Filing under the Financial Information Act - 2024 Statement of Financial Information (SOFI),Main motion,Carried,7,0,0,Lisa Muri,Herman Mah,In favour,In favour,In favour,In favour,In favour,In favour,In favour,Taxes & spending,,,,https://app.dnv.org/OpenDocument/Default.aspx?docNum=6529642,https://www.youtube.com/watch?v=9CUxrtYFGuQ,https://councilrecord.ca/district.html#vote/466,THAT the 2024 Statement of Financial Information (SOFI) of the District of North Vancouver is approved.
2025-05-05,Regular meeting,8.8,2024 Council Remuneration and Expenses,Main motion,Carried,7,0,0,Lisa Muri,Jordan Back,In favour,In favour,In favour,In favour,In favour,In favour,In favour,Taxes & spending; Governance & elections,,,,https://app.dnv.org/OpenDocument/Default.aspx?docNum=6529642,https://www.youtube.com/watch?v=9CUxrtYFGuQ,https://councilrecord.ca/district.html#vote/467,THAT the report “2024 Council Remuneration and Expenses” is approved.
2025-05-05,Regular meeting,8.9,2025 Centennial Bursary Awards,Main motion,Carried,7,0,0,Lisa Muri,Herman Mah,In favour,In favour,In favour,In favour,In favour,In favour,In favour,Taxes & spending,,,,https://app.dnv.org/OpenDocument/Default.aspx?docNum=6529642,https://www.youtube.com/watch?v=9CUxrtYFGuQ,https://councilrecord.ca/district.html#vote/468,That Council award bursaries to fourteen students from the District of North Vancouver in the amount of $870 per bursary.
2025-05-05,Regular meeting,8.10,Living Donor Circle of Excellence,Main motion,Carried,7,0,0,Jordan Back,Herman Mah,In favour,In favour,In favour,In favour,In favour,In favour,In favour,Other,,,,https://app.dnv.org/OpenDocument/Default.aspx?docNum=6529642,https://www.youtube.com/watch?v=9CUxrtYFGuQ,https://councilrecord.ca/district.html#vote/469,"THAT the April 23, 2025 report of the General Manager – Corporate Services entitled Living Donor Circle of Excellence is received for information. AND THAT Council provides direction for the District of North Vancouver to join the Living Donor Circle of Excellence."
2025-05-05,Regular meeting,8.11,Reducing Water Usage – Water Metering,Main motion,Carried,7,0,0,Jordan Back,Lisa Muri,In favour,In favour,In favour,In favour,In favour,In favour,In favour,Public services,,,,https://app.dnv.org/OpenDocument/Default.aspx?docNum=6529642,https://www.youtube.com/watch?v=9CUxrtYFGuQ,https://councilrecord.ca/district.html#vote/470,"THAT Council direct staff to report back on opportunities to reduce water usage as well as explore options, including estimated costs, for implementing water metering across the District of North Vancouver."
2025-05-05,Regular meeting,8.12,Rain Barrels for District of North Vancouver Residents,Main motion,Carried,7,0,0,Jim Hanson,Lisa Muri,In favour,In favour,In favour,In favour,In favour,In favour,In favour,Environment & climate,,,,https://app.dnv.org/OpenDocument/Default.aspx?docNum=6529642,https://www.youtube.com/watch?v=9CUxrtYFGuQ,https://councilrecord.ca/district.html#vote/471,THAT Council direct staff to report back on options for encouraging the use of rain barrels District of North Vancouver.
2025-05-12,Special meeting,2.1,"Tax Rates Bylaw 8744, 2025",Main motion,Carried,7,0,0,Lisa Muri,Jordan Back,In favour,In favour,In favour,In favour,In favour,In favour,In favour,Taxes & spending,,,,https://app.dnv.org/OpenDocument/Default.aspx?docNum=6529653,,https://councilrecord.ca/district.html#vote/472,"THAT “Tax Rates Bylaw 8744, 2025” is ADOPTED."
2025-05-26,Regular meeting,8.1,Development Permit 16.24 – 100 Forester Street,Main motion,Carried,7,0,0,Jim Hanson,Lisa Muri,In favour,In favour,In favour,In favour,In favour,In favour,In favour,Development,,,,https://app.dnv.org/OpenDocument/Default.aspx?docNum=6550863,https://www.youtube.com/watch?v=scvzJPAuccI,https://councilrecord.ca/district.html#vote/473,THAT Development Permit 16.24 for a hydrogen liquefaction facility at 100 Forester Street is ISSUED.
2025-05-26,Regular meeting,8.2,Business Licencing Framework for Residential Rental Properties,Main motion,Carried,7,0,0,Lisa Muri,Herman Mah,In favour,In favour,In favour,In favour,In favour,In favour,In favour,Housing & density; Business & economy,,,,https://app.dnv.org/OpenDocument/Default.aspx?docNum=6550863,https://www.youtube.com/watch?v=scvzJPAuccI,https://councilrecord.ca/district.html#vote/474,"THAT “Business Licence Bylaw 4567, 1974, Amendment Bylaw 8727, 2025 (Amendment 55)” is given FIRST Reading; AND THAT “Fees and Charges Bylaw 6481, 1992, Amendment Bylaw 8729, 2025 (Amendment 95)” is given FIRST Reading; AND THAT “Bylaw Notice Enforcement Bylaw 7458, 2004, Amendment Bylaw 8728, 2025 (Amendment 77)” is given FIRST Reading; AND THAT Bylaw 8727 is referred to a Public Input Opportunity."
2025-05-26,Regular meeting,8.3,Increase to Length of Stay- Short-term Rentals and Bed and Breakfasts,Main motion,Carried,7,0,0,Lisa Muri,Jim Hanson,In favour,In favour,In favour,In favour,In favour,In favour,In favour,Housing & density; Neighbourhood character; Business & economy,,,,https://app.dnv.org/OpenDocument/Default.aspx?docNum=6550863,https://www.youtube.com/watch?v=scvzJPAuccI,https://councilrecord.ca/district.html#vote/475,THAT “District of North Vancouver Rezoning Bylaw 1454 (Bylaw 8746)” to amend the Zoning Bylaw to increase the permitted length of guest stay for short-term rentals and bed and breakfasts is considered; AND THAT a public hearing not be held in respect of “District of North Vancouver Rezoning Bylaw 1454 (Bylaw 8746)”; AND THAT staff are directed to undertake the required public notice in respect of Bylaw 8746.
2025-05-26,Regular meeting,8.4,Becoming a Bird Friendly Municipality,Main motion,Carried,7,0,0,Jordan Back,Lisa Muri,In favour,In favour,In favour,In favour,In favour,In favour,In favour,Environment & climate,,,,https://app.dnv.org/OpenDocument/Default.aspx?docNum=6550863,https://www.youtube.com/watch?v=scvzJPAuccI,https://councilrecord.ca/district.html#vote/476,THAT Council direct staff to report back on options to obtain a Bird Friendly City designation from Nature Canada.
2025-05-26,Regular meeting,8.5,Play Structure at Kirkstone Park,Main motion,Carried,6,1,0,Catherine Pope,Lisa Muri,In favour,In favour,In favour,In favour,Against,In favour,In favour,Parks & recreation,,,,https://app.dnv.org/OpenDocument/Default.aspx?docNum=6550863,https://www.youtube.com/watch?v=scvzJPAuccI,https://councilrecord.ca/district.html#vote/477,"THAT Council direct staff to report back on approximate cost and locations for a play structure at Kirkstone Park, including options for structure size."
2025-06-09,Regular meeting,8.1,"Street Naming Bylaw 8735, 2025 – Marie Place",Main motion,Carried,7,0,0,Mike Little,Herman Mah,In favour,In favour,In favour,In favour,In favour,In favour,In favour,Development,,,,https://app.dnv.org/OpenDocument/Default.aspx?docNum=6555483,https://www.youtube.com/watch?v=S-4VqJX3CZE,https://councilrecord.ca/district.html#vote/478,"THAT “Marie Place, Street Naming Bylaw 8735, 2025”, is given FIRST, SECOND and THIRD Readings."
2025-06-09,Regular meeting,8.2,Bylaw 8731 – Text Amendment to CD 67 (Unit 150 - 680 Seylynn Cresent),Main motion,Carried,7,0,0,Jim Hanson,Jordan Back,In favour,In favour,In favour,In favour,In favour,In favour,In favour,Development,,,,https://app.dnv.org/OpenDocument/Default.aspx?docNum=6555483,https://www.youtube.com/watch?v=S-4VqJX3CZE,https://councilrecord.ca/district.html#vote/479,THAT “District of North Vancouver Rezoning Bylaw 1448 (Bylaw 8731)” to amend the Comprehensive Development (CD) Zone 67 in the Zoning Bylaw to include a Restaurant Use is considered; AND THAT a Public Hearing is not held in respect of “District of North Vancouver Rezoning Bylaw 1448 (Bylaw 8731)”; AND THAT staff undertake the required public notice in respect of Bylaw 8731.
2025-06-09,Regular meeting,8.3,On-Street Parking of Large and Recreational Vehicles,Main motion,Carried,7,0,0,Mike Little,Herman Mah,In favour,In favour,In favour,In favour,In favour,In favour,In favour,Transportation; Neighbourhood character,1 of 2,,,https://app.dnv.org/OpenDocument/Default.aspx?docNum=6555483,https://www.youtube.com/watch?v=S-4VqJX3CZE,https://councilrecord.ca/district.html#vote/480,"THAT Council identify all four options contained in the report of the Community Planner dated May 22, 2025, as preferred approaches to on-street parking of large and recreational vehicles in the District and direct staff to report back with implementation details."
2025-06-09,Regular meeting,8.3,On-Street Parking of Large and Recreational Vehicles,Main motion,Carried,6,1,0,Lisa Muri,Mike Little,In favour,In favour,In favour,In favour,Against,In favour,In favour,Transportation; Neighbourhood character; Public services,2 of 2,,,https://app.dnv.org/OpenDocument/Default.aspx?docNum=6555483,https://www.youtube.com/watch?v=S-4VqJX3CZE,https://councilrecord.ca/district.html#vote/481,THAT staff report back on identifying all abandoned and stored vehicles on Lloyd Avenue and take the appropriate steps to have the owners recover them and/or be towed immediately. AND THAT staff report back on parking bans on Lloyd Avenue and identify immediately implementable actions.
2025-06-09,Regular meeting,8.4,UBCM Community Emergency Preparedness Fund 2025 Emergency Operations Centre Equipment and Training Grant,Main motion,Carried,7,0,0,Mike Little,Herman Mah,In favour,In favour,In favour,In favour,In favour,In favour,In favour,Taxes & spending; Public services; Governance & elections; Public safety,,,,https://app.dnv.org/OpenDocument/Default.aspx?docNum=6555483,https://www.youtube.com/watch?v=S-4VqJX3CZE,https://councilrecord.ca/district.html#vote/482,"THAT the application submitted to the Union of BC Municipalities (UBCM) Community Emergency Preparedness Fund (CEPF) under the stream of “2025 Emergency Operations Centres Equipment and Training” in the amount of $120,000 be endorsed; and, AND THAT Council supports the District of North Vancouver, in partnership with North Shore Emergency Management (NSEM), to provide overall grant management for the project and funds."
2025-06-09,Regular meeting,8.5,Home Waste Prevention Strategies and Demolition Waste Reduction,Main motion,Carried,7,0,0,Mike Little,Herman Mah,In favour,In favour,In favour,In favour,In favour,In favour,In favour,Development; Environment & climate,,,,https://app.dnv.org/OpenDocument/Default.aspx?docNum=6555483,https://www.youtube.com/watch?v=S-4VqJX3CZE,https://councilrecord.ca/district.html#vote/483,"THAT Council direct staff to bring forward administrative amendments to the “Demolition Waste Reduction Bylaw 8582, 2022” to further support demolition waste diversion in the District of North Vancouver."
2025-06-09,Regular meeting,8.6,Safe Streets for Delbrook Community Centre,Main motion,Carried,4,3,0,Catherine Pope,Jordan Back,In favour,In favour,Against,In favour,Against,Against,In favour,Transportation,,,,https://app.dnv.org/OpenDocument/Default.aspx?docNum=6555483,https://www.youtube.com/watch?v=S-4VqJX3CZE,https://councilrecord.ca/district.html#vote/484,THAT staff are directed to report back on options to prioritize safe streets surrounding the Delbrook Community Centre within a two to three block radius.
2025-06-09,Regular meeting,8.7,UBCM Resolution: Advancing Home Relocation and Deconstruction in British Columbia,Main motion,Carried,7,0,0,Mike Little,Herman Mah,In favour,In favour,In favour,In favour,In favour,In favour,In favour,Development; Governance & elections,,,,https://app.dnv.org/OpenDocument/Default.aspx?docNum=6555483,https://www.youtube.com/watch?v=S-4VqJX3CZE,https://councilrecord.ca/district.html#vote/485,"WHEREAS approximately 3,200 single-family homes are demolished each year across British Columbia to make way for higher-density development, according to the Building Relocation and Deconstruction Association of British Columbia; AND WHEREAS the average 1,500 square foot wood-framed home is constructed from 40 to 60 mature trees, contains approximately 100 tons of material, and represents an estimated 23 tons of embodied carbon; AND WHEREAS the rate of residential demolitions is projected to increase by 35% over the next decade as local governments implement policies that encourage urban densification; AND WHEREAS municipalities across British Columbia and jurisdictions worldwide are demonstrating policy leadership by promoting home relocation and deconstruction as environmentally responsible and economically beneficial alternatives to conventional demolition; THEREFORE BE IT RESOLVED that the Union of British Columbia Municipalities endorses the seven recommendations of the Building Relocation and Deconstruction Association of British Columbia’s Municipal Action Plan (2025) to advance sustainable building removal practices across the province."
2025-06-23,Special meeting,2.1,2024 Annual Report,Main motion,Carried,7,0,0,Lisa Muri,Jordan Back,In favour,In favour,In favour,In favour,In favour,In favour,In favour,Taxes & spending; Governance & elections,,,,https://app.dnv.org/OpenDocument/Default.aspx?docNum=6565534,https://www.youtube.com/watch?v=blkbfBUcORk,https://councilrecord.ca/district.html#vote/487,THAT Council receive the District of North Vancouver 2024 Annual Report.
2025-06-23,Regular meeting,8.1,"Street Naming Bylaw, 8735, 2025 – Marie Place",Main motion,Carried,7,0,0,Lisa Muri,Herman Mah,In favour,In favour,In favour,In favour,In favour,In favour,In favour,Development; Transportation,,,,https://app.dnv.org/OpenDocument/Default.aspx?docNum=6565536,https://www.youtube.com/watch?v=hN8h8MnHp80,https://councilrecord.ca/district.html#vote/488,"THAT “Marie Place, Street Naming Bylaw 8735, 2025” is ADOPTED."
2025-06-23,Regular meeting,8.2,Increase to Length of Stay - Short-term Rentals and Bed and Breakfasts,Main motion,Referred,7,0,0,Lisa Muri,Jordan Back,In favour,In favour,In favour,In favour,In favour,In favour,In favour,Housing & density; Neighbourhood character; Business & economy,,,,https://app.dnv.org/OpenDocument/Default.aspx?docNum=6565536,https://www.youtube.com/watch?v=hN8h8MnHp80,https://councilrecord.ca/district.html#vote/489,"THAT “District of North Vancouver Rezoning Bylaw 1454 (Bylaw 8746)” is given FIRST, SECOND and THIRD Readings; AND THAT “Bylaw Notice Enforcement Bylaw 7458, 2004, Amendment Bylaw 8747, 2025 (Amendment 79)” is given FIRST, SECOND and THIRD Readings."
2025-06-23,Regular meeting,8.3,OCP Update – Public Engagement Summary and Refined Scenario,Main motion,Carried,7,0,0,Mike Little,Lisa Muri,In favour,In favour,In favour,In favour,In favour,In favour,In favour,Housing & density,,,,https://app.dnv.org/OpenDocument/Default.aspx?docNum=6565536,https://www.youtube.com/watch?v=hN8h8MnHp80,https://councilrecord.ca/district.html#vote/490,"THAT Council direct staff to develop the necessary OCP and Zoning Bylaw amendments to implement the refined scenario as provided in Attachment 3 of the OCP Update report dated June 11, 2025; AND THAT Council direct staff to develop the necessary OCP and Zoning Bylaw amendments to implement a minimally compliant scenario reflecting our current OCP and Single-Family 3rd Dwelling Units."
2025-06-23,Regular meeting,8.4,Zoning Bylaw Rewrite: Proposed Single-Family Zoning Changes,Referral,Referred,6,0,1,Mike Little,Herman Mah,In favour,In favour,In favour,In favour,In favour,In favour,Absent,Development,,,,https://app.dnv.org/OpenDocument/Default.aspx?docNum=6565536,https://www.youtube.com/watch?v=hN8h8MnHp80,https://councilrecord.ca/district.html#vote/491,"THAT item 8.4 ""Zoning Bylaw Rewrite: Proposed Single-Family Changes"" is referred to a Council Workshop."
2025-06-23,Regular meeting,8.5,October 2024 atmospheric river event – review and next steps,Main motion,Carried,6,0,1,Mike Little,Jordan Back,In favour,In favour,In favour,In favour,Absent,In favour,In favour,Public services; Public safety,,,,https://app.dnv.org/OpenDocument/Default.aspx?docNum=6565536,https://www.youtube.com/watch?v=hN8h8MnHp80,https://councilrecord.ca/district.html#vote/492,"THAT Council receive the staff report October 2024 atmospheric river event – review and next steps; and THAT Council approve the implementation plan as detailed in the report Emergency Response Review: October 2024 Atmospheric River, attached as Attachment 1, and direct staff to continue prioritizing immediate progression of the identified short-term recommendations; and THAT Council direct staff to include the financial considerations of medium-term and long-term recommendations outlined in the report Emergency Response Review: October 2024 Atmospheric River, attached as Attachment 1, into future annual financial planning cycles."
2025-06-23,Regular meeting,8.6,Bicycle Bells and Safety,Main motion,Carried,5,1,1,Jim Hanson,Lisa Muri,In favour,Against,In favour,In favour,Absent,In favour,In favour,Transportation,,,,https://app.dnv.org/OpenDocument/Default.aspx?docNum=6565536,https://www.youtube.com/watch?v=hN8h8MnHp80,https://councilrecord.ca/district.html#vote/493,THAT Council directs staff to report back on options for mandating bike bells for road safety sharing benefits of cyclists and pedestrians.
2025-07-07,Regular meeting,8.1,Bylaw Numbers 8746 and 8747 Short-Term Rentals and Bed & Breakfasts,Main motion,Carried,6,0,1,Jim Hanson,Herman Mah,In favour,In favour,In favour,In favour,In favour,Absent,In favour,Housing & density; Neighbourhood character; Business & economy,,,,https://app.dnv.org/OpenDocument/Default.aspx?docNum=6596966,https://www.youtube.com/watch?v=1crfIbyQGqY&t=00h43m08s,https://councilrecord.ca/district.html#vote/494,"THAT “District of North Vancouver Rezoning Bylaw 1454 (Bylaw 8746)” is ADOPTED; AND THAT “Bylaw Notice Enforcement Bylaw 7458, 2004 Amendment Bylaw 8747, 2025 (Amendment 79)” is ADOPTED."
2025-07-07,Regular meeting,8.2,2025 Community Service Grants,Main motion,Carried,6,0,1,Herman Mah,Catherine Pope,In favour,In favour,In favour,In favour,In favour,Absent,In favour,Taxes & spending; Public services,,,,https://app.dnv.org/OpenDocument/Default.aspx?docNum=6596966,https://www.youtube.com/watch?v=1crfIbyQGqY&t=00h43m53s,https://councilrecord.ca/district.html#vote/495,"THAT the 2025 Community Service Grants recommendations of $411,611, as described in the June 19, 2025, report of the Community Planner entitled, “2025 Community Service Grants”, is APPROVED."
2025-07-07,Regular meeting,8.3,2025 Child Care Grants,Main motion,Carried,6,0,1,Herman Mah,Mike Little,In favour,In favour,In favour,In favour,In favour,Absent,In favour,Taxes & spending; Public services,,,,https://app.dnv.org/OpenDocument/Default.aspx?docNum=6596966,https://www.youtube.com/watch?v=1crfIbyQGqY&t=00h55m54s,https://councilrecord.ca/district.html#vote/496,"THAT the 2025 child care grants recommendations of $69,550, as detailed in the June 18, 2025, report of the Community Planner entitled “2025 Child Care Grants”, is APPROVED."
2025-07-07,Regular meeting,8.4,8.4. Electronic Property Tax Notice & Online Campaign,Main motion,Carried,6,0,1,Herman Mah,Betty Forbes,In favour,In favour,In favour,In favour,In favour,Absent,In favour,Taxes & spending,,,,https://app.dnv.org/OpenDocument/Default.aspx?docNum=6596966,https://www.youtube.com/watch?v=1crfIbyQGqY&t=01h01m14s,https://councilrecord.ca/district.html#vote/497,"THAT staff are directed to report back on options to promote the streamline of e-bill notice deliveries for property taxes, and other online payment services for District of North Vancouver services to reduce dependence on mail delivery and to reduce associated costs with mailing and printing."
2025-07-07,Regular meeting,8.5,8.5. Anti-Hate Pledge,Main motion,Carried,6,0,1,Catherine Pope,Jordan Back,In favour,In favour,In favour,In favour,In favour,Absent,In favour,Public services,,,,https://app.dnv.org/OpenDocument/Default.aspx?docNum=6596966,https://www.youtube.com/watch?v=1crfIbyQGqY&t=01h05m01s,https://councilrecord.ca/district.html#vote/498,"THAT Council endorse the Anti-Hate Pledge as attached to the report dated June 25, 2025, titled Anti-Hate Pledge as attachment 1."
2025-07-21,Regular meeting,8.1,"Business Licence Application Denial of [name removed], 15347092 Corp “Sisu” to Operate a Sauna Boat Business at 4565 Strathcona Rd, North Vancouver",Main motion,Carried,7,0,0,Jim Hanson,Lisa Muri,In favour,In favour,In favour,In favour,In favour,In favour,In favour,Business & economy,,,,https://app.dnv.org/OpenDocument/Default.aspx?docNum=6596963,https://www.youtube.com/watch?v=ObyTvdCbb_s&t=00h46m59s,https://councilrecord.ca/district.html#vote/501,THAT Council uphold the decision to deny the business licence application submitted by [name removed] (the “Applicant”) on behalf of “15347092 Corp” to operate an office business at 4565 Strathcona Rd due to non-compliance with District Bylaws.
2025-07-21,Regular meeting,8.2,Business Licence for Wise Beans Childcare Centre – 2439 Berton Place,Main motion,Carried,5,2,0,Jordan Back,Jim Hanson,Against,In favour,In favour,In favour,In favour,Against,In favour,Public services; Business & economy,,,,https://app.dnv.org/OpenDocument/Default.aspx?docNum=6596963,https://www.youtube.com/watch?v=ObyTvdCbb_s&t=01h02m25s,https://councilrecord.ca/district.html#vote/502,THAT the application to amend the business licence for Wise Beans Childcare Centre located at 2439 Berton Place to increase the current child care capacity from eight children age 0 to 36 months to 12 children age 0 to 36 months and eight children age 30 months to school age is approved.
2025-07-21,Regular meeting,8.3,233 Wooddale Road – Withhold Demolition Permit,Main motion,Carried,6,1,0,Lisa Muri,Mike Little,In favour,In favour,In favour,In favour,In favour,In favour,Against,Development; Neighbourhood character; Public services,,,,https://app.dnv.org/OpenDocument/Default.aspx?docNum=6596963,https://www.youtube.com/watch?v=ObyTvdCbb_s&t=01h23m57s,https://councilrecord.ca/district.html#vote/503,"THAT Council directs the Chief Building Official to withhold the demolition permit for 233 Wooddale Road in accordance with Section 3.1, 3.2, and 4.1 of the Heritage Procedures Bylaw."
2025-07-21,Regular meeting,8.4,Business Licencing Framework for Residential Rental Properties,Main motion,Carried,7,0,0,Mike Little,Jordan Back,In favour,In favour,In favour,In favour,In favour,In favour,In favour,Housing & density; Business & economy,,,,https://app.dnv.org/OpenDocument/Default.aspx?docNum=6596963,https://www.youtube.com/watch?v=ObyTvdCbb_s&t=00h45m56s,https://councilrecord.ca/district.html#vote/504,"THAT “Business Licence Bylaw 4567, 1974 Amendment Bylaw 8727, 2025 (Amendment 55)” is given SECOND and THIRD Readings; AND THAT “Fees and Charges Bylaw 6481, 1992, Amendment Bylaw 8729, 2025 (Amendment 95)” is given SECOND and THIRD Readings; AND THAT “Bylaw Notice Enforcement Bylaw 7458, 2004, Amendment Bylaw 8728, 2025 (Amendment 77)” is given SECOND and THIRD Readings."
2025-07-21,Regular meeting,8.5,"Bylaw 8739, 8738, 8740, and 8742 – OCP Amendment & Rezoning: 520–540 Mountain Highway, 1505–1571 Fern Street & 1514–1574 Hunter Street (“Seylynn Centre”)",Main motion,Carried,7,0,0,Mike Little,Jordan Back,In favour,In favour,In favour,In favour,In favour,In favour,In favour,Housing & density; Development; Transportation,,,,https://app.dnv.org/OpenDocument/Default.aspx?docNum=6596963,https://www.youtube.com/watch?v=ObyTvdCbb_s&t=01h36m32s,https://councilrecord.ca/district.html#vote/505,"THAT “District of North Vancouver Official Community Plan Bylaw 7900, 2011, Amendment Bylaw 8739, 2025 (Amendment 56)” is given FIRST reading; AND THAT the “District of North Vancouver Rezoning Bylaw 1439 Bylaw 8738” is given FIRST Reading; AND THAT “District of North Vancouver Housing Agreement Bylaw 8740, 2025” is given FIRST Reading; AND THAT “District of North Vancouver Housing Agreement Bylaw 8742, 2025” is given FIRST Reading; AND THAT pursuant to Section 475 and Section 476 of the Local Government Act, additional consultation is not required beyond that already undertaken with respect to Bylaw 8739; AND THAT in accordance with Section 477 of the Local Government Act, Council has considered Bylaw 8739 in conjunction with its Financial Plan and applicable Waste Management Plans; AND THAT Bylaw 8739 and Bylaw 8738 are referred to a Public Hearing."
2025-07-21,Regular meeting,8.6,"Proposed Highway Closure and Dedication Removal Bylaw 8745 “1500 Block Fern Street Highway Closure Bylaw 8745, 2025”",Main motion,Carried,7,0,0,Herman Mah,Jordan Back,In favour,In favour,In favour,In favour,In favour,In favour,In favour,Development,,,,https://app.dnv.org/OpenDocument/Default.aspx?docNum=6596963,https://www.youtube.com/watch?v=ObyTvdCbb_s&t=01h55m28s,https://councilrecord.ca/district.html#vote/506,"THAT “1500 Block Fern Street Highway Closure Bylaw 8745, 2025” is given FIRST, SECOND and THIRD Readings."
2025-07-21,Regular meeting,8.7,Bylaw 8731 – Text Amendment to CD 67 (Unit 150-680 Seylynn Crescent),Main motion,Carried,7,0,0,Mike Little,Jordan Back,In favour,In favour,In favour,In favour,In favour,In favour,In favour,Development,,,,https://app.dnv.org/OpenDocument/Default.aspx?docNum=6596963,https://www.youtube.com/watch?v=ObyTvdCbb_s&t=00h45m56s,https://councilrecord.ca/district.html#vote/507,"THAT “District of North Vancouver Rezoning 1448 (Bylaw 8731)” is given FIRST, SECOND, and THIRD Readings."
2025-07-21,Regular meeting,8.8,"Rezoning Bylaw 8736 for a 46-Unit Townhouse at 3374–3380 Mount Seymour Parkway (MSP), 2 Unaddressed Lots fronting MSP & 3382–3396 Gaspe Place",Amendment,Carried,4,3,0,Catherine Pope,Mike Little,In favour,In favour,Against,Against,In favour,Against,In favour,Housing & density; Development,1 of 2,,,https://app.dnv.org/OpenDocument/Default.aspx?docNum=6596963,https://www.youtube.com/watch?v=ObyTvdCbb_s&t=02h06m08s,https://councilrecord.ca/district.html#vote/508,"THAT the main motion is amended to add “AND Council further directs funds from the sale can ONLY be used for deeply affordable or social housing in the area, in partnership with a non-profit organization and may include the purchase of existing homes.”"
2025-07-21,Regular meeting,8.8,"Rezoning Bylaw 8736 for a 46-Unit Townhouse at 3374–3380 Mount Seymour Parkway (MSP), 2 Unaddressed Lots fronting MSP & 3382–3396 Gaspe Place",Main motion,Carried,4,3,0,Herman Mah,Catherine Pope,In favour,In favour,Against,Against,In favour,Against,In favour,Housing & density; Development,2 of 2,,,https://app.dnv.org/OpenDocument/Default.aspx?docNum=6596963,https://www.youtube.com/watch?v=ObyTvdCbb_s&t=02h06m08s,https://councilrecord.ca/district.html#vote/509,"THAT “District of North Vancouver Rezoning Bylaw 3210 (Bylaw 8736)” is given FIRST, SECOND, and THIRD Readings; AND Council further directs funds from the sale can ONLY be used for deeply affordable or social housing in the area, in partnership with a non-profit organization and may include the purchase of existing homes."
2025-07-21,Regular meeting,8.9,"Proposed Partial Highway Closure and Dedication Removal 3300 Block Mt. Seymour Parkway and Gaspe Place Highway Closure Bylaw 8741, 2025",Main motion,Carried,4,3,0,Jordan Back,Catherine Pope,In favour,In favour,Against,Against,In favour,Against,In favour,Development,,,,https://app.dnv.org/OpenDocument/Default.aspx?docNum=6596963,https://www.youtube.com/watch?v=ObyTvdCbb_s&t=02h48m12s,https://councilrecord.ca/district.html#vote/510,"THAT “3300 Block Mt. Seymour Parkway and Gaspe Place Highway Closure Bylaw 8741, 2025” is given FIRST, SECOND and THIRD Readings."
2025-07-21,Regular meeting,8.10,Response to Parked Large and Recreational Vehicles in the District,Amendment,Defeated,3,4,0,Catherine Pope,Jim Hanson,Against,In favour,Against,In favour,Against,Against,In favour,Housing & density; Transportation; Neighbourhood character; Public services,,,,https://app.dnv.org/OpenDocument/Default.aspx?docNum=6596963,https://www.youtube.com/watch?v=ObyTvdCbb_s&t=02h49m39s,https://councilrecord.ca/district.html#vote/511,"THAT the main motion is amended to add: ""Further, as parking enforcement actions may “disproportionately impact users who are experiencing or at risk of homelessness” staff be directed to collaborate with the Federal and Provincial Housing Ministries to secure funding for transitional housing and people living in vehicles, who have nowhere else to go, and identify DNV lands not previously considered."""
2025-07-21,Regular meeting,8.10,Response to Parked Large and Recreational Vehicles in the District,Main motion,Carried,7,0,0,Herman Mah,Lisa Muri,In favour,In favour,In favour,In favour,In favour,In favour,In favour,Housing & density; Transportation; Neighbourhood character; Public services,,,,https://app.dnv.org/OpenDocument/Default.aspx?docNum=6596963,https://www.youtube.com/watch?v=ObyTvdCbb_s&t=02h49m39s,https://councilrecord.ca/district.html#vote/512,"THAT Council direct staff to implement the parking restriction enhancements in the Lower Mackay Creek area, as set out in Attachment 1 to the July 10, 2025 report of the Community Planner entitled Response to Parked Large and Recreational Vehicles in the District; AND THAT Council direct staff to further develop and report back on the draft implementation strategy set out in the report."
2025-07-21,Regular meeting,8.11,Outdoor Sports Courts Optimization Strategy,Main motion,Carried,7,0,0,Mike Little,Lisa Muri,In favour,In favour,In favour,In favour,In favour,In favour,In favour,Parks & recreation,,,,https://app.dnv.org/OpenDocument/Default.aspx?docNum=6596963,https://www.youtube.com/watch?v=ObyTvdCbb_s&t=03h25m49s,https://councilrecord.ca/district.html#vote/513,"THAT the Outdoor Sports Courts Optimization Strategy as detailed in the July 9, 2025 report of the Section Manager, Parks Planning, Design and Development entitled Outdoor Sports Courts Optimization Strategy is approved."
2025-09-15,Special meeting,5.1,Business Licencing Framework for Residential Rental Properties,Main motion,Carried,6,0,1,Lisa Muri,Herman Mah,In favour,Absent,In favour,In favour,In favour,In favour,In favour,Housing & density; Business & economy,,,,https://app.dnv.org/OpenDocument/Default.aspx?docNum=6638136,https://www.youtube.com/watch?v=XfJ5_lRxFIk,https://councilrecord.ca/district.html#vote/516,"THAT “Business Licence Bylaw 4567, 1974 Amendment Bylaw 8727, 2025 (Amendment 55)” is ADOPTED; AND THAT “Fees and Charges Bylaw 6481, 1992, Amendment Bylaw 8729, 2025 (Amendment 95)” is ADOPTED; AND THAT “Bylaw Notice Enforcement Bylaw 7458, 2004, Amendment Bylaw 8728, 2025 (Amendment 77)” is ADOPTED."
2025-09-15,Special meeting,5.2,Rain Barrel Education and Outreach,Main motion,Carried,6,0,1,Jim Hanson,Lisa Muri,In favour,Absent,In favour,In favour,In favour,In favour,In favour,Environment & climate,,,,https://app.dnv.org/OpenDocument/Default.aspx?docNum=6638136,https://www.youtube.com/watch?v=XfJ5_lRxFIk,https://councilrecord.ca/district.html#vote/517,THAT Council direct staff to organize a rain barrel pre-sale event in partnership with the District of West Vancouver and City of North Vancouver to further support water conservation and awareness across the North Shore.
2025-09-15,Special meeting,5.3,Spirit Trail Eastern Extension – September 2025 Update,Main motion,Carried,5,1,1,Mike Little,Jim Hanson,In favour,Absent,In favour,In favour,In favour,In favour,Against,Transportation,,,,https://app.dnv.org/OpenDocument/Default.aspx?docNum=6638136,https://www.youtube.com/watch?v=XfJ5_lRxFIk,https://councilrecord.ca/district.html#vote/518,"THAT Council receive the report and approve the staff recommendation to lengthen the timeline for completion of the Spirit Trail Eastern Extension project by approximately 24 months to provide additional time for further planning, engagement, scope definition and external grant opportunity activities to be undertaken; AND THAT Council direct staff to reflect the revised cashflow associated with the adjusted timeline for completion of the Spirit Trail Eastern Extension project as part of the 2026-2030 financial planning process."
2025-09-29,Regular meeting,8.1,"205-1801 Welch Street, North Vancouver Business Licence Application Denial",Main motion,Carried,4,3,0,Mike Little,Lisa Muri,In favour,Against,In favour,Against,In favour,In favour,Against,Business & economy,,,,https://app.dnv.org/OpenDocument/Default.aspx?docNum=6630373,https://www.youtube.com/watch?v=s2fxb7GtFpI,https://councilrecord.ca/district.html#vote/519,THAT Council uphold the decision to deny the business licence application submitted by [name removed] (the “Applicant”) on behalf of Play to Thrive Pediatric Occupational Therapy to operate a health service purpose business at 205-1801 Welch St due to non-compliance with the District’s Zoning Bylaw.
2025-09-29,Regular meeting,8.2,Demolition Waste Reduction Bylaw 8582 Amendments,Main motion,Carried,4,3,0,Jim Hanson,Lisa Muri,Against,In favour,Against,In favour,Against,In favour,In favour,Environment & climate,,,,https://app.dnv.org/OpenDocument/Default.aspx?docNum=6630373,https://www.youtube.com/watch?v=s2fxb7GtFpI,https://councilrecord.ca/district.html#vote/520,"THAT “Demolition Waste Reduction Bylaw 8582, 2022, Amendment Bylaw 8748, 2025 (Amendment 1)” is given FIRST, SECOND, and THIRD Readings; AND THAT “Bylaw Notice Enforcement Bylaw 7458, 2004, Amendment Bylaw 8749, 2025 (Amendment 80)” is given FIRST, SECOND, and THIRD Readings."
2025-09-29,Regular meeting,8.3,2025 FireSmart Community Funding & Supports Grant,Main motion,Carried,7,0,0,Mike Little,Lisa Muri,In favour,In favour,In favour,In favour,In favour,In favour,In favour,Taxes & spending; Public services; Public safety,,,,https://app.dnv.org/OpenDocument/Default.aspx?docNum=6630373,https://www.youtube.com/watch?v=s2fxb7GtFpI,https://councilrecord.ca/district.html#vote/521,THAT Council support the 2025 FireSmart Community Funding & Supports Grant Application entitled “2025 DNVFRS FireSmart Community Risk Reduction and Resiliency Program”.
2025-10-14,Special meeting,4.1,"202-1050 W 14th Street, North Vancouver Business Licence Application Denial",Main motion,Carried,4,3,0,Mike Little,Lisa Muri,In favour,Against,In favour,Against,In favour,In favour,Against,Business & economy,,,,https://app.dnv.org/OpenDocument/Default.aspx?docNum=6630376,https://www.youtube.com/watch?v=8jzts3By6fk,https://councilrecord.ca/district.html#vote/522,THAT the business licence application for Checkmark Accounting Inc. at 202-1050 W14th Street is referred back to staff for further review given the nature of the business as a professional office.
2025-10-14,Special meeting,4.2,2025 -2029 Financial Plan Amendment,Main motion,Carried,7,0,0,Mike Little,Lisa Muri,In favour,In favour,In favour,In favour,In favour,In favour,In favour,Taxes & spending,,,,https://app.dnv.org/OpenDocument/Default.aspx?docNum=6630376,https://www.youtube.com/watch?v=8jzts3By6fk,https://councilrecord.ca/district.html#vote/523,"THAT “2025-2029 Financial Plan Bylaw 8737, 2025, Amendment Bylaw 8761, 2025 (Amendment 1)” is given FIRST, SECOND, and THIRD Readings."
2025-10-20,Regular meeting,8.1,"Bylaws 8681, 8682, 8683 and 8690: OCP Amendment, Rezoning, and Housing Agreement Bylaws for 1634 & 1748 Capilano Road",Main motion,Carried,7,0,0,Mike Little,Jordan Back,In favour,In favour,In favour,In favour,In favour,In favour,In favour,Housing & density; Development,,,,https://app.dnv.org/OpenDocument/Default.aspx?docNum=6642961,https://www.youtube.com/watch?v=FQdOfJoiSQg&pp=0gcJCSgKAYcqIYzv,https://councilrecord.ca/district.html#vote/524,"THAT “District of North Vancouver Official Community Plan Bylaw 7900, 2011, Amendment Bylaw 8681, 2024 (Amendment 54)” is ADOPTED; AND THAT “District of North Vancouver Rezoning Bylaw 1439 (Bylaw 8682)” is ADOPTED; AND THAT “Housing Agreement Bylaw 8683, 2024 (1634 Capilano Road)” is ADOPTED; AND THAT “Housing Agreement Bylaw 8690, 2024 (1634 Capilano Road)” is ADOPTED."
2025-10-20,Regular meeting,8.2,Bylaws 8748 and 8749: Demolition Waste Reduction Bylaw 8582 Amendments,Main motion,Carried,4,3,0,Lisa Muri,Jordan Back,Against,In favour,Against,In favour,Against,In favour,In favour,Environment & climate,,,,https://app.dnv.org/OpenDocument/Default.aspx?docNum=6642961,https://www.youtube.com/watch?v=FQdOfJoiSQg&pp=0gcJCSgKAYcqIYzv,https://councilrecord.ca/district.html#vote/525,"THAT “Demolition Waste Reduction Bylaw 8582, 2022, Amendment Bylaw 8748, 2025 (Amendment 1)” is ADOPTED; AND THAT “Bylaw Notice Enforcement Bylaw 7458, 2004, Amendment Bylaw 8749, 2025 (Amendment 80)” is ADOPTED."
2025-10-20,Regular meeting,8.3,2025-2029 Financial Plan Amendment,Main motion,Carried,7,0,0,Mike Little,Jordan Back,In favour,In favour,In favour,In favour,In favour,In favour,In favour,Taxes & spending,,,,https://app.dnv.org/OpenDocument/Default.aspx?docNum=6642961,https://www.youtube.com/watch?v=FQdOfJoiSQg&pp=0gcJCSgKAYcqIYzv,https://councilrecord.ca/district.html#vote/526,"THAT “2025-2029 Financial Plan Bylaw 8737, 2025, Amendment Bylaw 8761, 2025 (Amendment 1)” is ADOPTED."
2025-10-20,Regular meeting,8.4,"Bylaw 8739, 8738, 8740, and 8742 – OCP Amendment & Rezoning: 520 - 540 Mountain Highway, 1505 - 1571 Fern Street & 1514 - 1574 Hunter Street (“Seylynn Centre”)",Main motion,Carried,6,1,0,Mike Little,Jordan Back,In favour,In favour,In favour,In favour,In favour,Against,In favour,Housing & density; Development; Transportation,,,,https://app.dnv.org/OpenDocument/Default.aspx?docNum=6642961,https://www.youtube.com/watch?v=FQdOfJoiSQg&pp=0gcJCSgKAYcqIYzv,https://councilrecord.ca/district.html#vote/527,"THAT “BYLAW 8739 - District of North Vancouver Official Community Plan Bylaw 7900, 2011, Amendment Bylaw 8739, 2024 (Amendment 56)” is given SECOND and THIRD Readings; AND THAT “District of North Vancouver Rezoning Bylaw 1439 Bylaw 8738” is given SECOND and THIRD Readings; AND THAT “District of North Vancouver Housing Agreement Bylaw 8740, 2025” is given SECOND and THIRD Readings; AND THAT “District of North Vancouver Housing Agreement Bylaw 8742, 2025” is given SECOND and THIRD Readings."
2025-10-20,Regular meeting,8.5,"Bylaws 8758, 8759, and 8760 (Liquor Store Relocation and Related Amendments in Edgemont Village)",Main motion,Carried,7,0,0,Jim Hanson,Jordan Back,In favour,In favour,In favour,In favour,In favour,In favour,In favour,Neighbourhood character; Business & economy,,,,https://app.dnv.org/OpenDocument/Default.aspx?docNum=6642961,https://www.youtube.com/watch?v=FQdOfJoiSQg&pp=0gcJCSgKAYcqIYzv,https://councilrecord.ca/district.html#vote/528,THAT “District of North Vancouver Rezoning Bylaw 1457 (Bylaw 8758)” is considered; AND THAT a Public Hearing is not held in respect of “District of North Vancouver Rezoning Bylaw 1457 (Bylaw 8758)”; AND THAT staff undertake the required public notice in respect of Bylaw 8758; AND THAT “District of North Vancouver Rezoning Bylaw 1458 (Bylaw 8759)” is considered; AND THAT a Public Hearing is not held in respect of “District of North Vancouver Rezoning Bylaw 1458 (Bylaw 8759)”; AND THAT staff undertake the required public notice in respect of Bylaw 8759; AND THAT “District of North Vancouver Rezoning Bylaw 1459 (Bylaw 8760)” is considered; AND THAT a Public Hearing is not held in respect of “District of North Vancouver Rezoning Bylaw 1459 (Bylaw 8760)”; AND THAT staff undertake the required public notice in respect of Bylaw 8760.
2025-10-20,Regular meeting,8.6,OCP Update 2025 – OCP Bylaw Amendments Introduction,Main motion,Carried,4,3,0,Mike Little,Lisa Muri,In favour,Against,In favour,Against,In favour,In favour,Against,Housing & density; Metro Vancouver,,,,https://app.dnv.org/OpenDocument/Default.aspx?docNum=6642961,https://www.youtube.com/watch?v=FQdOfJoiSQg&pp=0gcJCSgKAYcqIYzv,https://councilrecord.ca/district.html#vote/529,"THAT District of North Vancouver Official Community Plan Bylaw 7900, 2011, Amendment Bylaw 8743, 2025 (Amendment 57) is given FIRST Reading; AND THAT District of North Vancouver Residential Tenant Relocation Assistance Bylaw 8750, 2025 is given FIRST Reading; AND THAT pursuant to Section 475 and Section 476 of the Local Government Act, additional consultation is not required beyond that already undertaken with respect to Bylaw 8743; AND THAT in accordance with Section 477 of the Local Government Act, Council has considered Bylaw 8743 in conjunction with its Financial Plan and applicable Waste Management Plans; AND THAT Bylaw 8743 is referred to a Public Hearing; AND THAT pursuant to Section 446 of the Local Government Act, the Regional Context Statement in Schedule B of the District of North Vancouver Official Community Plan Bylaw 7900, 2011, Amendment Bylaw 8743, 2025 (Amendment 57) is sent to the Metro Vancouver Regional District Board for consideration and acceptance."
2025-10-20,Regular meeting,8.7,Non-medical Retail Cannabis Policy and Business Licence Fees Update,Main motion,Carried,7,0,0,Lisa Muri,Jim Hanson,In favour,In favour,In favour,In favour,In favour,In favour,In favour,Business & economy,,,,https://app.dnv.org/OpenDocument/Default.aspx?docNum=6642961,https://www.youtube.com/watch?v=FQdOfJoiSQg&pp=0gcJCSgKAYcqIYzv,https://councilrecord.ca/district.html#vote/530,THAT the Non-medical Retail Cannabis Policy is updated to replace the 9 am to 9 pm operating hours restriction with a 9 am to 11 pm operating hours restriction; AND THAT the annual business licence fee for cannabis retail stores is reduced over 3 years to be the same as the annual business licence fee for liquor retailers.
2025-10-20,Regular meeting,8.8,2026 Council Meeting Schedule,Main motion,Carried,7,0,0,Mike Little,Jordan Back,In favour,In favour,In favour,In favour,In favour,In favour,In favour,Governance & elections,,,,https://app.dnv.org/OpenDocument/Default.aspx?docNum=6642961,https://www.youtube.com/watch?v=FQdOfJoiSQg&pp=0gcJCSgKAYcqIYzv,https://councilrecord.ca/district.html#vote/531,THAT the 2026 Council meeting schedule is APPROVED.
2025-10-20,Regular meeting,8.9,2026 Acting Mayor Schedule,Main motion,Carried,7,0,0,Mike Little,Jordan Back,In favour,In favour,In favour,In favour,In favour,In favour,In favour,Governance & elections,,,,https://app.dnv.org/OpenDocument/Default.aspx?docNum=6642961,https://www.youtube.com/watch?v=FQdOfJoiSQg&pp=0gcJCSgKAYcqIYzv,https://councilrecord.ca/district.html#vote/532,THAT the 2026 Acting Mayor schedule is APPROVED.
2025-11-03,Regular meeting,8.1,"DAPR Update, and Proposed Changes to Development Permits, Minor Development Variance Permits, and Public Hearings",Main motion,Carried,4,3,0,Lisa Muri,Mike Little,In favour,Against,In favour,In favour,Against,In favour,Against,Development,,,,https://app.dnv.org/OpenDocument/Default.aspx?docNum=6640197,https://www.youtube.com/watch?v=OHFWYcXB7Fs&t=00h57m29s,https://councilrecord.ca/district.html#vote/533,"THAT “District of North Vancouver Official Community Plan Bylaw 7900, 2011 Amendment Bylaw 8763, 2025 (Amendment 61)” is given FIRST Reading; AND THAT “Development Procedures Bylaw 8144, 2017 Amendment Bylaw 8764, 2025 (Amendment 7)” is given FIRST Reading; AND THAT Bylaw 8763 and 8764 are referred to a Council Workshop."
2025-11-03,Regular meeting,8.2,"Provincial Housing Target Progress Reporting for the District of North Vancouver, October 1, 2024 – September 30, 2025",Main motion,Carried,7,0,0,Mike Little,Jordan Back,In favour,In favour,In favour,In favour,In favour,In favour,In favour,Housing & density; Development,,,,https://app.dnv.org/OpenDocument/Default.aspx?docNum=6640197,https://www.youtube.com/watch?v=OHFWYcXB7Fs&t=02h07m02s,https://councilrecord.ca/district.html#vote/534,"THAT the Housing Target Progress Report as detailed in the October 15, 2025, report of the Community Planner titled Provincial Housing Target Progress Reporting for the District of North Vancouver, October 1, 2024 – September 30, 2025, is received by Council in accordance with the Housing Supply Act and Housing Supply Regulation. AND THAT the Housing Target Progress Report is published on the District’s website, and submitted to the Minister of Housing and Municipal Affairs in accordance with the Housing Supply Act and Housing Supply Regulation."
2025-11-03,Regular meeting,8.3,Creating an Ageing and Older Persons Strategy,Main motion,Carried,7,0,0,Herman Mah,Jordan Back,In favour,In favour,In favour,In favour,In favour,In favour,In favour,Public services,,,,https://app.dnv.org/OpenDocument/Default.aspx?docNum=6640197,https://www.youtube.com/watch?v=OHFWYcXB7Fs&t=02h23m01s,https://councilrecord.ca/district.html#vote/535,"THAT Council direct staff to report back on options to create a comprehensive strategy for seniors in the District of North Vancouver, including specific goals and directions for how the municipality can best serve its ageing and older persons population."
2025-11-17,Council workshop,3.1,2026 Utility Rates Workshop,Main motion,Carried,6,0,1,Jordan Back,Catherine Pope,Absent,In favour,In favour,In favour,In favour,In favour,In favour,Public services; Utilities,,,,https://app.dnv.org/OpenDocument/Default.aspx?docNum=6680053,https://www.youtube.com/watch?v=vmu2wPDszTg,https://councilrecord.ca/district.html#vote/537,"THAT the 2026 Utility Rates be brought back to Council on December 1, 2025 for approval"
2025-11-17,Regular meeting,8.1,Policy Direction for Short-Term Rental Accommodation Parking Compliance,Main motion,Carried,6,0,1,Herman Mah,Jordan Back,Absent,In favour,In favour,In favour,In favour,In favour,In favour,Transportation; Neighbourhood character; Business & economy,,,,https://app.dnv.org/OpenDocument/Default.aspx?docNum=6665785,https://www.youtube.com/watch?v=-jlz-0uJDCY,https://councilrecord.ca/district.html#vote/538,"THAT Council endorse the recommended approach for managing compliance with the parking requirements for short-term rental business licence applications, as outlined in the report dated November 3, 2025, titled “Policy Direction for Short-Term Rental Accommodation Parking Compliance”; AND THAT Council direct staff to process pending and future short-term rental business licence applications in accordance with this recommended approach."
2025-11-17,Regular meeting,8.2,2025 Community Heritage Grants,Main motion,Carried,6,0,1,Lisa Muri,Jordan Back,Absent,In favour,In favour,In favour,In favour,In favour,In favour,Taxes & spending; Neighbourhood character; Public services,,,,https://app.dnv.org/OpenDocument/Default.aspx?docNum=6665785,https://www.youtube.com/watch?v=-jlz-0uJDCY,https://councilrecord.ca/district.html#vote/539,"THAT the fifteen 2025 District of North Vancouver Community Heritage Grants totalling $55,375 detailed in the November 3, 2025 report of the Community Planner, entitled 2025 Community Heritage Grants, are APPROVED; and THAT $3,517 is drawn from the Community Heritage Grants Fund held with the North Shore Community Foundation to be disbursed as outlined in the November 3, 2025 report of the Community Planner, entitled 2025 Community Heritage Grants."
2025-11-24,Council workshop,3.1,Update on Traffic Calming Program (Retitled Neighbourhood Street Improvement Program),Procedural,Carried,7,0,0,Herman Mah,Jordan Back,In favour,In favour,In favour,In favour,In favour,In favour,In favour,Transportation,,,,https://app.dnv.org/OpenDocument/Default.aspx?docNum=6665784,https://www.youtube.com/watch?v=Vk5nSAufEUw&t=00h00m41s,https://councilrecord.ca/district.html#vote/542,"THAT the November 3, 2025 report of the Transportation Planning Technologist entitled Update on Traffic Calming Program (Retitled Neighbourhood Street Improvement Program) is received for information."
2025-12-01,Regular meeting,8.1,Development Permit 60.18 - 3568 & 3572 Mount Seymour Parkway (MSP),Main motion,Carried,7,0,0,Mike Little,Herman Mah,In favour,In favour,In favour,In favour,In favour,In favour,In favour,Development,,,,https://app.dnv.org/OpenDocument/Default.aspx?docNum=6665789,https://www.youtube.com/watch?v=_nmPBrkliZU,https://councilrecord.ca/district.html#vote/546,THAT Development Permit 60.18 to allow for the construction of 8-unit townhouse development at 3568 and 3572 Mount Seymour Parkway is ISSUED.
2025-12-01,Regular meeting,8.2,Proposed Amendment to Development Servicing Bylaw 8145,Main motion,Carried,7,0,0,Mike Little,Lisa Muri,In favour,In favour,In favour,In favour,In favour,In favour,In favour,Development,,,,https://app.dnv.org/OpenDocument/Default.aspx?docNum=6665789,https://www.youtube.com/watch?v=_nmPBrkliZU,https://councilrecord.ca/district.html#vote/547,"THAT “District of North Vancouver Development Servicing Bylaw 8145, 2017, Amendment Bylaw 8775, 2025 (Amendment 3)” is given FIRST, SECOND and THIRD Readings."
2025-12-01,Regular meeting,8.3,Annual Review of Fees and Charges - 2026,Main motion,Carried,7,0,0,Mike Little,Jordan Back,In favour,In favour,In favour,In favour,In favour,In favour,In favour,Taxes & spending,,,,https://app.dnv.org/OpenDocument/Default.aspx?docNum=6665789,https://www.youtube.com/watch?v=_nmPBrkliZU,https://councilrecord.ca/district.html#vote/548,"THAT ""Fees and Charges Bylaw 6481, 1992 Amendment Bylaw 8772, 2025 (Amendment 97)"" is given FIRST, SECOND and THIRD Readings."
2025-12-01,Regular meeting,8.4,2026 Utility Rates,Procedural,Carried,7,0,0,Mike Little,Jim Hanson,In favour,In favour,In favour,In favour,In favour,In favour,In favour,Public services; Utilities,,,,https://app.dnv.org/OpenDocument/Default.aspx?docNum=6665789,https://www.youtube.com/watch?v=_nmPBrkliZU,https://councilrecord.ca/district.html#vote/549,"THAT the November 19, 2025 report of the Accounting Officer, Asset Management and Capital Planning entitled 2026 Utility Rates is received for information."
2025-12-01,Regular meeting,8.5,Waterworks Regulation User Charges and Service Fees for 2026 – Bylaw 8767,Main motion,Carried,7,0,0,Mike Little,Lisa Muri,In favour,In favour,In favour,In favour,In favour,In favour,In favour,Taxes & spending; Public services; Utilities,,,,https://app.dnv.org/OpenDocument/Default.aspx?docNum=6665789,https://www.youtube.com/watch?v=_nmPBrkliZU,https://councilrecord.ca/district.html#vote/550,"THAT “Waterworks Regulation Bylaw 2279, 1958, Amendment Bylaw 8767, 2025 (Amendment 72)” is given FIRST, SECOND, and THIRD Readings."
2025-12-01,Regular meeting,8.6,Solid Waste Collection and Service Fees – Bylaw 8768,Main motion,Carried,7,0,0,Mike Little,Lisa Muri,In favour,In favour,In favour,In favour,In favour,In favour,In favour,Public services; Utilities,,,,https://app.dnv.org/OpenDocument/Default.aspx?docNum=6665789,https://www.youtube.com/watch?v=_nmPBrkliZU,https://councilrecord.ca/district.html#vote/551,"THAT “Solid Waste Management Bylaw 8436, 2021, Amendment Bylaw 8768, 2025 (Amendment 5)” is given FIRST, SECOND, and THIRD Readings."
2025-12-01,Regular meeting,8.7,Sewer User Charges and Service Fees – Bylaw 8766,Main motion,Carried,7,0,0,Mike Little,Lisa Muri,In favour,In favour,In favour,In favour,In favour,In favour,In favour,Taxes & spending; Public services; Utilities,,,,https://app.dnv.org/OpenDocument/Default.aspx?docNum=6665789,https://www.youtube.com/watch?v=_nmPBrkliZU,https://councilrecord.ca/district.html#vote/552,"THAT “Sewer Bylaw 6656, 1994, Amendment Bylaw 8766, 2025 (Amendment 38)” is given FIRST, SECOND, and THIRD Readings."
2025-12-01,Regular meeting,8.8,Bylaw Number 8743: OCP Update 2025 – OCP Bylaw Amendments,Main motion,Carried,4,3,0,Mike Little,Lisa Muri,In favour,Against,In favour,Against,In favour,In favour,Against,Housing & density,,,,https://app.dnv.org/OpenDocument/Default.aspx?docNum=6665789,https://www.youtube.com/watch?v=_nmPBrkliZU,https://councilrecord.ca/district.html#vote/553,"THAT “District of North Vancouver Official Community Plan Bylaw 7900, 2011, Amendment Bylaw 8743, 2025 (Amendment 57)” is given SECOND and THIRD Readings."
2025-12-01,Regular meeting,8.9,"Loan Authorization Bylaw, 8649, Security Issuing Resolution",Main motion,Carried,7,0,0,Mike Little,Jordan Back,In favour,In favour,In favour,In favour,In favour,In favour,In favour,Taxes & spending; Metro Vancouver; Public safety,,,,https://app.dnv.org/OpenDocument/Default.aspx?docNum=6665789,https://www.youtube.com/watch?v=_nmPBrkliZU,https://councilrecord.ca/district.html#vote/554,"THAT Council approve borrowing from the Municipal Finance Authority of British Columbia, as part of the 2026 Spring Long-Term Borrowing issue, $27,800,000 as authorized through the Maplewood Fire and Rescue Centre and Argyle Artificial Turf Field Loan Authorization Bylaw, 8649, 2023 and that the Metro Vancouver Regional District be requested to consent to our borrowing over a twenty (20) year term and include the borrowing in a Security Issuing Bylaw."
2025-12-01,Regular meeting,8.10,Safe Streets for Delbrook Community Recreation Centre,Main motion,Carried,4,3,0,Catherine Pope,Jordan Back,Against,In favour,Against,In favour,In favour,Against,In favour,Transportation,,,,https://app.dnv.org/OpenDocument/Default.aspx?docNum=6665789,https://www.youtube.com/watch?v=_nmPBrkliZU,https://councilrecord.ca/district.html#vote/555,"THAT the November 20, 2025 report of the Transportation Planning Technologist entitled Safe Streets for Delbrook Community Recreation Centre is received for information. AND THAT Council direct staff to implement one-way cycling facilities on W Queens Road between Woodbine Drive and Delbrook Avenue/Westview Drive, through a rapid implementation methodology, subject to securing funding contributions from TransLink."
2025-12-08,Regular meeting,8.1,"Bylaws 8766, 8767 and 8768: User Charges and Service Fees for 2026",Main motion,Carried,7,0,0,Mike Little,Jordan Back,In favour,In favour,In favour,In favour,In favour,In favour,In favour,Taxes & spending; Public services; Utilities,,,,https://app.dnv.org/OpenDocument/Default.aspx?docNum=6665799,https://www.youtube.com/watch?v=lTmpet81dgA&t=00h37m39s,https://councilrecord.ca/district.html#vote/564,"THAT “Sewer Bylaw 6656, 1994, Amendment Bylaw 8766, 2025 (Amendment 38)” is ADOPTED; AND THAT “Waterworks Regulation Bylaw 2279, 1958, Amendment Bylaw 8767, 2025 (Amendment 72)” is ADOPTED; AND THAT “Solid Waste Management Bylaw 8436, 2021, Amendment Bylaw 8768, 2025 (Amendment 5)” is ADOPTED."
2025-12-08,Regular meeting,8.2,Proposed Amendment to Development Servicing Bylaw 8145,Main motion,Carried,7,0,0,Mike Little,Jordan Back,In favour,In favour,In favour,In favour,In favour,In favour,In favour,Development,,,,https://app.dnv.org/OpenDocument/Default.aspx?docNum=6665799,https://www.youtube.com/watch?v=lTmpet81dgA&t=00h32m39s,https://councilrecord.ca/district.html#vote/565,"THAT “District of North Vancouver Development Servicing Bylaw 8145, 2017, Amendment Bylaw 8775, 2025 (Amendment 3)” is ADOPTED."
2025-12-08,Regular meeting,8.3,Annual Review of Fees and Charges – 2026,Main motion,Carried,7,0,0,Mike Little,Jordan Back,In favour,In favour,In favour,In favour,In favour,In favour,In favour,Taxes & spending,,,,https://app.dnv.org/OpenDocument/Default.aspx?docNum=6665799,https://www.youtube.com/watch?v=lTmpet81dgA&t=00h32m39s,https://councilrecord.ca/district.html#vote/566,"THAT ""Fees and Charges Bylaw 6481, 1992 Amendment Bylaw 8772, 2025 (Amendment 97)"" is ADOPTED."
2025-12-08,Regular meeting,8.5,Bylaw Number 8743: OCP Update 2025 – OCP Bylaw Amendments,Main motion,Carried,4,3,0,Herman Mah,Lisa Muri,In favour,Against,In favour,Against,In favour,In favour,Against,Housing & density,,,,https://app.dnv.org/OpenDocument/Default.aspx?docNum=6665799,https://www.youtube.com/watch?v=lTmpet81dgA&t=00h38m45s,https://councilrecord.ca/district.html#vote/568,"THAT “District of North Vancouver Official Community Plan Bylaw 7900, 2011, Amendment Bylaw 8743, 2025 (Amendment 57)” is ADOPTED."
2025-12-08,Regular meeting,8.6,Bylaws 8675 & 8676: OCP Amendment and Rezoning for a Six-storey Market Rental Development at 1149-1155 Lynn Valley Road,Main motion,Carried,7,0,0,Mike Little,Jordan Back,In favour,In favour,In favour,In favour,In favour,In favour,In favour,Housing & density; Development,,,,https://app.dnv.org/OpenDocument/Default.aspx?docNum=6665799,https://www.youtube.com/watch?v=lTmpet81dgA&t=00h37m39s,https://councilrecord.ca/district.html#vote/569,"THAT “District of North Vancouver Official Community Plan Bylaw 7900, 2011, Amendment Bylaw 8675, 2024 (Amendment 53)” is ADOPTED; AND THAT “District of North Vancouver Rezoning Bylaw 1437 (Bylaw 8676)” is ADOPTED."
2025-12-08,Regular meeting,8.7,"Bylaws 8706, 8671 & 8688: Official Community Plan Amendment, Heritage Revitalization Agreement and Heritage Designation for the “Cross Residence” at 1120 Harold Road",Main motion,Carried,7,0,0,Mike Little,Jordan Back,In favour,In favour,In favour,In favour,In favour,In favour,In favour,Housing & density; Development; Neighbourhood character,,,,https://app.dnv.org/OpenDocument/Default.aspx?docNum=6665799,https://www.youtube.com/watch?v=lTmpet81dgA&t=00h37m39s,https://councilrecord.ca/district.html#vote/570,"THAT “District of North Vancouver Official Community Plan Bylaw 7900, 2011, Amendment Bylaw 8706, 2024 (Amendment 55)” is ADOPTED; AND THAT “Heritage Revitalization Agreement Authorization Bylaw 8671, 2024 (1120 Harold Road – Cross Residence)” is ADOPTED; AND THAT “Heritage Designation Bylaw 8688, 2024 (1120 Harold Road – Cross Residence)” is ADOPTED."
2025-12-08,Regular meeting,8.8,Development Permit 38.23 – 1120 Harold Road,Main motion,Carried,7,0,0,Lisa Muri,Jordan Back,In favour,In favour,In favour,In favour,In favour,In favour,In favour,Development,,,,https://app.dnv.org/OpenDocument/Default.aspx?docNum=6665799,https://www.youtube.com/watch?v=lTmpet81dgA&t=00h39m26s,https://councilrecord.ca/district.html#vote/571,THAT Development Permit 38.23 to allow for the development of 6 stratified residential units including the heritage revitalization and retention of the Cross House at 1120 Harold Road is ISSUED.
2025-12-08,Regular meeting,8.9,"Bylaws 8758, 8759, and 8760 (Liquor Store Relocation and Related Zoning Bylaw Amendments in Edgemont Village)",Main motion,Carried,7,0,0,Mike Little,Jim Hanson,In favour,In favour,In favour,In favour,In favour,In favour,In favour,Development; Neighbourhood character; Business & economy,1 of 2,,,https://app.dnv.org/OpenDocument/Default.aspx?docNum=6665799,https://www.youtube.com/watch?v=lTmpet81dgA&t=00h42m04s,https://councilrecord.ca/district.html#vote/572,"THAT “District of North Vancouver Rezoning Bylaw 1457 (Bylaw 8758)” is given FIRST, SECOND, and THIRD Readings."
2025-12-08,Regular meeting,8.9,"Bylaws 8758, 8759, and 8760 (Liquor Store Relocation and Related Zoning Bylaw Amendments in Edgemont Village)",Main motion,Defeated,3,4,0,Mike Little,Herman Mah,In favour,Against,Against,In favour,In favour,Against,Against,Development; Neighbourhood character; Business & economy,2 of 2,,,https://app.dnv.org/OpenDocument/Default.aspx?docNum=6665799,https://www.youtube.com/watch?v=lTmpet81dgA&t=00h42m04s,https://councilrecord.ca/district.html#vote/573,"THAT “District of North Vancouver Rezoning Bylaw 1458 (Bylaw 8759)” is given FIRST, SECOND, and THIRD Readings."
2025-12-08,Regular meeting,8.10,Detailed Rezoning Application – 1578-1590 Hunter Street - Amendment,Amendment,Carried,4,3,0,Catherine Pope,Jim Hanson,In favour,In favour,Against,In favour,Against,Against,In favour,Housing & density; Development,1 of 2,,,https://app.dnv.org/OpenDocument/Default.aspx?docNum=6665799,https://www.youtube.com/watch?v=lTmpet81dgA&t=01h07m46s,https://councilrecord.ca/district.html#vote/575,THAT the Main Motion is amended to delete the words “to a maximum 4.5 FSR”.
2025-12-08,Regular meeting,8.10,Detailed Rezoning Application – 1578-1590 Hunter Street Main - Motion as Amended,Main motion,Carried,7,0,0,Jim Hanson,Mike Little,In favour,In favour,In favour,In favour,In favour,In favour,In favour,Housing & density; Development,2 of 2,,,https://app.dnv.org/OpenDocument/Default.aspx?docNum=6665799,https://www.youtube.com/watch?v=lTmpet81dgA&t=01h07m46s,https://councilrecord.ca/district.html#vote/576,"THAT Council is not supportive of the application as it is presented and requests the applicant revise their application to lower the density, and to address key issues of building design, site access and below market housing, along with other rezoning-stage issues identified by staff."
2026-01-12,Regular meeting,8.1,Bylaw 8750: Tenant Relocation Assistance,Main motion,Carried,7,0,0,Lisa Muri,Herman Mah,In favour,In favour,In favour,In favour,In favour,In favour,In favour,Housing & density; Development,1 of 2,,,https://app.dnv.org/OpenDocument/Default.aspx?docNum=6705191,https://www.youtube.com/watch?v=zwYxusxdwGw&t=00h16m17s,https://councilrecord.ca/district.html#vote/577,"THAT “District of North Vancouver Residential Tenant Relocation Assistance Bylaw 8750, 2025” is given SECOND and THIRD Readings."
2026-01-12,Regular meeting,8.1,Bylaw 8750: Tenant Relocation Assistance,Main motion,Carried,7,0,0,Lisa Muri,Jim Hanson,In favour,In favour,In favour,In favour,In favour,In favour,In favour,Housing & density; Development,2 of 2,,,https://app.dnv.org/OpenDocument/Default.aspx?docNum=6705191,https://www.youtube.com/watch?v=zwYxusxdwGw&t=00h16m17s,https://councilrecord.ca/district.html#vote/578,THAT staff are directed to report back to Council regarding potential amendments to Bylaw 8750 to ensure the definition of “eligible tenant” does not exclude current occupants who may not be listed on the rental agreement.
2026-01-12,Regular meeting,8.2,Bylaws 8756 and 8757: OCP Amendment and Rezoning for a 12-unit Townhouse Development at 1883-1901 Glenaire Drive,Main motion,Carried,7,0,0,Catherine Pope,Jim Hanson,In favour,In favour,In favour,In favour,In favour,In favour,In favour,Housing & density; Development,,,,https://app.dnv.org/OpenDocument/Default.aspx?docNum=6705191,https://www.youtube.com/watch?v=zwYxusxdwGw&t=00h36m34s,https://councilrecord.ca/district.html#vote/579,"THAT “District of North Vancouver Official Community Plan Bylaw 7900, 2011, Amendment Bylaw 8756, 2025 (Amendment 60)” is given FIRST Reading; AND THAT “District of North Vancouver Rezoning Bylaw 1456 (Bylaw 8757)” is given FIRST Reading; AND THAT pursuant to Section 475 and Section 476 of the Local Government Act, additional consultation is not required beyond that already undertaken with respect to Bylaw 8756; AND THAT in accordance with Section 477 of the Local Government Act, Council has considered Bylaw 8756 in conjunction with its Financial Plan and applicable Waste Management Plans; AND THAT Bylaws 8756 and 8757 are referred to a Public Hearing."
2026-01-12,Regular meeting,8.3,Bylaw 8778 - Text Amendment Rezoning – 100 Amherst Avenue (Chemtrade),Main motion,Carried,7,0,0,Mike Little,Herman Mah,In favour,In favour,In favour,In favour,In favour,In favour,In favour,Development; Business & economy,,,,https://app.dnv.org/OpenDocument/Default.aspx?docNum=6705191,https://www.youtube.com/watch?v=zwYxusxdwGw&t=00h53m07s,https://councilrecord.ca/district.html#vote/580,THAT “District of North Vancouver Rezoning Bylaw 1462 (Bylaw 8778)” is given FIRST Reading; AND THAT “District of North Vancouver Rezoning Bylaw 1462 (Bylaw 8778)” is referred to a Public Hearing.
2026-01-12,Regular meeting,8.4,Appointment of Election Officials for the 2026 General Local Elections,Main motion,Carried,6,0,1,Lisa Muri,Jordan Back,In favour,In favour,In favour,In favour,In favour,In favour,Absent,Governance & elections,,,,https://app.dnv.org/OpenDocument/Default.aspx?docNum=6705191,https://www.youtube.com/watch?v=zwYxusxdwGw&t=01h29m40s,https://councilrecord.ca/district.html#vote/581,THAT Genevieve Lanz is appointed Chief Election Officer for the District of North Vancouver for the conduct of the 2026 general local elections; AND THAT Rhonda Schell is appointed Deputy Chief Election Officer for the District of North Vancouver for the conduct of the 2026 general local elections.
2026-01-26,Regular meeting,8.1,"2190 Badger Road, North Vancouver Business Licence Application Denial",Main motion,Carried,5,1,1,Jordan Back,Betty Forbes,Absent,In favour,In favour,In favour,In favour,Against,In favour,Business & economy,,,,https://app.dnv.org/OpenDocument/Default.aspx?docNum=6689305,https://www.youtube.com/watch?v=t5I_gXokhFM,https://councilrecord.ca/district.html#vote/582,THAT Council uphold the decision to deny the business licence application submitted by [name removed] (the “Applicant”) to operate a Short-Term Rental Accommodation at 2190 Badger Rd due to non-compliance with the District’s Zoning Bylaw.
2026-01-26,Regular meeting,8.2,Bylaw 8750: Tenant Relocation Assistance,Main motion,Carried,6,0,1,Lisa Muri,Catherine Pope,Absent,In favour,In favour,In favour,In favour,In favour,In favour,Housing & density; Development,,,,https://app.dnv.org/OpenDocument/Default.aspx?docNum=6689305,https://www.youtube.com/watch?v=t5I_gXokhFM,https://councilrecord.ca/district.html#vote/583,"THAT “District of North Vancouver Residential Tenant Relocation Assistance Bylaw 8750, 2025” is ADOPTED. AND THAT “District of North Vancouver Residential Tenant Relocation Assistance Policy” is repealed."
2026-01-26,Regular meeting,8.3,Bylaw 8758: Liquor Store Relocation in Edgemont Village,Main motion,Carried,6,0,1,Lisa Muri,Jim Hanson,Absent,In favour,In favour,In favour,In favour,In favour,In favour,Neighbourhood character; Business & economy,,,,https://app.dnv.org/OpenDocument/Default.aspx?docNum=6689305,https://www.youtube.com/watch?v=t5I_gXokhFM,https://councilrecord.ca/district.html#vote/584,THAT “District of North Vancouver Rezoning Bylaw 1457 (Bylaw 8758)” is ADOPTED.
2026-01-26,Regular meeting,8.4,New Fire and Rescue Services Bylaw 8762,Main motion,Carried,6,0,1,Lisa Muri,Jordan Back,Absent,In favour,In favour,In favour,In favour,In favour,In favour,Public services; Public safety,,,,https://app.dnv.org/OpenDocument/Default.aspx?docNum=6689305,https://www.youtube.com/watch?v=t5I_gXokhFM,https://councilrecord.ca/district.html#vote/585,"THAT “Fire and Rescue Services Bylaw 8762, 2026” is given FIRST, SECOND and THIRD Readings. AND THAT “Bylaw Notice Enforcement Bylaw 7458, 2004 Amendment Bylaw 8776, 2025 (Amendment 84)” is given FIRST, SECOND and THIRD Readings; AND THAT “Fireworks Regulation Bylaw 7456, 2004, Amendment Bylaw 8769, 2025 (Amendment 6)” is given FIRST, SECOND and THIRD Readings."
2026-01-26,Regular meeting,8.5,"Fees and Charges Bylaw 6481, 1992 Amendment Bylaw 8777, 2025 (Amendment 98)",Main motion,Carried,6,0,1,Lisa Muri,Jim Hanson,Absent,In favour,In favour,In favour,In favour,In favour,In favour,Taxes & spending,,,,https://app.dnv.org/OpenDocument/Default.aspx?docNum=6689305,https://www.youtube.com/watch?v=t5I_gXokhFM,https://councilrecord.ca/district.html#vote/586,"THAT “Fees and Charges Bylaw 6481, 1992 Amendment 8777 2025 (Amendment 98)” is given FIRST, SECOND, and THIRD Readings."
2026-01-26,Regular meeting,8.6,"Proposed Changes to Development Permits, Minor Development Variance Permits, and Public Hearings",Main motion,Carried,6,0,1,Jim Hanson,Jordan Back,Absent,In favour,In favour,In favour,In favour,In favour,In favour,Housing & density; Development,,,,https://app.dnv.org/OpenDocument/Default.aspx?docNum=6689305,https://www.youtube.com/watch?v=t5I_gXokhFM,https://councilrecord.ca/district.html#vote/587,"THAT “District of North Vancouver Official Community Plan Bylaw 7900, 2011, Amendment Bylaw 8763, 2025 (Amendment 61)” is given SECOND Reading; AND THAT “Development Procedures Bylaw 8144, 2017 Amendment Bylaw 8764, 2025 (Amendment 7)” is given SECOND and THIRD Readings; AND THAT pursuant to Section 475 and Section 476 of the Local Government Act, additional consultation is not required beyond that already undertaken with respect to Bylaw 8763; AND THAT in accordance with Section 477 of the Local Government Act, Council has considered Bylaw 8763 in conjunction with its Financial Plan and applicable Waste Management Plans; AND THAT Bylaw 8763 is referred to a Public Hearing."
2026-01-26,Regular meeting,8.7,2026 Social Service Grants – Core Funded Agencies,Main motion,Carried,6,0,1,Lisa Muri,Catherine Pope,Absent,In favour,In favour,In favour,In favour,In favour,In favour,Taxes & spending; Public services,,,,https://app.dnv.org/OpenDocument/Default.aspx?docNum=6689305,https://www.youtube.com/watch?v=t5I_gXokhFM,https://councilrecord.ca/district.html#vote/588,"THAT a budget of $1,902,040 is approved for social service core funding grants in 2026, and disbursed to agencies in accordance with the January 7, 2026 report of the Community Planner entitled “2026 Social Service Grants – Core Funded Agencies”."
2026-02-02,Regular meeting,8.1,Business Licence for Jasmin’s Childcare Centre – 2504 Swinburne Avenue,Main motion,Carried,7,0,0,Jim Hanson,Jordan Back,In favour,In favour,In favour,In favour,In favour,In favour,In favour,Public services; Business & economy,,,,https://app.dnv.org/OpenDocument/Default.aspx?docNum=6706789,https://www.youtube.com/watch?v=yLksfcAMs8I&t=01h04m50s,https://councilrecord.ca/district.html#vote/592,"THAT Council approve the application to amend the business licence for Jasmin’s Childcare Centre, located at 2504 Swinburne Avenue, to increase capacity from eight children (aged 0 to 36 months) to 16 children (eight aged 0 to 36 months and eight aged 30 months to school age)."
2026-02-02,Regular meeting,8.2,"People, Dogs and Parks Strategic Plan",Main motion,Carried,7,0,0,Mike Little,Jordan Back,In favour,In favour,In favour,In favour,In favour,In favour,In favour,Parks & recreation,,,,https://app.dnv.org/OpenDocument/Default.aspx?docNum=6706789,https://www.youtube.com/watch?v=yLksfcAMs8I&t=01h08m04s,https://councilrecord.ca/district.html#vote/593,"THAT the People, Dogs and Parks Strategic Plan as detailed in the January 20, 2026 report of the Parks Designer entitled People, Dogs and Parks Strategic Plan is approved."
2026-02-02,Regular meeting,8.3,"Bylaw 8762, 8776, and 8769: New Fire and Rescue Services Bylaw 8762",Main motion,Carried,7,0,0,Lisa Muri,Betty Forbes,In favour,In favour,In favour,In favour,In favour,In favour,In favour,Public services; Public safety,,,,https://app.dnv.org/OpenDocument/Default.aspx?docNum=6706789,https://www.youtube.com/watch?v=yLksfcAMs8I&t=01h55m52s,https://councilrecord.ca/district.html#vote/594,"THAT “Fire and Rescue Services Bylaw 8762, 2026” is ADOPTED; AND THAT “Bylaw Notice Enforcement Bylaw 7458, 2004 Amendment Bylaw 8776, 2025 (Amendment 84)” is ADOPTED; AND THAT “Fireworks Regulation Bylaw 7456, 2004, Amendment Bylaw 8769, 2025 (Amendment 6)” is ADOPTED."
2026-02-02,Regular meeting,8.4,"Bylaw 8777: Fees and Charges Bylaw 6481, 1992 Amendment Bylaw 8777, 2025 (Amendment 98)",Main motion,Carried,7,0,0,Lisa Muri,Betty Forbes,In favour,In favour,In favour,In favour,In favour,In favour,In favour,Taxes & spending,,,,https://app.dnv.org/OpenDocument/Default.aspx?docNum=6706789,https://www.youtube.com/watch?v=yLksfcAMs8I&t=01h56m16s,https://councilrecord.ca/district.html#vote/595,"THAT “Fees and Charges Bylaw 6481, 1992 Amendment 8777 2025 (Amendment 98)” is ADOPTED."
2026-02-03,Council workshop,3.1,Council Priorities and Budget,Main motion,Carried,7,0,0,Mike Little,Jordan Back,In favour,In favour,In favour,In favour,In favour,In favour,In favour,Taxes & spending; Governance & elections,,,,https://app.dnv.org/OpenDocument/Default.aspx?docNum=6749619,https://www.youtube.com/watch?v=DzUyDjEjITY,https://councilrecord.ca/district.html#vote/591,"THAT Budget Scenario 1, including a property tax increase of 3.5% (2.0% + 1.5% for asset renewal), based on the key budget strategies and adjustments shared, is supported; AND THAT Staff prepare the Draft Financial Plan Workbook for introduction to Council and the public on February 17, 2026."
2026-02-17,Special meeting,3.1,2026-2030 Draft Financial Plan Workbook,Main motion,Carried,5,0,2,Mike Little,Herman Mah,In favour,Absent,In favour,In favour,In favour,Absent,In favour,Taxes & spending,,,,https://app.dnv.org/OpenDocument/Default.aspx?docNum=6706788,https://www.youtube.com/watch?v=ccy_xC3qqiY&t=00h09m15s,https://councilrecord.ca/district.html#vote/596,THAT this report and the 2026-2030 Draft Financial Plan Workbook be received for information.
2026-02-17,Special meeting,3.2,Ensuring Accountability and Protecting Taxpayers with a Provincial Auditor for Metro Vancouver,Main motion,Carried,5,0,2,Catherine Pope,Jim Hanson,In favour,Absent,In favour,In favour,In favour,Absent,In favour,North Shore Wastewater Treatment Plant (NSWWTP); Taxes & spending; Public services; Governance & elections; Metro Vancouver; Utilities,,,,https://app.dnv.org/OpenDocument/Default.aspx?docNum=6706788,https://www.youtube.com/watch?v=ccy_xC3qqiY&t=01h22m48s,https://councilrecord.ca/district.html#vote/597,"THAT the LMLGA resolution Ensuring Accountability and Protecting Taxpayers with a Provincial Auditor for Metro Vancouver is supported by Council: WHEREAS Lower Mainland taxpayers face significant increases in utility bills due to mismanagement and massive cost overruns on mega projects at Metro Vancouver, including the North Shore Wastewater Treatment Plant; AND WHEREAS an organization of this size, with this much responsibility for public infrastructure requires independent oversight to ensure that taxpayer’s dollars are accountable and spent effectively; THEREFORE BE IT RESOLVED that LMLGA request the Province of British Columbia establish an Auditor General with a mandate to provide independent oversight of Metro Vancouver."
2026-03-02,Regular meeting,8.3,Development Permit 41.23 – 1149 & 1155 Lynn Valley Road,Main motion,Carried,7,0,0,Mike Little,Catherine Pope,In favour,In favour,In favour,In favour,In favour,In favour,In favour,Development,,,,https://app.dnv.org/OpenDocument/Default.aspx?docNum=6718893,https://www.youtube.com/watch?v=KafAxdkvR8U,https://councilrecord.ca/district.html#vote/601,THAT Development Permit 41.23 to allow for a six-storey rental apartment building at 1149-1155 Lynn Valley Road is ISSUED.
2026-03-02,Regular meeting,8.4,Development Permit 1.25 - 1310 Monashee Drive,Main motion,Carried,7,0,0,Mike Little,Catherine Pope,In favour,In favour,In favour,In favour,In favour,In favour,In favour,Development,,,,https://app.dnv.org/OpenDocument/Default.aspx?docNum=6718893,https://www.youtube.com/watch?v=KafAxdkvR8U,https://councilrecord.ca/district.html#vote/602,THAT Development Permit 1.25 with a variance for a mixed-use development at 1310 Monashee Drive is ISSUED.
2026-03-02,Regular meeting,8.5,Bylaw 8756 and 8757: OCP Amendment and Rezoning for a 12-unit townhouse development at 1883-1901 Glenaire Drive,Main motion,Carried,7,0,0,Mike Little,Lisa Muri,In favour,In favour,In favour,In favour,In favour,In favour,In favour,Housing & density; Development,,,,https://app.dnv.org/OpenDocument/Default.aspx?docNum=6718893,https://www.youtube.com/watch?v=KafAxdkvR8U,https://councilrecord.ca/district.html#vote/603,"THAT “District of North Vancouver Official Community Plan Bylaw 7900, 2011, Amendment Bylaw 8756, 2025 (Amendment 60)” is given SECOND and THIRD Readings; AND THAT “District of North Vancouver Rezoning Bylaw 1456 (Bylaw 8757)” is given SECOND and THIRD Readings."
2026-03-02,Regular meeting,8.6,Small-Scale Multi-Unit Housing (SSMUH) Extension Request Area,Main motion,Carried,5,1,1,Mike Little,Jim Hanson,In favour,In favour,Absent,In favour,In favour,Against,In favour,Housing & density; Development,,,,https://app.dnv.org/OpenDocument/Default.aspx?docNum=6718893,https://www.youtube.com/watch?v=KafAxdkvR8U,https://councilrecord.ca/district.html#vote/604,"THAT staff are directed to submit an application to the Province to request a time extension from June 30, 2026, to December 31, 2030, to rezone single-family properties to permit small-scale multi-unit housing in the area bounded by Hope Road to the north, Pemberton Avenue to the east, Sowden Street to the south, and McGuire Avenue to the west as shown Attachment 1 of the report entitled Small-Scale Multi-Unit Housing Extension Request Area and dated February 16, 2026"
2026-03-02,Regular meeting,8.7,Age-Friendly Strategy – Proposed Scope,Main motion,Carried,7,0,0,Herman Mah,Jordan Back,In favour,In favour,In favour,In favour,In favour,In favour,In favour,Public services,,,,https://app.dnv.org/OpenDocument/Default.aspx?docNum=6718893,https://www.youtube.com/watch?v=KafAxdkvR8U,https://councilrecord.ca/district.html#vote/605,"THAT Council approve the proposed work plan for the development of the Aging and Older Persons Strategy, as described in the February 17, 2026, report of the Community Planner entitled Age-Friendly Strategy – Proposed Scope, including targeted engagement and preliminary strategic directions. AND THAT Council support an application to the BC Health Communities Age-Friendly Communities Program Grant Stream 1: Planning for engagement resourcing up to $25,000."
2026-03-02,Regular meeting,8.9,UBCM 2026 Local Government Development Approvals Program (LGDAP) Grant Application,Main motion,Carried,7,0,0,Mike Little,Catherine Pope,In favour,In favour,In favour,In favour,In favour,In favour,In favour,Development; Taxes & spending; Governance & elections,,,,https://app.dnv.org/OpenDocument/Default.aspx?docNum=6718893,https://www.youtube.com/watch?v=KafAxdkvR8U,https://councilrecord.ca/district.html#vote/607,"THAT Council endorse the application for the 2026 Local Government Development Approvals Program grant in the amount of $200,000 to fund the proposed activities and provide overall grant management."
2026-03-02,Regular meeting,8.10,North Shore Purple Chair Campaign – Request for Council Endorsement,Main motion,Carried,7,0,0,Jim Hanson,Jordan Back,In favour,In favour,In favour,In favour,In favour,In favour,In favour,Public services; Governance & elections,,,,https://app.dnv.org/OpenDocument/Default.aspx?docNum=6718893,https://www.youtube.com/watch?v=KafAxdkvR8U,https://councilrecord.ca/district.html#vote/608,"THAT Council endorse The North Shore Purple Chair Campaign as a North Shore–wide community awareness initiative aimed at reducing stigma and raising awareness for the toxic drug crisis. THAT Council support the display of purple chair installations in visible municipal spaces (e.g., libraries, community recreation centres, parks, and civic plazas) in coordination with the North Shore Homelessness Task Force and other community partners. THAT Council direct relevant municipal departments (e.g. Parks, Facilities, Community Planning, and Communications) to coordinate internally and with campaign partners to support implementation where feasible targeting two to three locations within the District. THAT Council direct the Communications Department to promote the campaign through municipal communication channels and include a link to the Purple Chair Campaign webpage hosted by the North Shore Homelessness Task Force. THAT Council members be invited to participate in campaign events, including International Overdose Awareness Day on August 31, 2026, as schedules permit. AND THAT staff report back after International Overdose Awareness Day on August 31, 2026, with information on impact and outcomes."
2026-03-02,Regular meeting,8.6,Small-Scale Multi-Unit Housing (SSMUH) Extension Request Area,Main motion,Defeated,3,4,0,,,Against,In favour,Against,In favour,Against,Against,In favour,Housing & density; Development,,,,,,https://councilrecord.ca/district.html#vote/609,"AND THAT staff are directed to prepare Official Community Plan bylaw amendments for Council’s consideration to implement land use designations as provided in Attachment 2 of the report entitled Small-Scale Multi-Unit Housing Extension Request Area and dated February 16, 2026."
2026-03-09,Council workshop,3.1,2026 Budget Deliberations,Main motion,Carried,7,0,0,Catherine Pope,Jordan Back,In favour,In favour,In favour,In favour,In favour,In favour,In favour,Taxes & spending,1 of 3,,,https://app.dnv.org/OpenDocument/Default.aspx?docNum=6749617,https://www.youtube.com/watch?v=PbNkgKUnfgI,https://councilrecord.ca/district.html#vote/610,"THAT Council allocate $25,000 pilot funding in the 2026 Budget to retain the youth coordinator and enable the opening of a temporary youth centre this year in Lynn Valley while longer-term facility planning proceeds."
2026-03-09,Council workshop,3.1,2026 Budget Deliberations,Main motion,Carried,7,0,0,Mike Little,Betty Forbes,In favour,In favour,In favour,In favour,In favour,In favour,In favour,Taxes & spending,2 of 3,,,https://app.dnv.org/OpenDocument/Default.aspx?docNum=6749617,https://www.youtube.com/watch?v=PbNkgKUnfgI,https://councilrecord.ca/district.html#vote/611,"THAT Council amend the draft 2026-2030 Financial Plan by adding 0.03% to the operating budget for an additional allocation of approximately $40,000 annually to manage and remove invasive species. AND THAT staff increase communication with the public regarding invasive plant pull events."
2026-03-09,Council workshop,3.1,2026 Budget Deliberations,Main motion,Carried,7,0,0,Mike Little,Jim Hanson,In favour,In favour,In favour,In favour,In favour,In favour,In favour,Taxes & spending,3 of 3,,,https://app.dnv.org/OpenDocument/Default.aspx?docNum=6749617,https://www.youtube.com/watch?v=PbNkgKUnfgI,https://councilrecord.ca/district.html#vote/612,"THAT staff prepare the financial plan bylaw in line with the Draft Financial Plan that was introduced on February 17, 2026, amended to include 0.03% for invasive species management (status quo, 3.53% property tax increase)."
2026-03-16,Regular meeting,8.1,"Bylaws 8763 and 8764: DAPR Update, and Proposed Changes to Development Permits, Minor Development Variance Permits, and Public Hearings",Main motion,Carried,5,0,2,Mike Little,Jim Hanson,In favour,In favour,In favour,In favour,Absent,Absent,In favour,Development,,,,https://app.dnv.org/OpenDocument/Default.aspx?docNum=6729954,https://www.youtube.com/watch?v=vhYMlz0g0jQ,https://councilrecord.ca/district.html#vote/613,"THAT “District of North Vancouver Official Community Plan Bylaw 7900, 2011, Amendment Bylaw 8763, 2025 (Amendment 61)” is given THIRD Reading; AND THAT “District of North Vancouver Official Community Plan Bylaw 7900, 2011, Amendment Bylaw 8763, 2025 (Amendment 61)” is ADOPTED; AND THAT “Development Procedures Bylaw 8144, 2017 Amendment Bylaw 8764, 2025 (Amendment 7)” is ADOPTED."
2026-03-16,Regular meeting,8.2,Bylaws 8779 and 8780 – OCP Amendment and Rezoning for a Mixed-Use Development at 1246-1268 Lynn Valley Road & 3050-3174 Baird Road (“Lynn Valley Mall” and “Draycott Gardens”),Main motion,Carried,5,1,1,Jordan Back,Catherine Pope,In favour,In favour,In favour,Against,In favour,Absent,In favour,Housing & density; Development,,,,https://app.dnv.org/OpenDocument/Default.aspx?docNum=6729954,https://www.youtube.com/watch?v=vhYMlz0g0jQ,https://councilrecord.ca/district.html#vote/614,"THAT “District of North Vancouver Official Community Plan Bylaw 7900, 2011, Amendment Bylaw 8779, 2026 (Amendment 62)” is given FIRST Reading; AND THAT “District of North Vancouver Rezoning Bylaw 1463 (Bylaw 8780)” is given FIRST Reading; AND THAT pursuant to Section 475 and Section 476 of the Local Government Act, additional consultation is not required beyond that already undertaken with respect to Bylaw 8779; AND THAT in accordance with Section 477 of the Local Government Act, Council has considered Bylaw 8779 in conjunction with its Financial Plan and applicable Waste Management Plans; AND THAT Bylaws 8779 and 8780 are referred to a Public Hearing."
2026-03-16,Regular meeting,8.3,"Proposed Partial Highway Closure and Dedication Removal 1246-1268 Lynn Valley Rd and 3050-3174 Baird Rd Highway Closure Bylaw 8781, 2026",Main motion,Carried,5,1,1,Mike Little,Jordan Back,In favour,In favour,In favour,Against,In favour,Absent,In favour,Development,,,,https://app.dnv.org/OpenDocument/Default.aspx?docNum=6729954,https://www.youtube.com/watch?v=vhYMlz0g0jQ,https://councilrecord.ca/district.html#vote/615,"THAT “1246-1268 Lynn Valley Rd and 3050-3174 Baird Rd Highway Closure Bylaw 8781, 2026” is given FIRST, SECOND and THIRD Readings."
2026-03-16,Regular meeting,8.4,Rezoning Bylaw 8770 for a 36-unit Townhouse development at 526-550 Riverside Drive & 2194 Windridge Drive,Main motion,Carried,6,0,1,Jim Hanson,Herman Mah,In favour,In favour,In favour,In favour,In favour,Absent,In favour,Housing & density; Development,,,,https://app.dnv.org/OpenDocument/Default.aspx?docNum=6729954,https://www.youtube.com/watch?v=vhYMlz0g0jQ,https://councilrecord.ca/district.html#vote/616,"THAT the “District of North Vancouver Rezoning Bylaw 1460 (Bylaw 8770)” is given FIRST, SECOND, and THIRD Readings."
2026-03-16,Regular meeting,8.5,Bylaw 8790: 2026-2030 Financial Plan Approval Bylaw,Main motion,Carried,6,0,1,Mike Little,Jim Hanson,In favour,In favour,In favour,In favour,In favour,Absent,In favour,Taxes & spending,,,,https://app.dnv.org/OpenDocument/Default.aspx?docNum=6729954,https://www.youtube.com/watch?v=vhYMlz0g0jQ,https://councilrecord.ca/district.html#vote/617,"THAT “2026-2030 Financial Plan Approval Bylaw 8790” is given FIRST, SECOND, and THIRD Readings."
2026-03-16,Regular meeting,8.5,Bylaw 8790: 2026-2030 Financial Plan Approval Bylaw,Main motion,Carried,6,0,1,Catherine Pope,Mike Little,In favour,In favour,In favour,In favour,In favour,Absent,In favour,Taxes & spending,,,,https://app.dnv.org/OpenDocument/Default.aspx?docNum=6729954,https://www.youtube.com/watch?v=vhYMlz0g0jQ,https://councilrecord.ca/district.html#vote/618,"THAT Council authorizes up to $50,000 for capital requirements to create a Temporary Youth Centre at Karen Magnussen Community Centre, funding from the Lynn Valley Youth Centre Reserve, AND THAT this change is reflected in the first Financial Plan Bylaw amendment this spring."
2026-03-16,Regular meeting,8.6,"Repeal and replace the North Shore Disaster Bylaw 7619, 2006, North Shore Emergency Management Office Agreement Bylaw 7303, 2002, and the Emergency Plan Bylaw 7304, 2002 with North Shore Emergency Management Establishing Bylaw 8791, 2026 and the North Shore Emergency Management Delegation Bylaw 8792, 2026",Main motion,Carried,6,0,1,Mike Little,Catherine Pope,In favour,In favour,In favour,In favour,In favour,Absent,In favour,Public services; Public safety,,,,https://app.dnv.org/OpenDocument/Default.aspx?docNum=6729954,https://www.youtube.com/watch?v=vhYMlz0g0jQ,https://councilrecord.ca/district.html#vote/619,"THAT “North Shore Emergency Management Establishing Bylaw 8791, 2026” is given FIRST, SECOND, and THIRD Readings; AND THAT “North Shore Emergency Management Delegation Bylaw 8792, 2026” is given FIRST, SECOND, and THIRD Readings."
2026-03-16,Regular meeting,8.7,Community Heritage Advisory Committee,Procedural,Carried,6,0,1,Mike Little,Jim Hanson,In favour,In favour,In favour,In favour,In favour,Absent,In favour,Neighbourhood character; Public services; Governance & elections,,,,https://app.dnv.org/OpenDocument/Default.aspx?docNum=6729954,https://www.youtube.com/watch?v=vhYMlz0g0jQ,https://councilrecord.ca/district.html#vote/620,THAT the verbal update from the Community Heritage Advisory Committee is received for information.
2026-03-16,Regular meeting,8.8,Small Scale Multi-Unit Housing (SSMUH): Residential Rental Tenure Zoning and Affordable Unit Analysis,Procedural,Carried,6,0,1,Mike Little,Betty Forbes,In favour,In favour,In favour,In favour,In favour,Absent,In favour,Housing & density; Development,,,,https://app.dnv.org/OpenDocument/Default.aspx?docNum=6729954,https://www.youtube.com/watch?v=vhYMlz0g0jQ,https://councilrecord.ca/district.html#vote/621,"THAT the March 2, 2026 report of the Senior Community Planner entitled Small Scale Multi-Unit Housing (SSMUH): Residential Rental Tenure Zoning and Affordable Unit Analysis is received for information."
2026-03-16,Regular meeting,8.9,BC Rent Bank – Letter of Support,Main motion,Carried,6,0,1,Herman Mah,Betty Forbes,In favour,In favour,In favour,In favour,In favour,Absent,In favour,Governance & elections,,,,https://app.dnv.org/OpenDocument/Default.aspx?docNum=6729954,https://www.youtube.com/watch?v=vhYMlz0g0jQ,https://councilrecord.ca/district.html#vote/622,"THAT the Mayor, on behalf of Council, sends a letter to Premier Eby and Christine Boyle, Minister of Housing & Municipal Affairs, advocating for continued support of funding for BC Rent Bank."
2026-04-13,Regular meeting,8.1,Business Licence for Blue Sky Daycare – 431 Vienna Crescent,Main motion,Carried,7,0,0,Mike Little,Jim Hanson,In favour,In favour,In favour,In favour,In favour,In favour,In favour,Business & economy,,,,https://app.dnv.org/OpenDocument/Default.aspx?docNum=6719513,https://www.youtube.com/watch?v=dlf7VwARYGU&t=00h53m55s,https://councilrecord.ca/district.html#vote/626,"THAT Council approve the application to amend the business licence for Blue Sky Daycare, located at 431 Vienna Crescent, to increase capacity from eight children (multi-age child care) to 14 children."
2026-04-13,Regular meeting,8.2,2026-2030 Financial Plan Approval Bylaw 8790,Main motion,Carried,7,0,0,Lisa Muri,Jordan Back,In favour,In favour,In favour,In favour,In favour,In favour,In favour,Taxes & spending,,,,https://app.dnv.org/OpenDocument/Default.aspx?docNum=6719513,https://www.youtube.com/watch?v=dlf7VwARYGU&t=00h53m27s,https://councilrecord.ca/district.html#vote/627,THAT “2026-2030 Financial Plan Approval Bylaw 8790” is ADOPTED.
2026-04-13,Regular meeting,8.3,"Repeal and replace the North Shore Disaster Bylaw 7619, 2006, North Shore Emergency Management Office Agreement Bylaw 7303, 2002, and the Emergency Plan Bylaw 7304, 2002 with North Shore Emergency Management Establishing Bylaw 8791, 2026 and the North Shore Emergency Management Delegation Bylaw 8792, 2026",Main motion,Carried,7,0,0,Lisa Muri,Jordan Back,In favour,In favour,In favour,In favour,In favour,In favour,In favour,Public services; Public safety,,,,https://app.dnv.org/OpenDocument/Default.aspx?docNum=6719513,https://www.youtube.com/watch?v=dlf7VwARYGU&t=00h53m27s,https://councilrecord.ca/district.html#vote/628,"THAT “North Shore Emergency Management Establishing Bylaw 8791, 2026” is ADOPTED; AND THAT “North Shore Emergency Management Delegation Bylaw 8792, 2026 is ADOPTED."
2026-04-13,Regular meeting,8.4,Bylaw 8778 – Text Amendment Rezoning – 100 Amherst Avenue (Chemtrade),Main motion,Carried,4,3,0,Mike Little,Lisa Muri,In favour,Against,In favour,Against,Against,In favour,In favour,Development; Business & economy,,,,https://app.dnv.org/OpenDocument/Default.aspx?docNum=6719513,https://www.youtube.com/watch?v=dlf7VwARYGU&t=00h57m55s,https://councilrecord.ca/district.html#vote/629,THAT “District of North Vancouver Rezoning Bylaw 1462 (Bylaw 8778)” is given no further Readings and is abandoned at First Reading.
2026-04-13,Regular meeting,8.5,Development Permit 4.25 – Lillooet Social Housing,Referral,Defeated,2,5,0,Lisa Muri,Herman Mah,Against,Against,Against,Against,In favour,In favour,Against,Housing & density; Development,1 of 2,,,https://app.dnv.org/OpenDocument/Default.aspx?docNum=6719513,https://www.youtube.com/watch?v=dlf7VwARYGU&t=01h22m24s,https://councilrecord.ca/district.html#vote/630,THAT the matter is referred to a closed meeting of council for further discussion regarding the District's ownership of the site and partnership with BC Housing.
2026-04-13,Regular meeting,8.5,Development Permit 4.25 – Lillooet Social Housing,Main motion,Carried,5,2,0,Mike Little,Catherine Pope,In favour,In favour,In favour,In favour,Against,Against,In favour,Housing & density; Development,2 of 2,,,https://app.dnv.org/OpenDocument/Default.aspx?docNum=6719513,https://www.youtube.com/watch?v=dlf7VwARYGU&t=01h22m24s,https://councilrecord.ca/district.html#vote/631,THAT Development Permit 4.25 for a six-storey affordable rental apartment building at the southwest corner of Old Lillooet Road and Lillooet Road is ISSUED.
2026-04-13,Regular meeting,8.6,Small-Scale Multi-Unit Housing (SSMUH) and Bill 25 Implementation,Main motion,Carried,4,3,0,Mike Little,Lisa Muri,In favour,Against,In favour,Against,In favour,In favour,Against,Housing & density; Development; Governance & elections,1 of 2,,,https://app.dnv.org/OpenDocument/Default.aspx?docNum=6719513,https://www.youtube.com/watch?v=dlf7VwARYGU&t=02h11m05s,https://councilrecord.ca/district.html#vote/632,THAT Council does not support the implementation of Small-Scale Multi-Unit Housing (SSMUH) in the District of North Vancouver as implied in Bill 25.
2026-04-13,Regular meeting,8.6,Small-Scale Multi-Unit Housing (SSMUH) and Bill 25 Implementation,Postponement,Carried,7,0,0,Lisa Muri,Mike Little,In favour,In favour,In favour,In favour,In favour,In favour,In favour,Housing & density; Development; Governance & elections,2 of 2,,,https://app.dnv.org/OpenDocument/Default.aspx?docNum=6719513,https://www.youtube.com/watch?v=dlf7VwARYGU&t=02h11m05s,https://councilrecord.ca/district.html#vote/634,THAT the motion to draft a letter to the Province is postponed.
2026-04-13,Regular meeting,8.7,Pilot Project Update for Edgemont Boulevard and Highland Boulevard,Main motion,Carried,7,0,0,Lisa Muri,Catherine Pope,In favour,In favour,In favour,In favour,In favour,In favour,In favour,Transportation,,,,https://app.dnv.org/OpenDocument/Default.aspx?docNum=6719513,https://www.youtube.com/watch?v=dlf7VwARYGU&t=03h06m08s,https://councilrecord.ca/district.html#vote/635,"THAT Council receive the report, titled ‘Pilot Project Update for Edgemont Boulevard and Highland Boulevard’, dated March 19, 2026."
2026-04-13,Regular meeting,8.8,2025 Traffic Volume Update – Ironworkers Memorial Bridge and Regional Crossings,Main motion,Carried,7,0,0,Lisa Muri,Jordan Back,In favour,In favour,In favour,In favour,In favour,In favour,In favour,Transportation,,,,https://app.dnv.org/OpenDocument/Default.aspx?docNum=6719513,https://www.youtube.com/watch?v=dlf7VwARYGU&t=03h26m33s,https://councilrecord.ca/district.html#vote/636,"THAT Council receive the report, dated March 25 2026, titled “2025 Traffic Volume Update – Ironworkers Memorial Bridge and Regional Crossings.”"
2026-04-20,Council workshop,3.1,Distribution of 2026 Property Tax Levy,Main motion,Carried,6,0,1,Jim Hanson,Herman Mah,In favour,Absent,In favour,In favour,In favour,In favour,In favour,Taxes & spending,1 of 2,,,https://app.dnv.org/OpenDocument/Default.aspx?docNum=6749614,https://www.youtube.com/watch?v=SfEU0a_ifHM&t=1s,https://councilrecord.ca/district.html#vote/654,"THAT the Committee of the whole recommend that Council endorse Option 2 distribution of the 2026 municipal property tax levy in the report titled “Distribution of 2026 Property Tax Levy” dated April 7, 2026; AND THAT the Committee of the whole recommend that Council direct administration to bring forward the 2026 Tax Rates Bylaw for adoption prior to the May 15, 2026, statutory deadline."
2026-04-20,Council workshop,3.1,Distribution of 2026 Property Tax Levy,Main motion,Carried,5,1,1,Catherine Pope,Jim Hanson,In favour,Absent,In favour,In favour,Against,In favour,In favour,Taxes & spending,2 of 2,,,https://app.dnv.org/OpenDocument/Default.aspx?docNum=6749614,https://www.youtube.com/watch?v=SfEU0a_ifHM&t=1s,https://councilrecord.ca/district.html#vote/655,THAT the Committee of the whole recommend that Council direct administration to prepare a resolution to the Union of British Columbia Municipalities (UBCM) regarding the Port Property Tax Act for consideration at the next regular council meeting for submission to the 2026 UBCM Convention.
2026-04-27,Regular meeting,8.1,Passenger Rail Services Within the Sea to Sky Corridor,Main motion,Carried,6,0,1,Lisa Muri,Herman Mah,Absent,In favour,In favour,In favour,In favour,In favour,In favour,Transportation,,,,https://app.dnv.org/OpenDocument/Default.aspx?docNum=6729956,https://www.youtube.com/watch?v=fAZv2jUFBdI&pp=0gcJCd8KAYcqIYzv&t=00h54m53s,https://councilrecord.ca/district.html#vote/638,"WHEREAS the District recognizes the importance of exploring a Sea to Sky Rail network capable of meeting the long-term mobility, environmental, and economic needs of regional communities and stakeholders; THEREFORE BE IT RESOLVED THAT the District of North Vancouver Council send a letter to the Minister of Transportation and Transit expressing Council's support for the reestablishment of passenger and commuter rail services within the Sea to Sky corridor."
2026-04-27,Regular meeting,8.2,Business Licence Bylaw Housekeeping Amendment to Reflect Updated Non-medical Retail Cannabis Policy,Main motion,Carried,6,0,1,Jordan Back,Herman Mah,Absent,In favour,In favour,In favour,In favour,In favour,In favour,Business & economy,,,,https://app.dnv.org/OpenDocument/Default.aspx?docNum=6729956,https://www.youtube.com/watch?v=fAZv2jUFBdI&pp=0gcJCd8KAYcqIYzv&t=01h07m41s,https://councilrecord.ca/district.html#vote/639,"THAT “Business Licence Bylaw 4567, 1974 Amendment Bylaw 8788, 2026 (Amendment 56)” is given FIRST Reading; AND THAT Bylaw 8788 is referred to a Public Input Opportunity."
2026-04-27,Regular meeting,8.3,Update: Lower Mackay Creek Area Parking Restrictions,Procedural,Carried,6,0,1,Jordan Back,Herman Mah,Absent,In favour,In favour,In favour,In favour,In favour,In favour,Transportation; Environment & climate; Public services,,,,https://app.dnv.org/OpenDocument/Default.aspx?docNum=6729956,https://www.youtube.com/watch?v=fAZv2jUFBdI&pp=0gcJCd8KAYcqIYzv&t=01h11m07s,https://councilrecord.ca/district.html#vote/640,"THAT the April 14, 2026 report of the Community Planner entitled Update: Lower Mackay Creek Area Parking Restrictions is received for information."
2026-04-27,Regular meeting,8.4,Residential Tenant Relocation Assistance Bylaw – Clarification on Eligible Tenants,Procedural,Carried,6,0,1,Herman Mah,Lisa Muri,Absent,In favour,In favour,In favour,In favour,In favour,In favour,Housing & density; Development,,,,https://app.dnv.org/OpenDocument/Default.aspx?docNum=6729956,https://www.youtube.com/watch?v=fAZv2jUFBdI&pp=0gcJCd8KAYcqIYzv&t=01h37m46s,https://councilrecord.ca/district.html#vote/641,"THAT the February 9, 2026 report of the Community Planner entitled Residential Tenant Relocation Assistance Bylaw – Clarification on Eligible Tenants is received for information."
2026-04-27,Regular meeting,8.5,Building Safer Communities Fund – Youth Friendly North Shore Final Report,Main motion,Carried,6,0,1,Lisa Muri,Catherine Pope,Absent,In favour,In favour,In favour,In favour,In favour,In favour,Public services,,,,https://app.dnv.org/OpenDocument/Default.aspx?docNum=6729956,https://www.youtube.com/watch?v=fAZv2jUFBdI&pp=0gcJCd8KAYcqIYzv&t=01h40m49s,https://councilrecord.ca/district.html#vote/642,"THAT staff are directed to work with the City of North Vancouver and the District of West Vancouver to review and update the municipal youth services policy framework to reflect current evidence-based practices and emerging youth needs, and report back to Council with proposed updates; AND THAT staff are directed to engage community service providers and partners in the municipal youth services policy review process to ensure alignment with current service delivery models; AND THAT DNV and North Vancouver Recreation and Culture Commission (NVRC) staff collaborate to support coordinated youth service delivery across service areas (Capilano, Lynn Valley, Seymour); AND THAT staff and NVRC work with community partners to explore opportunities to sustain and coordinate late-night recreation programming under a shared Youth Friendly North Shore banner; AND THAT staff continue to explore opportunities to sustain the Youth Services Community of Practice in partnership with community organizations; AND THAT staff review and bring back to Council for approval District grant program criteria to identify opportunities to better support youth-led initiatives."
2026-04-27,Regular meeting,8.6,Advocacy to the Province on the 2027 B.C. Budget,Main motion,Carried,6,0,1,Catherine Pope,Jim Hanson,Absent,In favour,In favour,In favour,In favour,In favour,In favour,North Shore Wastewater Treatment Plant (NSWWTP); Taxes & spending; Transportation; Public services; Governance & elections; Utilities,,,,https://app.dnv.org/OpenDocument/Default.aspx?docNum=6729956,https://www.youtube.com/watch?v=fAZv2jUFBdI&pp=0gcJCd8KAYcqIYzv&t=02h35m22s,https://councilrecord.ca/district.html#vote/643,THAT Council confirm interest in presenting to the Select Standing Committee on Finance and Government Services as part of the Legislative Assembly of British Columbia’s Budget 2027 Consultation process; AND THAT Council define the scope of the presentation to include: • Funding for a new crossing to the North Shore and immediate funding for Bus Rapid Transit; • Improving funding for affordable housing; • Allow North Shore residents to defer their utility bills; • Fair distribution of North Shore Wastewater Treatment Plant (NSWWTP) costs; • Changes to the Ports Property Tax Act to ensure fairness and equity in tax distribution.
2026-04-27,Regular meeting,8.7,Roche Point Park Dedication,Main motion,Carried,7,0,0,Lisa Muri,Herman Mah,In favour,In favour,In favour,In favour,In favour,In favour,In favour,Parks & recreation,,,,https://app.dnv.org/OpenDocument/Default.aspx?docNum=6729956,https://www.youtube.com/watch?v=fAZv2jUFBdI&pp=0gcJCd8KAYcqIYzv&t=00h40m46s,https://councilrecord.ca/district.html#vote/644,THAT Council direct staff to prepare bylaws for consideration and bring forward relevant information for consideration related to the Roche Point Parklands.
2026-05-04,Regular meeting,8.1,"2026 Tax Rates Bylaw 8795, 2026",Main motion,Carried,7,0,0,,,In favour,In favour,In favour,In favour,In favour,In favour,In favour,Taxes & spending,,,,,https://www.youtube.com/watch?v=GXHlLN4dT1E&t=01h06m42s,https://councilrecord.ca/district.html#vote/645,"THAT “Tax Rates Bylaw 8795, 2026” is given FIRST, SECOND, and THIRD Readings."
2026-05-04,Regular meeting,8.2,OCP Amendment and Rezoning Application: 1578 - 1590 Hunter Street (Student Rental Housing Development),Main motion,Defeated,3,4,0,,,In favour,In favour,Against,Against,Against,Against,In favour,Housing & density; Development,,,,,https://www.youtube.com/watch?v=GXHlLN4dT1E&t=01h12m36s,https://councilrecord.ca/district.html#vote/646,"THAT the following is deleted from the motion: a. below-market rental housing according to Council’s direction; c. vehicle access and garbage and recycling staging; d. off-site servicing and infrastructure upgrades; f. setbacks and land dedications; and, g. architectural design."
2026-05-04,Regular meeting,8.2,OCP Amendment and Rezoning Application: 1578 - 1590 Hunter Street (Student Rental Housing Development),Main motion,Carried,5,2,0,,,In favour,In favour,Against,In favour,In favour,Against,In favour,Housing & density; Development,,,,,https://www.youtube.com/watch?v=GXHlLN4dT1E&t=01h12m36s,https://councilrecord.ca/district.html#vote/647,"THAT Council direct administration to work with the applicant to resolve the following issues with the subject application, to staff’s satisfaction, prior to the introduction of associated bylaws: a. below-market rental housing according to Council’s direction; b. vehicle parking, curb-side management, and transportation impacts; c. vehicle access and garbage and recycling staging; d. off-site servicing and infrastructure upgrades; e. accessible units; f. setbacks and land dedications; and, g. architectural design. AND THAT, subject to the resolution of the above issues, staff bring forth OCP amendment and rezoning bylaws for Council consideration for the subject application."
2026-05-04,Regular meeting,8.3,Revised Timing for the Zoning Bylaw Rewrite Project,Main motion,Carried,7,0,0,,,In favour,In favour,In favour,In favour,In favour,In favour,In favour,Development,,,,,https://www.youtube.com/watch?v=GXHlLN4dT1E&t=02h25m36s,https://councilrecord.ca/district.html#vote/648,"THAT Council direct a phased approach of the Zoning Bylaw Rewrite with single-family zones and related regulations being advanced to be presented to Council for consideration in Q2 of 2026, while extending the overall timeline of completion of the entire Bylaw to Q4 2027."
2026-05-04,Regular meeting,8.3,Revised Timing for the Zoning Bylaw Rewrite Project,Main motion,Carried,5,2,0,,,Against,In favour,In favour,Against,In favour,In favour,In favour,Development,,,,,https://www.youtube.com/watch?v=GXHlLN4dT1E&t=02h25m36s,https://councilrecord.ca/district.html#vote/649,THAT Council direct staff to prepare amendments to the Single-Family Residential Zones (RS1 and RS2) for properties located outside the Urban Containment Boundary to permit a Coach House as an alternative to a Secondary Suite.
2026-05-04,Regular meeting,8.3,Revised Timing for the Zoning Bylaw Rewrite Project,Main motion,Carried,5,2,0,,,Against,In favour,In favour,Against,In favour,In favour,In favour,Development,,,,,https://www.youtube.com/watch?v=GXHlLN4dT1E&t=02h25m36s,https://councilrecord.ca/district.html#vote/650,"THAT such amendments maintain a maximum density of two dwelling units per parcel, restricted to one Principal Dwelling and either one Secondary Suite or one Coach House."
2026-05-04,Regular meeting,8.4,2026 General Local Election – Voting Sites and Accessibility Enhancements,Main motion,Carried,7,0,0,,,In favour,In favour,In favour,In favour,In favour,In favour,In favour,Public services; Governance & elections,,,,,https://www.youtube.com/watch?v=GXHlLN4dT1E&t=03h15m20s,https://councilrecord.ca/district.html#vote/651,THAT Council direct staff to return to the 2022 voting place map with the addition of Handsworth Secondary School and Lynn Creek Community Recreation Centre; AND THAT the budget be increased to accommodate these changes.
2026-05-04,Regular meeting,8.5,Amendments to the Placemaking Committee Terms of Reference.,Main motion,Carried,7,0,0,,,In favour,In favour,In favour,In favour,In favour,In favour,In favour,Public services; Governance & elections,,,,,https://www.youtube.com/watch?v=GXHlLN4dT1E&t=03h33m45s,https://councilrecord.ca/district.html#vote/652,THAT Council amend the Placemaking Committee Terms of Reference to add an appointee from Film and Parks staff; AND THAT the amended Terms of Reference is approved.
2026-05-11,Special meeting,3.2,Filing under the Financial Information Act – 2025 Statement of Financial Information (SOFI),Main motion,Carried,7,0,0,,,In favour,In favour,In favour,In favour,In favour,In favour,In favour,Taxes & spending,,,,,https://www.youtube.com/watch?v=PULUEKxt4BI,https://councilrecord.ca/district.html#vote/656,THAT the 2025 Statement of Financial Information (SOFI) of the District of North Vancouver be approved.
2026-05-11,Special meeting,3.3,2025 Council Remuneration and Expenses,Main motion,Carried,7,0,0,,,In favour,In favour,In favour,In favour,In favour,In favour,In favour,Taxes & spending; Governance & elections,,,,,https://www.youtube.com/watch?v=PULUEKxt4BI,https://councilrecord.ca/district.html#vote/657,THAT the report “2025 Council Remuneration and Expenses” be approved.
2026-05-11,Special meeting,3.4,2026 Centennial Bursary Awards,Main motion,Carried,7,0,0,,,In favour,In favour,In favour,In favour,In favour,In favour,In favour,Taxes & spending,,,,,https://www.youtube.com/watch?v=PULUEKxt4BI,https://councilrecord.ca/district.html#vote/658,THAT Council award bursaries to fourteen students from North Vancouver in the amount of $890 per bursary.
2026-05-11,Special meeting,3.5,UBCM Resolution: Repeal or Amend the Ports Property Tax Act to Address Impacts on Host Municipalities,Main motion,Carried,7,0,0,,,In favour,In favour,In favour,In favour,In favour,In favour,In favour,Taxes & spending; Governance & elections,,,,,https://www.youtube.com/watch?v=PULUEKxt4BI,https://councilrecord.ca/district.html#vote/659,THAT the UBCM resolution entitled Repeal or Amend the Ports Property Tax Act to Address Impacts on Host Municipalities as presented in Attachment 1 is supported for UBCM consideration.
2026-05-11,Special meeting,3.6,Bylaw 8795: A Bylaw to Set Tax Rates for 2026,Main motion,Carried,7,0,0,,,In favour,In favour,In favour,In favour,In favour,In favour,In favour,Taxes & spending,,,,,https://www.youtube.com/watch?v=PULUEKxt4BI,https://councilrecord.ca/district.html#vote/660,"THAT “Tax Rates Bylaw 8795, 2026” is ADOPTED."
2026-05-11,Special meeting,3.7,Rezoning of 135 Pemberton Avenue (Pemberton Station Pub),Main motion,Carried,7,0,0,,,In favour,In favour,In favour,In favour,In favour,In favour,In favour,Development,,,,,https://www.youtube.com/watch?v=PULUEKxt4BI,https://councilrecord.ca/district.html#vote/661,"THAT Council direct staff to prepare a bylaw to amend the zoning for 135 Pemberton Avenue, (Lot B, Explanatory Plan 9241, Block 22, District Lot 266, Plan 4680, PID: 011-424-770) to preclude child care use. AND THAT Council direct staff to submit to Council any complete building permit applications received after May 18th, 2026, which staff consider to be in conflict with the bylaw under preparation, for consideration of a resolution that the building permit be withheld for a period of 30 days from the date of submission of the complete application, in accordance with Section 463 of the Local Government Act."
2026-05-11,Council workshop,3.1,Strategic Facilities Plan Update,Main motion,Carried,7,0,0,Jordan Back,Herman Mah,In favour,In favour,In favour,In favour,In favour,In favour,In favour,Taxes & spending; Public services,,,,https://app.dnv.org/OpenDocument/Default.aspx?docNum=6749613,https://www.youtube.com/watch?v=MuS8B9CE8Zs,https://councilrecord.ca/district.html#vote/662,THAT the Committee of the Whole support the current approach and development of the Strategic Facilities Plan; AND THAT the Committee of the Whole direct administration to bring forward a subsequent report on the Strategic Facilities Plan to the Finance and Audit Committee in July outlining progress to date and next steps.
2026-05-25,Regular meeting,8.1,Community Opinion on Consumer Fireworks Prohibition,Main motion,Defeated,3,4,0,,,Against,Against,In favour,In favour,Against,Against,In favour,Environment & climate; Neighbourhood character; Public services; Governance & elections; Public safety,,,,,https://www.youtube.com/watch?v=z4THObsgrSc&t=00h42m04s,https://councilrecord.ca/district.html#vote/663,"THAT, pursuant to section 83 of the Community Charter, Council seek community opinion regarding the prohibition of the retail sale, possession and use of consumer fireworks and smoke-generating pyrotechnic devices in the District of North Vancouver; AND THAT such community opinion be obtained in conjunction with the October 17, 2026 general local election; AND THAT the results of this process be non-binding on Council; AND THAT staff be directed to report back to Council with proposed wording for a community opinion question to determine elector support for this prohibition."
2026-05-25,Regular meeting,8.2,Bylaw 8778 Reconsideration: 100 Amherst Avenue – (“Chemtrade”),Reconsideration,Defeated,2,5,0,,,Against,Against,In favour,Against,Against,Against,In favour,Development; Business & economy,,,,,https://www.youtube.com/watch?v=z4THObsgrSc&t=01h01m57s,https://councilrecord.ca/district.html#vote/664,"THAT “District of North Vancouver Rezoning Bylaw 1462 (Bylaw 8778)” is given no further Readings and is abandoned at First Reading. (mover and seconder for reconsidered resolution from April 13, 2026 are from April 13, 2026 Regular Council Meeting)"
2026-05-25,Regular meeting,8.2,Bylaw 8778 Reconsideration: 100 Amherst Avenue – (“Chemtrade”),Reconsideration,Carried,6,1,0,,,In favour,In favour,In favour,In favour,In favour,In favour,Against,Development; Business & economy,,,,,https://www.youtube.com/watch?v=z4THObsgrSc&t=01h01m57s,https://councilrecord.ca/district.html#vote/665,"THAT Council give “District of North Vancouver Rezoning Bylaw 1462 (Bylaw 8778)” Second Reading and refer Bylaw 8778 back to a public hearing; AND THAT Council direct staff to prepare a Section 219 covenant to be registered on LOT 5 EXCEPT: PART SUBDIVIDED BY PLAN LMP40923; DISTRICT LOTS 193 AND 611 GROUP 1 NEW WESTMINSTER DISTRICT PLAN 17801 as a condition of final reading of Bylaw 8778, that includes a time limit on the proposed Chlorine Operations, Quantitative Risk Assessment and Best Available Technology requirements as described in the document titled APPENDIX A Indicative Conditional Approval Framework and Timeline attached to the report titled Bylaw 8778 Reconsideration 100 Amherst Avenue – (Chemtrade) dated May 7, 2026."
2026-05-25,Regular meeting,8.3,Rezoning Bylaw 8732 for a 21-Unit Townhouse Development at 3712–3718 Edgemont Boulevard,Main motion,Carried,7,0,0,,,In favour,In favour,In favour,In favour,In favour,In favour,In favour,Housing & density; Development,,,,,https://www.youtube.com/watch?v=z4THObsgrSc&t=00h40m33s,https://councilrecord.ca/district.html#vote/666,THAT “District of North Vancouver Rezoning Bylaw 3210 (Bylaw 8732)” is ADOPTED.
2026-05-25,Regular meeting,8.4,Development Permit 20.24 – 3712-3718 Edgemont Boulevard,Main motion,Carried,7,0,0,,,In favour,In favour,In favour,In favour,In favour,In favour,In favour,Housing & density; Development,,,,,https://www.youtube.com/watch?v=z4THObsgrSc&t=00h40m33s,https://councilrecord.ca/district.html#vote/667,THAT Development Permit 20.24 to allow for a 21-unit townhouse development at 3712 - 3718 Edgemont Boulevard is ISSUED.
2026-05-25,Regular meeting,8.5,Development Permit 107.17 – 1135 to 1147 Ridgewood Drive and 3288 Brookridge Drive,Main motion,Carried,7,0,0,,,In favour,In favour,In favour,In favour,In favour,In favour,In favour,Housing & density; Development,,,,,https://www.youtube.com/watch?v=z4THObsgrSc&t=01h38m37s,https://councilrecord.ca/district.html#vote/668,THAT Development Permit 107.17 to allow for the construction of a 12-unit townhouse development at 1135-1147 Ridgewood Drive and 3288 Brookridge Drive is ISSUED.
2026-05-25,Regular meeting,8.6,"Bylaws 8779, 8780, and 8782 – OCP Amendment, Rezoning and Housing Agreement for a Mixed-Use Development at 1246-1268 Lynn Valley Road & 3050-3174 Baird Road (“Lynn Valley Mall” and “Draycott Gardens”)",Main motion,Carried,4,3,0,,,In favour,In favour,Against,Against,In favour,Against,In favour,Housing & density; Development,,,,,https://www.youtube.com/watch?v=z4THObsgrSc&t=01h44m54s,https://councilrecord.ca/district.html#vote/669,"THAT “District of North Vancouver Official Community Plan Bylaw 7900, 2011, Amendment Bylaw 8779, 2026 (Amendment 62)” is given SECOND and THIRD Readings; AND THAT “District of North Vancouver Rezoning Bylaw 1463 (Bylaw 8780)” is given SECOND and THIRD Readings; AND THAT “District of North Vancouver Housing Agreement Bylaw 8782, 2026 (1246-1268 Lynn Valley Road)” is given FIRST, SECOND and THIRD Readings."
2026-05-25,Regular meeting,8.7,Amendments to the General Local Election Bylaw and Street and Traffic Bylaw regarding Election Campaign Signs,Main motion,Carried,7,0,0,,,In favour,In favour,In favour,In favour,In favour,In favour,In favour,Transportation; Neighbourhood character; Governance & elections,,,,,https://www.youtube.com/watch?v=z4THObsgrSc&t=02h15m39s,https://councilrecord.ca/district.html#vote/670,"THAT “Bylaw 8783 Amendments to General Local Election Related Sections in Bylaws 6876 and 7125, 2026” is given FIRST, SECOND and THIRD Readings."
2026-05-25,Regular meeting,8.7,Amendments to the General Local Election Bylaw and Street and Traffic Bylaw regarding Election Campaign Signs,Main motion,Defeated,2,5,0,,,Against,In favour,Against,Against,Against,Against,In favour,Transportation; Neighbourhood character; Governance & elections,,,,,https://www.youtube.com/watch?v=z4THObsgrSc&t=02h15m39s,https://councilrecord.ca/district.html#vote/671,"THAT staff report back to Council with options for regulating election campaign sign size in the District of North Vancouver, including consideration of approaches used in neighbouring municipalities such as the City of North Vancouver AND THAT the report include consideration of issues related to fairness and accessibility for candidates, visual clutter, public realm impacts, enforcement considerations, and potential sign size limits for different forms of election signage."
2026-05-25,Regular meeting,8.8,Playground Funding Request: Sherwood Park Elementary School,Main motion,Carried,7,0,0,,,In favour,In favour,In favour,In favour,In favour,In favour,In favour,Taxes & spending; Parks & recreation,,,,,https://www.youtube.com/watch?v=z4THObsgrSc&t=00h40m33s,https://councilrecord.ca/district.html#vote/672,"THAT Council approve a contribution in the amount of $15,000 towards the renewal of the playground at Sherwood Park Elementary School, to be funded from Council’s Operating Contingency. AND THAT staff bring forward a report for Council’s consideration with a review and options for updating the Playground Development on School Grounds Policy."
2026-06-01,Regular meeting,8.4,Bylaws 8787 and 8799 – New Detached Residential Zones (R1 and R2),Amendment,Carried,5,2,0,,,In favour,In favour,In favour,Against,In favour,In favour,Against,Housing & density; Development; Neighbourhood character,,,,,,https://councilrecord.ca/district.html#vote/685,THAT Bylaw 8799 is amended in Schedule A by striking Section 5(2) and Diagram 5.1 from the bylaw in both the R1 and R2 zones.
2026-06-01,Regular meeting,8.4,Bylaws 8787 and 8799 – New Detached Residential Zones (R1 and R2),Amendment,Carried,5,2,0,,,In favour,In favour,In favour,Against,Against,In favour,In favour,Housing & density; Development; Neighbourhood character,,,,,,https://councilrecord.ca/district.html#vote/686,THAT “District of North Vancouver Rezoning Bylaw (Bylaw 8799)” is amended by striking out “Subsection 3 (1)(a) of the R1 – Rural and Suburban Detached Residential Zone” and renumbering accordingly.
2026-06-15,Special meeting,8.1,Bylaw 8798 Sewer Bylaw 6656 Amendment,Main motion,Carried,7,0,0,,,In favour,In favour,In favour,In favour,In favour,In favour,In favour,Public services; Utilities,,,,,https://www.youtube.com/watch?v=ueARkmBLJ8Q&pp=0gcJCT8LAYcqIYzv&t=00h08m18s,https://councilrecord.ca/district.html#vote/673,"THAT “Sewer Bylaw 6656, 1994, Amendment Bylaw 8798, 2026 (Amendment 39)” is given FIRST, SECOND, and THIRD Readings."
2026-06-15,Special meeting,8.2,Community Heritage Advisory Committee Motion to Council,Main motion,Carried,7,0,0,,,In favour,In favour,In favour,In favour,In favour,In favour,In favour,Development; Neighbourhood character; Governance & elections,,,,,https://www.youtube.com/watch?v=ueARkmBLJ8Q&pp=0gcJCT8LAYcqIYzv&t=00h25m38s,https://councilrecord.ca/district.html#vote/674,"THAT staff are directed to explore potential incentives for the retention and maintenance of heritage buildings, as identified in the resolution passed by the Community Heritage Advisory Committee at the April 22, 2026, meeting, including: a. Fast-tracking building permits and Heritage Revitalization Agreements; b. Extending the building permit expiration date; and c. Reducing or eliminating permit fees for heritage buildings; AND THAT staff report back to Council with implications of implementation and options for consideration."
2026-06-15,Special meeting,8.3,Bylaw 8787 – Due Consideration of Sections 475 and 477of the Local Government Act,Main motion,Carried,7,0,0,,,In favour,In favour,In favour,In favour,In favour,In favour,In favour,Development,,,,,https://www.youtube.com/watch?v=ueARkmBLJ8Q&pp=0gcJCT8LAYcqIYzv&t=00h36m43s,https://councilrecord.ca/district.html#vote/675,"THAT Council has specifically considered, in respect of proposed OCP Amending Bylaw 8787 whether consultation is required with the listed entities in subsection 475(2)(b) of the Local Government Act, and considers that such consultation is not required; AND THAT in accordance with Section 477 of the Local Government Act (LGA), Council has considered OCP Amending Bylaw 8787 in conjunction with its Financial Plan and applicable Waste Management Plans."
2026-06-15,Special meeting,8.4,Bylaw 8799 Amendment to Map Grid 2L03,Amendment,Carried,7,0,0,,,In favour,In favour,In favour,In favour,In favour,In favour,In favour,Development,,,,,https://www.youtube.com/watch?v=ueARkmBLJ8Q&pp=0gcJCT8LAYcqIYzv&t=00h38m33s,https://councilrecord.ca/district.html#vote/676,"THAT “District of North Vancouver Rezoning Bylaw 1465 (Bylaw 8799)” is amended by replacing Map Grid 2L03 with the new Map Grid 2L03 attached to the June 8, 2026 report of the Senior Development Planner entitled Zoning Bylaw 8799 – Amendment to Map Grid 2L03; AND THAT “District of North Vancouver Rezoning Bylaw 1465 (Bylaw 8799)” is given SECOND Reading as amended."
2026-06-15,Special meeting,8.5,Hastings Creek Trail Management Update,Main motion,Carried,7,0,0,,,In favour,In favour,In favour,In favour,In favour,In favour,In favour,Environment & climate; Parks & recreation,,,,,https://www.youtube.com/watch?v=ueARkmBLJ8Q&pp=0gcJCT8LAYcqIYzv&t=00h39m47s,https://councilrecord.ca/district.html#vote/677,THAT Council direct administration to decommission the central and southern sections of the Hastings Creek Trail.
2026-06-22,Special meeting,2.1,2025 Annual Report,Main motion,Carried,7,0,0,,,In favour,In favour,In favour,In favour,In favour,In favour,In favour,Taxes & spending; Governance & elections,,,,,https://www.youtube.com/watch?v=7RIqY_WSdoE,https://councilrecord.ca/district.html#vote/678,THAT Council receive the District of North Vancouver 2025 Annual Report.
2026-06-22,Regular meeting,8.1,District-wide Landslide Risk Assessment,Main motion,Carried,7,0,0,,,In favour,In favour,In favour,In favour,In favour,In favour,In favour,Environment & climate,,,,,https://www.youtube.com/watch?v=tL55n-2xwiA,https://councilrecord.ca/district.html#vote/679,"THAT Council receive the Landslide Risk Assessment – 2026 Update (BGC, 2026) report for information, and as an update to the District’s knowledge of the community’s overall landslide risk."
2026-06-22,Regular meeting,8.2,"Bylaw 8784: Zoning Text Amendment for 2131-2171 Old Dollarton Road, 229-291 Riverside Drive & 2102-2128 Front Street (“Maplewood Gardens”)",Main motion,Carried,4,3,0,,,In favour,In favour,Against,Against,In favour,Against,In favour,Development,,,,,https://www.youtube.com/watch?v=tL55n-2xwiA,https://councilrecord.ca/district.html#vote/680,THAT the “District of North Vancouver Rezoning Bylaw 1464 (Bylaw 8784)” is given FIRST reading.
2026-06-22,Regular meeting,8.2,"Bylaw 8784: Zoning Text Amendment for 2131-2171 Old Dollarton Road, 229-291 Riverside Drive & 2102-2128 Front Street (“Maplewood Gardens”)",Main motion,Defeated,3,4,0,,,In favour,In favour,Against,Against,Against,Against,In favour,Development,,,,,https://www.youtube.com/watch?v=tL55n-2xwiA,https://councilrecord.ca/district.html#vote/681,THAT the “District of North Vancouver Rezoning Bylaw 1464 (Bylaw 8784)” is given SECOND reading.
2026-06-22,Regular meeting,8.2,"Bylaw 8784: Zoning Text Amendment for 2131-2171 Old Dollarton Road, 229-291 Riverside Drive & 2102-2128 Front Street (“Maplewood Gardens”)",Main motion,Defeated,3,4,0,,,In favour,In favour,Against,Against,In favour,Against,Against,Development,,,,,https://www.youtube.com/watch?v=tL55n-2xwiA,https://councilrecord.ca/district.html#vote/682,THAT “District of North Vancouver Rezoning Bylaw 1464 (Bylaw 8784)” is referred back to staff for further consideration.
2026-06-22,Regular meeting,8.3,Bylaws 8802 and 8803: Heritage Revitalization Agreement and Heritage Designation - 3526 Everglade Place,Main motion,Carried,7,0,0,,,In favour,In favour,In favour,In favour,In favour,In favour,In favour,Development; Neighbourhood character,,,,,https://www.youtube.com/watch?v=tL55n-2xwiA,https://councilrecord.ca/district.html#vote/683,"THAT “Heritage Revitalization Agreement Authorization Bylaw 8803, 2026 (3526 Everglade Place – Perry Residence)” is given FIRST reading; AND THAT “Heritage Designation Bylaw 8802, 2026 (3526 Everglade Place – Perry Residence)” is given FIRST reading; AND THAT Bylaws 8802 and 8803 are referred to a Public Hearing."
2026-06-22,Regular meeting,8.4,Bylaw 8788: Business License Bylaw Housekeeping Amendment to Reflect Updated Non-Medical Retail Cannabis Policy,Main motion,Carried,7,0,0,,,In favour,In favour,In favour,In favour,In favour,In favour,In favour,Business & economy,,,,,https://www.youtube.com/watch?v=tL55n-2xwiA,https://councilrecord.ca/district.html#vote/684,"THAT “Business License Bylaw 4567, 1974 Amendment Bylaw 8788, 2026 (Amendment 56)” is given SECOND and THIRD Readings."
2026-06-29,Special meeting,8.1,Bylaw 8798: Sewer Bylaw 6656 Amendment,Main motion,Carried,7,0,0,,,In favour,In favour,In favour,In favour,In favour,In favour,In favour,Public services; Utilities,,,,,https://www.youtube.com/watch?v=ZEGw6gS8nA0&t=00h02m21s,https://councilrecord.ca/district.html#vote/687,"THAT “Sewer Bylaw 6656, 1994, Amendment Bylaw 8798, 2026 (Amendment 39)” is ADOPTED."
2026-06-29,Special meeting,8.2,DAPR Update and Construction Bylaw Amendments,Main motion,Carried,7,0,0,,,In favour,In favour,In favour,In favour,In favour,In favour,In favour,Development,,,,,https://www.youtube.com/watch?v=ZEGw6gS8nA0&t=00h02m39s,https://councilrecord.ca/district.html#vote/688,"THAT District of North Vancouver “Construction Bylaw 8271, 2017 Amendment Bylaw 8797, 2026 (Amendment 4)” is given FIRST, SECOND, and THIRD Readings."
2026-06-29,Special meeting,8.3,Allocation of Strategic Facilities Plan (SFP) Provision to Priority Projects,Referral,Carried,6,1,0,,,In favour,In favour,In favour,In favour,Against,In favour,In favour,Taxes & spending,,,,,https://www.youtube.com/watch?v=ZEGw6gS8nA0&t=00h46m01s,https://councilrecord.ca/district.html#vote/690,THAT the matter is referred back to staff for further reports.
2026-06-29,Council workshop,3.1,Budget Outlook,Main motion,Carried,6,0,1,,,Absent,In favour,In favour,In favour,In favour,In favour,In favour,Taxes & spending,,,,,https://www.youtube.com/watch?v=PrgXj6cB4-M,https://councilrecord.ca/district.html#vote/691,"THAT Council direct staff to develop options for the 2027 Budget incorporating tax adjustments, service level adjustments, and revenue measures and report back to Council in fourth quarter of 2026."
2026-07-06,Regular meeting,8.1,"Bylaw 8739, 8738, 8740, and 8742 – OCP Amendment & Rezoning: 520-540 Mountain Highway, 1505-1571 Fern Street & 1514-1574 Hunter Street (“Seylynn Centre”)",Main motion,Carried,7,0,0,,,In favour,In favour,In favour,In favour,In favour,In favour,In favour,Housing & density; Development; Transportation,,,,,https://www.youtube.com/watch?v=mTa_KyVNJsM,https://councilrecord.ca/district.html#vote/692,"THAT “District of North Vancouver Official Community Plan Bylaw 7900, 2011, Amendment Bylaw 8739, 2025 (Amendment 56)” is ADOPTED; AND THAT “District of North Vancouver Rezoning Bylaw 1453 (Bylaw 8738)” is ADOPTED; AND THAT “Housing Agreement Bylaw 8740, 2025 (520-540 Mountain Highway, 1505-1570 Fern Street, and 1514-1574 Hunter Street – Market Rental Housing)” is ADOPTED; AND THAT ""Housing Agreement Bylaw 8742, 2025 (520-540 Mountain Highway, 1505-1571 Fern Street, and 1514-1574 Hunter Street – Non Market Rental Housing)” is ADOPTED."
2026-07-06,Regular meeting,8.2,"Bylaw 8745: Proposed Highway Closure and Dedication Removal Bylaw 8745 “1500 Block Fern Street Highway Closure Bylaw 8745, 2025”",Main motion,Carried,7,0,0,,,In favour,In favour,In favour,In favour,In favour,In favour,In favour,Development,,,,,https://www.youtube.com/watch?v=mTa_KyVNJsM,https://councilrecord.ca/district.html#vote/693,"THAT “1500 Block Fern Street Highway Closure Bylaw 8745, 2025” is ADOPTED."
2026-07-06,Regular meeting,8.3,Bylaw 8797: Construction Bylaw Amendments,Main motion,Carried,7,0,0,,,In favour,In favour,In favour,In favour,In favour,In favour,In favour,Development,,,,,https://www.youtube.com/watch?v=mTa_KyVNJsM,https://councilrecord.ca/district.html#vote/694,"THAT “Construction Bylaw 8271, 2017 Amendment Bylaw 8797, 2026 (Amendment 4)” is ADOPTED."
2026-07-06,Regular meeting,8.4,Bylaw 8788: Business License Bylaw Housekeeping Amendment to Reflect Updated Non-Medical Retail Cannabis Policy,Main motion,Carried,7,0,0,,,In favour,In favour,In favour,In favour,In favour,In favour,In favour,Business & economy,,,,,https://www.youtube.com/watch?v=mTa_KyVNJsM,https://councilrecord.ca/district.html#vote/695,"THAT “Business License Bylaw 4567, 1974 Amendment Bylaw 8788, 2026 (Amendment 56)” is ADOPTED."
2026-07-06,Regular meeting,8.5,Bylaw 8778 – Chemtrade Rezoning – 100 Amherst Avenue,Main motion,Carried,4,3,0,,,In favour,In favour,Against,In favour,In favour,Against,Against,Development; Business & economy,,,,,https://www.youtube.com/watch?v=mTa_KyVNJsM,https://councilrecord.ca/district.html#vote/696,THAT “District of North Vancouver Rezoning Bylaw 1462 (Bylaw 8778)” is given THIRD reading.
2026-07-06,Regular meeting,8.6,Bylaw 8771 – Rezoning for a Six-Unit Townhouse Development at 873 Premier Street,Main motion,Carried,7,0,0,,,In favour,In favour,In favour,In favour,In favour,In favour,In favour,Housing & density; Development,,,,,https://www.youtube.com/watch?v=mTa_KyVNJsM,https://councilrecord.ca/district.html#vote/697,"THAT the “District of North Vancouver Rezoning Bylaw 1461 (Bylaw 8771)” is given FIRST, SECOND, and THIRD readings."
2026-07-06,Regular meeting,8.7,2026 Community Service Grants,Main motion,Carried,7,0,0,,,In favour,In favour,In favour,In favour,In favour,In favour,In favour,Taxes & spending; Public services,,,,,https://www.youtube.com/watch?v=mTa_KyVNJsM,https://councilrecord.ca/district.html#vote/698,"THAT the 2026 community service grants recommendations of $419,844, as described in the June 22, 2026, report of the Community Planner entitled, “2026 Community Service Grants”, are APPROVED. AND THAT Council direct administration to refer a potential inflationary adjustment to the community service grants budget to the 2027 financial planning process."
2026-07-06,Regular meeting,8.8,2026 Child Care Grants,Main motion,Carried,7,0,0,,,In favour,In favour,In favour,In favour,In favour,In favour,In favour,Taxes & spending; Public services,,,,,https://www.youtube.com/watch?v=mTa_KyVNJsM,https://councilrecord.ca/district.html#vote/699,"THAT the 2026 child care grants recommendations of $70,941, as described in the June 22, 2026, report of the Community Planner entitled “2026 Child Care Grants”, are APPROVED. AND THAT Council direct administration to refer a potential inflationary adjustment to the child care grants budget to the 2027 financial planning process."
2026-07-06,Regular meeting,8.9,Metro Vancouver Solid Waste Management Plan,Main motion,Carried,7,0,0,,,In favour,In favour,In favour,In favour,In favour,In favour,In favour,Public services; Metro Vancouver; Utilities,,,,,https://www.youtube.com/watch?v=mTa_KyVNJsM,https://councilrecord.ca/district.html#vote/700,"THAT Council receive for information the draft Solid Waste Management Plan (SWMP) that was advanced by the Greater Vancouver Sewerage and Drainage District (GVS&DD) Board on April 24, 2026."
2026-07-06,Regular meeting,8.10,Disc Golf Service Level and Options,Main motion,Carried,7,0,0,,,In favour,In favour,In favour,In favour,In favour,In favour,In favour,Parks & recreation,,,,,https://www.youtube.com/watch?v=mTa_KyVNJsM,https://councilrecord.ca/district.html#vote/701,THAT disc golf facilities be temporarily provided at Cleveland Park for events and tournaments.
2026-07-06,Regular meeting,8.11,Request for Public Inquiry Regarding the NSWWTP by the Inspector of Municipalities,Main motion,Carried,7,0,0,,,In favour,In favour,In favour,In favour,In favour,In favour,In favour,North Shore Wastewater Treatment Plant (NSWWTP); Public services; Governance & elections; Metro Vancouver; Utilities,,,,,https://www.youtube.com/watch?v=mTa_KyVNJsM,https://councilrecord.ca/district.html#vote/702,"WHEREAS the District recognizes the need for accountability and transparency of Metro Vancouver’s management of the North Shore Wastewater Treatment Plant (NSWWTP) project; WHEREAS North Shore residents have been burdened with a disproportion share of the cost overruns and have faced project delays and ongoing uncertainty associated with the NSWWTP project; THEREFORE BE IT RESOLVED THAT the District of North Vancouver Council submit a complaint to the Inspector of Municipalities of British Columbia regarding Metro Vancouver’s management of the NSWWTP, pursuant to section 765 of the Local Government Act (“the Act”); AND THAT the complaint specifically requests: 1. A public inquiry into the NSWWTP cost overruns, to restore public confidence and establish an independent record of what occurred; 2. A provincial review of Metro Vancouver’s governance framework, particularly the mechanisms by which it can borrow billions on behalf of member municipalities without their meaningful consent; and 3. A fairness mechanism to protect municipalities from bearing the cost of massive, uncontrolled escalations on regional mega-projects over which they have no effective oversight."
2026-07-06,Regular meeting,8.11,Request for Public Inquiry Regarding the NSWWTP by the Inspector of Municipalities,Main motion,Carried,7,0,0,,,In favour,In favour,In favour,In favour,In favour,In favour,In favour,North Shore Wastewater Treatment Plant (NSWWTP); Public services; Governance & elections; Metro Vancouver; Utilities,,,,,https://www.youtube.com/watch?v=mTa_KyVNJsM,https://councilrecord.ca/district.html#vote/703,"THAT Council write to the GVS&DD Board requesting that the full $235 million settlement received by the GVS&DD from Acconia be applied to the North Shore subregion to reduce the cost of the NSWWTP, with the benefit allocated to North Shore ratepayers. THAT Council re-affirm in writing to the Chair, Metro Vancouver Board of the District of North Vancouver’s position that any review of the NSWWTP Program must be truly independent, commissioned at arm's length from Metro Vancouver, preferably by the Province of British Columbia or the Inspector of Municipalities, with terms of reference not determined by Metro Vancouver."
2026-07-20,Regular meeting,8.1,"Bylaws 8779, 8780,8781 and 8782 – OCP Amendment, Rezoning, Road Closure and Housing Agreement for a Mixed-Use Development at 1246-1268 Lynn Valley Road & 3050-3174 Baird Road (“Lynn Valley Mall” and “Draycott Gardens”)",Main motion,Carried,4,3,0,,,In favour,In favour,Against,Against,In favour,Against,In favour,Housing & density; Development,,,,,,https://councilrecord.ca/district.html#vote/704,"THAT “District of North Vancouver Official Community Plan Bylaw 7900, 2011, Amendment Bylaw 8779, 2026 (Amendment 62)” is ADOPTED; AND THAT “District of North Vancouver Rezoning Bylaw 1463 (Bylaw 8780)” is ADOPTED; AND THAT “1246-1268 Lynn Valley Road and 3050-3174 Baird Road Highway Closure Bylaw 8781, 2026” is ADOPTED; AND THAT “Housing Agreement Bylaw 8782, 2026 (1246-1268 Lynn Valley Road)” is ADOPTED."
2026-07-20,Regular meeting,8.2,Bylaw 8778 – Text Amendment Rezoning – 100 Amherst (Chemtrade),Main motion,Carried,4,3,0,,,In favour,In favour,Against,In favour,In favour,Against,Against,Development; Business & economy,,,,,,https://councilrecord.ca/district.html#vote/705,THAT “District of North Vancouver Rezoning Bylaw 1462 (Bylaw 8778)” is ADOPTED.
2026-07-20,Regular meeting,8.3,Rezoning Bylaw 8770 – 526-550 Riverside Drive & 2194 Windridge Drive,Referral,Carried,7,0,0,,,In favour,In favour,In favour,In favour,In favour,In favour,In favour,Development,,,,,,https://councilrecord.ca/district.html#vote/706,"THAT Bylaw 8770 and associated rezoning application be referred to staff to assess the financial, servicing and policy implications of further apportionment of the Mount Seymour Parkway storm main upgrade requirement and report back to Council."
2026-07-20,Regular meeting,8.4,Bylaw 8771 – Rezoning for a Six-Unit Townhouse Development at 873 Premier Street,Main motion,Carried,7,0,0,,,In favour,In favour,In favour,In favour,In favour,In favour,In favour,Housing & density; Development,,,,,,https://councilrecord.ca/district.html#vote/707,THAT “District of North Vancouver Rezoning Bylaw 1461 (Bylaw 8771)” is ADOPTED.
2026-07-20,Regular meeting,8.5,Bylaws 8802 and 8803: Heritage Revitalization Agreement and Heritage Designation – 3526 Everglade Place,Main motion,Carried,7,0,0,,,In favour,In favour,In favour,In favour,In favour,In favour,In favour,Development; Neighbourhood character,,,,,,https://councilrecord.ca/district.html#vote/708,"THAT “Heritage Designation Bylaw 8802, 2026 (3526 Everglade Place – Perry Residence)” is ADOPTED; AND THAT “Heritage Revitalization Agreement Authorization Bylaw 8803, 2026 (3526 Everglade Place – Perry Residence)” is ADOPTED."
2026-07-20,Regular meeting,8.6,Bylaws 8787 and 8799 – New Detached Residential Zones (R1 and R2),Main motion,Carried,7,0,0,,,In favour,In favour,In favour,In favour,In favour,In favour,In favour,Housing & density; Development; Neighbourhood character,,,,,,https://councilrecord.ca/district.html#vote/709,THAT “District of North Vancouver OCP Amendment Bylaw (Bylaw 8787)” is ADOPTED; AND THAT “District of North Vancouver Rezoning Bylaw (Bylaw 8799)” is ADOPTED.
2026-07-20,Regular meeting,8.7,Bylaw 8800: 2026-2030 Financial Plan Amendment,Main motion,Carried,7,0,0,,,In favour,In favour,In favour,In favour,In favour,In favour,In favour,Taxes & spending,,,,,,https://councilrecord.ca/district.html#vote/710,"THAT “2026-2030 Financial Plan Bylaw 8790, 2026, Amendment Bylaw 8800, 2026 (Amendment 1)” is ADOPTED."
2026-07-20,Regular meeting,8.8,Roche Point Park Dedication Update,Main motion,Carried,7,0,0,,,In favour,In favour,In favour,In favour,In favour,In favour,In favour,Parks & recreation,,,,,,https://councilrecord.ca/district.html#vote/711,"THAT “District of North Vancouver Official Community Plan Bylaw 7900, 2011, Amendment Bylaw 8806, 2026 (Amendment 65)” is given FIRST Reading; AND THAT pursuant to Section 475 and Section 476 of the Local Government Act, and upon consideration, additional consultation is not required with respect to Bylaw 8806; AND THAT in accordance with Section 477 of the Local Government Act, Council has considered Bylaw 8806 in conjunction with its Financial Plan and applicable Waste Management Plans; AND THAT “District of North Vancouver Rezoning Bylaw 1467 (Bylaw 8810)” is given First Reading; AND THAT Bylaw 8806 and Bylaw 8810 are referred to a Public Hearing; AND THAT Council directs staff to proceed with the proposed workplan for the preparation of a park dedication bylaw as outlined in the report entitled Roche Point Park Dedication Update, dated July 9, 2026, from the Parks Planning Project Manager and Community Planner."
2026-07-20,Regular meeting,8.9,Digital Advertising Opportunity at Bus Stop,Main motion,Carried,7,0,0,,,In favour,In favour,In favour,In favour,In favour,In favour,In favour,Business & economy,,,,,,https://councilrecord.ca/district.html#vote/712,"THAT Council direct the Municipal Engineer to negotiate and execute an amendment to the existing agreement with Pattison Outdoor Advertising to permit digital advertising at bus stops. AND THAT Council support the installation of digital advertising at the bus stop locations identified in the report titled “Digital Advertising Opportunity at Bus Stops” dated June 23, 2026, and authorize the Municipal Engineer to approve additional locations in the future where mutually agreed upon with Pattison Outdoor Advertising."
2026-07-20,Regular meeting,8.10,Climate Action Update,Main motion,Carried,7,0,0,,,In favour,In favour,In favour,In favour,In favour,In favour,In favour,Environment & climate; Public safety,,,,,,https://councilrecord.ca/district.html#vote/713,"THAT the July 8, 2026 report of the Sustainability Projects Manager entitled 2026 Climate Action Update, is received for information; AND THAT the Mayor send a letter to the Province outlining the need for continued Local Government Climate Action Program and FireSmart wildfire fuel reduction funding."
2026-07-20,Regular meeting,8.11,Engagement with Young People,Procedural,Carried,7,0,0,,,In favour,In favour,In favour,In favour,In favour,In favour,In favour,Governance & elections,,,,,,https://councilrecord.ca/district.html#vote/714,"THAT the July 8, 2026 report of Councillor Herman Mah entitled Engagement with Young People is received for information."
2026-07-20,Regular meeting,8.12,Community Opinion on a Rice Lake Connector Project,Main motion,Defeated,1,6,0,,,In favour,Against,Against,Against,Against,Against,Against,Transportation; Governance & elections,,,,,,https://councilrecord.ca/district.html#vote/715,"THAT, pursuant to section 83 of the Community Charter, Council seek community opinion on whether or not to pursue a Rice Lake Connector Project; AND THAT such community opinion be obtained in conjunction with the October 17, 2026 general local election; AND THAT the results of this process be non-binding on Council; AND THAT staff be directed to report back to Council with proposed wording for a community opinion question to determine elector support for this project; AND THAT Council affirm that advancing consideration of a new connection between Upper Lynn Valley and Inter River, informed by the results of this community opinion process, be identified as a priority for the incoming Council to advance during the 2027-2031 Council term through the Community Transportation Plan."
2026-07-20,Regular meeting,8.13,Amendment to Councillor Mah’s Resolution regarding Request for Public Inquiry Regarding the NSWWTP by the Inspector of Municipalities,Main motion,Carried,7,0,0,,,In favour,In favour,In favour,In favour,In favour,In favour,In favour,Public services; Governance & elections,,,,,,https://councilrecord.ca/district.html#vote/716,"THAT, pursuant to section 83 of the Community Charter, Council seek community opinion on whether or not to pursue a Rice Lake Connector Project; AND THAT such community opinion be obtained in conjunction with the October 17, 2026 general local election; AND THAT the results of this process be non-binding on Council; AND THAT staff be directed to report back to Council with proposed wording for a community opinion question to determine elector support for this project; AND THAT Council affirm that advancing consideration of a new connection between Upper Lynn Valley and Inter River, informed by the results of this community opinion process, be identified as a priority for the incoming Council to advance during the 2027-2031 Council term through the Community Transportation Plan."
