Date,Meeting,Agenda item,Title,Type of motion,Result,In favour,Against,Absent,Moved by,Seconded by,Dan Ruimy,Korleen Carreras,Onyeka Dozie,Judy Dueck,Sunny Schiller,Jenny Tan,Ahmed Yousef,Topics,Vote number under this heading,Note,Source discrepancy,Official record,Meeting video,Link to this vote,Motion text
2022-11-01,Regular Council,5,CALL TO ORDER,Main motion,Carried,7,0,0,,,In favour,In favour,In favour,In favour,In favour,In favour,In favour,Other,,,,https://pub-mapleridge.escribemeetings.com/filestream.ashx?DocumentId=4043,https://pub-mapleridge.escribemeetings.com/Players/ISIStandAlonePlayer.aspx?Id=653e7273-6380-4423-a28d-2ce8b522fd19,https://councilrecord.ca/mapleridge.html#vote/1ediedy,"That the agenda of the Inaugural Council Meeting of November 1, 2022 be adopted."
2022-11-01,Regular Council,7,APPOINTMENT OF ACTING MAYOR,Main motion,Carried,7,0,0,,,In favour,In favour,In favour,In favour,In favour,In favour,In favour,Governance & elections,,,,https://pub-mapleridge.escribemeetings.com/filestream.ashx?DocumentId=4043,https://pub-mapleridge.escribemeetings.com/Players/ISIStandAlonePlayer.aspx?Id=653e7273-6380-4423-a28d-2ce8b522fd19,https://councilrecord.ca/mapleridge.html#vote/1wplydw,That the 2022/2023 Acting Mayor Rotation be set as follows: November/December 2022 Councillor Dueck January 2023/February Councillor Yousef March/April Councillor Carreras May/June Councillor Schiller July/August Councillor Tan September/October Councillor Dozie November/December Councillor Dueck
2022-11-01,Regular Council,8,APPOINTMENT OF DIRECTORS - MAPLE RIDGE MUNICIPAL HOLDINGS LTD.,Main motion,Carried,7,0,0,,,In favour,In favour,In favour,In favour,In favour,In favour,In favour,Business & economy; Governance & elections,1 of 2,,,https://pub-mapleridge.escribemeetings.com/filestream.ashx?DocumentId=4043,https://pub-mapleridge.escribemeetings.com/Players/ISIStandAlonePlayer.aspx?Id=653e7273-6380-4423-a28d-2ce8b522fd19,https://councilrecord.ca/mapleridge.html#vote/11gi4m4,"That the City of Maple Ridge, as shareholder of Maple Ridge Municipal Holdings Ltd., adopt the following resolution appointing directors of Maple Ridge Municipal Holdings Ltd. in accordance with the Business Corporations Act, [SBC 2022] C- 57: Inaugural Co un cil Meeting Minutes No ve mb er 1, 2022 Be it resolved that: 1. Pursuant to Section 200 of the British Columbia Business Corporations Act, the production and publication of the financial statements for the latest completed financial year of the Company is hereby waived. 2. The appointment of an auditor for the Company for the next financial year be waived as provided in Section 203(2) of the British Columbia Business Corporations Act. 3. All lawful contracts, acts, proceedings, appointments, and payments, made by the directors of the Company during the last Annual Reference Period, and which have previously been disclosed to the shareholders, are approved, ratified, and confirmed. 4. The following persons be elected as directors of the Company for the next Annual Reference Period or until their successors are elected or appointed: Korleen Carreras Onyeka Dozie Judy Dueck Sunny Schiller Jenny Tan Ahmed Yousef 5. Pursuant to Section 185(2) of the British Columbia Business Corporations Act , the holding of an Annual General Meeting for the current year need not be held. 6. The Company's solicitors are authorized to file the annual report for the Company with the Registrar of Companies. 7. The date which is one year from the date of this Resolution is hereby selected as the annual reference date for the Company for the current Annual Reference Period."
2022-11-01,Regular Council,8,APPOINTMENT OF DIRECTORS - MAPLE RIDGE MUNICIPAL HOLDINGS LTD.,Main motion,Carried,7,0,0,,,In favour,In favour,In favour,In favour,In favour,In favour,In favour,Business & economy; Governance & elections,2 of 2,,,https://pub-mapleridge.escribemeetings.com/filestream.ashx?DocumentId=4043,https://pub-mapleridge.escribemeetings.com/Players/ISIStandAlonePlayer.aspx?Id=653e7273-6380-4423-a28d-2ce8b522fd19,https://councilrecord.ca/mapleridge.html#vote/1r0gpyb,"That the City of Maple Ridge, as shareholder of C.D . M.R . Developments Ltd ., adopt the following resolution appointing directors of C.D.[name removed] Ltd. in accordance with the British Columbia Business Corporations Act, [RBS 2002] C-57: Be it resolved that: 1. Pursuant to Section 200 of the British Columbia Business Corporations Act, the production and publication of the financial statements for the latest completed financial year of the Company is hereby waived. 2. The appointment of an auditor for the Company for the next financial year be waived as provided in Section 203(2) of the British Columbia Business Corporations Act. Inaugural Council M ee ting Minutes Nov ember 1, 20 22 3. All lawful contracts, acts, proceedings, appointments, and payments, made by the directors of the Company during the last Annual Reference Period, and which have previously been disclosed to the shareholders, are approved, ratified, and confirmed. 4. The following persons be elected as directors of the Company for the next Annual Reference Period or until their successors are elected or appointed: Dan Ruimy Korleen Carreras Onyeka Dozie Judy Dueck Sunny Schiller Jenny Tan Ahmed Yousef 5. Pursuant to Section 185(2) of the British Columbia Business Corporations Act, the holding of an Annual General Meeting for the current year need not be held. 6. The Company's solicitors are authorized to file the annual report for the Company with the Registrar of Companies. 7. The date which is one year from the date of this Resolution is hereby selected as the annual reference date for the Company for the current Annual Reference Period."
2022-11-08,Regular Council,3,APPROVAL OF THE AGENDA,Main motion,Carried,7,0,0,,,In favour,In favour,In favour,In favour,In favour,In favour,In favour,Other,,,,https://pub-mapleridge.escribemeetings.com/filestream.ashx?DocumentId=4042,,https://councilrecord.ca/mapleridge.html#vote/mw8xth,"That the agenda of the Special Council Meeting of November 8, 2022 be approved as circulated."
2022-11-08,Regular Council,11,REPORTS AND RECOMMENDATIONS,Main motion,Carried,7,0,0,,,In favour,In favour,In favour,In favour,In favour,In favour,In favour,Other,,,,https://pub-mapleridge.escribemeetings.com/filestream.ashx?DocumentId=4042,,https://councilrecord.ca/mapleridge.html#vote/1n84r5f,"That Tracey Takahashi be appointed Corporate Officer effective November 8, 2022."
2022-11-08,Regular Council,11.2,Appointment of Municipal Directors to the Metro Vancouver Regional District Board of Directors and Distribution of Votes,Main motion,Carried,7,0,0,,,In favour,In favour,In favour,In favour,In favour,In favour,In favour,Governance & elections,,,,https://pub-mapleridge.escribemeetings.com/filestream.ashx?DocumentId=4042,,https://councilrecord.ca/mapleridge.html#vote/1hg9r1w,That Mayor Dan Ruimy be appointed Director to the Vancouver Regional District Board of Directors; and That Councillor Karleen Carreras be appointed Alternate Director to the Metro Vancouver Regional District Board of Directors.
2022-11-15,Regular Council,3,APPROVAL OF THE AGENDA,Main motion,Carried,7,0,0,,,In favour,In favour,In favour,In favour,In favour,In favour,In favour,Other,,,,https://pub-mapleridge.escribemeetings.com/filestream.ashx?DocumentId=4041,https://pub-mapleridge.escribemeetings.com/Players/ISIStandAlonePlayer.aspx?Id=f4b00eec-f870-47a2-863b-0b9076a4a5c8,https://councilrecord.ca/mapleridge.html#vote/ros5h7,"That the agenda of the Regular Council Meeting of November 15, 2022 be approved as circulated."
2022-11-15,Regular Council,4.1,"Minutes of the Regular Council meeting of October 25, 2022 and the Inaugural Council meeting of November 1, 2022",Main motion,Carried,7,0,0,,,In favour,In favour,In favour,In favour,In favour,In favour,In favour,Other,,,,https://pub-mapleridge.escribemeetings.com/filestream.ashx?DocumentId=4041,https://pub-mapleridge.escribemeetings.com/Players/ISIStandAlonePlayer.aspx?Id=f4b00eec-f870-47a2-863b-0b9076a4a5c8,https://councilrecord.ca/mapleridge.html#vote/123pnue,"That the minutes of the Regular Council Meeting of October 25, 2022 be adopted as circulated; and That the minutes of the Inaugural Council Meeting of November 1, 2022 be amended under item 3 to read ""Rick Bailey of Katzie First Nation addressed Mayor and Council and brought words of welcome from the First Nation.""; and That the minutes of the Inaugural Council Meeting of November 1, 2022 be adopted as amended."
2022-11-15,Regular Council,7.5,Recommendation to Receive Items on Consent,Main motion,Carried,7,0,0,,,In favour,In favour,In favour,In favour,In favour,In favour,In favour,Other,,,,https://pub-mapleridge.escribemeetings.com/filestream.ashx?DocumentId=4041,https://pub-mapleridge.escribemeetings.com/Players/ISIStandAlonePlayer.aspx?Id=f4b00eec-f870-47a2-863b-0b9076a4a5c8,https://councilrecord.ca/mapleridge.html#vote/pfrar4,"That the items on the Consent Agenda of the November 15, 2022 Regular Council meeting be received into the record."
2022-11-15,Regular Council,11,REPORTS AND RECOMMENDATIONS,Main motion,Carried,7,0,0,,,In favour,In favour,In favour,In favour,In favour,In favour,In favour,Housing & density; Development,,,,https://pub-mapleridge.escribemeetings.com/filestream.ashx?DocumentId=4041,https://pub-mapleridge.escribemeetings.com/Players/ISIStandAlonePlayer.aspx?Id=f4b00eec-f870-47a2-863b-0b9076a4a5c8,https://councilrecord.ca/mapleridge.html#vote/188iifu,"1. That in accordance with section 4 75 of the Local Government Act, opportunity for early and on-going consultation has been provided by way of posting Official Community Plan Amending Bylaw No. 7870-2022 on the municipal website and requiring that the applicant host a Development Information Meeting (DIM), and Council considers it unnecessary to provide any further consultation opportunities, except by way of holding a Public Hearing on the bylaw; 2. That Official Community Plan Amending Bylaw No. 7870-2022 be considered in conjunction with the Capital Expenditure Plan and Waste Management Plan; 3. That it be confirmed that Official Community Plan Amending Bylaw No. 7870 - 2022 is consistent with the Capital Expenditure Plan and Waste Management Plan; 4. That Official Community Plan Amending Bylaw No. 7870-2022 be given first and second reading and forwarded to Public Hearing; 5. That Zone Amending Bylaw No. 7604-2020 be given second reading as amended, and forwarded to Public Hearing; 6. That the following terms and conditions be met prior to final reading: i) Registration of a Rezoning Servicing Agreement as a Restrictive Covenant and receipt of the deposit of a security, as outlined in the Agreement; ii) Approval from the Ministry of Transportation and Infrastructure; iii) Amendment to Official Community Plan Schedule ""A"", Chapter 10.4 Town Centre Area Plan, Schedule 1 - Town Centre Area Land-Use Designation Map; Council Meeting Minutes November 15, 2022 iv) Registration of a Reciprocal Cross Access Easement Agreement; v) Registration of a Restrictive Covenant for Tree Protection; vi) Registration of a Restrictive Covenant for Stormwater Management; vii) In addition to the Ministry of Environment Site Disclosure Statement, a disclosure statement must be submitted by a Professional Engineer advising whether there is any evidence of underground fuel storage tanks on the subject property. If so, a Stage 1 Site Investigation Report is required to ensure that the subject property is not a contaminated site; and viii)That a voluntary contribution, in the amount of $5,700 per new dwelling unit, for an estimated amount of $11,400.00 be provided in keeping with the Council Policy with regard to Community Amenity Contributions."
2022-11-15,Regular Council,11,REPORTS AND RECOMMENDATIONS,Main motion,Carried,7,0,0,,,In favour,In favour,In favour,In favour,In favour,In favour,In favour,Other,,,,https://pub-mapleridge.escribemeetings.com/filestream.ashx?DocumentId=4041,https://pub-mapleridge.escribemeetings.com/Players/ISIStandAlonePlayer.aspx?Id=f4b00eec-f870-47a2-863b-0b9076a4a5c8,https://councilrecord.ca/mapleridge.html#vote/es5vpk,That the Corporate Officer be authorized to sign and seal 2019-342-DVP respecting property located at 11593 207 Street.
2022-11-15,Regular Council,12,STAFF REPORTS,Main motion,Carried,7,0,0,,,In favour,In favour,In favour,In favour,In favour,In favour,In favour,Parks & recreation; Governance & elections,,,,https://pub-mapleridge.escribemeetings.com/filestream.ashx?DocumentId=4041,https://pub-mapleridge.escribemeetings.com/Players/ISIStandAlonePlayer.aspx?Id=f4b00eec-f870-47a2-863b-0b9076a4a5c8,https://councilrecord.ca/mapleridge.html#vote/1nzvxlz,"That Councillor Schiller be appointed Representative to the Fraser Valley Regional Library Board effective November 1, 2022 to December 31, 2023; and That Councillor Yousef be appointed Alternate Representative to the Fraser Valley Regional Library Board effective November 1, 2022 to December 31, 2023."
2022-11-29,Regular Council,7.4,Re/ease of Items from Closed Council Status - Nil,Main motion,Carried,7,0,0,,,In favour,In favour,In favour,In favour,In favour,In favour,In favour,Other,,,,https://pub-mapleridge.escribemeetings.com/filestream.ashx?DocumentId=4039,https://pub-mapleridge.escribemeetings.com/Players/ISIStandAlonePlayer.aspx?Id=01e763e3-c9e5-4474-bd6d-2fdea5c52398,https://councilrecord.ca/mapleridge.html#vote/89j4x9,"THAT the items on the Consent Agenda of the November 29, 2022 Regular Council Meeting be received into the record."
2022-11-29,Regular Council,10,BYLAWS,Main motion,Carried,7,0,0,,,In favour,In favour,In favour,In favour,In favour,In favour,In favour,Development; Transportation,,,,https://pub-mapleridge.escribemeetings.com/filestream.ashx?DocumentId=4039,https://pub-mapleridge.escribemeetings.com/Players/ISIStandAlonePlayer.aspx?Id=01e763e3-c9e5-4474-bd6d-2fdea5c52398,https://councilrecord.ca/mapleridge.html#vote/215az5,THAT Road Closure Bylaw No. 7864-2022 be given second and third reading.
2022-11-29,Regular Council,10,BYLAWS,Main motion,Carried,7,0,0,,,In favour,In favour,In favour,In favour,In favour,In favour,In favour,Other,,,,https://pub-mapleridge.escribemeetings.com/filestream.ashx?DocumentId=4039,https://pub-mapleridge.escribemeetings.com/Players/ISIStandAlonePlayer.aspx?Id=01e763e3-c9e5-4474-bd6d-2fdea5c52398,https://councilrecord.ca/mapleridge.html#vote/njb2e8,THAT Maple Ridge Zone Amending Bylaw No. 7648-2020 be given third reading.
2022-11-29,Regular Council,10,BYLAWS,Main motion,Carried,7,0,0,,,In favour,In favour,In favour,In favour,In favour,In favour,In favour,Housing & density; Development,,,,https://pub-mapleridge.escribemeetings.com/filestream.ashx?DocumentId=4039,https://pub-mapleridge.escribemeetings.com/Players/ISIStandAlonePlayer.aspx?Id=01e763e3-c9e5-4474-bd6d-2fdea5c52398,https://councilrecord.ca/mapleridge.html#vote/1kjbo6g,THAT Maple Ridge Official Community Plan Amending Bylaw No. 7883-2022 and Maple Ridge Zone Amending Bylaw No. 7221-2016 be given third reading.
2022-11-29,Regular Council,12,STAFF REPORTS,Main motion,Carried,7,0,0,,,In favour,In favour,In favour,In favour,In favour,In favour,In favour,Development; Business & economy,,,,https://pub-mapleridge.escribemeetings.com/filestream.ashx?DocumentId=4039,https://pub-mapleridge.escribemeetings.com/Players/ISIStandAlonePlayer.aspx?Id=01e763e3-c9e5-4474-bd6d-2fdea5c52398,https://councilrecord.ca/mapleridge.html#vote/goayav,That Exclusion Application 2022-170-AL be forwarded to the Agricultural Land Commission for their review and consideration.
2022-12-06,Regular Council,2.1,Resolution to Exclude the Public,Main motion,Carried,6,0,1,,,In favour,In favour,In favour,In favour,In favour,Absent,In favour,Governance & elections,,,,https://pub-mapleridge.escribemeetings.com/filestream.ashx?DocumentId=4037,,https://councilrecord.ca/mapleridge.html#vote/l83m1q,"THAT, pursuant to section 90 of the Community Charter, this meeting be closed to the public as the subject matters being considered relate to the following: • 90(1)(d) - the security of the property of the municipality; • 90(1)(e) - the acquisition, disposition or expropriation of land or improvements, if the council considers that disclosure could reasonably be expected to harm the interests of the municipality; • 90(1)(f) - law enforcement, if the council considers that disclosure could reasonably be expected to harm the conduct of an investigation under or enforcement of an enactment; • 90(10(g) - litigation or potential litigation affecting the municipality; and • 90(2)(b) - the consideration of information received and held in confidence relating to negotiations between the municipality and a provincial government or the federal government or both, or between a provincial government or the federal government or both and a third party."
2022-12-13,Regular Council,4.2,"Report of Public Hearing of December 6, 2022",Main motion,Carried,5,0,2,,,In favour,In favour,In favour,In favour,Absent,Absent,In favour,Other,,,,https://pub-mapleridge.escribemeetings.com/filestream.ashx?DocumentId=4035,https://pub-mapleridge.escribemeetings.com/Players/ISIStandAlonePlayer.aspx?Id=9ba2209e-f788-492d-912c-e9b5eac133e2,https://councilrecord.ca/mapleridge.html#vote/wdekb4,"THAT the Report of Public Hearing of December 6, 2022, be adopted as circulated."
2022-12-13,Regular Council,10.1,For Third Reading,Main motion,Carried,5,0,2,,,In favour,In favour,In favour,In favour,Absent,Absent,In favour,Housing & density; Development,,,,https://pub-mapleridge.escribemeetings.com/filestream.ashx?DocumentId=4035,https://pub-mapleridge.escribemeetings.com/Players/ISIStandAlonePlayer.aspx?Id=9ba2209e-f788-492d-912c-e9b5eac133e2,https://councilrecord.ca/mapleridge.html#vote/1blgeej,THAT Official Community Plan Amending Bylaw No. 7870-2022 be given third reading; and THAT Maple Ridge Zone Amending Bylaw No. 7604-2020 be given third reading.
2022-12-13,Regular Council,10.2,For Adoption,Main motion,Carried,5,0,2,,,In favour,In favour,In favour,In favour,Absent,Absent,In favour,Other,,,,https://pub-mapleridge.escribemeetings.com/filestream.ashx?DocumentId=4035,https://pub-mapleridge.escribemeetings.com/Players/ISIStandAlonePlayer.aspx?Id=9ba2209e-f788-492d-912c-e9b5eac133e2,https://councilrecord.ca/mapleridge.html#vote/8p3efd,THAT Zone Amending Bylaw No. 7533-2019 be adopted.
2022-12-13,Regular Council,10.3,For Adoption,Main motion,Carried,5,0,2,,,In favour,In favour,In favour,In favour,Absent,Absent,In favour,Development; Transportation,,,,https://pub-mapleridge.escribemeetings.com/filestream.ashx?DocumentId=4035,https://pub-mapleridge.escribemeetings.com/Players/ISIStandAlonePlayer.aspx?Id=9ba2209e-f788-492d-912c-e9b5eac133e2,https://councilrecord.ca/mapleridge.html#vote/1kkehhk,THAT Road Closure Bylaw No. 7864-2022 be adopted.
2022-12-13,Regular Council,11,REPORTS AND RECOMMENDATIONS,Main motion,Carried,5,0,2,,,In favour,In favour,In favour,In favour,Absent,Absent,In favour,Development; Business & economy,,,,https://pub-mapleridge.escribemeetings.com/filestream.ashx?DocumentId=4035,https://pub-mapleridge.escribemeetings.com/Players/ISIStandAlonePlayer.aspx?Id=9ba2209e-f788-492d-912c-e9b5eac133e2,https://councilrecord.ca/mapleridge.html#vote/sgxz5p,THAT Non-Farm Use Application 2022-244-AL be forwarded to the Agricultural Land Commission for their review and consideration.
2022-12-13,Regular Council,11,REPORTS AND RECOMMENDATIONS,Main motion,Carried,5,0,2,,,In favour,In favour,In favour,In favour,Absent,Absent,In favour,Development; Business & economy,,,,https://pub-mapleridge.escribemeetings.com/filestream.ashx?DocumentId=4035,https://pub-mapleridge.escribemeetings.com/Players/ISIStandAlonePlayer.aspx?Id=9ba2209e-f788-492d-912c-e9b5eac133e2,https://councilrecord.ca/mapleridge.html#vote/1cravi9,THAT Non-Farm Use Application 2022-389-AL be forwarded to the Agricultural Land Commission for their review and consideration.
2022-12-13,Regular Council,11,REPORTS AND RECOMMENDATIONS,Main motion,Carried,5,0,2,,,In favour,In favour,In favour,In favour,Absent,Absent,In favour,Housing & density; Development,,,,https://pub-mapleridge.escribemeetings.com/filestream.ashx?DocumentId=4035,https://pub-mapleridge.escribemeetings.com/Players/ISIStandAlonePlayer.aspx?Id=9ba2209e-f788-492d-912c-e9b5eac133e2,https://councilrecord.ca/mapleridge.html#vote/88ec0g,"1. THAT, in respect of section 4 75 of the Local Government Act, requirement for consultation during the development or amendment of an Official Community Plan, Council must consider whether consultation is required with specifically: i. The Board of the Regional District in which the area covered by the plan is located, in the case of a Municipal Official Community Plan; ii. The Board of any Regional District that is adjacent to the area covered by the plan; iii. The Council of any municipality that is adjacent to the area covered by the plan; iv. First Nations; v. Boards of Education, Greater Boards and Improvements District Boards; and vi. The Provincial and Federal Governments and their agencies. and in that regard it is recommended that no additional consultation be required in respect of this matter beyond the early posting of the proposed Official Community Plan amendments on the City's website, together with an invitation to the public to comment; and Document#3268466 Council Meeting Minutes December 13, 2022 2. THAT Zone Amending Bylaw No. 7895-2022 be given first reading; and further 3. THAT the applicant provide further information as described on Schedules A, C, D, and E of the Development Procedures Bylaw No. 5879-1999, along with the information required for a Subdivision application."
2022-12-13,Regular Council,11,REPORTS AND RECOMMENDATIONS,Main motion,Carried,5,0,2,,,In favour,In favour,In favour,In favour,Absent,Absent,In favour,Housing & density; Development,,,,https://pub-mapleridge.escribemeetings.com/filestream.ashx?DocumentId=4035,https://pub-mapleridge.escribemeetings.com/Players/ISIStandAlonePlayer.aspx?Id=9ba2209e-f788-492d-912c-e9b5eac133e2,https://councilrecord.ca/mapleridge.html#vote/3wcqlt,"1. THAT, in accordance with section 4 75 of the Local Government Act, opportunity for early and on-going consultation has been provided by way of posting Official Community Plan Amending Bylaw No. 7896-2022 on the municipal website and requiring that the applicant host a Development Information Meeting (DIM), and Council considers it unnecessary to provide any further consultation opportunities, except by way of holding a Public Hearing on the bylaw; 2. THAT Official Community Plan Amending Bylaw No. 7896-2022 be considered in conjunction with the Capital Expenditure Plan and Waste Management Plan; 3. THAT it be confirmed that Official Community Plan Amending Bylaw No. 7896-2022 is consistent with the Capital Expenditure Plan and Waste Management Plan; 4. THAT Official Community Plan Amending Bylaw No. 7896-2022 be given first and second reading and forwarded to Public Hearing; 5. THAT Zone Amending Bylaw No. 7720-2021 be given second reading as amended, and forwarded to Public Hearing; 6. THAT voluntary payment of $220,000 ($20,000 for 11 spaces) and receipt upon payment in accordance with Maple Ridge Off-Street Parking and Loading Bylaw No. 4350 - 1990 as cash-in-lieu for the eleven (11) off street parking space provided for residential use respecting the property located at 22337 St. Anne Street; 7. THAT the following terms and conditions be met prior to final reading: i. Registration of a Rezoning Servicing Agreement as a Restrictive Covenant and receipt of the deposit of a security, as outlined in the Agreement; ii. Approval from the Ministry of Transportation and Infrastructure; Do cum e nt #3268466 Coun c il M ee ting Minutes D ece mber 13 , 2 022 Pag e 8 of 12 iii. Amendment to Official Community Plan Schedule ""A"", Chapter 10, Section 10.3 Town Centre Area Plan, Section 3.3 Land Use Designations, Flexible Mixed Use, Policy 3-38 to permit a six (6) storey apartment building; iv. Registration of a Restrictive Covenant for the Geotechnical Report, which addresses the suitability of the subject property for the proposed development; v. Registration of a Restrictive Covenant for protecting the Visitor Parking; vi. Registration of a Restrictive Covenant for Stormwater Management; vii. Removal of existing building(s); viii. In addition to the Ministry of Environment Site Disclosure Statement, a disclosure statement must be submitted by a Professional Engineer advising whether there is any evidence of underground fuel storage tanks on the subject properties. If so, a Stage 1 Site Investigation Report is required to ensure that the subject property is not a contaminated site; ix. THAT a voluntary contribution, in the amount of $82 , 000 ($4,100 for 20 units), or such rate applicable at third reading of this application, be provided in keeping with the Council Policy 6.31 with regard to Community Amenity Contributions; and further x. THAT a voluntary contribution, in the amount of $78 , 353.31 based on a rate of $161.46 per square metre ($15 . 00 per square foot) for the additional FSR being sought in accordance with Section 618 .5 Density 2.a.) of the RM-2 zone."
2022-12-13,Regular Council,11,REPORTS AND RECOMMENDATIONS,Main motion,Carried,5,0,2,,,In favour,In favour,In favour,In favour,Absent,Absent,In favour,Other,,,,https://pub-mapleridge.escribemeetings.com/filestream.ashx?DocumentId=4035,https://pub-mapleridge.escribemeetings.com/Players/ISIStandAlonePlayer.aspx?Id=9ba2209e-f788-492d-912c-e9b5eac133e2,https://councilrecord.ca/mapleridge.html#vote/1s383a5,THAT Zone Amending Bylaw No. 7898-2022 be given first and second reading and forwarded to Public Hearing.
2022-12-13,Regular Council,11,REPORTS AND RECOMMENDATIONS,Main motion,Carried,5,0,2,,,In favour,In favour,In favour,In favour,Absent,Absent,In favour,Other,,,,https://pub-mapleridge.escribemeetings.com/filestream.ashx?DocumentId=4035,https://pub-mapleridge.escribemeetings.com/Players/ISIStandAlonePlayer.aspx?Id=9ba2209e-f788-492d-912c-e9b5eac133e2,https://councilrecord.ca/mapleridge.html#vote/rbcizn,1. THAT Zone Amending Bylaw No. 7894-2022 be given first and second reading; and further 2. THAT a Public Hearing for Zone Amending Bylaw No. 7894-2022 be waived in accordance with the Local Government Act section 464(2).
2022-12-13,Regular Council,11,REPORTS AND RECOMMENDATIONS,Main motion,Carried,5,0,2,,,In favour,In favour,In favour,In favour,Absent,Absent,In favour,Other,,,,https://pub-mapleridge.escribemeetings.com/filestream.ashx?DocumentId=4035,https://pub-mapleridge.escribemeetings.com/Players/ISIStandAlonePlayer.aspx?Id=9ba2209e-f788-492d-912c-e9b5eac133e2,https://councilrecord.ca/mapleridge.html#vote/f5f586,"1. THAT Zone Amending Bylaw No. 7309-2017 be given second reading as amended, and forwarded to Public Hearing; and further 2. THAT the following terms and conditions be met prior to final reading; i. Registration of a Rezoning Servicing Agreement as a Restrictive Covenant and receipt of the deposit of a security, as outlined in the Agreement; ii. Approval from the Ministry of Transportation and Infrastructure; iii. Amendment to Official Community Plan Schedule ""B""; iv. Road dedication as required; v. Registration of a Statutory Right-of-Way plan and agreement if required for City infrastructure; vi. Registration of a Restrictive Covenant for the protecting the Visitor Parking; vii. Registration of a Restrictive Covenant for Stormwater Management; viii. Registration of a Restrictive Covenant for the Geotechnical Report, which addresses the suitability of the subject property for the proposed development; ix. Registration of a No Build Restrictive Covenant on that portion of the property located north of 119 Avenue to protect the area for future development; Document#3268466 Council M ee ting Minutes D ece mber 13, 202 2 Pag e 10 of 12 x. Registration of a Housing Agreement in accordance with section 483 of the Local Government Act and a Restrictive Covenant stating that the use of two (2) buildings on the property as consolidated will be restricted to residential rental units; xi. In addition to the Ministry of Environment Site Disclosure Statement, a disclosure statement must be submitted by a Professional Engineer advising whether there is any evidence of underground fuel storage tanks on the subject property. If so, a Stage 1 Site Investigation Report is required to ensure that the subject property is not a contaminated site; and xii. THAT a voluntary contribution, in the amount of $1,204,000.00 ($4,300 x 280 units), or such rate applicable at third reading of this application, be provided in keeping with the Council Policy 6.31 with regard to Community Amenity Contributions."
2022-12-13,Regular Council,11,REPORTS AND RECOMMENDATIONS,Main motion,Carried,5,0,2,,,In favour,In favour,In favour,In favour,Absent,Absent,In favour,Development,,,,https://pub-mapleridge.escribemeetings.com/filestream.ashx?DocumentId=4035,https://pub-mapleridge.escribemeetings.com/Players/ISIStandAlonePlayer.aspx?Id=9ba2209e-f788-492d-912c-e9b5eac133e2,https://councilrecord.ca/mapleridge.html#vote/g8ngeo,"1. THAT Zone Amending Bylaw No . 7785-2021 be given second reading and forwarded to Public Hearing; and further 2. THAT the following terms and conditions be met prior to final reading: i. Registration of a Rezoning Servicing Agreement as a Restrictive Covenant and receipt of the deposit of a security, as outlined in the Agreement; ii. Lane dedication as required; iii. Registration of a Restrictive Covenant for the floodplain report, which addresses the suitability of the subject property for the proposed development; iv. Registration of a Restrictive Covenant specifying construction standards for acoustic protection due to the site's proximity to the railway; and v. That a voluntary contribution, in the amount of $7,100 . 00 ($7,100.00/lot), or such rate applicable at third reading of this application, be provided in keeping with Council Policy 6.31 with regard to Community Amenity Contributions, as the original lot is exempt."
2022-12-13,Regular Council,11,REPORTS AND RECOMMENDATIONS,Main motion,Carried,5,0,2,,,In favour,In favour,In favour,In favour,Absent,Absent,In favour,Other,,,,https://pub-mapleridge.escribemeetings.com/filestream.ashx?DocumentId=4035,https://pub-mapleridge.escribemeetings.com/Players/ISIStandAlonePlayer.aspx?Id=9ba2209e-f788-492d-912c-e9b5eac133e2,https://councilrecord.ca/mapleridge.html#vote/1wbaedh,1. THAT the Corporate Officer be authorized to sign and seal 2018-498-DVP respecting property located at 21640 124 Avenue; and further 2. THAT the Corporate Officer be authorized to sign and seal 2018-498-DP respecting property located at 21640 124 Avenue.
2022-12-13,Regular Council,11.10,BC Destination Development Funding Expression of Interest,Main motion,Carried,5,0,2,,,In favour,In favour,In favour,In favour,Absent,Absent,In favour,Taxes & spending,,,,https://pub-mapleridge.escribemeetings.com/filestream.ashx?DocumentId=4035,https://pub-mapleridge.escribemeetings.com/Players/ISIStandAlonePlayer.aspx?Id=9ba2209e-f788-492d-912c-e9b5eac133e2,https://councilrecord.ca/mapleridge.html#vote/1l0f49y,"THAT staff submit an Expression of Interest to the Destination Development Fund seeking $125,000 for the development of a visitor portal and digital app providing an always open concierge service to build ultimate visitor experiences in Maple Ridge, in alignment with the Tourism Strategy."
2023-02-28,Regular Council,9,BYLAWS,Main motion,Carried,6,0,1,,,In favour,In favour,In favour,Absent,In favour,In favour,In favour,Housing & density; Development,,,,https://pub-mapleridge.escribemeetings.com/filestream.ashx?DocumentId=4027,https://pub-mapleridge.escribemeetings.com/Players/ISIStandAlonePlayer.aspx?Id=58c3c9f1-342f-4ef0-a2bf-ae2a123f2200,https://councilrecord.ca/mapleridge.html#vote/a16rc9,THAT Zone Amending Bylaw No. 7433-2018 be given third reading. 9.2 2018-132-RZ. 12121 232 Street. RS-3 to R-1 (THIRD READING) To permit the rezoning to allow a future three lot subdivision. Zone Amending Bylaw No. 7 491-2018 To rezone the subject property from RS-3 (Single Detached Rural Residential) to R-1 (Single Detached (Low Density) Urban Residential.
2023-02-28,Regular Council,9,BYLAWS,Main motion,Carried,6,0,1,,,In favour,In favour,In favour,Absent,In favour,In favour,In favour,Other,,,,https://pub-mapleridge.escribemeetings.com/filestream.ashx?DocumentId=4027,https://pub-mapleridge.escribemeetings.com/Players/ISIStandAlonePlayer.aspx?Id=58c3c9f1-342f-4ef0-a2bf-ae2a123f2200,https://councilrecord.ca/mapleridge.html#vote/11fxydr,THAT Zone Amending Bylaw No. 7491-2018 be given third reading.
2023-02-28,Regular Council,9.3,Temporary Borrowing Bylaw No. 7906-2023 (FOR ADOPTION),Main motion,Carried,6,0,1,,,In favour,In favour,In favour,Absent,In favour,In favour,In favour,Taxes & spending,,,,https://pub-mapleridge.escribemeetings.com/filestream.ashx?DocumentId=4027,https://pub-mapleridge.escribemeetings.com/Players/ISIStandAlonePlayer.aspx?Id=58c3c9f1-342f-4ef0-a2bf-ae2a123f2200,https://councilrecord.ca/mapleridge.html#vote/12bn3hk,THAT Temporary Borrowing Bylaw No. 7906-2023 be adopted.
2023-03-07,Regular Council,3,That it be confirmed that Official Community Plan Amending Bylaw No. 7916-,Main motion,Carried,7,0,0,,,In favour,In favour,In favour,In favour,In favour,In favour,In favour,Housing & density; Development,1 of 2,,,https://pub-mapleridge.escribemeetings.com/filestream.ashx?DocumentId=4025,https://pub-mapleridge.escribemeetings.com/Players/ISIStandAlonePlayer.aspx?Id=753341e2-4322-426f-961c-85aaa8ff23b3,https://councilrecord.ca/mapleridge.html#vote/1ibi3h2,"THAT the Corporate Officer be authorized to sign and seal 2021-264-DVP respecting property located at 25123 and 25171112 Avenue. 10.6 2021-270-DVP/DP. 11692 Pine Street, Development Variance Permit and Development Permit Staff report dated March 7, 2023, recommending that the Corporate Officer be authorized to sign and seal 2021-270-DVP and 2021-270-DP to permit the construction of a five-storey apartment and to waive the requirement to upgrade to Collector Road Standard, reduce setbacks and increase maximum building height. Document:3341123 Regular Council M ee ting Minut es March 7, 2023 P age 6 of 7 [name removed], Acting Corporate Officer, advised that 29 notices were mailed out and 4 pieces of correspondence in opposition were received. Staff answered questions from Council."
2023-03-07,Regular Council,3,That it be confirmed that Official Community Plan Amending Bylaw No. 7916-,Main motion,Carried,4,3,0,,,Against,Against,In favour,In favour,Against,In favour,In favour,Housing & density; Development,2 of 2,,,https://pub-mapleridge.escribemeetings.com/filestream.ashx?DocumentId=4025,https://pub-mapleridge.escribemeetings.com/Players/ISIStandAlonePlayer.aspx?Id=753341e2-4322-426f-961c-85aaa8ff23b3,https://councilrecord.ca/mapleridge.html#vote/gdtc3v,1) THAT the Corporate Officer be authorized to sign and seal 2021-270-DVP respecting property located at 11692 Pine Street; and further 2) THAT the Corporate Officer be authorized to sign and seal 2021 -270-DP respecting property located at 11692 Pine Street.
2023-03-28,Regular Council,9.1,"THIRD READING: 2020-051-RZ. 11980 Glenhurst Street, RS-3 to R-1",Main motion,Carried,7,0,0,,,In favour,In favour,In favour,In favour,In favour,In favour,In favour,Housing & density,,,,https://pub-mapleridge.escribemeetings.com/filestream.ashx?DocumentId=4023,https://pub-mapleridge.escribemeetings.com/Players/ISIStandAlonePlayer.aspx?Id=0e91038e-6a5b-4047-ad46-1b65b95b999f,https://councilrecord.ca/mapleridge.html#vote/1wgdhih,"THAT Zone Amending Bylaw No. 7658-2020 be given third reading, as amended."
2023-03-28,Regular Council,9.2,THIRD READING: 2002-066-RZ. 11892. 11886 and 11902 232 Street RS-1 to RM-1 Document:3359298,Main motion,Carried,7,0,0,,,In favour,In favour,In favour,In favour,In favour,In favour,In favour,Housing & density,,,,https://pub-mapleridge.escribemeetings.com/filestream.ashx?DocumentId=4023,https://pub-mapleridge.escribemeetings.com/Players/ISIStandAlonePlayer.aspx?Id=0e91038e-6a5b-4047-ad46-1b65b95b999f,https://councilrecord.ca/mapleridge.html#vote/14gklk8,THAT Zone Amending Bylaw No. 7647-2020 be given third reading.
2023-03-28,Regular Council,10.5,Award of Contract ITI-EN23-17: 203 Street Watermain (Lougheed Highway to Thorne Avenue),Main motion,Carried,7,0,0,,,In favour,In favour,In favour,In favour,In favour,In favour,In favour,Taxes & spending; Transportation; Public services,,,,https://pub-mapleridge.escribemeetings.com/filestream.ashx?DocumentId=4023,https://pub-mapleridge.escribemeetings.com/Players/ISIStandAlonePlayer.aspx?Id=0e91038e-6a5b-4047-ad46-1b65b95b999f,https://councilrecord.ca/mapleridge.html#vote/afzqg3,"That Contract ITT-EN23-17: 203 Street Watermain (Lougheed Highway to Thorne· Avenue), be awarded to Conwest Contracting Ltd. in the amount of $2,277,998.50 excluding taxes; and That a contract contingency of $600,000.00 be approved to address potential variations in field conditions; and That advance approval for the 2023 Capital Plan be provided to increase the project funding by $1,865,532.50; and That the ISL contract for Engineering Design Services for 203 Street Watermain Replacement (Lougheed Highway South to Thorne Avenue) be increased by $100,000.00; and That the KOLP contract for Archaeological Impact Assessment and Related Work for 203 Street Watermain Replacement (Lougheed Highway South to Thorne Avenue) be increased by $23,000.00; and further That the Corporate Officer be authorized to execute the contract."
2023-04-25,Regular Council,7.6,"Petition - Completion and Connection of a Road from Harris Drive to 239 Street Staff report dated April 25, 2023, providing background on Council policy 3.13",Main motion,Carried,7,0,0,,,In favour,In favour,In favour,In favour,In favour,In favour,In favour,Transportation; Governance & elections,,,,https://pub-mapleridge.escribemeetings.com/filestream.ashx?DocumentId=4020,https://pub-mapleridge.escribemeetings.com/Players/ISIStandAlonePlayer.aspx?Id=ba2b588b-0621-4d9c-b12c-615519616c8a,https://councilrecord.ca/mapleridge.html#vote/507175,"THAT the following item contained in the April 25, 2023, Regular Council Consent Agenda be received into the record. 7 .5 Petition - Building of 52 town homes on 236th Street/Dewdney Trunk Road; 16 Town homes on 23682 Dewdney Trunk Road Staff report dated April 25, 2023, providing background on Council policy 3.13 petition to Council and the submitted petition."
2023-04-25,Regular Council,9.2,THIRD READING: 2019-091-RZ. 21585 River Road. RS-1 to RM-1,Main motion,Carried,6,1,0,,,In favour,In favour,In favour,In favour,Against,In favour,In favour,Housing & density,,,,https://pub-mapleridge.escribemeetings.com/filestream.ashx?DocumentId=4020,https://pub-mapleridge.escribemeetings.com/Players/ISIStandAlonePlayer.aspx?Id=ba2b588b-0621-4d9c-b12c-615519616c8a,https://councilrecord.ca/mapleridge.html#vote/1geo411,THAT Zone Amending Bylaw No. 7541-2019 be given third reading.
2023-04-25,Regular Council,2,That the following terms and conditions be met prior to final reading: i. Registration of a Rezoning Servicing Agreement as a Restrictive Covenant,Main motion,Carried,7,0,0,,,In favour,In favour,In favour,In favour,In favour,In favour,In favour,Development; Taxes & spending,1 of 4,,,https://pub-mapleridge.escribemeetings.com/filestream.ashx?DocumentId=4020,https://pub-mapleridge.escribemeetings.com/Players/ISIStandAlonePlayer.aspx?Id=ba2b588b-0621-4d9c-b12c-615519616c8a,https://councilrecord.ca/mapleridge.html#vote/hojgtj,"That the Corporate Officer be authorized to sign and seal 2023-031-VP respecting property located at 22488 129 Avenue. 10.5 2023-2027 Financial Plan Bylaw Staff report dated April 18, 2023, recommending that the 2023-2027 Financial Plan Bylaw No. 7926-2023 be given first, second, and third readings."
2023-04-25,Regular Council,2,That the following terms and conditions be met prior to final reading: i. Registration of a Rezoning Servicing Agreement as a Restrictive Covenant,Main motion,Carried,7,0,0,,,In favour,In favour,In favour,In favour,In favour,In favour,In favour,Development; Taxes & spending,2 of 4,,,https://pub-mapleridge.escribemeetings.com/filestream.ashx?DocumentId=4020,https://pub-mapleridge.escribemeetings.com/Players/ISIStandAlonePlayer.aspx?Id=ba2b588b-0621-4d9c-b12c-615519616c8a,https://councilrecord.ca/mapleridge.html#vote/ruq2d2,"That the 2023-2027 Financial Plan Bylaw No. 7926-2023 be given first, second and third readings. 10.6 2023 Property Tax Rates Bylaw Staff report dated April 18, 2023, recommending that the 2023 Property Tax Rates Bylaw No. 7927-2023 be given first, second, and third readings."
2023-04-25,Regular Council,2,That the following terms and conditions be met prior to final reading: i. Registration of a Rezoning Servicing Agreement as a Restrictive Covenant,Main motion,Carried,7,0,0,,,In favour,In favour,In favour,In favour,In favour,In favour,In favour,Development; Taxes & spending; Transportation,3 of 4,,,https://pub-mapleridge.escribemeetings.com/filestream.ashx?DocumentId=4020,https://pub-mapleridge.escribemeetings.com/Players/ISIStandAlonePlayer.aspx?Id=ba2b588b-0621-4d9c-b12c-615519616c8a,https://councilrecord.ca/mapleridge.html#vote/owmny2,"That 2023 Property Tax Rates Bylaw No. 7927-2023 be given first, second and third readings. 10. 7 Albion and Maple Ridge Road Dyking Districts 2023 Tax Rates Bylaws Staff report dated April 18, 2023, recommending that Maple Ridge Albion Dyking District Tax Rates Bylaw No. 7923-2023 and Maple Ridge Road 13 Dyking District Tax Rates Bylaw No. 7924-2023, be given first, second, and third readings. Document:3375344 April 25, 2023"
2023-04-25,Regular Council,2,That the following terms and conditions be met prior to final reading: i. Registration of a Rezoning Servicing Agreement as a Restrictive Covenant,Main motion,Carried,7,0,0,,,In favour,In favour,In favour,In favour,In favour,In favour,In favour,Development; Taxes & spending; Transportation,4 of 4,,,https://pub-mapleridge.escribemeetings.com/filestream.ashx?DocumentId=4020,https://pub-mapleridge.escribemeetings.com/Players/ISIStandAlonePlayer.aspx?Id=ba2b588b-0621-4d9c-b12c-615519616c8a,https://councilrecord.ca/mapleridge.html#vote/11wj8a6,"That Maple Ridge Albion Dyking District Tax Rates Bylaw No. 7923-2023 be given first, second, and third readings; and That Maple Ridge Road 13 Dyking District Tax Rates Bylaw No. 7924-2023 be given first, second and third readings"
2023-04-25,Regular Council,11.1,E-Comm Board of Directors Designate - 2023-2024 Term,Main motion,Carried,7,0,0,,,In favour,In favour,In favour,In favour,In favour,In favour,In favour,Public services; Governance & elections,,,,https://pub-mapleridge.escribemeetings.com/filestream.ashx?DocumentId=4020,https://pub-mapleridge.escribemeetings.com/Players/ISIStandAlonePlayer.aspx?Id=ba2b588b-0621-4d9c-b12c-615519616c8a,https://councilrecord.ca/mapleridge.html#vote/1rw4p1i,"That the City of Maple Ridge nominate Mayor Dan Ruimy to serve as nominee of the Designated Group of Members in subsection 4.2.1.5 of the Members' Agreement (Fourth Restatement} Amended as at July 1, 2021, to the Board of Directors of E- Comm Emergency Communications for British Columbia Inc. (the ""Board""} for the 2023-2024 term, such Board to be elected by the E-Comm shareholders at the June 22, 2023 Annual General Meeting. Document:3375344 Reg ul ar Coun c il M ee tin g Minutes Ap r il 25 , 2023 P age 8 of 8"
2023-05-09,Regular Council,9,BYLAWS,Main motion,Carried,7,0,0,,,In favour,In favour,In favour,In favour,In favour,In favour,In favour,Taxes & spending,,,,https://pub-mapleridge.escribemeetings.com/filestream.ashx?DocumentId=4018,https://pub-mapleridge.escribemeetings.com/Players/ISIStandAlonePlayer.aspx?Id=9460a0f4-1a44-4ce5-9c12-d4ebec332a69,https://councilrecord.ca/mapleridge.html#vote/e1c03f,That 2023-2027 Financial Plan Bylaw No. 7926-2023 be adopted. 9.2 2023 Property Tax Rate Bylaw No. 7927-2023 To establish property tax rates for the year 2023.
2023-05-09,Regular Council,9,BYLAWS,Main motion,Carried,7,0,0,,,In favour,In favour,In favour,In favour,In favour,In favour,In favour,Taxes & spending,,,,https://pub-mapleridge.escribemeetings.com/filestream.ashx?DocumentId=4018,https://pub-mapleridge.escribemeetings.com/Players/ISIStandAlonePlayer.aspx?Id=9460a0f4-1a44-4ce5-9c12-d4ebec332a69,https://councilrecord.ca/mapleridge.html#vote/5hklw4,That 2023 Property Tax Rate Bylaw No. 7927-2023 be adopted.
2023-05-09,Regular Council,9.3,"Maple Ridge Albion Dyking District Tax Rates Bylaw No. 7923-2023 To impose rates for the payment of dyke improvements, maintenance, and related",Main motion,Carried,7,0,0,,,In favour,In favour,In favour,In favour,In favour,In favour,In favour,Taxes & spending; Environment & climate,,,,https://pub-mapleridge.escribemeetings.com/filestream.ashx?DocumentId=4018,https://pub-mapleridge.escribemeetings.com/Players/ISIStandAlonePlayer.aspx?Id=9460a0f4-1a44-4ce5-9c12-d4ebec332a69,https://councilrecord.ca/mapleridge.html#vote/1l7qj1r,That Maple Ridge Albion Dyking District Tax Rates Bylaw No.7923-2023 be adopted.
2023-05-09,Regular Council,9.4,Maple Ridge Road 13 Dyking District Tax Rates Bylaw No. 7924-2023,Main motion,Carried,7,0,0,,,In favour,In favour,In favour,In favour,In favour,In favour,In favour,Taxes & spending; Transportation,,,,https://pub-mapleridge.escribemeetings.com/filestream.ashx?DocumentId=4018,https://pub-mapleridge.escribemeetings.com/Players/ISIStandAlonePlayer.aspx?Id=9460a0f4-1a44-4ce5-9c12-d4ebec332a69,https://councilrecord.ca/mapleridge.html#vote/zsa7o9,That Maple Ridge Road 13 Dyking District Tax Rates Bylaw No. 7924-2023 be adopted.
2023-05-09,Regular Council,9.5,Inter Municipal TNS Business Licence Bylaw No. 7917-2023,Main motion,Carried,7,0,0,,,In favour,In favour,In favour,In favour,In favour,In favour,In favour,Business & economy,,,,https://pub-mapleridge.escribemeetings.com/filestream.ashx?DocumentId=4018,https://pub-mapleridge.escribemeetings.com/Players/ISIStandAlonePlayer.aspx?Id=9460a0f4-1a44-4ce5-9c12-d4ebec332a69,https://councilrecord.ca/mapleridge.html#vote/1y5j068,That Inter Municipal TNS Business Licence Bylaw No. 7623-2020 be repealed in its entirety; and That Inter Municipal TNS Business Licence Bylaw No. 7917-2023 be adopted.
2023-05-09,Regular Council,9.6,Inter Municipal TNS Business Licence Agreement Bylaw No. 7918-2023,Main motion,Carried,7,0,0,,,In favour,In favour,In favour,In favour,In favour,In favour,In favour,Business & economy,,,,https://pub-mapleridge.escribemeetings.com/filestream.ashx?DocumentId=4018,https://pub-mapleridge.escribemeetings.com/Players/ISIStandAlonePlayer.aspx?Id=9460a0f4-1a44-4ce5-9c12-d4ebec332a69,https://councilrecord.ca/mapleridge.html#vote/14koway,That Inter Municipal TNS Business Licence Agreement Bylaw No. 7622-2020 be repealed in its entirety; and That Inter Municipal TNS Business Licence Agreement Bylaw No. 7918-2023 be adopted.
2023-05-09,Regular Council,10.1,"Secondary Suites and Detached Garden Suites on the Same Lot in the ALR Staff report dated May 2, 2023, recommending that Zone Amending Bylaw No. 7929-",Main motion,Carried,7,0,0,,,In favour,In favour,In favour,In favour,In favour,In favour,In favour,Housing & density; Development; Taxes & spending; Business & economy,,,,https://pub-mapleridge.escribemeetings.com/filestream.ashx?DocumentId=4018,https://pub-mapleridge.escribemeetings.com/Players/ISIStandAlonePlayer.aspx?Id=9460a0f4-1a44-4ce5-9c12-d4ebec332a69,https://councilrecord.ca/mapleridge.html#vote/lz1nfh,"That Zone Amending Bylaw No. 7929-2023 be given first and second reading and forwarded to Public Hearing to permit secondary suites and detached garden suites on the same lot in the Agricultural Land Reserve. 10.2 2022-286-RZ. A portion of 24548 Lougheed Highway and unaddressed lot identified by PIO No. 01284 7046. Temporary Use Permit Staff report dated May 2, 2023, recommending that Temporary Use Permit No. 2022- 286-RZ, to allow a temporary office and outdoor storage, be forwarded to Public Hearing and subsequent Council Meeting for a decision once the terms and conditions outlined in the report have been met."
2023-05-09,Regular Council,2,That the following terms and conditions be met prior to final reading: i. Registration of a Rezoning Servicing Agreement as a Restrictive Covenant,Main motion,Carried,7,0,0,,,In favour,In favour,In favour,In favour,In favour,In favour,In favour,Development,1 of 4,,,https://pub-mapleridge.escribemeetings.com/filestream.ashx?DocumentId=4018,https://pub-mapleridge.escribemeetings.com/Players/ISIStandAlonePlayer.aspx?Id=9460a0f4-1a44-4ce5-9c12-d4ebec332a69,https://councilrecord.ca/mapleridge.html#vote/r0zix,"That the Corporate Officer be authorized to sign and seal 2023-022-DVP respecting property located at 20523 Lorne Avenue. 10.8 2023-055-VP. 28621104 Avenue and 10455 287 Street. Development Variance Permit Staff report dated May 2, 2023, recommending that the Corporate Officer be authorized to sign and seal 2023-055-VP respecting the properties located at 28621 104 Avenue and 10455 287 Street, to waive the requirement to improve surfacing, curbing, drainage, or other works identified in Schedule A on existing highways within or immediately adjacent to a proposed subdivision or development, to the standard prescribed in the bylaw, where the standard is less than that prescribed by the bylaw for the existing zone."
2023-05-09,Regular Council,2,That the following terms and conditions be met prior to final reading: i. Registration of a Rezoning Servicing Agreement as a Restrictive Covenant,Main motion,Carried,7,0,0,,,In favour,In favour,In favour,In favour,In favour,In favour,In favour,Development; Taxes & spending,2 of 4,,,https://pub-mapleridge.escribemeetings.com/filestream.ashx?DocumentId=4018,https://pub-mapleridge.escribemeetings.com/Players/ISIStandAlonePlayer.aspx?Id=9460a0f4-1a44-4ce5-9c12-d4ebec332a69,https://councilrecord.ca/mapleridge.html#vote/zu43sk,"That the Corporate Officer be authorized to sign and seal 2023-055-VP respecting the properties located at 28621104 Avenue and 10455 287 Street. 10.9 2022 Consolidated Financial Statements Staff report dated May 2, 2023, recommending that the 2022 Consolidated Financial Statements be approved."
2023-05-09,Regular Council,2,That the following terms and conditions be met prior to final reading: i. Registration of a Rezoning Servicing Agreement as a Restrictive Covenant,Main motion,Carried,7,0,0,,,In favour,In favour,In favour,In favour,In favour,In favour,In favour,Development; Taxes & spending; Governance & elections,3 of 4,,,https://pub-mapleridge.escribemeetings.com/filestream.ashx?DocumentId=4018,https://pub-mapleridge.escribemeetings.com/Players/ISIStandAlonePlayer.aspx?Id=9460a0f4-1a44-4ce5-9c12-d4ebec332a69,https://councilrecord.ca/mapleridge.html#vote/1dphsuv,"That the 2022 Consolidated Financial Statements be approved. 10.102023 - 2026 Strategic Plan Staff report dated May 2, 2023, recommending that the 2023-2026 Council Strategic Plan be adopted."
2023-05-09,Regular Council,2,That the following terms and conditions be met prior to final reading: i. Registration of a Rezoning Servicing Agreement as a Restrictive Covenant,Main motion,Carried,7,0,0,,,In favour,In favour,In favour,In favour,In favour,In favour,In favour,Development; Governance & elections,4 of 4,,,https://pub-mapleridge.escribemeetings.com/filestream.ashx?DocumentId=4018,https://pub-mapleridge.escribemeetings.com/Players/ISIStandAlonePlayer.aspx?Id=9460a0f4-1a44-4ce5-9c12-d4ebec332a69,https://councilrecord.ca/mapleridge.html#vote/52xhhd,That the 2023-2026 Council Strategic Plan be adopted.
2023-05-09,Regular Council,15.1,Notice of Motion by Councillor A. Yousef,Main motion,Defeated,4,3,0,,,In favour,In favour,In favour,Against,Against,Against,In favour,Parks & recreation,,"The recorded result differs from a simple count of the votes shown. This can happen when abstentions count as votes in favour, when a motion needs more than a simple majority, or because of an error in the source. Check the official record.",,https://pub-mapleridge.escribemeetings.com/filestream.ashx?DocumentId=4018,https://pub-mapleridge.escribemeetings.com/Players/ISIStandAlonePlayer.aspx?Id=9460a0f4-1a44-4ce5-9c12-d4ebec332a69,https://councilrecord.ca/mapleridge.html#vote/z4m05y,"Whereas the City of Maple Ridge recognizes the negative impact of open drug use in municipal parks and public spaces and the effects on the safety of our community, specifically families, youth, and children; Therefore be it resolved that the City of Maple Ridge enact a prohibition of illicit drug use in all city parks and outdoor public gathering spaces. Mayor Ruimy, Councillor Carreras, Councillor Dozie,"
2023-05-23,Regular Council,9.1,"THIRD READING: 2021-530-RZ, 11410 297 Street",Main motion,Carried,6,0,1,,,In favour,In favour,In favour,In favour,In favour,Absent,In favour,Other,,,,https://pub-mapleridge.escribemeetings.com/filestream.ashx?DocumentId=4016,https://pub-mapleridge.escribemeetings.com/Players/ISIStandAlonePlayer.aspx?Id=5c39adb7-c0e7-4449-a999-e28535012d67,https://councilrecord.ca/mapleridge.html#vote/tpg271,That Maple Ridge Zone Amending Bylaw No. 7816-2021 be given third reading.
2023-05-23,Regular Council,10.2,"Award of Contract: 2023 Pavement Rehabilitation Program - Phase One Staff report dated May 16, 2023, recommending that the 2023 Pavement",Main motion,Carried,6,0,1,,,In favour,In favour,In favour,In favour,In favour,Absent,In favour,Taxes & spending,,,,https://pub-mapleridge.escribemeetings.com/filestream.ashx?DocumentId=4016,https://pub-mapleridge.escribemeetings.com/Players/ISIStandAlonePlayer.aspx?Id=5c39adb7-c0e7-4449-a999-e28535012d67,https://councilrecord.ca/mapleridge.html#vote/1c6nalf,"That the 2023 Pavement Rehabilitation Program - Phase One contract be awarded to Jack Cewe Construction Ltd. in the amount of $1,384,841.85, plus applicable taxes; and That a contingency for any adjustments, including changes and agreed to extra work in the contract up to 15% of the value of the contract ($207,726.28 excluding taxes), be approved; and further That the Chief Administrative Officer be authorized to execute the contract."
2023-06-13,Regular Council,3.1,Approval of the Agenda,Main motion,Carried,7,0,0,,,In favour,In favour,In favour,In favour,In favour,In favour,In favour,Other,,,,https://pub-mapleridge.escribemeetings.com/filestream.ashx?DocumentId=4014,https://pub-mapleridge.escribemeetings.com/Players/ISIStandAlonePlayer.aspx?Id=89819f37-29a5-434c-a13c-b47e45c047e9,https://councilrecord.ca/mapleridge.html#vote/7azfgv,"That the agenda for the June 13, 2023, Regular Council meeting be approved. Document: 3422380 June 13, 2023"
2023-06-13,Regular Council,4.1,Minutes,Main motion,Carried,7,0,0,,,In favour,In favour,In favour,In favour,In favour,In favour,In favour,Other,,,,https://pub-mapleridge.escribemeetings.com/filestream.ashx?DocumentId=4014,https://pub-mapleridge.escribemeetings.com/Players/ISIStandAlonePlayer.aspx?Id=89819f37-29a5-434c-a13c-b47e45c047e9,https://councilrecord.ca/mapleridge.html#vote/vpnqt8,"That the following minutes be adopted as circulated: • Regular Council - May 23, 2023 • Special Council (to Close) - May 30, 2023"
2023-06-13,Regular Council,9,BYLAWS,Main motion,Carried,7,0,0,,,In favour,In favour,In favour,In favour,In favour,In favour,In favour,Other,,,,https://pub-mapleridge.escribemeetings.com/filestream.ashx?DocumentId=4014,https://pub-mapleridge.escribemeetings.com/Players/ISIStandAlonePlayer.aspx?Id=89819f37-29a5-434c-a13c-b47e45c047e9,https://councilrecord.ca/mapleridge.html#vote/1aftjh1,That Maple Ridge Zone Amending Bylaw No. 7503-2018 be adopted.
2023-06-13,Regular Council,10,COMMITTEE REPORTS AND RECOMMENDATIONS,Main motion,Carried,7,0,0,,,In favour,In favour,In favour,In favour,In favour,In favour,In favour,Housing & density; Development; Business & economy; Governance & elections,,,,https://pub-mapleridge.escribemeetings.com/filestream.ashx?DocumentId=4014,https://pub-mapleridge.escribemeetings.com/Players/ISIStandAlonePlayer.aspx?Id=89819f37-29a5-434c-a13c-b47e45c047e9,https://councilrecord.ca/mapleridge.html#vote/x32d7g,"That Application 2023-064-AL, respecting property located at 27098 108 Avenue, be forwarded to the Agricultural Land Commission for their review and consideration. 10.2 2023-059-RZ. 28304 96 Avenue. RS-3 and P-4 to RS-3 Staff report dated June 6, 2023, recommending that Zone Amending Bylaw No. 7925- 2023, to rezone from RS-3 (Single Detached Rural Residential) and P-4 (Place of Worship) to RS-3 (Single Detached Rural Residential), to allow the change of use of the existing building from a place of worship (church) to a single-family dwelling, be given first and second reading and forwarded to Public Hearing."
2023-06-13,Regular Council,10,COMMITTEE REPORTS AND RECOMMENDATIONS,Main motion,Carried,7,0,0,,,In favour,In favour,In favour,In favour,In favour,In favour,In favour,Housing & density; Governance & elections,,,,https://pub-mapleridge.escribemeetings.com/filestream.ashx?DocumentId=4014,https://pub-mapleridge.escribemeetings.com/Players/ISIStandAlonePlayer.aspx?Id=89819f37-29a5-434c-a13c-b47e45c047e9,https://councilrecord.ca/mapleridge.html#vote/1eg61rz,"That Zone Amending Bylaw No. 7925-2023 be given first and second readings, and forwarded to Public Hearing. 10.3 2019-393-RZ. 20786 River Road, RS-1 to RT-2 Staff report dated June 13, 2023, recommending that application 2019-393-RZ, to permit the future construction of six separately detached dwelling units forming a courtyard housing complex, be forwarded to Public Hearing."
2023-06-13,Regular Council,2,That the following terms and conditions be met prior to final reading: i) Registration of a Rezoning Servicing Agreement as a Restrictive Covenant,Main motion,Carried,7,0,0,,,In favour,In favour,In favour,In favour,In favour,In favour,In favour,Development,,,,https://pub-mapleridge.escribemeetings.com/filestream.ashx?DocumentId=4014,https://pub-mapleridge.escribemeetings.com/Players/ISIStandAlonePlayer.aspx?Id=89819f37-29a5-434c-a13c-b47e45c047e9,https://councilrecord.ca/mapleridge.html#vote/1j3l7pi,That the Corporate Officer be authorized to sign and seal 2018-349-DVP respecting property located at 217 45 River Road.
2023-06-13,Regular Council,10.5,"Award of Contract: 2023 Pavement Rehabilitation Program - Phase 2 Staff report dated June 6, 2023, recommending that the Corporate Officer be",Main motion,Carried,7,0,0,,,In favour,In favour,In favour,In favour,In favour,In favour,In favour,Taxes & spending,,,,https://pub-mapleridge.escribemeetings.com/filestream.ashx?DocumentId=4014,https://pub-mapleridge.escribemeetings.com/Players/ISIStandAlonePlayer.aspx?Id=89819f37-29a5-434c-a13c-b47e45c047e9,https://councilrecord.ca/mapleridge.html#vote/nodfee,"That the 2023 Pavement Rehabilitation Program - Phase Two contract be awarded to Lafarge Canada Inc. in the amount of $1,394,878.90, plus applicable taxes; and That a contingency for any adjustments, including changes and agreed to extra work in the contract up to 15% of the value of the contract ($209,231.84 excluding taxes), be approved; and further That the Chief Administrative Officer be authorized to execute the contract."
2023-06-27,Regular Council,3.1,Approval of the Agenda,Main motion,Carried,6,0,1,,,In favour,Absent,In favour,In favour,In favour,In favour,In favour,Other,,,,https://pub-mapleridge.escribemeetings.com/filestream.ashx?DocumentId=4012,https://pub-mapleridge.escribemeetings.com/Players/ISIStandAlonePlayer.aspx?Id=3b1bd1f2-04cc-4d77-a080-6c5531814043,https://councilrecord.ca/mapleridge.html#vote/k3remw,"That the agenda for the June 27, 2023, Regular Council meeting be approved. Document: 3442325 June 27, 2023"
2023-06-27,Regular Council,4.1,Minutes,Main motion,Carried,6,0,1,,,In favour,Absent,In favour,In favour,In favour,In favour,In favour,Other,,,,https://pub-mapleridge.escribemeetings.com/filestream.ashx?DocumentId=4012,https://pub-mapleridge.escribemeetings.com/Players/ISIStandAlonePlayer.aspx?Id=3b1bd1f2-04cc-4d77-a080-6c5531814043,https://councilrecord.ca/mapleridge.html#vote/1isjhna,"That the following minutes be adopted as circulated: • Regular Council - June 13, 2023 • Report of Public Hearing - June 20, 2023"
2023-06-27,Regular Council,9.1,"THIRD READING: 2021-023-RZ, 12080 228 Street",Main motion,Carried,6,0,1,,,In favour,Absent,In favour,In favour,In favour,In favour,In favour,Other,,,,https://pub-mapleridge.escribemeetings.com/filestream.ashx?DocumentId=4012,https://pub-mapleridge.escribemeetings.com/Players/ISIStandAlonePlayer.aspx?Id=3b1bd1f2-04cc-4d77-a080-6c5531814043,https://councilrecord.ca/mapleridge.html#vote/bvvhvv,That Maple Ridge Zone Amending Bylaw No. 7762-2021 given third reading.
2023-06-27,Regular Council,9.2,THIRD READING: 2021-092-RZ. 12414 216 Street,Amendment,Carried,6,0,1,,,In favour,Absent,In favour,In favour,In favour,In favour,In favour,Other,,,,https://pub-mapleridge.escribemeetings.com/filestream.ashx?DocumentId=4012,https://pub-mapleridge.escribemeetings.com/Players/ISIStandAlonePlayer.aspx?Id=3b1bd1f2-04cc-4d77-a080-6c5531814043,https://councilrecord.ca/mapleridge.html#vote/1dgrfou,"That the Main Motion be amended as follows: The Recommendations set out in the Staff Report dated May 2, 2023, titled ""Second Reading, Zone Amending Bylaw No. 7754-2021, 12414 216 Street"" be amended by deleting clause 2. iv) removal of existing buildings. The vote was called on the Main Motion as amended and declared CARRIED."
2023-06-27,Regular Council,9.3,THIRD READING: 2021-571-RZ. 12390 216 Street,Main motion,Carried,6,0,1,,,In favour,Absent,In favour,In favour,In favour,In favour,In favour,Other,,,,https://pub-mapleridge.escribemeetings.com/filestream.ashx?DocumentId=4012,https://pub-mapleridge.escribemeetings.com/Players/ISIStandAlonePlayer.aspx?Id=3b1bd1f2-04cc-4d77-a080-6c5531814043,https://councilrecord.ca/mapleridge.html#vote/xt3cpe,That Maple Ridge Zone Amending Bylaw No. 7821-2021 given third reading.
2023-06-27,Regular Council,9.4,"THIRD READING: 2020-432-RZ, 12211 and 12229 228 Street",Main motion,Carried,6,0,1,,,In favour,Absent,In favour,In favour,In favour,In favour,In favour,Other,,,,https://pub-mapleridge.escribemeetings.com/filestream.ashx?DocumentId=4012,https://pub-mapleridge.escribemeetings.com/Players/ISIStandAlonePlayer.aspx?Id=3b1bd1f2-04cc-4d77-a080-6c5531814043,https://councilrecord.ca/mapleridge.html#vote/zf32ee,That Maple Ridge Zone Amending Bylaw No. 7713-2021 given third reading.
2023-06-27,Regular Council,9.5,"THIRD READING AND ADOPTION: 2023-123-RZ, Secondary and Detached Garden Suites on the Same Lot in the ALR",Main motion,Carried,6,0,1,,,In favour,Absent,In favour,In favour,In favour,In favour,In favour,Other,,,,https://pub-mapleridge.escribemeetings.com/filestream.ashx?DocumentId=4012,https://pub-mapleridge.escribemeetings.com/Players/ISIStandAlonePlayer.aspx?Id=3b1bd1f2-04cc-4d77-a080-6c5531814043,https://councilrecord.ca/mapleridge.html#vote/a0j42i,"That Maple Ridge Zone Amending Bylaw No. 7929-2023 given third reading and be adopted. Docu ment:3442325 June 27, 2023"
2023-06-27,Regular Council,7,That the following terms and conditions be met prior to final reading: i) Registration of a Rezoning Servicing Agreement as a Restrictive Covenant,Main motion,Carried,4,2,1,,,In favour,Absent,In favour,Against,In favour,In favour,Against,Development; Parks & recreation,,,,https://pub-mapleridge.escribemeetings.com/filestream.ashx?DocumentId=4012,https://pub-mapleridge.escribemeetings.com/Players/ISIStandAlonePlayer.aspx?Id=3b1bd1f2-04cc-4d77-a080-6c5531814043,https://councilrecord.ca/mapleridge.html#vote/1fp7i1k,"That Council refer Item 10.3 to Administration to return to the July 18, 2023 Closed Council meeting, with a report regarding the acquisition of park areas, walkways, trails, neighbourhood park amenities and features shown on the park concept plan."
2023-06-27,Regular Council,10.6,Award of Contract EN23-6: Dewdney Trunk Road Storm Sewer Upgrade & 225 Street and Royal Crescent Sanitary Sewer Upgrade,Main motion,Carried,6,0,1,,,In favour,Absent,In favour,In favour,In favour,In favour,In favour,Taxes & spending; Transportation; Public services,1 of 2,,,https://pub-mapleridge.escribemeetings.com/filestream.ashx?DocumentId=4012,https://pub-mapleridge.escribemeetings.com/Players/ISIStandAlonePlayer.aspx?Id=3b1bd1f2-04cc-4d77-a080-6c5531814043,https://councilrecord.ca/mapleridge.html#vote/16u4d4i,"That Contract EN23-6: Dewdney Trunk Road Storm Sewer Upgrade & 225 Street and Royal Crescent Sanitary Sewer Upgrade be awarded to Sandpiper Contracting LLP in the amount of $2,815,347.90 plus applicable taxes; and That a contract contingency of $535,000.00 be approved to address potential variations in field conditions; and further That the Corporate Officer be authorized to execute the construction contract. 10. 7 Award of Contract EN23-34: Tamarack Lane Sanitary Lift Station Replacement Staff report dated June 20, 2023, recommending that Contract EN23-34: Tamarack Lane Sanitary Lift Station Replacement be awarded to HPA Construction Ltd., that a contract contingency be approved, and that the Corporate Officer be authorized to execute the contract."
2023-06-27,Regular Council,10.6,Award of Contract EN23-6: Dewdney Trunk Road Storm Sewer Upgrade & 225 Street and Royal Crescent Sanitary Sewer Upgrade,Main motion,Carried,6,0,1,,,In favour,Absent,In favour,In favour,In favour,In favour,In favour,Taxes & spending; Transportation; Public services,2 of 2,,,https://pub-mapleridge.escribemeetings.com/filestream.ashx?DocumentId=4012,https://pub-mapleridge.escribemeetings.com/Players/ISIStandAlonePlayer.aspx?Id=3b1bd1f2-04cc-4d77-a080-6c5531814043,https://councilrecord.ca/mapleridge.html#vote/gk42yw,"That Contract EN23-34: Tamarack Lane Sanitary Lift Station Replacement, be awarded to HPA Construction Ltd. in the amount of $1,089,221.08 plus applicable taxes; and That a contract contingency of $110,000.00 be approved to address potential variations in field conditions; and further That the Corporate Officer be authorized to execute the contract."
2023-06-27,Regular Council,6,The Corporate Officer be authorized to execute these agreements,Main motion,Carried,6,0,1,,,In favour,Absent,In favour,In favour,In favour,In favour,In favour,Taxes & spending,,,,https://pub-mapleridge.escribemeetings.com/filestream.ashx?DocumentId=4012,https://pub-mapleridge.escribemeetings.com/Players/ISIStandAlonePlayer.aspx?Id=3b1bd1f2-04cc-4d77-a080-6c5531814043,https://councilrecord.ca/mapleridge.html#vote/a1qgbo,"That the 2022 Annual Report be received as required by the Community Charter, and That the 2022 Statement of Financial Information be approved as required by the Financial Information Act."
2023-06-27,Regular Council,11,STAFF REPORTS,Main motion,Carried,6,0,1,,,In favour,Absent,In favour,In favour,In favour,In favour,In favour,Housing & density,,,,https://pub-mapleridge.escribemeetings.com/filestream.ashx?DocumentId=4012,https://pub-mapleridge.escribemeetings.com/Players/ISIStandAlonePlayer.aspx?Id=3b1bd1f2-04cc-4d77-a080-6c5531814043,https://councilrecord.ca/mapleridge.html#vote/1clz75v,"That 21783 Lougheed Highway Housing Agreement Bylaw No. 7945-2023 be given first, second and third reading."
2023-06-27,Regular Council,11.2,Development Application Review Process (Submission of A Complete Application Prior to First Reading),Main motion,Carried,6,0,1,,,In favour,Absent,In favour,In favour,In favour,In favour,In favour,Housing & density; Development; Governance & elections,,,,https://pub-mapleridge.escribemeetings.com/filestream.ashx?DocumentId=4012,https://pub-mapleridge.escribemeetings.com/Players/ISIStandAlonePlayer.aspx?Id=3b1bd1f2-04cc-4d77-a080-6c5531814043,https://councilrecord.ca/mapleridge.html#vote/1gm3qpz,"That Maple Ridge Development Procedures Amending Bylaw No. 7931-2023 be given first, second and third readings. 11.3 2018-180-RZ. 22057 and 22083 Lougheed Highway. RS-1 to RM-2 Staff report dated June 27, 2023, recommending that Official Community Plan Amending Bylaw No. 7758-2021 and Zone Amending Bylaw No. 7 481-2018 be adopted. Docu ment:3442325 June 27, 2023"
2023-06-27,Regular Council,2,That Zone Amending Bylaw No. 7481-2021 be adopted.,Main motion,Carried,6,0,1,,,In favour,Absent,In favour,In favour,In favour,In favour,In favour,Other,1 of 2,,,https://pub-mapleridge.escribemeetings.com/filestream.ashx?DocumentId=4012,https://pub-mapleridge.escribemeetings.com/Players/ISIStandAlonePlayer.aspx?Id=3b1bd1f2-04cc-4d77-a080-6c5531814043,https://councilrecord.ca/mapleridge.html#vote/13im1vi,"That Maple Ridge Zone Amending Bylaw No. 7690-2020 be adopted. Note: This item is from the Public Hearing of June 20, 2023 11.5 2022-286-RZ. A portion of 24548 Lougheed Highway and unaddressed lot identified by PIO No. 012-84 7-046. Temporary Use Permit The subject application is to permit a temporary office and outdoor storage over a portion of the subject site for a period of up to three years."
2023-06-27,Regular Council,2,That Zone Amending Bylaw No. 7481-2021 be adopted.,Main motion,Carried,6,0,1,,,In favour,Absent,In favour,In favour,In favour,In favour,In favour,Development; Transportation; Parks & recreation,2 of 2,,,https://pub-mapleridge.escribemeetings.com/filestream.ashx?DocumentId=4012,https://pub-mapleridge.escribemeetings.com/Players/ISIStandAlonePlayer.aspx?Id=3b1bd1f2-04cc-4d77-a080-6c5531814043,https://councilrecord.ca/mapleridge.html#vote/enav89,"That the Corporate Officer be authorized to sign and seal Temporary Use Permit No. 2022-286-RZ, once the following terms and conditions are met: i) Approval of the Ministry of Transportation and Infrastructure (MOTi) of an Access Permit and all the requirements, including but not limited to the geotechnical assessment study and Traffic Impact Study, as required by the Ministry; ii) Approval from the Canadian Pacific Railway (CPR); iii) Issuance of the Soil Permit by the City: iv) Issuance of the Watercourse Protection and Natural Features Development Permit by the City; v) Any new buildings or structures require a Building Permit along with the associated trades permits, where applicable; vi) All electrical work must be permitted and certified; vii) Receive of a Letter of Undertaking to ensure removal of the buildings after the expiration of the Temporary Use Permit; and viii) A conditional Business License must be obtained contingent on the business operation complying with the following: a) All structures meeting the current BC Building Code; b) Approved Fire Department Inspection; and c) All external agency requirements being met - (i.e. Fraser Health and Provincial water license as required). Document:3442325 June 27, 2023"
2023-06-27,Regular Council,11.6,Building Safer Communities Fund - Contribution Agreement,Main motion,Carried,6,0,1,,,In favour,Absent,In favour,In favour,In favour,In favour,In favour,Other,1 of 4,,,https://pub-mapleridge.escribemeetings.com/filestream.ashx?DocumentId=4012,https://pub-mapleridge.escribemeetings.com/Players/ISIStandAlonePlayer.aspx?Id=3b1bd1f2-04cc-4d77-a080-6c5531814043,https://councilrecord.ca/mapleridge.html#vote/6qttgr,"THAT the Corporate Officer be authorized to execute the Building Safer Communities Fund Contribution Agreement Amendment with a total value of $1,853,526.63; and further That staff be directed to amend the 2023-2027 Financial Plan to include Building Safer Communities Fund contributions of $662,384.06 in 2023; $662,384.06 in 2024; $378,505.18 in 2025. 11. 7 Proposed Resolutions for the 2023 UBCM Convention Staff report dated June 27, 2023, recommending that proposed resolutions be forwarded for consideration at the 2023 UBCM Convention."
2023-06-27,Regular Council,11.6,Building Safer Communities Fund - Contribution Agreement,Main motion,Carried,6,0,1,,,In favour,Absent,In favour,In favour,In favour,In favour,In favour,Transportation; Parks & recreation; Governance & elections,2 of 4,,,https://pub-mapleridge.escribemeetings.com/filestream.ashx?DocumentId=4012,https://pub-mapleridge.escribemeetings.com/Players/ISIStandAlonePlayer.aspx?Id=3b1bd1f2-04cc-4d77-a080-6c5531814043,https://councilrecord.ca/mapleridge.html#vote/z22tld,"That the Alternate Modes of Transportation resolution of the Council Workshop report titled ""UBCM Resolutions Review"" dated June 13, 2023 be withdrawn."
2023-06-27,Regular Council,11.6,Building Safer Communities Fund - Contribution Agreement,Main motion,Carried,4,2,1,,,Against,Absent,In favour,In favour,In favour,Against,In favour,Governance & elections,3 of 4,,,https://pub-mapleridge.escribemeetings.com/filestream.ashx?DocumentId=4012,https://pub-mapleridge.escribemeetings.com/Players/ISIStandAlonePlayer.aspx?Id=3b1bd1f2-04cc-4d77-a080-6c5531814043,https://councilrecord.ca/mapleridge.html#vote/mswu4y,"That the Diversion Court resolution of the report titled ""Proposed Resolutions for the 2023 UBCM Convention"" dated June 27, 2023 be forwarded for consideration at the 2023 UBCM Convention."
2023-06-27,Regular Council,11.6,Building Safer Communities Fund - Contribution Agreement,Amendment,Defeated,3,3,1,,,In favour,Absent,Against,Against,In favour,In favour,Against,Housing & density,4 of 4,Defeated on a tied vote.,,https://pub-mapleridge.escribemeetings.com/filestream.ashx?DocumentId=4012,https://pub-mapleridge.escribemeetings.com/Players/ISIStandAlonePlayer.aspx?Id=3b1bd1f2-04cc-4d77-a080-6c5531814043,https://councilrecord.ca/mapleridge.html#vote/berrl7,"That the Main Motion be amended to add the words ""and supportive housing. n"
2023-06-27,Regular Council,11.8,Proposed Premier and Cabinet Meetings During the 2023 UBCM Convention,Main motion,Carried,6,0,1,,,In favour,Absent,In favour,In favour,In favour,In favour,In favour,Public services; Governance & elections,,,,https://pub-mapleridge.escribemeetings.com/filestream.ashx?DocumentId=4012,https://pub-mapleridge.escribemeetings.com/Players/ISIStandAlonePlayer.aspx?Id=3b1bd1f2-04cc-4d77-a080-6c5531814043,https://councilrecord.ca/mapleridge.html#vote/l7uvds,That the Minister of Mental Health and Addictions and the Minister of Education be added to the list of meetings during the 2023 UBCM Convention. The vote was called on the Main Motion as amended and declared CARRIED.
2023-06-27,Regular Council,14.1,Maple Ridge Community Foundation Donation for Fire Victims,Main motion,Carried,6,0,1,,,In favour,Absent,In favour,In favour,In favour,In favour,In favour,Taxes & spending; Public services,,,,https://pub-mapleridge.escribemeetings.com/filestream.ashx?DocumentId=4012,https://pub-mapleridge.escribemeetings.com/Players/ISIStandAlonePlayer.aspx?Id=3b1bd1f2-04cc-4d77-a080-6c5531814043,https://councilrecord.ca/mapleridge.html#vote/6h7x5,"That a $2,000 contribution be made from the City's Community Grant Fund to the fire fund established with the Community Foundation, to assist residents displaced by the June 9, 2023 fire. Mayor and Council reported on various events and activities."
2023-07-11,Regular Council,4.1,Minutes,Main motion,Carried,7,0,0,,,In favour,In favour,In favour,In favour,In favour,In favour,In favour,Other,,,,https://pub-mapleridge.escribemeetings.com/filestream.ashx?DocumentId=4010,https://pub-mapleridge.escribemeetings.com/Players/ISIStandAlonePlayer.aspx?Id=3e9c84cb-58c3-462a-aee7-73bd77da19c7,https://councilrecord.ca/mapleridge.html#vote/o2i2xf,"That the following minutes be adopted as circulated: • Special Council (to Close)-June 6, 2023 • Special Council (to Close) - June 20, 2023 • Regular Council - June 27, 2023 • Special Council - July 4, 2023"
2023-07-11,Regular Council,9,BYLAWS,Main motion,Carried,7,0,0,,,In favour,In favour,In favour,In favour,In favour,In favour,In favour,Housing & density,,,,https://pub-mapleridge.escribemeetings.com/filestream.ashx?DocumentId=4010,https://pub-mapleridge.escribemeetings.com/Players/ISIStandAlonePlayer.aspx?Id=3e9c84cb-58c3-462a-aee7-73bd77da19c7,https://councilrecord.ca/mapleridge.html#vote/dqr0kb,"THAT Maple Ridge Zone Amending Bylaw No. 7609-2020 be adopted. 9.2 2021-061-RZ. 21783 Lougheed Highway, Housing Agreement Bylaw No. 7945-2023 Staff report dated July 11, 2023, recommending that Zone Amending Bylaw No. 7721- 2021, Off-Street Parking and Loading Amending Bylaw No. 7860-2022, 21783 Lougheed Highway Housing Agreement Bylaw No. 7945-2023, and Zone Amending Bylaw No. 7719-2021 be adopted."
2023-07-11,Regular Council,10,COMMITTEE REPORTS AND RECOMMENDATIONS,Main motion,Carried,7,0,0,,,In favour,In favour,In favour,In favour,In favour,In favour,In favour,Taxes & spending; Neighbourhood character; Governance & elections,,,,https://pub-mapleridge.escribemeetings.com/filestream.ashx?DocumentId=4010,https://pub-mapleridge.escribemeetings.com/Players/ISIStandAlonePlayer.aspx?Id=3e9c84cb-58c3-462a-aee7-73bd77da19c7,https://councilrecord.ca/mapleridge.html#vote/vf65my,"THAT Heritage Tax Exemption Bylaw No. 7949-2023 be given first and second reading and forwarded to Public Hearing. 10.6 2023-189-RZ, 23575 124 Avenue. Heritage Designation and Tax Exemption Staff report dated July 4, 2023, recommending that Heritage Tax Exemption Bylaw No. 7948-2023, to protect the property as heritage and to permit a ten-year tax exemption for the municipal portion of property taxes, be given first and second reading and forwarded to Public Hearing."
2023-07-11,Regular Council,10,COMMITTEE REPORTS AND RECOMMENDATIONS,Main motion,Carried,7,0,0,,,In favour,In favour,In favour,In favour,In favour,In favour,In favour,Development; Taxes & spending; Neighbourhood character; Governance & elections,,,,https://pub-mapleridge.escribemeetings.com/filestream.ashx?DocumentId=4010,https://pub-mapleridge.escribemeetings.com/Players/ISIStandAlonePlayer.aspx?Id=3e9c84cb-58c3-462a-aee7-73bd77da19c7,https://councilrecord.ca/mapleridge.html#vote/7dq00h,"THAT Heritage Designation and Tax Exemption Bylaw No. 7948-2023 be given first and second reading and forwarded to Public Hearing. 10. 7 2021-061-DP, 21783 Lougheed Highway. Development Permit Staff report dated July 4, 2023, recommending that the Corporate Officer be authorized to sign and seal Development Permit 2021-061-DP, to permit the construction of a six-storey mixed-use building with 121 rental dwelling units and 660.0 m 2 of commercial space, respecting the property located at 21783 Lougheed Highway."
2023-07-11,Regular Council,10,COMMITTEE REPORTS AND RECOMMENDATIONS,Main motion,Carried,6,1,0,,,In favour,In favour,In favour,In favour,Against,In favour,In favour,Governance & elections,,,,https://pub-mapleridge.escribemeetings.com/filestream.ashx?DocumentId=4010,https://pub-mapleridge.escribemeetings.com/Players/ISIStandAlonePlayer.aspx?Id=3e9c84cb-58c3-462a-aee7-73bd77da19c7,https://councilrecord.ca/mapleridge.html#vote/1xn2874,THAT the Corporate Officer be authorized to sign and seal 2023-173-VP respecting property located at 20426 Hampton Street.
2023-07-25,Regular Council,4.1,Minutes,Main motion,Carried,7,0,0,,,In favour,In favour,In favour,In favour,In favour,In favour,In favour,Other,,,,https://pub-mapleridge.escribemeetings.com/filestream.ashx?DocumentId=4008,https://pub-mapleridge.escribemeetings.com/Players/ISIStandAlonePlayer.aspx?Id=eb720921-1a8c-498c-bee6-c8bd069df095,https://councilrecord.ca/mapleridge.html#vote/1ytalv5,"That the following minutes be adopted as circulated: • Regular Council - July 11, 2023 • Special Council (to Close) - July 11, 2023 • Special Council (to Close) - July 18, 2023 • Report of Public Hearing - July 18, 2023"
2023-07-25,Regular Council,7,CONSENTAGENDA,Main motion,Carried,7,0,0,,,In favour,In favour,In favour,In favour,In favour,In favour,In favour,Other,,,,https://pub-mapleridge.escribemeetings.com/filestream.ashx?DocumentId=4008,https://pub-mapleridge.escribemeetings.com/Players/ISIStandAlonePlayer.aspx?Id=eb720921-1a8c-498c-bee6-c8bd069df095,https://councilrecord.ca/mapleridge.html#vote/1qrckhl,"THAT the following items contained in the July 25, 2023, Regular Council Consent Agenda be received into the record. 7.1 2023 Council Expenses Staff report dated July 25, 2023, listing Council expenses recorded to June 30, 2023."
2023-07-25,Regular Council,7.7,Economic Development Committee Minutes:,Referral,Carried,7,0,0,,,In favour,In favour,In favour,In favour,In favour,In favour,In favour,Business & economy; Governance & elections,,,,https://pub-mapleridge.escribemeetings.com/filestream.ashx?DocumentId=4008,https://pub-mapleridge.escribemeetings.com/Players/ISIStandAlonePlayer.aspx?Id=eb720921-1a8c-498c-bee6-c8bd069df095,https://councilrecord.ca/mapleridge.html#vote/mfjqo,"THAT the following item contained in the July 25, 2023, Regular Council Consent Agenda be referred back to staff for preparation of a report dealing with advertising, to be reviewed at a subsequent Council meeting."
2023-07-25,Regular Council,9.1,"THIRD READING AND ADOPTION: 2023-059-RZ, 28304 96 Avenue, RS-3 and P-4 to RS-3",Main motion,Carried,7,0,0,,,In favour,In favour,In favour,In favour,In favour,In favour,In favour,Housing & density,1 of 2,,,https://pub-mapleridge.escribemeetings.com/filestream.ashx?DocumentId=4008,https://pub-mapleridge.escribemeetings.com/Players/ISIStandAlonePlayer.aspx?Id=eb720921-1a8c-498c-bee6-c8bd069df095,https://councilrecord.ca/mapleridge.html#vote/19zpd9e,THAT Zone Amending Bylaw No. 7925-2023 be given third reading.
2023-07-25,Regular Council,9.1,"THIRD READING AND ADOPTION: 2023-059-RZ, 28304 96 Avenue, RS-3 and P-4 to RS-3",Main motion,Carried,7,0,0,,,In favour,In favour,In favour,In favour,In favour,In favour,In favour,Housing & density,2 of 2,,,https://pub-mapleridge.escribemeetings.com/filestream.ashx?DocumentId=4008,https://pub-mapleridge.escribemeetings.com/Players/ISIStandAlonePlayer.aspx?Id=eb720921-1a8c-498c-bee6-c8bd069df095,https://councilrecord.ca/mapleridge.html#vote/198687o,THAT Zone Amending Bylaw No. 7925-2023 be adopted.
2023-07-25,Regular Council,9.2,"THIRD READING: 2017-002-RZ, 24487 112 Avenue",Main motion,Carried,7,0,0,,,In favour,In favour,In favour,In favour,In favour,In favour,In favour,Housing & density; Development,1 of 2,,,https://pub-mapleridge.escribemeetings.com/filestream.ashx?DocumentId=4008,https://pub-mapleridge.escribemeetings.com/Players/ISIStandAlonePlayer.aspx?Id=eb720921-1a8c-498c-bee6-c8bd069df095,https://councilrecord.ca/mapleridge.html#vote/4m3ze0,THAT Official Community Plan Amending Bylaw No. 7944-2023 be given third reading.
2023-07-25,Regular Council,9.2,"THIRD READING: 2017-002-RZ, 24487 112 Avenue",Main motion,Carried,7,0,0,,,In favour,In favour,In favour,In favour,In favour,In favour,In favour,Other,2 of 2,,,https://pub-mapleridge.escribemeetings.com/filestream.ashx?DocumentId=4008,https://pub-mapleridge.escribemeetings.com/Players/ISIStandAlonePlayer.aspx?Id=eb720921-1a8c-498c-bee6-c8bd069df095,https://councilrecord.ca/mapleridge.html#vote/9nu4rj,THAT Zone Amending Bylaw No. 7943-2023 be given third reading.
2023-07-25,Regular Council,9.3,"THIRD READING: 2020-369-RZ, 124 78 223 Street, RS-3 to RS-1b",Main motion,Carried,7,0,0,,,In favour,In favour,In favour,In favour,In favour,In favour,In favour,Housing & density,,,,https://pub-mapleridge.escribemeetings.com/filestream.ashx?DocumentId=4008,https://pub-mapleridge.escribemeetings.com/Players/ISIStandAlonePlayer.aspx?Id=eb720921-1a8c-498c-bee6-c8bd069df095,https://councilrecord.ca/mapleridge.html#vote/1yqubve,THAT Zone Amending Bylaw No. 7684-2020 be given third reading.
2023-07-25,Regular Council,9.4,"THIRD READING: 2021-411-RZ, 12392 Gray Street, RS-1 to R-1",Main motion,Carried,7,0,0,,,In favour,In favour,In favour,In favour,In favour,In favour,In favour,Housing & density,,,,https://pub-mapleridge.escribemeetings.com/filestream.ashx?DocumentId=4008,https://pub-mapleridge.escribemeetings.com/Players/ISIStandAlonePlayer.aspx?Id=eb720921-1a8c-498c-bee6-c8bd069df095,https://councilrecord.ca/mapleridge.html#vote/l73h0y,THAT Zone Amending Bylaw No. 7845-2022 be given third reading.
2023-07-25,Regular Council,9.5,"THIRD READING: 2020-237-RZ, 11070 Lockwood Street, 24984. 25024 and 25038",Main motion,Carried,7,0,0,,,In favour,In favour,In favour,In favour,In favour,In favour,In favour,Housing & density; Development,1 of 2,,,https://pub-mapleridge.escribemeetings.com/filestream.ashx?DocumentId=4008,https://pub-mapleridge.escribemeetings.com/Players/ISIStandAlonePlayer.aspx?Id=eb720921-1a8c-498c-bee6-c8bd069df095,https://councilrecord.ca/mapleridge.html#vote/1212qtr,THAT Official Community Plan Amending Bylaw No. 7942-2023 be given third reading.
2023-07-25,Regular Council,9.5,"THIRD READING: 2020-237-RZ, 11070 Lockwood Street, 24984. 25024 and 25038",Main motion,Carried,7,0,0,,,In favour,In favour,In favour,In favour,In favour,In favour,In favour,Other,2 of 2,,,https://pub-mapleridge.escribemeetings.com/filestream.ashx?DocumentId=4008,https://pub-mapleridge.escribemeetings.com/Players/ISIStandAlonePlayer.aspx?Id=eb720921-1a8c-498c-bee6-c8bd069df095,https://councilrecord.ca/mapleridge.html#vote/1uaudcd,THAT Zone Amending Bylaw No. 7844-2022 be given third reading
2023-07-25,Regular Council,10,COMMITTEE REPORTS AND RECOMMENDATIONS,Main motion,Carried,7,0,0,,,In favour,In favour,In favour,In favour,In favour,In favour,In favour,Development; Business & economy; Governance & elections,,,,https://pub-mapleridge.escribemeetings.com/filestream.ashx?DocumentId=4008,https://pub-mapleridge.escribemeetings.com/Players/ISIStandAlonePlayer.aspx?Id=eb720921-1a8c-498c-bee6-c8bd069df095,https://councilrecord.ca/mapleridge.html#vote/1rowtxr,"THAT the application for a Soil Deposit Permit (Soil Use Permit) under Section 20 (3) of the Agricultural Land Commission Act for the property at 117 42 260 Street be approved and be forwarded to the Agricultural Land Commission for their review. 10.2 2022-140-SP, 27102 106 Avenue, Soil Deposit Permit Application Staff report dated July 18, 2023, recommending that the application for a Soil Deposit Permit for the property at 27102 106 Avenue be denied and not be forwarded to the Agricultural Land Commission."
2023-07-25,Regular Council,10,COMMITTEE REPORTS AND RECOMMENDATIONS,Main motion,Carried,6,1,0,,,In favour,In favour,In favour,In favour,In favour,In favour,Against,Development; Business & economy; Governance & elections,,,,https://pub-mapleridge.escribemeetings.com/filestream.ashx?DocumentId=4008,https://pub-mapleridge.escribemeetings.com/Players/ISIStandAlonePlayer.aspx?Id=eb720921-1a8c-498c-bee6-c8bd069df095,https://councilrecord.ca/mapleridge.html#vote/1rk0wnc,THAT the application for a Soil Deposit Permit under Section 20 (3) of the Agricultural Land Commission Act for the property at 27102 106 Avenue be denied and not be forwarded to the Agricultural Land Commission.
2023-07-25,Regular Council,2,That the Corporate Officer be authorized to sign and seal 2020-421-DVP respecting the property located at 12026 Dunbar Street and 22137 Dewdney,Main motion,Carried,7,0,0,,,In favour,In favour,In favour,In favour,In favour,In favour,In favour,Public services; Governance & elections,1 of 2,,,https://pub-mapleridge.escribemeetings.com/filestream.ashx?DocumentId=4008,https://pub-mapleridge.escribemeetings.com/Players/ISIStandAlonePlayer.aspx?Id=eb720921-1a8c-498c-bee6-c8bd069df095,https://councilrecord.ca/mapleridge.html#vote/wr4aj9,"That the request to provide a sanitary sewer service connection to 14500 Silver Valley Road be supported and forwarded to the Greater Vancouver Sewerage and Drainage District Board for consideration and approval. 10.11 21903 128 Avenue. Request for Sanitary Sewer Service Connection Outside the Urban Containment Boundary Staff report dated July 18, 2023, recommending that the request to provide sanitary service connection to 21903 128 Avenue be supported and forwarded to the Greater Vancouver Sewerage and Drainage District Board for consideration and approval. Document:3455106 July 25, 2023"
2023-07-25,Regular Council,2,That the Corporate Officer be authorized to sign and seal 2020-421-DVP respecting the property located at 12026 Dunbar Street and 22137 Dewdney,Main motion,Carried,7,0,0,,,In favour,In favour,In favour,In favour,In favour,In favour,In favour,Public services; Governance & elections,2 of 2,,,https://pub-mapleridge.escribemeetings.com/filestream.ashx?DocumentId=4008,https://pub-mapleridge.escribemeetings.com/Players/ISIStandAlonePlayer.aspx?Id=eb720921-1a8c-498c-bee6-c8bd069df095,https://councilrecord.ca/mapleridge.html#vote/10jwhz7,That the request to provide a sanitary sewer service connection to 21903 128 Avenue be supported and forwarded to the Greater Vancouver Sewerage and Drainage District Board for consideration and approval.
2023-07-25,Regular Council,11.1,Maple Ridge Development Procedures Amending Bylaw No. 7931-2023 and Approval of the Amended Development Information Meeting Policy No. 6.20,Main motion,Carried,7,0,0,,,In favour,In favour,In favour,In favour,In favour,In favour,In favour,Development; Governance & elections,1 of 3,,,https://pub-mapleridge.escribemeetings.com/filestream.ashx?DocumentId=4008,https://pub-mapleridge.escribemeetings.com/Players/ISIStandAlonePlayer.aspx?Id=eb720921-1a8c-498c-bee6-c8bd069df095,https://councilrecord.ca/mapleridge.html#vote/1far38e,THAT the Maple Ridge Development Procedures Amending Bylaw No. 7931-2023 be adopted.
2023-07-25,Regular Council,11.1,Maple Ridge Development Procedures Amending Bylaw No. 7931-2023 and Approval of the Amended Development Information Meeting Policy No. 6.20,Main motion,Carried,7,0,0,,,In favour,In favour,In favour,In favour,In favour,In favour,In favour,Development; Governance & elections,2 of 3,,,https://pub-mapleridge.escribemeetings.com/filestream.ashx?DocumentId=4008,https://pub-mapleridge.escribemeetings.com/Players/ISIStandAlonePlayer.aspx?Id=eb720921-1a8c-498c-bee6-c8bd069df095,https://councilrecord.ca/mapleridge.html#vote/bwfgc1,"THAT the Development Information Meeting Policy No. 6.20, as amended, be approved. Document:3455106 July 25, 2023 11.2 2023 Council Meeting Calendar Update Staff report dated July 25, 2023, recommending that the 2023 Council Meeting Scheduled be amended to include a Committee of the Whole meeting on September 12, 2023."
2023-07-25,Regular Council,11.1,Maple Ridge Development Procedures Amending Bylaw No. 7931-2023 and Approval of the Amended Development Information Meeting Policy No. 6.20,Main motion,Carried,7,0,0,,,In favour,In favour,In favour,In favour,In favour,In favour,In favour,Development; Governance & elections,3 of 3,,,https://pub-mapleridge.escribemeetings.com/filestream.ashx?DocumentId=4008,https://pub-mapleridge.escribemeetings.com/Players/ISIStandAlonePlayer.aspx?Id=eb720921-1a8c-498c-bee6-c8bd069df095,https://councilrecord.ca/mapleridge.html#vote/u466v0,That the 2023 Amended Council Meeting Schedule be approved as circulated.
2023-07-25,Regular Council,11.3,Remedial Actions against Landowner of 134 73 224 Street,Main motion,Carried,7,0,0,,,In favour,In favour,In favour,In favour,In favour,In favour,In favour,Other,,,,https://pub-mapleridge.escribemeetings.com/filestream.ashx?DocumentId=4008,https://pub-mapleridge.escribemeetings.com/Players/ISIStandAlonePlayer.aspx?Id=eb720921-1a8c-498c-bee6-c8bd069df095,https://councilrecord.ca/mapleridge.html#vote/uh959h,"THAT Council hereby declares the pile of fill deposited from time to time since June 2021 to the present (the ""Fill"") on the property located at 134 73 224th St., and legally described as Lot: 3,Section: 30, Township: 12, Plan: NWP6688 (the ""Property"") a hazardous matter or thing as an erection of any kind under s. 73(1)(a) of the Community Charter, and that it creates an unsafe condition; and That Council hereby declares the Fill on the Property a nuisance as an erection of any kind under s. 73(1)(a) of the Community Charter, and, or in the alternative, as a matter or thing that is in or about a drain, ditch, watercourse, pursuant to s. 7 4(1)(d) and (c) of the Community Charter. Council therefore resolves that within thirty (30) days of receiving a copy of this resolution, the Owner of the Property is required to perform the following Remedial Action requirements:"
2023-07-25,Regular Council,3,The Owner must follow all Work Safe BC Hazardous Materials requirements for the safe removal of any and all hazardous materials on the Property.,Main motion,Carried,7,0,0,,,In favour,In favour,In favour,In favour,In favour,In favour,In favour,Taxes & spending; Environment & climate; Business & economy,,,,https://pub-mapleridge.escribemeetings.com/filestream.ashx?DocumentId=4008,https://pub-mapleridge.escribemeetings.com/Players/ISIStandAlonePlayer.aspx?Id=eb720921-1a8c-498c-bee6-c8bd069df095,https://councilrecord.ca/mapleridge.html#vote/1ptfgvl,"THAT Council endorse the grant application to the Union of British Columbia Municipalities• 2023 Poverty Reduction Planning & Action Program Stream 2, for a $50,000 grant towards the •community Garden(s) From Soil to Table and More •"
2023-09-05,Regular Council,3.1,Approval of the Agenda,Main motion,Carried,7,0,0,,,In favour,In favour,In favour,In favour,In favour,In favour,In favour,Other,,,,https://pub-mapleridge.escribemeetings.com/filestream.ashx?DocumentId=4007,https://pub-mapleridge.escribemeetings.com/Players/ISIStandAlonePlayer.aspx?Id=c83b9913-d999-474c-99bf-80da1ee1f2e2,https://councilrecord.ca/mapleridge.html#vote/16kp11c,"That the agenda for the September 5, 2023, Regular Council meeting be approved."
2023-09-05,Regular Council,4.1,Minutes,Main motion,Carried,7,0,0,,,In favour,In favour,In favour,In favour,In favour,In favour,In favour,Other,,,,https://pub-mapleridge.escribemeetings.com/filestream.ashx?DocumentId=4007,https://pub-mapleridge.escribemeetings.com/Players/ISIStandAlonePlayer.aspx?Id=c83b9913-d999-474c-99bf-80da1ee1f2e2,https://councilrecord.ca/mapleridge.html#vote/19nijcj,"That the following minutes be adopted as circulated: D ocu me nt: 3 49369 3 September 5, 2023 • Special Council (to Close) - July 25, 2023 • Regular Council - July 25, 2023"
2023-09-05,Regular Council,9,BYLAWS,Main motion,Carried,7,0,0,,,In favour,In favour,In favour,In favour,In favour,In favour,In favour,Housing & density; Development,,,,https://pub-mapleridge.escribemeetings.com/filestream.ashx?DocumentId=4007,https://pub-mapleridge.escribemeetings.com/Players/ISIStandAlonePlayer.aspx?Id=c83b9913-d999-474c-99bf-80da1ee1f2e2,https://councilrecord.ca/mapleridge.html#vote/ygqu2i,THAT Official Community Plan Amending Bylaw No. 7156-2015 be adopted.
2023-09-05,Regular Council,9,BYLAWS,Main motion,Carried,7,0,0,,,In favour,In favour,In favour,In favour,In favour,In favour,In favour,Housing & density; Development,,,,https://pub-mapleridge.escribemeetings.com/filestream.ashx?DocumentId=4007,https://pub-mapleridge.escribemeetings.com/Players/ISIStandAlonePlayer.aspx?Id=c83b9913-d999-474c-99bf-80da1ee1f2e2,https://councilrecord.ca/mapleridge.html#vote/15o055l,"THAT Zone Amending Bylaw No. 7157-2015 be adopted. 9.2 2019-331-RZ, 25597 130 Avenue, RS-3 to RS-2 Staff report dated September 5, 2023, recommending adoption. Zone Amending Bylaw No. 7586-2019 To rezone from RS-3 (Single Detached Rural Residential) to RS-2 (Single Detached Suburban Residential)."
2023-09-05,Regular Council,9,BYLAWS,Main motion,Carried,7,0,0,,,In favour,In favour,In favour,In favour,In favour,In favour,In favour,Other,,,,https://pub-mapleridge.escribemeetings.com/filestream.ashx?DocumentId=4007,https://pub-mapleridge.escribemeetings.com/Players/ISIStandAlonePlayer.aspx?Id=c83b9913-d999-474c-99bf-80da1ee1f2e2,https://councilrecord.ca/mapleridge.html#vote/1k48f7u,THAT Zone Amending Bylaw No. 7586-2019 be adopted.
2023-09-05,Regular Council,10,COMMITTEE REPORTS AND RECOMMENDATIONS,Main motion,Defeated,3,4,0,,,Against,Against,Against,Against,In favour,In favour,In favour,Housing & density; Development; Governance & elections,,,,https://pub-mapleridge.escribemeetings.com/filestream.ashx?DocumentId=4007,https://pub-mapleridge.escribemeetings.com/Players/ISIStandAlonePlayer.aspx?Id=c83b9913-d999-474c-99bf-80da1ee1f2e2,https://councilrecord.ca/mapleridge.html#vote/1w4204i,THAT Maple Ridge Minor Development Variance Permit Delegation Bylaw No. 7952- 2023 be amended to include the RS-1 zone.
2023-09-05,Regular Council,10,COMMITTEE REPORTS AND RECOMMENDATIONS,Referral,Defeated,0,0,0,,,No recorded vote,No recorded vote,No recorded vote,No recorded vote,No recorded vote,No recorded vote,No recorded vote,Development; Transportation; Governance & elections,,"The minutes record this motion as defeated without naming who voted against it, so individual votes are not shown.",,https://pub-mapleridge.escribemeetings.com/filestream.ashx?DocumentId=4007,https://pub-mapleridge.escribemeetings.com/Players/ISIStandAlonePlayer.aspx?Id=c83b9913-d999-474c-99bf-80da1ee1f2e2,https://councilrecord.ca/mapleridge.html#vote/toafwt,"THAT Item 10.1 be referred back to staff for further review and revisions to the draft Bylaw to provide for a more assertive approach and increase the Zoning Bylaw setbacks up to 25% for height and parking to be delegated to staff. Document:3493693 September 5, 2023 with Mayor Ruimy and Councillors Carreras, Dozie, Dueck, Schiller and Yousef"
2023-09-05,Regular Council,10,COMMITTEE REPORTS AND RECOMMENDATIONS,Main motion,Carried,7,0,0,,,In favour,In favour,In favour,In favour,In favour,In favour,In favour,Governance & elections,,,,https://pub-mapleridge.escribemeetings.com/filestream.ashx?DocumentId=4007,https://pub-mapleridge.escribemeetings.com/Players/ISIStandAlonePlayer.aspx?Id=c83b9913-d999-474c-99bf-80da1ee1f2e2,https://councilrecord.ca/mapleridge.html#vote/n4f5z2,"THAT the Zone Amending Bylaw No. 7866-2022, to permit the total gross floor area of the Detached Garden Suites to be a maximum of 140m 2 or 15% of the lot area, whichever is less, be given first and second reading and forwarded to Public Hearing. 10.3 2023-185-AL. 22761132 Avenue. Non-Adhering Residential Use in the Agricultural Land Reserve That staff report dated September 5, 2023, recommending that Application 2023- 185-AL, to allow the construction of a new residence while maintaining two existing residences for the period of construction, respecting property located at 22761132 Avenue be forwarded to the Agricultural Land Commission for their review and consideration."
2023-09-05,Regular Council,10,COMMITTEE REPORTS AND RECOMMENDATIONS,Main motion,Carried,7,0,0,,,In favour,In favour,In favour,In favour,In favour,In favour,In favour,Housing & density; Development; Business & economy; Governance & elections,,,,https://pub-mapleridge.escribemeetings.com/filestream.ashx?DocumentId=4007,https://pub-mapleridge.escribemeetings.com/Players/ISIStandAlonePlayer.aspx?Id=c83b9913-d999-474c-99bf-80da1ee1f2e2,https://councilrecord.ca/mapleridge.html#vote/1e8wafw,"THAT Application 2023-185-AL, respecting property located at 22761132 Avenue be forwarded to the Agricultural Land Commission for their review and consideration. 10.4 2023-183-RZ. 12129 Edge Street. RS-1 to RM-2 Staff report dated September 5, 2023, recommending that Zone Amending Bylaw No. 7957-2023, to rezone from RS-1 (Single Detached Residential) to RM-2 (Medium Density Apartment Residential) to permit the future construction of a six-storey rental apartment building, be given first reading and that the applicant submit a complete application, including further information as set out in the report. Councillor Yousef left the meeting at 7:42 pm. Councillor Carreras left the meeting at 7:43 pm."
2023-09-05,Regular Council,3,"That the applicant submit a complete application, including detailed information and technical reports, for the rezoning, Official Community Plan amendment, and",Main motion,Carried,7,0,0,,,In favour,In favour,In favour,In favour,In favour,In favour,In favour,Housing & density; Development,1 of 2,,,https://pub-mapleridge.escribemeetings.com/filestream.ashx?DocumentId=4007,https://pub-mapleridge.escribemeetings.com/Players/ISIStandAlonePlayer.aspx?Id=c83b9913-d999-474c-99bf-80da1ee1f2e2,https://councilrecord.ca/mapleridge.html#vote/huc2sf,"THAT Zone Amending Bylaw No. 7958-2023 be given first reading; and further THAT the application submit a complete application, including detailed information and technical reports, for the rezoning and subdivision applications."
2023-09-05,Regular Council,3,"That the applicant submit a complete application, including detailed information and technical reports, for the rezoning, Official Community Plan amendment, and",Main motion,Carried,7,0,0,,,In favour,In favour,In favour,In favour,In favour,In favour,In favour,Housing & density; Development,2 of 2,,,https://pub-mapleridge.escribemeetings.com/filestream.ashx?DocumentId=4007,https://pub-mapleridge.escribemeetings.com/Players/ISIStandAlonePlayer.aspx?Id=c83b9913-d999-474c-99bf-80da1ee1f2e2,https://councilrecord.ca/mapleridge.html#vote/8zcuhd,"Document:3493693 September 5, 2023"
2023-09-05,Regular Council,2,That the following terms and conditions be met prior to final reading: i. Registration of a Rezoning Servicing Agreement as a Restrictive Covenant and,Main motion,Carried,7,0,0,,,In favour,In favour,In favour,In favour,In favour,In favour,In favour,Development,1 of 2,,,https://pub-mapleridge.escribemeetings.com/filestream.ashx?DocumentId=4007,https://pub-mapleridge.escribemeetings.com/Players/ISIStandAlonePlayer.aspx?Id=c83b9913-d999-474c-99bf-80da1ee1f2e2,https://councilrecord.ca/mapleridge.html#vote/1s6numn,"THAT the Corporate Officer be authorized to sign and seal 2023-174-VP respecting property located at 20451 Hampton Street. 10.10 2023-220-VP. 20438 Hampton Street. Development Variance Permit Staff report dated September 5, 2023, recommending that the Corporate Officer be authorized to sign and seal 2023-220-VP, to increase the maximum building height for the principal building, respecting property located at 20438 Hampton Street. Document:3493693 September 5, 2023"
2023-09-05,Regular Council,2,That the following terms and conditions be met prior to final reading: i. Registration of a Rezoning Servicing Agreement as a Restrictive Covenant and,Main motion,Carried,7,0,0,,,In favour,In favour,In favour,In favour,In favour,In favour,In favour,Development,2 of 2,,,https://pub-mapleridge.escribemeetings.com/filestream.ashx?DocumentId=4007,https://pub-mapleridge.escribemeetings.com/Players/ISIStandAlonePlayer.aspx?Id=c83b9913-d999-474c-99bf-80da1ee1f2e2,https://councilrecord.ca/mapleridge.html#vote/5mmaqc,THAT the Corporate Office be authorized to sign and seal 2023-220-VP respecting property located at 20438 Hampton Street.
2023-09-05,Regular Council,10.11,Extension of Tax Sale Redemption Period,Main motion,Carried,7,0,0,,,In favour,In favour,In favour,In favour,In favour,In favour,In favour,Taxes & spending,,,,https://pub-mapleridge.escribemeetings.com/filestream.ashx?DocumentId=4007,https://pub-mapleridge.escribemeetings.com/Players/ISIStandAlonePlayer.aspx?Id=c83b9913-d999-474c-99bf-80da1ee1f2e2,https://councilrecord.ca/mapleridge.html#vote/1kj3q4g,"THAT Extension of Tax Sale Redemption Period Bylaw No. 7965-2023 be given first, second and third readings"
2023-09-26,Regular Council,3.1,Approval of the Agenda,Main motion,Carried,7,0,0,,,In favour,In favour,In favour,In favour,In favour,In favour,In favour,Other,,,,https://pub-mapleridge.escribemeetings.com/filestream.ashx?DocumentId=4005,https://pub-mapleridge.escribemeetings.com/Players/ISIStandAlonePlayer.aspx?Id=02404ae6-2317-4b65-8596-9336fe242e83,https://councilrecord.ca/mapleridge.html#vote/16wasrx,"Document: 3511526 September 26, 2023 THAT the agenda for the September 26, 2023, Regular Council meeting be approved."
2023-09-26,Regular Council,7.5,Development Agreements Committee Minutes,Main motion,Carried,7,0,0,,,In favour,In favour,In favour,In favour,In favour,In favour,In favour,Governance & elections,,,,https://pub-mapleridge.escribemeetings.com/filestream.ashx?DocumentId=4005,https://pub-mapleridge.escribemeetings.com/Players/ISIStandAlonePlayer.aspx?Id=02404ae6-2317-4b65-8596-9336fe242e83,https://councilrecord.ca/mapleridge.html#vote/5m35yu,"Document:3511526 September 26, 2023 THAT Item 7.4 contained in the September 26, 2023, Regular Council Consent Agenda be received into the record."
2023-09-26,Regular Council,9,BYLAWS,Main motion,Carried,7,0,0,,,In favour,In favour,In favour,In favour,In favour,In favour,In favour,Taxes & spending; Neighbourhood character,,,,https://pub-mapleridge.escribemeetings.com/filestream.ashx?DocumentId=4005,https://pub-mapleridge.escribemeetings.com/Players/ISIStandAlonePlayer.aspx?Id=02404ae6-2317-4b65-8596-9336fe242e83,https://councilrecord.ca/mapleridge.html#vote/muiz9d,THAT Heritage Tax Exemption Bylaw No. 7949-2023 be given third reading. 9.2 2023-189-RZ. 23575 124 Avenue. Heritage Designation and Tax Exemption Heritage Tax Exemption Bylaw No. 7948-2023
2023-09-26,Regular Council,9,BYLAWS,Main motion,Carried,7,0,0,,,In favour,In favour,In favour,In favour,In favour,In favour,In favour,Housing & density; Taxes & spending; Neighbourhood character,,,,https://pub-mapleridge.escribemeetings.com/filestream.ashx?DocumentId=4005,https://pub-mapleridge.escribemeetings.com/Players/ISIStandAlonePlayer.aspx?Id=02404ae6-2317-4b65-8596-9336fe242e83,https://councilrecord.ca/mapleridge.html#vote/1d298q7,THAT Heritage Tax Exemption Bylaw No. 7948-2023 be given third reading. 9.3 2021-055-RZ. 25443 Bosonworth Avenue. RS-3 to RS-2 Maple Ridge Zone Amending Bylaw No. 7804-2021
2023-09-26,Regular Council,9,BYLAWS,Main motion,Carried,7,0,0,,,In favour,In favour,In favour,In favour,In favour,In favour,In favour,Housing & density,,,,https://pub-mapleridge.escribemeetings.com/filestream.ashx?DocumentId=4005,https://pub-mapleridge.escribemeetings.com/Players/ISIStandAlonePlayer.aspx?Id=02404ae6-2317-4b65-8596-9336fe242e83,https://councilrecord.ca/mapleridge.html#vote/sgxnr1,THAT Maple Ridge Zone Amending Bylaw No. 7804-2021 be given third reading. 9.4 2017-432-RZ. 20234 Lorne Avenue. RS-1 to RT-2 Maple Ridge Zone Amending Bylaw No. 7518-2018
2023-09-26,Regular Council,9,BYLAWS,Main motion,Carried,7,0,0,,,In favour,In favour,In favour,In favour,In favour,In favour,In favour,Housing & density,,,,https://pub-mapleridge.escribemeetings.com/filestream.ashx?DocumentId=4005,https://pub-mapleridge.escribemeetings.com/Players/ISIStandAlonePlayer.aspx?Id=02404ae6-2317-4b65-8596-9336fe242e83,https://councilrecord.ca/mapleridge.html#vote/8yxt1,THAT Maple Ridge Zone Amending Bylaw No. 7518-2018 be given third reading. 9.5 2021-341-RZ. 22108. 22118. 22126. 22136. 22146. 22154 and 22164 Lougheed Highway. RS-1 to RM-2 Maple Ridge Zone Amending Bylaw No. 7780-2021
2023-09-26,Regular Council,9,BYLAWS,Main motion,Carried,7,0,0,,,In favour,In favour,In favour,In favour,In favour,In favour,In favour,Development; Governance & elections,,,,https://pub-mapleridge.escribemeetings.com/filestream.ashx?DocumentId=4005,https://pub-mapleridge.escribemeetings.com/Players/ISIStandAlonePlayer.aspx?Id=02404ae6-2317-4b65-8596-9336fe242e83,https://councilrecord.ca/mapleridge.html#vote/1bbisw4,"THAT Maple Ridge Zone Amending Bylaw No. 7780-2021 be given third reading. 9.6 2023-216-RZ. Delegation Bylaw for Minor Development Variance Permits Document:3511526 September 26, 2023 Development Variance Permit Delegation Bylaw No. 7952-2023"
2023-09-26,Regular Council,9,BYLAWS,Main motion,Carried,7,0,0,,,In favour,In favour,In favour,In favour,In favour,In favour,In favour,Development; Taxes & spending; Governance & elections,,,,https://pub-mapleridge.escribemeetings.com/filestream.ashx?DocumentId=4005,https://pub-mapleridge.escribemeetings.com/Players/ISIStandAlonePlayer.aspx?Id=02404ae6-2317-4b65-8596-9336fe242e83,https://councilrecord.ca/mapleridge.html#vote/1n7sz3,THAT Maple Ridge Minor Development Variance Permit Delegation Bylaw No. 7952- 2023 be given third reading. 9. 7 Extension of Tax Sale Redemption Period Extension of Tax Sale Redemption Bylaw No. 7965-2023
2023-09-26,Regular Council,9,BYLAWS,Main motion,Carried,7,0,0,,,In favour,In favour,In favour,In favour,In favour,In favour,In favour,Housing & density; Taxes & spending,,,,https://pub-mapleridge.escribemeetings.com/filestream.ashx?DocumentId=4005,https://pub-mapleridge.escribemeetings.com/Players/ISIStandAlonePlayer.aspx?Id=02404ae6-2317-4b65-8596-9336fe242e83,https://councilrecord.ca/mapleridge.html#vote/1bg1qwi,THAT Extension of Tax Sale Redemption Period Bylaw No. 7965-2023 be adopted. 9.8 2020-411-RZ. 21429 121 Avenue. RS-1 to R-1 Maple Ridge Zone Amending Bylaw No. 7689-2020
2023-09-26,Regular Council,9,BYLAWS,Main motion,Carried,7,0,0,,,In favour,In favour,In favour,In favour,In favour,In favour,In favour,Other,,,,https://pub-mapleridge.escribemeetings.com/filestream.ashx?DocumentId=4005,https://pub-mapleridge.escribemeetings.com/Players/ISIStandAlonePlayer.aspx?Id=02404ae6-2317-4b65-8596-9336fe242e83,https://councilrecord.ca/mapleridge.html#vote/10zw2i9,THAT Maple Ridge Zone Amending Bylaw No. 7689-2020 be given adoption.
2023-09-26,Regular Council,2,That the following terms and conditions be met prior to final reading: (i) Registration of a Rezoning Servicing Agreement as a Restrictive Covenant,Main motion,Carried,7,0,0,,,In favour,In favour,In favour,In favour,In favour,In favour,In favour,Development,,,,https://pub-mapleridge.escribemeetings.com/filestream.ashx?DocumentId=4005,https://pub-mapleridge.escribemeetings.com/Players/ISIStandAlonePlayer.aspx?Id=02404ae6-2317-4b65-8596-9336fe242e83,https://councilrecord.ca/mapleridge.html#vote/qgy8e5,"That the Corporate Officer be authorized to sign and seal the Development Variance Permit 2023- 059-VP, respecting the property located at 28304 96 Avenue."
2023-09-26,Regular Council,10.4,Strategic Transportation Plan Endorsement,Main motion,Carried,7,0,0,,,In favour,In favour,In favour,In favour,In favour,In favour,In favour,Taxes & spending; Transportation; Parks & recreation,1 of 2,,,https://pub-mapleridge.escribemeetings.com/filestream.ashx?DocumentId=4005,https://pub-mapleridge.escribemeetings.com/Players/ISIStandAlonePlayer.aspx?Id=02404ae6-2317-4b65-8596-9336fe242e83,https://councilrecord.ca/mapleridge.html#vote/17ljamc,"THAT the Strategic Transportation Plan, prepared by Urban Systems Ltd., be endorsed in principle. 10.5 05-1970-04. 2024-2027 Permissive Tax Exemption Staff report dated September 12, 2023, recommending that properties listed in Bylaw No. 7961-2023 are recommend for property tax exemption for the 2024-2027 taxation years. Document:3511526 September 26, 2023"
2023-09-26,Regular Council,10.4,Strategic Transportation Plan Endorsement,Main motion,Carried,7,0,0,,,In favour,In favour,In favour,In favour,In favour,In favour,In favour,Taxes & spending; Transportation; Parks & recreation,2 of 2,,,https://pub-mapleridge.escribemeetings.com/filestream.ashx?DocumentId=4005,https://pub-mapleridge.escribemeetings.com/Players/ISIStandAlonePlayer.aspx?Id=02404ae6-2317-4b65-8596-9336fe242e83,https://councilrecord.ca/mapleridge.html#vote/1mfjf8g,"THAT Maple Ridge Tax Exemption Bylaw No. 7961-2023 be given first, second and third readings."
2023-09-26,Regular Council,10.6,Maple Ridge Freedom of Information and Protection of Privacy Bylaw,Main motion,Carried,7,0,0,,,In favour,In favour,In favour,In favour,In favour,In favour,In favour,Other,,,,https://pub-mapleridge.escribemeetings.com/filestream.ashx?DocumentId=4005,https://pub-mapleridge.escribemeetings.com/Players/ISIStandAlonePlayer.aspx?Id=02404ae6-2317-4b65-8596-9336fe242e83,https://councilrecord.ca/mapleridge.html#vote/e67qfw,"THAT Maple Ridge Freedom of Information and Protection of Privacy Amending Bylaw No. 7959-2023 be given first, second, and third readings."
2023-09-26,Regular Council,10.7,Policy Governance Framework - Policy No. 3.09,Main motion,Carried,7,0,0,,,In favour,In favour,In favour,In favour,In favour,In favour,In favour,Governance & elections,,,,https://pub-mapleridge.escribemeetings.com/filestream.ashx?DocumentId=4005,https://pub-mapleridge.escribemeetings.com/Players/ISIStandAlonePlayer.aspx?Id=02404ae6-2317-4b65-8596-9336fe242e83,https://councilrecord.ca/mapleridge.html#vote/1q0j6c5,"THAT the new Policy Governance Framework No. 3.09, as amended, be adopted to replace the current Policy Development and Maintenance Policy No. 3.09 in its entirety."
2023-09-26,Regular Council,11,STAFF REPORTS,Main motion,Carried,7,0,0,,,In favour,In favour,In favour,In favour,In favour,In favour,In favour,Other,,,,https://pub-mapleridge.escribemeetings.com/filestream.ashx?DocumentId=4005,https://pub-mapleridge.escribemeetings.com/Players/ISIStandAlonePlayer.aspx?Id=02404ae6-2317-4b65-8596-9336fe242e83,https://councilrecord.ca/mapleridge.html#vote/uh1glz,"THAT the Corporate Officer be authorized to sign the Release of the ""No Suite Covenant"" No. CA9983916 and Priority Agreement No. CA9983917 respecting property located at 20425 Hampton Street"
2023-10-10,Regular Council,3.1,Approval of the Agenda,Main motion,Carried,7,0,0,,,In favour,In favour,In favour,In favour,In favour,In favour,In favour,Other,,,,https://pub-mapleridge.escribemeetings.com/filestream.ashx?DocumentId=4003,https://pub-mapleridge.escribemeetings.com/Players/ISIStandAlonePlayer.aspx?Id=0cb2234d-e702-4eb2-868f-baffd20a8b9d,https://councilrecord.ca/mapleridge.html#vote/hqyuq5,"Document: 3555300 October 10, 2023 That the agenda for the October 10, 2023, Regular Council meeting be approved."
2023-10-10,Regular Council,4.1,Minutes,Main motion,Carried,7,0,0,,,In favour,In favour,In favour,In favour,In favour,In favour,In favour,Other,,,,https://pub-mapleridge.escribemeetings.com/filestream.ashx?DocumentId=4003,https://pub-mapleridge.escribemeetings.com/Players/ISIStandAlonePlayer.aspx?Id=0cb2234d-e702-4eb2-868f-baffd20a8b9d,https://councilrecord.ca/mapleridge.html#vote/1xm4u7m,"That the Regular Council Meeting minutes of September 26, 2023 minutes be adopted as circulated:"
2023-10-10,Regular Council,6,DELEGATIONS,Procedural,Carried,7,0,0,,,In favour,In favour,In favour,In favour,In favour,In favour,In favour,Governance & elections,,,,https://pub-mapleridge.escribemeetings.com/filestream.ashx?DocumentId=4003,https://pub-mapleridge.escribemeetings.com/Players/ISIStandAlonePlayer.aspx?Id=0cb2234d-e702-4eb2-868f-baffd20a8b9d,https://councilrecord.ca/mapleridge.html#vote/s1comk,"THAT the report from the CEED Centre Society Delegation at the October 10, 2023 Regular Council meeting be received."
2023-10-10,Regular Council,9,BYLAWS,Main motion,Carried,7,0,0,,,In favour,In favour,In favour,In favour,In favour,In favour,In favour,Taxes & spending; Neighbourhood character,,,,https://pub-mapleridge.escribemeetings.com/filestream.ashx?DocumentId=4003,https://pub-mapleridge.escribemeetings.com/Players/ISIStandAlonePlayer.aspx?Id=0cb2234d-e702-4eb2-868f-baffd20a8b9d,https://councilrecord.ca/mapleridge.html#vote/1pwzeng,"THAT third reading of Maple Ridge Tax Exemption Bylaw No. 7961-2023 be rescinded; and THAT Maple Ridge Tax Exemption Bylaw No. 7961-2023 be given third reading as amended. 9.2 2023-188-RZ, 21695 River Road, Heritage Tax Exemption Heritage Tax Exemption Bylaw No. 7949-2023"
2023-10-10,Regular Council,9,BYLAWS,Main motion,Carried,7,0,0,,,In favour,In favour,In favour,In favour,In favour,In favour,In favour,Taxes & spending; Neighbourhood character,,,,https://pub-mapleridge.escribemeetings.com/filestream.ashx?DocumentId=4003,https://pub-mapleridge.escribemeetings.com/Players/ISIStandAlonePlayer.aspx?Id=0cb2234d-e702-4eb2-868f-baffd20a8b9d,https://councilrecord.ca/mapleridge.html#vote/gv4t35,"THAT Heritage Tax Exemption Bylaw No. 7949-2023 be adopted. 9.3 2023-189-RZ, 23575 124 Avenue. Heritage Designation and Tax Exemption Heritage Tax Exemption Bylaw No. 7948-2023"
2023-10-10,Regular Council,9,BYLAWS,Main motion,Carried,7,0,0,,,In favour,In favour,In favour,In favour,In favour,In favour,In favour,Development; Taxes & spending; Neighbourhood character; Governance & elections,,,,https://pub-mapleridge.escribemeetings.com/filestream.ashx?DocumentId=4003,https://pub-mapleridge.escribemeetings.com/Players/ISIStandAlonePlayer.aspx?Id=0cb2234d-e702-4eb2-868f-baffd20a8b9d,https://councilrecord.ca/mapleridge.html#vote/19sd0dm,"THAT Heritage Tax Exemption Bylaw No. 7948-2023 be adopted. 9.4 2023-216-RZ, Delegation Bylaw for Minor Development Variance Permits Maple Ridge Minor Development Variance Permit Delegation Bylaw No. 7952-2023"
2023-10-10,Regular Council,9,BYLAWS,Main motion,Carried,7,0,0,,,In favour,In favour,In favour,In favour,In favour,In favour,In favour,Development; Governance & elections,,,,https://pub-mapleridge.escribemeetings.com/filestream.ashx?DocumentId=4003,https://pub-mapleridge.escribemeetings.com/Players/ISIStandAlonePlayer.aspx?Id=0cb2234d-e702-4eb2-868f-baffd20a8b9d,https://councilrecord.ca/mapleridge.html#vote/87w9po,THAT Maple Ridge Minor Development Variance Permit Delegation Bylaw No. 7952- 2023 be adopted.
2023-10-10,Regular Council,9.5,Maple Ridge Freedom of Information and Protection of Privacy Bylaw Maple Ridge Freedom of Information and Protection of Privacy Amending Bylaw No.,Main motion,Carried,7,0,0,,,In favour,In favour,In favour,In favour,In favour,In favour,In favour,Other,,,,https://pub-mapleridge.escribemeetings.com/filestream.ashx?DocumentId=4003,https://pub-mapleridge.escribemeetings.com/Players/ISIStandAlonePlayer.aspx?Id=0cb2234d-e702-4eb2-868f-baffd20a8b9d,https://councilrecord.ca/mapleridge.html#vote/12kfjxk,THAT Maple Ridge Freedom of Information and Protection of Privacy Amending Bylaw No. 7959-2023 be adopted.
2023-10-10,Regular Council,10,COMMITTEE REPORTS AND RECOMMENDATIONS,Referral,Carried,5,2,0,,,In favour,In favour,In favour,In favour,Against,In favour,Against,Governance & elections,,,,https://pub-mapleridge.escribemeetings.com/filestream.ashx?DocumentId=4003,https://pub-mapleridge.escribemeetings.com/Players/ISIStandAlonePlayer.aspx?Id=0cb2234d-e702-4eb2-868f-baffd20a8b9d,https://councilrecord.ca/mapleridge.html#vote/oyia1f,That Public Hearing Waiver Procedures Bylaw No. 7954-2023 be referred back to staff to be brought back to Council for further consideration at a future Council Workshop meeting as expeditiously as possible.
2023-10-10,Regular Council,10,COMMITTEE REPORTS AND RECOMMENDATIONS,Main motion,Carried,7,0,0,,,In favour,In favour,In favour,In favour,In favour,In favour,In favour,Governance & elections,,,,https://pub-mapleridge.escribemeetings.com/filestream.ashx?DocumentId=4003,https://pub-mapleridge.escribemeetings.com/Players/ISIStandAlonePlayer.aspx?Id=0cb2234d-e702-4eb2-868f-baffd20a8b9d,https://councilrecord.ca/mapleridge.html#vote/nn37m7,"Document:3555300 October 10, 2023"
2023-10-10,Regular Council,10.4,Maple Ridge Bylaw No. 7972-2023. 9878 285 Street Driveway Access License Agreement,Main motion,Carried,7,0,0,,,In favour,In favour,In favour,In favour,In favour,In favour,In favour,Transportation; Business & economy,,,,https://pub-mapleridge.escribemeetings.com/filestream.ashx?DocumentId=4003,https://pub-mapleridge.escribemeetings.com/Players/ISIStandAlonePlayer.aspx?Id=0cb2234d-e702-4eb2-868f-baffd20a8b9d,https://councilrecord.ca/mapleridge.html#vote/1gr6140,"That Bylaw 7972-2023, a Bylaw to enter into an Access Driveway License Agreement over unopened road allowance beyond the western end cul-de-sac of 98 Avenue, the eastern end of Bell Avenue, to property located at 9878 285 Street, be given first, second and third reading."
2023-10-24,Regular Council,3.1,Approval of the Agenda,Main motion,Carried,5,0,2,,,In favour,Absent,In favour,In favour,Absent,In favour,In favour,Other,,,,https://pub-mapleridge.escribemeetings.com/filestream.ashx?DocumentId=4001,https://pub-mapleridge.escribemeetings.com/Players/ISIStandAlonePlayer.aspx?Id=20f05e3e-37b3-41f8-9836-966855561180,https://councilrecord.ca/mapleridge.html#vote/15gjlsi,"Thatthe agenda for the October 24, 2023, Regular Council meeting be approved."
2023-10-24,Regular Council,9,BYLAWS,Main motion,Carried,5,0,2,,,In favour,Absent,In favour,In favour,Absent,In favour,In favour,Housing & density; Development,,,,https://pub-mapleridge.escribemeetings.com/filestream.ashx?DocumentId=4001,https://pub-mapleridge.escribemeetings.com/Players/ISIStandAlonePlayer.aspx?Id=20f05e3e-37b3-41f8-9836-966855561180,https://councilrecord.ca/mapleridge.html#vote/3jg3kk,"THAT Maple Ridge Zone Amending Bylaw No. 7852-2022 be given third reading. 9.3 2022-293-RZ, 21511 and 21521 Exeter Avenue. RS-1a to R-4 To permit the rezoning to allow a future subdivision of three lots. Maple Ridge Zone Amending Bylaw No. 7881-2022"
2023-10-24,Regular Council,9,BYLAWS,Main motion,Carried,4,1,2,,,In favour,Absent,In favour,In favour,Absent,In favour,Against,Other,,,,https://pub-mapleridge.escribemeetings.com/filestream.ashx?DocumentId=4001,https://pub-mapleridge.escribemeetings.com/Players/ISIStandAlonePlayer.aspx?Id=20f05e3e-37b3-41f8-9836-966855561180,https://councilrecord.ca/mapleridge.html#vote/1oee062,THAT Maple Ridge Zone Amending Bylaw No. 7881-2022 be given third reading.
2023-10-24,Regular Council,9,BYLAWS,Main motion,Carried,5,0,2,,,In favour,Absent,In favour,In favour,Absent,In favour,In favour,Housing & density,,,,https://pub-mapleridge.escribemeetings.com/filestream.ashx?DocumentId=4001,https://pub-mapleridge.escribemeetings.com/Players/ISIStandAlonePlayer.aspx?Id=20f05e3e-37b3-41f8-9836-966855561180,https://councilrecord.ca/mapleridge.html#vote/rhkby4,"THAT Maple Ridge Zone Amending Bylaw No. 7810-2021 be given third reading. 9.5 2023-016-RZ, 20000 Stewart Crescent, M-3 to CD-2-23 To facilitate the re-development of the subject site for the expansion of the E-One Moli Energy facility. Maple Ridge Zone Amending Bylaw No. 7908-2023 Document:3569148 October 24, 2023"
2023-10-24,Regular Council,9,BYLAWS,Main motion,Carried,5,0,2,,,In favour,Absent,In favour,In favour,Absent,In favour,In favour,Taxes & spending,,,,https://pub-mapleridge.escribemeetings.com/filestream.ashx?DocumentId=4001,https://pub-mapleridge.escribemeetings.com/Players/ISIStandAlonePlayer.aspx?Id=20f05e3e-37b3-41f8-9836-966855561180,https://councilrecord.ca/mapleridge.html#vote/zffmy5,THAT Maple Ridge Zone Amending Bylaw No. 7908-2023 be given third reading. 9.6 2024-2027 Permissive Tax Exemptions Exempt certain types of properties from municipal property taxation for up to ten years. Maple Ridge Tax Exemption Bylaw No. 7961-2023
2023-10-24,Regular Council,9,BYLAWS,Main motion,Carried,5,0,2,,,In favour,Absent,In favour,In favour,Absent,In favour,In favour,Housing & density; Taxes & spending,,,,https://pub-mapleridge.escribemeetings.com/filestream.ashx?DocumentId=4001,https://pub-mapleridge.escribemeetings.com/Players/ISIStandAlonePlayer.aspx?Id=20f05e3e-37b3-41f8-9836-966855561180,https://councilrecord.ca/mapleridge.html#vote/1u9ix7v,"THAT Maple Ridge Tax Exemption Bylaw No. 7961-2023 be given adoption. 9. 7 2018-489-RZ. 20278 and 20292 Patterson Avenue, RS-1 to RM-2 To permit the future construction of an 88 unit, four-storey apartment building. Maple Ridge Zone Amending Bylaw No. 7523-2018"
2023-10-24,Regular Council,9,BYLAWS,Main motion,Carried,5,0,2,,,In favour,Absent,In favour,In favour,Absent,In favour,In favour,Other,,,,https://pub-mapleridge.escribemeetings.com/filestream.ashx?DocumentId=4001,https://pub-mapleridge.escribemeetings.com/Players/ISIStandAlonePlayer.aspx?Id=20f05e3e-37b3-41f8-9836-966855561180,https://councilrecord.ca/mapleridge.html#vote/1dtgupp,THAT Zone Amending Bylaw No. 7523-2018 be adopted.
2023-10-24,Regular Council,10,COMMITTEE REPORTS AND RECOMMENDATIONS,Main motion,Carried,5,0,2,,,In favour,Absent,In favour,In favour,Absent,In favour,In favour,Transportation; Governance & elections,,,,https://pub-mapleridge.escribemeetings.com/filestream.ashx?DocumentId=4001,https://pub-mapleridge.escribemeetings.com/Players/ISIStandAlonePlayer.aspx?Id=20f05e3e-37b3-41f8-9836-966855561180,https://councilrecord.ca/mapleridge.html#vote/lpbiz3,"That City of Maple Ridge Off Street Parking and Loading Bylaw No. 7970-2023 be given first reading; and That Staff bring forward the necessary bylaw and policy amendments to align with the City of Maple Ridge Off Street Parking and Loading Bylaw No. 7970-2023. 10.2 2020-129-RZ, 13287 232 Street. RS-3 to RS-1 To permit a future subdivision of two lots."
2023-10-24,Regular Council,10.7,Consolidated Fees & Charges Amending Bylaw - Recreation Services Fees Annual review and adjustment of recreation service fees.,Main motion,Carried,5,0,2,,,In favour,Absent,In favour,In favour,Absent,In favour,In favour,Parks & recreation; Business & economy,,,,https://pub-mapleridge.escribemeetings.com/filestream.ashx?DocumentId=4001,https://pub-mapleridge.escribemeetings.com/Players/ISIStandAlonePlayer.aspx?Id=20f05e3e-37b3-41f8-9836-966855561180,https://councilrecord.ca/mapleridge.html#vote/1vsda8q,"THAT the Maple Ridge Consolidated Fees & Charges Amending Bylaw No. 2023-7966 be given first, second, and third readings. Document:3569148 October 24, 2023 10.8 lntermunicipal Business Licence Bylaw No. 7915-2023 and lntermunicipal Business Licence Agreement Bylaw No. 7971-2023 To repeal and replace the lntermunicipal Business Licence Scheme to remove the City of Merritt as a participating municipality."
2023-11-14,Regular Council,3.1,Approval of the Agenda,Main motion,Carried,7,0,0,,,In favour,In favour,In favour,In favour,In favour,In favour,In favour,Other,1 of 2,,,https://pub-mapleridge.escribemeetings.com/filestream.ashx?DocumentId=8973,,https://councilrecord.ca/mapleridge.html#vote/1ctdsns,That Council amend the agenda to move Item 15.1 - Notice of Motion to Item 12 under Other Matters Deemed Expedient.
2023-11-14,Regular Council,3.1,Approval of the Agenda,Main motion,Carried,7,0,0,,,In favour,In favour,In favour,In favour,In favour,In favour,In favour,Other,2 of 2,,,https://pub-mapleridge.escribemeetings.com/filestream.ashx?DocumentId=8973,,https://councilrecord.ca/mapleridge.html#vote/dwz46l,"That the agenda for the November 14, 2023, Regular Council meeting be approved as amended."
2023-11-14,Regular Council,4.1,Minutes,Main motion,Carried,7,0,0,,,In favour,In favour,In favour,In favour,In favour,In favour,In favour,Other,,,,https://pub-mapleridge.escribemeetings.com/filestream.ashx?DocumentId=8973,,https://councilrecord.ca/mapleridge.html#vote/yyexhb,"That the following minutes be adopted as circulated: • Special Council (to Close) - October 10, 2023 • Special Council (to Close) - October 17, 2023 • Report of Public Hearing - October 17, 2023 • Regular Council - October 24, 2023"
2023-11-14,Regular Council,7,CONSENT AGENDA,Main motion,Carried,7,0,0,,,In favour,In favour,In favour,In favour,In favour,In favour,In favour,Governance & elections,,,,https://pub-mapleridge.escribemeetings.com/filestream.ashx?DocumentId=8973,,https://councilrecord.ca/mapleridge.html#vote/b1nvq7,"That the items contained in the November 14, 2023, Regular Council Consent Agenda be received into the record. 7.1 Development Agreements Committee Minutes • October 18, 2023 • October 25, 2023 • November2,2023 7.2 Festivals Grant Program Allocations - Intake Two 2023 Staff report dated November 14, 2023 for information only."
2023-11-14,Regular Council,9.1,Maple Ridge Bylaw No. 7972-2023. 9878 285 Street. Driveway Access License Agreement Enter into a driveway access agreement at subject property.,Main motion,Carried,7,0,0,,,In favour,In favour,In favour,In favour,In favour,In favour,In favour,Transportation; Business & economy,,,,https://pub-mapleridge.escribemeetings.com/filestream.ashx?DocumentId=8973,,https://councilrecord.ca/mapleridge.html#vote/1rqne8j,"That Bylaw 7972-2023, a Bylaw to enter into an Access Driveway License Agreement over unopened road allowance beyond the western end cul-de-sac of 98 Avenue, the eastern end of Bell Avenue, to property located at 9878 285 Street, be given adoption."
2023-11-14,Regular Council,9.2,Consolidated Fees & Charges Amending Bylaw - Recreation Service Fees Annual review and adjustment of recreation service fees.,Main motion,Carried,7,0,0,,,In favour,In favour,In favour,In favour,In favour,In favour,In favour,Parks & recreation,1 of 2,,,https://pub-mapleridge.escribemeetings.com/filestream.ashx?DocumentId=8973,,https://councilrecord.ca/mapleridge.html#vote/7jg9j4,That Maple Ridge Consolidated Fees & Charges Amending Bylaw No. 7966-2023 be given adoption.
2023-11-14,Regular Council,9.2,Consolidated Fees & Charges Amending Bylaw - Recreation Service Fees Annual review and adjustment of recreation service fees.,Main motion,Carried,7,0,0,,,In favour,In favour,In favour,In favour,In favour,In favour,In favour,Parks & recreation; Business & economy,2 of 2,,,https://pub-mapleridge.escribemeetings.com/filestream.ashx?DocumentId=8973,,https://councilrecord.ca/mapleridge.html#vote/1ir69dj,1. That lntermunicipal Business Licence Agreement Bylaw No. 7971-2023 be given adoption; and 2. That lntermunicipal Business Licence Scheme Bylaw No. 7915-2023 be given adoption
2023-11-14,Regular Council,10,COMMITTEE REPORTS AND RECOMMENDATIONS,Main motion,Carried,7,0,0,,,In favour,In favour,In favour,In favour,In favour,In favour,In favour,Development; Governance & elections,,,,https://pub-mapleridge.escribemeetings.com/filestream.ashx?DocumentId=8973,,https://councilrecord.ca/mapleridge.html#vote/1dwlge,"1. That Zone Amending Bylaw No. 7967-2023 be given first reading; and further 2. That the applicant submit a complete application, including detailed information and technical reports, for the rezoning, development permit, and development variance permit applications."
2023-11-14,Regular Council,10,COMMITTEE REPORTS AND RECOMMENDATIONS,Main motion,Carried,7,0,0,,,In favour,In favour,In favour,In favour,In favour,In favour,In favour,Governance & elections,,,,https://pub-mapleridge.escribemeetings.com/filestream.ashx?DocumentId=8973,,https://councilrecord.ca/mapleridge.html#vote/vr6vwv,"That the Corporate Officer be authorized to sign and seal 2023-203-DVP respecting property located at 23532 Larch Avenue, to amend the date by which substantial commencement of the development must begin as stated in 2013-087-DVP from December 15, 2023 to December15,2025;and That the Corporate Officer be authorized to sign and seal 2023-203-DP respecting property located at 23532 Larch Avenue, to amend the date by which substantial commencement of the development must begin as stated in 2013-087-DP is to begin from December 15, 2023 to December 15, 2025."
2023-11-14,Regular Council,10.4,Delegation of Development Agreement Authority Bylaw No. 7973-2023 Delegate authority for development agreements.,Main motion,Carried,7,0,0,,,In favour,In favour,In favour,In favour,In favour,In favour,In favour,Governance & elections,,,,https://pub-mapleridge.escribemeetings.com/filestream.ashx?DocumentId=8973,,https://councilrecord.ca/mapleridge.html#vote/t2a8xs,"That Maple Ridge Delegation of Development Agreement Authority Bylaw No 7973-2023 be given first, second and third reading."
2023-11-14,Regular Council,12,OTHER MATTERS DEEMED EXPEDIENT,Main motion,Carried,7,0,0,,,In favour,In favour,In favour,In favour,In favour,In favour,In favour,Public services; Governance & elections,,,,https://pub-mapleridge.escribemeetings.com/filestream.ashx?DocumentId=8973,,https://councilrecord.ca/mapleridge.html#vote/1cpyn4a,"That the Mayor write a letter to Prime Minister Justin Trudeau to request that the federal government: • Recognize the humanitarian crisis unfolding as a result of the current conflict, • Call for an immediate ceasefire and release of all hostages, and • Provide leadership in the flow of humanitarian aid. Document:3587550 November 14, 2023 That Mayor and Council of the City of Maple Ridge condemn all acts of anti-semitism, racism and lslamophobia in our country, which has risen this past month. We call on all levels of government to commit to ensuring our communities are just, safe and welcoming for all; and, That MP Marc Dalton receive a copy of the letter."
2023-12-12,Regular Council,3.1,Approval of the Agenda,Main motion,Carried,6,0,1,,,In favour,In favour,Absent,In favour,In favour,In favour,In favour,Other,,,,https://pub-mapleridge.escribemeetings.com/filestream.ashx?DocumentId=8985,,https://councilrecord.ca/mapleridge.html#vote/1goey0s,"That the agenda for the December 12, 2023, Regular Council meeting be approved."
2023-12-12,Regular Council,4.1,Minutes,Main motion,Carried,6,0,1,,,In favour,In favour,Absent,In favour,In favour,In favour,In favour,Other,,,,https://pub-mapleridge.escribemeetings.com/filestream.ashx?DocumentId=8985,,https://councilrecord.ca/mapleridge.html#vote/ui3nk1,"That the following minutes be adopted as circulated: • Report of Public Hearing - November 21, 2023 • Report of Public Hearing - December 5, 2023 • Regular Council - November 28, 2023 • Special Council - November 21, 2023 • Special Council - December 5, 2023"
2023-12-12,Regular Council,7,CONSENTAGENDA,Main motion,Carried,6,0,1,,,In favour,In favour,Absent,In favour,In favour,In favour,In favour,Governance & elections,,,,https://pub-mapleridge.escribemeetings.com/filestream.ashx?DocumentId=8985,,https://councilrecord.ca/mapleridge.html#vote/18rlumd,"That the recommendations contained in the following items on the December 12, 2023 Council Consent Agenda be approved. 7.1 2024 Council Meeting Schedule Recommendation: That the 2024 Council Meeting Schedule be approved as circulated. 7.2 2024 Council Appointments to Regional Boards, Advisory Committees and Commissions, Standing and Statutory Committees, and Outside Agencies Recommendation: That the 2024 Council Appointments to the Regional Boards, Advisory Committees and Commissions, Standing and Statutory Committees and Outside Agencies be approved as circulated. 7.3 Advisory Design Panel Recommendation: That the Advisory Design Panel Appointments be received into the record. The following Advisory Design Panel appointments were released from the Closed Council meeting held on December 5, 2023: • Van Nguyen, Architect (January 1, 2024-December 31, 2025); • Sang Yun Kim, Architect (January 1, 2024-Decemebr 31, 2025; and • Jennifer Wall, Landscape Architect (January 1, 2024-December 31, 2025). Document:3616309 December 12, 2023 7.4 Council Committee Appointments Recommendation: That the Council Committee Appointments be received into the record. The following Advisory Design Panel appointments were released from the Closed Council meeting held on December 5, 2023: Agricultural Advisory Committee • Michelle Sparrow, Member at Large, two-year term (January 1, 2024 - December 31, 2025); and • Shannon Campbell, Member at Large, two-year term (January 1, 2024 - December 31, 2025); and • Bhupinder Johar, Member at Large, one-year term (January 1, 2024 - December 31, 2024). Community Heritage Commission • Neha Arora, Member at Large, two-year term (January 1, 2024 - December 31, 2025); and • Gladys Hewson, Member at Large, two-year term (January 1, 2024 - December 31, 2025). Economic Development Advisory Committee • Lillian Kan, Member at Large, two-year term (January 1, 2024 - December 31, 2025); and • Craig Fewer, Member at Large, two-year term (January 1, 2024 - December 31, 2025); and • Jerry Kok, Member at Large, two-year term (January 1, 2024 - December 31, 2025). Environmental Advisory Committee • Katina Tam, Member at Large, one-year term (January 1, 2024 - December 31, 2024); and • Brian Clark, Environmental Professional, two-year term (January 1, 2024 - December 31, 2025); and • Mark Adams, Member at Large, two-year term (January 1, 2024 - December 31, 2025). Municipal Advisory Committee on Accessibility and Inclusiveness • Elizabeth Foreman, Member At Large, one-year term (January 1, 2024 - December 31, 2024) Public Art Steering Committee • Dana Bates, Artist, two-year term (January 1, 2024 - December 31, 2025) Parks, Recreation, and Culture Advisory Committee • Stephen Von Sychowski, Member at Large, two-year term (January 1, 2024 - December 31, 2025), as an exception to paragraph 3.1 of Council Policy 3.11. • Sasha Passaglia, Member at Large, two-year term (January 1, 2024 - December 31, 2025) Document:3616309 December 12, 2023 Social Policy Advisory Committee • Ashley Isaac, Member at Large, two-year term (January 1, 2024 - December 31, 2025); and • Rupali Menta, Member at Large, one year term (January 1, 2024 - December 31, 2024); and • Zachary Romeo, Member at Large, one-year term (January 1, 2024 - December 31, 2024). Transportation Advisory Committee • Moreno Rossi, Member at Large, two-year term (January 1, 2024 - December 31, 2025); and • Ahmed Safdar, Member at Large, one-year term (January 1, 2024 - December 31, 2024); and • Harsha Naidu, Member at Large, one-year term (January 1, 2024 - December 31, 2024). 7.5 Committee and Taskforce Minutes Recommendation: That the following Committee and Taskforce Minutes be received into the record. Economic Development Advisory Committee • July 17, 2023 • September 13, 2023 Transportation Advisory Committee • October 11, 2023 Community Heritage Commission • September 14, 2023 Municipal Advisory Committee on Accessibility and Inclusiveness • June 15, 2023 Audit and Finance Committee • April 25, 2023 Parks, Recreation and Culture Advisory Committee • October 26, 2023 • February 8, 2023 • October 4, 2023 Mayor's Taskforce on Climate Action • July 24, 2023 • September 11, 2023 • November20,2023"
2023-12-12,Regular Council,9.1,Maple Ridge Subdivision and Development Servicing Amending Bylaw No. 7950-2023,Main motion,Carried,6,0,1,,,In favour,In favour,Absent,In favour,In favour,In favour,In favour,Development,,,,https://pub-mapleridge.escribemeetings.com/filestream.ashx?DocumentId=8985,,https://councilrecord.ca/mapleridge.html#vote/wjqnlx,THAT Maple Ridge Subdivision and Servicing Amending Bylaw No. 7950-2023 be given adoption.
2023-12-12,Regular Council,2,"That the applicant submits a complete application, including detailed information and",Main motion,Carried,6,0,1,,,In favour,In favour,Absent,In favour,In favour,In favour,In favour,Housing & density; Development,,,,https://pub-mapleridge.escribemeetings.com/filestream.ashx?DocumentId=8985,,https://councilrecord.ca/mapleridge.html#vote/1awqx06,"1. That in accordance with Section 475 of the Local Government Act, opportunity for early and on-going consultation has been provided by way of posting Official Community Plan Amending Bylaw No. 7535-2019 on the municipal website and requiring that the applicant host a Development Information Meeting (DIM}, and Council considers it unnecessary to provide any further consultation opportunities, except by way of holding a Public Hearing on the bylaw; Document:3616309 December 12, 2023 2. That Official Community Plan Amending Bylaw No. 7535-2019 be considered in conjunction with the Capital Expenditure Plan and Waste Management Plan; 3. That it be confirmed that Official Community Plan Amending Bylaw No. 7535-2019 is consistent with the Capital Expenditure Plan and Waste Management Plan; 4. That Official Community Plan Amending Bylaw No. 7535-2019 be given first and second reading and be forwarded to Public Hearing; 5. That Zone Amending Bylaw No. 7536-2019 be given second reading as amended, and be forwarded to Public Hearing; 6. That the following terms and conditions be met prior to final reading: i} Registration of a Rezoning Servicing Agreement as a Restrictive Covenant and receipt of the deposit of a security, as outlined in the Agreement; ii} Amendment to Official Community Plan Schedules ""B"" and ""C""; iii} Road dedication on 236 Street, as required; iv} Park dedication as required, including construction of emergency access roads; and removal of all debris and garbage from the dedicated parkland; v} Registration of a Restrictive Covenant for the Geotechnical Report, which addresses the suitability of the subject property for the proposed development; vi} Registration of a Statutory Right-of-Way plan and agreement for access to City works and vehicles; vii} Registration of a Restrictive Covenant for protecting the Visitor Parking; viii}Registration of a Restrictive Covenant for Stormwater Management; ix} Removal of existing building; x} If the Director of Waste Management from the Ministry of Environment determines that a site investigation is required based on the submitted Site Disclosure Statement, a rezoning, development, or development variance permit cannot be approved until a release is obtained for the subject property; xi} In addition to the Ministry of Environment Site Disclosure Statement, a disclosure statement must be submitted by a Professional Engineer advising whether there is any evidence of underground fuel storage tanks on the subject property. If so, a Stage 1 Site Investigation Report is required to ensure that the subject property is not a contaminated site; xii} That a voluntary contribution, in the amount of $133,200 {$7,400/unit}, or such rate applicable at third reading of this application, be provided in keeping with the Council Policy 6.31 with regard to Community Amenity Contributions; and, xiii} That the density bonus contribution in the amount of $344.46/m 2 {$32.00/ft 2 }, for a total of $204,550.00 be provided in keeping with the RM-1 zone Density Bonus provision for Major Corridor Residential."
2023-12-12,Regular Council,11.1,Maple Ridge Temporary Use Permit 2022-457-RZ,Main motion,Carried,5,0,2,,,In favour,In favour,Absent,In favour,In favour,In favour,Absent,Development,1 of 2,,,https://pub-mapleridge.escribemeetings.com/filestream.ashx?DocumentId=8985,,https://councilrecord.ca/mapleridge.html#vote/liksr6,"1. That the Corporate Officer be authorized to sign and seal Temporary Use Permit 2022-457- RZ, once the following terms and conditions are met: 11 11 i. removal of existing organic material and installation of 3 minus road base and ¼ clear crush, as per applicant's proposal; ii. registration of a Cross-Access Easement between 12035 222 Street and 22195 Dewdney Trunk Road; and iii. Installation of landscaping as detailed in the provided Landscaping Plan and payment of the associated refundable Landscape Security of $3,784.00"
2023-12-12,Regular Council,11.1,Maple Ridge Temporary Use Permit 2022-457-RZ,Main motion,Carried,5,0,2,,,In favour,In favour,Absent,In favour,In favour,In favour,Absent,Housing & density; Development,2 of 2,,,https://pub-mapleridge.escribemeetings.com/filestream.ashx?DocumentId=8985,,https://councilrecord.ca/mapleridge.html#vote/1oz2yv3,"1. That Official Community Plan Amending Bylaw Nos. 7739-2021, 7847-2022, 7846-2022 be adopted; and further 2. That Zone Amending Bylaw Nos. 7662-2020, 777 4-2021, 7768-2021 be adopted."
2023-12-12,Regular Council,11.3,Maple Ridge Code of Conduct Bylaw No. 7976-2023. Elected Officials Oath of Office Bylaw No.,Main motion,Carried,5,0,2,,,In favour,In favour,Absent,In favour,In favour,In favour,Absent,Governance & elections,1 of 8,,,https://pub-mapleridge.escribemeetings.com/filestream.ashx?DocumentId=8985,,https://councilrecord.ca/mapleridge.html#vote/1hl0ewc,"That clause 79(f}, 790}, and 87 in its entirety, be severed from the Maple Ridge Code of Conduct Bylaw No. 7976-2023."
2023-12-12,Regular Council,11.3,Maple Ridge Code of Conduct Bylaw No. 7976-2023. Elected Officials Oath of Office Bylaw No.,Main motion,Carried,4,1,2,,,In favour,In favour,Absent,Against,In favour,In favour,Absent,Governance & elections,2 of 8,,,https://pub-mapleridge.escribemeetings.com/filestream.ashx?DocumentId=8985,,https://councilrecord.ca/mapleridge.html#vote/cg2y3i,That the resolution be divided to consider clause 79(f} and 790} separately from clause 87 from the Maple Ridge Code of Conduct Bylaw No. 7976-2023.
2023-12-12,Regular Council,11.3,Maple Ridge Code of Conduct Bylaw No. 7976-2023. Elected Officials Oath of Office Bylaw No.,Main motion,Defeated,0,5,2,,,Against,Against,Absent,Against,Against,Against,Absent,Governance & elections,3 of 8,,,https://pub-mapleridge.escribemeetings.com/filestream.ashx?DocumentId=8985,,https://councilrecord.ca/mapleridge.html#vote/aq209u,That the clause 79(f} be severed from the Maple Ridge Code of Conduct Bylaw No. 7976-2023
2023-12-12,Regular Council,11.3,Maple Ridge Code of Conduct Bylaw No. 7976-2023. Elected Officials Oath of Office Bylaw No.,Main motion,Defeated,1,4,2,,,Against,Against,Absent,Against,Against,In favour,Absent,Governance & elections,4 of 8,,,https://pub-mapleridge.escribemeetings.com/filestream.ashx?DocumentId=8985,,https://councilrecord.ca/mapleridge.html#vote/1dh1p2e,That the clause 79(j) be severed from the Maple Ridge Code of Conduct Bylaw No. 7976-2023
2023-12-12,Regular Council,11.3,Maple Ridge Code of Conduct Bylaw No. 7976-2023. Elected Officials Oath of Office Bylaw No.,Main motion,Defeated,1,4,2,,,Against,Against,Absent,Against,Against,In favour,Absent,Governance & elections,5 of 8,,,https://pub-mapleridge.escribemeetings.com/filestream.ashx?DocumentId=8985,,https://councilrecord.ca/mapleridge.html#vote/1ukhepb,That the clause 87 in its entirety be severed from the Maple Ridge Code of Conduct Bylaw No. 7976-2023
2023-12-12,Regular Council,11.3,Maple Ridge Code of Conduct Bylaw No. 7976-2023. Elected Officials Oath of Office Bylaw No.,Main motion,Carried,5,0,2,,,In favour,In favour,Absent,In favour,In favour,In favour,Absent,Transportation; Governance & elections,6 of 8,,,https://pub-mapleridge.escribemeetings.com/filestream.ashx?DocumentId=8985,,https://councilrecord.ca/mapleridge.html#vote/1gaqb8a,"That the words ""No. 2154"" be struck from clause 81(b) of Maple Ridge Code of Conduct Bylaw No. 7976-2023."
2023-12-12,Regular Council,11.3,Maple Ridge Code of Conduct Bylaw No. 7976-2023. Elected Officials Oath of Office Bylaw No.,Main motion,Carried,5,0,2,,,In favour,In favour,Absent,In favour,In favour,In favour,Absent,Governance & elections,7 of 8,,,https://pub-mapleridge.escribemeetings.com/filestream.ashx?DocumentId=8985,,https://councilrecord.ca/mapleridge.html#vote/1jwb7bl,"That Elected Official Oath of Office Bylaw No. 7975-2023 be given first, second, and third reading."
2023-12-12,Regular Council,11.3,Maple Ridge Code of Conduct Bylaw No. 7976-2023. Elected Officials Oath of Office Bylaw No.,Main motion,Carried,5,0,2,,,In favour,In favour,Absent,In favour,In favour,In favour,Absent,Taxes & spending; Governance & elections,8 of 8,,,https://pub-mapleridge.escribemeetings.com/filestream.ashx?DocumentId=8985,,https://councilrecord.ca/mapleridge.html#vote/1ht22zd,"That Maple Ridge Council Remuneration Bylaw No. 7330-2017, Amendment Bylaw No. 7974- 2023 be given first, second, and third reading."
2023-12-12,Regular Council,11.4,Maple Ridge 150,Main motion,Carried,4,0,3,,,In favour,In favour,Absent,In favour,In favour,Absent,Absent,Other,,,,https://pub-mapleridge.escribemeetings.com/filestream.ashx?DocumentId=8985,,https://councilrecord.ca/mapleridge.html#vote/irdst1,"That Council approve $350,000 from accumulated surplus for the Maple Ridge 150 celebration on September 14, 2024."
2023-12-12,Regular Council,11.5,Subcommittee to the Corporate Governance and Human Resources Committee,Main motion,Carried,4,0,3,,,In favour,In favour,Absent,In favour,In favour,Absent,Absent,Governance & elections,,,,https://pub-mapleridge.escribemeetings.com/filestream.ashx?DocumentId=8985,,https://councilrecord.ca/mapleridge.html#vote/iwc6mg,1. That Council authorize the creation of the Corporate Governance and Human Resources Resolutions Subcommittee; and 2. That Council endorse the Terms of Reference for the Corporate Governance and Human Resources Resolutions Subcommittee
2024-01-16,Regular Council,3.1,Approval of the Agenda,Main motion,Carried,6,0,1,,,In favour,In favour,In favour,Absent,In favour,In favour,In favour,Other,,,,https://pub-mapleridge.escribemeetings.com/filestream.ashx?DocumentId=3999,https://pub-mapleridge.escribemeetings.com/Players/ISIStandAlonePlayer.aspx?Id=667336a8-1e45-405d-94e4-c4d556fde427,https://councilrecord.ca/mapleridge.html#vote/1d25t4v,"That the agenda for the December 12, 2023, Regular Council meeting be approved as amended by removing Item #9.2."
2024-01-16,Regular Council,4.1,Minutes,Main motion,Carried,6,0,1,,,In favour,In favour,In favour,Absent,In favour,In favour,In favour,Other,,,,https://pub-mapleridge.escribemeetings.com/filestream.ashx?DocumentId=3999,https://pub-mapleridge.escribemeetings.com/Players/ISIStandAlonePlayer.aspx?Id=667336a8-1e45-405d-94e4-c4d556fde427,https://councilrecord.ca/mapleridge.html#vote/ksws4y,"That the following minutes be adopted as circulated: • Special Council (to Close) - December 12, 2023 • Regular Council - December 12, 2023"
2024-01-16,Regular Council,7,CONSENT AGENDA,Main motion,Carried,6,0,1,,,In favour,In favour,In favour,Absent,In favour,In favour,In favour,Business & economy; Governance & elections,,,,https://pub-mapleridge.escribemeetings.com/filestream.ashx?DocumentId=3999,https://pub-mapleridge.escribemeetings.com/Players/ISIStandAlonePlayer.aspx?Id=667336a8-1e45-405d-94e4-c4d556fde427,https://councilrecord.ca/mapleridge.html#vote/1k13u22,"That the recommendations contained in the following items on the January 16, 2024 Council Consent Agenda be received into the record. 7.1 Committee and Taskforce Minutes Agricultural Advisory Committee • April 27, 2023 • September 28, 2023 Advisory Design Panel • July19,2023 • September 20, 2023 • October 18, 2023 Economic Development Advisory Committee • May 31, 2023 Public Art Steering Committee • July 6, 2023 Mayor1s Taskforce on Climate Action • December 4, 2023 7.2 House of Commons - Suicide Prevention Hotline Correspondence from Todd Doherty, MP Cariboo-Prince George"
2024-01-16,Regular Council,9.1,Film Fee Update,Main motion,Carried,6,0,1,,,In favour,In favour,In favour,Absent,In favour,In favour,In favour,Business & economy,,,,https://pub-mapleridge.escribemeetings.com/filestream.ashx?DocumentId=3999,https://pub-mapleridge.escribemeetings.com/Players/ISIStandAlonePlayer.aspx?Id=667336a8-1e45-405d-94e4-c4d556fde427,https://councilrecord.ca/mapleridge.html#vote/d2a44w,RECOMMENDATION: That Maple Ridge Fees & Charges Amending Bylaw No. 7978-2023 be adopted.
2024-01-16,Regular Council,10,COMMITTEE REPORTS AND RECOMMENDATIONS,Main motion,Carried,6,0,1,,,In favour,In favour,In favour,Absent,In favour,In favour,In favour,Taxes & spending; Neighbourhood character; Governance & elections,,,,https://pub-mapleridge.escribemeetings.com/filestream.ashx?DocumentId=3999,https://pub-mapleridge.escribemeetings.com/Players/ISIStandAlonePlayer.aspx?Id=667336a8-1e45-405d-94e4-c4d556fde427,https://councilrecord.ca/mapleridge.html#vote/72n34w,"That Maple Ridge Heritage Designation and Revitalization and Tax Exemption Agreement Amending Bylaw No. 7981-2023 be given first, second and third reading."
2024-01-30,Regular Council,2.1,Mayor Ruimy requested to amend the Agenda to add a delegation to Item #6.,Main motion,Carried,7,0,0,,,In favour,In favour,In favour,In favour,In favour,In favour,In favour,Governance & elections,,,,https://pub-mapleridge.escribemeetings.com/filestream.ashx?DocumentId=3996,https://pub-mapleridge.escribemeetings.com/Players/ISIStandAlonePlayer.aspx?Id=078646ce-dd5d-4da7-9388-b6d8062dafdc,https://councilrecord.ca/mapleridge.html#vote/1uf7yrf,"That the agenda for the January 30, 2024 Regular Council meeting be approved as amended."
2024-01-30,Regular Council,4.1,Minutes,Main motion,Carried,7,0,0,,,In favour,In favour,In favour,In favour,In favour,In favour,In favour,Other,,,,https://pub-mapleridge.escribemeetings.com/filestream.ashx?DocumentId=3996,https://pub-mapleridge.escribemeetings.com/Players/ISIStandAlonePlayer.aspx?Id=078646ce-dd5d-4da7-9388-b6d8062dafdc,https://councilrecord.ca/mapleridge.html#vote/1crkwwe,"That the minutes of the Regular Council Meeting of January 16, 2024, be adopted."
2024-01-30,Regular Council,7.5,Council Committee Appointment,Main motion,Carried,7,0,0,,,In favour,In favour,In favour,In favour,In favour,In favour,In favour,Governance & elections,,,,https://pub-mapleridge.escribemeetings.com/filestream.ashx?DocumentId=3996,https://pub-mapleridge.escribemeetings.com/Players/ISIStandAlonePlayer.aspx?Id=078646ce-dd5d-4da7-9388-b6d8062dafdc,https://councilrecord.ca/mapleridge.html#vote/j11tud,"THAT Item 7.3 contained in the January 30, 2024, Regular Council Consent Agenda be received into the record."
2024-01-30,Regular Council,9.1,Maple Ridge Council Code of Conduct Repeal Bylaw No. 7986-2024 A bylaw to rescind the City of Maple Ridge Council Conduct Bylaw No. 7637-2020,Main motion,Carried,7,0,0,,,In favour,In favour,In favour,In favour,In favour,In favour,In favour,Governance & elections,1 of 3,,,https://pub-mapleridge.escribemeetings.com/filestream.ashx?DocumentId=3996,https://pub-mapleridge.escribemeetings.com/Players/ISIStandAlonePlayer.aspx?Id=078646ce-dd5d-4da7-9388-b6d8062dafdc,https://councilrecord.ca/mapleridge.html#vote/4oemyf,"That Maple Ridge Council Code of Conduct Repeal Bylaw No. 7986-2024 be given first, second and third reading."
2024-01-30,Regular Council,9.1,Maple Ridge Council Code of Conduct Repeal Bylaw No. 7986-2024 A bylaw to rescind the City of Maple Ridge Council Conduct Bylaw No. 7637-2020,Main motion,Carried,7,0,0,,,In favour,In favour,In favour,In favour,In favour,In favour,In favour,Governance & elections,2 of 3,,,https://pub-mapleridge.escribemeetings.com/filestream.ashx?DocumentId=3996,https://pub-mapleridge.escribemeetings.com/Players/ISIStandAlonePlayer.aspx?Id=078646ce-dd5d-4da7-9388-b6d8062dafdc,https://councilrecord.ca/mapleridge.html#vote/145vcoa,That Zone Amending Bylaw No. 7928-2023 be given third reading and adoption.
2024-01-30,Regular Council,9.1,Maple Ridge Council Code of Conduct Repeal Bylaw No. 7986-2024 A bylaw to rescind the City of Maple Ridge Council Conduct Bylaw No. 7637-2020,Main motion,Carried,7,0,0,,,In favour,In favour,In favour,In favour,In favour,In favour,In favour,Governance & elections,3 of 3,,,https://pub-mapleridge.escribemeetings.com/filestream.ashx?DocumentId=3996,https://pub-mapleridge.escribemeetings.com/Players/ISIStandAlonePlayer.aspx?Id=078646ce-dd5d-4da7-9388-b6d8062dafdc,https://councilrecord.ca/mapleridge.html#vote/14fcpsh,That Zone Amending Bylaw No. 7433-2018 be adopted.
2024-01-30,Regular Council,10,COMMITTEE REPORTS AND RECOMMENDATIONS,Main motion,Carried,7,0,0,,,In favour,In favour,In favour,In favour,In favour,In favour,In favour,Housing & density; Development; Governance & elections,,,,https://pub-mapleridge.escribemeetings.com/filestream.ashx?DocumentId=3996,https://pub-mapleridge.escribemeetings.com/Players/ISIStandAlonePlayer.aspx?Id=078646ce-dd5d-4da7-9388-b6d8062dafdc,https://councilrecord.ca/mapleridge.html#vote/rysaph,"1. In respect of Section 475 of the Local Government Act, requirement for consultation during the development or amendment of an Official Community Plan, Council must consider whether consultation is required with specifically: i) The Board of the Regional District in which the area covered by the plan is located, in the case of a Municipal Official Community Plan; ii) The Board of any Regional District that is adjacent to the area covered by the plan; iii)The Council of any municipality that is adjacent to the area covered by the plan; iv) First Nations; v) Boards of Education, Greater Boards and Improvements District Boards; and vi)The Provincial and Federal Governments and their agencies. and in that regard it is recommended that no additional consultation be required in respect of this matter beyond the early posting of the proposed Official Community Plan amendments on the City's website, together with an invitation to the public to comment; 2. That Zoning Amending Bylaw No. 7791-2021 be repealed; 3. That Official Community Plan Amending Bylaw No. 7980-2023 be given first and second reading and forwarded to Public Hearing; 4. That Zone Amending Bylaw No. 7979-2023 be given first and second reading and will be forwarded to Public Hearing; 5. That the following terms and conditions be met prior to final reading: i) A voluntary contribution, in the amount of $347,800 ($7,400.00 X 47 units) be provided in keeping with the Council Policy with regard to Community Amenity Contributions; Document: 368127 4 January 30, 2024 ii) A voluntary Cash Contribution for additional density over 0.60 FSR in the amount of approximately $419,932.8 be provided. This amount to be finalized after third reading; iii)That a voluntary cash contribution in the amount of $195,000 be provided towards the improvement of the adjacent neighbourhood park; iv) Registration of a Rezoning Servicing Agreement as a Restrictive Covenant and receipt of the deposit of a security, as will be outlined in this agreement; v) Road dedication as required along 128 Avenue; vi)Registration of a Restrictive Covenant for protecting the Visitor Parking; vii. Registration of a Restrictive Covenant for protecting the Stormwater Management; vii) In addition to the Ministry of Environment Site Disclosure Statement, a disclosure statement must be submitted by a Professional Engineer advising whether there is any evidence of underground fuel storage tanks on the subject properties. If so, a Stage 1 Site Investigation Report is required to ensure that the subject property is not a contaminated site."
2024-01-30,Regular Council,10,COMMITTEE REPORTS AND RECOMMENDATIONS,Main motion,Carried,6,1,0,,,In favour,In favour,In favour,In favour,In favour,In favour,Against,Development; Governance & elections,,,,https://pub-mapleridge.escribemeetings.com/filestream.ashx?DocumentId=3996,https://pub-mapleridge.escribemeetings.com/Players/ISIStandAlonePlayer.aspx?Id=078646ce-dd5d-4da7-9388-b6d8062dafdc,https://councilrecord.ca/mapleridge.html#vote/332gxj,"1. That Zone Amending Bylaw No. 7826-2022 be given third reading, 2. That the following terms and conditions be met prior to final reading: i) Registration of a Rezoning Servicing Agreement as a Restrictive Covenant and receipt of the deposit of a security, as outlined in the Agreement; ii) Road dedication on 119 Avenue and for the new lane as required; iii) Registration of a Restrictive Covenant for the Geotechnical Report, which addresses the suitability of the subject property for the proposed development; iv) Registration of a Restrictive Covenant for the protection of Visitor Parking; v) Registration of a Restrictive Covenant for the Stormwater Management; vi) If the Director of Waste Management from the Ministry of Environment determines that a site investigation is required based on the submitted Site Disclosure Statement, a rezoning, development, or development variance permit cannot be approved until a release is obtained for the subject property; vii) In addition to the Ministry of Environment Site Disclosure Statement, a disclosure statement must be submitted by a Professional Engineer advising whether there is any evidence of underground fuel storage tanks on the subject property. If so, a Stage 1 Site Investigation Report is required to ensure that the subject property is not a contaminated site. Document: 368127 4 January 30, 2024 viii) That a voluntary contribution, in the amount of $136,800 ($7,400 per townhouse dwelling unit and $9,400 per single family lot), or such rate applicable at third reading of this application, be provided in keeping with the Council Policy 6.31 with regards to Community Amenity Contributions."
2024-01-30,Regular Council,10,COMMITTEE REPORTS AND RECOMMENDATIONS,Main motion,Carried,7,0,0,,,In favour,In favour,In favour,In favour,In favour,In favour,In favour,Governance & elections,,,,https://pub-mapleridge.escribemeetings.com/filestream.ashx?DocumentId=3996,https://pub-mapleridge.escribemeetings.com/Players/ISIStandAlonePlayer.aspx?Id=078646ce-dd5d-4da7-9388-b6d8062dafdc,https://councilrecord.ca/mapleridge.html#vote/f9j6vh,That the Corporate Officer be authorized to sign and seal 2017-548-DVP respecting property located at 12313 McNutt Road.
2024-01-30,Regular Council,10.4,Latecomer Agreement LC 178/22,Main motion,Carried,7,0,0,,,In favour,In favour,In favour,In favour,In favour,In favour,In favour,Development; Taxes & spending,,,,https://pub-mapleridge.escribemeetings.com/filestream.ashx?DocumentId=3996,https://pub-mapleridge.escribemeetings.com/Players/ISIStandAlonePlayer.aspx?Id=078646ce-dd5d-4da7-9388-b6d8062dafdc,https://councilrecord.ca/mapleridge.html#vote/ace9ak,"That the cost to provide the subdivision servicing works at 12366 Laity Street is, in whole or in part, excessive to the City and that the cost to provide these services shall be paid by the owners of the land being subdivided; and That Latecomer Charges be imposed for extended services on the parcels and in the amounts as set out in Schedule A; and further That the Corporate Officer be authorized to sign and seal Latecomer Agreement LC 178/22 with the subdivider of the lands at 12366 Laity Street"
2024-01-30,Regular Council,10.5,Latecomer Agreement LC 182/24,Main motion,Carried,7,0,0,,,In favour,In favour,In favour,In favour,In favour,In favour,In favour,Taxes & spending; Public services,,,,https://pub-mapleridge.escribemeetings.com/filestream.ashx?DocumentId=3996,https://pub-mapleridge.escribemeetings.com/Players/ISIStandAlonePlayer.aspx?Id=078646ce-dd5d-4da7-9388-b6d8062dafdc,https://councilrecord.ca/mapleridge.html#vote/14ziu8b,"Document: 368127 4 January 30, 2024 That the cost to provide the extended storm sewer services at 21661 Ridgeway Crescent is, in whole or in part, excessive to the City and that the cost to provide these services shall be paid by the owners of the land being developed; and That Latecomer Charges be imposed for extended services on the parcels and in the amounts as set out in Schedule A; and further That the Corporate Officer be authorized to sign and seal Latecomer Agreement LC 182/24 with the developer of the lands at 21661 Ridgeway Crescent."
2024-01-30,Regular Council,10.6,Award of Contract EN23-107: Abernethy Way Road Improvements (224 Street to 230 Street),Main motion,Carried,7,0,0,,,In favour,In favour,In favour,In favour,In favour,In favour,In favour,Taxes & spending; Transportation,,,,https://pub-mapleridge.escribemeetings.com/filestream.ashx?DocumentId=3996,https://pub-mapleridge.escribemeetings.com/Players/ISIStandAlonePlayer.aspx?Id=078646ce-dd5d-4da7-9388-b6d8062dafdc,https://councilrecord.ca/mapleridge.html#vote/r3vci3,"That Contract EN23-107: Abernethy Way Road Improvements (224 Street to 230 Street) be awarded to Lafarge Canada Inc. in the amount of $8,475,080 plus applicable taxes; and That a contract contingency of $1,500,000 be approved to address unforeseen items; and That advance approval of the 2024 Capital Plan funding for this project be provided in the amount of $9,306,150; and That the existing Aplin and Martin Consultants Ltd. contract for Engineering and Design Services for Abernethy Way (224 Street to 232 Street), be increased by $420,000 for construction support services; and further That the Corporate Officer be authorized to execute the construction contract."
2024-02-13,Regular Council,3,UNFINISHED AND NEW BUSINESS,Amendment,Carried,6,0,1,,,In favour,In favour,Absent,In favour,In favour,In favour,In favour,Taxes & spending; Business & economy,1 of 4,,,https://pub-mapleridge.escribemeetings.com/filestream.ashx?DocumentId=3991,,https://councilrecord.ca/mapleridge.html#vote/1tu9e8y,"THAT the motion be amended by inserting the phrase totaling $16,586,000"" after the word Grant"""
2024-02-13,Regular Council,3,UNFINISHED AND NEW BUSINESS,Main motion,Carried,6,0,1,,,In favour,In favour,Absent,In favour,In favour,In favour,In favour,Taxes & spending; Business & economy,2 of 4,,,https://pub-mapleridge.escribemeetings.com/filestream.ashx?DocumentId=3991,,https://councilrecord.ca/mapleridge.html#vote/1uf4rxb,"THAT Council approve the capital projects listed in Attachment B - 2024-2028 Capital Plan of the Council report titled 8usiness Planning 2024-2028"" of February 13, 2024 and that the financial implications be included in the 2024-2028 Financial Plan"
2024-02-13,Regular Council,3,UNFINISHED AND NEW BUSINESS,Amendment,Carried,6,0,1,,,In favour,In favour,Absent,In favour,In favour,In favour,In favour,Taxes & spending; Neighbourhood character; Business & economy,3 of 4,,,https://pub-mapleridge.escribemeetings.com/filestream.ashx?DocumentId=3991,,https://councilrecord.ca/mapleridge.html#vote/7n8zwt,"THAT the motion be amended by inserting the phrase ""providing $20,000 for the Heritage Grant Program and directing staff to hold only one Leadership Summit in 2024"" after the phrase ""February 13, 2024""."
2024-02-13,Regular Council,3,UNFINISHED AND NEW BUSINESS,Main motion,Defeated,2,4,1,,,Against,Against,Absent,Against,In favour,In favour,Against,Business & economy,4 of 4,,,https://pub-mapleridge.escribemeetings.com/filestream.ashx?DocumentId=3991,,https://councilrecord.ca/mapleridge.html#vote/1wkwyg9,"THAT the primary amendment be amended by striking the phrase 10""."
2024-02-27,Regular Council,3.1,Approval of the Agenda,Main motion,Carried,7,0,0,,,In favour,In favour,In favour,In favour,In favour,In favour,In favour,Other,,,,https://pub-mapleridge.escribemeetings.com/filestream.ashx?DocumentId=3988,https://pub-mapleridge.escribemeetings.com/Players/ISIStandAlonePlayer.aspx?Id=d98755b9-86ec-4aa5-aa28-57d7d958c4fa,https://councilrecord.ca/mapleridge.html#vote/18hu58b,"That the agenda for the February 27, 2024 Regular Council meeting be approved as circulated."
2024-02-27,Regular Council,4.1,Minutes,Main motion,Carried,7,0,0,,,In favour,In favour,In favour,In favour,In favour,In favour,In favour,Other,,,,https://pub-mapleridge.escribemeetings.com/filestream.ashx?DocumentId=3988,https://pub-mapleridge.escribemeetings.com/Players/ISIStandAlonePlayer.aspx?Id=d98755b9-86ec-4aa5-aa28-57d7d958c4fa,https://councilrecord.ca/mapleridge.html#vote/yszk9a,"That the following minutes be adopted as circulated: • Special Council (to Close) - January 16, 2024 • Special Council (to Close) - January 23, 2024 • Regular Council - January 30, 2024 • Special Council (to Close) - February 1, 2024 • Special Council - February 6, 2024 • Special Council (to Close) - February 6, 2024 • Special Council - February 13, 2024 • Special Council (to Close) - February 20, 2024"
2024-02-27,Regular Council,9,BYLAWS,Main motion,Carried,7,0,0,,,In favour,In favour,In favour,In favour,In favour,In favour,In favour,Taxes & spending; Neighbourhood character,,,,https://pub-mapleridge.escribemeetings.com/filestream.ashx?DocumentId=3988,https://pub-mapleridge.escribemeetings.com/Players/ISIStandAlonePlayer.aspx?Id=d98755b9-86ec-4aa5-aa28-57d7d958c4fa,https://councilrecord.ca/mapleridge.html#vote/iu12aq,That Maple Ridge Heritage Designation and Revitalization and Tax Exemption Agreement Amending Bylaw No. 7981-2023 be adopted.
2024-02-27,Regular Council,9.2,"Maple Ridge Code of Conduct Bylaw No. 7976-2023, Maple Ridge Council Code of",Main motion,Carried,6,1,0,,,In favour,In favour,In favour,In favour,In favour,In favour,Against,Governance & elections,1 of 8,,,https://pub-mapleridge.escribemeetings.com/filestream.ashx?DocumentId=3988,https://pub-mapleridge.escribemeetings.com/Players/ISIStandAlonePlayer.aspx?Id=d98755b9-86ec-4aa5-aa28-57d7d958c4fa,https://councilrecord.ca/mapleridge.html#vote/100tgxe,That Maple Ridge Code of Conduct Bylaw No. 7976-2023 be adopted.
2024-02-27,Regular Council,9.2,"Maple Ridge Code of Conduct Bylaw No. 7976-2023, Maple Ridge Council Code of",Main motion,Carried,7,0,0,,,In favour,In favour,In favour,In favour,In favour,In favour,In favour,Governance & elections,2 of 8,,,https://pub-mapleridge.escribemeetings.com/filestream.ashx?DocumentId=3988,https://pub-mapleridge.escribemeetings.com/Players/ISIStandAlonePlayer.aspx?Id=d98755b9-86ec-4aa5-aa28-57d7d958c4fa,https://councilrecord.ca/mapleridge.html#vote/b3pcs4,Maple Ridge Council Code of Conduct Repeal Bylaw No. 7986-2024 be adopted.
2024-02-27,Regular Council,9.2,"Maple Ridge Code of Conduct Bylaw No. 7976-2023, Maple Ridge Council Code of",Main motion,Carried,7,0,0,,,In favour,In favour,In favour,In favour,In favour,In favour,In favour,Governance & elections,3 of 8,,,https://pub-mapleridge.escribemeetings.com/filestream.ashx?DocumentId=3988,https://pub-mapleridge.escribemeetings.com/Players/ISIStandAlonePlayer.aspx?Id=d98755b9-86ec-4aa5-aa28-57d7d958c4fa,https://councilrecord.ca/mapleridge.html#vote/m8txh4,That Elected Official Oath of Office Bylaw No. 7975-2023 be adopted.
2024-02-27,Regular Council,9.2,"Maple Ridge Code of Conduct Bylaw No. 7976-2023, Maple Ridge Council Code of",Main motion,Carried,7,0,0,,,In favour,In favour,In favour,In favour,In favour,In favour,In favour,Taxes & spending; Governance & elections,4 of 8,,,https://pub-mapleridge.escribemeetings.com/filestream.ashx?DocumentId=3988,https://pub-mapleridge.escribemeetings.com/Players/ISIStandAlonePlayer.aspx?Id=d98755b9-86ec-4aa5-aa28-57d7d958c4fa,https://councilrecord.ca/mapleridge.html#vote/14m6g8p,"That Maple Ridge Council Remuneration Bylaw No. 7330-2017, Amendment Bylaw No. 7974-2023 be adopted."
2024-02-27,Regular Council,9.2,"Maple Ridge Code of Conduct Bylaw No. 7976-2023, Maple Ridge Council Code of",Main motion,Carried,7,0,0,,,In favour,In favour,In favour,In favour,In favour,In favour,In favour,Governance & elections,5 of 8,,,https://pub-mapleridge.escribemeetings.com/filestream.ashx?DocumentId=3988,https://pub-mapleridge.escribemeetings.com/Players/ISIStandAlonePlayer.aspx?Id=d98755b9-86ec-4aa5-aa28-57d7d958c4fa,https://councilrecord.ca/mapleridge.html#vote/fzr94o,THAT Maple Ridge Zone Amending Bylaw No. 7793-2021 be given third reading.
2024-02-27,Regular Council,9.2,"Maple Ridge Code of Conduct Bylaw No. 7976-2023, Maple Ridge Council Code of",Main motion,Carried,7,0,0,,,In favour,In favour,In favour,In favour,In favour,In favour,In favour,Housing & density; Development; Governance & elections,6 of 8,,,https://pub-mapleridge.escribemeetings.com/filestream.ashx?DocumentId=3988,https://pub-mapleridge.escribemeetings.com/Players/ISIStandAlonePlayer.aspx?Id=d98755b9-86ec-4aa5-aa28-57d7d958c4fa,https://councilrecord.ca/mapleridge.html#vote/1wu6frw,THAT Maple Ridge Official Community Plan Amending Bylaw No.7535-2019 be given third reading; and THAT Maple Ridge Zone Amending Bylaw No. 7536-2019 be given third reading.
2024-02-27,Regular Council,9.2,"Maple Ridge Code of Conduct Bylaw No. 7976-2023, Maple Ridge Council Code of",Main motion,Carried,7,0,0,,,In favour,In favour,In favour,In favour,In favour,In favour,In favour,Governance & elections,7 of 8,,,https://pub-mapleridge.escribemeetings.com/filestream.ashx?DocumentId=3988,https://pub-mapleridge.escribemeetings.com/Players/ISIStandAlonePlayer.aspx?Id=d98755b9-86ec-4aa5-aa28-57d7d958c4fa,https://councilrecord.ca/mapleridge.html#vote/1in8dmd,That Maple Ridge Zone Amending Bylaw No. 7773-2021 be given third reading.
2024-02-27,Regular Council,9.2,"Maple Ridge Code of Conduct Bylaw No. 7976-2023, Maple Ridge Council Code of",Main motion,Defeated,2,5,0,,,Against,Against,Against,In favour,Against,Against,In favour,Housing & density; Development; Governance & elections,8 of 8,,,https://pub-mapleridge.escribemeetings.com/filestream.ashx?DocumentId=3988,https://pub-mapleridge.escribemeetings.com/Players/ISIStandAlonePlayer.aspx?Id=d98755b9-86ec-4aa5-aa28-57d7d958c4fa,https://councilrecord.ca/mapleridge.html#vote/1qttw9w,That Maple Ridge Official Community Plan Amending Bylaw No. 7980-2023 be given third reading and; That Maple Ridge Zone Amending Bylaw No. 7979-2023 be given third reading.
2024-02-27,Regular Council,10,COMMITTEE REPORTS AND RECOMMENDATIONS,Main motion,Carried,7,0,0,,,In favour,In favour,In favour,In favour,In favour,In favour,In favour,Development; Taxes & spending; Business & economy; Governance & elections,,,,https://pub-mapleridge.escribemeetings.com/filestream.ashx?DocumentId=3988,https://pub-mapleridge.escribemeetings.com/Players/ISIStandAlonePlayer.aspx?Id=d98755b9-86ec-4aa5-aa28-57d7d958c4fa,https://councilrecord.ca/mapleridge.html#vote/qnmnvn,"That Application 2023-056-AL be forwarded to the Agricultural Land Commission based on the considerations outlined in the staff report titled ""Application to Subdivide within the Agricultural Land Reserve, 26060 124 Avenue"", dated February 20, 2024."
2024-02-27,Regular Council,10,COMMITTEE REPORTS AND RECOMMENDATIONS,Main motion,Carried,7,0,0,,,In favour,In favour,In favour,In favour,In favour,In favour,In favour,Governance & elections,,,,https://pub-mapleridge.escribemeetings.com/filestream.ashx?DocumentId=3988,https://pub-mapleridge.escribemeetings.com/Players/ISIStandAlonePlayer.aspx?Id=d98755b9-86ec-4aa5-aa28-57d7d958c4fa,https://councilrecord.ca/mapleridge.html#vote/1lv6ymf,"That Zone Amending Bylaw No. 7982-2024 be given first and second reading, and be forwarded to Public Hearing."
2024-02-27,Regular Council,10,COMMITTEE REPORTS AND RECOMMENDATIONS,Main motion,Carried,7,0,0,,,In favour,In favour,In favour,In favour,In favour,In favour,In favour,Governance & elections,,,,https://pub-mapleridge.escribemeetings.com/filestream.ashx?DocumentId=3988,https://pub-mapleridge.escribemeetings.com/Players/ISIStandAlonePlayer.aspx?Id=d98755b9-86ec-4aa5-aa28-57d7d958c4fa,https://councilrecord.ca/mapleridge.html#vote/1nenc87,"1. That Zone Amending Bylaw No. 7830-2022 be given second reading; 2. That a Public Hearing for Zone Amending Bylaw No. 7830-2022 be waived in accordance with the Local Government Act Section 464(2), as Zone Amending Bylaw No. 7830-2022 is consistent with the Official Community Plan; and further 3. That the following terms and conditions be met prior to final reading: i. Registration of a Rezoning Servicing Agreement as a Restrictive Covenant and receipt of the deposit of a security, as outlined in the Agreement; ii. Road dedication on the lane, as required; iii. Approval from the Ministry of Transportation and Infrastructure; iv. Registration of a Restrictive Covenant for Stormwater Management; v. Removal of existing buildings; vi. Registration of a Restrictive Covenant for the Geotechnical Report, which addresses the suitability of the subject property for the proposed development; Do cume nt: 3695763 R egu lar Co uncil M ee ting Minutes Febru a ry 27, 2024 Pa ge 7 of 13 vii. In addition to the Ministry of Environment Site Disclosure Statement, a disclosure statement must be submitted by a Professional Engineer advising whether there is any evidence of underground fuel storage tanks on the subject property(ies). If so, a Stage 1 Site Investigation Report is required to ensure that the subject property is not a contaminated site; and viii. That a voluntary contribution, in the amount of $7,400 per unit (first unit is exempt), or such rate applicable at third reading of this application, be provided in keeping with the Council Policy 6.31 with regard to Community Amenity Contributions."
2024-02-27,Regular Council,10,COMMITTEE REPORTS AND RECOMMENDATIONS,Main motion,Carried,7,0,0,,,In favour,In favour,In favour,In favour,In favour,In favour,In favour,Governance & elections,,,,https://pub-mapleridge.escribemeetings.com/filestream.ashx?DocumentId=3988,https://pub-mapleridge.escribemeetings.com/Players/ISIStandAlonePlayer.aspx?Id=d98755b9-86ec-4aa5-aa28-57d7d958c4fa,https://councilrecord.ca/mapleridge.html#vote/vwib20,1. That the Corporate Officer be authorized to sign and seal 2017-031-DVP respecting property located at 21333 River Road. 2. That the Corporate Officer be authorized to sign and seal 2017-031-DP respecting property located at 21333 River Road.
2024-02-27,Regular Council,10.5,PL23-106: Award of Contract Maple Ridge Park New Playground Construction To award the Maple Ridge Park playground construction contract to Canadian,Main motion,Carried,7,0,0,,,In favour,In favour,In favour,In favour,In favour,In favour,In favour,Taxes & spending; Parks & recreation,1 of 2,,,https://pub-mapleridge.escribemeetings.com/filestream.ashx?DocumentId=3988,https://pub-mapleridge.escribemeetings.com/Players/ISIStandAlonePlayer.aspx?Id=d98755b9-86ec-4aa5-aa28-57d7d958c4fa,https://councilrecord.ca/mapleridge.html#vote/1ivm1tv,"That Contract PL23-106: Maple Ridge Park New Playground Construction be awarded to Canadian Landscape & Civil Services Ltd. in the amount of $2,337,500 plus taxes, and a contingency of $200,000 be authorized; That the project budget be increased by $636,600, made up of $535,635 from Park Development Cost Charges and $100,965 from Capital Works Reserve, and included in the next Financial Plan Bylaw amendment; and further, That the Corporate Officer be authorized to execute the contract"
2024-02-27,Regular Council,10.5,PL23-106: Award of Contract Maple Ridge Park New Playground Construction To award the Maple Ridge Park playground construction contract to Canadian,Main motion,Carried,7,0,0,,,In favour,In favour,In favour,In favour,In favour,In favour,In favour,Housing & density; Development; Taxes & spending; Parks & recreation,2 of 2,,,https://pub-mapleridge.escribemeetings.com/filestream.ashx?DocumentId=3988,https://pub-mapleridge.escribemeetings.com/Players/ISIStandAlonePlayer.aspx?Id=d98755b9-86ec-4aa5-aa28-57d7d958c4fa,https://councilrecord.ca/mapleridge.html#vote/8mvn6l,"1. That, in accordance with Section 475 of the Local Government Act, opportunity for early and on-going consultation has been provided by way of posting Official Community Plan Amending Bylaw No. 7834-2022 on the municipal website, and Council considers it unnecessary to provide any further consultation opportunities, except by way of holding a Public Hearing on the bylaw; 2. That second and third reading of Official Community Plan Amending Bylaw No. 7834-2022 be rescinded; 3. That second and third reading of Zone Amending Bylaw No. 7539-2019 be rescinded; 4. That Official Community Plan Amending Bylaw No. 7834-2022, be given second reading as amended and forwarded to Public Hearing; 5. That Zone Amending Bylaw No. 7539-2019, be given second reading as amended and forwarded to Public Hearing; 6. That Council authorize the applicant to proceed with municipal approved streamside servicing & restoration related works in and around the watercourse(s) in advance of final reading of Zone Amending Bylaw No. 7539- 2019 and in advance of issuance of a Watercourse Protection Development Permit. These works must be in compliance with Provincial environmental agency requirements, their review process & all potential approval requirements. This is in addition to all approved municipal watercourse protection development permit conditions and drawings following third reading. Should Council authorization be granted, it is subject to the following conditions to the acceptance of the Director of Planning: i. Approval of final servicing design drawings by City staff; ii. Approval of final dedicated areas, as confirmed by a survey sealed a BC Land Surveyor for conservation purposes & approved restrictive covenants for the Protection of Environmental Setback Areas (ESA); Docum ent: 3695763 R egu lar Counc il Meeting Mi nu t es F eb ru ary 27, 2024 P age 9 of 13 iii . Written confirmation, designation and supervision of the Qualified Environmental Professional (QEP) for the duration of streamside works acknowledging that the QEP has the authority to stop any work(s) that, in the opinion of the QEP, have the potential to negatively impact the health and functionality of ESA areas; iv . Receipt of a letter of confirmation from the applicable senior environmental agencies that they are satisfied with the proposed works including the approved servicing plans; v. Receipt of a letter of confirmation from the applicant assuming all risk associated with the related streamside works; vi. Receipt of Watercourse Protection Development Permit securities for enhancement and restoration works; and vii. Commencement of accepted enhancement and restoration works within 30 days of Environmental Setback Areas disturbance. 7. That the following terms and conditions be met prior to final reading: i. Registration of a Rezoning Servicing Agreement as a Restrictive Covenant and receipt of the deposit of a security, as outlined in the Agreement; ii . Road dedication and upgrading to the Rural Local Road standard, on 118 Avenue and 267 Street, as required; iii . Road dedication and cash-in-lieu of constructing the future road going north-south along the west side of Proposed Fee-Simple Lot 4 (future 266A Street); iv . Park dedication as required, including construction of walkways; and a letter confirming removal of all debris and garbage from park land; v. Consolidation of the properties; vi. Registration of a Restrictive Covenant for the Geotechnical Report, which addresses the suitability of the subject properties for the proposed development; vii. Registration of a Restrictive Covenant for the protection of an Agricultural Landscape Buffer adjacent to Agricultural Land Reserve lands to the west; viii. Registration of a Statutory Right-of-Way plan for a municipal storm sewer; ix. Registration of a Restrictive Covenant for Tree Protection; x. Registration of a Restrictive Covenant for Stormwater Management; xi. Registration with Fraser Health for septic disposal, and registration of a Restrictive Covenant for the protection of the septic field areas; xii. Registration with the Ministry of Environment Water Protection and Sustainability Branch for water wells; xiii. A Professional Engineer's certification that adequate water quantity for domestic and fire protection purposes can be provided; Docum en t: 3 6957 63 February 27, 2024 xiv. In addition to the Ministry of Environment Site Disclosure Statement, a disclosure statement must be submitted by a Professional Engineer advising whether there is any evidence of underground fuel storage tanks on the subject properties. If so, then a Stage 1 Site Investigation Report is required to ensure that the subject properties are not contaminated sites; and xv. That a voluntary contribution be provided, in keeping with the Council Policy 6.31 with regard to Community Amenity Contributions."
2024-02-27,Regular Council,11.2,Delegation of Procurement Authority Bylaw No. 7987-20241,Main motion,Carried,7,0,0,,,In favour,In favour,In favour,In favour,In favour,In favour,In favour,Taxes & spending; Governance & elections,,,,https://pub-mapleridge.escribemeetings.com/filestream.ashx?DocumentId=3988,https://pub-mapleridge.escribemeetings.com/Players/ISIStandAlonePlayer.aspx?Id=d98755b9-86ec-4aa5-aa28-57d7d958c4fa,https://councilrecord.ca/mapleridge.html#vote/1yd7l0f,"1. That Maple Ridge Delegation of Procurement Authority Bylaw No. 7987-2024 be given first, second and third reading; and 2. That the amended Procurement Policy No. 5.45 be approved by Council in conjunction with the adoption of Maple Ridge Delegation of Procurement Authority Bylaw No. 7987-2024."
2024-02-27,Regular Council,11.3,"Grant Application - 2024 Local Government Development Approvals Program That staff submit the ""2024 Maple Ridge Development Approvals Process and",Main motion,Carried,7,0,0,,,In favour,In favour,In favour,In favour,In favour,In favour,In favour,Development; Taxes & spending; Governance & elections,,,,https://pub-mapleridge.escribemeetings.com/filestream.ashx?DocumentId=3988,https://pub-mapleridge.escribemeetings.com/Players/ISIStandAlonePlayer.aspx?Id=d98755b9-86ec-4aa5-aa28-57d7d958c4fa,https://councilrecord.ca/mapleridge.html#vote/1ikjstv,"That staff submit the ""2024 Maple Ridge Development Approvals Process and Documentation Enhancement Project"" requesting $150,000 to the UBCM Local Government Development Approvals Program and provide overall grant management, if the application is successful."
2024-02-27,Regular Council,11.4,Lower Mainland Local Government Association (LMLGA) 2024 Policy Resolutions Consider resolutions for submission to the 2024 LMLGA convention.,Main motion,Carried,7,0,0,,,In favour,In favour,In favour,In favour,In favour,In favour,In favour,Transportation; Governance & elections,1 of 4,,,https://pub-mapleridge.escribemeetings.com/filestream.ashx?DocumentId=3988,https://pub-mapleridge.escribemeetings.com/Players/ISIStandAlonePlayer.aspx?Id=d98755b9-86ec-4aa5-aa28-57d7d958c4fa,https://councilrecord.ca/mapleridge.html#vote/13enra7,"That Council endorse the following resolution for submission to the LMLGA convention ""BETTER SUPPORT FOR PUBLIC TRANSIT"""
2024-02-27,Regular Council,11.4,Lower Mainland Local Government Association (LMLGA) 2024 Policy Resolutions Consider resolutions for submission to the 2024 LMLGA convention.,Main motion,Carried,7,0,0,,,In favour,In favour,In favour,In favour,In favour,In favour,In favour,Governance & elections,2 of 4,,,https://pub-mapleridge.escribemeetings.com/filestream.ashx?DocumentId=3988,https://pub-mapleridge.escribemeetings.com/Players/ISIStandAlonePlayer.aspx?Id=d98755b9-86ec-4aa5-aa28-57d7d958c4fa,https://councilrecord.ca/mapleridge.html#vote/1wn17e8,"That Council endorse the following resolution for submission to the LMLGA convention ""COMMUNITY INFRASTRUCTURE"""
2024-02-27,Regular Council,11.4,Lower Mainland Local Government Association (LMLGA) 2024 Policy Resolutions Consider resolutions for submission to the 2024 LMLGA convention.,Main motion,Carried,7,0,0,,,In favour,In favour,In favour,In favour,In favour,In favour,In favour,Housing & density; Governance & elections,3 of 4,,,https://pub-mapleridge.escribemeetings.com/filestream.ashx?DocumentId=3988,https://pub-mapleridge.escribemeetings.com/Players/ISIStandAlonePlayer.aspx?Id=d98755b9-86ec-4aa5-aa28-57d7d958c4fa,https://councilrecord.ca/mapleridge.html#vote/1t9wgtl,"That Council endorse the following resolution for submission to the LMLGA convention ""CONSULTATION AND REVIEW OF RECENT BC 2023 FALL HOUSING LEGISLATION"""
2024-02-27,Regular Council,11.4,Lower Mainland Local Government Association (LMLGA) 2024 Policy Resolutions Consider resolutions for submission to the 2024 LMLGA convention.,Main motion,Carried,6,1,0,,,In favour,In favour,In favour,In favour,In favour,In favour,Against,Housing & density; Governance & elections,4 of 4,,,https://pub-mapleridge.escribemeetings.com/filestream.ashx?DocumentId=3988,https://pub-mapleridge.escribemeetings.com/Players/ISIStandAlonePlayer.aspx?Id=d98755b9-86ec-4aa5-aa28-57d7d958c4fa,https://councilrecord.ca/mapleridge.html#vote/qtugef,"That Council endorse the following resolution for submission to the LMLGA convention ""INCENTIVIZING NON-MARKET HOUSING"""
2024-02-27,Regular Council,11.5,Growing Community Reserve Fund Bylaw,Main motion,Carried,7,0,0,,,In favour,In favour,In favour,In favour,In favour,In favour,In favour,Taxes & spending,1 of 2,,,https://pub-mapleridge.escribemeetings.com/filestream.ashx?DocumentId=3988,https://pub-mapleridge.escribemeetings.com/Players/ISIStandAlonePlayer.aspx?Id=d98755b9-86ec-4aa5-aa28-57d7d958c4fa,https://councilrecord.ca/mapleridge.html#vote/1jkmx4c,"That Bylaw No. 7985-2024 be given first, second and third readings."
2024-02-27,Regular Council,11.5,Growing Community Reserve Fund Bylaw,Main motion,Carried,7,0,0,,,In favour,In favour,In favour,In favour,In favour,In favour,In favour,Taxes & spending; Transportation; Public services,2 of 2,,,https://pub-mapleridge.escribemeetings.com/filestream.ashx?DocumentId=3988,https://pub-mapleridge.escribemeetings.com/Players/ISIStandAlonePlayer.aspx?Id=d98755b9-86ec-4aa5-aa28-57d7d958c4fa,https://councilrecord.ca/mapleridge.html#vote/54w77q,"That the cost to provide the extended road, water, sanitary and storm sewer services at 12874 and 12933 Mill Street is, in whole or in part, excessive to the City and that the cost to provide these services shall be paid by the owners of the land being subdivided; and That Latecomer Charges be imposed for extended services on the parcels and in the amounts as set out in Schedule A; and further That the Corporate Officer be authorized to sign and seal Latecomer Agreement LC 181/23 with the subdivider of the lands at 12874 and 12933 Mill Street."
2024-02-27,Regular Council,11.7,Latecomer Agreement LC 183/24,Main motion,Carried,7,0,0,,,In favour,In favour,In favour,In favour,In favour,In favour,In favour,Taxes & spending; Public services,,,,https://pub-mapleridge.escribemeetings.com/filestream.ashx?DocumentId=3988,https://pub-mapleridge.escribemeetings.com/Players/ISIStandAlonePlayer.aspx?Id=d98755b9-86ec-4aa5-aa28-57d7d958c4fa,https://councilrecord.ca/mapleridge.html#vote/1p8j1s6,"That the cost to provide the extended sanitary sewer works at 24145 and 24185 110 Avenue is, in whole or in part, excessive to the City and that the cost to provide these services shall be paid by the owners of the land being subdivided; and That Latecomer Charges be imposed for extended services on the parcels and in the amounts as set out in Schedule A; and further That the Corporate Officer be authorized to sign and seal Latecomer Agreement LC 183/24 with the subdivider of the lands at 24145 110 Avenue."
2024-03-12,Regular Council,3.1,Approval of the Agenda,Main motion,Carried,7,0,0,,,In favour,In favour,In favour,In favour,In favour,In favour,In favour,Other,,,,https://pub-mapleridge.escribemeetings.com/filestream.ashx?DocumentId=3985,https://pub-mapleridge.escribemeetings.com/Players/ISIStandAlonePlayer.aspx?Id=84bb1250-e337-4fdb-a69d-e3f52a2acaec,https://councilrecord.ca/mapleridge.html#vote/elc5lt,"That the agenda for the March 12, 2024, Regular Council meeting be approved as circulated."
2024-03-12,Regular Council,4.1,Minutes,Main motion,Carried,7,0,0,,,In favour,In favour,In favour,In favour,In favour,In favour,In favour,Other,,,,https://pub-mapleridge.escribemeetings.com/filestream.ashx?DocumentId=3985,https://pub-mapleridge.escribemeetings.com/Players/ISIStandAlonePlayer.aspx?Id=84bb1250-e337-4fdb-a69d-e3f52a2acaec,https://councilrecord.ca/mapleridge.html#vote/1qetf12,"That the following minutes be adopted as circulated: • Report of Public Hearing - February 20, 2024 • Regular Council - February 27, 2024 • Special Council (to Close) - February 27, 2024 • Special Council (to Close) - March 5, 2024"
2024-03-12,Regular Council,9.1,Delegation of Procurement Authority Bylaw No. 7987-2024 and Procurement Policy,Main motion,Carried,7,0,0,,,In favour,In favour,In favour,In favour,In favour,In favour,In favour,Taxes & spending; Governance & elections,,,,https://pub-mapleridge.escribemeetings.com/filestream.ashx?DocumentId=3985,https://pub-mapleridge.escribemeetings.com/Players/ISIStandAlonePlayer.aspx?Id=84bb1250-e337-4fdb-a69d-e3f52a2acaec,https://councilrecord.ca/mapleridge.html#vote/1nuo44,1. That Maple Ridge Delegation of Procurement Authority Bylaw No. 7987-2024 be adopted; and 2. That amended Procurement Policy No. 5.45 be approved.
2024-03-12,Regular Council,9.2,Growing Community Reserve Fund Bylaw No. 7985-2024,Main motion,Carried,7,0,0,,,In favour,In favour,In favour,In favour,In favour,In favour,In favour,Taxes & spending,1 of 2,,,https://pub-mapleridge.escribemeetings.com/filestream.ashx?DocumentId=3985,https://pub-mapleridge.escribemeetings.com/Players/ISIStandAlonePlayer.aspx?Id=84bb1250-e337-4fdb-a69d-e3f52a2acaec,https://councilrecord.ca/mapleridge.html#vote/q51hoj,That Growing Community Reserve Fund Bylaw No. 7985-2024 be adopted.
2024-03-12,Regular Council,9.2,Growing Community Reserve Fund Bylaw No. 7985-2024,Main motion,Carried,7,0,0,,,In favour,In favour,In favour,In favour,In favour,In favour,In favour,Housing & density; Taxes & spending,2 of 2,,,https://pub-mapleridge.escribemeetings.com/filestream.ashx?DocumentId=3985,https://pub-mapleridge.escribemeetings.com/Players/ISIStandAlonePlayer.aspx?Id=84bb1250-e337-4fdb-a69d-e3f52a2acaec,https://councilrecord.ca/mapleridge.html#vote/1n25nw7,"That Housing Agreement Bylaw No. 7992-2024 for 22936, 22944, 22952, 22964 and 22974 Dewdney Trunk Road be given first, second and third reading."
2024-03-12,Regular Council,11,STAFF REPORTS,Main motion,Carried,7,0,0,,,In favour,In favour,In favour,In favour,In favour,In favour,In favour,Other,,,,https://pub-mapleridge.escribemeetings.com/filestream.ashx?DocumentId=3985,https://pub-mapleridge.escribemeetings.com/Players/ISIStandAlonePlayer.aspx?Id=84bb1250-e337-4fdb-a69d-e3f52a2acaec,https://councilrecord.ca/mapleridge.html#vote/h2a713,"That Section 2 of motion R/2024-CM-034, pertaining to the waiving of the Public Hearing for Zone Amending Bylaw No. 7830-2022, be rescinded; and That Zone Amending Bylaw No. 7830-2022 be forwarded to Public Hearing."
2024-03-26,Regular Council,3.1,Approval of the Agenda,Main motion,Carried,7,0,0,,,In favour,In favour,In favour,In favour,In favour,In favour,In favour,Other,,,,https://pub-mapleridge.escribemeetings.com/filestream.ashx?DocumentId=3983,https://pub-mapleridge.escribemeetings.com/Players/ISIStandAlonePlayer.aspx?Id=dac8d68f-24b0-4dc6-aca2-40506802a385,https://councilrecord.ca/mapleridge.html#vote/1u0uo61,"That the agenda for the March 26, 2024, Regular Council meeting be approved as circulated."
2024-03-26,Regular Council,4.1,Minutes,Main motion,Carried,7,0,0,,,In favour,In favour,In favour,In favour,In favour,In favour,In favour,Other,,,,https://pub-mapleridge.escribemeetings.com/filestream.ashx?DocumentId=3983,https://pub-mapleridge.escribemeetings.com/Players/ISIStandAlonePlayer.aspx?Id=dac8d68f-24b0-4dc6-aca2-40506802a385,https://councilrecord.ca/mapleridge.html#vote/cwnzug,"That the following minutes be adopted as circulated: • Special Council {to Close) - March 12, 2024 • Regular Council - March 12, 2024 • Report of Public Hearing - March 12, 2024"
2024-03-26,Regular Council,7,CONSENT AGENDA,Main motion,Carried,7,0,0,,,In favour,In favour,In favour,In favour,In favour,In favour,In favour,Other,,,,https://pub-mapleridge.escribemeetings.com/filestream.ashx?DocumentId=3983,https://pub-mapleridge.escribemeetings.com/Players/ISIStandAlonePlayer.aspx?Id=dac8d68f-24b0-4dc6-aca2-40506802a385,https://councilrecord.ca/mapleridge.html#vote/ogcrtu,"That the items contained in the March 26, 2024, Regular Council Consent Agenda be approved."
2024-03-26,Regular Council,9,BYLAWS,Main motion,Carried,7,0,0,,,In favour,In favour,In favour,In favour,In favour,In favour,In favour,Housing & density; Development,,,,https://pub-mapleridge.escribemeetings.com/filestream.ashx?DocumentId=3983,https://pub-mapleridge.escribemeetings.com/Players/ISIStandAlonePlayer.aspx?Id=dac8d68f-24b0-4dc6-aca2-40506802a385,https://councilrecord.ca/mapleridge.html#vote/9w9spr,"1. That Official Community Plan Amending Bylaw No. 7834-2022, be given third reading; 2. That Zone Amending Bylaw No. 7539-2019 be given third reading."
2024-03-26,Regular Council,9,BYLAWS,Main motion,Carried,7,0,0,,,In favour,In favour,In favour,In favour,In favour,In favour,In favour,Other,,,,https://pub-mapleridge.escribemeetings.com/filestream.ashx?DocumentId=3983,https://pub-mapleridge.escribemeetings.com/Players/ISIStandAlonePlayer.aspx?Id=dac8d68f-24b0-4dc6-aca2-40506802a385,https://councilrecord.ca/mapleridge.html#vote/1t3jrkb,1. That Zone Amending Bylaw No. 7982-2024 be given third reading; and 2. That the following terms and conditions be met prior to the final reading: i) Registration of a Restrictive Covenant to prohibit the provision of Opioid Agonist Therapy.
2024-04-09,Regular Council,3.1,Approval of the Agenda,Main motion,Carried,6,0,1,,,In favour,In favour,In favour,Absent,In favour,In favour,In favour,Other,,,,https://pub-mapleridge.escribemeetings.com/filestream.ashx?DocumentId=3981,https://pub-mapleridge.escribemeetings.com/Players/ISIStandAlonePlayer.aspx?Id=c7fa9ae0-4d1c-4e2f-b5a3-17ef89b17958,https://councilrecord.ca/mapleridge.html#vote/1xfcyl4,"That the agenda for the April 9, 2024, Regular Council meeting be approved as circulated."
2024-04-09,Regular Council,4.1,Minutes,Main motion,Carried,6,0,1,,,In favour,In favour,In favour,Absent,In favour,In favour,In favour,Other,,,,https://pub-mapleridge.escribemeetings.com/filestream.ashx?DocumentId=3981,https://pub-mapleridge.escribemeetings.com/Players/ISIStandAlonePlayer.aspx?Id=c7fa9ae0-4d1c-4e2f-b5a3-17ef89b17958,https://councilrecord.ca/mapleridge.html#vote/oh7g1u,"That the following minutes be adopted as circulated: • Special Council {to Close) - March 26, 2024 • Regular Council - March 26, 2024"
2024-04-09,Regular Council,7,CONSENT AGENDA,Main motion,Carried,6,0,1,,,In favour,In favour,In favour,Absent,In favour,In favour,In favour,Housing & density; Development; Governance & elections,,,,https://pub-mapleridge.escribemeetings.com/filestream.ashx?DocumentId=3981,https://pub-mapleridge.escribemeetings.com/Players/ISIStandAlonePlayer.aspx?Id=c7fa9ae0-4d1c-4e2f-b5a3-17ef89b17958,https://councilrecord.ca/mapleridge.html#vote/1gjbkep,"That the items contained in the April 9, 2024, Regular Council Consent Agenda be approved. 7.1 Metro Vancouver - Metro 2050 Proposed Amendments to Reflect the Electoral Area A Official Community Plan Correspondence dated March 21 , 2024 from George [name removed], Chair, Metro Vancouver Board 7.2 Metro Vancouver - Metro 2050 Type 3 Proposed Amendment to Reflect Accepted Regional Context Statements and Correct Minor Errors Correspondence dated March 21, 2024 from George [name removed], Chair, Metro Vancouver Board"
2024-04-09,Regular Council,9,BYLAWS,Main motion,Carried,6,0,1,,,In favour,In favour,In favour,Absent,In favour,In favour,In favour,Housing & density; Development,,,,https://pub-mapleridge.escribemeetings.com/filestream.ashx?DocumentId=3981,https://pub-mapleridge.escribemeetings.com/Players/ISIStandAlonePlayer.aspx?Id=c7fa9ae0-4d1c-4e2f-b5a3-17ef89b17958,https://councilrecord.ca/mapleridge.html#vote/x04ci1,1. That Official Community Plan Amending Bylaw No. 7265-2016 be adopted; and further 2. That Zone Amending Bylaw No. 7266-2016 be adopted.
2024-04-09,Regular Council,9,BYLAWS,Main motion,Carried,6,0,1,,,In favour,In favour,In favour,Absent,In favour,In favour,In favour,Transportation,,,,https://pub-mapleridge.escribemeetings.com/filestream.ashx?DocumentId=3981,https://pub-mapleridge.escribemeetings.com/Players/ISIStandAlonePlayer.aspx?Id=c7fa9ae0-4d1c-4e2f-b5a3-17ef89b17958,https://councilrecord.ca/mapleridge.html#vote/5zcz7e,"1. That Zone Amending Bylaw No. 7902-2023 be given second reading, and be forwarded to Public Hearing; 2. That the following terms and conditions be met prior to final reading: i) Road dedication on York Street as required; ii) Registration of a Restrictive Covenant for Duplex Design; iii) Registration of a Restrictive Covenant for Stormwater Management; iv) Removal of existing building; v) If the Director of Waste Management from the Ministry of Environment determines that a site investigation is required based on the submitted Site Disclosure Statement, a rezoning, development, or development variance permit cannot be approved until a release is obtained for the subject property; vi) In addition to the Ministry of Environment Site Disclosure Statement, a disclosure statement must be submitted by a Professional Engineer advising whether there is any evidence of underground fuel storage tanks on the subject property. If so, a Stage 1 Site Investigation Report is required to ensure that the subject property is not a contaminated site. vii) That a voluntary contribution, in the amount of $7,400.00 for the additional unit, or such rate applicable at third reading of this application, be provided in keeping with the Council Policy 6.31 with regard to Community Amenity Contributions."
2024-04-09,Regular Council,9.3,Maple Ridge 2024-2028 Financial Plan Bylaw No. 7989-2024,Main motion,Carried,5,1,1,,,In favour,In favour,In favour,Absent,In favour,In favour,Against,Taxes & spending,,,,https://pub-mapleridge.escribemeetings.com/filestream.ashx?DocumentId=3981,https://pub-mapleridge.escribemeetings.com/Players/ISIStandAlonePlayer.aspx?Id=c7fa9ae0-4d1c-4e2f-b5a3-17ef89b17958,https://councilrecord.ca/mapleridge.html#vote/1hbdxme,"That Maple Ridge 2024-2028 Financial Plan Bylaw No. 7989-2024 be given first, second and third reading."
2024-04-09,Regular Council,9.4,Maple Ridge Property Tax Rates Bylaw No. 7990-2024,Main motion,Carried,5,1,1,,,In favour,In favour,In favour,Absent,In favour,In favour,Against,Taxes & spending,1 of 2,,,https://pub-mapleridge.escribemeetings.com/filestream.ashx?DocumentId=3981,https://pub-mapleridge.escribemeetings.com/Players/ISIStandAlonePlayer.aspx?Id=c7fa9ae0-4d1c-4e2f-b5a3-17ef89b17958,https://councilrecord.ca/mapleridge.html#vote/wxov9c,"That Maple Ridge Property Tax Rates Bylaw No. 7990-2024 be given first, second and third reading."
2024-04-09,Regular Council,9.4,Maple Ridge Sewer Rate Amending Bylaw No. 7988-2024,Main motion,Carried,6,0,1,,,In favour,In favour,In favour,Absent,In favour,In favour,In favour,Public services,2 of 2,,,https://pub-mapleridge.escribemeetings.com/filestream.ashx?DocumentId=3981,https://pub-mapleridge.escribemeetings.com/Players/ISIStandAlonePlayer.aspx?Id=c7fa9ae0-4d1c-4e2f-b5a3-17ef89b17958,https://councilrecord.ca/mapleridge.html#vote/1307jn,"That Maple Ridge Sewer Rate Amending Bylaw No. 7988-2024 be given first, second and third reading."
2024-04-23,Regular Council,3.1,Approval of the Agenda,Main motion,Carried,7,0,0,,,In favour,In favour,In favour,In favour,In favour,In favour,In favour,Public services,,,,https://pub-mapleridge.escribemeetings.com/filestream.ashx?DocumentId=3979,https://pub-mapleridge.escribemeetings.com/Players/ISIStandAlonePlayer.aspx?Id=d24d5cd5-5539-47f4-a8e3-1735f12a8bbf,https://councilrecord.ca/mapleridge.html#vote/1rjp6qu,"That the agenda for the April 23, 2024, Regular Council meeting be approved as amended to include the supplemental agenda."
2024-04-23,Regular Council,4.1,Minutes,Main motion,Carried,7,0,0,,,In favour,In favour,In favour,In favour,In favour,In favour,In favour,Other,,,,https://pub-mapleridge.escribemeetings.com/filestream.ashx?DocumentId=3979,https://pub-mapleridge.escribemeetings.com/Players/ISIStandAlonePlayer.aspx?Id=d24d5cd5-5539-47f4-a8e3-1735f12a8bbf,https://councilrecord.ca/mapleridge.html#vote/1dh6u7l,"That the following minutes be adopted as circulated: • Regular Council - April 9, 2024 • Report of Public Hearing - April 16, 2024"
2024-04-23,Regular Council,7,CONSENT AGENDA,Main motion,Carried,7,0,0,,,In favour,In favour,In favour,In favour,In favour,In favour,In favour,Neighbourhood character; Public services; Governance & elections,,,,https://pub-mapleridge.escribemeetings.com/filestream.ashx?DocumentId=3979,https://pub-mapleridge.escribemeetings.com/Players/ISIStandAlonePlayer.aspx?Id=d24d5cd5-5539-47f4-a8e3-1735f12a8bbf,https://councilrecord.ca/mapleridge.html#vote/1i99pqj,"That the items on the April 23, 2024, Regular Council Consent Agenda be received into the record. 7.1 Committee and Taskforce Minutes Public Art Steering Committee - February 1, 2024 Social Policy Advisory Committee - February 7, 2024 - March 13 , 2024 (Special Meeting) Transportation Advisory Committee - January 31, 2024 Document: 3782372 Re gu lar Co un c il Meetin g Minutes April 23, 2024 Pa ge 3 of 7 7.2 Engagement Phase1 Report - Recreation Feasibility Study Review of engagement results which includes feedback from residents, community and user groups and other interested parties."
2024-04-23,Regular Council,9,BYLAWS,Main motion,Carried,7,0,0,,,In favour,In favour,In favour,In favour,In favour,In favour,In favour,Development,,,,https://pub-mapleridge.escribemeetings.com/filestream.ashx?DocumentId=3979,https://pub-mapleridge.escribemeetings.com/Players/ISIStandAlonePlayer.aspx?Id=d24d5cd5-5539-47f4-a8e3-1735f12a8bbf,https://councilrecord.ca/mapleridge.html#vote/6lsawo,"1. That Zone Amending Bylaw No. 7958-2023 be given second reading, and be forwarded to Public Hearing; 2. That the following terms and conditions be met prior to final reading: i. Registration of a Rezoning Servicing Agreement as a Restrictive Covenant and receipt of the deposit of a security, as outlined in the Agreement; ii. Road dedication on Glenhurst Street as required; iii. Registration of a Restrictive Covenant for Stormwater Management; iv. Removal of existing building; v. If the Director of Waste Management from the Ministry of Environment determines that a site investigation is required based on the submitted Site Disclosure Statement, a rezoning, development, or development variance permit cannot be approved until a release is obtained for the subject property; vi. In addition to the Ministry of Environment Site Disclosure Statement, a disclosure statement must be submitted by a Professional Engineer advising whether there is any evidence of underground fuel storage tanks on the subject property. If so, a Stage 1 Site Investigation Report is required to ensure that the subject property is not a contaminated site; and, vii. That a voluntary contribution, in the amount of $9,200.00 for the additional lot or such rate applicable at third reading of this application, be provided in keeping with the Council Policy 6.31 with regard to Community Amenity Contributions."
2024-04-23,Regular Council,9,BYLAWS,Main motion,Carried,7,0,0,,,In favour,In favour,In favour,In favour,In favour,In favour,In favour,Other,,,,https://pub-mapleridge.escribemeetings.com/filestream.ashx?DocumentId=3979,https://pub-mapleridge.escribemeetings.com/Players/ISIStandAlonePlayer.aspx?Id=d24d5cd5-5539-47f4-a8e3-1735f12a8bbf,https://councilrecord.ca/mapleridge.html#vote/18xwzzr,That Zone Amending Bylaw No. 7830-2022 be given third reading.
2024-04-23,Regular Council,9.3,Maple Ridge Council Code of Conduct Amending Bylaw No. 7995-2024 To remove certain duties from the Integrity Commissioner position .,Main motion,Carried,7,0,0,,,In favour,In favour,In favour,In favour,In favour,In favour,In favour,Governance & elections,1 of 3,,,https://pub-mapleridge.escribemeetings.com/filestream.ashx?DocumentId=3979,https://pub-mapleridge.escribemeetings.com/Players/ISIStandAlonePlayer.aspx?Id=d24d5cd5-5539-47f4-a8e3-1735f12a8bbf,https://councilrecord.ca/mapleridge.html#vote/16woce8,"hat the Maple Ridge Council Code of Conduct Amending Bylaw No. 7995-2024 be given first, second and third reading."
2024-04-23,Regular Council,9.3,Maple Ridge Council Code of Conduct Amending Bylaw No. 7995-2024 To remove certain duties from the Integrity Commissioner position .,Main motion,Carried,7,0,0,,,In favour,In favour,In favour,In favour,In favour,In favour,In favour,Housing & density; Development; Governance & elections,2 of 3,,,https://pub-mapleridge.escribemeetings.com/filestream.ashx?DocumentId=3979,https://pub-mapleridge.escribemeetings.com/Players/ISIStandAlonePlayer.aspx?Id=d24d5cd5-5539-47f4-a8e3-1735f12a8bbf,https://councilrecord.ca/mapleridge.html#vote/ur5ib9,That Maple Ridge Official Community Plan Amending Bylaw No. 7942-2023 be adopted: and That Maple Ridge Zone Amending Bylaw No. 7844-2022 be adopted.
2024-04-23,Regular Council,9.3,Maple Ridge Council Code of Conduct Amending Bylaw No. 7995-2024 To remove certain duties from the Integrity Commissioner position .,Main motion,Carried,7,0,0,,,In favour,In favour,In favour,In favour,In favour,In favour,In favour,Housing & density; Development; Governance & elections,3 of 3,,,https://pub-mapleridge.escribemeetings.com/filestream.ashx?DocumentId=3979,https://pub-mapleridge.escribemeetings.com/Players/ISIStandAlonePlayer.aspx?Id=d24d5cd5-5539-47f4-a8e3-1735f12a8bbf,https://councilrecord.ca/mapleridge.html#vote/9yavw8,That Maple Ridge Official Community Plan Amending Bylaw No. 7839-2022 be adopted; and That Maple Ridge Zone Amending Bylaw No. 7725-2021 be adopted.
2024-04-23,Regular Council,9.6,Maple Ridge 2024-2028 Financial Plan Bylaw No. 7989-2024,Main motion,Carried,6,1,0,,,In favour,In favour,In favour,In favour,In favour,In favour,Against,Taxes & spending,,,,https://pub-mapleridge.escribemeetings.com/filestream.ashx?DocumentId=3979,https://pub-mapleridge.escribemeetings.com/Players/ISIStandAlonePlayer.aspx?Id=d24d5cd5-5539-47f4-a8e3-1735f12a8bbf,https://councilrecord.ca/mapleridge.html#vote/1jfr5sq,That Maple Ridge 2024-2028 Financial Plan Bylaw No. 7989-2024 adopted.
2024-04-23,Regular Council,9.7,Maple Ridge Property Tax Rates Bylaw No. 7990-2024,Main motion,Carried,6,1,0,,,In favour,In favour,In favour,In favour,In favour,In favour,Against,Taxes & spending,,,,https://pub-mapleridge.escribemeetings.com/filestream.ashx?DocumentId=3979,https://pub-mapleridge.escribemeetings.com/Players/ISIStandAlonePlayer.aspx?Id=d24d5cd5-5539-47f4-a8e3-1735f12a8bbf,https://councilrecord.ca/mapleridge.html#vote/ycwn4j,That Maple Ridge Property Tax Rates Bylaw No. 7990-2024 adopted.
2024-04-23,Regular Council,9.8,Maple Ridge Sewer Rate Amending Bylaw No. 7988-2024,Main motion,Carried,7,0,0,,,In favour,In favour,In favour,In favour,In favour,In favour,In favour,Public services,,,,https://pub-mapleridge.escribemeetings.com/filestream.ashx?DocumentId=3979,https://pub-mapleridge.escribemeetings.com/Players/ISIStandAlonePlayer.aspx?Id=d24d5cd5-5539-47f4-a8e3-1735f12a8bbf,https://councilrecord.ca/mapleridge.html#vote/1qzzk1m,That Maple Ridge Sewer Rate Amending Bylaw No. 7988-2024 adopted.
2024-04-23,Regular Council,10,COMMITTEE REPORTS AND RECOMMENDATIONS,Main motion,Carried,7,0,0,,,In favour,In favour,In favour,In favour,In favour,In favour,In favour,Governance & elections,,,,https://pub-mapleridge.escribemeetings.com/filestream.ashx?DocumentId=3979,https://pub-mapleridge.escribemeetings.com/Players/ISIStandAlonePlayer.aspx?Id=d24d5cd5-5539-47f4-a8e3-1735f12a8bbf,https://councilrecord.ca/mapleridge.html#vote/gmfdhs,"That the Corporate Officer be authorized to sign and seal 2022-229-VP respecting the properties located at 11070 Lockwood Street, and 25024, 25038, and 24984 112 Avenue."
2024-04-23,Regular Council,10,COMMITTEE REPORTS AND RECOMMENDATIONS,Main motion,Carried,7,0,0,,,In favour,In favour,In favour,In favour,In favour,In favour,In favour,Governance & elections,,,,https://pub-mapleridge.escribemeetings.com/filestream.ashx?DocumentId=3979,https://pub-mapleridge.escribemeetings.com/Players/ISIStandAlonePlayer.aspx?Id=d24d5cd5-5539-47f4-a8e3-1735f12a8bbf,https://councilrecord.ca/mapleridge.html#vote/1sj0gfs,That the Corporate Officer be authorized to sign and seal 2021-131-VP respecting property located at 23103 136 Avenue.
2024-04-23,Regular Council,10,COMMITTEE REPORTS AND RECOMMENDATIONS,Main motion,Carried,7,0,0,,,In favour,In favour,In favour,In favour,In favour,In favour,In favour,Taxes & spending; Environment & climate; Governance & elections,,,,https://pub-mapleridge.escribemeetings.com/filestream.ashx?DocumentId=3979,https://pub-mapleridge.escribemeetings.com/Players/ISIStandAlonePlayer.aspx?Id=d24d5cd5-5539-47f4-a8e3-1735f12a8bbf,https://councilrecord.ca/mapleridge.html#vote/3utb7k,"That $30,000 of the Local Government Climate Action Program funding be allocated for the development of Green Infrastructure Design Criteria, Guidelines, Performance Measures and Standards."
2024-04-23,Regular Council,10,COMMITTEE REPORTS AND RECOMMENDATIONS,Main motion,Carried,7,0,0,,,In favour,In favour,In favour,In favour,In favour,In favour,In favour,Transportation; Parks & recreation; Governance & elections,,,,https://pub-mapleridge.escribemeetings.com/filestream.ashx?DocumentId=3979,https://pub-mapleridge.escribemeetings.com/Players/ISIStandAlonePlayer.aspx?Id=d24d5cd5-5539-47f4-a8e3-1735f12a8bbf,https://councilrecord.ca/mapleridge.html#vote/1qiz2b5,"That Council be added as a supportive signatory to the ""Open Letter to Rob Fleming, Minister of Transportation and Infrastructure; and Dan Coulter, Minister of State for Infrastructure and Transit"" and recommend Translink research and explore the calls to action outlined."
2024-05-14,Regular Council,3.1,Approval of the Agenda,Main motion,Carried,7,0,0,,,In favour,In favour,In favour,In favour,In favour,In favour,In favour,Public services,,,,https://pub-mapleridge.escribemeetings.com/filestream.ashx?DocumentId=3977,https://pub-mapleridge.escribemeetings.com/Players/ISIStandAlonePlayer.aspx?Id=8453e4db-3c77-4096-8e8e-2c97da940ffd,https://councilrecord.ca/mapleridge.html#vote/1m382zn,"That the agenda for the May 14, 2024, Regular Council meeting be approved as amended to include the supplemental agenda."
2024-05-14,Regular Council,4.1,Minutes,Main motion,Carried,7,0,0,,,In favour,In favour,In favour,In favour,In favour,In favour,In favour,Environment & climate,,,,https://pub-mapleridge.escribemeetings.com/filestream.ashx?DocumentId=3977,https://pub-mapleridge.escribemeetings.com/Players/ISIStandAlonePlayer.aspx?Id=8453e4db-3c77-4096-8e8e-2c97da940ffd,https://councilrecord.ca/mapleridge.html#vote/q4k11c,"That the following minutes be adopted as circulated: • Mayors Taskforce on Climate Action - April 22, 2024 • Regular Council - April 23, 2024"
2024-05-14,Regular Council,7,CONSENT AGENDA,Main motion,Carried,7,0,0,,,In favour,In favour,In favour,In favour,In favour,In favour,In favour,Other,,,,https://pub-mapleridge.escribemeetings.com/filestream.ashx?DocumentId=3977,https://pub-mapleridge.escribemeetings.com/Players/ISIStandAlonePlayer.aspx?Id=8453e4db-3c77-4096-8e8e-2c97da940ffd,https://councilrecord.ca/mapleridge.html#vote/14ia0c5,"That the information contained in the following items on the May 14, 2024 Regular Council Consent Agenda be received into record. 7.1 Disbursements for month ended March 31, 2024 Staff report dated May 14, 2024, recommending that disbursements for the month ended March 31, 2024, be received for information. 7.2 Committee Minutes Agricultural Advisory Committee - February 22, 2024 Advisory Desing Panel - January 17, 2024 Economic Development Committee - January 25, 2024 Municipal Advisory Committee on Accessibility and Inclusiveness - February 15, 2024 - March 13 , 2024"
2024-05-14,Regular Council,9.1,Maple Ridge Council Code of Conduct Amending Bylaw No. 7995-2024 To remove certain duties from the Integrity Commissioner position.,Main motion,Carried,7,0,0,,,In favour,In favour,In favour,In favour,In favour,In favour,In favour,Governance & elections,1 of 2,,,https://pub-mapleridge.escribemeetings.com/filestream.ashx?DocumentId=3977,https://pub-mapleridge.escribemeetings.com/Players/ISIStandAlonePlayer.aspx?Id=8453e4db-3c77-4096-8e8e-2c97da940ffd,https://councilrecord.ca/mapleridge.html#vote/s62m3p,That the Maple Ridge Council Code of Conduct Amending Bylaw No. 7995-2024 be adopted.
2024-05-14,Regular Council,9.1,Maple Ridge Council Code of Conduct Amending Bylaw No. 7995-2024 To remove certain duties from the Integrity Commissioner position.,Main motion,Carried,7,0,0,,,In favour,In favour,In favour,In favour,In favour,In favour,In favour,Taxes & spending; Governance & elections,2 of 2,,,https://pub-mapleridge.escribemeetings.com/filestream.ashx?DocumentId=3977,https://pub-mapleridge.escribemeetings.com/Players/ISIStandAlonePlayer.aspx?Id=8453e4db-3c77-4096-8e8e-2c97da940ffd,https://councilrecord.ca/mapleridge.html#vote/1o1m4bm,That the 2023 Consolidated Financial Statements be approved.
2024-05-28,Regular Council,3.1,Approval of the Agenda,Main motion,Carried,7,0,0,,,In favour,In favour,In favour,In favour,In favour,In favour,In favour,Public services,,,,https://pub-mapleridge.escribemeetings.com/filestream.ashx?DocumentId=3975,,https://councilrecord.ca/mapleridge.html#vote/1pgbqw5,"That the agenda for the May 28, 2024, Regular Council meeting be approved as amended to include the supplemental agenda."
2024-05-28,Regular Council,4.1,Minutes,Main motion,Carried,7,0,0,,,In favour,In favour,In favour,In favour,In favour,In favour,In favour,Other,,,,https://pub-mapleridge.escribemeetings.com/filestream.ashx?DocumentId=3975,,https://councilrecord.ca/mapleridge.html#vote/jd1bub,"That the following minutes be adopted as circulated: • Regular Council- May 14, 2024 • Report of Public Hearing - May 21, 2024"
2024-05-28,Regular Council,7,CONSENT AGENDA,Main motion,Carried,7,0,0,,,In favour,In favour,In favour,In favour,In favour,In favour,In favour,Other,,,,https://pub-mapleridge.escribemeetings.com/filestream.ashx?DocumentId=3975,,https://councilrecord.ca/mapleridge.html#vote/okhn92,"That the information contained in the following items on the May 28, 2024 Regular Council Consent Agenda be received into record. 7.1 2024 Council Expenses Staff report dated May 28, 2024, Council expenses recorded to April 30, 2024. Document: 3818592 May 28 , 2024 Pag e 3 of 5 7.2 UBCM - 2024 LMLGA Resolutions Correspondence from Councillor Trish Mandewo, UBCM President 7.3 Committee Minutes Audit and Finance Committee - January 23, 2024 Mayors Taskforce on Climate Action - March 4, 2024"
2024-05-28,Regular Council,9,BYLAWS,Main motion,Carried,7,0,0,,,In favour,In favour,In favour,In favour,In favour,In favour,In favour,Other,,,,https://pub-mapleridge.escribemeetings.com/filestream.ashx?DocumentId=3975,,https://councilrecord.ca/mapleridge.html#vote/982rhq,1. That Zone Amending Bylaw No. 7996-2024 be given first and second readings and; 2. That a Public Hearing for Zone Amending Bylaw No. 7996-2024 be waived in accordance with the Local Government Act Section 464(2).
2024-05-28,Regular Council,9,BYLAWS,Main motion,Carried,7,0,0,,,In favour,In favour,In favour,In favour,In favour,In favour,In favour,Other,,,,https://pub-mapleridge.escribemeetings.com/filestream.ashx?DocumentId=3975,,https://councilrecord.ca/mapleridge.html#vote/14dp6va,That Zone Amending Bylaw No. 7902-2023 be given third reading.
2024-05-28,Regular Council,9,BYLAWS,Main motion,Carried,7,0,0,,,In favour,In favour,In favour,In favour,In favour,In favour,In favour,Other,,,,https://pub-mapleridge.escribemeetings.com/filestream.ashx?DocumentId=3975,,https://councilrecord.ca/mapleridge.html#vote/doxsp6,That Zone Amending Bylaw No. 7958-2023 be given third reading.
2024-05-28,Regular Council,11.1,Seasonal Curbside Patio Program Update,Main motion,Carried,7,0,0,,,In favour,In favour,In favour,In favour,In favour,In favour,In favour,Business & economy,1 of 2,,,https://pub-mapleridge.escribemeetings.com/filestream.ashx?DocumentId=3975,,https://councilrecord.ca/mapleridge.html#vote/jszktw,That Council receive the Seasonal Curbside Patio Program Update for information.
2024-05-28,Regular Council,11.1,Seasonal Curbside Patio Program Update,Main motion,Carried,7,0,0,,,In favour,In favour,In favour,In favour,In favour,In favour,In favour,Business & economy,2 of 2,,,https://pub-mapleridge.escribemeetings.com/filestream.ashx?DocumentId=3975,,https://councilrecord.ca/mapleridge.html#vote/dngo5g,That Council receive the Quarterly Report Q1 2024 for information.
2024-06-11,Regular Council,3.1,Approval of the Agenda,Main motion,Carried,6,0,1,,,In favour,In favour,Absent,In favour,In favour,In favour,In favour,Other,,,,https://pub-mapleridge.escribemeetings.com/filestream.ashx?DocumentId=3973,https://pub-mapleridge.escribemeetings.com/Players/ISIStandAlonePlayer.aspx?Id=36a787b9-d46a-4021-a396-41e92d2a8898,https://councilrecord.ca/mapleridge.html#vote/1jyfl1x,"That the agenda for the June 11,2024, Regular Council meeting be approved as circulated"
2024-06-11,Regular Council,4.1,Minutes,Main motion,Carried,6,0,1,,,In favour,In favour,Absent,In favour,In favour,In favour,In favour,Other,,,,https://pub-mapleridge.escribemeetings.com/filestream.ashx?DocumentId=3973,https://pub-mapleridge.escribemeetings.com/Players/ISIStandAlonePlayer.aspx?Id=36a787b9-d46a-4021-a396-41e92d2a8898,https://councilrecord.ca/mapleridge.html#vote/1sp3tfg,"That the following minutes of the Regular Council Meeting of May 28,2O24be adopted as circulated"
2024-06-11,Regular Council,7,CONSENTAGENDA,Main motion,Carried,6,0,1,,,In favour,In favour,Absent,In favour,In favour,In favour,In favour,Other,,,,https://pub-mapleridge.escribemeetings.com/filestream.ashx?DocumentId=3973,https://pub-mapleridge.escribemeetings.com/Players/ISIStandAlonePlayer.aspx?Id=36a787b9-d46a-4021-a396-41e92d2a8898,https://councilrecord.ca/mapleridge.html#vote/jt7r7j,"That the information contained in the following items on the June 1 1, 2024 Regular Council Consent Agenda be received into record."
2024-06-11,Regular Council,9,BYLAWS,Main motion,Carried,6,0,1,,,In favour,In favour,Absent,In favour,In favour,In favour,In favour,Other,,,,https://pub-mapleridge.escribemeetings.com/filestream.ashx?DocumentId=3973,https://pub-mapleridge.escribemeetings.com/Players/ISIStandAlonePlayer.aspx?Id=36a787b9-d46a-4021-a396-41e92d2a8898,https://councilrecord.ca/mapleridge.html#vote/19rjogl,That Zone Amending Bylaw No. 7821-2021 be adopted
2024-06-11,Regular Council,10.1,Housing Legislation Amendments - Small Scale Multi Unit Housing (SSMUH) 8¿ Transit- Oriented Area flOA) Regulatory Requirements,Main motion,Carried,6,0,1,,,In favour,In favour,Absent,In favour,In favour,In favour,In favour,Housing & density; Transportation,1 of 10,,,https://pub-mapleridge.escribemeetings.com/filestream.ashx?DocumentId=3973,https://pub-mapleridge.escribemeetings.com/Players/ISIStandAlonePlayer.aspx?Id=36a787b9-d46a-4021-a396-41e92d2a8898,https://councilrecord.ca/mapleridge.html#vote/17fjsfc,"That, pursuant to Section 481.3(7) of the Local Government Act, the Provincial Policy Manualand Site Standards for Small-Scale Multi-Unit Housing, as outlined in the ""Small Scale Multi Unit Housing (SSMUH) Update and Policy Manual Considerations"" report presented at the May 14, 2O24 CouncilWorkshop, was considered and no further consideration of the Provincial Poliry Manual and Site Standards is required at this time;"
2024-06-11,Regular Council,10.1,Housing Legislation Amendments - Small Scale Multi Unit Housing (SSMUH) 8¿ Transit- Oriented Area flOA) Regulatory Requirements,Main motion,Carried,6,0,1,,,In favour,In favour,Absent,In favour,In favour,In favour,In favour,Housing & density; Transportation,2 of 10,,,https://pub-mapleridge.escribemeetings.com/filestream.ashx?DocumentId=3973,https://pub-mapleridge.escribemeetings.com/Players/ISIStandAlonePlayer.aspx?Id=36a787b9-d46a-4021-a396-41e92d2a8898,https://councilrecord.ca/mapleridge.html#vote/1sfaaiv,"That, pursuant to Section 479(6) and 525.1 (a) of the Local Government Act, the Provincial Policy Manual: Transit-Oriented Areas, as outlined in the ""Housing Legislation Amendments - Transit-Oriented Area (TOA) Designation Bylaw"" repoÉ presented at the June 4, 2O24 Committee of the Whole meeting, was considered, and no further consideration of the Provincial Policy Manual: Transit-Oriented Area is required at this time;"
2024-06-11,Regular Council,10.1,Housing Legislation Amendments - Small Scale Multi Unit Housing (SSMUH) 8¿ Transit- Oriented Area flOA) Regulatory Requirements,Main motion,Carried,6,0,1,,,In favour,In favour,Absent,In favour,In favour,In favour,In favour,Housing & density; Transportation,3 of 10,,,https://pub-mapleridge.escribemeetings.com/filestream.ashx?DocumentId=3973,https://pub-mapleridge.escribemeetings.com/Players/ISIStandAlonePlayer.aspx?Id=36a787b9-d46a-4021-a396-41e92d2a8898,https://councilrecord.ca/mapleridge.html#vote/p5tokk,"That the Maple Ridge Zone Amending Bylaw No. 7998-2O24 be given first, second and third reading;"
2024-06-11,Regular Council,10.1,Housing Legislation Amendments - Small Scale Multi Unit Housing (SSMUH) 8¿ Transit- Oriented Area flOA) Regulatory Requirements,Main motion,Carried,6,0,1,,,In favour,In favour,Absent,In favour,In favour,In favour,In favour,Housing & density; Transportation,4 of 10,,,https://pub-mapleridge.escribemeetings.com/filestream.ashx?DocumentId=3973,https://pub-mapleridge.escribemeetings.com/Players/ISIStandAlonePlayer.aspx?Id=36a787b9-d46a-4021-a396-41e92d2a8898,https://councilrecord.ca/mapleridge.html#vote/so7brt,"That the Maple Ridge Off-Street Parking and Loading Amending Bylaw No. 8000- 2024 be given first, second and third reading; and"
2024-06-11,Regular Council,10.1,Housing Legislation Amendments - Small Scale Multi Unit Housing (SSMUH) 8¿ Transit- Oriented Area flOA) Regulatory Requirements,Main motion,Carried,6,0,1,,,In favour,In favour,Absent,In favour,In favour,In favour,In favour,Housing & density; Development; Transportation; Governance & elections,5 of 10,,,https://pub-mapleridge.escribemeetings.com/filestream.ashx?DocumentId=3973,https://pub-mapleridge.escribemeetings.com/Players/ISIStandAlonePlayer.aspx?Id=36a787b9-d46a-4021-a396-41e92d2a8898,https://councilrecord.ca/mapleridge.html#vote/oiqcuz,"That a one year extension beyond that provided in Sections 1 1 and 16 of the Maple Ridge Development Procedures Bylaw No. 5879-1999 and Section 13.4 of Maple Ridge Subdivision and Development Servicing Bylaw No.4800-1993 be available for in-stream applications rezoning or subdividing to the R-4, R-3, R-2, R-1, RS-lb, and RT-l zones."
2024-06-11,Regular Council,10.1,Housing Legislation Amendments - Small Scale Multi Unit Housing (SSMUH) 8¿ Transit- Oriented Area flOA) Regulatory Requirements,Main motion,Carried,6,0,1,,,In favour,In favour,Absent,In favour,In favour,In favour,In favour,Housing & density; Transportation,6 of 10,,,https://pub-mapleridge.escribemeetings.com/filestream.ashx?DocumentId=3973,https://pub-mapleridge.escribemeetings.com/Players/ISIStandAlonePlayer.aspx?Id=36a787b9-d46a-4021-a396-41e92d2a8898,https://councilrecord.ca/mapleridge.html#vote/1lxg9pt,"That, pursuant to Section 585.52(3) of the Local Government Act, the Provincial Policy Manual: Transit-Oriented Areas has been considered and no further consideration of the Provincial Policy Manual is required at this time;"
2024-06-11,Regular Council,10.1,Housing Legislation Amendments - Small Scale Multi Unit Housing (SSMUH) 8¿ Transit- Oriented Area flOA) Regulatory Requirements,Main motion,Carried,6,0,1,,,In favour,In favour,Absent,In favour,In favour,In favour,In favour,Housing & density; Transportation,7 of 10,,,https://pub-mapleridge.escribemeetings.com/filestream.ashx?DocumentId=3973,https://pub-mapleridge.escribemeetings.com/Players/ISIStandAlonePlayer.aspx?Id=36a787b9-d46a-4021-a396-41e92d2a8898,https://councilrecord.ca/mapleridge.html#vote/18sk3cp,"That the Maple Ridge Transit-Oriented Area Designation Bylaw No. 8001 -2O24 be given first, second and third reading; and"
2024-06-11,Regular Council,10.1,Housing Legislation Amendments - Small Scale Multi Unit Housing (SSMUH) 8¿ Transit- Oriented Area flOA) Regulatory Requirements,Main motion,Carried,6,0,1,,,In favour,In favour,Absent,In favour,In favour,In favour,In favour,Housing & density; Development; Transportation,8 of 10,,,https://pub-mapleridge.escribemeetings.com/filestream.ashx?DocumentId=3973,https://pub-mapleridge.escribemeetings.com/Players/ISIStandAlonePlayer.aspx?Id=36a787b9-d46a-4021-a396-41e92d2a8898,https://councilrecord.ca/mapleridge.html#vote/1h2jxn6,"That the Transit-Oriented Areas Land Use Planning Process, as outlined in Section 2.1ol the report titled ""Housing Legislation Amendments - Transit-Oriented Area (TOA) Bylaw"" and dated June 4, 2024, be endorsed."
2024-06-11,Regular Council,10.1,Housing Legislation Amendments - Small Scale Multi Unit Housing (SSMUH) 8¿ Transit- Oriented Area flOA) Regulatory Requirements,Main motion,Carried,6,0,1,,,In favour,In favour,Absent,In favour,In favour,In favour,In favour,Housing & density; Development; Transportation,9 of 10,,,https://pub-mapleridge.escribemeetings.com/filestream.ashx?DocumentId=3973,https://pub-mapleridge.escribemeetings.com/Players/ISIStandAlonePlayer.aspx?Id=36a787b9-d46a-4021-a396-41e92d2a8898,https://councilrecord.ca/mapleridge.html#vote/1ew10fm,"That the Corporate Officer be authorized to sign and seal 2021-571-DVP to reduce the required lot depth in the R-l zone and waive general provisions of Zoning Bylaw No.7600-2019, respecting property located at 12390 216 Street."
2024-06-11,Regular Council,10.1,Housing Legislation Amendments - Small Scale Multi Unit Housing (SSMUH) 8¿ Transit- Oriented Area flOA) Regulatory Requirements,Main motion,Carried,6,0,1,,,In favour,In favour,Absent,In favour,In favour,In favour,In favour,Housing & density; Transportation,10 of 10,,,https://pub-mapleridge.escribemeetings.com/filestream.ashx?DocumentId=3973,https://pub-mapleridge.escribemeetings.com/Players/ISIStandAlonePlayer.aspx?Id=36a787b9-d46a-4021-a396-41e92d2a8898,https://councilrecord.ca/mapleridge.html#vote/uynh8c,"That the Corporate Officer be authorized to sign and seal 2024-134-DVP respecting property focated at 10392 and 10393 2404 Street (Formerly 24060,24O28 and 24022 l04Avenue and 10386 240 Street), and extension of 2O17-510-DVP; and That the Corporate Officer be authorized to sign and seal 2024-134-DP respecting property located at 10392 and 10393 240A Street (Formerly 24060,24O28 and 24022 104 Avenue and 10386 240 Street), and extension of 2017-51O-DP"
2024-06-11,Regular Council,10.5,Development Cost Charge Bylaw Update,Main motion,Carried,6,0,1,,,In favour,In favour,Absent,In favour,In favour,In favour,In favour,Development; Taxes & spending,,,,https://pub-mapleridge.escribemeetings.com/filestream.ashx?DocumentId=3973,https://pub-mapleridge.escribemeetings.com/Players/ISIStandAlonePlayer.aspx?Id=36a787b9-d46a-4021-a396-41e92d2a8898,https://councilrecord.ca/mapleridge.html#vote/1j21an8,That Council receive the Development Cost Charge Bylaw Update for information
2024-06-25,Regular Council,3.1,Approval of the Agenda,Main motion,Carried,5,0,2,,,In favour,In favour,In favour,In favour,In favour,Absent,Absent,Public services,,,,https://pub-mapleridge.escribemeetings.com/filestream.ashx?DocumentId=3971,https://pub-mapleridge.escribemeetings.com/Players/ISIStandAlonePlayer.aspx?Id=17854f24-03c7-404e-a0cb-bdc5363bc99b,https://councilrecord.ca/mapleridge.html#vote/1wbik3t,"That the agenda for the June 25, 2024, Regular Council meeting be approved with the addition of the Supplemental Agenda as circulated."
2024-06-25,Regular Council,4.1,Minutes,Main motion,Carried,5,0,2,,,In favour,In favour,In favour,In favour,In favour,Absent,Absent,Other,,,,https://pub-mapleridge.escribemeetings.com/filestream.ashx?DocumentId=3971,https://pub-mapleridge.escribemeetings.com/Players/ISIStandAlonePlayer.aspx?Id=17854f24-03c7-404e-a0cb-bdc5363bc99b,https://councilrecord.ca/mapleridge.html#vote/1u2gsnr,"That the following minutes of the Regular Council Meeting of June 11 , 2024 be adopted as circulated."
2024-06-25,Regular Council,7,CONSENT AGENDA,Main motion,Carried,5,0,2,,,In favour,In favour,In favour,In favour,In favour,Absent,Absent,Other,,,,https://pub-mapleridge.escribemeetings.com/filestream.ashx?DocumentId=3971,https://pub-mapleridge.escribemeetings.com/Players/ISIStandAlonePlayer.aspx?Id=17854f24-03c7-404e-a0cb-bdc5363bc99b,https://councilrecord.ca/mapleridge.html#vote/1ht06ix,"That the information contained in the following items on the June 25, 2024 Regular Council Consent Agenda be received into record."
2024-06-25,Regular Council,9,BYLAWS,Main motion,Carried,5,0,2,,,In favour,In favour,In favour,In favour,In favour,Absent,Absent,Housing & density; Development,,,,https://pub-mapleridge.escribemeetings.com/filestream.ashx?DocumentId=3971,https://pub-mapleridge.escribemeetings.com/Players/ISIStandAlonePlayer.aspx?Id=17854f24-03c7-404e-a0cb-bdc5363bc99b,https://councilrecord.ca/mapleridge.html#vote/12967ug,1. That the Second and Third Reading of the Official Community Plan Amending Bylaw No. 7803-2021 be Rescinded; and 2. That Official Community Plan Amending Bylaw No. 7803-2021 be given second reading as amended and forwarded to Public Hearing;
2024-06-25,Regular Council,9,BYLAWS,Main motion,Carried,5,0,2,,,In favour,In favour,In favour,In favour,In favour,Absent,Absent,Other,,,,https://pub-mapleridge.escribemeetings.com/filestream.ashx?DocumentId=3971,https://pub-mapleridge.escribemeetings.com/Players/ISIStandAlonePlayer.aspx?Id=17854f24-03c7-404e-a0cb-bdc5363bc99b,https://councilrecord.ca/mapleridge.html#vote/17noax9,3. That the Second and Third Reading of the Zone Amending Bylaw No. 7812- 2021 be Rescinded and; 4. That Zone Amending Bylaw No. 7812-2021 be given second reading as amended and forwarded to Public Hearing;
2024-06-25,Regular Council,9,BYLAWS,Main motion,Carried,5,0,2,,,In favour,In favour,In favour,In favour,In favour,Absent,Absent,Development,,,,https://pub-mapleridge.escribemeetings.com/filestream.ashx?DocumentId=3971,https://pub-mapleridge.escribemeetings.com/Players/ISIStandAlonePlayer.aspx?Id=17854f24-03c7-404e-a0cb-bdc5363bc99b,https://councilrecord.ca/mapleridge.html#vote/os8dc3,"5. That the following terms and conditions be met prior to final reading: i. Registration of a Rezoning Servicing Agreement as a Restrictive Covenant and receipt of the deposit of a security, as outlined in the Agreement; ii. Amendment to Official Community Plan Schedules ""A"", ""B"" and ""C""; Document: 3845116 Reg ul ar Co unc il Meeti ng Minutes Jun e 25 , 202 4 iii. Road dedication as provided as a lot to be transferred to the City along 123 Avenue under a Subdivision plan. iv. Park dedication to be provided as two fee simple lots to be transferred to the City under a Subdivision plan. v. Consolidation of the three subject properties; vi. Registration of a No-Build Until Development Permit ""Scorched Earth"" Covenant on the land's developable areas. vii. Registration of a Restrictive Covenant for the Geotechnical Report, which addresses the suitability of the subject property for the proposed development; viii. Registration of a Restrictive Covenant for the protection of the Environmentally Sensitive areas on the subject property; ix. Registration of a Statutory Right Of Way for the access to the dedicated Parkland via the On-site Pathway; x. Registration of a Restrictive Covenant for Stormwater Management, including maintenance information; xi. Registration of a Restrictive Covenant for Tree Protection; xii. Registration of a Restrictive Covenant for Visitor Parking; xiii. Registration of a Restrictive Covenant and adoption of a Housing Agreement Bylaw to ensure the rental units proposed are retained in perpetuity as described in this report; xiv. Removal of existing buildings; xv . In addition to the site profile, a disclosure statement must be submitted by a Professional Engineer advising whether there is any evidence of underground fuel storage tanks on the subject properties. If so, a Stage 1 Site Investigation Report is required to ensure that the subject property is not a contaminated site."
2024-06-25,Regular Council,9,BYLAWS,Main motion,Carried,5,0,2,,,In favour,In favour,In favour,In favour,In favour,Absent,Absent,Other,,,,https://pub-mapleridge.escribemeetings.com/filestream.ashx?DocumentId=3971,https://pub-mapleridge.escribemeetings.com/Players/ISIStandAlonePlayer.aspx?Id=17854f24-03c7-404e-a0cb-bdc5363bc99b,https://councilrecord.ca/mapleridge.html#vote/jl6s8n,That Zone Amending Bylaw No. 7996-2024 be given third reading and adoption.
2024-06-25,Regular Council,9.3,Housing Legislation Amendments - Small Scale Multi Unit Housing (SSMUH) & Transit- Oriented Area (TOA) Regulatory Requirements,Main motion,Carried,5,0,2,,,In favour,In favour,In favour,In favour,In favour,Absent,Absent,Housing & density; Transportation,1 of 3,,,https://pub-mapleridge.escribemeetings.com/filestream.ashx?DocumentId=3971,https://pub-mapleridge.escribemeetings.com/Players/ISIStandAlonePlayer.aspx?Id=17854f24-03c7-404e-a0cb-bdc5363bc99b,https://councilrecord.ca/mapleridge.html#vote/3gaw16,That third reading of Maple Ridge Zone Amending Bylaw No. 7998-2024 be rescinded; and That Maple Ridge Zone Amending Bylaw No. 7998-2024 be given third reading as amended;
2024-06-25,Regular Council,9.3,Housing Legislation Amendments - Small Scale Multi Unit Housing (SSMUH) & Transit- Oriented Area (TOA) Regulatory Requirements,Main motion,Carried,5,0,2,,,In favour,In favour,In favour,In favour,In favour,Absent,Absent,Housing & density; Transportation,2 of 3,,,https://pub-mapleridge.escribemeetings.com/filestream.ashx?DocumentId=3971,https://pub-mapleridge.escribemeetings.com/Players/ISIStandAlonePlayer.aspx?Id=17854f24-03c7-404e-a0cb-bdc5363bc99b,https://councilrecord.ca/mapleridge.html#vote/14q6y2e,That Maple Ridge Zone Amending Bylaw No. 7998-2024 be adopted;
2024-06-25,Regular Council,9.3,Housing Legislation Amendments - Small Scale Multi Unit Housing (SSMUH) & Transit- Oriented Area (TOA) Regulatory Requirements,Main motion,Carried,5,0,2,,,In favour,In favour,In favour,In favour,In favour,Absent,Absent,Housing & density; Transportation,3 of 3,,,https://pub-mapleridge.escribemeetings.com/filestream.ashx?DocumentId=3971,https://pub-mapleridge.escribemeetings.com/Players/ISIStandAlonePlayer.aspx?Id=17854f24-03c7-404e-a0cb-bdc5363bc99b,https://councilrecord.ca/mapleridge.html#vote/17qhre0,That Maple Ridge Off-Street Parking and Loading Amending Bylaw No. 8000-2024 be adopted;
2024-06-25,Regular Council,9.4,Housing Legislation Amendments - Transit-Oriented Area (TOA) Designation Bylaw To designate prescribed transit-oriented areas near transit hubs,Main motion,Carried,5,0,2,,,In favour,In favour,In favour,In favour,In favour,Absent,Absent,Housing & density; Transportation,,,,https://pub-mapleridge.escribemeetings.com/filestream.ashx?DocumentId=3971,https://pub-mapleridge.escribemeetings.com/Players/ISIStandAlonePlayer.aspx?Id=17854f24-03c7-404e-a0cb-bdc5363bc99b,https://councilrecord.ca/mapleridge.html#vote/1anx8as,That Maple Ridge Transit-Oriented Area Designation Bylaw No. 8001-2024 be adopted.
2024-06-25,Regular Council,10.1,Budget Increase for 123 Avenue Roadway and Utility Improvements Project (Laity St. to,Main motion,Carried,5,0,2,,,In favour,In favour,In favour,In favour,In favour,Absent,Absent,Taxes & spending; Public services,1 of 2,,,https://pub-mapleridge.escribemeetings.com/filestream.ashx?DocumentId=3971,https://pub-mapleridge.escribemeetings.com/Players/ISIStandAlonePlayer.aspx?Id=17854f24-03c7-404e-a0cb-bdc5363bc99b,https://councilrecord.ca/mapleridge.html#vote/l40nd6,"That the budget be increased for the 123 Avenue Roadway and Utility Improvements project (Laity St to 216 St) to $11,288,875 plus applicable taxes."
2024-06-25,Regular Council,10.1,Budget Increase for 123 Avenue Roadway and Utility Improvements Project (Laity St. to,Main motion,Carried,5,0,2,,,In favour,In favour,In favour,In favour,In favour,Absent,Absent,Taxes & spending; Public services,2 of 2,,,https://pub-mapleridge.escribemeetings.com/filestream.ashx?DocumentId=3971,https://pub-mapleridge.escribemeetings.com/Players/ISIStandAlonePlayer.aspx?Id=17854f24-03c7-404e-a0cb-bdc5363bc99b,https://councilrecord.ca/mapleridge.html#vote/odgnow,"That the 2023 Annual Report be received as required by the Community Charter, and That the 2023 Statement of Financial Information be approved as required by the Financial Information Act."
2024-07-02,Special Council,1.1,Territory Acknowledgement,Main motion,Carried,7,0,0,,,In favour,In favour,In favour,In favour,In favour,In favour,In favour,Other,,,,https://pub-mapleridge.escribemeetings.com/filestream.ashx?DocumentId=3969,,https://councilrecord.ca/mapleridge.html#vote/dvrmy,"That the agenda for the July 2, 2024, Special Council meeting be approved as circulated."
2024-07-02,Special Council,2.1,Resolution to Exclude the Public,Main motion,Carried,7,0,0,,,In favour,In favour,In favour,In favour,In favour,In favour,In favour,Governance & elections,,,,https://pub-mapleridge.escribemeetings.com/filestream.ashx?DocumentId=3969,,https://councilrecord.ca/mapleridge.html#vote/11xb813,"THAT the meeting will be closed to the public pursuant to Sections 90(1) of the Community Charter as the subject matter being considered is related to the following: • Section 90(1 )(g) - litigation or potential litigation affecting the municipality; • Section 90(1)(i) - the receipt of advice that is subject to solicitor-client privilege, including communications necessary for that purpose; • Section 90(1 )(I) - discussions with municipal officers and employees respecting municipal objectives, measures and progress reports for the purposes of preparing an annual report under section 98 [annual municipal report]; Any other matter that may be brought before the Council that meets the requirements for a meeting closed to the public pursuant to Sections 90(1) and 90(2) of the Community Charter or Freedom of Information and Protection of Privacy Act."
2024-07-09,Regular Council,3,APPROVAL OF AGENDA,Main motion,Carried,7,0,0,,,In favour,In favour,In favour,In favour,In favour,In favour,In favour,Other,,,,https://pub-mapleridge.escribemeetings.com/filestream.ashx?DocumentId=3968,,https://councilrecord.ca/mapleridge.html#vote/hj9oe6,"That the agenda for the July 9, 2024, Regular Council meeting be approved as circulated."
2024-07-09,Regular Council,4.1,Minutes,Main motion,Carried,7,0,0,,,In favour,In favour,In favour,In favour,In favour,In favour,In favour,Other,,,,https://pub-mapleridge.escribemeetings.com/filestream.ashx?DocumentId=3968,,https://councilrecord.ca/mapleridge.html#vote/16q3o32,"That the following minutes be adopted as circulated: • Special (to Close) Meeting - June 25, 2024 • Regular Council Meeting - June 25, 2024 • Special Council Meeting - July 2, 2024"
2024-07-09,Regular Council,7,CONSENT AGENDA,Main motion,Carried,7,0,0,,,In favour,In favour,In favour,In favour,In favour,In favour,In favour,Other,,,,https://pub-mapleridge.escribemeetings.com/filestream.ashx?DocumentId=3968,,https://councilrecord.ca/mapleridge.html#vote/sgq715,To remove Item #7.3 from the Consent Agenda.
2024-07-09,Regular Council,7,CONSENT AGENDA,Main motion,Carried,7,0,0,,,In favour,In favour,In favour,In favour,In favour,In favour,In favour,Other,,,,https://pub-mapleridge.escribemeetings.com/filestream.ashx?DocumentId=3968,,https://councilrecord.ca/mapleridge.html#vote/1dd39z7,"That the information contained in the following items excluding Item #7.3 on the July 9, 2024 Regular Council Consent Agenda be received into record."
2024-07-09,Regular Council,7,CONSENT AGENDA,Main motion,Carried,7,0,0,,,In favour,In favour,In favour,In favour,In favour,In favour,In favour,Other,,,,https://pub-mapleridge.escribemeetings.com/filestream.ashx?DocumentId=3968,,https://councilrecord.ca/mapleridge.html#vote/msuy12,"That Item #7.3 on the July 9, 2024 Regular Council Consent Agenda be received into record."
2024-07-09,Regular Council,9,BYLAWS,Main motion,Carried,7,0,0,,,In favour,In favour,In favour,In favour,In favour,In favour,In favour,Housing & density,,,,https://pub-mapleridge.escribemeetings.com/filestream.ashx?DocumentId=3968,,https://councilrecord.ca/mapleridge.html#vote/iy3v2v,"That Housing Agreement Bylaw No. 8003-2024 for 12297 222 Street, 22175 123 Avenue, and 22185 123 Avenue be given first, second and third reading."
2024-07-09,Regular Council,10,COMMITTEE REPORTS AND RECOMMENDATIONS- Nil,Main motion,Carried,7,0,0,,,In favour,In favour,In favour,In favour,In favour,In favour,In favour,Governance & elections,,,,https://pub-mapleridge.escribemeetings.com/filestream.ashx?DocumentId=3968,,https://councilrecord.ca/mapleridge.html#vote/1ffi10v,That Council authorize the Mayor and Corporate Officer to sign the 2024-2034 Canada Community-Building Fund Agreement on behalf of the City of Maple Ridge.
2024-07-09,Regular Council,12.1,Appointment of Voting Delegates for the 2024 MIABC AGM,Main motion,Carried,7,0,0,,,In favour,In favour,In favour,In favour,In favour,In favour,In favour,Governance & elections,,,,https://pub-mapleridge.escribemeetings.com/filestream.ashx?DocumentId=3968,,https://councilrecord.ca/mapleridge.html#vote/fmnp98,"That Council appoint Councillor Korleen Carreras as the voting delegate, Mayor Dan Ruimy as the first alternate and the Chief Administrative Officer as the second alternate for the Municipal Insurance Association of BC 2024 Annual General Meeting."
2024-07-23,Regular Council,3.1,Approval of the Agenda,Main motion,Carried,6,0,1,,,In favour,In favour,In favour,In favour,In favour,Absent,In favour,Other,,,,https://pub-mapleridge.escribemeetings.com/filestream.ashx?DocumentId=3966,https://pub-mapleridge.escribemeetings.com/Players/ISIStandAlonePlayer.aspx?Id=0bf507c4-9986-407a-8d9c-730808be429d,https://councilrecord.ca/mapleridge.html#vote/1m1ueic,"That the agenda for the July 23, 2024, Regular Council meeting be approved as circulated."
2024-07-23,Regular Council,7,CONSENT AGENDA,Main motion,Carried,6,0,1,,,In favour,In favour,In favour,In favour,In favour,Absent,In favour,Other,,,,https://pub-mapleridge.escribemeetings.com/filestream.ashx?DocumentId=3966,https://pub-mapleridge.escribemeetings.com/Players/ISIStandAlonePlayer.aspx?Id=0bf507c4-9986-407a-8d9c-730808be429d,https://councilrecord.ca/mapleridge.html#vote/2pwvym,"That the information contained in the following on the July 23, 2024 Regular Council Consent Agenda be received into record."
2024-07-23,Regular Council,9,BYLAWS,Main motion,Carried,6,0,1,,,In favour,In favour,In favour,In favour,In favour,Absent,In favour,Development,,,,https://pub-mapleridge.escribemeetings.com/filestream.ashx?DocumentId=3966,https://pub-mapleridge.escribemeetings.com/Players/ISIStandAlonePlayer.aspx?Id=0bf507c4-9986-407a-8d9c-730808be429d,https://councilrecord.ca/mapleridge.html#vote/i7olkq,"1. That Zone Amending Bylaw No. 7787-2021 be given second reading, and be forwarded to Public Hearing; 2. That the following terms and conditions be met prior to final reading: i. Registration of a Rezoning Servicing Agreement as a Restrictive Covenant and receipt of the deposit of a security, as outlined in the Agreement; ii. Road dedication at the intersection of 132 Avenue and 236 Street as required by design; iii. Consolidation of the subject properties; iv. Registration of a Restrictive Covenant for the Geotechnical Report, which addresses the suitability of the subject property for the proposed development; v. Removal of existing building(s); vi. In addition to the Ministry of Environment Site Disclosure Statement, a disclosure statement must be submitted by a Professional Engineer advising whether there is any evidence of underground fuel storage tanks on the subject property. If so, a Stage 1 Site Investigation Report is required to ensure that the subject property is not a contaminated site. vii. That a voluntary contribution, in the amount of $133,200.00 ($7,400.00/unit), or such rate applicable at third reading of this application, be provided in keeping with the Council Policy 6.31 with regard to Community Amenity Contributions"
2024-07-23,Regular Council,9,BYLAWS,Main motion,Carried,6,0,1,,,In favour,In favour,In favour,In favour,In favour,Absent,In favour,Housing & density; Development,,,,https://pub-mapleridge.escribemeetings.com/filestream.ashx?DocumentId=3966,https://pub-mapleridge.escribemeetings.com/Players/ISIStandAlonePlayer.aspx?Id=0bf507c4-9986-407a-8d9c-730808be429d,https://councilrecord.ca/mapleridge.html#vote/1ry33kq,That Official Community Plan Amending Bylaw No. 7735-2021 be adopted.
2024-07-23,Regular Council,10.1,Demolition Requirement In-Stream Rezoning Applications,Main motion,Carried,6,0,1,,,In favour,In favour,In favour,In favour,In favour,Absent,In favour,Housing & density; Development; Environment & climate; Neighbourhood character,1 of 3,,,https://pub-mapleridge.escribemeetings.com/filestream.ashx?DocumentId=3966,https://pub-mapleridge.escribemeetings.com/Players/ISIStandAlonePlayer.aspx?Id=0bf507c4-9986-407a-8d9c-730808be429d,https://councilrecord.ca/mapleridge.html#vote/b2bb1r,"That Council authorize the Director of Planning to waive the rezoning requirement for removing existing dwellings before the adoption of the rezoning bylaw for the 16 in- stream applications, as of July 2, 2024, affected by the SSMUH legislation, except in cases where the subject property is actively violating bylaws or is deemed unsightly or a nuisance."
2024-07-23,Regular Council,10.1,Demolition Requirement In-Stream Rezoning Applications,Main motion,Carried,6,0,1,,,In favour,In favour,In favour,In favour,In favour,Absent,In favour,Housing & density; Development; Environment & climate; Neighbourhood character,2 of 3,,,https://pub-mapleridge.escribemeetings.com/filestream.ashx?DocumentId=3966,https://pub-mapleridge.escribemeetings.com/Players/ISIStandAlonePlayer.aspx?Id=0bf507c4-9986-407a-8d9c-730808be429d,https://councilrecord.ca/mapleridge.html#vote/12ubf8b,That the Corporate Officer be authorized to sign and seal 2024-155-VP respecting property located at 11300 Pazarena Place.
2024-07-23,Regular Council,10.1,Demolition Requirement In-Stream Rezoning Applications,Main motion,Carried,6,0,1,,,In favour,In favour,In favour,In favour,In favour,Absent,In favour,Housing & density; Development; Environment & climate; Neighbourhood character,3 of 3,,,https://pub-mapleridge.escribemeetings.com/filestream.ashx?DocumentId=3966,https://pub-mapleridge.escribemeetings.com/Players/ISIStandAlonePlayer.aspx?Id=0bf507c4-9986-407a-8d9c-730808be429d,https://councilrecord.ca/mapleridge.html#vote/l7ft5u,That the Urban Forest Management Strategy be endorsed in principle.
2024-07-23,Regular Council,10.4,The Patch Brewery Liquor License Lounge Endorsement,Main motion,Carried,6,0,1,,,In favour,In favour,In favour,In favour,In favour,Absent,In favour,Neighbourhood character; Business & economy,1 of 2,,,https://pub-mapleridge.escribemeetings.com/filestream.ashx?DocumentId=3966,https://pub-mapleridge.escribemeetings.com/Players/ISIStandAlonePlayer.aspx?Id=0bf507c4-9986-407a-8d9c-730808be429d,https://councilrecord.ca/mapleridge.html#vote/1peqlwk,"1. That the application for a brewery lounge endorsement, as an amendment to their manufacturer license, by The Patch Brewery Inc. located at 12745 Laity Street, Maple Ridge, be supported based on the information contained in the Council report dated July 16, 2024. 2. That a copy of the resolution be forwarded to the Liquor and Cannabis Regulation Branch in accordance with the legislative requirements."
2024-07-23,Regular Council,10.4,The Patch Brewery Liquor License Lounge Endorsement,Main motion,Carried,6,0,1,,,In favour,In favour,In favour,In favour,In favour,Absent,In favour,Neighbourhood character; Business & economy,2 of 2,,,https://pub-mapleridge.escribemeetings.com/filestream.ashx?DocumentId=3966,https://pub-mapleridge.escribemeetings.com/Players/ISIStandAlonePlayer.aspx?Id=0bf507c4-9986-407a-8d9c-730808be429d,https://councilrecord.ca/mapleridge.html#vote/acje7n,That Council receive the Quarterly Report-Q2 2024 for information.
2024-07-30,Special Council,3,APPROVAL OF AGENDA,Main motion,Carried,7,0,0,,,In favour,In favour,In favour,In favour,In favour,In favour,In favour,Other,,,,https://pub-mapleridge.escribemeetings.com/filestream.ashx?DocumentId=9009,,https://councilrecord.ca/mapleridge.html#vote/h79ib2,"That the agenda for the July 30, 2024, Special Council meeting be approved as circulated."
2024-07-30,Special Council,4.1,Minutes,Main motion,Carried,7,0,0,,,In favour,In favour,In favour,In favour,In favour,In favour,In favour,Other,,,,https://pub-mapleridge.escribemeetings.com/filestream.ashx?DocumentId=9009,,https://councilrecord.ca/mapleridge.html#vote/1muhyvs,"That the following minutes of the Regular Council Meeting - July 23, 2024 be adopted as circulated."
2024-07-30,Special Council,5.1,Resolution to Exclude the Public,Main motion,Carried,7,0,0,,,In favour,In favour,In favour,In favour,In favour,In favour,In favour,Governance & elections,,,,https://pub-mapleridge.escribemeetings.com/filestream.ashx?DocumentId=9009,,https://councilrecord.ca/mapleridge.html#vote/16gto2b,"That pursuant to section 90 of the Community Charter, part of this meeting be closed to the public as the subject mater being considered relates to the following: Section 90(1)(1) discussions with municipal officers and employees respecting municipal objectives, measures and progress reports for the purposes of preparing an annual report under section 98 [annual municipal report]. Any other matter that may be brought before the Council that meets the requirements for a meeting closed to the public pursuant to Sections 90(1} and 90(2) of the Community Charter or Freedom of Information and Protection of Privacy Act."
2024-07-30,Special Council,7,CONSENT AGENDA,Main motion,Carried,7,0,0,,,In favour,In favour,In favour,In favour,In favour,In favour,In favour,Other,,,,https://pub-mapleridge.escribemeetings.com/filestream.ashx?DocumentId=9009,,https://councilrecord.ca/mapleridge.html#vote/ctco1m,"That the information contained in the following item on the July 30, 2024 Special Council Consent Agenda be received into record ."
2024-07-30,Special Council,9,BYLAWS,Main motion,Carried,7,0,0,,,In favour,In favour,In favour,In favour,In favour,In favour,In favour,Other,,,,https://pub-mapleridge.escribemeetings.com/filestream.ashx?DocumentId=9009,,https://councilrecord.ca/mapleridge.html#vote/2gvm30,That Zone Amending Bylaw No. 7812-2021 be given third reading;
2024-07-30,Special Council,9,BYLAWS,Main motion,Carried,7,0,0,,,In favour,In favour,In favour,In favour,In favour,In favour,In favour,Housing & density; Development,,,,https://pub-mapleridge.escribemeetings.com/filestream.ashx?DocumentId=9009,,https://councilrecord.ca/mapleridge.html#vote/905ent,That Official Community Plan Amending Bylaw No. 7803-2021 be given third reading
2024-07-30,Special Council,9,BYLAWS,Main motion,Carried,7,0,0,,,In favour,In favour,In favour,In favour,In favour,In favour,In favour,Other,,,,https://pub-mapleridge.escribemeetings.com/filestream.ashx?DocumentId=9009,,https://councilrecord.ca/mapleridge.html#vote/1pmbg4d,"That Maple Ridge Zone Amending Bylaw No. 8004-2024 be given first, second and third reading;"
2024-07-30,Special Council,9,BYLAWS,Main motion,Carried,7,0,0,,,In favour,In favour,In favour,In favour,In favour,In favour,In favour,Other,,,,https://pub-mapleridge.escribemeetings.com/filestream.ashx?DocumentId=9009,,https://councilrecord.ca/mapleridge.html#vote/l7904w,That Maple Ridge Zone Amending Bylaw No. 8004-2024 be adopted;
2024-07-30,Special Council,9,BYLAWS,Main motion,Carried,7,0,0,,,In favour,In favour,In favour,In favour,In favour,In favour,In favour,Other,,,,https://pub-mapleridge.escribemeetings.com/filestream.ashx?DocumentId=9009,,https://councilrecord.ca/mapleridge.html#vote/8ar25o,"That the revised Latecomer charges be imposed for extended services on the parcels and in the amounts as set out in Schedule A of the report dated July 30, 2024, titled ""Latecomer Agreement LC 183/24 - Revised""; and That the Corporate Officer be authorized to sign the revised Latecomer Agreement LC 183/24 with the subdivider of the lands at 24145 110 Avenue."
2024-07-30,Special Council,11.2,Silver Valley Trails - Update,Main motion,Carried,7,0,0,,,In favour,In favour,In favour,In favour,In favour,In favour,In favour,Parks & recreation,,,,https://pub-mapleridge.escribemeetings.com/filestream.ashx?DocumentId=9009,,https://councilrecord.ca/mapleridge.html#vote/nwx14w,"That Council receive the staff report dated July 30, 2024 titled ""Silver Valley Trails - Update"" for information."
2024-07-30,Special Council,11.3,Crown Land Tenure Application - Council Support,Main motion,Carried,7,0,0,,,In favour,In favour,In favour,In favour,In favour,In favour,In favour,Public services; Governance & elections,1 of 2,,,https://pub-mapleridge.escribemeetings.com/filestream.ashx?DocumentId=9009,,https://councilrecord.ca/mapleridge.html#vote/6phz1y,"That Council direct the Corporate Office to prepare and sign a letter on behalf of Council, to the Ministry of Water, Land and Resource Stewardship in support of the Crown Land Tenure Application at the North Alouette River for a watermain crossing project."
2024-07-30,Special Council,11.3,Crown Land Tenure Application - Council Support,Main motion,Carried,7,0,0,,,In favour,In favour,In favour,In favour,In favour,In favour,In favour,Transportation; Neighbourhood character; Parks & recreation,2 of 2,,,https://pub-mapleridge.escribemeetings.com/filestream.ashx?DocumentId=9009,,https://councilrecord.ca/mapleridge.html#vote/c4arg,"That Council direct staff to waive parking fees for the underground lot at Memorial Peace Park for the Sunday, September 29, 2024 Truth and Reconciliation event between the hours of 7:00 am and 5:00 pm."
2024-07-30,Special Council,11.5,School District 42 - Eligible School Sites Proposal,Main motion,Carried,7,0,0,,,In favour,In favour,In favour,In favour,In favour,In favour,In favour,Governance & elections,,,,https://pub-mapleridge.escribemeetings.com/filestream.ashx?DocumentId=9009,,https://councilrecord.ca/mapleridge.html#vote/ji03rd,"That Council accept School District 42 Board of Education's resolution of proposed eligible school site requirements as outlined in their correspondence dated May 16, 2024."
2024-09-10,Regular Council,7.4,Council Expenses July 2024,Main motion,Carried,7,0,0,Ahmed Yousef,Onyeka Dozie,In favour,In favour,In favour,In favour,In favour,In favour,In favour,Other,,,,https://pub-mapleridge.escribemeetings.com/filestream.ashx?DocumentId=5459,https://pub-mapleridge.escribemeetings.com/Players/ISIStandAlonePlayer.aspx?Id=804d7eae-24bc-4445-aa44-b43b76123aff,https://councilrecord.ca/mapleridge.html#vote/1wys07h,"THAT Council receive item #7.4 of the September 10, 2024 Consent Agenda into the record."
2024-09-10,Regular Council,9,BYLAWS,Main motion,Carried,7,0,0,Ahmed Yousef,Sunny Schiller,In favour,In favour,In favour,In favour,In favour,In favour,In favour,Other,,,,https://pub-mapleridge.escribemeetings.com/filestream.ashx?DocumentId=5459,https://pub-mapleridge.escribemeetings.com/Players/ISIStandAlonePlayer.aspx?Id=804d7eae-24bc-4445-aa44-b43b76123aff,https://councilrecord.ca/mapleridge.html#vote/1oyfxve,THAT Zone Amending Bylaw No. 8006 - 2024 be given first and second readings; and THAT a Public Hearing for Zone Amending Bylaw No. 8006 - 2024 be waived in accordanc e with the Local Government Act Section 464(2).
2024-09-10,Regular Council,9,BYLAWS,Main motion,Carried,6,0,0,Onyeka Dozie,Sunny Schiller,In favour,In favour,In favour,In favour,In favour,In favour,No recorded vote,Other,,Declared a conflict of interest and did not vote: Yousef.,,https://pub-mapleridge.escribemeetings.com/filestream.ashx?DocumentId=5459,https://pub-mapleridge.escribemeetings.com/Players/ISIStandAlonePlayer.aspx?Id=804d7eae-24bc-4445-aa44-b43b76123aff,https://councilrecord.ca/mapleridge.html#vote/2pj71r,"1. THAT Zone Amending Bylaw No. 8007 - 2024 be given first, second and third readings with no Public Hearing held, in accordance with the Local Government Act, Section 464(3) [public hearing prohibited]; and further 2. THAT th e following terms and conditions be met prior to final reading: a. Registration of a Rezoning Servicing Agreement as a Restrictive Covenant and receipt of the deposit of a security, as outlined in the Agreement; b. Road dedication on 112 Avenue as required; c. Park - Conservation dedication as a fee simple lot transferred to the City as required and removal of all debris and garbage from lands; d. Registration of a Restrictive Covenant for the Geotechnical Report, which addresses the suitability of the subject proper ty for the proposed development; e. Registration of a Restrictive Covenant for Tree Protection; f. Removal of existing buildings; g. In addition to the Ministry of Environment Site Disclosure Statement, a disclosure statement must be submitted by a Professional Eng ineer advising whether there is any evidence of underground fuel storage tanks on the subject property. If so, a Stage 1 Site Investigation Report is required to ensure that the subject property is not a contaminated site; h. That a voluntary contribution, i n the amount of $27,600 ($9,200/newly created lot), or such rate applicable at third reading of this application, be provided in keeping with the Council Policy 6.31 with regard to Community Amenity Contributions; and i. That a Density Bonus payment, in the a mount of $12,400 ($3,100 per lot), be provided."
2024-09-10,Regular Council,9,BYLAWS,Main motion,Carried,6,0,1,Onyeka Dozie,Judy Dueck,In favour,In favour,In favour,In favour,In favour,In favour,Absent,Other,,,,https://pub-mapleridge.escribemeetings.com/filestream.ashx?DocumentId=5459,https://pub-mapleridge.escribemeetings.com/Players/ISIStandAlonePlayer.aspx?Id=804d7eae-24bc-4445-aa44-b43b76123aff,https://councilrecord.ca/mapleridge.html#vote/lmu844,THAT Zone Amending Bylaw No. 7804 - 2021 be adopted.
2024-09-10,Regular Council,9,BYLAWS,Main motion,Carried,6,0,1,Sunny Schiller,Ahmed Yousef,In favour,In favour,In favour,In favour,In favour,In favour,Absent,Housing & density; Development,,,,https://pub-mapleridge.escribemeetings.com/filestream.ashx?DocumentId=5459,https://pub-mapleridge.escribemeetings.com/Players/ISIStandAlonePlayer.aspx?Id=804d7eae-24bc-4445-aa44-b43b76123aff,https://councilrecord.ca/mapleridge.html#vote/1xz1p3y,THAT Official Community Plan Amending Bylaw No. 7803 - 2021 be adopted;
2024-09-10,Regular Council,9,BYLAWS,Main motion,Carried,6,0,1,Ahmed Yousef,Onyeka Dozie,In favour,In favour,In favour,In favour,In favour,In favour,Absent,Other,,,,https://pub-mapleridge.escribemeetings.com/filestream.ashx?DocumentId=5459,https://pub-mapleridge.escribemeetings.com/Players/ISIStandAlonePlayer.aspx?Id=804d7eae-24bc-4445-aa44-b43b76123aff,https://councilrecord.ca/mapleridge.html#vote/7ecfs3,THAT Zone Amend ing Bylaw No. 7812 - 2021 be adopted;
2024-09-10,Regular Council,9,BYLAWS,Main motion,Carried,6,0,1,Jenny Tan,Onyeka Dozie,In favour,In favour,In favour,In favour,In favour,In favour,Absent,Housing & density,,,,https://pub-mapleridge.escribemeetings.com/filestream.ashx?DocumentId=5459,https://pub-mapleridge.escribemeetings.com/Players/ISIStandAlonePlayer.aspx?Id=804d7eae-24bc-4445-aa44-b43b76123aff,https://councilrecord.ca/mapleridge.html#vote/4zlyf0,THAT Housing Agreement Bylaw No. 8003 - 2024 be adopted.
2024-09-10,Regular Council,10,COMMITTEE REPORTS AND RECOMMENDATIONS,Main motion,Defeated,0,0,1,Ahmed Yousef,Sunny Schiller,No recorded vote,No recorded vote,No recorded vote,No recorded vote,No recorded vote,No recorded vote,Absent,Development; Taxes & spending; Business & economy; Governance & elections,,"The minutes record this motion as defeated without naming who voted against it, so individual votes are not shown.",,https://pub-mapleridge.escribemeetings.com/filestream.ashx?DocumentId=5459,https://pub-mapleridge.escribemeetings.com/Players/ISIStandAlonePlayer.aspx?Id=804d7eae-24bc-4445-aa44-b43b76123aff,https://councilrecord.ca/mapleridge.html#vote/o0i4vj,"THAT Application 2023 - 403 - AL not be forwarded to the Agricultural Land Commission based on the consideration s outlined in the staff report titled “Application to Subdivide within the Agricultural Land Reserve, 12787 256 Street, dated September 3, 2024."
2024-09-10,Regular Council,10,COMMITTEE REPORTS AND RECOMMENDATIONS,Main motion,Carried,6,0,1,Judy Dueck,Ahmed Yousef,In favour,In favour,In favour,In favour,In favour,In favour,Absent,Development; Taxes & spending; Business & economy; Governance & elections,,,,https://pub-mapleridge.escribemeetings.com/filestream.ashx?DocumentId=5459,https://pub-mapleridge.escribemeetings.com/Players/ISIStandAlonePlayer.aspx?Id=804d7eae-24bc-4445-aa44-b43b76123aff,https://councilrecord.ca/mapleridge.html#vote/5dalho,THAT the application to subdivide 12787 256 Street in the Agricultural Land Reserve be forwarded to the Agricultural Land Commission with the recommendation for approval.
2024-09-10,Regular Council,10,COMMITTEE REPORTS AND RECOMMENDATIONS,Main motion,Carried,6,0,1,Ahmed Yousef,Onyeka Dozie,In favour,In favour,In favour,In favour,In favour,In favour,Absent,Governance & elections,,,,https://pub-mapleridge.escribemeetings.com/filestream.ashx?DocumentId=5459,https://pub-mapleridge.escribemeetings.com/Players/ISIStandAlonePlayer.aspx?Id=804d7eae-24bc-4445-aa44-b43b76123aff,https://councilrecord.ca/mapleridge.html#vote/qlr1bh,T HAT the Corporate Officer be authorized to sign and seal 2024 - 069 - DP respecting property located at 23213 Lougheed Highway.
2024-09-10,Regular Council,10,COMMITTEE REPORTS AND RECOMMENDATIONS,Main motion,Carried,6,0,1,Ahmed Yousef,Onyeka Dozie,In favour,In favour,In favour,In favour,In favour,In favour,Absent,Housing & density; Governance & elections,,,,https://pub-mapleridge.escribemeetings.com/filestream.ashx?DocumentId=5459,https://pub-mapleridge.escribemeetings.com/Players/ISIStandAlonePlayer.aspx?Id=804d7eae-24bc-4445-aa44-b43b76123aff,https://councilrecord.ca/mapleridge.html#vote/k2zkfd,"THAT the 2024 Housing Needs Report dated September 3, 2024, be endorsed."
2024-09-10,Regular Council,10.4,Cottonwood Landfill Slope Stability - Budget and Scope of Work Increase To increase the budget and scope of work for the Cottonwood Landfill Slope,Main motion,Carried,6,0,1,Sunny Schiller,Onyeka Dozie,In favour,In favour,In favour,In favour,In favour,In favour,Absent,Taxes & spending,,,,https://pub-mapleridge.escribemeetings.com/filestream.ashx?DocumentId=5459,https://pub-mapleridge.escribemeetings.com/Players/ISIStandAlonePlayer.aspx?Id=804d7eae-24bc-4445-aa44-b43b76123aff,https://councilrecord.ca/mapleridge.html#vote/1c828lh,"THAT the budget and scope of work be increased for the Cottonwood Landfill Slope Stability to $6,063,072 plus applicable taxes with additional funds coming from the Landfill Closure Reserve."
2024-09-10,Regular Council,11.1,BC Summer Games Debrief,Main motion,Carried,6,0,1,Onyeka Dozie,Korleen Carreras,In favour,In favour,In favour,In favour,In favour,In favour,Absent,Other,,,,https://pub-mapleridge.escribemeetings.com/filestream.ashx?DocumentId=5459,https://pub-mapleridge.escribemeetings.com/Players/ISIStandAlonePlayer.aspx?Id=804d7eae-24bc-4445-aa44-b43b76123aff,https://councilrecord.ca/mapleridge.html#vote/45sb56,"THAT Council receive the Maple Ridge 2024 BC Summer Games Final Overview report dated September 10, 2024 for information."
2024-09-24,Regular Council,9,BYLAWS,Main motion,Carried,6,0,1,Onyeka Dozie,Ahmed Yousef,In favour,In favour,In favour,In favour,Absent,In favour,In favour,Other,,,,https://pub-mapleridge.escribemeetings.com/filestream.ashx?DocumentId=5815,https://pub-mapleridge.escribemeetings.com/Players/ISIStandAlonePlayer.aspx?Id=958a6c72-e1b9-45c3-921d-4779df1f8e38,https://councilrecord.ca/mapleridge.html#vote/1sj0usb,THAT Zone Amending Bylaw No. 7787 - 2021 be given third reading.
2024-09-24,Regular Council,9,BYLAWS,Main motion,Carried,6,0,1,Ahmed Yousef,Onyeka Dozie,In favour,In favour,In favour,In favour,Absent,In favour,In favour,Other,,,,https://pub-mapleridge.escribemeetings.com/filestream.ashx?DocumentId=5815,https://pub-mapleridge.escribemeetings.com/Players/ISIStandAlonePlayer.aspx?Id=958a6c72-e1b9-45c3-921d-4779df1f8e38,https://councilrecord.ca/mapleridge.html#vote/zp2fsl,THAT Zone Amending Bylaw No. 8006 - 2024 be given third reading and adoption.
2024-09-24,Regular Council,9,BYLAWS,Main motion,Carried,6,0,1,Korleen Carreras,Jenny Tan,In favour,In favour,In favour,In favour,Absent,In favour,In favour,Housing & density; Development,,,,https://pub-mapleridge.escribemeetings.com/filestream.ashx?DocumentId=5815,https://pub-mapleridge.escribemeetings.com/Players/ISIStandAlonePlayer.aspx?Id=958a6c72-e1b9-45c3-921d-4779df1f8e38,https://councilrecord.ca/mapleridge.html#vote/1rr2d0w,THAT Official Community Plan Amending Bylaw No. 7997 - 2024 be given first and second reading and be forwarded to Public Hearing
2024-09-24,Regular Council,9,BYLAWS,Main motion,Carried,6,0,1,Ahmed Yousef,Korleen Carreras,In favour,In favour,In favour,In favour,Absent,In favour,In favour,Other,,,,https://pub-mapleridge.escribemeetings.com/filestream.ashx?DocumentId=5815,https://pub-mapleridge.escribemeetings.com/Players/ISIStandAlonePlayer.aspx?Id=958a6c72-e1b9-45c3-921d-4779df1f8e38,https://councilrecord.ca/mapleridge.html#vote/epuj02,"THAT Zone Amending Bylaw No. 7778 - 2021 be given second reading, and be forwarded to Public Hearing; and THAT staff be directed to work with the applicant to address the outstanding terms and conditions as set out in the September 24, 2024 report, and any other as identified by cou ncil, prior to recommending bylaw adoption"
2024-09-24,Regular Council,9,BYLAWS,Main motion,Carried,6,0,1,Judy Dueck,Jenny Tan,In favour,In favour,In favour,In favour,Absent,In favour,In favour,Other,,,,https://pub-mapleridge.escribemeetings.com/filestream.ashx?DocumentId=5815,https://pub-mapleridge.escribemeetings.com/Players/ISIStandAlonePlayer.aspx?Id=958a6c72-e1b9-45c3-921d-4779df1f8e38,https://councilrecord.ca/mapleridge.html#vote/1e6mso1,"THAT Zone Amending Bylaw No. 7919 - 2023 be given second reading as ame nded, and be forwarded to Public Hearing; and THAT staff be directed to work with the applicant to address the outstanding terms and conditions as set out in the September 24, 2024 report, and any other as identified by council, prior to recommending byla w adoption."
2024-09-24,Regular Council,9,BYLAWS,Main motion,Carried,6,0,1,Ahmed Yousef,Onyeka Dozie,In favour,In favour,In favour,In favour,Absent,In favour,In favour,Other,,,,https://pub-mapleridge.escribemeetings.com/filestream.ashx?DocumentId=5815,https://pub-mapleridge.escribemeetings.com/Players/ISIStandAlonePlayer.aspx?Id=958a6c72-e1b9-45c3-921d-4779df1f8e38,https://councilrecord.ca/mapleridge.html#vote/190b82q,"THAT Zon e Amending Bylaw No. 7951 - 2023 be given second reading and be forwarded to Public Hearing; and THAT staff be directed to work with the applicant to address the outstanding terms and conditions as set out in the September 24, 2024 report, and any other as identified by council, prior to recommending bylaw adoption."
2024-09-24,Regular Council,9,BYLAWS,Main motion,Carried,6,0,1,Judy Dueck,Onyeka Dozie,In favour,In favour,In favour,In favour,Absent,In favour,In favour,Housing & density; Development,,,,https://pub-mapleridge.escribemeetings.com/filestream.ashx?DocumentId=5815,https://pub-mapleridge.escribemeetings.com/Players/ISIStandAlonePlayer.aspx?Id=958a6c72-e1b9-45c3-921d-4779df1f8e38,https://councilrecord.ca/mapleridge.html#vote/c0myvi,THAT Official Community Plan Amending Bylaw No. 7963 - 2023 be given first and second reading and be forwarded to Public Hearing;
2024-09-24,Regular Council,9,BYLAWS,Main motion,Carried,6,0,1,Onyeka Dozie,Jenny Tan,In favour,In favour,In favour,In favour,Absent,In favour,In favour,Other,,,,https://pub-mapleridge.escribemeetings.com/filestream.ashx?DocumentId=5815,https://pub-mapleridge.escribemeetings.com/Players/ISIStandAlonePlayer.aspx?Id=958a6c72-e1b9-45c3-921d-4779df1f8e38,https://councilrecord.ca/mapleridge.html#vote/1c9slcy,"THAT Zone Amending Bylaw No. 7962 - 2023 be given second reading, as amended, and be forwarded to Public Heari ng; and THAT staff be directed to work with the applicant to address the outstanding terms and conditions as set out in the September 24, 2024 report, and any other as identified by council, prior to recommending bylaw adoption."
2024-09-24,Regular Council,9,BYLAWS,Main motion,Carried,6,0,1,Judy Dueck,Onyeka Dozie,In favour,In favour,In favour,In favour,Absent,In favour,In favour,Development; Transportation,,,,https://pub-mapleridge.escribemeetings.com/filestream.ashx?DocumentId=5815,https://pub-mapleridge.escribemeetings.com/Players/ISIStandAlonePlayer.aspx?Id=958a6c72-e1b9-45c3-921d-4779df1f8e38,https://councilrecord.ca/mapleridge.html#vote/1wgffpr,"THAT Road Closure (223 Lougheed Highway) Bylaw No. 8002 - 2024 be given first, second and third reading;"
2024-09-24,Regular Council,9,BYLAWS,Main motion,Carried,6,0,1,Ahmed Yousef,Jenny Tan,In favour,In favour,In favour,In favour,Absent,In favour,In favour,Taxes & spending,,,,https://pub-mapleridge.escribemeetings.com/filestream.ashx?DocumentId=5815,https://pub-mapleridge.escribemeetings.com/Players/ISIStandAlonePlayer.aspx?Id=958a6c72-e1b9-45c3-921d-4779df1f8e38,https://councilrecord.ca/mapleridge.html#vote/56v5fx,"THAT the 2024 - 2028 Financial Plan Amending Bylaw No. 8008 - 2024 be given first, second and th ird readings."
2024-09-24,Regular Council,9.9,Development Cost Charges Imposition Amending Bylaw No. 7863 - 2022 Development Cost Charges are used to fund infrastructure to support growth.,Main motion,Carried,6,0,1,Onyeka Dozie,Korleen Carreras,In favour,In favour,In favour,In favour,Absent,In favour,In favour,Development; Taxes & spending,,,,https://pub-mapleridge.escribemeetings.com/filestream.ashx?DocumentId=5815,https://pub-mapleridge.escribemeetings.com/Players/ISIStandAlonePlayer.aspx?Id=958a6c72-e1b9-45c3-921d-4779df1f8e38,https://councilrecord.ca/mapleridge.html#vote/iy1db4,THAT Maple Ridge Development Cost Charge Imposition Amending Bylaw No. 7863 - 2022 be adopted
2024-09-24,Regular Council,9.10,Maple Ridge Code of Conduct Amending Bylaw No. 8009 - 2024,Main motion,Carried,6,0,1,Onyeka Dozie,Judy Dueck,In favour,In favour,In favour,In favour,Absent,In favour,In favour,Governance & elections,,,,https://pub-mapleridge.escribemeetings.com/filestream.ashx?DocumentId=5815,https://pub-mapleridge.escribemeetings.com/Players/ISIStandAlonePlayer.aspx?Id=958a6c72-e1b9-45c3-921d-4779df1f8e38,https://councilrecord.ca/mapleridge.html#vote/kd7bpm,"THAT Maple Ridge Council Code of Conduct Amending Bylaw No. 8009 - 2024 be given first, second and third reading."
2024-09-24,Regular Council,10,COMMITTEE REPORTS AND RECOMMENDATIONS,Amendment,Carried,6,0,1,Judy Dueck,Korleen Carreras,In favour,In favour,In favour,In favour,Absent,In favour,In favour,Governance & elections,,,,https://pub-mapleridge.escribemeetings.com/filestream.ashx?DocumentId=5815,https://pub-mapleridge.escribemeetings.com/Players/ISIStandAlonePlayer.aspx?Id=958a6c72-e1b9-45c3-921d-4779df1f8e38,https://councilrecord.ca/mapleridge.html#vote/1rshva2,"THAT the motion be amended by deleting the phrase ""endorsed"" and replacing it with ""received for information"" , and THAT the Strategy be brought forward to a future Council Workshop."
2024-09-24,Regular Council,10,COMMITTEE REPORTS AND RECOMMENDATIONS,Main motion,Carried,6,0,1,Onyeka Dozie,Jenny Tan,In favour,In favour,In favour,In favour,Absent,In favour,In favour,Governance & elections,,,,https://pub-mapleridge.escribemeetings.com/filestream.ashx?DocumentId=5815,https://pub-mapleridge.escribemeetings.com/Players/ISIStandAlonePlayer.aspx?Id=958a6c72-e1b9-45c3-921d-4779df1f8e38,https://councilrecord.ca/mapleridge.html#vote/1hydqws,THAT Council endorse the Certified Professional Program and direct staff to bring forward an amendment to Building Bylaw No. 6925 - 2021 to formalize the program in the City of Maple Ridge.
2024-09-24,Regular Council,11.1,Fee for Service Agreement - Community Services,Main motion,Carried,6,0,1,Judy Dueck,Korleen Carreras,In favour,In favour,In favour,In favour,Absent,In favour,In favour,Other,,,,https://pub-mapleridge.escribemeetings.com/filestream.ashx?DocumentId=5815,https://pub-mapleridge.escribemeetings.com/Players/ISIStandAlonePlayer.aspx?Id=958a6c72-e1b9-45c3-921d-4779df1f8e38,https://councilrecord.ca/mapleridge.html#vote/7y9kvt,"THAT the Corporate Officer be authorized to execute the agreement attached to the report titled “City of Maple Ridge – M RPM Community Services Fee for Service Agreement” of August 23rd in the amount of $15,800 in year 2023, $15,800 in year 2024, and 15,800 in year 2025."
2024-09-24,Regular Council,11.2,Fee for Service Agreement - Search and Rescue,Main motion,Carried,6,0,1,Jenny Tan,Onyeka Dozie,In favour,In favour,In favour,In favour,Absent,In favour,In favour,Environment & climate; Public services,,,,https://pub-mapleridge.escribemeetings.com/filestream.ashx?DocumentId=5815,https://pub-mapleridge.escribemeetings.com/Players/ISIStandAlonePlayer.aspx?Id=958a6c72-e1b9-45c3-921d-4779df1f8e38,https://councilrecord.ca/mapleridge.html#vote/1nnam5a,"THAT the Corporate Officer be authorized to execute the agreement attached to the repo rt titled “City of Maple Ridge – Ridge Meadows Search and Rescue Fee for Service Agreement” in the amount of $19,000 in year 2023, $19,500 in year 2024, and $20,000 in year 2025."
2024-09-24,Regular Council,11.3,New Park on Pazarena Place Contingency Increase,Main motion,Carried,6,0,1,Jenny Tan,Onyeka Dozie,In favour,In favour,In favour,In favour,Absent,In favour,In favour,Development; Taxes & spending; Parks & recreation,,,,https://pub-mapleridge.escribemeetings.com/filestream.ashx?DocumentId=5815,https://pub-mapleridge.escribemeetings.com/Players/ISIStandAlonePlayer.aspx?Id=958a6c72-e1b9-45c3-921d-4779df1f8e38,https://councilrecord.ca/mapleridge.html#vote/1dwufif,"THAT the project budget for “South Haney Park (230 and 116) Development (Pazarena)” be increased by $200,000, made up of $148,000 from Park Development Cost Charges and $52,000 from Capital Works Reserve, and included in the next Financial Plan Bylaw amendment."
2024-09-24,Regular Council,11.4,Procurement Policy No. 5.45 Amendment,Main motion,Carried,6,0,1,Dan Ruimy,Jenny Tan,In favour,In favour,In favour,In favour,Absent,In favour,In favour,Taxes & spending,,,,https://pub-mapleridge.escribemeetings.com/filestream.ashx?DocumentId=5815,https://pub-mapleridge.escribemeetings.com/Players/ISIStandAlonePlayer.aspx?Id=958a6c72-e1b9-45c3-921d-4779df1f8e38,https://councilrecord.ca/mapleridge.html#vote/1vgoowv,THAT the item Procurement Policy No. 5.45 Amendment b e referred back to staff.
2024-09-24,Regular Council,15.1,Independant Review of Metro Vancouver Governance - Councillor Yousef Whereas the governance model at Metro Vancouver is over 50 years old and an,Main motion,Carried,5,1,1,Korleen Carreras,Jenny Tan,In favour,In favour,In favour,In favour,Absent,In favour,Against,Taxes & spending; Governance & elections,,,,https://pub-mapleridge.escribemeetings.com/filestream.ashx?DocumentId=5815,https://pub-mapleridge.escribemeetings.com/Players/ISIStandAlonePlayer.aspx?Id=958a6c72-e1b9-45c3-921d-4779df1f8e38,https://councilrecord.ca/mapleridge.html#vote/pwnp0k,To postpone the Notice of Motion until the Metro Vancouver independent audit has been received by Council.
2024-10-08,Special Council,3,GENERAL MATTERS,Main motion,Carried,7,0,0,Onyeka Dozie,Sunny Schiller,In favour,In favour,In favour,In favour,In favour,In favour,In favour,Governance & elections,,,,https://pub-mapleridge.escribemeetings.com/filestream.ashx?DocumentId=5814,,https://councilrecord.ca/mapleridge.html#vote/1881bab,"THAT pursuant to Section 90 of the Community Charter, this meeting be closed to the public as t he subject matter being considered related to the following: Section 90(1)(c) - labour relations or other employee relations; Section 90 (1)(g) - litigation or potential litigation affecting the municipality; Section 90(1)(k) - negotiations and related discussions respecting the proposed provision of a municipal service that are at their preliminary stages and that, in the view of the council, could reasonably be expected to harm the interests of the municipality if they were held in public; Section 90(1 )(l) - discussions with municipal officers and employees respecting municipal objectives, measures and progress reports for the purposes of preparing an annual report under section 98 [annual municipal report]; Any other matter that may be brought before t he Council that meets the requirements for a meeting closed to the public pursuant to Sections 90(1) and 90(2) of the Community Charter or Freedom of Information and Protection of Privacy Act."
2024-10-08,Regular Council,9.1,Maple Ridge Code of Conduct Amending Bylaw No. 8009 - 2024,Main motion,Carried,7,0,0,Onyeka Dozie,Judy Dueck,In favour,In favour,In favour,In favour,In favour,In favour,In favour,Governance & elections,1 of 4,,,https://pub-mapleridge.escribemeetings.com/filestream.ashx?DocumentId=5812,https://pub-mapleridge.escribemeetings.com/Players/ISIStandAlonePlayer.aspx?Id=4250a672-e555-48b9-90b2-5ba83e16830e,https://councilrecord.ca/mapleridge.html#vote/jv8ziu,THAT Maple Ridge Council Code of Conduct Amending Bylaw No. 8009 - 2024 be adopted.
2024-10-08,Regular Council,9.1,Maple Ridge Code of Conduct Amending Bylaw No. 8009 - 2024,Main motion,Carried,7,0,0,Onyeka Dozie,Jenny Tan,In favour,In favour,In favour,In favour,In favour,In favour,In favour,Taxes & spending; Governance & elections,2 of 4,,,https://pub-mapleridge.escribemeetings.com/filestream.ashx?DocumentId=5812,https://pub-mapleridge.escribemeetings.com/Players/ISIStandAlonePlayer.aspx?Id=4250a672-e555-48b9-90b2-5ba83e16830e,https://councilrecord.ca/mapleridge.html#vote/wpgzzi,THAT the 2024 - 2028 Financial Plan Amending Bylaw No. 8008 - 2024 be adopted.
2024-10-08,Regular Council,9.1,Maple Ridge Code of Conduct Amending Bylaw No. 8009 - 2024,Main motion,Carried,6,0,0,Onyeka Dozie,Sunny Schiller,In favour,In favour,In favour,In favour,In favour,In favour,No recorded vote,Governance & elections,3 of 4,Declared a conflict of interest and did not vote: Yousef.,,https://pub-mapleridge.escribemeetings.com/filestream.ashx?DocumentId=5812,https://pub-mapleridge.escribemeetings.com/Players/ISIStandAlonePlayer.aspx?Id=4250a672-e555-48b9-90b2-5ba83e16830e,https://councilrecord.ca/mapleridge.html#vote/1ux0nn9,"THAT first, second and third reading of Zone Amending Bylaw No. 8007 - 2024 given by Council on September 10, 2024 be rescinded; and THAT Zone Amending Bylaw No. 8007 - 2024 be given first, second and third readings with no Public Hearing held, in accordance with the Local Government Act, Section 464(3) [public hearing prohibited]; and THAT staff be directed to work with the applicant to address the outstanding terms and conditions as set out in the September 3, 2024 report, and any other as identified by council, prior to recommending bylaw adoption."
2024-10-08,Regular Council,9.1,Maple Ridge Code of Conduct Amending Bylaw No. 8009 - 2024,Main motion,Carried,7,0,0,Onyeka Dozie,Jenny Tan,In favour,In favour,In favour,In favour,In favour,In favour,In favour,Governance & elections,4 of 4,,,https://pub-mapleridge.escribemeetings.com/filestream.ashx?DocumentId=5812,https://pub-mapleridge.escribemeetings.com/Players/ISIStandAlonePlayer.aspx?Id=4250a672-e555-48b9-90b2-5ba83e16830e,https://councilrecord.ca/mapleridge.html#vote/5qsmof,"THAT Zone Amending Bylaw No.8005 - 2024 be given first, second and third reading, with no Public Hearing required, in accordance with the Local Government Act, Section 464(3) [public hearing prohibited]; and THAT staff be directed to work w ith the applicant to address the outstanding terms and conditions as set out in the October 1, 2024 report, and any other as identified by Council, prior to recommending bylaw adoption."
2024-10-08,Regular Council,9.5,Temporary Residential Use Removal,Main motion,Carried,7,0,0,Judy Dueck,Sunny Schiller,In favour,In favour,In favour,In favour,In favour,In favour,In favour,Housing & density,,,,https://pub-mapleridge.escribemeetings.com/filestream.ashx?DocumentId=5812,https://pub-mapleridge.escribemeetings.com/Players/ISIStandAlonePlayer.aspx?Id=4250a672-e555-48b9-90b2-5ba83e16830e,https://councilrecord.ca/mapleridge.html#vote/19f2s5z,THAT Maple Ridge Zone Amending Bylaw No. 7999 - 2024 be given first and second reading and forwarded to Public Hearing.
2024-10-08,Regular Council,10,COMMITTEE REPORTS AND RECOMMENDATIONS,Main motion,Carried,7,0,0,Onyeka Dozie,Korleen Carreras,In favour,In favour,In favour,In favour,In favour,In favour,In favour,Housing & density; Business & economy; Governance & elections,,,,https://pub-mapleridge.escribemeetings.com/filestream.ashx?DocumentId=5812,https://pub-mapleridge.escribemeetings.com/Players/ISIStandAlonePlayer.aspx?Id=4250a672-e555-48b9-90b2-5ba83e16830e,https://councilrecord.ca/mapleridge.html#vote/ccbyx8,"That a certificate of approval be issued for application 2024 - 169 - SD to permit the conversion of the mixed - use Commercial/Residential building located at 11225 240 Street into Strata Title u nits under the Strata Property Act subject to the following conditions being addressed: 1. Submission of a report and a signed sealed letter analysing and identifying any necessary upgrading under the current BC Building Code; 2. Completion of necessary upgradi ng; 3. Inspection by City Fire Department and Building Department Officials; 4. Submission of plans and/or reports confirming compliance with applicable bylaws, including Zoning and Off Street Parking and Loading Parking Bylaws; and 5. Confirmation in writing that the commercial tenant’s consent to the strata conversion of their units."
2024-10-08,Regular Council,10,COMMITTEE REPORTS AND RECOMMENDATIONS,Main motion,Carried,7,0,0,Onyeka Dozie,Judy Dueck,In favour,In favour,In favour,In favour,In favour,In favour,In favour,Governance & elections,,,,https://pub-mapleridge.escribemeetings.com/filestream.ashx?DocumentId=5812,https://pub-mapleridge.escribemeetings.com/Players/ISIStandAlonePlayer.aspx?Id=4250a672-e555-48b9-90b2-5ba83e16830e,https://councilrecord.ca/mapleridge.html#vote/12x9m3e,THAT the Corporate Officer be authorized to sign and seal 2024 - 262 - DP respecting property located at 12061 Laity Street.
2024-10-08,Regular Council,10.3,Policy No. 5.11 - Proceeds of Sale of Municipal Land,Main motion,Carried,7,0,0,Onyeka Dozie,Jenny Tan,In favour,In favour,In favour,In favour,In favour,In favour,In favour,Other,,,,https://pub-mapleridge.escribemeetings.com/filestream.ashx?DocumentId=5812,https://pub-mapleridge.escribemeetings.com/Players/ISIStandAlonePlayer.aspx?Id=4250a672-e555-48b9-90b2-5ba83e16830e,https://councilrecord.ca/mapleridge.html#vote/13whjuy,THAT amended Policy No. 5.11 – Proceeds of Sale of Municipal Land be adopted.
2024-10-08,Regular Council,10.4,Policy No. 5.55 - Gaming Revenues,Main motion,Carried,7,0,0,Onyeka Dozie,Sunny Schiller,In favour,In favour,In favour,In favour,In favour,In favour,In favour,Other,,,,https://pub-mapleridge.escribemeetings.com/filestream.ashx?DocumentId=5812,https://pub-mapleridge.escribemeetings.com/Players/ISIStandAlonePlayer.aspx?Id=4250a672-e555-48b9-90b2-5ba83e16830e,https://councilrecord.ca/mapleridge.html#vote/v1x8of,THAT amended Policy No. 5.55 – Gaming Reven ues be adopted.
2024-10-08,Regular Council,10.5,Policy No. 5.35 - Staff Expenses,Main motion,Carried,7,0,0,Korleen Carreras,Onyeka Dozie,In favour,In favour,In favour,In favour,In favour,In favour,In favour,Other,,,,https://pub-mapleridge.escribemeetings.com/filestream.ashx?DocumentId=5812,https://pub-mapleridge.escribemeetings.com/Players/ISIStandAlonePlayer.aspx?Id=4250a672-e555-48b9-90b2-5ba83e16830e,https://councilrecord.ca/mapleridge.html#vote/iz9quw,THAT amended Policy No. 5.35 – Staff Expenses be adopted.
2024-10-08,Regular Council,10.6,Policy No. 3.07 - Council Expenses,Main motion,Carried,7,0,0,Onyeka Dozie,Sunny Schiller,In favour,In favour,In favour,In favour,In favour,In favour,In favour,Other,,,,https://pub-mapleridge.escribemeetings.com/filestream.ashx?DocumentId=5812,https://pub-mapleridge.escribemeetings.com/Players/ISIStandAlonePlayer.aspx?Id=4250a672-e555-48b9-90b2-5ba83e16830e,https://councilrecord.ca/mapleridge.html#vote/1kj0xrs,THAT amended Policy No. 3.07 - Council Expenses be adopted.
2024-10-22,Regular Council,7,CONSENT AGENDA,Main motion,Carried,7,0,0,Sunny Schiller,Korleen Carreras,In favour,In favour,In favour,In favour,In favour,In favour,In favour,Taxes & spending,,,,https://pub-mapleridge.escribemeetings.com/filestream.ashx?DocumentId=6344,https://pub-mapleridge.escribemeetings.com/Players/ISIStandAlonePlayer.aspx?Id=dc22d9c8-ced2-4711-9483-0e39cba98ff3,https://councilrecord.ca/mapleridge.html#vote/1sodmfd,"THAT the item contained in the October 22, 2024, Regular Council Consent Agenda be received into the record. 7.1 Contract Awards Exceeding $750,000 Contract awards exceeding $750,000 for the period of July 2, 2024 to September 30, 2024."
2024-10-22,Regular Council,9,BYLAWS,Main motion,Carried,7,0,0,Korleen Carreras,Onyeka Dozie,In favour,In favour,In favour,In favour,In favour,In favour,In favour,Housing & density; Development,,,,https://pub-mapleridge.escribemeetings.com/filestream.ashx?DocumentId=6344,https://pub-mapleridge.escribemeetings.com/Players/ISIStandAlonePlayer.aspx?Id=dc22d9c8-ced2-4711-9483-0e39cba98ff3,https://councilrecord.ca/mapleridge.html#vote/i1vy1o,THAT Official Community Plan Amending Bylaw No. 7997 - 2024 be given third reading.
2024-10-22,Regular Council,9,BYLAWS,Main motion,Carried,7,0,0,Sunny Schiller,Korleen Carreras,In favour,In favour,In favour,In favour,In favour,In favour,In favour,Other,,,,https://pub-mapleridge.escribemeetings.com/filestream.ashx?DocumentId=6344,https://pub-mapleridge.escribemeetings.com/Players/ISIStandAlonePlayer.aspx?Id=dc22d9c8-ced2-4711-9483-0e39cba98ff3,https://councilrecord.ca/mapleridge.html#vote/zzj28w,THAT Zone Amending Bylaw No. 7778 - 2021 be given third reading.
2024-10-22,Regular Council,9,BYLAWS,Main motion,Carried,7,0,0,Korleen Carreras,Onyeka Dozie,In favour,In favour,In favour,In favour,In favour,In favour,In favour,Housing & density; Development,,,,https://pub-mapleridge.escribemeetings.com/filestream.ashx?DocumentId=6344,https://pub-mapleridge.escribemeetings.com/Players/ISIStandAlonePlayer.aspx?Id=dc22d9c8-ced2-4711-9483-0e39cba98ff3,https://councilrecord.ca/mapleridge.html#vote/1xa24h9,THAT Official Community Plan Amending Bylaw No. 7963 - 2023 be given third reading.
2024-10-22,Regular Council,9,BYLAWS,Main motion,Carried,7,0,0,Onyeka Dozie,Sunny Schiller,In favour,In favour,In favour,In favour,In favour,In favour,In favour,Other,,,,https://pub-mapleridge.escribemeetings.com/filestream.ashx?DocumentId=6344,https://pub-mapleridge.escribemeetings.com/Players/ISIStandAlonePlayer.aspx?Id=dc22d9c8-ced2-4711-9483-0e39cba98ff3,https://councilrecord.ca/mapleridge.html#vote/7z9ev7,THAT Zone Amending Bylaw No. 7962 - 2023 be given third reading.
2024-10-22,Regular Council,9,BYLAWS,Main motion,Carried,7,0,0,Korleen Carreras,Onyeka Dozie,In favour,In favour,In favour,In favour,In favour,In favour,In favour,Other,,,,https://pub-mapleridge.escribemeetings.com/filestream.ashx?DocumentId=6344,https://pub-mapleridge.escribemeetings.com/Players/ISIStandAlonePlayer.aspx?Id=dc22d9c8-ced2-4711-9483-0e39cba98ff3,https://councilrecord.ca/mapleridge.html#vote/4l6k5v,THAT Zone Amending Bylaw No. 7951 - 2023 be given third reading.
2024-10-22,Regular Council,9,BYLAWS,Main motion,Carried,7,0,0,Onyeka Dozie,Jenny Tan,In favour,In favour,In favour,In favour,In favour,In favour,In favour,Other,,,,https://pub-mapleridge.escribemeetings.com/filestream.ashx?DocumentId=6344,https://pub-mapleridge.escribemeetings.com/Players/ISIStandAlonePlayer.aspx?Id=dc22d9c8-ced2-4711-9483-0e39cba98ff3,https://councilrecord.ca/mapleridge.html#vote/wvuf25,THAT Zone Amending Bylaw No. 7919 - 2023 be given third reading.
2024-10-22,Regular Council,9,BYLAWS,Main motion,Carried,7,0,0,,Onyeka Dozie,In favour,In favour,In favour,In favour,In favour,In favour,In favour,Other,,,,https://pub-mapleridge.escribemeetings.com/filestream.ashx?DocumentId=6344,https://pub-mapleridge.escribemeetings.com/Players/ISIStandAlonePlayer.aspx?Id=dc22d9c8-ced2-4711-9483-0e39cba98ff3,https://councilrecord.ca/mapleridge.html#vote/1sz3o3m,"THAT Zone Amending Bylaw No. 7786 - 2021 be given second reading, as amended, and be forwarded to Public Hearing. THAT staff be directed to work with the applicant to address the outstanding terms and conditions as set ou t in the October 15, 2024 report, and any other as identified by Council, prior to recommending bylaw adoption."
2024-10-22,Regular Council,9,BYLAWS,Main motion,Carried,7,0,0,Onyeka Dozie,Ahmed Yousef,In favour,In favour,In favour,In favour,In favour,In favour,In favour,Other,,,,https://pub-mapleridge.escribemeetings.com/filestream.ashx?DocumentId=6344,https://pub-mapleridge.escribemeetings.com/Players/ISIStandAlonePlayer.aspx?Id=dc22d9c8-ced2-4711-9483-0e39cba98ff3,https://councilrecord.ca/mapleridge.html#vote/ugx8jw,"THAT Zone Amending Bylaw No. 7921 - 2023 be given second reading and be forwarded to Public He aring. THAT staff be directed to work with the applicant to address the outstanding terms and conditions as set out in the October 15, 2024, report and any other as identified by council, prior to recommending bylaw adoption."
2024-10-22,Regular Council,9,BYLAWS,Main motion,Carried,7,0,0,Onyeka Dozie,Jenny Tan,In favour,In favour,In favour,In favour,In favour,In favour,In favour,Other,,,,https://pub-mapleridge.escribemeetings.com/filestream.ashx?DocumentId=6344,https://pub-mapleridge.escribemeetings.com/Players/ISIStandAlonePlayer.aspx?Id=dc22d9c8-ced2-4711-9483-0e39cba98ff3,https://councilrecord.ca/mapleridge.html#vote/na6m0y,"THAT Zone Amending Bylaw No. 7947 - 2023 be given second reading and be forwarded to Public Hearing; and That staff be directed to work with the applicant to address the outstanding terms and conditions as set out in the October 15, 2024 report, and any other as identified by Council, prior to recommending bylaw adoption."
2024-10-22,Regular Council,9,BYLAWS,Main motion,Carried,7,0,0,Onyeka Dozie,Jenny Tan,In favour,In favour,In favour,In favour,In favour,In favour,In favour,Development; Transportation,,,,https://pub-mapleridge.escribemeetings.com/filestream.ashx?DocumentId=6344,https://pub-mapleridge.escribemeetings.com/Players/ISIStandAlonePlayer.aspx?Id=dc22d9c8-ced2-4711-9483-0e39cba98ff3,https://councilrecord.ca/mapleridge.html#vote/1yksl7d,"THAT the Third Reading of Road Closure (223 Lougheed Highw ay) Bylaw No. 8002 - 2024 be rescinded; THAT R oad Closure (223 Lougheed Highway) Bylaw No. 8002 - 2024 be considered and given third reading, as amended."
2024-10-22,Regular Council,10,COMMITTEE REPORTS AND RECOMMENDATIONS,Main motion,Carried,7,0,0,Sunny Schiller,Jenny Tan,In favour,In favour,In favour,In favour,In favour,In favour,In favour,Development; Taxes & spending; Business & economy; Governance & elections,,,,https://pub-mapleridge.escribemeetings.com/filestream.ashx?DocumentId=6344,https://pub-mapleridge.escribemeetings.com/Players/ISIStandAlonePlayer.aspx?Id=dc22d9c8-ced2-4711-9483-0e39cba98ff3,https://councilrecord.ca/mapleridge.html#vote/1r0mrqs,THAT the application for non - adhering use in the Agricultural Land Reserve at 13540 Neaves Road be forwarded to the Agricultural Land Commission with a recommendation for approval.
2024-10-22,Regular Council,10,COMMITTEE REPORTS AND RECOMMENDATIONS,Main motion,Carried,7,0,0,Onyeka Dozie,Korleen Carreras,In favour,In favour,In favour,In favour,In favour,In favour,In favour,Development; Governance & elections,,,,https://pub-mapleridge.escribemeetings.com/filestream.ashx?DocumentId=6344,https://pub-mapleridge.escribemeetings.com/Players/ISIStandAlonePlayer.aspx?Id=dc22d9c8-ced2-4711-9483-0e39cba98ff3,https://councilrecord.ca/mapleridge.html#vote/14ddsa4,THAT the Corporate Officer be authorized to sign and seal Development Variance Permit 2018 - 478 - VP respecting the property located at PID 030 - 539 - 633.
2024-10-22,Regular Council,10,COMMITTEE REPORTS AND RECOMMENDATIONS,Main motion,Carried,7,0,0,Sunny Schiller,Ahmed Yousef,In favour,In favour,In favour,In favour,In favour,In favour,In favour,Development; Governance & elections,,,,https://pub-mapleridge.escribemeetings.com/filestream.ashx?DocumentId=6344,https://pub-mapleridge.escribemeetings.com/Players/ISIStandAlonePlayer.aspx?Id=dc22d9c8-ced2-4711-9483-0e39cba98ff3,https://councilrecord.ca/mapleridge.html#vote/4mgt7h,THAT the Corporate Officer be authorized to sign and seal Development Variance Permit 2022 - 268 - VP respecting the property located at 11872 Laity Street. THAT the Corporate Officer be authorized to sign and seal Multi - Family Development Permit 2022 - 268 - DP respecting the property located at 11872 Laity Street.
2024-10-22,Regular Council,10,COMMITTEE REPORTS AND RECOMMENDATIONS,Main motion,Carried,6,1,0,Onyeka Dozie,Korleen Carreras,In favour,In favour,In favour,In favour,In favour,In favour,Against,Housing & density; Governance & elections,,,,https://pub-mapleridge.escribemeetings.com/filestream.ashx?DocumentId=6344,https://pub-mapleridge.escribemeetings.com/Players/ISIStandAlonePlayer.aspx?Id=dc22d9c8-ced2-4711-9483-0e39cba98ff3,https://councilrecord.ca/mapleridge.html#vote/sspf5j,THAT Council direct staff to review the Tenant Relocation Assistance Policy and bring it forward to Council for consideration.
2024-11-12,Regular Council,3,APPROVAL OF AGENDA,Main motion,Carried,6,0,1,Judy Dueck,Sunny Schiller,In favour,In favour,In favour,In favour,In favour,Absent,In favour,Other,,,,https://pub-mapleridge.escribemeetings.com/filestream.ashx?DocumentId=6345,https://pub-mapleridge.escribemeetings.com/Players/ISIStandAlonePlayer.aspx?Id=d5d14b2a-fea6-416c-a9ca-21fdaeaf4d60,https://councilrecord.ca/mapleridge.html#vote/e5qq1m,"THAT item 10.3 be heard after item 9.1 and that the November 12, 2024, Regular Council Agenda be adopted as amended"
2024-11-12,Regular Council,7,CONSENT AGENDA,Main motion,Carried,6,0,1,Onyeka Dozie,Sunny Schiller,In favour,In favour,In favour,In favour,In favour,Absent,In favour,Other,,,,https://pub-mapleridge.escribemeetings.com/filestream.ashx?DocumentId=6345,https://pub-mapleridge.escribemeetings.com/Players/ISIStandAlonePlayer.aspx?Id=d5d14b2a-fea6-416c-a9ca-21fdaeaf4d60,https://councilrecord.ca/mapleridge.html#vote/1e4mvh0,"THAT the item contained in the November 12, 2024, Regular Council Consent Agen da be received into the record."
2024-11-12,Regular Council,9,BYLAWS,Main motion,Carried,6,0,1,Judy Dueck,Onyeka Dozie,In favour,In favour,In favour,In favour,In favour,Absent,In favour,Other,,,,https://pub-mapleridge.escribemeetings.com/filestream.ashx?DocumentId=6345,https://pub-mapleridge.escribemeetings.com/Players/ISIStandAlonePlayer.aspx?Id=d5d14b2a-fea6-416c-a9ca-21fdaeaf4d60,https://councilrecord.ca/mapleridge.html#vote/rl7hyc,"THAT Zone Amending Bylaw No. 7646 - 2020 be given second reading, as amended, and be forwarded to Public Hearing. THAT staff be directed to work with the applicant to address the outstanding te rms and conditions as set out in the November 5, 2024 report, and any other as identified by Council, prior to recommending bylaw adoption."
2024-11-12,Regular Council,10.3,Public Input on Zoning Bylaws,Main motion,Carried,5,1,1,Onyeka Dozie,Sunny Schiller,In favour,In favour,In favour,In favour,In favour,Absent,Against,Housing & density; Development; Governance & elections,,,,https://pub-mapleridge.escribemeetings.com/filestream.ashx?DocumentId=6345,https://pub-mapleridge.escribemeetings.com/Players/ISIStandAlonePlayer.aspx?Id=d5d14b2a-fea6-416c-a9ca-21fdaeaf4d60,https://councilrecord.ca/mapleridge.html#vote/ixskz0,THAT Council direct staff to bring forward an amendment to the Coun cil Procedure Bylaw and Public Question Period Policy 3.15 to clarify public input on Zoning Amendment Bylaws to meet the intent of Bill 44 requirements.
2024-11-12,Regular Council,9.2,Council Procedure Bylaw,Main motion,Carried,6,0,1,Judy Dueck,Sunny Schiller,In favour,In favour,In favour,In favour,In favour,Absent,In favour,Governance & elections,1 of 2,,,https://pub-mapleridge.escribemeetings.com/filestream.ashx?DocumentId=6345,https://pub-mapleridge.escribemeetings.com/Players/ISIStandAlonePlayer.aspx?Id=d5d14b2a-fea6-416c-a9ca-21fdaeaf4d60,https://councilrecord.ca/mapleridge.html#vote/6gkb0x,"THAT Council Procedure Bylaw 8010 - 2024 be given first, second, and third readings as amended to strike the last sentence of section 1 2 (2) AND THAT Council direct staff to bring forward an amendment to Committees of Council Policy 3.11."
2024-11-12,Regular Council,9.2,Council Procedure Bylaw,Main motion,Carried,6,0,1,Judy Dueck,Onyeka Dozie,In favour,In favour,In favour,In favour,In favour,Absent,In favour,Development; Transportation; Governance & elections,2 of 2,,,https://pub-mapleridge.escribemeetings.com/filestream.ashx?DocumentId=6345,https://pub-mapleridge.escribemeetings.com/Players/ISIStandAlonePlayer.aspx?Id=d5d14b2a-fea6-416c-a9ca-21fdaeaf4d60,https://councilrecord.ca/mapleridge.html#vote/r7wvuf,That Road Closure B ylaw No. 8002 - 2024 be adopted.
2024-11-12,Regular Council,10.1,CCTV (Video Surveillance) Policy 30.15 Update,Main motion,Carried,6,0,1,Onyeka Dozie,Sunny Schiller,In favour,In favour,In favour,In favour,In favour,Absent,In favour,Other,,,,https://pub-mapleridge.escribemeetings.com/filestream.ashx?DocumentId=6345,https://pub-mapleridge.escribemeetings.com/Players/ISIStandAlonePlayer.aspx?Id=d5d14b2a-fea6-416c-a9ca-21fdaeaf4d60,https://councilrecord.ca/mapleridge.html#vote/1bsushx,"THAT Policy No 30.15 – CCTV (Video Surveillance), as amended, be adopted."
2024-11-12,Regular Council,10.2,Council Meeting Policy 3.20,Main motion,Carried,6,0,1,Sunny Schiller,Onyeka Dozie,In favour,In favour,In favour,In favour,In favour,Absent,In favour,Governance & elections,,,,https://pub-mapleridge.escribemeetings.com/filestream.ashx?DocumentId=6345,https://pub-mapleridge.escribemeetings.com/Players/ISIStandAlonePlayer.aspx?Id=d5d14b2a-fea6-416c-a9ca-21fdaeaf4d60,https://councilrecord.ca/mapleridge.html#vote/h8sp1y,THAT Council adopt Council Meeting Policy 3.20; and THAT Council rescind the following policies: • 3.01 - Public Solicitations • 3.12 - Recordings of Council Meetings • 3.14 – Council Meeting Delegations Policy • 3.15 – Council Meeting Public Question Period Policy • 3.16 – Council Meeting Minute Taking Standards • 3.17 - Public Hearing Process • 5.26 - Lit igants’ Representations with Council • 5.53 - Retention of Legal Counsel
2024-11-12,Regular Council,11.1,Certified Professional Bylaw Amendment,Main motion,Carried,6,0,1,Judy Dueck,Sunny Schiller,In favour,In favour,In favour,In favour,In favour,Absent,In favour,Other,,,,https://pub-mapleridge.escribemeetings.com/filestream.ashx?DocumentId=6345,https://pub-mapleridge.escribemeetings.com/Players/ISIStandAlonePlayer.aspx?Id=d5d14b2a-fea6-416c-a9ca-21fdaeaf4d60,https://councilrecord.ca/mapleridge.html#vote/u73lpj,"THAT Maple Ridge Building Amending Bylaw No. 801 3 - 2024 be given first, second and third reading."
2024-11-26,Regular Council,9,BYLAWS,Main motion,Carried,5,0,2,Ahmed Yousef,Sunny Schiller,In favour,In favour,In favour,Absent,In favour,Absent,In favour,Other,,,,https://pub-mapleridge.escribemeetings.com/filestream.ashx?DocumentId=6346,https://pub-mapleridge.escribemeetings.com/Players/ISIStandAlonePlayer.aspx?Id=04ad12c1-eda4-4163-932b-333f9333e143,https://councilrecord.ca/mapleridge.html#vote/a6dlsi,THAT Zone Amending Bylaw No. 7786 - 2021 be given third reading
2024-11-26,Regular Council,9,BYLAWS,Main motion,Carried,5,0,2,Ahmed Yousef,Korleen Carreras,In favour,In favour,In favour,Absent,In favour,Absent,In favour,Other,,,,https://pub-mapleridge.escribemeetings.com/filestream.ashx?DocumentId=6346,https://pub-mapleridge.escribemeetings.com/Players/ISIStandAlonePlayer.aspx?Id=04ad12c1-eda4-4163-932b-333f9333e143,https://councilrecord.ca/mapleridge.html#vote/81tryg,THAT Zone Amending Bylaw No. 7921 - 2023 be given third reading
2024-11-26,Regular Council,9,BYLAWS,Main motion,Carried,5,0,2,Sunny Schiller,Korleen Carreras,In favour,In favour,In favour,Absent,In favour,Absent,In favour,Other,,,,https://pub-mapleridge.escribemeetings.com/filestream.ashx?DocumentId=6346,https://pub-mapleridge.escribemeetings.com/Players/ISIStandAlonePlayer.aspx?Id=04ad12c1-eda4-4163-932b-333f9333e143,https://councilrecord.ca/mapleridge.html#vote/guu8f3,THAT Zone Amending Bylaw No. 7947 - 2023 be given third reading
2024-11-26,Regular Council,9.4,Temporary Residential Use Removal,Main motion,Carried,5,0,2,Ahmed Yousef,Onyeka Dozie,In favour,In favour,In favour,Absent,In favour,Absent,In favour,Housing & density,1 of 2,,,https://pub-mapleridge.escribemeetings.com/filestream.ashx?DocumentId=6346,https://pub-mapleridge.escribemeetings.com/Players/ISIStandAlonePlayer.aspx?Id=04ad12c1-eda4-4163-932b-333f9333e143,https://councilrecord.ca/mapleridge.html#vote/1qlgvl5,THAT Zone Amending Bylaw No. 7999 - 2024 be given third reading
2024-11-26,Regular Council,9.4,Temporary Residential Use Removal,Main motion,Carried,5,0,2,Ahmed Yousef,Korleen Carreras,In favour,In favour,In favour,Absent,In favour,Absent,In favour,Housing & density,2 of 2,,,https://pub-mapleridge.escribemeetings.com/filestream.ashx?DocumentId=6346,https://pub-mapleridge.escribemeetings.com/Players/ISIStandAlonePlayer.aspx?Id=04ad12c1-eda4-4163-932b-333f9333e143,https://councilrecord.ca/mapleridge.html#vote/eto763,THAT Zone Amending Bylaw No. 7999 - 2024 be given adoption.
2024-11-26,Regular Council,9.5,Certified Professional Bylaw Amendment,Main motion,Carried,5,0,2,Ahmed Yousef,Korleen Carreras,In favour,In favour,In favour,Absent,In favour,Absent,In favour,Other,,,,https://pub-mapleridge.escribemeetings.com/filestream.ashx?DocumentId=6346,https://pub-mapleridge.escribemeetings.com/Players/ISIStandAlonePlayer.aspx?Id=04ad12c1-eda4-4163-932b-333f9333e143,https://councilrecord.ca/mapleridge.html#vote/8zu5mr,THAT Maple Ridge Building Amending Bylaw No. 8013 - 2024 be given adoption.
2024-12-09,Special Council,3.8,Engagement Data Summary & Next Steps,Main motion,Carried,7,0,0,Judy Dueck,Sunny Schiller,In favour,In favour,In favour,In favour,In favour,In favour,In favour,Taxes & spending,1 of 2,,,https://pub-mapleridge.escribemeetings.com/filestream.ashx?DocumentId=6790,https://pub-mapleridge.escribemeetings.com/Players/ISIStandAlonePlayer.aspx?Id=c29efa0a-1c6b-4ca2-9333-cb6bf02120ce,https://councilrecord.ca/mapleridge.html#vote/1l4vsil,"THAT capital projects as listed in “Attachment C - Capital Program” to the report titled ""2025 - 2029 Financial Plan Update"" dated December 9, 2024 be approved and that the implications be included in the 2025 - 2029 Financial P lan; and further THAT $2 million of Growing Community Funds be allocated to the Westside Spray Park project;"
2024-12-09,Special Council,3.8,Engagement Data Summary & Next Steps,Main motion,Carried,7,0,0,Onyeka Dozie,Sunny Schiller,In favour,In favour,In favour,In favour,In favour,In favour,In favour,Taxes & spending,2 of 2,,,https://pub-mapleridge.escribemeetings.com/filestream.ashx?DocumentId=6790,https://pub-mapleridge.escribemeetings.com/Players/ISIStandAlonePlayer.aspx?Id=c29efa0a-1c6b-4ca2-9333-cb6bf02120ce,https://councilrecord.ca/mapleridge.html#vote/1suq77t,"THAT one - time projects as listed in “Attachment B – One - time D ecision Packages” to the report titled ""2025 - 2029 Financial Plan Update"" dated December 9, 2024 in the amount of $2.138 million be approved for funding."
2024-12-10,Special Council,3,GENERAL MATTERS,Main motion,Carried,6,0,1,Onyeka Dozie,Jenny Tan,In favour,Absent,In favour,In favour,In favour,In favour,In favour,Other,,,,https://pub-mapleridge.escribemeetings.com/filestream.ashx?DocumentId=6784,,https://councilrecord.ca/mapleridge.html#vote/1jb4wu4,"THAT pursuant to Section 90 of the Community Charter, this meeting be closed to the public as the subject matter being considered related to the following:  90(1)(j) information that is prohibited, or information that if it were presented in a document would be prohibited, from disclosure under section 21 of the Freedom of Information and Protection of Privacy Act;  90(1)(l) discussions with municipa l officers and employees respecting municipal objectives, measures and progress reports for the purposes of preparing an annual report under section 98 [annual municipal report];  90(2)(b) the consideration of information received and held in confidence rel ating to negotiations between the municipality and a provincial government or the federal government or both, or between a provincial government or the federal government or both and a third party. Any other matter that may be brought before the Counci l that meets the requirements for a meeting closed to the public pursuant to Sections 90(1) and 90(2) of the Community Charter or Freedom of Information and Protection of Privacy Act."
2024-12-10,Regular Council,9,BYLAWS,Main motion,Carried,7,0,0,Onyeka Dozie,Jenny Tan,In favour,In favour,In favour,In favour,In favour,In favour,In favour,Other,,,,https://pub-mapleridge.escribemeetings.com/filestream.ashx?DocumentId=6789,https://pub-mapleridge.escribemeetings.com/Players/ISIStandAlonePlayer.aspx?Id=813c34e0-3483-44d2-aca2-2988bb76818e,https://councilrecord.ca/mapleridge.html#vote/1ew35qi,THAT Zone Amending Bylaw No. 8015 - 2024 be given first and second readings; and THAT a Public Hearing for Zone Amending Bylaw No. 8015 - 2024 be waived in accordance with the Local Government Act Section 464(2).
2024-12-10,Regular Council,9,BYLAWS,Main motion,Carried,7,0,0,Onyeka Dozie,Sunny Schiller,In favour,In favour,In favour,In favour,In favour,In favour,In favour,Other,,,,https://pub-mapleridge.escribemeetings.com/filestream.ashx?DocumentId=6789,https://pub-mapleridge.escribemeetings.com/Players/ISIStandAlonePlayer.aspx?Id=813c34e0-3483-44d2-aca2-2988bb76818e,https://councilrecord.ca/mapleridge.html#vote/1iw1zqn,"THAT Zone Amending Bylaw No. 8014 - 2024 be given first, second, and thir d reading."
2024-12-10,Regular Council,9,BYLAWS,Main motion,Carried,7,0,0,Sunny Schiller,Onyeka Dozie,In favour,In favour,In favour,In favour,In favour,In favour,In favour,Other,,,,https://pub-mapleridge.escribemeetings.com/filestream.ashx?DocumentId=6789,https://pub-mapleridge.escribemeetings.com/Players/ISIStandAlonePlayer.aspx?Id=813c34e0-3483-44d2-aca2-2988bb76818e,https://councilrecord.ca/mapleridge.html#vote/fez4ze,THAT Zone Amending Bylaw No. 8014 - 2024 be adopted.
2024-12-10,Regular Council,9,BYLAWS,Main motion,Carried,7,0,0,Onyeka Dozie,Jenny Tan,In favour,In favour,In favour,In favour,In favour,In favour,In favour,Other,,,,https://pub-mapleridge.escribemeetings.com/filestream.ashx?DocumentId=6789,https://pub-mapleridge.escribemeetings.com/Players/ISIStandAlonePlayer.aspx?Id=813c34e0-3483-44d2-aca2-2988bb76818e,https://councilrecord.ca/mapleridge.html#vote/6r3gep,"THAT Zone Amending Bylaw No. 7824 - 2022 be given second reading and be forwarded to Public Hearing; and THAT staff be directed to work with the applicant to address the outstanding terms and conditions as set out in the November 26, 2024 , report and any other s as identified by Council, prior to recommending bylaw adoption."
2024-12-10,Regular Council,9,BYLAWS,Main motion,Carried,7,0,0,Onyeka Dozie,Judy Dueck,In favour,In favour,In favour,In favour,In favour,In favour,In favour,Other,,,,https://pub-mapleridge.escribemeetings.com/filestream.ashx?DocumentId=6789,https://pub-mapleridge.escribemeetings.com/Players/ISIStandAlonePlayer.aspx?Id=813c34e0-3483-44d2-aca2-2988bb76818e,https://councilrecord.ca/mapleridge.html#vote/ugcx7i,"THAT Zone Amending Bylaw No. 7686 - 2020 be given second reading, as amended, and be forwarded to Public Hearing; and THAT st aff be directed to work with the applicant to address the outstanding terms and conditions as set out in the November 19, 2024 , report and any other s as identified by Council, prior to recommending bylaw adoption."
2024-12-10,Regular Council,9,BYLAWS,Main motion,Carried,7,0,0,Sunny Schiller,Onyeka Dozie,In favour,In favour,In favour,In favour,In favour,In favour,In favour,Other,,,,https://pub-mapleridge.escribemeetings.com/filestream.ashx?DocumentId=6789,https://pub-mapleridge.escribemeetings.com/Players/ISIStandAlonePlayer.aspx?Id=813c34e0-3483-44d2-aca2-2988bb76818e,https://councilrecord.ca/mapleridge.html#vote/f5hth6,THAT Zone Amending Bylaw No. 7861 - 2022 be given second reading and be forwarded to Public Hearing.
2024-12-10,Regular Council,9,BYLAWS,Main motion,Carried,7,0,0,Judy Dueck,Onyeka Dozie,In favour,In favour,In favour,In favour,In favour,In favour,In favour,Housing & density; Development,,,,https://pub-mapleridge.escribemeetings.com/filestream.ashx?DocumentId=6789,https://pub-mapleridge.escribemeetings.com/Players/ISIStandAlonePlayer.aspx?Id=813c34e0-3483-44d2-aca2-2988bb76818e,https://councilrecord.ca/mapleridge.html#vote/18srqur,"THAT in accordance with Sections 47 5 and 476 of the Local Government Act, Council direct staff to proceed with consultation strategy as outlined in the Staff report dated December 3, 2024, for Official Community Plan Amending Bylaw No. 8016 - 2024. THAT an opportunity for early and ongoing co nsultation be provided by way of posting Official Community Plan Amending Bylaw No. 8016 - 2024 on the City’s website, and Council considers holding a public hearing on the bylaw to be sufficient consultation. THAT in accordance with Section 477 of the Local Government Act, Council considers the Official Community Plan Amending Bylaw No. 8016 - 2024 consistent with the City’s Capital Expenditure Plan and Waste Management Plan."
2024-12-10,Regular Council,9,BYLAWS,Main motion,Carried,7,0,0,Ahmed Yousef,Sunny Schiller,In favour,In favour,In favour,In favour,In favour,In favour,In favour,Housing & density; Development,,,,https://pub-mapleridge.escribemeetings.com/filestream.ashx?DocumentId=6789,https://pub-mapleridge.escribemeetings.com/Players/ISIStandAlonePlayer.aspx?Id=813c34e0-3483-44d2-aca2-2988bb76818e,https://councilrecord.ca/mapleridge.html#vote/1rw63pp,THAT Official Community Plan Amending Bylaw No. 8016 - 2024 be given second reading and be forwarded to Public Hearing.
2024-12-10,Regular Council,9,BYLAWS,Main motion,Carried,7,0,0,Ahmed Yousef,Onyeka Dozie,In favour,In favour,In favour,In favour,In favour,In favour,In favour,Other,,,,https://pub-mapleridge.escribemeetings.com/filestream.ashx?DocumentId=6789,https://pub-mapleridge.escribemeetings.com/Players/ISIStandAlonePlayer.aspx?Id=813c34e0-3483-44d2-aca2-2988bb76818e,https://councilrecord.ca/mapleridge.html#vote/1fvvkrq,THAT Zone Amending Bylaw No. 7892 - 2022 be given second rea ding and be forwarded to Public Hearing.
2024-12-10,Regular Council,9,BYLAWS,Main motion,Carried,7,0,0,Onyeka Dozie,Jenny Tan,In favour,In favour,In favour,In favour,In favour,In favour,In favour,Other,,,,https://pub-mapleridge.escribemeetings.com/filestream.ashx?DocumentId=6789,https://pub-mapleridge.escribemeetings.com/Players/ISIStandAlonePlayer.aspx?Id=813c34e0-3483-44d2-aca2-2988bb76818e,https://councilrecord.ca/mapleridge.html#vote/2vpwin,THAT Zone Amending Bylaw No. 7646 - 2020 be given third reading.
2024-12-10,Regular Council,9.9,Council Procedure Bylaw,Main motion,Carried,7,0,0,Onyeka Dozie,Sunny Schiller,In favour,In favour,In favour,In favour,In favour,In favour,In favour,Governance & elections,1 of 3,,,https://pub-mapleridge.escribemeetings.com/filestream.ashx?DocumentId=6789,https://pub-mapleridge.escribemeetings.com/Players/ISIStandAlonePlayer.aspx?Id=813c34e0-3483-44d2-aca2-2988bb76818e,https://councilrecord.ca/mapleridge.html#vote/18h4brq,THAT Council Procedure Bylaw 8010 - 2024 be adopted.
2024-12-10,Regular Council,9.9,Council Procedure Bylaw,Main motion,Carried,6,1,0,Judy Dueck,Sunny Schiller,In favour,In favour,In favour,In favour,In favour,In favour,Against,Governance & elections,2 of 3,,,https://pub-mapleridge.escribemeetings.com/filestream.ashx?DocumentId=6789,https://pub-mapleridge.escribemeetings.com/Players/ISIStandAlonePlayer.aspx?Id=813c34e0-3483-44d2-aca2-2988bb76818e,https://councilrecord.ca/mapleridge.html#vote/14yime1,THAT Zone Amending Bylaw No. 7826 - 2022 be adopted.
2024-12-10,Regular Council,9.9,Council Procedure Bylaw,Main motion,Carried,7,0,0,Ahmed Yousef,Onyeka Dozie,In favour,In favour,In favour,In favour,In favour,In favour,In favour,Governance & elections,3 of 3,,,https://pub-mapleridge.escribemeetings.com/filestream.ashx?DocumentId=6789,https://pub-mapleridge.escribemeetings.com/Players/ISIStandAlonePlayer.aspx?Id=813c34e0-3483-44d2-aca2-2988bb76818e,https://councilrecord.ca/mapleridge.html#vote/1czpkav,THAT Zone Amending Bylaw No. 7587 - 2019 be adopted.
2024-12-10,Regular Council,10,COMMITTEE REPORTS AND RECOMMENDATIONS,Main motion,Carried,7,0,0,Ahmed Yousef,Onyeka Dozie,In favour,In favour,In favour,In favour,In favour,In favour,In favour,Development; Taxes & spending; Business & economy; Governance & elections,,,,https://pub-mapleridge.escribemeetings.com/filestream.ashx?DocumentId=6789,https://pub-mapleridge.escribemeetings.com/Players/ISIStandAlonePlayer.aspx?Id=813c34e0-3483-44d2-aca2-2988bb76818e,https://councilrecord.ca/mapleridge.html#vote/hi2gju,THAT the application for Subdivision in t he Agricultural Land Reserve for the lot line adjustment between 27153 108 Avenue and 10915 272 Street be forwarded to the Agricultural Land Commission with a recommendation for approval.
2024-12-10,Regular Council,10,COMMITTEE REPORTS AND RECOMMENDATIONS,Main motion,Carried,7,0,0,Ahmed Yousef,Sunny Schiller,In favour,In favour,In favour,In favour,In favour,In favour,In favour,Development; Governance & elections,,,,https://pub-mapleridge.escribemeetings.com/filestream.ashx?DocumentId=6789,https://pub-mapleridge.escribemeetings.com/Players/ISIStandAlonePlayer.aspx?Id=813c34e0-3483-44d2-aca2-2988bb76818e,https://councilrecord.ca/mapleridge.html#vote/z2wutc,"THAT the Corporate Officer be authorized to sign and seal Development Permit 2023 - 402 - DP re specting property located at 20170 115A Avenue, and THAT the Corporate Officer be authorized to sign and seal Development Variance Permit 2023 - 402 - VP respecting property located at 20170 115A Avenue."
2024-12-10,Regular Council,10,COMMITTEE REPORTS AND RECOMMENDATIONS,Main motion,Carried,7,0,0,Onyeka Dozie,Jenny Tan,In favour,In favour,In favour,In favour,In favour,In favour,In favour,Development; Governance & elections,,,,https://pub-mapleridge.escribemeetings.com/filestream.ashx?DocumentId=6789,https://pub-mapleridge.escribemeetings.com/Players/ISIStandAlonePlayer.aspx?Id=813c34e0-3483-44d2-aca2-2988bb76818e,https://councilrecord.ca/mapleridge.html#vote/bkn6zn,"THAT the Corporate Officer be authorized to sign a nd seal Development Variance Permit 2019 - 341 - DP respecting the properties located at 12162, 12170, and 12178 Fletcher Street; and THAT the Corporate Officer be authorized to sign and seal Town Centre / Multi - Family Development Permit 2019 - 341 - VP respecting the properties located at 12162, 12170, and 12178 Fletcher Street."
2024-12-10,Regular Council,10,COMMITTEE REPORTS AND RECOMMENDATIONS,Main motion,Carried,6,1,0,Onyeka Dozie,Sunny Schiller,In favour,In favour,In favour,In favour,In favour,In favour,Against,Development; Governance & elections,,,,https://pub-mapleridge.escribemeetings.com/filestream.ashx?DocumentId=6789,https://pub-mapleridge.escribemeetings.com/Players/ISIStandAlonePlayer.aspx?Id=813c34e0-3483-44d2-aca2-2988bb76818e,https://councilrecord.ca/mapleridge.html#vote/153lyo4,THAT the Corporate Officer be authorized to sign and seal Development Permit 2021 - 579 - DP respecting property located at 23682 Dewdney Trunk Road; and THAT the Corporate Officer be authorized to sign and seal Development Variance Permit 2021 - 579 - VP respecting property located at 23682 Dewdney Trunk Road.
2024-12-10,Regular Council,10.5,Advisory Committees Restructuring - Policy and Terms of Reference Changes to the Committees of Council Polic y 3.11 and a new advisory committee,Main motion,Carried,6,1,0,Judy Dueck,Jenny Tan,In favour,In favour,In favour,In favour,In favour,In favour,Against,Governance & elections,,,,https://pub-mapleridge.escribemeetings.com/filestream.ashx?DocumentId=6789,https://pub-mapleridge.escribemeetings.com/Players/ISIStandAlonePlayer.aspx?Id=813c34e0-3483-44d2-aca2-2988bb76818e,https://councilrecord.ca/mapleridge.html#vote/lrl4y6,"THAT Council adopt the Committees of Council Policy 3.11, as amended."
2024-12-10,Regular Council,11,STAFF REPORTS,Main motion,Carried,7,0,0,Sunny Schiller,Onyeka Dozie,In favour,In favour,In favour,In favour,In favour,In favour,In favour,Governance & elections,,,,https://pub-mapleridge.escribemeetings.com/filestream.ashx?DocumentId=6789,https://pub-mapleridge.escribemeetings.com/Players/ISIStandAlonePlayer.aspx?Id=813c34e0-3483-44d2-aca2-2988bb76818e,https://councilrecord.ca/mapleridge.html#vote/njtumq,THAT the 2025 Council Meeting Schedule be approved as circulated.
2025-01-14,Regular Council,9,BYLAWS,Main motion,Carried,7,0,0,Judy Dueck,Onyeka Dozie,In favour,In favour,In favour,In favour,In favour,In favour,In favour,Other,,,,https://pub-mapleridge.escribemeetings.com/filestream.ashx?DocumentId=6786,https://pub-mapleridge.escribemeetings.com/Players/ISIStandAlonePlayer.aspx?Id=522d0f6e-b484-47f0-bc0e-e4af7624a098,https://councilrecord.ca/mapleridge.html#vote/175k6w5,THAT Zone Amending Bylaw No. 8015 - 2024 be given third reading.
2025-01-14,Regular Council,9,BYLAWS,Main motion,Carried,7,0,0,Onyeka Dozie,Korleen Carreras,In favour,In favour,In favour,In favour,In favour,In favour,In favour,Other,,,,https://pub-mapleridge.escribemeetings.com/filestream.ashx?DocumentId=6786,https://pub-mapleridge.escribemeetings.com/Players/ISIStandAlonePlayer.aspx?Id=522d0f6e-b484-47f0-bc0e-e4af7624a098,https://councilrecord.ca/mapleridge.html#vote/pnl1kn,THAT Zone Amending Bylaw No. 8015 - 2024 be adopted.
2025-01-14,Regular Council,9,BYLAWS,Main motion,Carried,7,0,0,Judy Dueck,Onyeka Dozie,In favour,In favour,In favour,In favour,In favour,In favour,In favour,Other,,,,https://pub-mapleridge.escribemeetings.com/filestream.ashx?DocumentId=6786,https://pub-mapleridge.escribemeetings.com/Players/ISIStandAlonePlayer.aspx?Id=522d0f6e-b484-47f0-bc0e-e4af7624a098,https://councilrecord.ca/mapleridge.html#vote/1b3fxpv,THAT Zone Amending Bylaw No. 7541 - 2019 be adopted.
2025-01-14,Regular Council,9,BYLAWS,Main motion,Carried,7,0,0,Onyeka Dozie,Korleen Carreras,In favour,In favour,In favour,In favour,In favour,In favour,In favour,Housing & density,,,,https://pub-mapleridge.escribemeetings.com/filestream.ashx?DocumentId=6786,https://pub-mapleridge.escribemeetings.com/Players/ISIStandAlonePlayer.aspx?Id=522d0f6e-b484-47f0-bc0e-e4af7624a098,https://councilrecord.ca/mapleridge.html#vote/z70vgg,THAT Housing Agreement Bylaw No. 7940 - 2023 be adopted.
2025-01-14,Regular Council,9,BYLAWS,Main motion,Carried,7,0,0,Onyeka Dozie,Jenny Tan,In favour,In favour,In favour,In favour,In favour,In favour,In favour,Housing & density; Development,,,,https://pub-mapleridge.escribemeetings.com/filestream.ashx?DocumentId=6786,https://pub-mapleridge.escribemeetings.com/Players/ISIStandAlonePlayer.aspx?Id=522d0f6e-b484-47f0-bc0e-e4af7624a098,https://councilrecord.ca/mapleridge.html#vote/cozbzs,THAT Official Community Plan Am ending Bylaw No. 7888 - 2022 be adopted.
2025-01-14,Regular Council,9,BYLAWS,Main motion,Carried,7,0,0,Onyeka Dozie,Korleen Carreras,In favour,In favour,In favour,In favour,In favour,In favour,In favour,Other,,,,https://pub-mapleridge.escribemeetings.com/filestream.ashx?DocumentId=6786,https://pub-mapleridge.escribemeetings.com/Players/ISIStandAlonePlayer.aspx?Id=522d0f6e-b484-47f0-bc0e-e4af7624a098,https://councilrecord.ca/mapleridge.html#vote/jcxaph,THAT Zone Amending Bylaw No. 7889 - 2022 be adopted.
2025-01-14,Regular Council,9,BYLAWS,Main motion,Carried,7,0,0,Korleen Carreras,Onyeka Dozie,In favour,In favour,In favour,In favour,In favour,In favour,In favour,Other,,,,https://pub-mapleridge.escribemeetings.com/filestream.ashx?DocumentId=6786,https://pub-mapleridge.escribemeetings.com/Players/ISIStandAlonePlayer.aspx?Id=522d0f6e-b484-47f0-bc0e-e4af7624a098,https://councilrecord.ca/mapleridge.html#vote/1qjajnl,"THAT third reading of Zone Amending Bylaw No. 7982 - 2024 be rescinded; and THAT Zone Amending Bylaw No. 7982 - 2024, as amended, be given third reading."
2025-01-14,Regular Council,9,BYLAWS,Main motion,Carried,7,0,0,Onyeka Dozie,Jenny Tan,In favour,In favour,In favour,In favour,In favour,In favour,In favour,Other,,,,https://pub-mapleridge.escribemeetings.com/filestream.ashx?DocumentId=6786,https://pub-mapleridge.escribemeetings.com/Players/ISIStandAlonePlayer.aspx?Id=522d0f6e-b484-47f0-bc0e-e4af7624a098,https://councilrecord.ca/mapleridge.html#vote/lhd7fi,THAT Zone Amending Bylaw No. 7982 - 2024 be adopted.
2025-01-14,Regular Council,9.5,Community Heritage Commission Repeal Bylaw No. 8017 - 2024,Main motion,Carried,6,1,0,Judy Dueck,Jenny Tan,In favour,In favour,In favour,In favour,In favour,In favour,Against,Neighbourhood character,,,,https://pub-mapleridge.escribemeetings.com/filestream.ashx?DocumentId=6786,https://pub-mapleridge.escribemeetings.com/Players/ISIStandAlonePlayer.aspx?Id=522d0f6e-b484-47f0-bc0e-e4af7624a098,https://councilrecord.ca/mapleridge.html#vote/9svdy5,"THAT Maple Ridge Community Herit age Repeal Bylaw No. 8017 - 2024 be given first, second, and third reading."
2025-01-14,Regular Council,10,STAFF AND COMMITTEE REPORTS,Main motion,Carried,7,0,0,Onyeka Dozie,Jenny Tan,In favour,In favour,In favour,In favour,In favour,In favour,In favour,Development; Governance & elections,,,,https://pub-mapleridge.escribemeetings.com/filestream.ashx?DocumentId=6786,https://pub-mapleridge.escribemeetings.com/Players/ISIStandAlonePlayer.aspx?Id=522d0f6e-b484-47f0-bc0e-e4af7624a098,https://councilrecord.ca/mapleridge.html#vote/dfdlhe,THAT Council authorize the issuance of Development Permit 2020 - 177 - DP respe cting the property located at 12834 232 Street; and THAT Council authorize the issuance of Development Variance Permit 2020 - 177 - VP respecting the property located at 12834 232 Street.
2025-01-14,Regular Council,10,STAFF AND COMMITTEE REPORTS,Main motion,Carried,7,0,0,Onyeka Dozie,Jenny Tan,In favour,In favour,In favour,In favour,In favour,In favour,In favour,Development; Governance & elections,,,,https://pub-mapleridge.escribemeetings.com/filestream.ashx?DocumentId=6786,https://pub-mapleridge.escribemeetings.com/Players/ISIStandAlonePlayer.aspx?Id=522d0f6e-b484-47f0-bc0e-e4af7624a098,https://councilrecord.ca/mapleridge.html#vote/j74dh4,"THAT Council authorize the issuance of Development Permit 2019 - 091 - DP, respecting property located at 21585 River Road; and THAT Council authorize the issuance of Development Variance Permit 2019 - 091 - VP, respecting property located at 21585 River Road."
2025-01-28,Regular Council,8.1,Community Heritage Commission Repeal Bylaw No. 8017 - 2024,Main motion,Carried,5,1,1,Sunny Schiller,Onyeka Dozie,In favour,In favour,In favour,In favour,In favour,Absent,Against,Neighbourhood character,1 of 5,,,https://pub-mapleridge.escribemeetings.com/filestream.ashx?DocumentId=7015,https://pub-mapleridge.escribemeetings.com/Players/ISIStandAlonePlayer.aspx?Id=ced8e55a-ae39-49f3-9b1d-a86bd4f81af8,https://councilrecord.ca/mapleridge.html#vote/1tgbyxi,THAT Maple Ridge Community Heritage Repeal Byl aw No. 8017 - 2024 be adopted.
2025-01-28,Regular Council,8.1,Community Heritage Commission Repeal Bylaw No. 8017 - 2024,Main motion,Carried,6,0,1,Judy Dueck,Onyeka Dozie,In favour,In favour,In favour,In favour,In favour,Absent,In favour,Neighbourhood character,2 of 5,,,https://pub-mapleridge.escribemeetings.com/filestream.ashx?DocumentId=7015,https://pub-mapleridge.escribemeetings.com/Players/ISIStandAlonePlayer.aspx?Id=ced8e55a-ae39-49f3-9b1d-a86bd4f81af8,https://councilrecord.ca/mapleridge.html#vote/vy2tr9,THAT Zone Amending Bylaw No. 7824 - 2022 be given third reading.
2025-01-28,Regular Council,8.1,Community Heritage Commission Repeal Bylaw No. 8017 - 2024,Main motion,Carried,5,1,1,Judy Dueck,Korleen Carreras,In favour,In favour,In favour,In favour,In favour,Absent,Against,Neighbourhood character,3 of 5,,,https://pub-mapleridge.escribemeetings.com/filestream.ashx?DocumentId=7015,https://pub-mapleridge.escribemeetings.com/Players/ISIStandAlonePlayer.aspx?Id=ced8e55a-ae39-49f3-9b1d-a86bd4f81af8,https://councilrecord.ca/mapleridge.html#vote/1h4j4hd,THAT Council refer application 2002 - 301 - RZ back to staff to discuss a decrease in the number of units.
2025-01-28,Regular Council,8.1,Community Heritage Commission Repeal Bylaw No. 8017 - 2024,Main motion,Carried,6,0,1,Ahmed Yousef,Judy Dueck,In favour,In favour,In favour,In favour,In favour,Absent,In favour,Neighbourhood character,4 of 5,,,https://pub-mapleridge.escribemeetings.com/filestream.ashx?DocumentId=7015,https://pub-mapleridge.escribemeetings.com/Players/ISIStandAlonePlayer.aspx?Id=ced8e55a-ae39-49f3-9b1d-a86bd4f81af8,https://councilrecord.ca/mapleridge.html#vote/1wdn7we,T HAT Zone Amending Bylaw No. 7861 - 2022 be given third reading.
2025-01-28,Regular Council,8.1,Community Heritage Commission Repeal Bylaw No. 8017 - 2024,Main motion,Carried,6,0,1,Sunny Schiller,Onyeka Dozie,In favour,In favour,In favour,In favour,In favour,Absent,In favour,Housing & density; Development; Neighbourhood character,5 of 5,,,https://pub-mapleridge.escribemeetings.com/filestream.ashx?DocumentId=7015,https://pub-mapleridge.escribemeetings.com/Players/ISIStandAlonePlayer.aspx?Id=ced8e55a-ae39-49f3-9b1d-a86bd4f81af8,https://councilrecord.ca/mapleridge.html#vote/jzn63b,THAT Official Community Plan Amending Bylaw No. 8016 - 2024 be given third reading; and THAT Zone Amending Bylaw No. 7892 - 2022 be given third reading.
2025-01-28,Regular Council,9,STAFF AND COMMITTEE REPORTS,Main motion,Carried,6,0,1,Korleen Carreras,Onyeka Dozie,In favour,In favour,In favour,In favour,In favour,Absent,In favour,Governance & elections,,,,https://pub-mapleridge.escribemeetings.com/filestream.ashx?DocumentId=7015,https://pub-mapleridge.escribemeetings.com/Players/ISIStandAlonePlayer.aspx?Id=ced8e55a-ae39-49f3-9b1d-a86bd4f81af8,https://councilrecord.ca/mapleridge.html#vote/b8yvz9,"THAT Council receive the January 28, 2025, ""Our Neck of the Woods Event Recap"" for information."
2025-01-28,Regular Council,9,STAFF AND COMMITTEE REPORTS,Main motion,Carried,6,0,1,Judy Dueck,Onyeka Dozie,In favour,In favour,In favour,In favour,In favour,Absent,In favour,Development; Governance & elections,,,,https://pub-mapleridge.escribemeetings.com/filestream.ashx?DocumentId=7015,https://pub-mapleridge.escribemeetings.com/Players/ISIStandAlonePlayer.aspx?Id=ced8e55a-ae39-49f3-9b1d-a86bd4f81af8,https://councilrecord.ca/mapleridge.html#vote/13qyey0,"THAT Council authorize the issuance of Development Permit 2024 - 213 - DP, respecting prope rty located at 22075 Lougheed Highway THAT Council authorize the issuance of Development Variance Permit 2024 - 213 - VP, respecting property located at 22075 Lougheed Highway"
2025-01-28,Regular Council,9.3,Silver Valley Trail Improvements - Update,Main motion,Carried,6,0,1,Onyeka Dozie,Korleen Carreras,In favour,In favour,In favour,In favour,In favour,Absent,In favour,Parks & recreation,,,,https://pub-mapleridge.escribemeetings.com/filestream.ashx?DocumentId=7015,https://pub-mapleridge.escribemeetings.com/Players/ISIStandAlonePlayer.aspx?Id=ced8e55a-ae39-49f3-9b1d-a86bd4f81af8,https://councilrecord.ca/mapleridge.html#vote/usglgl,"THAT Council receive the January 21, 2025, report ""Silver Valley Trail Improvement - Update"" for information."
2025-02-11,Regular Council,8.1,Zero Carbon Step Code Implementation,Main motion,Carried,7,0,0,Judy Dueck,Jenny Tan,In favour,In favour,In favour,In favour,In favour,In favour,In favour,Other,1 of 4,,,https://pub-mapleridge.escribemeetings.com/filestream.ashx?DocumentId=7161,https://pub-mapleridge.escribemeetings.com/Players/ISIStandAlonePlayer.aspx?Id=d9fe4715-9dc8-4717-a5a3-a7da3d74fe7d,https://councilrecord.ca/mapleridge.html#vote/nm9cf4,"THAT Maple Ridge Building Amending Bylaw No. 8018 - 2025 be given first, second and third reading."
2025-02-11,Regular Council,8.1,Zero Carbon Step Code Implementation,Main motion,Carried,7,0,0,Ahmed Yousef,Jenny Tan,In favour,In favour,In favour,In favour,In favour,In favour,In favour,Other,2 of 4,,,https://pub-mapleridge.escribemeetings.com/filestream.ashx?DocumentId=7161,https://pub-mapleridge.escribemeetings.com/Players/ISIStandAlonePlayer.aspx?Id=d9fe4715-9dc8-4717-a5a3-a7da3d74fe7d,https://councilrecord.ca/mapleridge.html#vote/1nk60v9,"THAT C ouncil direct staff to report back on the outcomes of level EL - 3 prior to implementation of level EL - 4 on August 1, 2026."
2025-02-11,Regular Council,8.1,Zero Carbon Step Code Implementation,Main motion,Carried,7,0,0,Ahmed Yousef,Korleen Carreras,In favour,In favour,In favour,In favour,In favour,In favour,In favour,Other,3 of 4,,,https://pub-mapleridge.escribemeetings.com/filestream.ashx?DocumentId=7161,https://pub-mapleridge.escribemeetings.com/Players/ISIStandAlonePlayer.aspx?Id=d9fe4715-9dc8-4717-a5a3-a7da3d74fe7d,https://councilrecord.ca/mapleridge.html#vote/1lvoym3,"THAT Zone Amending Bylaw No. 7903 - 2023 be given second reading and be forwarded to Public Hearing; THAT staff be directed to work with the applicant to address the outstanding terms and conditions as set out in the February 4, 2025, report and any other as identified by Council, prior to recommending bylaw adoption; and THAT Council require, as a condition of subdivision approval, the developer to pay to the City an amount that equals 5% of the market value of the land, as determined by an independent appraisal, in lieu of parkland dedication in accordance with Section 51 0 of the Local Government Act."
2025-02-11,Regular Council,8.1,Zero Carbon Step Code Implementation,Main motion,Carried,7,0,0,Judy Dueck,Ahmed Yousef,In favour,In favour,In favour,In favour,In favour,In favour,In favour,Other,4 of 4,,,https://pub-mapleridge.escribemeetings.com/filestream.ashx?DocumentId=7161,https://pub-mapleridge.escribemeetings.com/Players/ISIStandAlonePlayer.aspx?Id=d9fe4715-9dc8-4717-a5a3-a7da3d74fe7d,https://councilrecord.ca/mapleridge.html#vote/nxtq6w,"THAT Zone Amending Bylaw No. 7946 - 2023 be given second reading and forwarded to Public Hearing; and THAT staff be directed to work with the applicant to add ress the outstanding terms and conditions as outlined in the Staff report dated February 4, 2025, and any other as identified by Council, prior to recommending bylaw adoption."
2025-02-11,Regular Council,9,STAFF AND COMMITTEE REPORTS,Main motion,Carried,7,0,0,Ahmed Yousef,Sunny Schiller,In favour,In favour,In favour,In favour,In favour,In favour,In favour,Development; Governance & elections,,,,https://pub-mapleridge.escribemeetings.com/filestream.ashx?DocumentId=7161,https://pub-mapleridge.escribemeetings.com/Players/ISIStandAlonePlayer.aspx?Id=d9fe4715-9dc8-4717-a5a3-a7da3d74fe7d,https://councilrecord.ca/mapleridge.html#vote/1fxm7oc,THAT the issuance of Development Permit 2021 - 556 - DP for 22020 119 Avenue be approved.
2025-02-11,Regular Council,9,STAFF AND COMMITTEE REPORTS,Main motion,Carried,6,1,0,Ahmed Yousef,Jenny Tan,In favour,In favour,In favour,Against,In favour,In favour,In favour,Development; Governance & elections,,,,https://pub-mapleridge.escribemeetings.com/filestream.ashx?DocumentId=7161,https://pub-mapleridge.escribemeetings.com/Players/ISIStandAlonePlayer.aspx?Id=d9fe4715-9dc8-4717-a5a3-a7da3d74fe7d,https://councilrecord.ca/mapleridge.html#vote/eb2kgf,THA T the issuance of Development Variance Permit 2024 - 342 - VP for 24689 124 Avenue be approved.
2025-02-11,Regular Council,9.3,North East Albion Land Use and Servicing Review: Follow Up,Main motion,Carried,7,0,0,Ahmed Yousef,Sunny Schiller,In favour,In favour,In favour,In favour,In favour,In favour,In favour,Housing & density; Development,,,,https://pub-mapleridge.escribemeetings.com/filestream.ashx?DocumentId=7161,https://pub-mapleridge.escribemeetings.com/Players/ISIStandAlonePlayer.aspx?Id=d9fe4715-9dc8-4717-a5a3-a7da3d74fe7d,https://councilrecord.ca/mapleridge.html#vote/101019f,"THAT Council direct staff to prepare an Official Community Plan Amending Bylaw for the southern portion of the North East Albion Are a according to Concept 1 as outlined in the report titled “North East Albion Land Use and Servicing Review: Follow Up”, dated February 4, 2025"
2025-02-11,Regular Council,9.4,"City of Maple Ridge Housing Target Progress Report: July 1 – December 31, Update on Housing Target Progress in accordance with the Housing Supply Act and",Main motion,Carried,7,0,0,Ahmed Yousef,Sunny Schiller,In favour,In favour,In favour,In favour,In favour,In favour,In favour,Housing & density,,,,https://pub-mapleridge.escribemeetings.com/filestream.ashx?DocumentId=7161,https://pub-mapleridge.escribemeetings.com/Players/ISIStandAlonePlayer.aspx?Id=d9fe4715-9dc8-4717-a5a3-a7da3d74fe7d,https://councilrecord.ca/mapleridge.html#vote/qpxmdu,"THAT the Housing Target Progress Report as outlined in the report titled “City of Maple Ridge Hous ing Target Progress Report: July 1 - December 31, 2024”, dated February 4, 2025 be received by Council in accordance with the Housing Supply Act and Regulation. THAT the Housing Target Progress Report be published on the City’s website and submitted to the Minister of Housing and Municipal Affairs in accordance with the Provincial Housing Supply Act and Regulation."
2025-02-11,Regular Council,9.5,Adaptable Housing: An Update on the Adaptable Unit Provisions in the 2024 BC Building Code,Procedural,Carried,7,0,0,Ahmed Yousef,Jenny Tan,In favour,In favour,In favour,In favour,In favour,In favour,In favour,Housing & density,,,,https://pub-mapleridge.escribemeetings.com/filestream.ashx?DocumentId=7161,https://pub-mapleridge.escribemeetings.com/Players/ISIStandAlonePlayer.aspx?Id=d9fe4715-9dc8-4717-a5a3-a7da3d74fe7d,https://councilrecord.ca/mapleridge.html#vote/8xitly,"THAT the report titled “Adaptable Housing: An Update on th e Adaptable Unit Provisions in the 2024 BC Building Code”, dated February 4, 2025, be received for information."
2025-02-11,Regular Council,9.6,USA Trade Tariffs – City Impacts,Amendment,Carried,7,0,0,Korleen Carreras,Sunny Schiller,In favour,In favour,In favour,In favour,In favour,In favour,In favour,Governance & elections,1 of 2,,,https://pub-mapleridge.escribemeetings.com/filestream.ashx?DocumentId=7161,https://pub-mapleridge.escribemeetings.com/Players/ISIStandAlonePlayer.aspx?Id=d9fe4715-9dc8-4717-a5a3-a7da3d74fe7d,https://councilrecord.ca/mapleridge.html#vote/3u49gt,"THAT the motion be amended to add : “THAT the following be added as an advocacy item to the items listed in the report titled ""USA Trade Tariffs - City Impacts"" dated February 11, 2025 :  T hat the City work in collaboration with the P rovincial and F ederal Government on action items ”"
2025-02-11,Regular Council,9.6,USA Trade Tariffs – City Impacts,Amendment,Carried,7,0,0,Korleen Carreras,Ahmed Yousef,In favour,In favour,In favour,In favour,In favour,In favour,In favour,Governance & elections,2 of 2,,,https://pub-mapleridge.escribemeetings.com/filestream.ashx?DocumentId=7161,https://pub-mapleridge.escribemeetings.com/Players/ISIStandAlonePlayer.aspx?Id=d9fe4715-9dc8-4717-a5a3-a7da3d74fe7d,https://councilrecord.ca/mapleridge.html#vote/1fnfu2l,"THAT the motion be amended to replace “ Replace Councillor Yousef with Councillor Schiller as Liaison 2 on the Diversified, Thriving Economy Advisory Committee” with “ Switch Councillor Yousef with Councillor Schiller as Primary and Alternate on the Ridge Meadows Recycling Society”"
2025-02-11,Regular Council,3,"Immediately begin construction on the Massey Tunnel Replacement Project to help get goods to Deltaport faster, strengthe ning the transportation",Main motion,Defeated,0,0,0,Ahmed Yousef,Sunny Schiller,No recorded vote,No recorded vote,No recorded vote,No recorded vote,No recorded vote,No recorded vote,No recorded vote,Transportation; Parks & recreation; Governance & elections,,"The minutes record this motion as defeated without naming who voted against it, so individual votes are not shown.",,https://pub-mapleridge.escribemeetings.com/filestream.ashx?DocumentId=7161,https://pub-mapleridge.escribemeetings.com/Players/ISIStandAlonePlayer.aspx?Id=d9fe4715-9dc8-4717-a5a3-a7da3d74fe7d,https://councilrecord.ca/mapleridge.html#vote/1x6cfyh,"Whereas the United States has proposed significant tariffs against Canada, be it resolved that the City of Maple Ridge forward a letter to the provincial government requesting they undertake the following steps: 1. Amending all applicable legislation to allow cities to only accept Canadian businesses in procurement bids, reinforcing our commitment to local, Canadian business. 2. Expedite the approval of Fortis BC’s Tilbury Phase 2 LNG expansion project in Delta, to generate $1.7 billion in GDP growth and create hundreds of long - term local jobs. 3. Immediately begin constru ction on the Massey Tunnel Replacement Project to help get goods to Deltaport faster, strengthening the transportation gateway between Canada and the Asia - Pacific region, and helping Canada diversify our export market."
2025-02-25,Regular Council,8.1,Zero Carbon Step Code I mplementation,Main motion,Carried,7,0,0,Sunny Schiller,Ahmed Yousef,In favour,In favour,In favour,In favour,In favour,In favour,In favour,Other,1 of 6,,,https://pub-mapleridge.escribemeetings.com/filestream.ashx?DocumentId=7327,https://pub-mapleridge.escribemeetings.com/Players/ISIStandAlonePlayer.aspx?Id=aa0303d0-0088-41c3-af30-70ac0a9a9bcd,https://councilrecord.ca/mapleridge.html#vote/18hmmr0,THAT Maple Ridge Building Amending Bylaw No. 8018 - 2025 be adopted.
2025-02-25,Regular Council,8.1,Zero Carbon Step Code I mplementation,Main motion,Carried,7,0,0,Judy Dueck,Ahmed Yousef,In favour,In favour,In favour,In favour,In favour,In favour,In favour,Housing & density; Development,2 of 6,,,https://pub-mapleridge.escribemeetings.com/filestream.ashx?DocumentId=7327,https://pub-mapleridge.escribemeetings.com/Players/ISIStandAlonePlayer.aspx?Id=aa0303d0-0088-41c3-af30-70ac0a9a9bcd,https://councilrecord.ca/mapleridge.html#vote/17jx2g6,THAT Official Community Plan Amending Bylaw No. 7557 - 2019 be adopted.
2025-02-25,Regular Council,8.1,Zero Carbon Step Code I mplementation,Main motion,Carried,7,0,0,Sunny Schiller,Onyeka Dozie,In favour,In favour,In favour,In favour,In favour,In favour,In favour,Other,3 of 6,,,https://pub-mapleridge.escribemeetings.com/filestream.ashx?DocumentId=7327,https://pub-mapleridge.escribemeetings.com/Players/ISIStandAlonePlayer.aspx?Id=aa0303d0-0088-41c3-af30-70ac0a9a9bcd,https://councilrecord.ca/mapleridge.html#vote/1v9s3vm,THAT Zone Amending Bylaw No. 7558 - 2019 be adopted
2025-02-25,Regular Council,8.1,Zero Carbon Step Code I mplementation,Main motion,Carried,7,0,0,Ahmed Yousef,Onyeka Dozie,In favour,In favour,In favour,In favour,In favour,In favour,In favour,Housing & density; Development,4 of 6,,,https://pub-mapleridge.escribemeetings.com/filestream.ashx?DocumentId=7327,https://pub-mapleridge.escribemeetings.com/Players/ISIStandAlonePlayer.aspx?Id=aa0303d0-0088-41c3-af30-70ac0a9a9bcd,https://councilrecord.ca/mapleridge.html#vote/qp72dk,THAT Official Community Plan Amending Bylaw No. 7653 - 2020 be adopted.
2025-02-25,Regular Council,8.1,Zero Carbon Step Code I mplementation,Main motion,Carried,7,0,0,Onyeka Dozie,Ahmed Yousef,In favour,In favour,In favour,In favour,In favour,In favour,In favour,Other,5 of 6,,,https://pub-mapleridge.escribemeetings.com/filestream.ashx?DocumentId=7327,https://pub-mapleridge.escribemeetings.com/Players/ISIStandAlonePlayer.aspx?Id=aa0303d0-0088-41c3-af30-70ac0a9a9bcd,https://councilrecord.ca/mapleridge.html#vote/1flqeo3,THAT Zone Amending Bylaw No. 7654 - 2020 be adopted.
2025-02-25,Regular Council,8.1,Zero Carbon Step Code I mplementation,Main motion,Carried,7,0,0,Ahmed Yousef,Onyeka Dozie,In favour,In favour,In favour,In favour,In favour,In favour,In favour,Other,6 of 6,,,https://pub-mapleridge.escribemeetings.com/filestream.ashx?DocumentId=7327,https://pub-mapleridge.escribemeetings.com/Players/ISIStandAlonePlayer.aspx?Id=aa0303d0-0088-41c3-af30-70ac0a9a9bcd,https://councilrecord.ca/mapleridge.html#vote/1edbx8q,THAT Zone Amending Bylaw No. 7699 - 2021 be adopted.
2025-02-25,Regular Council,9,STAFF AND COMMITTEE REPORTS,Main motion,Carried,7,0,0,Ahmed Yousef,Sunny Schiller,In favour,In favour,In favour,In favour,In favour,In favour,In favour,Development; Governance & elections,,,,https://pub-mapleridge.escribemeetings.com/filestream.ashx?DocumentId=7327,https://pub-mapleridge.escribemeetings.com/Players/ISIStandAlonePlayer.aspx?Id=aa0303d0-0088-41c3-af30-70ac0a9a9bcd,https://councilrecord.ca/mapleridge.html#vote/18yrbal,THAT the issuance of Multi - Family Development Permit 2020 - 413 - DP for 10366 240 Street be approved. THAT the issuance of Developme nt Variance Permit 2020 - 413 - VP for 10366 240 Street be approved.
2025-02-25,Regular Council,9,STAFF AND COMMITTEE REPORTS,Main motion,Carried,7,0,0,Sunny Schiller,Ahmed Yousef,In favour,In favour,In favour,In favour,In favour,In favour,In favour,Development; Governance & elections,,,,https://pub-mapleridge.escribemeetings.com/filestream.ashx?DocumentId=7327,https://pub-mapleridge.escribemeetings.com/Players/ISIStandAlonePlayer.aspx?Id=aa0303d0-0088-41c3-af30-70ac0a9a9bcd,https://councilrecord.ca/mapleridge.html#vote/1qd5kg8,THAT the issuance of Development Variance Permit 2022 - 237 - VP for 13287 232 Street be approved.
2025-02-25,Regular Council,9.4,North 256 Street Industrial Lands Area Plan Scope of Work,Main motion,Carried,7,0,0,Ahmed Yousef,Jenny Tan,In favour,In favour,In favour,In favour,In favour,In favour,In favour,Business & economy,,,,https://pub-mapleridge.escribemeetings.com/filestream.ashx?DocumentId=7327,https://pub-mapleridge.escribemeetings.com/Players/ISIStandAlonePlayer.aspx?Id=aa0303d0-0088-41c3-af30-70ac0a9a9bcd,https://councilrecord.ca/mapleridge.html#vote/keyrky,"THAT staff be directed to prepare an Area Plan for the North 256 Street Lands focused on industrial uses, as outlined in the report titled “North 256 Street Industrial Lands Area Plan Scope of Work”, dated February 18, 2025"
2025-02-25,Regular Council,9.5,"Strategic Update on Objectives and Key Results for Q4, 2024",Main motion,Carried,7,0,0,Judy Dueck,Ahmed Yousef,In favour,In favour,In favour,In favour,In favour,In favour,In favour,Other,,,,https://pub-mapleridge.escribemeetings.com/filestream.ashx?DocumentId=7327,https://pub-mapleridge.escribemeetings.com/Players/ISIStandAlonePlayer.aspx?Id=aa0303d0-0088-41c3-af30-70ac0a9a9bcd,https://councilrecord.ca/mapleridge.html#vote/tem90g,"THAT Council receive the report titled “Strategic Update on Objectives and Key Results for Q4, 2024” dated February 18 , 2025, for information"
2025-02-25,Regular Council,9.6,Community Engagement Framework and Corporate Communications and Engagement Policy Update,Main motion,Carried,7,0,0,Sunny Schiller,Ahmed Yousef,In favour,In favour,In favour,In favour,In favour,In favour,In favour,Governance & elections,,,,https://pub-mapleridge.escribemeetings.com/filestream.ashx?DocumentId=7327,https://pub-mapleridge.escribemeetings.com/Players/ISIStandAlonePlayer.aspx?Id=aa0303d0-0088-41c3-af30-70ac0a9a9bcd,https://councilrecord.ca/mapleridge.html#vote/1r4ak9y,THAT Council provide input on the draft Community Engagement Framework and updated Communications and Engagement Policy.
2025-02-25,Regular Council,9.7,LMLGA 2025 Policy Resolutions,Main motion,Carried,7,0,0,Sunny Schiller,Onyeka Dozie,In favour,In favour,In favour,In favour,In favour,In favour,In favour,Business & economy; Governance & elections,1 of 5,,,https://pub-mapleridge.escribemeetings.com/filestream.ashx?DocumentId=7327,https://pub-mapleridge.escribemeetings.com/Players/ISIStandAlonePlayer.aspx?Id=aa0303d0-0088-41c3-af30-70ac0a9a9bcd,https://councilrecord.ca/mapleridge.html#vote/1eeucbc,THAT Council endorse t he Industrial Lands Shortage resolution for submission to the LMLGA 2025 convention.
2025-02-25,Regular Council,9.7,LMLGA 2025 Policy Resolutions,Main motion,Carried,7,0,0,Korleen Carreras,Onyeka Dozie,In favour,In favour,In favour,In favour,In favour,In favour,In favour,Housing & density; Governance & elections,2 of 5,,,https://pub-mapleridge.escribemeetings.com/filestream.ashx?DocumentId=7327,https://pub-mapleridge.escribemeetings.com/Players/ISIStandAlonePlayer.aspx?Id=aa0303d0-0088-41c3-af30-70ac0a9a9bcd,https://councilrecord.ca/mapleridge.html#vote/485aft,THAT Council endorse the Long Term Supported Housing resolution for submission to the LML GA 2025 convention.
2025-02-25,Regular Council,9.7,LMLGA 2025 Policy Resolutions,Main motion,Carried,7,0,0,Judy Dueck,Ahmed Yousef,In favour,In favour,In favour,In favour,In favour,In favour,In favour,Public services; Governance & elections,3 of 5,,,https://pub-mapleridge.escribemeetings.com/filestream.ashx?DocumentId=7327,https://pub-mapleridge.escribemeetings.com/Players/ISIStandAlonePlayer.aspx?Id=aa0303d0-0088-41c3-af30-70ac0a9a9bcd,https://councilrecord.ca/mapleridge.html#vote/q7a660,THAT Council endorse the Mental Health Support for Local Government Elected Officials resolution for submission to the LMLGA 2025 convention.
2025-02-25,Regular Council,9.7,LMLGA 2025 Policy Resolutions,Main motion,Carried,7,0,0,Ahmed Yousef,Jenny Tan,In favour,In favour,In favour,In favour,In favour,In favour,In favour,Transportation; Parks & recreation; Governance & elections,4 of 5,,,https://pub-mapleridge.escribemeetings.com/filestream.ashx?DocumentId=7327,https://pub-mapleridge.escribemeetings.com/Players/ISIStandAlonePlayer.aspx?Id=aa0303d0-0088-41c3-af30-70ac0a9a9bcd,https://councilrecord.ca/mapleridge.html#vote/1fldid7,THAT Council endorse the Road Access to Provincial Parks resolution for submission to the LMLGA 2025 convention.
2025-02-25,Regular Council,9.7,LMLGA 2025 Policy Resolutions,Main motion,Carried,7,0,0,Ahmed Yousef,Korleen Carreras,In favour,In favour,In favour,In favour,In favour,In favour,In favour,Governance & elections,5 of 5,,,https://pub-mapleridge.escribemeetings.com/filestream.ashx?DocumentId=7327,https://pub-mapleridge.escribemeetings.com/Players/ISIStandAlonePlayer.aspx?Id=aa0303d0-0088-41c3-af30-70ac0a9a9bcd,https://councilrecord.ca/mapleridge.html#vote/1arkobb,THAT Council endorse the Support for Communities with Correctional Facilities resolution for submission to the LMLGA 2025 convention.
2025-03-11,Regular Council,7,CONSENT AGENDA,Main motion,Carried,7,0,0,Judy Dueck,Korleen Carreras,In favour,In favour,In favour,In favour,In favour,In favour,In favour,Business & economy,,,,https://pub-mapleridge.escribemeetings.com/filestream.ashx?DocumentId=7427,https://pub-mapleridge.escribemeetings.com/Players/ISIStandAlonePlayer.aspx?Id=46190ed0-e659-408f-9c62-b285c6501785,https://councilrecord.ca/mapleridge.html#vote/16m5zi,"THAT the item contained in the March 11, 2025, Regular Council Consent Agenda be received into the record. 7.1 BC Association of Farmers' Markets February 7, 2025, correspondence from Heather O'Hara, BCAFM Executive Director, and Wylie Bystedt, Chair, Board of Directors"
2025-03-11,Regular Council,8,BYLAWS,Main motion,Carried,6,1,0,Sunny Schiller,Judy Dueck,In favour,In favour,In favour,In favour,In favour,In favour,Against,Other,,,,https://pub-mapleridge.escribemeetings.com/filestream.ashx?DocumentId=7427,https://pub-mapleridge.escribemeetings.com/Players/ISIStandAlonePlayer.aspx?Id=46190ed0-e659-408f-9c62-b285c6501785,https://councilrecord.ca/mapleridge.html#vote/1tdo1i9,THAT Of ficial Community Plan Amending Bylaw No. 7865 - 2022 be adopted.
2025-03-11,Regular Council,8,BYLAWS,Main motion,Carried,6,1,0,Onyeka Dozie,Sunny Schiller,In favour,In favour,In favour,In favour,In favour,In favour,Against,Other,,,,https://pub-mapleridge.escribemeetings.com/filestream.ashx?DocumentId=7427,https://pub-mapleridge.escribemeetings.com/Players/ISIStandAlonePlayer.aspx?Id=46190ed0-e659-408f-9c62-b285c6501785,https://councilrecord.ca/mapleridge.html#vote/1mkpd7n,THAT Zone Amending Bylaw No. 7766 - 2021 be adopted.
2025-03-11,Regular Council,8,BYLAWS,Main motion,Carried,6,1,0,Judy Dueck,Onyeka Dozie,In favour,In favour,In favour,In favour,In favour,In favour,Against,Housing & density,,,,https://pub-mapleridge.escribemeetings.com/filestream.ashx?DocumentId=7427,https://pub-mapleridge.escribemeetings.com/Players/ISIStandAlonePlayer.aspx?Id=46190ed0-e659-408f-9c62-b285c6501785,https://councilrecord.ca/mapleridge.html#vote/s0tsaz,THAT Housing Agreement Bylaw No. 7992 - 2024 be adopted.
2025-03-11,Regular Council,9,STAFF AND COMMITTEE REPORTS,Main motion,Carried,6,1,0,Onyeka Dozie,Jenny Tan,In favour,In favour,In favour,In favour,In favour,In favour,Against,Development; Governance & elections,,,,https://pub-mapleridge.escribemeetings.com/filestream.ashx?DocumentId=7427,https://pub-mapleridge.escribemeetings.com/Players/ISIStandAlonePlayer.aspx?Id=46190ed0-e659-408f-9c62-b285c6501785,https://councilrecord.ca/mapleridge.html#vote/1vor1e1,"THAT the issuance of Development Variance Permit 2021 - 281 - VP for 22936, 22944, 22952, 22964, and 22974 Dewdney Trunk Road be approved. THAT the issuance of Mu l ti - Family Development Permit 2021 - 281 - DP for 22936, 22944, 22952, 22964, and 22974 Dewdney Trunk Road be approved."
2025-03-11,Regular Council,9.2,"Engagement Results and Next Steps for the Cliff Ave, Selkirk Ave, and 119 Ave Land Use Review",Main motion,Carried,7,0,0,Judy Dueck,Onyeka Dozie,In favour,In favour,In favour,In favour,In favour,In favour,In favour,Development,1 of 3,,,https://pub-mapleridge.escribemeetings.com/filestream.ashx?DocumentId=7427,https://pub-mapleridge.escribemeetings.com/Players/ISIStandAlonePlayer.aspx?Id=46190ed0-e659-408f-9c62-b285c6501785,https://councilrecord.ca/mapleridge.html#vote/143h5h0,"THAT in respect of Section 475 of the Local Government Act, Council confirms that the opportunity for early and ongoing consultation has been provided."
2025-03-11,Regular Council,9.2,"Engagement Results and Next Steps for the Cliff Ave, Selkirk Ave, and 119 Ave Land Use Review",Main motion,Carried,7,0,0,Onyeka Dozie,Korleen Carreras,In favour,In favour,In favour,In favour,In favour,In favour,In favour,Housing & density; Development,2 of 3,,,https://pub-mapleridge.escribemeetings.com/filestream.ashx?DocumentId=7427,https://pub-mapleridge.escribemeetings.com/Players/ISIStandAlonePlayer.aspx?Id=46190ed0-e659-408f-9c62-b285c6501785,https://councilrecord.ca/mapleridge.html#vote/8ypyvd,THAT Official Community Plan Amending Bylaw No. 7828 - 2022 be given second re ading and forwarded to Public Hearing.
2025-03-11,Regular Council,9.2,"Engagement Results and Next Steps for the Cliff Ave, Selkirk Ave, and 119 Ave Land Use Review",Main motion,Carried,7,0,0,Judy Dueck,Onyeka Dozie,In favour,In favour,In favour,In favour,In favour,In favour,In favour,Housing & density; Development,3 of 3,,,https://pub-mapleridge.escribemeetings.com/filestream.ashx?DocumentId=7427,https://pub-mapleridge.escribemeetings.com/Players/ISIStandAlonePlayer.aspx?Id=46190ed0-e659-408f-9c62-b285c6501785,https://councilrecord.ca/mapleridge.html#vote/1w512xe,THAT staff report back to Council on proposed land use changes for the properties designated Single - Family Residential on Selkirk Avenue and 119 Avenue in the Town Centre Area Plan for consideration.
2025-03-11,Regular Council,9.3,Tenant Protections: Applicability of a Proposed Tenant Protection Bylaw,Main motion,Carried,6,1,0,Sunny Schiller,Korleen Carreras,In favour,In favour,In favour,In favour,In favour,In favour,Against,Housing & density,,,,https://pub-mapleridge.escribemeetings.com/filestream.ashx?DocumentId=7427,https://pub-mapleridge.escribemeetings.com/Players/ISIStandAlonePlayer.aspx?Id=46190ed0-e659-408f-9c62-b285c6501785,https://councilrecord.ca/mapleridge.html#vote/9lf06r,THAT Council direct Staff to prepare a Te nant Protection Bylaw for Council’s consideration.
2025-03-11,Regular Council,9.4,Police Services and General Administration Fees for 2025,Main motion,Carried,7,0,0,Judy Dueck,Onyeka Dozie,In favour,In favour,In favour,In favour,In favour,In favour,In favour,Public services,,,,https://pub-mapleridge.escribemeetings.com/filestream.ashx?DocumentId=7427,https://pub-mapleridge.escribemeetings.com/Players/ISIStandAlonePlayer.aspx?Id=46190ed0-e659-408f-9c62-b285c6501785,https://councilrecord.ca/mapleridge.html#vote/18zsnzi,"THAT Council receive the report titled “Update on Police Services Fees and General Administration Fees for 2025” dated March 4, 2025, for information."
2025-03-11,Regular Council,9.5,Continuous Improvement Centre of Excellence Update,Main motion,Carried,7,0,0,Judy Dueck,Onyeka Dozie,In favour,In favour,In favour,In favour,In favour,In favour,In favour,Other,,,,https://pub-mapleridge.escribemeetings.com/filestream.ashx?DocumentId=7427,https://pub-mapleridge.escribemeetings.com/Players/ISIStandAlonePlayer.aspx?Id=46190ed0-e659-408f-9c62-b285c6501785,https://councilrecord.ca/mapleridge.html#vote/4u9je1,"THAT Council receive the report titled “Continuous Improvement Centre of Excellence Update” dated March 4, 2025, for information."
2025-03-11,Regular Council,9.6,Net Promoter Score / Customer Satisfaction (NPS/CSAT) Survey Analysis Update,Main motion,Carried,7,0,0,Sunny Schiller,Onyeka Dozie,In favour,In favour,In favour,In favour,In favour,In favour,In favour,Business & economy,,,,https://pub-mapleridge.escribemeetings.com/filestream.ashx?DocumentId=7427,https://pub-mapleridge.escribemeetings.com/Players/ISIStandAlonePlayer.aspx?Id=46190ed0-e659-408f-9c62-b285c6501785,https://councilrecord.ca/mapleridge.html#vote/lgzdt7,That Council receives the tourism Net Promoter Score / Customer Satisfac tion Survey (NPS/CSAT) results for information.
2025-03-11,Regular Council,9.7,Seasonal Curbside Patio Program – 2024 Season Review & 2025 Refinements,Main motion,Carried,7,0,0,Onyeka Dozie,Sunny Schiller,In favour,In favour,In favour,In favour,In favour,In favour,In favour,Business & economy,1 of 2,,,https://pub-mapleridge.escribemeetings.com/filestream.ashx?DocumentId=7427,https://pub-mapleridge.escribemeetings.com/Players/ISIStandAlonePlayer.aspx?Id=46190ed0-e659-408f-9c62-b285c6501785,https://councilrecord.ca/mapleridge.html#vote/guyyuw,"THAT Council receive the Seasonal Curbside Patio Program – 2024 Season Rev iew & 2025 Refinements report dated March 4, 2025, for information; and THAT Council endorse the adjustment to the Third - Party Liability Insurance requirements for all Type A/B patios and non - liquor - licensed Type C/D patios operating under the Seasonal Cu rbside Patio Program."
2025-03-11,Regular Council,9.7,Seasonal Curbside Patio Program – 2024 Season Review & 2025 Refinements,Main motion,Carried,7,0,0,Sunny Schiller,Korleen Carreras,In favour,In favour,In favour,In favour,In favour,In favour,In favour,Business & economy,2 of 2,,,https://pub-mapleridge.escribemeetings.com/filestream.ashx?DocumentId=7427,https://pub-mapleridge.escribemeetings.com/Players/ISIStandAlonePlayer.aspx?Id=46190ed0-e659-408f-9c62-b285c6501785,https://councilrecord.ca/mapleridge.html#vote/13ukfej,THAT Council direct staff to develop an initiative with the City’s Objective and Key Result (OKR) framework to increase participation in the patio p rogram for council’s consideration.
2025-03-25,Regular Council,7,CONSENT AGENDA,Main motion,Carried,7,0,0,Onyeka Dozie,Jenny Tan,In favour,In favour,In favour,In favour,In favour,In favour,In favour,Other,,,,https://pub-mapleridge.escribemeetings.com/filestream.ashx?DocumentId=7685,https://pub-mapleridge.escribemeetings.com/Players/ISIStandAlonePlayer.aspx?Id=0663744a-aaa4-4054-933f-82b1d0531596,https://councilrecord.ca/mapleridge.html#vote/nuhc03,"THAT the item contained in the March 25, 2025, Regular Council Consent Agenda be received into the record. 7.1 AP Disbursements January 2025 Disbursements summary for the month ended January 31, 2025."
2025-03-25,Regular Council,8,BYLAWS,Main motion,Carried,7,0,0,Onyeka Dozie,Judy Dueck,In favour,In favour,In favour,In favour,In favour,In favour,In favour,Other,,,,https://pub-mapleridge.escribemeetings.com/filestream.ashx?DocumentId=7685,https://pub-mapleridge.escribemeetings.com/Players/ISIStandAlonePlayer.aspx?Id=0663744a-aaa4-4054-933f-82b1d0531596,https://councilrecord.ca/mapleridge.html#vote/nbc4h4,THAT Zone Amending Bylaw No. 7903 - 2023 be given third reading.
2025-03-25,Regular Council,8,BYLAWS,Main motion,Carried,7,0,0,,Onyeka Dozie,In favour,In favour,In favour,In favour,In favour,In favour,In favour,Other,,,,https://pub-mapleridge.escribemeetings.com/filestream.ashx?DocumentId=7685,https://pub-mapleridge.escribemeetings.com/Players/ISIStandAlonePlayer.aspx?Id=0663744a-aaa4-4054-933f-82b1d0531596,https://councilrecord.ca/mapleridge.html#vote/1lkrfyj,THAT Zone Amending Bylaw No. 7946 - 2023 be given third reading.
2025-03-25,Regular Council,8,BYLAWS,Main motion,Carried,7,0,0,Judy Dueck,Onyeka Dozie,In favour,In favour,In favour,In favour,In favour,In favour,In favour,Housing & density; Development,,,,https://pub-mapleridge.escribemeetings.com/filestream.ashx?DocumentId=7685,https://pub-mapleridge.escribemeetings.com/Players/ISIStandAlonePlayer.aspx?Id=0663744a-aaa4-4054-933f-82b1d0531596,https://councilrecord.ca/mapleridge.html#vote/1x1aasw,THAT Official Community Plan Amending Bylaw No. 7771 - 2021 be given first reading.
2025-03-25,Regular Council,8,BYLAWS,Main motion,Carried,7,0,0,Onyeka Dozie,Jenny Tan,In favour,In favour,In favour,In favour,In favour,In favour,In favour,Housing & density; Development,,,,https://pub-mapleridge.escribemeetings.com/filestream.ashx?DocumentId=7685,https://pub-mapleridge.escribemeetings.com/Players/ISIStandAlonePlayer.aspx?Id=0663744a-aaa4-4054-933f-82b1d0531596,https://councilrecord.ca/mapleridge.html#vote/1l4jau3,"THAT in accord ance with Section 475 and 476 of the Local Government Act, Council direct staff to proceed with the consultation strategy as outlined in the Staff report dated March 25, 2025, for Official Community Plan Amending Bylaw No. 7771 - 2021. THAT an opportunity f or early and ongoing consultation be provided by way of posting Official Community Plan Amending Bylaw No. 7771 - 2021 on the City’s website, and Council considers holding a Public Hearing on the Bylaw to be sufficient consultation. THAT in accordance with Section 477 of the Local Government Act, Council considers the Official Community Plan Amending Bylaw No. 7771 - 2021 consistent with the City’s Capital Expenditure Plan and Waste Management Plan."
2025-03-25,Regular Council,8,BYLAWS,Main motion,Carried,7,0,0,Onyeka Dozie,Korleen Carreras,In favour,In favour,In favour,In favour,In favour,In favour,In favour,Housing & density; Development,,,,https://pub-mapleridge.escribemeetings.com/filestream.ashx?DocumentId=7685,https://pub-mapleridge.escribemeetings.com/Players/ISIStandAlonePlayer.aspx?Id=0663744a-aaa4-4054-933f-82b1d0531596,https://councilrecord.ca/mapleridge.html#vote/h6z4zt,THAT Official Community Plan Amending Bylaw No. 7771 - 2021 be given second reading and forwarded to Public Hearing.
2025-03-25,Regular Council,8,BYLAWS,Main motion,Carried,7,0,0,Sunny Schiller,Onyeka Dozie,In favour,In favour,In favour,In favour,In favour,In favour,In favour,Other,,,,https://pub-mapleridge.escribemeetings.com/filestream.ashx?DocumentId=7685,https://pub-mapleridge.escribemeetings.com/Players/ISIStandAlonePlayer.aspx?Id=0663744a-aaa4-4054-933f-82b1d0531596,https://councilrecord.ca/mapleridge.html#vote/1cul01u,"THAT Zone Amending Bylaw No. 7772 - 202 1 be given second reading and forwarded to Public Hearing; and THAT staff be directed to work with the applicant to address the outstanding terms and conditions as outlined in the Staff report dated March 25, 2025, and any others as identified by Council, prior to recommending bylaw adoption."
2025-03-25,Regular Council,8.4,Short - Term Rental Implementation,Main motion,Carried,7,0,0,Sunny Schiller,Onyeka Dozie,In favour,In favour,In favour,In favour,In favour,In favour,In favour,Housing & density,1 of 3,,,https://pub-mapleridge.escribemeetings.com/filestream.ashx?DocumentId=7685,https://pub-mapleridge.escribemeetings.com/Players/ISIStandAlonePlayer.aspx?Id=0663744a-aaa4-4054-933f-82b1d0531596,https://councilrecord.ca/mapleridge.html#vote/1duifyo,"THAT Zone Amending Bylaw No. 8029 - 2025, to enable Short - Term Rentals, be given first and second reading and be forwarded to Public Hearing."
2025-03-25,Regular Council,8.4,Short - Term Rental Implementation,Main motion,Carried,7,0,0,Onyeka Dozie,Korleen Carreras,In favour,In favour,In favour,In favour,In favour,In favour,In favour,Housing & density; Transportation,2 of 3,,,https://pub-mapleridge.escribemeetings.com/filestream.ashx?DocumentId=7685,https://pub-mapleridge.escribemeetings.com/Players/ISIStandAlonePlayer.aspx?Id=0663744a-aaa4-4054-933f-82b1d0531596,https://councilrecord.ca/mapleridge.html#vote/107zyf5,"THAT Off - Street Parking and Loading A mending Bylaw No. 8030 - 2025, to support the provision of Short - Term Rentals, be given first, second and third reading."
2025-03-25,Regular Council,8.4,Short - Term Rental Implementation,Main motion,Carried,7,0,0,Judy Dueck,Onyeka Dozie,In favour,In favour,In favour,In favour,In favour,In favour,In favour,Housing & density; Business & economy,3 of 3,,,https://pub-mapleridge.escribemeetings.com/filestream.ashx?DocumentId=7685,https://pub-mapleridge.escribemeetings.com/Players/ISIStandAlonePlayer.aspx?Id=0663744a-aaa4-4054-933f-82b1d0531596,https://councilrecord.ca/mapleridge.html#vote/1netawj,"THAT Business Licencing and Regulation Amending Bylaw No. 8022 - 2025, to license Short - Term Rentals, be given first, second and third reading; and THAT Council direct staff to notify the public of the proposed Business Licencing and Regulation Amending Bylaw No. 8022 - 2025, in accordance with Option C as outli ned in the report dated March 25, 2025."
2025-03-25,Regular Council,8.5,Servicing Officer Designation Bylaw No. 8031 - 2025,Main motion,Carried,7,0,0,Judy Dueck,Sunny Schiller,In favour,In favour,In favour,In favour,In favour,In favour,In favour,Other,,,,https://pub-mapleridge.escribemeetings.com/filestream.ashx?DocumentId=7685,https://pub-mapleridge.escribemeetings.com/Players/ISIStandAlonePlayer.aspx?Id=0663744a-aaa4-4054-933f-82b1d0531596,https://councilrecord.ca/mapleridge.html#vote/1jcwuou,"THAT council give first, second and third reading to Maple Ridge Servicing Officer Designation Bylaw No. 8031 - 2025."
2025-03-25,Regular Council,9.1,Community Engagement Framework and Updated Corporate,Main motion,Carried,7,0,0,Onyeka Dozie,Sunny Schiller,In favour,In favour,In favour,In favour,In favour,In favour,In favour,Governance & elections,,,,https://pub-mapleridge.escribemeetings.com/filestream.ashx?DocumentId=7685,https://pub-mapleridge.escribemeetings.com/Players/ISIStandAlonePlayer.aspx?Id=0663744a-aaa4-4054-933f-82b1d0531596,https://councilrecord.ca/mapleridge.html#vote/4f6xz6,THAT Council approve the Community Engagement Framework; and THAT Council approve the Corporate Communications and Community Engagement Policy No. 5.57.
2025-04-01,Special Council,4,GENERAL MATTERS,Main motion,Carried,6,1,0,Sunny Schiller,Ahmed Yousef,In favour,In favour,In favour,In favour,In favour,In favour,Against,Taxes & spending,,,,https://pub-mapleridge.escribemeetings.com/filestream.ashx?DocumentId=7686,https://pub-mapleridge.escribemeetings.com/Players/ISIStandAlonePlayer.aspx?Id=dc3ecd4a-eca7-46af-a15e-b57019a15e1d,https://councilrecord.ca/mapleridge.html#vote/15vg6vi,"THAT the 2025 - 2029 Financial Plan Bylaw 8019 - 2025 be given first, se cond and third reading."
2025-04-01,Special Council,4.2,Maple Ridge 2025 Property Tax Rates,Main motion,Carried,6,1,0,Judy Dueck,Jenny Tan,In favour,In favour,In favour,In favour,In favour,In favour,Against,Taxes & spending,1 of 2,,,https://pub-mapleridge.escribemeetings.com/filestream.ashx?DocumentId=7686,https://pub-mapleridge.escribemeetings.com/Players/ISIStandAlonePlayer.aspx?Id=dc3ecd4a-eca7-46af-a15e-b57019a15e1d,https://councilrecord.ca/mapleridge.html#vote/4ffufq,"THAT Maple Ridge 2025 Property Tax Rates Bylaw No. 8026 - 2025 be given first, second and third reading."
2025-04-01,Special Council,4.2,Maple Ridge 2025 Property Tax Rates,Main motion,Carried,7,0,0,Ahmed Yousef,Jenny Tan,In favour,In favour,In favour,In favour,In favour,In favour,In favour,Taxes & spending; Public services,2 of 2,,,https://pub-mapleridge.escribemeetings.com/filestream.ashx?DocumentId=7686,https://pub-mapleridge.escribemeetings.com/Players/ISIStandAlonePlayer.aspx?Id=dc3ecd4a-eca7-46af-a15e-b57019a15e1d,https://councilrecord.ca/mapleridge.html#vote/rxrjf6,"THAT Maple Ridge Sewer Rate Amending Bylaw No. 8027 - 2025 be given first, second and third reading."
2025-04-01,Special Council,4.4,Repeal Recycling Levy Bylaw No. 4655 - 1992,Main motion,Carried,7,0,0,Ahmed Yousef,Judy Dueck,In favour,In favour,In favour,In favour,In favour,In favour,In favour,Taxes & spending; Transportation; Public services,,,,https://pub-mapleridge.escribemeetings.com/filestream.ashx?DocumentId=7686,https://pub-mapleridge.escribemeetings.com/Players/ISIStandAlonePlayer.aspx?Id=dc3ecd4a-eca7-46af-a15e-b57019a15e1d,https://councilrecord.ca/mapleridge.html#vote/k9pbz0,"THAT Maple Ridge Recycling Charges Repeal Bylaw No. 8028 - 2025 be given first, second, and third reading."
2025-04-08,Regular Council,8,BYLAWS,Main motion,Carried,6,1,0,Judy Dueck,Sunny Schiller,In favour,In favour,In favour,In favour,In favour,In favour,Against,Other,,,,https://pub-mapleridge.escribemeetings.com/filestream.ashx?DocumentId=7939,https://pub-mapleridge.escribemeetings.com/Players/ISIStandAlonePlayer.aspx?Id=095ad979-2d03-42fd-8f1a-9f9c634ab8cc,https://councilrecord.ca/mapleridge.html#vote/i7fth6,THAT the 2025 - 2029 Financial Pl an Bylaw 8019 - 2025 be adopted.
2025-04-08,Regular Council,8.2,Maple Ridge 2025 Property Tax Rates,Main motion,Carried,6,1,0,Korleen Carreras,Onyeka Dozie,In favour,In favour,In favour,In favour,In favour,In favour,Against,Taxes & spending,1 of 2,,,https://pub-mapleridge.escribemeetings.com/filestream.ashx?DocumentId=7939,https://pub-mapleridge.escribemeetings.com/Players/ISIStandAlonePlayer.aspx?Id=095ad979-2d03-42fd-8f1a-9f9c634ab8cc,https://councilrecord.ca/mapleridge.html#vote/qg53t7,THAT Maple Ridge 2025 Property Tax Rates Bylaw No. 8026 - 2025 be adopted.
2025-04-08,Regular Council,8.2,Maple Ridge 2025 Property Tax Rates,Main motion,Carried,7,0,0,Judy Dueck,Ahmed Yousef,In favour,In favour,In favour,In favour,In favour,In favour,In favour,Taxes & spending; Public services,2 of 2,,,https://pub-mapleridge.escribemeetings.com/filestream.ashx?DocumentId=7939,https://pub-mapleridge.escribemeetings.com/Players/ISIStandAlonePlayer.aspx?Id=095ad979-2d03-42fd-8f1a-9f9c634ab8cc,https://councilrecord.ca/mapleridge.html#vote/1ef3lr,THAT Maple Ridge Sewer Rate Amending Bylaw No. 8027 - 2025 be adopted.
2025-04-08,Regular Council,8.4,R epeal Recycling Levy Bylaw No. 4655 - 1992,Main motion,Carried,7,0,0,Ahmed Yousef,Sunny Schiller,In favour,In favour,In favour,In favour,In favour,In favour,In favour,Taxes & spending; Transportation; Public services,,,,https://pub-mapleridge.escribemeetings.com/filestream.ashx?DocumentId=7939,https://pub-mapleridge.escribemeetings.com/Players/ISIStandAlonePlayer.aspx?Id=095ad979-2d03-42fd-8f1a-9f9c634ab8cc,https://councilrecord.ca/mapleridge.html#vote/i8pavb,THAT Maple Ridge Recyc ling Charges Repeal Bylaw No. 8028 - 2025 be adopted.
2025-04-08,Regular Council,8.5,Servicing Officer Designation Bylaw No. 8031 - 2025,Main motion,Carried,7,0,0,Ahmed Yousef,Onyeka Dozie,In favour,In favour,In favour,In favour,In favour,In favour,In favour,Other,1 of 5,,,https://pub-mapleridge.escribemeetings.com/filestream.ashx?DocumentId=7939,https://pub-mapleridge.escribemeetings.com/Players/ISIStandAlonePlayer.aspx?Id=095ad979-2d03-42fd-8f1a-9f9c634ab8cc,https://councilrecord.ca/mapleridge.html#vote/1jtn52,THAT Maple Ridge Servicing Officer Designation Bylaw No. 8031 - 2025 be adopted.
2025-04-08,Regular Council,8.5,Servicing Officer Designation Bylaw No. 8031 - 2025,Main motion,Carried,7,0,0,Ahmed Yousef,Onyeka Dozie,In favour,In favour,In favour,In favour,In favour,In favour,In favour,Other,2 of 5,,,https://pub-mapleridge.escribemeetings.com/filestream.ashx?DocumentId=7939,https://pub-mapleridge.escribemeetings.com/Players/ISIStandAlonePlayer.aspx?Id=095ad979-2d03-42fd-8f1a-9f9c634ab8cc,https://councilrecord.ca/mapleridge.html#vote/cgdtoi,"THAT Zone Amending Bylaw No. 7814 - 2021 be given second reading and be forwarded to Public Hearing; and THAT Staff be dir ected to work with the applicant to address any outstanding terms and conditions as set out in the Staff Report, and any other as identified by Council, prior to recommending Bylaw adoption."
2025-04-08,Regular Council,8.5,Servicing Officer Designation Bylaw No. 8031 - 2025,Main motion,Carried,7,0,0,Ahmed Yousef,Onyeka Dozie,In favour,In favour,In favour,In favour,In favour,In favour,In favour,Other,3 of 5,,,https://pub-mapleridge.escribemeetings.com/filestream.ashx?DocumentId=7939,https://pub-mapleridge.escribemeetings.com/Players/ISIStandAlonePlayer.aspx?Id=095ad979-2d03-42fd-8f1a-9f9c634ab8cc,https://councilrecord.ca/mapleridge.html#vote/glqmp9,"THAT in accordance with Sections 475 and 476 of the Local Government Act, Council direct staff to proceed with the consultation strategy as outlined in the Staff report dated April 1, 2025. THAT an opportunity for early and ongoing consultation be provided by way of posting Official Communit y Plan Amending Bylaw No. 8035 - 2025 on the City’s website, and Council considers the holding of a Public Hearing on the bylaw to be sufficient consultation. THAT in accordance with Section 477 of the Local Government Act, Council considers the Official Com munity Plan Amending Bylaw No. 8035 - 2025 consistent with the City’s Capital Expenditure Plan and Waste Management Plan."
2025-04-08,Regular Council,8.5,Servicing Officer Designation Bylaw No. 8031 - 2025,Main motion,Carried,7,0,0,Sunny Schiller,Onyeka Dozie,In favour,In favour,In favour,In favour,In favour,In favour,In favour,Housing & density; Development,4 of 5,,,https://pub-mapleridge.escribemeetings.com/filestream.ashx?DocumentId=7939,https://pub-mapleridge.escribemeetings.com/Players/ISIStandAlonePlayer.aspx?Id=095ad979-2d03-42fd-8f1a-9f9c634ab8cc,https://councilrecord.ca/mapleridge.html#vote/g2akh6,THAT Official Community Plan Amending Bylaw No. 8035 - 2025 be given second reading and forwarded to Public Hearing.
2025-04-08,Regular Council,8.5,Servicing Officer Designation Bylaw No. 8031 - 2025,Main motion,Carried,7,0,0,Judy Dueck,Korleen Carreras,In favour,In favour,In favour,In favour,In favour,In favour,In favour,Other,5 of 5,,,https://pub-mapleridge.escribemeetings.com/filestream.ashx?DocumentId=7939,https://pub-mapleridge.escribemeetings.com/Players/ISIStandAlonePlayer.aspx?Id=095ad979-2d03-42fd-8f1a-9f9c634ab8cc,https://councilrecord.ca/mapleridge.html#vote/1opdctn,"THAT Zone Amending Bylaw No. 7880 - 2022, as amended, be given second reading and forwarded to Public Hearing. THAT staff be directed to work with the applicant to address the outstanding terms and conditions as outlined in the Staff Report dated April 1, 2025, and any other as identified by Council, prior to recommending bylaw adoption."
2025-04-08,Regular Council,9.1,Online Application Portal and Streamlined Permit Process,Procedural,Carried,7,0,0,Korleen Carreras,Ahmed Yousef,In favour,In favour,In favour,In favour,In favour,In favour,In favour,Environment & climate,,,,https://pub-mapleridge.escribemeetings.com/filestream.ashx?DocumentId=7939,https://pub-mapleridge.escribemeetings.com/Players/ISIStandAlonePlayer.aspx?Id=095ad979-2d03-42fd-8f1a-9f9c634ab8cc,https://councilrecord.ca/mapleridge.html#vote/hlq2jx,"That the report dated March 25, 2025, titled “Online application portal and streamlined permit process” be received for information."
2025-04-08,Regular Council,9.2,Development Concierge Program – Pi lot,Main motion,Carried,6,0,1,Judy Dueck,Korleen Carreras,In favour,In favour,In favour,In favour,In favour,In favour,Absent,Other,,,,https://pub-mapleridge.escribemeetings.com/filestream.ashx?DocumentId=7939,https://pub-mapleridge.escribemeetings.com/Players/ISIStandAlonePlayer.aspx?Id=095ad979-2d03-42fd-8f1a-9f9c634ab8cc,https://councilrecord.ca/mapleridge.html#vote/1c32s9g,THAT Council approve the launch of the concierge pilot program and proposed implementation approach.
2025-04-08,Regular Council,9.3,Update on Recreation Services Fees and Charges for 2025,Main motion,Carried,7,0,0,Onyeka Dozie,Sunny Schiller,In favour,In favour,In favour,In favour,In favour,In favour,In favour,Taxes & spending; Parks & recreation,,,,https://pub-mapleridge.escribemeetings.com/filestream.ashx?DocumentId=7939,https://pub-mapleridge.escribemeetings.com/Players/ISIStandAlonePlayer.aspx?Id=095ad979-2d03-42fd-8f1a-9f9c634ab8cc,https://councilrecord.ca/mapleridge.html#vote/1y6bhu9,"THAT Council receive the report titled “Update on Recreation Services Fees and Charges for 2025” dated March 25, 2025, for information."
2025-04-08,Regular Council,9.4,Update on Filming Fees for 2025,Main motion,Carried,7,0,0,Korleen Carreras,Ahmed Yousef,In favour,In favour,In favour,In favour,In favour,In favour,In favour,Business & economy,,,,https://pub-mapleridge.escribemeetings.com/filestream.ashx?DocumentId=7939,https://pub-mapleridge.escribemeetings.com/Players/ISIStandAlonePlayer.aspx?Id=095ad979-2d03-42fd-8f1a-9f9c634ab8cc,https://councilrecord.ca/mapleridge.html#vote/io0s0i,"THAT Council receives the report titled “Update on Filming Fees for 2025” dated March 25, 2025, for information."
2025-04-22,Regular Council,8,BYLAWS,Main motion,Carried,7,0,0,Ahmed Yousef,Korleen Carreras,In favour,In favour,In favour,In favour,In favour,In favour,In favour,Other,,,,https://pub-mapleridge.escribemeetings.com/filestream.ashx?DocumentId=8153,https://pub-mapleridge.escribemeetings.com/Players/ISIStandAlonePlayer.aspx?Id=1139500c-89b8-4041-9d7e-77624ab2790c,https://councilrecord.ca/mapleridge.html#vote/18ktx7g,"THAT Zone Amending Bylaw No. 7901 - 2023 be given second reading, as amended and be forwarded to Public Hearing; and THAT staff be directed to work with the applicant to address the outstanding terms and conditions as set out in the April 15, 2025 report, and any ot her as identified by Council, prior to recommending the bylaw adoption."
2025-04-22,Regular Council,8.2,Yennadon Lands Area Plan New M7 Industrial Zone,Main motion,Carried,7,0,0,Ahmed Yousef,Sunny Schiller,In favour,In favour,In favour,In favour,In favour,In favour,In favour,Business & economy,1 of 3,,,https://pub-mapleridge.escribemeetings.com/filestream.ashx?DocumentId=8153,https://pub-mapleridge.escribemeetings.com/Players/ISIStandAlonePlayer.aspx?Id=1139500c-89b8-4041-9d7e-77624ab2790c,https://councilrecord.ca/mapleridge.html#vote/ups14k,THAT Maple Ridge Zone Amending Bylaw No. 8033 - 2025 be given first and second reading and be for warded to public hearing.
2025-04-22,Regular Council,8.2,Yennadon Lands Area Plan New M7 Industrial Zone,Main motion,Carried,7,0,0,Korleen Carreras,Ahmed Yousef,In favour,In favour,In favour,In favour,In favour,In favour,In favour,Housing & density; Development; Business & economy,2 of 3,,,https://pub-mapleridge.escribemeetings.com/filestream.ashx?DocumentId=8153,https://pub-mapleridge.escribemeetings.com/Players/ISIStandAlonePlayer.aspx?Id=1139500c-89b8-4041-9d7e-77624ab2790c,https://councilrecord.ca/mapleridge.html#vote/1s45f8a,THAT Official Community Plan Amending Bylaw No. 7771 - 2021 be given third reading.
2025-04-22,Regular Council,8.2,Yennadon Lands Area Plan New M7 Industrial Zone,Main motion,Carried,7,0,0,Ahmed Yousef,Judy Dueck,In favour,In favour,In favour,In favour,In favour,In favour,In favour,Business & economy,3 of 3,,,https://pub-mapleridge.escribemeetings.com/filestream.ashx?DocumentId=8153,https://pub-mapleridge.escribemeetings.com/Players/ISIStandAlonePlayer.aspx?Id=1139500c-89b8-4041-9d7e-77624ab2790c,https://councilrecord.ca/mapleridge.html#vote/1mn3rm,THAT Zone Amending Bylaw No. 7772 - 2021 be given third reading.
2025-04-22,Regular Council,8.4,Land Use Designation Changes to Town Centre Area Plan,Main motion,Carried,7,0,0,Judy Dueck,Sunny Schiller,In favour,In favour,In favour,In favour,In favour,In favour,In favour,Housing & density; Development,1 of 2,,,https://pub-mapleridge.escribemeetings.com/filestream.ashx?DocumentId=8153,https://pub-mapleridge.escribemeetings.com/Players/ISIStandAlonePlayer.aspx?Id=1139500c-89b8-4041-9d7e-77624ab2790c,https://councilrecord.ca/mapleridge.html#vote/1u0svdo,THAT Official Community Plan Amending Bylaw No. 7828 - 2022 be given third reading.
2025-04-22,Regular Council,8.4,Land Use Designation Changes to Town Centre Area Plan,Main motion,Carried,7,0,0,Ahmed Yousef,Jenny Tan,In favour,In favour,In favour,In favour,In favour,In favour,In favour,Housing & density; Development,2 of 2,,,https://pub-mapleridge.escribemeetings.com/filestream.ashx?DocumentId=8153,https://pub-mapleridge.escribemeetings.com/Players/ISIStandAlonePlayer.aspx?Id=1139500c-89b8-4041-9d7e-77624ab2790c,https://councilrecord.ca/mapleridge.html#vote/16hurpr,THAT Official Community Plan Amending Bylaw No. 7828 - 2022 be adopted.
2025-04-22,Regular Council,8.5,Short - Term Rental Implementation,Main motion,Carried,7,0,0,Judy Dueck,Ahmed Yousef,In favour,In favour,In favour,In favour,In favour,In favour,In favour,Housing & density,1 of 5,,,https://pub-mapleridge.escribemeetings.com/filestream.ashx?DocumentId=8153,https://pub-mapleridge.escribemeetings.com/Players/ISIStandAlonePlayer.aspx?Id=1139500c-89b8-4041-9d7e-77624ab2790c,https://councilrecord.ca/mapleridge.html#vote/nqz4tt,THAT Zone Amending Bylaw No. 8029 - 2025 be given third reading.
2025-04-22,Regular Council,8.5,Short - Term Rental Implementation,Main motion,Carried,7,0,0,Sunny Schiller,Ahmed Yousef,In favour,In favour,In favour,In favour,In favour,In favour,In favour,Housing & density; Transportation,2 of 5,,,https://pub-mapleridge.escribemeetings.com/filestream.ashx?DocumentId=8153,https://pub-mapleridge.escribemeetings.com/Players/ISIStandAlonePlayer.aspx?Id=1139500c-89b8-4041-9d7e-77624ab2790c,https://councilrecord.ca/mapleridge.html#vote/arp7sb,THAT Off - Street Parking and Loading Amending Bylaw No. 8030 - 2025 be adopted
2025-04-22,Regular Council,8.5,Short - Term Rental Implementation,Main motion,Carried,7,0,0,Judy Dueck,Ahmed Yousef,In favour,In favour,In favour,In favour,In favour,In favour,In favour,Housing & density; Business & economy,3 of 5,,,https://pub-mapleridge.escribemeetings.com/filestream.ashx?DocumentId=8153,https://pub-mapleridge.escribemeetings.com/Players/ISIStandAlonePlayer.aspx?Id=1139500c-89b8-4041-9d7e-77624ab2790c,https://councilrecord.ca/mapleridge.html#vote/dy2zvh,THAT Business Licencing and Regulation Amending Bylaw No. 8022 - 2025 be adopted.
2025-04-22,Regular Council,8.5,Short - Term Rental Implementation,Main motion,Carried,7,0,0,Ahmed Yousef,Jenny Tan,In favour,In favour,In favour,In favour,In favour,In favour,In favour,Housing & density,4 of 5,,,https://pub-mapleridge.escribemeetings.com/filestream.ashx?DocumentId=8153,https://pub-mapleridge.escribemeetings.com/Players/ISIStandAlonePlayer.aspx?Id=1139500c-89b8-4041-9d7e-77624ab2790c,https://councilrecord.ca/mapleridge.html#vote/xmiybb,THAT Zone Amending Bylaw No. 7713 - 2021 be adopted.
2025-04-22,Regular Council,8.5,Short - Term Rental Implementation,Main motion,Carried,7,0,0,Ahmed Yousef,Jenny Tan,In favour,In favour,In favour,In favour,In favour,In favour,In favour,Housing & density,5 of 5,,,https://pub-mapleridge.escribemeetings.com/filestream.ashx?DocumentId=8153,https://pub-mapleridge.escribemeetings.com/Players/ISIStandAlonePlayer.aspx?Id=1139500c-89b8-4041-9d7e-77624ab2790c,https://councilrecord.ca/mapleridge.html#vote/uce5j5,THAT Zone Amending Bylaw No. 7648 - 2020 be adopted.
2025-04-22,Regular Council,9,STAFF AND COMMITTEE REPORTS,Main motion,Defeated,2,4,1,Ahmed Yousef,Sunny Schiller,In favour,Against,Absent,Against,Against,Against,In favour,Taxes & spending; Transportation; Neighbourhood character; Public services; Governance & elections,,,,https://pub-mapleridge.escribemeetings.com/filestream.ashx?DocumentId=8153,https://pub-mapleridge.escribemeetings.com/Players/ISIStandAlonePlayer.aspx?Id=1139500c-89b8-4041-9d7e-77624ab2790c,https://councilrecord.ca/mapleridge.html#vote/vlkzfa,"THAT the phrase ""with Fireworks display for an additional cost of $15 ,000"" be added after the phrase “ Option 1 : and that cost of “ $47,474 ” be struck and replaced with the cost of “ $62,474 ” ."
2025-04-22,Regular Council,9.2,"Free Weekend Parking to Support Festivals, Events and Economic Development",Main motion,Carried,5,1,1,Ahmed Yousef,Korleen Carreras,In favour,In favour,Absent,In favour,In favour,In favour,Against,Transportation; Parks & recreation; Business & economy,,,,https://pub-mapleridge.escribemeetings.com/filestream.ashx?DocumentId=8153,https://pub-mapleridge.escribemeetings.com/Players/ISIStandAlonePlayer.aspx?Id=1139500c-89b8-4041-9d7e-77624ab2790c,https://councilrecord.ca/mapleridge.html#vote/17aegb8,"THAT Council app roves waiving underground parking rates on Saturdays and Sundays, annually from April 1 through October 31."
2025-04-22,Regular Council,9.3,Family - Friendly Housing Policy,Main motion,Carried,6,0,1,Jenny Tan,Ahmed Yousef,In favour,In favour,Absent,In favour,In favour,In favour,In favour,Housing & density,1 of 7,,,https://pub-mapleridge.escribemeetings.com/filestream.ashx?DocumentId=8153,https://pub-mapleridge.escribemeetings.com/Players/ISIStandAlonePlayer.aspx?Id=1139500c-89b8-4041-9d7e-77624ab2790c,https://councilrecord.ca/mapleridge.html#vote/vrafmf,THAT Council refer the Family - Friendly Housing Policy back to staff to review the requirements surrounding 3 bedroom units and to explorer potential incentive programs.
2025-04-22,Regular Council,9.3,Family - Friendly Housing Policy,Main motion,Carried,5,0,2,Ahmed Yousef,Korleen Carreras,In favour,In favour,Absent,In favour,Absent,In favour,In favour,Housing & density; Development; Business & economy,2 of 7,,,https://pub-mapleridge.escribemeetings.com/filestream.ashx?DocumentId=8153,https://pub-mapleridge.escribemeetings.com/Players/ISIStandAlonePlayer.aspx?Id=1139500c-89b8-4041-9d7e-77624ab2790c,https://councilrecord.ca/mapleridge.html#vote/1n6q9zr,THAT the Non - Farm Use Application 2025 - 030 - AL be forwarded to the Agricultural Land Commission with a recommendation for approval.
2025-04-22,Regular Council,9.3,Family - Friendly Housing Policy,Main motion,Carried,5,0,2,Ahmed Yousef,Judy Dueck,In favour,In favour,Absent,In favour,Absent,In favour,In favour,Housing & density,3 of 7,,,https://pub-mapleridge.escribemeetings.com/filestream.ashx?DocumentId=8153,https://pub-mapleridge.escribemeetings.com/Players/ISIStandAlonePlayer.aspx?Id=1139500c-89b8-4041-9d7e-77624ab2790c,https://councilrecord.ca/mapleridge.html#vote/14hia4g,THAT the issuance of Development Vari ance Permit 2020 - 014 - VP for 12209 Laity Street be approved.
2025-04-22,Regular Council,9.3,Family - Friendly Housing Policy,Main motion,Carried,5,0,2,Ahmed Yousef,Korleen Carreras,In favour,In favour,Absent,Absent,In favour,In favour,In favour,Housing & density; Development,4 of 7,,,https://pub-mapleridge.escribemeetings.com/filestream.ashx?DocumentId=8153,https://pub-mapleridge.escribemeetings.com/Players/ISIStandAlonePlayer.aspx?Id=1139500c-89b8-4041-9d7e-77624ab2790c,https://councilrecord.ca/mapleridge.html#vote/1r3fthm,"THAT the issuance of Development Variance Permit 2020 - 432 - VP for 12211 and 12229 228 Street, be approved; and THAT the issuance of Development Permit 2020 - 432 - DP for 12211 and 12229 228 Street, be approved."
2025-04-22,Regular Council,9.3,Family - Friendly Housing Policy,Main motion,Carried,5,0,2,Ahmed Yousef,Sunny Schiller,In favour,In favour,Absent,Absent,In favour,In favour,In favour,Housing & density; Development,5 of 7,,,https://pub-mapleridge.escribemeetings.com/filestream.ashx?DocumentId=8153,https://pub-mapleridge.escribemeetings.com/Players/ISIStandAlonePlayer.aspx?Id=1139500c-89b8-4041-9d7e-77624ab2790c,https://councilrecord.ca/mapleridge.html#vote/b4cziz,THAT the issuance of Development Variance Permit 2022 - 463 - VP for 24018 112 Avenue be approved; and THAT the issuance of Commercia l /Multi - Family Development Permit 2022 - 463 - DP for 24018 112 Avenue be approved.
2025-04-22,Regular Council,9.3,Family - Friendly Housing Policy,Main motion,Carried,6,0,1,Korleen Carreras,Ahmed Yousef,In favour,In favour,Absent,In favour,In favour,In favour,In favour,Housing & density; Development,6 of 7,,,https://pub-mapleridge.escribemeetings.com/filestream.ashx?DocumentId=8153,https://pub-mapleridge.escribemeetings.com/Players/ISIStandAlonePlayer.aspx?Id=1139500c-89b8-4041-9d7e-77624ab2790c,https://councilrecord.ca/mapleridge.html#vote/17gd6vn,THAT the issuance of Development Variance Permit 2025 - 029 - VP for 22528 Lougheed Hi ghway be approved.
2025-04-22,Regular Council,9.3,Family - Friendly Housing Policy,Main motion,Carried,6,0,1,Korleen Carreras,Judy Dueck,In favour,In favour,Absent,In favour,In favour,In favour,In favour,Housing & density; Development,7 of 7,,,https://pub-mapleridge.escribemeetings.com/filestream.ashx?DocumentId=8153,https://pub-mapleridge.escribemeetings.com/Players/ISIStandAlonePlayer.aspx?Id=1139500c-89b8-4041-9d7e-77624ab2790c,https://councilrecord.ca/mapleridge.html#vote/e6yg75,"THAT the issuance of Development Variance Permit 2025 - 031 - VP for 22535 Lougheed Highway, be approved."
2025-04-22,Regular Council,9.10,"Update on Building, Planning, Board of Variance and Enginee ring Fees for 2025",Main motion,Carried,5,1,1,Ahmed Yousef,Korleen Carreras,In favour,In favour,Absent,In favour,In favour,In favour,Against,Governance & elections,,,,https://pub-mapleridge.escribemeetings.com/filestream.ashx?DocumentId=8153,https://pub-mapleridge.escribemeetings.com/Players/ISIStandAlonePlayer.aspx?Id=1139500c-89b8-4041-9d7e-77624ab2790c,https://councilrecord.ca/mapleridge.html#vote/1uz4uxz,"THAT Council receive the report titled “Update on Building, Planning, Board of Variance, and Engineering Fees for 2025” dated April 15, 2025, for information."
2025-04-22,Regular Council,9.11,"Committees of Council Policy 3.11 – Amendments to Membership Composition To provide further refinements to the membership composition of the Engaged,",Main motion,Carried,6,0,1,Sunny Schiller,Judy Dueck,In favour,In favour,Absent,In favour,In favour,In favour,In favour,Governance & elections,,,,https://pub-mapleridge.escribemeetings.com/filestream.ashx?DocumentId=8153,https://pub-mapleridge.escribemeetings.com/Players/ISIStandAlonePlayer.aspx?Id=1139500c-89b8-4041-9d7e-77624ab2790c,https://councilrecord.ca/mapleridge.html#vote/1nm5ho1,"THAT Council adopt Council Policy 3.11 – Committees of Council, as amended."
2025-05-13,Regular Council,7,RECONSIDERATI ON,Referral,Carried,5,1,1,Jenny Tan,Korleen Carreras,In favour,In favour,Against,In favour,In favour,In favour,Absent,Other,,,,https://pub-mapleridge.escribemeetings.com/filestream.ashx?DocumentId=9528,https://pub-mapleridge.escribemeetings.com/Players/ISIStandAlonePlayer.aspx?Id=a0b2bc34-1dcf-4eb2-b05e-a643ac4982eb,https://councilrecord.ca/mapleridge.html#vote/19v0r3x,"THAT the following phras e be inserted after the word report: “and be referred back to staff, should the applicant be denied, further reconsideration by Council could be requested. ” Absent: Councillor Yousef"
2025-05-13,Regular Council,8,CONSENT AGENDA,Main motion,Carried,6,0,1,Judy Dueck,Jenny Tan,In favour,In favour,In favour,In favour,In favour,In favour,Absent,Other,,,,https://pub-mapleridge.escribemeetings.com/filestream.ashx?DocumentId=9528,https://pub-mapleridge.escribemeetings.com/Players/ISIStandAlonePlayer.aspx?Id=a0b2bc34-1dcf-4eb2-b05e-a643ac4982eb,https://councilrecord.ca/mapleridge.html#vote/8vxjqy,"THAT Zone Amending Bylaw No. 7718 - 2021 be given second reading and forwarded to Public Hearing. THAT staff be directed to work with the applicant to address the outstanding terms and conditions outlined in the Staff report dated May 6, 202 5, and any others identified by Council, prior to recommending bylaw adoption. Absent : Councillor Yousef"
2025-05-13,Regular Council,8,CONSENT AGENDA,Main motion,Carried,6,0,1,Sunny Schiller,Onyeka Dozie,In favour,In favour,In favour,In favour,In favour,In favour,Absent,Housing & density; Development,,,,https://pub-mapleridge.escribemeetings.com/filestream.ashx?DocumentId=9528,https://pub-mapleridge.escribemeetings.com/Players/ISIStandAlonePlayer.aspx?Id=a0b2bc34-1dcf-4eb2-b05e-a643ac4982eb,https://councilrecord.ca/mapleridge.html#vote/127cy58,THAT Official Community Plan Amending Bylaw No. 7834 - 2022 be adopted. Absent : Councillor Yousef
2025-05-13,Regular Council,8,CONSENT AGENDA,Main motion,Carried,6,0,1,Jenny Tan,Onyeka Dozie,In favour,In favour,In favour,In favour,In favour,In favour,Absent,Other,,,,https://pub-mapleridge.escribemeetings.com/filestream.ashx?DocumentId=9528,https://pub-mapleridge.escribemeetings.com/Players/ISIStandAlonePlayer.aspx?Id=a0b2bc34-1dcf-4eb2-b05e-a643ac4982eb,https://councilrecord.ca/mapleridge.html#vote/r5s9pi,THAT Zone Amending Bylaw No . 7539 - 2019 be adopted. Absent : Councillor Yousef
2025-05-13,Regular Council,10,STAFF AND COMMITTEE REPORTS,Main motion,Carried,6,0,1,Judy Dueck,Jenny Tan,In favour,In favour,In favour,In favour,In favour,In favour,Absent,Development; Governance & elections,,,,https://pub-mapleridge.escribemeetings.com/filestream.ashx?DocumentId=9528,https://pub-mapleridge.escribemeetings.com/Players/ISIStandAlonePlayer.aspx?Id=a0b2bc34-1dcf-4eb2-b05e-a643ac4982eb,https://councilrecord.ca/mapleridge.html#vote/kdtdzo,THAT the issuance of Development Variance Permit 2019 - 055 - VP for 11795 and 11839 267 Street be approved. Absent : Councillor Yousef
2025-05-13,Regular Council,10.2,"Bring to Market Industrial Land Study for the Albion Industrial Area, Fraser River, Kwantlen First Nation Lands",Main motion,Carried,6,0,1,Sunny Schiller,Onyeka Dozie,In favour,In favour,In favour,In favour,In favour,In favour,Absent,Business & economy,,,,https://pub-mapleridge.escribemeetings.com/filestream.ashx?DocumentId=9528,https://pub-mapleridge.escribemeetings.com/Players/ISIStandAlonePlayer.aspx?Id=a0b2bc34-1dcf-4eb2-b05e-a643ac4982eb,https://councilrecord.ca/mapleridge.html#vote/at05v,"That Council receive the Bring to Market Industrial Land Study attached to the report titled “Bring to Market Industrial Land Stu dy for the Albion Industrial Area, Fraser River, Kwantlen First Nation Lands”, dated May 6, 2025, for information. Absent : Councillor Yousef"
2025-05-13,Regular Council,10.3,"Strategic Update on the Maple Ridge Strategic Plan for Q1, 2025",Main motion,Carried,6,0,1,Onyeka Dozie,Jenny Tan,In favour,In favour,In favour,In favour,In favour,In favour,Absent,Governance & elections,1 of 2,,,https://pub-mapleridge.escribemeetings.com/filestream.ashx?DocumentId=9528,https://pub-mapleridge.escribemeetings.com/Players/ISIStandAlonePlayer.aspx?Id=a0b2bc34-1dcf-4eb2-b05e-a643ac4982eb,https://councilrecord.ca/mapleridge.html#vote/1uwl5q6,"THAT Council receive the report titled “Strategic Update on t he Maple Ridge Strategic Plan for Q1, 2025” dated May 6, 2025 for information. Absent : Councillor Yousef"
2025-05-13,Regular Council,10.3,"Strategic Update on the Maple Ridge Strategic Plan for Q1, 2025",Main motion,Carried,6,0,1,Onyeka Dozie,Sunny Schiller,In favour,In favour,In favour,In favour,In favour,In favour,Absent,Taxes & spending; Governance & elections,2 of 2,,,https://pub-mapleridge.escribemeetings.com/filestream.ashx?DocumentId=9528,https://pub-mapleridge.escribemeetings.com/Players/ISIStandAlonePlayer.aspx?Id=a0b2bc34-1dcf-4eb2-b05e-a643ac4982eb,https://councilrecord.ca/mapleridge.html#vote/1fk2llg,THAT Council approve the 2024 Consolidated Financial Statements. Absent : Councillor Yousef
2025-05-27,Regular Council,8,BYLAWS,Main motion,Carried,5,0,2,Onyeka Dozie,Sunny Schiller,In favour,In favour,In favour,In favour,In favour,Absent,Absent,Other,,,,https://pub-mapleridge.escribemeetings.com/filestream.ashx?DocumentId=9406,https://pub-mapleridge.escribemeetings.com/Players/ISIStandAlonePlayer.aspx?Id=88c827e9-1324-4dad-a823-9bba0a79975f,https://councilrecord.ca/mapleridge.html#vote/1v0oemn,"THAT Zone Amending Bylaw No. 8034 - 2025 be given first, secon d and third reading; and THAT staff be directed to work with the applicant to address the outstanding terms and conditions as outlined in the Staff report dated May 20, 2025, and any other as identified by Council, prior to recommending bylaw adoption. Abs ent (2): Councillor Tan, and Councillor Yousef"
2025-05-27,Regular Council,8.2,Albion Area Plan Update,Main motion,Carried,5,0,2,Onyeka Dozie,Judy Dueck,In favour,In favour,In favour,In favour,In favour,Absent,Absent,Housing & density; Development,,,,https://pub-mapleridge.escribemeetings.com/filestream.ashx?DocumentId=9406,https://pub-mapleridge.escribemeetings.com/Players/ISIStandAlonePlayer.aspx?Id=88c827e9-1324-4dad-a823-9bba0a79975f,https://councilrecord.ca/mapleridge.html#vote/1bebqxo,"THAT in accordance with Section 475 of the Local Government Act Council direct staff to proceed with the consultation strategy as outlined in the staff report dated May 20, 2025, for Official Community Plan Amending Bylaw No. 8032 - 2025. THAT an opportunity for early and ongoing consultation be provided by way of posti ng Official Community Plan Amending Bylaw No. 8032 - 2025 on the City’s website, and Council considers holding a Public Hearing on the Bylaw to be sufficient consultation. THAT Official Community Plan Amending Bylaw No. 8032 - 2025, to update the Albion Area Plan, be given first reading."
2025-05-27,Regular Council,8.3,Amendment to Maple Ridge Fees and Charges Bylaw No. 7575 - 2019 To update fee s and charges and consolidate fees from multiple bylaws into one,Main motion,Carried,5,0,2,,Korleen Carreras,In favour,In favour,In favour,In favour,In favour,Absent,Absent,Taxes & spending,1 of 5,,,https://pub-mapleridge.escribemeetings.com/filestream.ashx?DocumentId=9406,https://pub-mapleridge.escribemeetings.com/Players/ISIStandAlonePlayer.aspx?Id=88c827e9-1324-4dad-a823-9bba0a79975f,https://councilrecord.ca/mapleridge.html#vote/1497rfr,"THAT Maple Ridge Fees and Charges Amending Bylaw No. 7993 - 2024 be given first, second and third reading."
2025-05-27,Regular Council,8.3,Amendment to Maple Ridge Fees and Charges Bylaw No. 7575 - 2019 To update fee s and charges and consolidate fees from multiple bylaws into one,Main motion,Carried,5,0,2,Onyeka Dozie,Sunny Schiller,In favour,In favour,In favour,In favour,In favour,Absent,Absent,Taxes & spending,2 of 5,,,https://pub-mapleridge.escribemeetings.com/filestream.ashx?DocumentId=9406,https://pub-mapleridge.escribemeetings.com/Players/ISIStandAlonePlayer.aspx?Id=88c827e9-1324-4dad-a823-9bba0a79975f,https://councilrecord.ca/mapleridge.html#vote/15eyeti,THAT Zone Amending Bylaw No. 7814 - 2021 be given third reading.
2025-05-27,Regular Council,8.3,Amendment to Maple Ridge Fees and Charges Bylaw No. 7575 - 2019 To update fee s and charges and consolidate fees from multiple bylaws into one,Main motion,Carried,5,0,2,Judy Dueck,Onyeka Dozie,In favour,In favour,In favour,In favour,In favour,Absent,Absent,Housing & density; Development; Taxes & spending,3 of 5,,,https://pub-mapleridge.escribemeetings.com/filestream.ashx?DocumentId=9406,https://pub-mapleridge.escribemeetings.com/Players/ISIStandAlonePlayer.aspx?Id=88c827e9-1324-4dad-a823-9bba0a79975f,https://councilrecord.ca/mapleridge.html#vote/kd3hs,THAT Official Community Plan Amending Bylaw No. 8035 - 2025 be given third reading.
2025-05-27,Regular Council,8.3,Amendment to Maple Ridge Fees and Charges Bylaw No. 7575 - 2019 To update fee s and charges and consolidate fees from multiple bylaws into one,Main motion,Carried,5,0,2,Onyeka Dozie,Sunny Schiller,In favour,In favour,In favour,In favour,In favour,Absent,Absent,Taxes & spending,4 of 5,,,https://pub-mapleridge.escribemeetings.com/filestream.ashx?DocumentId=9406,https://pub-mapleridge.escribemeetings.com/Players/ISIStandAlonePlayer.aspx?Id=88c827e9-1324-4dad-a823-9bba0a79975f,https://councilrecord.ca/mapleridge.html#vote/1ceinvd,THAT Zone Amending Bylaw No. 7880 - 2022 be given third reading.
2025-05-27,Regular Council,8.3,Amendment to Maple Ridge Fees and Charges Bylaw No. 7575 - 2019 To update fee s and charges and consolidate fees from multiple bylaws into one,Main motion,Carried,5,0,2,Onyeka Dozie,Korleen Carreras,In favour,In favour,In favour,In favour,In favour,Absent,Absent,Taxes & spending,5 of 5,,,https://pub-mapleridge.escribemeetings.com/filestream.ashx?DocumentId=9406,https://pub-mapleridge.escribemeetings.com/Players/ISIStandAlonePlayer.aspx?Id=88c827e9-1324-4dad-a823-9bba0a79975f,https://councilrecord.ca/mapleridge.html#vote/q31vbf,THAT Zone Amending Bylaw No. 7901 - 2023 be given third reading.
2025-05-27,Regular Council,8.7,Yennadon Lands Area Plan N ew M7 Industrial Zone,Main motion,Carried,5,0,2,Onyeka Dozie,Korleen Carreras,In favour,In favour,In favour,In favour,In favour,Absent,Absent,Business & economy,,,,https://pub-mapleridge.escribemeetings.com/filestream.ashx?DocumentId=9406,https://pub-mapleridge.escribemeetings.com/Players/ISIStandAlonePlayer.aspx?Id=88c827e9-1324-4dad-a823-9bba0a79975f,https://councilrecord.ca/mapleridge.html#vote/a1jg0t,THAT Maple Ridge Zone Amending Bylaw No. 8033 - 2025 be g iven third reading.
2025-05-27,Regular Council,9.1,Investment Attraction and Business Retention and Expansion Strategies Strategies and an implementation plan outlining initiative for the City to,Main motion,Carried,5,0,2,Korleen Carreras,Judy Dueck,In favour,In favour,In favour,In favour,In favour,Absent,Absent,Business & economy,1 of 2,,,https://pub-mapleridge.escribemeetings.com/filestream.ashx?DocumentId=9406,https://pub-mapleridge.escribemeetings.com/Players/ISIStandAlonePlayer.aspx?Id=88c827e9-1324-4dad-a823-9bba0a79975f,https://councilrecord.ca/mapleridge.html#vote/ccnd7b,"THAT Council receive the report titled “Investment Attraction and Business Retention and Expansion Strategies” dated May 20, 2025 for Information."
2025-05-27,Regular Council,9.1,Investment Attraction and Business Retention and Expansion Strategies Strategies and an implementation plan outlining initiative for the City to,Main motion,Carried,5,0,2,Onyeka Dozie,Sunny Schiller,In favour,In favour,In favour,In favour,In favour,Absent,Absent,Development; Business & economy,2 of 2,,,https://pub-mapleridge.escribemeetings.com/filestream.ashx?DocumentId=9406,https://pub-mapleridge.escribemeetings.com/Players/ISIStandAlonePlayer.aspx?Id=88c827e9-1324-4dad-a823-9bba0a79975f,https://councilrecord.ca/mapleridge.html#vote/swc43a,THAT the issuance of Development Permit 2020 - 309 - DP for 12323 222 Street be approved.
2025-05-27,Regular Council,9.3,Transit - Oriented Areas: Land Use Planning Process Update,Main motion,Carried,5,0,2,Judy Dueck,Onyeka Dozie,In favour,In favour,In favour,In favour,In favour,Absent,Absent,Development; Transportation; Public services; Governance & elections,,,,https://pub-mapleridge.escribemeetings.com/filestream.ashx?DocumentId=9406,https://pub-mapleridge.escribemeetings.com/Players/ISIStandAlonePlayer.aspx?Id=88c827e9-1324-4dad-a823-9bba0a79975f,https://councilrecord.ca/mapleridge.html#vote/lqpv7q,"THAT Council endorse the motion set out in the Board of Education for School District 42’s letter dated May 20, 2025; and THAT the Mayor write a letter to the Minister of Education and Child Care, the Minister of Infrastructure, the Premier of British Columbia and local MLAs advocating for immedia te funding to support the acquisition of the Silver Valley elementary school site and to reinforce the need for expedited school construction in the area to meet the needs of the community."
2025-06-10,Regular Council,8.1,Amendment to Maple Ridge Fees and Charges Bylaw No. 7575 - 2019 To update fees and charges and consolidate fees from multiple bylaws into one,Main motion,Carried,5,0,2,Onyeka Dozie,Sunny Schiller,In favour,Absent,In favour,In favour,In favour,In favour,Absent,Taxes & spending,1 of 4,,,https://pub-mapleridge.escribemeetings.com/filestream.ashx?DocumentId=9857,https://pub-mapleridge.escribemeetings.com/Players/ISIStandAlonePlayer.aspx?Id=30e4fcab-c937-4b85-ac26-b9fec9830773,https://councilrecord.ca/mapleridge.html#vote/9d9qvn,THAT Maple Ridge Fees and Charges Amending Bylaw No. 7993 - 2024 be adopted.
2025-06-10,Regular Council,8.1,Amendment to Maple Ridge Fees and Charges Bylaw No. 7575 - 2019 To update fees and charges and consolidate fees from multiple bylaws into one,Main motion,Carried,5,0,2,Sunny Schiller,Onyeka Dozie,In favour,Absent,In favour,In favour,In favour,In favour,Absent,Housing & density; Development; Taxes & spending,2 of 4,,,https://pub-mapleridge.escribemeetings.com/filestream.ashx?DocumentId=9857,https://pub-mapleridge.escribemeetings.com/Players/ISIStandAlonePlayer.aspx?Id=30e4fcab-c937-4b85-ac26-b9fec9830773,https://councilrecord.ca/mapleridge.html#vote/ajibij,"THAT Council give first reading to Official Community Plan Amending Bylaw No. 7900 - 2023; and THAT in accordance with Sections 475 and 476 of the Local Government Act, Council direct staff to proceed with the consultation strategy as outlined in the staff report dated Decem ber 3, 2024, for Official Community Plan Amending Bylaw No. 7900 - 2023; and THAT an opportunity for early and ongoing consultation be provided by way of posting Official Community Plan Amending Bylaw No. 7900 - 2023 on the City’s website, and Council conside rs holding a public hearing on the bylaw to be sufficient consultation; and THAT in accordance with Section 477 of the Local Government Act, Council considers the Official Community Plan Amending Bylaw No. 7900 - 2023 consistent with the City’s Capital Expe nditure Plan and Waste Management Plan; and"
2025-06-10,Regular Council,8.1,Amendment to Maple Ridge Fees and Charges Bylaw No. 7575 - 2019 To update fees and charges and consolidate fees from multiple bylaws into one,Main motion,Carried,5,0,2,Onyeka Dozie,Judy Dueck,In favour,Absent,In favour,In favour,In favour,In favour,Absent,Housing & density; Development; Taxes & spending,3 of 4,,,https://pub-mapleridge.escribemeetings.com/filestream.ashx?DocumentId=9857,https://pub-mapleridge.escribemeetings.com/Players/ISIStandAlonePlayer.aspx?Id=30e4fcab-c937-4b85-ac26-b9fec9830773,https://councilrecord.ca/mapleridge.html#vote/fqtmyh,THAT Official Community Plan Amending Bylaw No. 7900 - 2023 be given second r eading and be forwarded to Public Hearing.
2025-06-10,Regular Council,8.1,Amendment to Maple Ridge Fees and Charges Bylaw No. 7575 - 2019 To update fees and charges and consolidate fees from multiple bylaws into one,Main motion,Carried,5,0,2,Onyeka Dozie,Sunny Schiller,In favour,Absent,In favour,In favour,In favour,In favour,Absent,Taxes & spending,4 of 4,,,https://pub-mapleridge.escribemeetings.com/filestream.ashx?DocumentId=9857,https://pub-mapleridge.escribemeetings.com/Players/ISIStandAlonePlayer.aspx?Id=30e4fcab-c937-4b85-ac26-b9fec9830773,https://councilrecord.ca/mapleridge.html#vote/1ipa7r1,"THAT Council give second reading to Zone Amending Bylaw No. 7570 - 2019 and be forwarded to Public Hearing; and THAT staff be directed to work with the applicant to address the outstanding terms and conditions as outlined in the staff report dated June 3, 2025, and any other as identified by Council, prior to recommending bylaw adoption."
2025-06-10,Regular Council,9.1,Katie’s Place Lease Renewal,Main motion,Carried,5,0,2,Onyeka Dozie,Sunny Schiller,In favour,Absent,In favour,In favour,In favour,In favour,Absent,Public services,,,,https://pub-mapleridge.escribemeetings.com/filestream.ashx?DocumentId=9857,https://pub-mapleridge.escribemeetings.com/Players/ISIStandAlonePlayer.aspx?Id=30e4fcab-c937-4b85-ac26-b9fec9830773,https://councilrecord.ca/mapleridge.html#vote/lw5gqi,THAT the Katie’s Place Domestic Animal Resource and Education Society lease be renewed for a period of three years with two renewal terms of three years each; and THAT the Corporate Officer be authorized to execute the lease.
2025-06-24,Regular Council,8,BYLAWS,Main motion,Carried,6,0,1,Sunny Schiller,Onyeka Dozie,In favour,In favour,In favour,In favour,In favour,In favour,Absent,Other,,,,https://pub-mapleridge.escribemeetings.com/filestream.ashx?DocumentId=9859,https://pub-mapleridge.escribemeetings.com/Players/ISIStandAlonePlayer.aspx?Id=eba5d1a2-3716-4f56-aac4-950064498d92,https://councilrecord.ca/mapleridge.html#vote/145lx39,"THAT Zone Amending Bylaw No. 7789 - 2021 be given second reading and forwarded to Public Hearing; and THAT staff be directed to work with the a pplicant to address the outstanding terms and conditions outlined in the staff report dated June 24, 2025, and any others identified by Council, prior to recommending bylaw adoption."
2025-06-24,Regular Council,8,BYLAWS,Main motion,Carried,6,0,1,Judy Dueck,Onyeka Dozie,In favour,In favour,In favour,In favour,In favour,In favour,Absent,Other,,,,https://pub-mapleridge.escribemeetings.com/filestream.ashx?DocumentId=9859,https://pub-mapleridge.escribemeetings.com/Players/ISIStandAlonePlayer.aspx?Id=eba5d1a2-3716-4f56-aac4-950064498d92,https://councilrecord.ca/mapleridge.html#vote/1k5j818,"THAT Zone Amending Bylaw No. 7905 - 2023, be abandoned."
2025-06-24,Regular Council,8,BYLAWS,Main motion,Carried,6,0,1,Onyeka Dozie,Sunny Schiller,In favour,In favour,In favour,In favour,In favour,In favour,Absent,Other,,,,https://pub-mapleridge.escribemeetings.com/filestream.ashx?DocumentId=9859,https://pub-mapleridge.escribemeetings.com/Players/ISIStandAlonePlayer.aspx?Id=eba5d1a2-3716-4f56-aac4-950064498d92,https://councilrecord.ca/mapleridge.html#vote/l4dkqa,"THAT Zone Amending Bylaw No. 8037 - 2025 be given first, second, and third reading; and THAT staff be directed to work with the applicant to address the outstanding terms and conditions as outlined in the Staff report dated June 17, 2025, and any other as identified by Council, prior to recommending bylaw adoption."
2025-06-24,Regular Council,8,BYLAWS,Main motion,Carried,6,0,1,Onyeka Dozie,Sunny Schiller,In favour,In favour,In favour,In favour,In favour,In favour,Absent,Governance & elections,,,,https://pub-mapleridge.escribemeetings.com/filestream.ashx?DocumentId=9859,https://pub-mapleridge.escribemeetings.com/Players/ISIStandAlonePlayer.aspx?Id=eba5d1a2-3716-4f56-aac4-950064498d92,https://councilrecord.ca/mapleridge.html#vote/1d0lzxp,"THAT the re vised Zone Amending Bylaw No. 8038 - 2025 with the addition of the June 17, 2025, Committee of the Whole recommendation to include the provision of a maximum total gross floor area of 180m2 of enclosed space to the CD - 1 - 25 zone, be given first and second rea ding and forwarded to Public Hearing; and THAT staff be directed to work with the applicant to address the outstanding terms and conditions as outlined in the Staff report dated June 24, 2025, and any other as identified by Council, prior to recommending bylaw adoption."
2025-06-24,Regular Council,8,BYLAWS,Main motion,Carried,6,0,1,Sunny Schiller,Onyeka Dozie,In favour,In favour,In favour,In favour,In favour,In favour,Absent,Other,,,,https://pub-mapleridge.escribemeetings.com/filestream.ashx?DocumentId=9859,https://pub-mapleridge.escribemeetings.com/Players/ISIStandAlonePlayer.aspx?Id=eba5d1a2-3716-4f56-aac4-950064498d92,https://councilrecord.ca/mapleridge.html#vote/g8l8zt,THAT Zone Amending Bylaw No. 7718 - 2021 be given third reading.
2025-06-24,Regular Council,9,STAFF AND COMMITTEE REPORTS,Main motion,Carried,6,0,1,Onyeka Dozie,Korleen Carreras,In favour,In favour,In favour,In favour,In favour,In favour,Absent,Governance & elections,,,,https://pub-mapleridge.escribemeetings.com/filestream.ashx?DocumentId=9859,https://pub-mapleridge.escribemeetings.com/Players/ISIStandAlonePlayer.aspx?Id=eba5d1a2-3716-4f56-aac4-950064498d92,https://councilrecord.ca/mapleridge.html#vote/1l4canc,"THAT Council accept School District 42 Board of Education’s resolution of proposed eligible school site requirements for the School District as outlined in its letter to the City dated May 15, 2025. Absen t (1): Councillor Yousef"
2025-06-24,Regular Council,9.3,Draft Liquid Waste Management Plan for Members of Greater Vancouver Sewerage and Drainage District,Main motion,Carried,6,0,1,Sunny Schiller,Onyeka Dozie,In favour,In favour,In favour,In favour,In favour,In favour,Absent,Public services; Governance & elections,,,,https://pub-mapleridge.escribemeetings.com/filestream.ashx?DocumentId=9859,https://pub-mapleridge.escribemeetings.com/Players/ISIStandAlonePlayer.aspx?Id=eba5d1a2-3716-4f56-aac4-950064498d92,https://councilrecord.ca/mapleridge.html#vote/17jr1xa,"THAT Council receive for information the Interim Draft Liquid Waste Management Plan adopted at the November 29, 2024, GVS&DD Board meeting; and THAT Council support submission of the final plan to the Ministry of Environment and Parks following GVS&DD Board adoption."
2025-06-24,Regular Council,9.4,Ridge Meadows Chamber of Commerce – Fee for Service Agreement Renewal,Main motion,Carried,6,0,1,Judy Dueck,Onyeka Dozie,In favour,In favour,In favour,In favour,In favour,In favour,Absent,Environment & climate,1 of 3,,,https://pub-mapleridge.escribemeetings.com/filestream.ashx?DocumentId=9859,https://pub-mapleridge.escribemeetings.com/Players/ISIStandAlonePlayer.aspx?Id=eba5d1a2-3716-4f56-aac4-950064498d92,https://councilrecord.ca/mapleridge.html#vote/17ldj5e,"THAT the Corporate Officer be authorized to execute the agreement attached to the report titled “Ridge Meadows Chamber of Commerce – Fee for Service Agreement Renewal 2025 - 2028” in the amount of $60,200 in year 2025, $61,404 in year 2026, and $62,630 in year 2027."
2025-06-24,Regular Council,9.4,Ridge Meadows Chamber of Commerce – Fee for Service Agreement Renewal,Main motion,Carried,6,0,1,Onyeka Dozie,Sunny Schiller,In favour,In favour,In favour,In favour,In favour,In favour,Absent,Development; Environment & climate,2 of 3,,,https://pub-mapleridge.escribemeetings.com/filestream.ashx?DocumentId=9859,https://pub-mapleridge.escribemeetings.com/Players/ISIStandAlonePlayer.aspx?Id=eba5d1a2-3716-4f56-aac4-950064498d92,https://councilrecord.ca/mapleridge.html#vote/vu46h6,THAT the issuance of Development Variance Permit 2019 - 337 - VP for 11822 Owen Street be approved; and THAT the issuance of Development Permit 2019 - 337 - DP for 11822 Owen Street be approved.
2025-06-24,Regular Council,9.4,Ridge Meadows Chamber of Commerce – Fee for Service Agreement Renewal,Main motion,Carried,6,0,1,Onyeka Dozie,Judy Dueck,In favour,In favour,In favour,In favour,In favour,In favour,Absent,Development; Environment & climate,3 of 3,,,https://pub-mapleridge.escribemeetings.com/filestream.ashx?DocumentId=9859,https://pub-mapleridge.escribemeetings.com/Players/ISIStandAlonePlayer.aspx?Id=eba5d1a2-3716-4f56-aac4-950064498d92,https://councilrecord.ca/mapleridge.html#vote/4xt86m,THAT the issuance of Development Variance Permit 2023 - 128 - VP for the property located at 20270 121 Avenue be approved.
2025-06-24,Regular Council,9.7,Maple Ridge Climate Action Plan - Revised,Main motion,Carried,6,0,1,Sunny Schiller,Onyeka Dozie,In favour,In favour,In favour,In favour,In favour,In favour,Absent,Environment & climate,1 of 3,,,https://pub-mapleridge.escribemeetings.com/filestream.ashx?DocumentId=9859,https://pub-mapleridge.escribemeetings.com/Players/ISIStandAlonePlayer.aspx?Id=eba5d1a2-3716-4f56-aac4-950064498d92,https://councilrecord.ca/mapleridge.html#vote/8tn8o5,"THAT Council endorse the Maple Ridge Climate Action Plan titled “Resilient Future 2050, Moving Boldly Toward Low - Carbon Resilience” ."
2025-06-24,Regular Council,9.7,Maple Ridge Climate Action Plan - Revised,Main motion,Carried,6,0,1,Judy Dueck,Onyeka Dozie,In favour,In favour,In favour,In favour,In favour,In favour,Absent,Taxes & spending; Environment & climate,2 of 3,,,https://pub-mapleridge.escribemeetings.com/filestream.ashx?DocumentId=9859,https://pub-mapleridge.escribemeetings.com/Players/ISIStandAlonePlayer.aspx?Id=eba5d1a2-3716-4f56-aac4-950064498d92,https://councilrecord.ca/mapleridge.html#vote/1fpim9i,THAT the 2024 Annual Report be received as required by the Community Charter; and THAT the 2024 Statement of Financial Information be approved as required by the Financial Information Act.
2025-06-24,Regular Council,9.7,Maple Ridge Climate Action Plan - Revised,Main motion,Carried,6,0,1,Onyeka Dozie,Sunny Schiller,In favour,In favour,In favour,In favour,In favour,In favour,Absent,Environment & climate,3 of 3,,,https://pub-mapleridge.escribemeetings.com/filestream.ashx?DocumentId=9859,https://pub-mapleridge.escribemeetings.com/Players/ISIStandAlonePlayer.aspx?Id=eba5d1a2-3716-4f56-aac4-950064498d92,https://councilrecord.ca/mapleridge.html#vote/33sm50,THAT Council receive the report titled “One City: Our Voice” for information.
2025-07-15,Regular Council,7.4,Council Expenses – May 2025,Main motion,Carried,6,0,1,Korleen Carreras,Judy Dueck,In favour,In favour,In favour,In favour,In favour,In favour,Absent,Other,,,,https://pub-mapleridge.escribemeetings.com/filestream.ashx?DocumentId=9935,https://pub-mapleridge.escribemeetings.com/Players/ISIStandAlonePlayer.aspx?Id=9bc53c84-9bbc-4d68-be97-b64016d64368,https://councilrecord.ca/mapleridge.html#vote/hjws1c,"THAT Consent Agenda Item 7.4 - Council Expenses recorded to May 31, 2025 , be received into the record."
2025-07-15,Regular Council,7.4,Council Expenses – May 2025,Main motion,Carried,6,0,1,Judy Dueck,Korleen Carreras,In favour,In favour,In favour,In favour,In favour,In favour,Absent,Other,,,,https://pub-mapleridge.escribemeetings.com/filestream.ashx?DocumentId=9935,https://pub-mapleridge.escribemeetings.com/Players/ISIStandAlonePlayer.aspx?Id=9bc53c84-9bbc-4d68-be97-b64016d64368,https://councilrecord.ca/mapleridge.html#vote/1iuj0ry,THAT Council direct staff to bring back Council Expense Policy 3.07 with revisions to align with the staff expense policy surrounding cell phone use.
2025-07-15,Regular Council,8,BYLAWS,Main motion,Carried,6,0,1,Korleen Carreras,Sunny Schiller,In favour,In favour,In favour,In favour,In favour,In favour,Absent,Housing & density,,,,https://pub-mapleridge.escribemeetings.com/filestream.ashx?DocumentId=9935,https://pub-mapleridge.escribemeetings.com/Players/ISIStandAlonePlayer.aspx?Id=9bc53c84-9bbc-4d68-be97-b64016d64368,https://councilrecord.ca/mapleridge.html#vote/15mbljl,"THAT Housing Agreement Bylaw No. 8036 - 2025 for 20282 Patterson Avenue be given first, second, and third reading"
2025-07-15,Regular Council,8.2,Maple Ridge Fees and Charges Amending Bylaws,Main motion,Carried,6,0,1,Sunny Schiller,Onyeka Dozie,In favour,In favour,In favour,In favour,In favour,In favour,Absent,Taxes & spending,1 of 3,,,https://pub-mapleridge.escribemeetings.com/filestream.ashx?DocumentId=9935,https://pub-mapleridge.escribemeetings.com/Players/ISIStandAlonePlayer.aspx?Id=9bc53c84-9bbc-4d68-be97-b64016d64368,https://councilrecord.ca/mapleridge.html#vote/1wqd4cy,"THAT the Maple Ridge Fees and Charges Amending Bylaw No. 8043 - 2025 be given first, second and third reading."
2025-07-15,Regular Council,8.2,Maple Ridge Fees and Charges Amending Bylaws,Main motion,Carried,6,0,1,Judy Dueck,Sunny Schiller,In favour,In favour,In favour,In favour,In favour,In favour,Absent,Taxes & spending,2 of 3,,,https://pub-mapleridge.escribemeetings.com/filestream.ashx?DocumentId=9935,https://pub-mapleridge.escribemeetings.com/Players/ISIStandAlonePlayer.aspx?Id=9bc53c84-9bbc-4d68-be97-b64016d64368,https://councilrecord.ca/mapleridge.html#vote/igm5ps,"THAT the Maple Ridge Fees and Charges Amending Bylaw No. 8046 - 2025 be given first, second and third reading."
2025-07-15,Regular Council,8.2,Maple Ridge Fees and Charges Amending Bylaws,Main motion,Carried,6,0,1,Onyeka Dozie,Jenny Tan,In favour,In favour,In favour,In favour,In favour,In favour,Absent,Taxes & spending,3 of 3,,,https://pub-mapleridge.escribemeetings.com/filestream.ashx?DocumentId=9935,https://pub-mapleridge.escribemeetings.com/Players/ISIStandAlonePlayer.aspx?Id=9bc53c84-9bbc-4d68-be97-b64016d64368,https://councilrecord.ca/mapleridge.html#vote/t2sbcq,THAT Zone Amending Bylaw No. 7882 - 2022 be adopted.
2025-07-15,Regular Council,9,STAFF AND COMMITTEE REPORTS,Main motion,Carried,6,0,1,Onyeka Dozie,Sunny Schiller,In favour,In favour,In favour,In favour,In favour,In favour,Absent,Development; Business & economy; Governance & elections,,,,https://pub-mapleridge.escribemeetings.com/filestream.ashx?DocumentId=9935,https://pub-mapleridge.escribemeetings.com/Players/ISIStandAlonePlayer.aspx?Id=9bc53c84-9bbc-4d68-be97-b64016d64368,https://councilrecord.ca/mapleridge.html#vote/11r1op2,THAT Soil Permit Application 2023 - 028 - SP be forwarded to the Agricultural Land Commission with a recommendation for approval.
2025-07-15,Regular Council,9.2,Planet Ice Breakaway Bar & Grill (Maple Ridge) - Proposed Liquor Licence Lounge Endorsement,Main motion,Carried,6,0,1,Onyeka Dozie,Sunny Schiller,In favour,In favour,In favour,In favour,In favour,In favour,Absent,Neighbourhood character; Business & economy,,,,https://pub-mapleridge.escribemeetings.com/filestream.ashx?DocumentId=9935,https://pub-mapleridge.escribemeetings.com/Players/ISIStandAlonePlayer.aspx?Id=9bc53c84-9bbc-4d68-be97-b64016d64368,https://councilrecord.ca/mapleridge.html#vote/hvi7a5,"THAT the application by Planet Ice Breakaway Bar & Grill (Maple Ridge) at 23588 105 Avenue Maple Ridge, BC for a change to hours of liquor service as an amendment to Liquor Licence No. 185930, be supported based on the information contained in the Council report dated July 8, 2025; and THAT a copy of the resolution be forwarded to the Liquor Control and Licensing Branch in accordance with the legislati ve requirements."
2025-07-15,Regular Council,9.3,The Patch Brewery Inc. - Proposed Change of Hours to Liquor Service,Main motion,Carried,6,0,1,Onyeka Dozie,Korleen Carreras,In favour,In favour,In favour,In favour,In favour,In favour,Absent,Neighbourhood character; Business & economy,,,,https://pub-mapleridge.escribemeetings.com/filestream.ashx?DocumentId=9935,https://pub-mapleridge.escribemeetings.com/Players/ISIStandAlonePlayer.aspx?Id=9bc53c84-9bbc-4d68-be97-b64016d64368,https://councilrecord.ca/mapleridge.html#vote/lkzxth,"THAT the application by The Patch Brewery Inc. located at 12745 Laity Street, Maple Ridge for a change in hours of liquor service, as an amendment to their Manufacturer Brewery Lounge Licence No. 310840, be supported based on the information contained in the Council report dated July 8, 2025; and THAT a copy of the resolution and the report be forwarded to the Liquor and Cannabis Regulation Branch in accordance with the legislative requirements. Absent ( 1): Councillor Yousef"
2025-07-15,Regular Council,9.4,City of Maple Ridge 2025 UBCM Community Excellence Awards Application,Main motion,Carried,6,0,1,Sunny Schiller,Korleen Carreras,In favour,In favour,In favour,In favour,In favour,In favour,Absent,Taxes & spending; Business & economy; Governance & elections,,,,https://pub-mapleridge.escribemeetings.com/filestream.ashx?DocumentId=9935,https://pub-mapleridge.escribemeetings.com/Players/ISIStandAlonePlayer.aspx?Id=9bc53c84-9bbc-4d68-be97-b64016d64368,https://councilrecord.ca/mapleridge.html#vote/ro6z0a,"THAT Council endorse and authorize staff to submit the following City of Maple Ridge applications to the 2025 Union of British Columbia Municipalities (UBCM) Co mmunity Excellence Awards: - RISE, and - One City Sync: Aligning Governance, Strategy and Action for Outcomes - based Excellence."
2025-07-29,Regular Council,8,BYLAWS,Main motion,Carried,6,0,1,Judy Dueck,Onyeka Dozie,In favour,In favour,In favour,In favour,In favour,In favour,Absent,Other,,,,https://pub-mapleridge.escribemeetings.com/filestream.ashx?DocumentId=10447,https://pub-mapleridge.escribemeetings.com/Players/ISIStandAlonePlayer.aspx?Id=a3b30c2c-8f7d-4611-9bf4-c898e608fdeb,https://councilrecord.ca/mapleridge.html#vote/155nkd6,"THAT Zone Amending Bylaw No. 8024 - 2025 be given first, second and third reading; and THAT staff be directed to work with the applicant to address the outstanding terms and conditions as set out in this report, and any other as identified by Council, prior to recommending bylaw adoption."
2025-07-29,Regular Council,8.2,Parking Reserve Establishment Bylaw No. 8020 - 2025,Main motion,Carried,6,0,1,Korleen Carreras,Onyeka Dozie,In favour,In favour,In favour,In favour,In favour,In favour,Absent,Taxes & spending; Transportation,1 of 8,,,https://pub-mapleridge.escribemeetings.com/filestream.ashx?DocumentId=10447,https://pub-mapleridge.escribemeetings.com/Players/ISIStandAlonePlayer.aspx?Id=a3b30c2c-8f7d-4611-9bf4-c898e608fdeb,https://councilrecord.ca/mapleridge.html#vote/xgif5h,"THAT Parking Res erve Establishment Bylaw No. 8020 - 2025 be given first, second and third reading."
2025-07-29,Regular Council,8.2,Parking Reserve Establishment Bylaw No. 8020 - 2025,Main motion,Carried,6,0,1,Onyeka Dozie,Korleen Carreras,In favour,In favour,In favour,In favour,In favour,In favour,Absent,Taxes & spending; Transportation,2 of 8,,,https://pub-mapleridge.escribemeetings.com/filestream.ashx?DocumentId=10447,https://pub-mapleridge.escribemeetings.com/Players/ISIStandAlonePlayer.aspx?Id=a3b30c2c-8f7d-4611-9bf4-c898e608fdeb,https://councilrecord.ca/mapleridge.html#vote/127wnxz,"THAT Zone Amending Bylaw No. 8041 - 2025 be given first, second and third reading; and THAT staff be directed to work with the applicant to address the outstanding terms and conditions as outlined in the Staff report dated July 22, 2025, and any other as identified by Council, prior to recommending bylaw adoption."
2025-07-29,Regular Council,8.2,Parking Reserve Establishment Bylaw No. 8020 - 2025,Main motion,Carried,6,0,1,Sunny Schiller,Onyeka Dozie,In favour,In favour,In favour,In favour,In favour,In favour,Absent,Taxes & spending; Transportation,3 of 8,,,https://pub-mapleridge.escribemeetings.com/filestream.ashx?DocumentId=10447,https://pub-mapleridge.escribemeetings.com/Players/ISIStandAlonePlayer.aspx?Id=a3b30c2c-8f7d-4611-9bf4-c898e608fdeb,https://councilrecord.ca/mapleridge.html#vote/1f1pxm6,"THAT Zone Amending Bylaw No. 8044 - 2025 be given first, second and third reading; and THAT staff be directed to work with the applicant to address the outstanding terms and conditions as outlined in the Staff report dated July 22, 2025, and any other as identified by Council, prior to recommending bylaw adoption."
2025-07-29,Regular Council,8.2,Parking Reserve Establishment Bylaw No. 8020 - 2025,Main motion,Carried,6,0,1,Judy Dueck,Sunny Schiller,In favour,In favour,In favour,In favour,In favour,In favour,Absent,Housing & density; Development; Taxes & spending; Transportation,4 of 8,,,https://pub-mapleridge.escribemeetings.com/filestream.ashx?DocumentId=10447,https://pub-mapleridge.escribemeetings.com/Players/ISIStandAlonePlayer.aspx?Id=a3b30c2c-8f7d-4611-9bf4-c898e608fdeb,https://councilrecord.ca/mapleridge.html#vote/urox9g,THAT Official Community Plan Amending Bylaw No. 7900 - 2023 be given third reading.
2025-07-29,Regular Council,8.2,Parking Reserve Establishment Bylaw No. 8020 - 2025,Main motion,Carried,6,0,1,Onyeka Dozie,Korleen Carreras,In favour,In favour,In favour,In favour,In favour,In favour,Absent,Taxes & spending; Transportation,5 of 8,,,https://pub-mapleridge.escribemeetings.com/filestream.ashx?DocumentId=10447,https://pub-mapleridge.escribemeetings.com/Players/ISIStandAlonePlayer.aspx?Id=a3b30c2c-8f7d-4611-9bf4-c898e608fdeb,https://councilrecord.ca/mapleridge.html#vote/1y17rgf,THAT Zone Amending Bylaw No. 75 70 - 2019 be given third reading.
2025-07-29,Regular Council,8.2,Parking Reserve Establishment Bylaw No. 8020 - 2025,Main motion,Carried,6,0,1,Onyeka Dozie,Korleen Carreras,In favour,In favour,In favour,In favour,In favour,In favour,Absent,Taxes & spending; Transportation,6 of 8,,,https://pub-mapleridge.escribemeetings.com/filestream.ashx?DocumentId=10447,https://pub-mapleridge.escribemeetings.com/Players/ISIStandAlonePlayer.aspx?Id=a3b30c2c-8f7d-4611-9bf4-c898e608fdeb,https://councilrecord.ca/mapleridge.html#vote/beqnrx,THAT Zone Amending Bylaw No. 7789 - 2021 be given third reading.
2025-07-29,Regular Council,8.2,Parking Reserve Establishment Bylaw No. 8020 - 2025,Main motion,Carried,6,0,1,Judy Dueck,Onyeka Dozie,In favour,In favour,In favour,In favour,In favour,In favour,Absent,Taxes & spending; Transportation,7 of 8,,,https://pub-mapleridge.escribemeetings.com/filestream.ashx?DocumentId=10447,https://pub-mapleridge.escribemeetings.com/Players/ISIStandAlonePlayer.aspx?Id=a3b30c2c-8f7d-4611-9bf4-c898e608fdeb,https://councilrecord.ca/mapleridge.html#vote/hlpucf,THAT Zone Amending Bylaw No. 8038 - 2025 be given third reading.
2025-07-29,Regular Council,8.2,Parking Reserve Establishment Bylaw No. 8020 - 2025,Main motion,Carried,6,0,1,Onyeka Dozie,Sunny Schiller,In favour,In favour,In favour,In favour,In favour,In favour,Absent,Housing & density; Taxes & spending; Transportation,8 of 8,,,https://pub-mapleridge.escribemeetings.com/filestream.ashx?DocumentId=10447,https://pub-mapleridge.escribemeetings.com/Players/ISIStandAlonePlayer.aspx?Id=a3b30c2c-8f7d-4611-9bf4-c898e608fdeb,https://councilrecord.ca/mapleridge.html#vote/vr9ok3,THAT Maple Ridge 20282 Pa tterson Avenue Housing Agreement Bylaw No. 8036 - 2025 be adopted.
2025-07-29,Regular Council,8.9,Maple Ridge Fees and Charges Amending Bylaws,Main motion,Carried,6,0,1,Sunny Schiller,Judy Dueck,In favour,In favour,In favour,In favour,In favour,In favour,Absent,Taxes & spending,1 of 2,,,https://pub-mapleridge.escribemeetings.com/filestream.ashx?DocumentId=10447,https://pub-mapleridge.escribemeetings.com/Players/ISIStandAlonePlayer.aspx?Id=a3b30c2c-8f7d-4611-9bf4-c898e608fdeb,https://councilrecord.ca/mapleridge.html#vote/q86so3,THAT the Maple Ridge Fees and Charges Amending Bylaw No. 8043 - 2025 be adopted.
2025-07-29,Regular Council,8.9,Maple Ridge Fees and Charges Amending Bylaws,Main motion,Carried,6,0,1,Onyeka Dozie,Korleen Carreras,In favour,In favour,In favour,In favour,In favour,In favour,Absent,Taxes & spending,2 of 2,,,https://pub-mapleridge.escribemeetings.com/filestream.ashx?DocumentId=10447,https://pub-mapleridge.escribemeetings.com/Players/ISIStandAlonePlayer.aspx?Id=a3b30c2c-8f7d-4611-9bf4-c898e608fdeb,https://councilrecord.ca/mapleridge.html#vote/1vlqkdd,THAT the Maple Ridge Fees and Charges Amending Bylaw No. 8046 - 2025 be adopted.
2025-07-29,Regular Council,9.1,Support for Repeal of Single Exit Stairway Provi sion in BC Building Code,Main motion,Carried,5,1,1,Judy Dueck,Onyeka Dozie,In favour,In favour,In favour,In favour,In favour,Against,Absent,Housing & density; Business & economy; Governance & elections,1 of 5,,,https://pub-mapleridge.escribemeetings.com/filestream.ashx?DocumentId=10447,https://pub-mapleridge.escribemeetings.com/Players/ISIStandAlonePlayer.aspx?Id=a3b30c2c-8f7d-4611-9bf4-c898e608fdeb,https://councilrecord.ca/mapleridge.html#vote/1teliuh,THAT Council endorse the City of Burnaby’s 2025 draft UBCM resolution requesting the Province of British Columbia repeal amendments to the BC Building Code that allow single - e xit stairway residential buildings up to six storeys; and THAT Council advocate for a return to the consensus - based National Code development process and reaffirm support for the Fire Chiefs Association of BC’s (FCABC) position that a minimum of two indep endent means of egress be maintained in residential buildings.
2025-07-29,Regular Council,9.1,Support for Repeal of Single Exit Stairway Provi sion in BC Building Code,Main motion,Carried,6,0,1,Judy Dueck,Korleen Carreras,In favour,In favour,In favour,In favour,In favour,In favour,Absent,Development,2 of 5,,,https://pub-mapleridge.escribemeetings.com/filestream.ashx?DocumentId=10447,https://pub-mapleridge.escribemeetings.com/Players/ISIStandAlonePlayer.aspx?Id=a3b30c2c-8f7d-4611-9bf4-c898e608fdeb,https://councilrecord.ca/mapleridge.html#vote/sou3nd,THAT the issuanc e of Development Variance Permit 2022 - 292 - VP for 12040 248 Street be approved. THAT the issuance of Development Permit 2022 - 292 - DP for 12040 248 Street be approved.
2025-07-29,Regular Council,9.1,Support for Repeal of Single Exit Stairway Provi sion in BC Building Code,Main motion,Carried,6,0,1,Korleen Carreras,Sunny Schiller,In favour,In favour,In favour,In favour,In favour,In favour,Absent,Development,3 of 5,,,https://pub-mapleridge.escribemeetings.com/filestream.ashx?DocumentId=10447,https://pub-mapleridge.escribemeetings.com/Players/ISIStandAlonePlayer.aspx?Id=a3b30c2c-8f7d-4611-9bf4-c898e608fdeb,https://councilrecord.ca/mapleridge.html#vote/ayu7bj,"THAT Development Variance Permit 2024 - 015 - VP for the property located at 20282 Patterson Avenue, be approved."
2025-07-29,Regular Council,9.1,Support for Repeal of Single Exit Stairway Provi sion in BC Building Code,Main motion,Carried,6,0,1,Sunny Schiller,Korleen Carreras,In favour,In favour,In favour,In favour,In favour,In favour,Absent,Other,4 of 5,,,https://pub-mapleridge.escribemeetings.com/filestream.ashx?DocumentId=10447,https://pub-mapleridge.escribemeetings.com/Players/ISIStandAlonePlayer.aspx?Id=a3b30c2c-8f7d-4611-9bf4-c898e608fdeb,https://councilrecord.ca/mapleridge.html#vote/bzjia3,THAT the issuance of Developme nt Variance Permit 2025 - 008 - VP for the property located at 11670 243 Street be approved.
2025-07-29,Regular Council,9.1,Support for Repeal of Single Exit Stairway Provi sion in BC Building Code,Main motion,Carried,6,0,1,Judy Dueck,Sunny Schiller,In favour,In favour,In favour,In favour,In favour,In favour,Absent,Development,5 of 5,,,https://pub-mapleridge.escribemeetings.com/filestream.ashx?DocumentId=10447,https://pub-mapleridge.escribemeetings.com/Players/ISIStandAlonePlayer.aspx?Id=a3b30c2c-8f7d-4611-9bf4-c898e608fdeb,https://councilrecord.ca/mapleridge.html#vote/1llbba9,THAT the issuance of Development Variance Permit 2025 - 012 - VP for 22461 and 22463 North Avenue be app roved.
2025-07-29,Regular Council,9.6,"City of Maple Ridge Housing Target Progress Report: July 1, 2024 – June 30, 2025 Update on Housing Target progress in accordance with the Housing Supply Act and",Main motion,Carried,6,0,1,Onyeka Dozie,Sunny Schiller,In favour,In favour,In favour,In favour,In favour,In favour,Absent,Housing & density,,,,https://pub-mapleridge.escribemeetings.com/filestream.ashx?DocumentId=10447,https://pub-mapleridge.escribemeetings.com/Players/ISIStandAlonePlayer.aspx?Id=a3b30c2c-8f7d-4611-9bf4-c898e608fdeb,https://councilrecord.ca/mapleridge.html#vote/1hkin51,"THAT the Housing Target Progress Report, as presented in the report titled “City of Maple Ridge Housing Target Progress Report: July 1, 2024 – June 30, 2025”, dated July 22, 2025, be received by Council in accordance with the Housing S upply Act and Regulation; and THAT the Housing Target Progress Report be published on the City’s website and submitted to the Minister of Housing and Municipal Affairs in accordance with the Provincial Housing Supply Act and Regulation."
2025-07-29,Regular Council,9.7,Security Deposit Policy Update,Main motion,Carried,6,0,1,Judy Dueck,Korleen Carreras,In favour,In favour,In favour,In favour,In favour,In favour,Absent,Development; Taxes & spending,,,,https://pub-mapleridge.escribemeetings.com/filestream.ashx?DocumentId=10447,https://pub-mapleridge.escribemeetings.com/Players/ISIStandAlonePlayer.aspx?Id=a3b30c2c-8f7d-4611-9bf4-c898e608fdeb,https://councilrecord.ca/mapleridge.html#vote/mfppq,That Policy No. 5.07 Security Deposit Policy as amended be adopted; and That Policy No. 5.14 Development Co st Charges – Installment Payment Due Dates be rescinded; and That Policy No. 5.15 Development Cost Charges Installment Payments Security be rescinded
2025-07-29,Regular Council,9.8,Business Planning Guidelines 2026,Main motion,Carried,6,0,1,Sunny Schiller,Onyeka Dozie,In favour,In favour,In favour,In favour,In favour,In favour,Absent,Business & economy,,,,https://pub-mapleridge.escribemeetings.com/filestream.ashx?DocumentId=10447,https://pub-mapleridge.escribemeetings.com/Players/ISIStandAlonePlayer.aspx?Id=a3b30c2c-8f7d-4611-9bf4-c898e608fdeb,https://councilrecord.ca/mapleridge.html#vote/1c13b2z,"THAT Council approve t he guidelines as outlined in the July 22, 2025, staff report titled “Business Planning Guidelines 2026”."
2025-07-29,Regular Council,9.9,"Update on Maple Ridge Strategic Plan Progress Update for Q2, 2025",Main motion,Carried,6,0,1,Judy Dueck,Onyeka Dozie,In favour,In favour,In favour,In favour,In favour,In favour,Absent,Governance & elections,,,,https://pub-mapleridge.escribemeetings.com/filestream.ashx?DocumentId=10447,https://pub-mapleridge.escribemeetings.com/Players/ISIStandAlonePlayer.aspx?Id=a3b30c2c-8f7d-4611-9bf4-c898e608fdeb,https://councilrecord.ca/mapleridge.html#vote/utin3b,"THAT Council approve the July 22, 2025, staff report titled “Strategic Plan Progress Update for Q2 , 2025”."
2025-09-09,Regular Council,8,BYLAWS,Main motion,Carried,6,0,1,Onyeka Dozie,Judy Dueck,In favour,In favour,In favour,In favour,In favour,In favour,Absent,Other,,,,https://pub-mapleridge.escribemeetings.com/filestream.ashx?DocumentId=10712,https://pub-mapleridge.escribemeetings.com/Players/ISIStandAlonePlayer.aspx?Id=ae1d7bde-86ad-4acf-90e9-624ef2515724,https://councilrecord.ca/mapleridge.html#vote/1knkcnq,THAT Zone Amending Bylaw No. 7788 - 2021 be aban doned.
2025-09-09,Regular Council,8,BYLAWS,Main motion,Carried,6,0,1,Onyeka Dozie,Sunny Schiller,In favour,In favour,In favour,In favour,In favour,In favour,Absent,Other,,,,https://pub-mapleridge.escribemeetings.com/filestream.ashx?DocumentId=10712,https://pub-mapleridge.escribemeetings.com/Players/ISIStandAlonePlayer.aspx?Id=ae1d7bde-86ad-4acf-90e9-624ef2515724,https://councilrecord.ca/mapleridge.html#vote/366st2,"THAT Zone Amending Bylaw No. 8059 - 2025 be given first, second, and third reading; and THAT Staff be directed to work with the applicant to address the outstanding terms and conditions as outlined in the report dated September 2, 2025, and other as identified by Council, prior to recommending bylaw adoption."
2025-09-09,Regular Council,8,BYLAWS,Main motion,Carried,6,0,1,Onyeka Dozie,Jenny Tan,In favour,In favour,In favour,In favour,In favour,In favour,Absent,Other,,,,https://pub-mapleridge.escribemeetings.com/filestream.ashx?DocumentId=10712,https://pub-mapleridge.escribemeetings.com/Players/ISIStandAlonePlayer.aspx?Id=ae1d7bde-86ad-4acf-90e9-624ef2515724,https://councilrecord.ca/mapleridge.html#vote/149axdl,"THA T Zone Amending Bylaw No. 8058 - 2025 be given first, second and third reading; and THAT Staff be directed to work with the applicant to address the outstanding terms and conditions as outlined in the report dated September 2, 2025 and any other as identifi ed by Council, prior to recommending bylaw adoption"
2025-09-09,Regular Council,8,BYLAWS,Main motion,Carried,6,0,1,Judy Dueck,Sunny Schiller,In favour,In favour,In favour,In favour,In favour,In favour,Absent,Development; Transportation,,,,https://pub-mapleridge.escribemeetings.com/filestream.ashx?DocumentId=10712,https://pub-mapleridge.escribemeetings.com/Players/ISIStandAlonePlayer.aspx?Id=ae1d7bde-86ad-4acf-90e9-624ef2515724,https://councilrecord.ca/mapleridge.html#vote/1lddip2,"THAT Road Closure (Ro bertson Street located between 105A Avenue and 248 Street) Bylaw No. 8049 - 2025 be given first, second and third reading."
2025-09-09,Regular Council,8,BYLAWS,Main motion,Carried,6,0,1,Onyeka Dozie,Jenny Tan,In favour,In favour,In favour,In favour,In favour,In favour,Absent,Other,,,,https://pub-mapleridge.escribemeetings.com/filestream.ashx?DocumentId=10712,https://pub-mapleridge.escribemeetings.com/Players/ISIStandAlonePlayer.aspx?Id=ae1d7bde-86ad-4acf-90e9-624ef2515724,https://councilrecord.ca/mapleridge.html#vote/84r35g,"THAT Zone Amending Bylaw No. 8050 - 2025 be given first, second and third reading; and; THAT staff be directed to work with the applicant to address the outstanding terms and conditions as outlined in the report dated September 2, 2025, and any other as identified by Council, prior to recommending bylaw adoption."
2025-09-09,Regular Council,8,BYLAWS,Main motion,Carried,6,0,1,Sunny Schiller,Onyeka Dozie,In favour,In favour,In favour,In favour,In favour,In favour,Absent,Housing & density,,,,https://pub-mapleridge.escribemeetings.com/filestream.ashx?DocumentId=10712,https://pub-mapleridge.escribemeetings.com/Players/ISIStandAlonePlayer.aspx?Id=ae1d7bde-86ad-4acf-90e9-624ef2515724,https://councilrecord.ca/mapleridge.html#vote/1ynjut0,"THAT Housing Agreement Bylaw No. 8042 - 2025 for 22538 Royal Crescent be given first, second, and third reading."
2025-09-16,Regular Council,8.1,Parking Reserve Establishment Bylaw No. 8020 - 2025,Main motion,Carried,6,0,1,Sunny Schiller,Jenny Tan,In favour,In favour,In favour,In favour,In favour,In favour,Absent,Taxes & spending; Transportation,,,,https://pub-mapleridge.escribemeetings.com/filestream.ashx?DocumentId=10855,https://pub-mapleridge.escribemeetings.com/Players/ISIStandAlonePlayer.aspx?Id=ab51a525-6fb3-47af-bfc5-33232db5dfb7,https://councilrecord.ca/mapleridge.html#vote/kquupe,THAT Parking Reserve Establishment Bylaw No. 8020 - 2025 be adopted.
2025-09-16,Regular Council,8.2,Official Community Plan – 2025 Housing Update,Main motion,Carried,6,0,1,Onyeka Dozie,Jenny Tan,In favour,In favour,In favour,In favour,In favour,In favour,Absent,Housing & density; Development,,,,https://pub-mapleridge.escribemeetings.com/filestream.ashx?DocumentId=10855,https://pub-mapleridge.escribemeetings.com/Players/ISIStandAlonePlayer.aspx?Id=ab51a525-6fb3-47af-bfc5-33232db5dfb7,https://councilrecord.ca/mapleridge.html#vote/18pv0mv,"THAT Official Community Plan Amending Bylaw No. 8073 - 2025, to update Chapters 1, 2 and 3, of the Official Community Plan, be given first reading. THAT in accordance with Secti on 475 and 476 of the Local Government Act, Council direct staff to proceed with the consultation strategy as outlined in the staff report dated September 9, 2025, for Official Community Plan Amending Bylaw No. 8073 - 2025. THAT Council considers the posting of Official Community Plan Amending Bylaw No. 8073 - 2025 on the City’s website, the consultation strategy as outlined in the staff report dated September 9, 2025, and the holding of a Public Hearing to be sufficient for early and ongoing consultation on th e proposed Bylaw."
2025-09-16,Regular Council,8.3,Town Centre Area Plan Update,Main motion,Carried,6,0,1,Sunny Schiller,Jenny Tan,In favour,In favour,In favour,In favour,In favour,In favour,Absent,Housing & density; Development,,,,https://pub-mapleridge.escribemeetings.com/filestream.ashx?DocumentId=10855,https://pub-mapleridge.escribemeetings.com/Players/ISIStandAlonePlayer.aspx?Id=ab51a525-6fb3-47af-bfc5-33232db5dfb7,https://councilrecord.ca/mapleridge.html#vote/dgjy6n,"THAT Official Community Plan Amending Bylaw No. 8060 - 2025, to update the Town Centre Area Plan, be given first reading. THAT in accordance with Section 475 and 476 of the Local Government Act Council direct staff to proceed with the consultation strat egy as outlined in the staff report dated September 9, 2025, for Official Community Plan Amending Bylaw No. 8060 - 2025. THAT Council considers the posting of Official Community Plan Amending Bylaw No. 8060 - 2025 on the City’s website, the consultation strategy as outlined in the staff report dated September 9, 2025, and the holding of a Public Hearing to be sufficient for ea rly and ongoing consultation on the proposed Bylaw."
2025-09-16,Regular Council,8.4,Hammond Area Plan Update,Main motion,Carried,6,0,1,Judy Dueck,Jenny Tan,In favour,In favour,In favour,In favour,In favour,In favour,Absent,Housing & density; Development,,,,https://pub-mapleridge.escribemeetings.com/filestream.ashx?DocumentId=10855,https://pub-mapleridge.escribemeetings.com/Players/ISIStandAlonePlayer.aspx?Id=ab51a525-6fb3-47af-bfc5-33232db5dfb7,https://councilrecord.ca/mapleridge.html#vote/8negpq,"THAT Official Community Plan Amending Bylaw No. 8057 - 2025, to update the Hammond Area Plan, be given first reading. THAT in accordance with Section 475 and 476 of the Local Government Act Council direct staff to proceed with the consultation strategy as outlined in the staff report dated September 9, 2025, for Official Community Plan Amending Bylaw No. 8057 - 2025. THAT Council considers the posting of Official Community Plan Amending Bylaw No. 8057 - 2025 on the City’s website, the consultation strategy as outlined in the staff report dated September 9, 2025, and the holding of a Public Hearing to be sufficient for early and ongoing consultation on the proposed Bylaw."
2025-09-16,Regular Council,8.5,Silver Valley Area Plan Update,Main motion,Carried,6,0,1,Onyeka Dozie,Sunny Schiller,In favour,In favour,In favour,In favour,In favour,In favour,Absent,Housing & density; Development,,,,https://pub-mapleridge.escribemeetings.com/filestream.ashx?DocumentId=10855,https://pub-mapleridge.escribemeetings.com/Players/ISIStandAlonePlayer.aspx?Id=ab51a525-6fb3-47af-bfc5-33232db5dfb7,https://councilrecord.ca/mapleridge.html#vote/1az75nr,"THAT Official Community Plan Amending B ylaw No. 8061 - 2025, to update the Silver Valley Area Plan, be given first reading. THAT in accordance with Section 475 and 476 of the Local Government Act Council direct staff to proceed with the consultation strategy as outlined in the staff report dated September 9, 2025, for Official Community Plan Amending Bylaw No. 8061 - 2025. THAT Council considers the posting of Official Community Plan Amending Bylaw No. 8061 - 2025 on the City’s website, the consultation strategy as outlined in the staff report dated September 9, 2025, and the holding of a Public Hearing to be sufficient for early and ongoing consultation on the proposed Bylaw."
2025-09-16,Regular Council,8.6,Albion Area Plan Update,Main motion,Carried,6,0,1,Onyeka Dozie,Jenny Tan,In favour,In favour,In favour,In favour,In favour,In favour,Absent,Housing & density; Development,1 of 12,,,https://pub-mapleridge.escribemeetings.com/filestream.ashx?DocumentId=10855,https://pub-mapleridge.escribemeetings.com/Players/ISIStandAlonePlayer.aspx?Id=ab51a525-6fb3-47af-bfc5-33232db5dfb7,https://councilrecord.ca/mapleridge.html#vote/1lbarvb,"THAT in accordance with Section 475 of the Local Government Act, Council confirms that the opportunit y for early and on - going consultation has been provided by way of posting Official Community Plan Amending Bylaw No. 8032 - 2025 on the municipal website, through the formal referral process with external agencies, and by holding a Public Hearing on the byla w. THAT in accordance with Section 477 of the Local Government Act, Council considers that Official Community Plan Amending Bylaw No. 8032 - 2025 is consistent with the City’s Capital Expenditure Plan and Waste Management Plan. THAT Official Community Plan Amending Bylaw No. 8032 - 2025 as amended, be given second reading and forwarded to a Public Hearing."
2025-09-16,Regular Council,8.6,Albion Area Plan Update,Main motion,Carried,6,0,1,Judy Dueck,Onyeka Dozie,In favour,In favour,In favour,In favour,In favour,In favour,Absent,Other,2 of 12,,,https://pub-mapleridge.escribemeetings.com/filestream.ashx?DocumentId=10855,https://pub-mapleridge.escribemeetings.com/Players/ISIStandAlonePlayer.aspx?Id=ab51a525-6fb3-47af-bfc5-33232db5dfb7,https://councilrecord.ca/mapleridge.html#vote/1t194yg,THAT Zone A mending Bylaw No. 7861 - 2022 be adopted.
2025-09-16,Regular Council,8.6,Albion Area Plan Update,Main motion,Carried,6,0,1,Judy Dueck,Sunny Schiller,In favour,In favour,In favour,In favour,In favour,In favour,Absent,Development; Transportation,3 of 12,,,https://pub-mapleridge.escribemeetings.com/filestream.ashx?DocumentId=10855,https://pub-mapleridge.escribemeetings.com/Players/ISIStandAlonePlayer.aspx?Id=ab51a525-6fb3-47af-bfc5-33232db5dfb7,https://councilrecord.ca/mapleridge.html#vote/89rgfq,THAT the Maple Ridge Road Closure (Robertson Street located between 105A Avenue and 248 Street) Bylaw No. 8049 - 2025 be adopted.
2025-09-16,Regular Council,8.6,Albion Area Plan Update,Main motion,Carried,6,0,1,Onyeka Dozie,Korleen Carreras,In favour,In favour,In favour,In favour,In favour,In favour,Absent,Other,4 of 12,,,https://pub-mapleridge.escribemeetings.com/filestream.ashx?DocumentId=10855,https://pub-mapleridge.escribemeetings.com/Players/ISIStandAlonePlayer.aspx?Id=ab51a525-6fb3-47af-bfc5-33232db5dfb7,https://councilrecord.ca/mapleridge.html#vote/1ygzoge,"THAT Zone Amending Bylaw No. 8051 - 2025 be given first, second, and third reading. THAT staff be directed to work with the applicant to address the outstanding terms and conditions outlined in the staff report dated Septemb er 16, 2025, and any others identified by Council, prior to recommending bylaw adoption."
2025-09-16,Regular Council,8.6,Albion Area Plan Update,Main motion,Carried,6,0,1,Onyeka Dozie,Jenny Tan,In favour,In favour,In favour,In favour,In favour,In favour,Absent,Governance & elections,5 of 12,,,https://pub-mapleridge.escribemeetings.com/filestream.ashx?DocumentId=10855,https://pub-mapleridge.escribemeetings.com/Players/ISIStandAlonePlayer.aspx?Id=ab51a525-6fb3-47af-bfc5-33232db5dfb7,https://councilrecord.ca/mapleridge.html#vote/1d9gfed,"THAT Council accept, without prejudice, a Letter of Indemnity in lieu of providing security deposits, as outlined in Council Policy 5.07 – Security Deposit Policy."
2025-09-16,Regular Council,8.6,Albion Area Plan Update,Main motion,Carried,6,0,1,Onyeka Dozie,Jenny Tan,In favour,In favour,In favour,In favour,In favour,In favour,Absent,Housing & density,6 of 12,,,https://pub-mapleridge.escribemeetings.com/filestream.ashx?DocumentId=10855,https://pub-mapleridge.escribemeetings.com/Players/ISIStandAlonePlayer.aspx?Id=ab51a525-6fb3-47af-bfc5-33232db5dfb7,https://councilrecord.ca/mapleridge.html#vote/1dndzyf,THAT Housing Agreement Bylaw No. 8042 - 2025 be adopted.
2025-09-16,Regular Council,8.6,Albion Area Plan Update,Main motion,Carried,6,0,1,Sunny Schiller,Jenny Tan,In favour,In favour,In favour,In favour,In favour,In favour,Absent,Housing & density; Development,7 of 12,,,https://pub-mapleridge.escribemeetings.com/filestream.ashx?DocumentId=10855,https://pub-mapleridge.escribemeetings.com/Players/ISIStandAlonePlayer.aspx?Id=ab51a525-6fb3-47af-bfc5-33232db5dfb7,https://councilrecord.ca/mapleridge.html#vote/8o52f5,THAT Official Community Plan Amending Bylaw No. 7873 - 2022 be adopted.
2025-09-16,Regular Council,8.6,Albion Area Plan Update,Main motion,Carried,6,0,1,Korleen Carreras,Onyeka Dozie,In favour,In favour,In favour,In favour,In favour,In favour,Absent,Other,8 of 12,,,https://pub-mapleridge.escribemeetings.com/filestream.ashx?DocumentId=10855,https://pub-mapleridge.escribemeetings.com/Players/ISIStandAlonePlayer.aspx?Id=ab51a525-6fb3-47af-bfc5-33232db5dfb7,https://councilrecord.ca/mapleridge.html#vote/1ij654g,THAT Zone Amending Bylaw No. 7874 - 2022 be adopted
2025-09-16,Regular Council,8.6,Albion Area Plan Update,Main motion,Carried,6,0,1,Judy Dueck,Jenny Tan,In favour,In favour,In favour,In favour,In favour,In favour,Absent,Other,9 of 12,,,https://pub-mapleridge.escribemeetings.com/filestream.ashx?DocumentId=10855,https://pub-mapleridge.escribemeetings.com/Players/ISIStandAlonePlayer.aspx?Id=ab51a525-6fb3-47af-bfc5-33232db5dfb7,https://councilrecord.ca/mapleridge.html#vote/1vksntw,THAT Zone Amending Bylaw No. 8024 - 2025 be adopted.
2025-09-16,Regular Council,8.6,Albion Area Plan Update,Main motion,Carried,6,0,1,Onyeka Dozie,Korleen Carreras,In favour,In favour,In favour,In favour,In favour,In favour,Absent,Taxes & spending,10 of 12,,,https://pub-mapleridge.escribemeetings.com/filestream.ashx?DocumentId=10855,https://pub-mapleridge.escribemeetings.com/Players/ISIStandAlonePlayer.aspx?Id=ab51a525-6fb3-47af-bfc5-33232db5dfb7,https://councilrecord.ca/mapleridge.html#vote/z4qbb9,"THAT Maple Ridge Property Tax Exemption Amending Bylaw No. 8072 - 2025 be given first, second and third readings. Absent (1 ): Councillor Yousef"
2025-09-16,Regular Council,8.6,Albion Area Plan Update,Main motion,Carried,6,0,1,Onyeka Dozie,Judy Dueck,In favour,In favour,In favour,In favour,In favour,In favour,Absent,Development,11 of 12,,,https://pub-mapleridge.escribemeetings.com/filestream.ashx?DocumentId=10855,https://pub-mapleridge.escribemeetings.com/Players/ISIStandAlonePlayer.aspx?Id=ab51a525-6fb3-47af-bfc5-33232db5dfb7,https://councilrecord.ca/mapleridge.html#vote/1ron2rp,"THAT the issuance of Development Variance Permit 2024 - 140 - VP for 11138 Lockwood Street, be approved. THAT the issuance of Development Permit 2024 - 140 - DP for 11138 Lockwood Street, be approved."
2025-09-16,Regular Council,8.6,Albion Area Plan Update,Main motion,Carried,6,0,1,Sunny Schiller,Onyeka Dozie,In favour,In favour,In favour,In favour,In favour,In favour,Absent,Development,12 of 12,,,https://pub-mapleridge.escribemeetings.com/filestream.ashx?DocumentId=10855,https://pub-mapleridge.escribemeetings.com/Players/ISIStandAlonePlayer.aspx?Id=ab51a525-6fb3-47af-bfc5-33232db5dfb7,https://councilrecord.ca/mapleridge.html#vote/vb10zx,THAT the issuance of Development Variance Permit 2022 - 250 - VP for 22538 Royal Crescent be approved. THAT the issuance of Developme nt Permit 2022 - 250 - DP for 22538 Royal Crescent be approved.
2025-09-16,Regular Council,9.5,RISE Project & FYRST Update,Main motion,Carried,6,0,1,Korleen Carreras,Onyeka Dozie,In favour,In favour,In favour,In favour,In favour,In favour,Absent,Other,1 of 2,,,https://pub-mapleridge.escribemeetings.com/filestream.ashx?DocumentId=10855,https://pub-mapleridge.escribemeetings.com/Players/ISIStandAlonePlayer.aspx?Id=ab51a525-6fb3-47af-bfc5-33232db5dfb7,https://councilrecord.ca/mapleridge.html#vote/1m9vl3o,"THAT Council receive the report titled “Year 3 RISE Project/FYRST Update” dated September 16, 2025, for information."
2025-09-16,Regular Council,9.5,RISE Project & FYRST Update,Main motion,Carried,6,0,1,Korleen Carreras,Onyeka Dozie,In favour,In favour,In favour,In favour,In favour,In favour,Absent,Taxes & spending,2 of 2,,,https://pub-mapleridge.escribemeetings.com/filestream.ashx?DocumentId=10855,https://pub-mapleridge.escribemeetings.com/Players/ISIStandAlonePlayer.aspx?Id=ab51a525-6fb3-47af-bfc5-33232db5dfb7,https://councilrecord.ca/mapleridge.html#vote/kbdikj,THAT staff summarize all of the information in the report to apply f or federal funding to continue the RISE Project.
2025-09-16,Regular Council,9.6,Taking our Continuous Improvement Culture to the Next Level,Main motion,Carried,6,0,1,Judy Dueck,Sunny Schiller,In favour,In favour,In favour,In favour,In favour,In favour,Absent,Parks & recreation,,,,https://pub-mapleridge.escribemeetings.com/filestream.ashx?DocumentId=10855,https://pub-mapleridge.escribemeetings.com/Players/ISIStandAlonePlayer.aspx?Id=ab51a525-6fb3-47af-bfc5-33232db5dfb7,https://councilrecord.ca/mapleridge.html#vote/y3c4re,"THAT Council receive for information the report titled “Taking our Continuous Improvement Culture to the Next Level”, dated September 16, 2025."
2025-10-14,Regular Council,7.2,Correspondence - Minister of Housing and Municipal Affairs,Main motion,Carried,5,0,2,Judy Dueck,Jenny Tan,In favour,Absent,In favour,In favour,In favour,In favour,Absent,Housing & density,,,,https://pub-mapleridge.escribemeetings.com/filestream.ashx?DocumentId=10946,https://pub-mapleridge.escribemeetings.com/Players/ISIStandAlonePlayer.aspx?Id=30b694e3-01ad-4eaa-b9f0-2f4ce06a9310,https://councilrecord.ca/mapleridge.html#vote/1uygco0,"THAT item 7.2 of the October 14, 2025, Consent Agenda be received into the record."
2025-10-14,Regular Council,8,BYLAWS,Main motion,Carried,5,0,2,Sunny Schiller,Onyeka Dozie,In favour,Absent,In favour,In favour,In favour,In favour,Absent,Taxes & spending,,,,https://pub-mapleridge.escribemeetings.com/filestream.ashx?DocumentId=10946,https://pub-mapleridge.escribemeetings.com/Players/ISIStandAlonePlayer.aspx?Id=30b694e3-01ad-4eaa-b9f0-2f4ce06a9310,https://councilrecord.ca/mapleridge.html#vote/1097hn9,THAT Maple Ridge Property Tax Exemption Amending Bylaw No. 8072 - 2025 be adopted.
2025-10-14,Regular Council,8,BYLAWS,Main motion,Carried,5,0,2,Onyeka Dozie,Jenny Tan,In favour,Absent,In favour,In favour,In favour,In favour,Absent,Other,,,,https://pub-mapleridge.escribemeetings.com/filestream.ashx?DocumentId=10946,https://pub-mapleridge.escribemeetings.com/Players/ISIStandAlonePlayer.aspx?Id=30b694e3-01ad-4eaa-b9f0-2f4ce06a9310,https://councilrecord.ca/mapleridge.html#vote/6cbjq0,THAT Zone Amending Bylaw No. 7647 - 2020 be adopted.
2025-10-14,Regular Council,8.3,Maple Ridge Intermunicipal Business Licence Amending B ylaw and Intermunicipal Business Licence Agreement Amending Bylaw,Main motion,Carried,5,0,2,Sunny Schiller,Judy Dueck,In favour,Absent,In favour,In favour,In favour,In favour,Absent,Business & economy,1 of 3,,,https://pub-mapleridge.escribemeetings.com/filestream.ashx?DocumentId=10946,https://pub-mapleridge.escribemeetings.com/Players/ISIStandAlonePlayer.aspx?Id=30b694e3-01ad-4eaa-b9f0-2f4ce06a9310,https://councilrecord.ca/mapleridge.html#vote/1veqcbn,"THAT Maple Ridge Intermunicipal Business Licence Amending Bylaw No. 8075 - 2025 be given first, second and third reading."
2025-10-14,Regular Council,8.3,Maple Ridge Intermunicipal Business Licence Amending B ylaw and Intermunicipal Business Licence Agreement Amending Bylaw,Main motion,Carried,5,0,2,Onyeka Dozie,Judy Dueck,In favour,Absent,In favour,In favour,In favour,In favour,Absent,Business & economy,2 of 3,,,https://pub-mapleridge.escribemeetings.com/filestream.ashx?DocumentId=10946,https://pub-mapleridge.escribemeetings.com/Players/ISIStandAlonePlayer.aspx?Id=30b694e3-01ad-4eaa-b9f0-2f4ce06a9310,https://councilrecord.ca/mapleridge.html#vote/12uv2a9,"THAT Intermunicipal Business Licence Agreement Amending Bylaw No. 8076 - 2025 be given first, second and third reading."
2025-10-14,Regular Council,8.3,Maple Ridge Intermunicipal Business Licence Amending B ylaw and Intermunicipal Business Licence Agreement Amending Bylaw,Main motion,Carried,5,0,2,Onyeka Dozie,Judy Dueck,In favour,Absent,In favour,In favour,In favour,In favour,Absent,Business & economy,3 of 3,,,https://pub-mapleridge.escribemeetings.com/filestream.ashx?DocumentId=10946,https://pub-mapleridge.escribemeetings.com/Players/ISIStandAlonePlayer.aspx?Id=30b694e3-01ad-4eaa-b9f0-2f4ce06a9310,https://councilrecord.ca/mapleridge.html#vote/f2ymm7,"THAT Zone Amending Bylaw No. 7435 - 2018 be given second reading and be forwarded to Public Hearing; and THAT staff be directed to work with the applicant to address the outstanding terms and conditions outlined in the staff report dated October 7, 2025, and any others identified by Council, prior to recommending bylaw adoption."
2025-10-14,Regular Council,9.1,Council Resolution in Support of FireSmart Grant Application,Main motion,Carried,5,0,2,Jenny Tan,Onyeka Dozie,In favour,Absent,In favour,In favour,In favour,In favour,Absent,Taxes & spending; Public services; Governance & elections,1 of 5,,,https://pub-mapleridge.escribemeetings.com/filestream.ashx?DocumentId=10946,https://pub-mapleridge.escribemeetings.com/Players/ISIStandAlonePlayer.aspx?Id=30b694e3-01ad-4eaa-b9f0-2f4ce06a9310,https://councilrecord.ca/mapleridge.html#vote/1fhsm4z,"THAT Council endorse City of Maple Ridge application to the Union of BC Municipalities FireSmar t Program 2026 Intake, for grant funding up to a maximum of $300,000 to prepare a Community Wildfire Resiliency Plan and implement community FireSmart activities; and THAT Council commit the City of Maple Ridge to provide overall grant management; and THAT contingent on grant funding being received, Council directs staff to lead implementation of FireSmart program activities as outlined in the report titled “Council Resolution in Support of FireSmart Grant Application” dated October 7, 2025."
2025-10-14,Regular Council,9.1,Council Resolution in Support of FireSmart Grant Application,Main motion,Carried,5,0,2,Judy Dueck,Sunny Schiller,In favour,Absent,In favour,In favour,In favour,In favour,Absent,Taxes & spending; Public services; Governance & elections,2 of 5,,,https://pub-mapleridge.escribemeetings.com/filestream.ashx?DocumentId=10946,https://pub-mapleridge.escribemeetings.com/Players/ISIStandAlonePlayer.aspx?Id=30b694e3-01ad-4eaa-b9f0-2f4ce06a9310,https://councilrecord.ca/mapleridge.html#vote/1bp9gle,THAT the rules be suspended to allow for Public Comment on item 9.2.
2025-10-14,Regular Council,9.1,Council Resolution in Support of FireSmart Grant Application,Main motion,Carried,4,1,2,Sunny Schiller,Jenny Tan,In favour,Absent,In favour,In favour,Against,In favour,Absent,Development; Taxes & spending; Public services; Governance & elections,3 of 5,,,https://pub-mapleridge.escribemeetings.com/filestream.ashx?DocumentId=10946,https://pub-mapleridge.escribemeetings.com/Players/ISIStandAlonePlayer.aspx?Id=30b694e3-01ad-4eaa-b9f0-2f4ce06a9310,https://councilrecord.ca/mapleridge.html#vote/1gltasc,THAT the issuance of Development Variance Permit 2020 - 066 - VP for 11906 232 Street be approved. THAT the issuance of Multi - Family Development Permit 2020 - 066 - DP for 11906 23 2 Street be approved.
2025-10-14,Regular Council,9.1,Council Resolution in Support of FireSmart Grant Application,Main motion,Carried,5,0,2,Sunny Schiller,Onyeka Dozie,In favour,Absent,In favour,In favour,In favour,In favour,Absent,Development; Taxes & spending; Public services; Governance & elections,4 of 5,,,https://pub-mapleridge.escribemeetings.com/filestream.ashx?DocumentId=10946,https://pub-mapleridge.escribemeetings.com/Players/ISIStandAlonePlayer.aspx?Id=30b694e3-01ad-4eaa-b9f0-2f4ce06a9310,https://councilrecord.ca/mapleridge.html#vote/1dm4wdj,THAT the issuance of Development Variance Permit 2022 - 121 - VP fo r 10606 and 10616 Jackson Road be approved. THAT the issuance of Development Permit 2022 - 121 - DP for 10606 and 10616 Jackson Road be approved.
2025-10-14,Regular Council,9.1,Council Resolution in Support of FireSmart Grant Application,Main motion,Carried,5,0,2,Onyeka Dozie,Jenny Tan,In favour,Absent,In favour,In favour,In favour,In favour,Absent,Development; Taxes & spending; Public services; Governance & elections,5 of 5,,,https://pub-mapleridge.escribemeetings.com/filestream.ashx?DocumentId=10946,https://pub-mapleridge.escribemeetings.com/Players/ISIStandAlonePlayer.aspx?Id=30b694e3-01ad-4eaa-b9f0-2f4ce06a9310,https://councilrecord.ca/mapleridge.html#vote/qvuwqs,THAT the issuance of Development Permit 2025 - 013 - DP for the property located at 12255 216 Street be approved.
2025-10-28,Regular Council,8.1,Maple Ridge Intermunicipal Business Licence Amending Bylaw and Intermunicipal Business Licence Agreement Amending Bylaw,Main motion,Carried,6,0,1,Sunny Schiller,Onyeka Dozie,In favour,In favour,In favour,In favour,In favour,In favour,Absent,Business & economy,1 of 2,,,https://pub-mapleridge.escribemeetings.com/filestream.ashx?DocumentId=11618,https://pub-mapleridge.escribemeetings.com/Players/ISIStandAlonePlayer.aspx?Id=e2ea2826-245e-4d5d-a8a2-dc35afbe8bde,https://councilrecord.ca/mapleridge.html#vote/jgotad,THAT Maple Ridge Intermunicipal Business Licence Amending Bylaw No. 8075 - 2025 be adopted.
2025-10-28,Regular Council,8.1,Maple Ridge Intermunicipal Business Licence Amending Bylaw and Intermunicipal Business Licence Agreement Amending Bylaw,Main motion,Carried,6,0,1,Onyeka Dozie,Jenny Tan,In favour,In favour,In favour,In favour,In favour,In favour,Absent,Business & economy,2 of 2,,,https://pub-mapleridge.escribemeetings.com/filestream.ashx?DocumentId=11618,https://pub-mapleridge.escribemeetings.com/Players/ISIStandAlonePlayer.aspx?Id=e2ea2826-245e-4d5d-a8a2-dc35afbe8bde,https://councilrecord.ca/mapleridge.html#vote/luc8vg,THAT Intermunicipal Business Licence Agreement Amending Bylaw No. 8076 - 2025 be given adopted.
2025-10-28,Regular Council,8.2,Albion Area Plan Update,Main motion,Carried,6,0,1,Judy Dueck,Onyeka Dozie,In favour,In favour,In favour,In favour,In favour,In favour,Absent,Housing & density; Development,1 of 10,,,https://pub-mapleridge.escribemeetings.com/filestream.ashx?DocumentId=11618,https://pub-mapleridge.escribemeetings.com/Players/ISIStandAlonePlayer.aspx?Id=e2ea2826-245e-4d5d-a8a2-dc35afbe8bde,https://councilrecord.ca/mapleridge.html#vote/xky1sq,THAT Official Community Plan Amending Bylaw No. 8032 - 2025 be given third reading.
2025-10-28,Regular Council,8.2,Albion Area Plan Update,Main motion,Carried,6,0,1,Judy Dueck,Sunny Schiller,In favour,In favour,In favour,In favour,In favour,In favour,Absent,Housing & density; Development,2 of 10,,,https://pub-mapleridge.escribemeetings.com/filestream.ashx?DocumentId=11618,https://pub-mapleridge.escribemeetings.com/Players/ISIStandAlonePlayer.aspx?Id=e2ea2826-245e-4d5d-a8a2-dc35afbe8bde,https://councilrecord.ca/mapleridge.html#vote/7cd2ju,THAT Official Community Plan Amending Bylaw No. 8032 - 2025 be adopted.
2025-10-28,Regular Council,8.2,Albion Area Plan Update,Main motion,Carried,6,0,1,Onyeka Dozie,Korleen Carreras,In favour,In favour,In favour,In favour,In favour,In favour,Absent,Other,3 of 10,,,https://pub-mapleridge.escribemeetings.com/filestream.ashx?DocumentId=11618,https://pub-mapleridge.escribemeetings.com/Players/ISIStandAlonePlayer.aspx?Id=e2ea2826-245e-4d5d-a8a2-dc35afbe8bde,https://councilrecord.ca/mapleridge.html#vote/8g6hwy,THAT the Public Hearing requir ement under Section 464 of the Local Government Act be waived.
2025-10-28,Regular Council,8.2,Albion Area Plan Update,Main motion,Carried,6,0,1,Onyeka Dozie,Sunny Schiller,In favour,In favour,In favour,In favour,In favour,In favour,Absent,Other,4 of 10,,,https://pub-mapleridge.escribemeetings.com/filestream.ashx?DocumentId=11618,https://pub-mapleridge.escribemeetings.com/Players/ISIStandAlonePlayer.aspx?Id=e2ea2826-245e-4d5d-a8a2-dc35afbe8bde,https://councilrecord.ca/mapleridge.html#vote/4kt3kb,"THAT Zone Amending Bylaw No. 8052 - 2025 be given first, second and third reading ."
2025-10-28,Regular Council,8.2,Albion Area Plan Update,Main motion,Carried,6,0,1,Onyeka Dozie,Judy Dueck,In favour,In favour,In favour,In favour,In favour,In favour,Absent,Other,5 of 10,,,https://pub-mapleridge.escribemeetings.com/filestream.ashx?DocumentId=11618,https://pub-mapleridge.escribemeetings.com/Players/ISIStandAlonePlayer.aspx?Id=e2ea2826-245e-4d5d-a8a2-dc35afbe8bde,https://councilrecord.ca/mapleridge.html#vote/1e09tkg,THAT Zone Amending Bylaw No. 8052 - 2025 be adopted.
2025-10-28,Regular Council,8.2,Albion Area Plan Update,Main motion,Carried,6,0,1,Judy Dueck,Onyeka Dozie,In favour,In favour,In favour,In favour,In favour,In favour,Absent,Housing & density; Development,6 of 10,,,https://pub-mapleridge.escribemeetings.com/filestream.ashx?DocumentId=11618,https://pub-mapleridge.escribemeetings.com/Players/ISIStandAlonePlayer.aspx?Id=e2ea2826-245e-4d5d-a8a2-dc35afbe8bde,https://councilrecord.ca/mapleridge.html#vote/1q2ht0c,THAT Official Community Plan Amending Bylaw No. 8078 - 2025 be given first reading.
2025-10-28,Regular Council,8.2,Albion Area Plan Update,Main motion,Carried,6,0,1,Onyeka Dozie,Sunny Schiller,In favour,In favour,In favour,In favour,In favour,In favour,Absent,Housing & density; Development,7 of 10,,,https://pub-mapleridge.escribemeetings.com/filestream.ashx?DocumentId=11618,https://pub-mapleridge.escribemeetings.com/Players/ISIStandAlonePlayer.aspx?Id=e2ea2826-245e-4d5d-a8a2-dc35afbe8bde,https://councilrecord.ca/mapleridge.html#vote/gf14hu,"THAT in accordance with Section 475 and 476 of the Local Government Act, Council direct staff to proceed with the consultation strategy as outlined in the Sta ff report dated October 21, 2025, for Official Community Plan Amending Bylaw No. 8078 - 2025. THAT Council confirms that sufficient early and ongoing consultation will be provided by way of posting Official Community Plan Amending Bylaw No. 8078 - 2025 on the City’s website and holding a Public Hearing on the Bylaw. THAT in accordance with Section 477 of the Local Government Act, Council considers the Official Community Plan Amending Bylaw No. 8078 - 2025 consistent with the City’s Capital Expenditure Plan and W aste Management Plan."
2025-10-28,Regular Council,8.2,Albion Area Plan Update,Main motion,Carried,6,0,1,Judy Dueck,Korleen Carreras,In favour,In favour,In favour,In favour,In favour,In favour,Absent,Housing & density; Development,8 of 10,,,https://pub-mapleridge.escribemeetings.com/filestream.ashx?DocumentId=11618,https://pub-mapleridge.escribemeetings.com/Players/ISIStandAlonePlayer.aspx?Id=e2ea2826-245e-4d5d-a8a2-dc35afbe8bde,https://councilrecord.ca/mapleridge.html#vote/ur6kpv,THAT Official Community Plan Amending Bylaw No. 8078 - 2025 be given second reading and forwarded to Public Hearing.
2025-10-28,Regular Council,8.2,Albion Area Plan Update,Main motion,Carried,6,0,1,Jenny Tan,Onyeka Dozie,In favour,In favour,In favour,In favour,In favour,In favour,Absent,Other,9 of 10,,,https://pub-mapleridge.escribemeetings.com/filestream.ashx?DocumentId=11618,https://pub-mapleridge.escribemeetings.com/Players/ISIStandAlonePlayer.aspx?Id=e2ea2826-245e-4d5d-a8a2-dc35afbe8bde,https://councilrecord.ca/mapleridge.html#vote/zxchwz,"THAT Zone Amending Bylaw No. 7893 - 2022 be given second reading and forwarded to Public Hearing. THAT staff be directed to work with the applicant to address the outstanding terms and conditions outlined in the staff report dated October 21, 2025, and any others identified by Council, prior to recommending bylaw adoption."
2025-10-28,Regular Council,8.2,Albion Area Plan Update,Main motion,Carried,6,0,1,Onyeka Dozie,Sunny Schiller,In favour,In favour,In favour,In favour,In favour,In favour,Absent,Housing & density,10 of 10,,,https://pub-mapleridge.escribemeetings.com/filestream.ashx?DocumentId=11618,https://pub-mapleridge.escribemeetings.com/Players/ISIStandAlonePlayer.aspx?Id=e2ea2826-245e-4d5d-a8a2-dc35afbe8bde,https://councilrecord.ca/mapleridge.html#vote/1qxh5l4,"THAT Housing Agreement Bylaw No. 8047 - 2025 for 12011 223 Street be given fir st, second, and third reading."
2025-10-28,Regular Council,8.6,Off - Street Parking and Loading Bylaw No. 7970 - 2023,Main motion,Carried,5,1,1,Sunny Schiller,Onyeka Dozie,In favour,In favour,In favour,In favour,In favour,Against,Absent,Transportation,,,,https://pub-mapleridge.escribemeetings.com/filestream.ashx?DocumentId=11618,https://pub-mapleridge.escribemeetings.com/Players/ISIStandAlonePlayer.aspx?Id=e2ea2826-245e-4d5d-a8a2-dc35afbe8bde,https://councilrecord.ca/mapleridge.html#vote/oo6n2p,"THAT Maple Ridge Off - Street Parking and Loadin g Bylaw No. 7970 - 2023, as amended, be given second reading."
2025-10-28,Regular Council,9.1,"Update on the Council Strategic Plan for Q3, 2025",Main motion,Carried,6,0,1,Judy Dueck,Sunny Schiller,In favour,In favour,In favour,In favour,In favour,In favour,Absent,Governance & elections,,,,https://pub-mapleridge.escribemeetings.com/filestream.ashx?DocumentId=11618,https://pub-mapleridge.escribemeetings.com/Players/ISIStandAlonePlayer.aspx?Id=e2ea2826-245e-4d5d-a8a2-dc35afbe8bde,https://councilrecord.ca/mapleridge.html#vote/1v2x5he,"THAT Council approve the quarterly key result report titled “Update on the Council Strategic Plan for Q3, 2025” dated October 21, 2025."
2025-11-04,Regular Council,8,BYLAWS,Main motion,Carried,6,0,1,Onyeka Dozie,Korleen Carreras,In favour,In favour,In favour,In favour,In favour,In favour,Absent,Other,,,,https://pub-mapleridge.escribemeetings.com/filestream.ashx?DocumentId=11005,https://pub-mapleridge.escribemeetings.com/Players/ISIStandAlonePlayer.aspx?Id=ca4b5768-21ca-4e6e-a5c4-7de69f26631b,https://councilrecord.ca/mapleridge.html#vote/1cnvxiv,"THAT Zone Amending Bylaw No. 7913 - 2023 be given second reading and be forwarded to Public Hearing; and THAT staff be directed to work with the applicant to address the outstanding terms and conditions outl ined in the staff report dated October 28, 2025, and any others identified by Council, prior to recommending bylaw adoption."
2025-11-04,Regular Council,8.2,Official Community Plan - 2025 Housing Update,Main motion,Carried,6,0,1,Judy Dueck,Onyeka Dozie,In favour,In favour,In favour,In favour,In favour,In favour,Absent,Housing & density; Development,,,,https://pub-mapleridge.escribemeetings.com/filestream.ashx?DocumentId=11005,https://pub-mapleridge.escribemeetings.com/Players/ISIStandAlonePlayer.aspx?Id=ca4b5768-21ca-4e6e-a5c4-7de69f26631b,https://councilrecord.ca/mapleridge.html#vote/15jmvlg,"THAT in accordance with Section 475 and Section 476 of the Local Government Act, Council confirms that the opportunity for early and on - goin g consultation has been provided by way of posting Official Community Plan Amending Bylaw No. 8073 - 2025 on the City’s website, through the formal referral process with external interest holders and agencies, and by holding a Public Hearing on the bylaw. TH AT in accordance with Section 477 of the Local Government Act, Council considers the Official Community Plan Amending Bylaw No. 8073 - 2025 consistent with the City’s Capital Expenditure Plan and Waste Management Plan. THAT Official Community Plan Amending B ylaw No. 8073 - 2025, as amended, be given second reading and forwarded to Public Hearing."
2025-11-04,Regular Council,8.3,Town Centre Area Plan Update,Main motion,Carried,6,0,1,Korleen Carreras,Onyeka Dozie,In favour,In favour,In favour,In favour,In favour,In favour,Absent,Housing & density; Development,1 of 2,,,https://pub-mapleridge.escribemeetings.com/filestream.ashx?DocumentId=11005,https://pub-mapleridge.escribemeetings.com/Players/ISIStandAlonePlayer.aspx?Id=ca4b5768-21ca-4e6e-a5c4-7de69f26631b,https://councilrecord.ca/mapleridge.html#vote/3ottot,"THAT in accordance with Section 475 and Section 476 of the Local Government Act, Council confirms that the opportunity for early and on - going consultation has been provided by way of posting Official Community Plan Amending Bylaw No . 8060 - 2025 on the City’s website, through the formal referral process with external interest holders and agencies, and by holding a Public Hearing on the bylaw. THAT in accordance with Section 477 of the Local Government Act, Council considers the Officia l Community Plan Amending Bylaw No. 8060 - 2025 consistent with the City’s Capital Expenditure Plan and Waste Management Plan. THAT Official Community Plan Amending Bylaw No. 8060 - 2025, as amended, be given second reading and forwarded to Public Hearing. Abs ent (1): Councillor Yousef"
2025-11-04,Regular Council,8.3,Town Centre Area Plan Update,Main motion,Carried,6,0,1,Judy Dueck,Sunny Schiller,In favour,In favour,In favour,In favour,In favour,In favour,Absent,Governance & elections,2 of 2,,,https://pub-mapleridge.escribemeetings.com/filestream.ashx?DocumentId=11005,https://pub-mapleridge.escribemeetings.com/Players/ISIStandAlonePlayer.aspx?Id=ca4b5768-21ca-4e6e-a5c4-7de69f26631b,https://councilrecord.ca/mapleridge.html#vote/61ebb,THAT Council Policy 6.29 – Detached Garden Suites be rescinded.
2025-11-04,Regular Council,8.4,Hammond Area Plan Update,Main motion,Carried,6,0,1,Korleen Carreras,Onyeka Dozie,In favour,In favour,In favour,In favour,In favour,In favour,Absent,Housing & density; Development,,,,https://pub-mapleridge.escribemeetings.com/filestream.ashx?DocumentId=11005,https://pub-mapleridge.escribemeetings.com/Players/ISIStandAlonePlayer.aspx?Id=ca4b5768-21ca-4e6e-a5c4-7de69f26631b,https://councilrecord.ca/mapleridge.html#vote/eba398,"THAT in accordance with Section 475 and Section 476 of the Local Government Act, Council c onfirms that the opportunity for early and on - going consultation has been provided by way of posting Official Community Plan Amending Bylaw No. 8057 - 2025 on the City’s website, through the formal referral process with external interest holders and agencies , and by holding a Public Hearing on the bylaw. THAT in accordance with Section 477 of the Local Government Act, Council considers the Official Community Plan Amending Bylaw No. 8057 - 2025 consistent with the City’s Capital Expenditure Plan and Waste Manage ment Plan THAT Official Community Plan Amending Bylaw No. 8057 - 2025, as amended, be given second reading and forwarded to Public Hearing."
2025-11-04,Regular Council,8.5,Silver Valley Area Plan Update,Main motion,Carried,6,0,1,,Korleen Carreras,In favour,In favour,In favour,In favour,In favour,In favour,Absent,Housing & density; Development,,,,https://pub-mapleridge.escribemeetings.com/filestream.ashx?DocumentId=11005,https://pub-mapleridge.escribemeetings.com/Players/ISIStandAlonePlayer.aspx?Id=ca4b5768-21ca-4e6e-a5c4-7de69f26631b,https://councilrecord.ca/mapleridge.html#vote/zfza84,"THAT in accordance with Section 475 and Section 476 of the Local Government Act, Council confirms that the opportunity for early and on - going consultation has been provided by way of posting Official Community Plan Am ending Bylaw No. 8061 - 2025 on the City’s website, through the formal referral process with external interest holders and agencies, and by holding a Public Hearing on the bylaw. THAT in accordance with Section 477 of the Local Government Act, Council consid ers the Official Community Plan Amending Bylaw No. 8061 - 2025 consistent with the City’s Capital Expenditure Plan and Waste Management Plan THAT Official Community Plan Amending Bylaw No. 8061 - 2025, as amended, be given second reading and forwarded to Publi c Hearing."
2025-11-04,Regular Council,9.2,Removal and Disposal of the CP Rail Caboose,Main motion,Carried,6,0,1,Judy Dueck,Onyeka Dozie,In favour,In favour,In favour,In favour,In favour,In favour,Absent,Taxes & spending; Parks & recreation,,,,https://pub-mapleridge.escribemeetings.com/filestream.ashx?DocumentId=11005,https://pub-mapleridge.escribemeetings.com/Players/ISIStandAlonePlayer.aspx?Id=ca4b5768-21ca-4e6e-a5c4-7de69f26631b,https://councilrecord.ca/mapleridge.html#vote/6ka588,THAT Council approve one - time funding from Accumulated Surplus for the removal and disposal of the CP Rail Caboose 437115 located at Jim Hadgkiss Park.
2025-11-04,Regular Council,9.3,"Arts, Culture, Events and Heritage Service Review Repo rt",Main motion,Carried,6,0,1,Jenny Tan,Onyeka Dozie,In favour,In favour,In favour,In favour,In favour,In favour,Absent,Neighbourhood character; Parks & recreation,,,,https://pub-mapleridge.escribemeetings.com/filestream.ashx?DocumentId=11005,https://pub-mapleridge.escribemeetings.com/Players/ISIStandAlonePlayer.aspx?Id=ca4b5768-21ca-4e6e-a5c4-7de69f26631b,https://councilrecord.ca/mapleridge.html#vote/13znmh1,"THAT Council receive the Arts, Culture, Events and Heritage Service Review, dated Octo ber 17, 2025, for information."
2025-11-04,Regular Council,9.4,CAO Compensation Policy,Main motion,Carried,6,0,1,Judy Dueck,Onyeka Dozie,In favour,In favour,In favour,In favour,In favour,In favour,Absent,Other,,,,https://pub-mapleridge.escribemeetings.com/filestream.ashx?DocumentId=11005,https://pub-mapleridge.escribemeetings.com/Players/ISIStandAlonePlayer.aspx?Id=ca4b5768-21ca-4e6e-a5c4-7de69f26631b,https://councilrecord.ca/mapleridge.html#vote/1djhwvf,THAT CAO Compensation Policy No. 30.46 be adopted.
2025-11-18,Special Council,2,APPROVAL OF THE AGENDA,Main motion,Carried,6,0,1,Korleen Carreras,Onyeka Dozie,In favour,In favour,In favour,In favour,In favour,In favour,Absent,Other,,,,https://pub-mapleridge.escribemeetings.com/filestream.ashx?DocumentId=11182,https://pub-mapleridge.escribemeetings.com/Players/ISIStandAlonePlayer.aspx?Id=dc1d2e0f-0832-4c56-a7d2-ad21596b553d,https://councilrecord.ca/mapleridge.html#vote/bqq21f,"THAT the November 18, 2025 Special Council Agenda be appro ved as circulated."
2025-11-18,Special Council,4,GENERAL MATTERS,Main motion,Carried,6,0,1,Judy Dueck,Onyeka Dozie,In favour,In favour,In favour,In favour,In favour,In favour,Absent,Business & economy,1 of 4,,,https://pub-mapleridge.escribemeetings.com/filestream.ashx?DocumentId=11182,https://pub-mapleridge.escribemeetings.com/Players/ISIStandAlonePlayer.aspx?Id=dc1d2e0f-0832-4c56-a7d2-ad21596b553d,https://councilrecord.ca/mapleridge.html#vote/4g80db,"THAT the Non - Farm Use Application 2025 - 285 - AL for a temporary media production studio and filming use on the lands at 12930 203 Street, 12960 203 Street, 20370 132 Avenue, and PID 013 - 273 - 744, be forwarded to the Agricultural Land Commission with a recomm endation for approval."
2025-11-18,Special Council,4,GENERAL MATTERS,Main motion,Carried,6,0,1,Sunny Schiller,Onyeka Dozie,In favour,In favour,In favour,In favour,In favour,In favour,Absent,Development,2 of 4,,,https://pub-mapleridge.escribemeetings.com/filestream.ashx?DocumentId=11182,https://pub-mapleridge.escribemeetings.com/Players/ISIStandAlonePlayer.aspx?Id=dc1d2e0f-0832-4c56-a7d2-ad21596b553d,https://councilrecord.ca/mapleridge.html#vote/jhrmpi,"THAT Temporary Use Permit 2025 - 285 - CU be approved for the properties at 12930 203 Street, 12960 203 Street, 20350 132 Avenue, and PID 013 - 273 - 744."
2025-11-18,Special Council,4,GENERAL MATTERS,Main motion,Carried,6,0,1,Judy Dueck,Onyeka Dozie,In favour,In favour,In favour,In favour,In favour,In favour,Absent,Other,3 of 4,,,https://pub-mapleridge.escribemeetings.com/filestream.ashx?DocumentId=11182,https://pub-mapleridge.escribemeetings.com/Players/ISIStandAlonePlayer.aspx?Id=dc1d2e0f-0832-4c56-a7d2-ad21596b553d,https://councilrecord.ca/mapleridge.html#vote/1w14iht,"THAT the issuance of Soil Permit 2025 - 285 - SP be approved for the properties at 12930 203 Street, 12960 203 Street, 20350 132 Avenue and PID 013 - 273 - 744."
2025-11-18,Special Council,4,GENERAL MATTERS,Main motion,Carried,6,0,1,Judy Dueck,Onyeka Dozie,In favour,In favour,In favour,In favour,In favour,In favour,Absent,Other,4 of 4,,,https://pub-mapleridge.escribemeetings.com/filestream.ashx?DocumentId=11182,https://pub-mapleridge.escribemeetings.com/Players/ISIStandAlonePlayer.aspx?Id=dc1d2e0f-0832-4c56-a7d2-ad21596b553d,https://councilrecord.ca/mapleridge.html#vote/zwyut2,THAT Council approve the issuance of the Soil Permit Application 2025 - 184 - SP for 20580 Maple Crescent.
2025-11-25,Regular Council,8,BYLAWS,Main motion,Carried,6,0,1,Onyeka Dozie,Judy Dueck,In favour,In favour,In favour,In favour,In favour,In favour,Absent,Other,,,,https://pub-mapleridge.escribemeetings.com/filestream.ashx?DocumentId=11551,https://pub-mapleridge.escribemeetings.com/Players/ISIStandAlonePlayer.aspx?Id=095a4e67-adf1-4b55-8e33-7a6fba6bbfa0,https://councilrecord.ca/mapleridge.html#vote/lve41m,THAT Maple Ridge Zone Amending Bylaw No. 7435 - 2018 be given third reading.
2025-11-25,Regular Council,8,BYLAWS,Main motion,Carried,6,0,1,Onyeka Dozie,Judy Dueck,In favour,In favour,In favour,In favour,In favour,In favour,Absent,Housing & density; Development,,,,https://pub-mapleridge.escribemeetings.com/filestream.ashx?DocumentId=11551,https://pub-mapleridge.escribemeetings.com/Players/ISIStandAlonePlayer.aspx?Id=095a4e67-adf1-4b55-8e33-7a6fba6bbfa0,https://councilrecord.ca/mapleridge.html#vote/e8utkm,THAT Maple Ridge Official Community Plan Amending Bylaw No. 8078 - 202 5 be given third reading.
2025-11-25,Regular Council,8,BYLAWS,Main motion,Carried,6,0,1,Onyeka Dozie,Judy Dueck,In favour,In favour,In favour,In favour,In favour,In favour,Absent,Other,,,,https://pub-mapleridge.escribemeetings.com/filestream.ashx?DocumentId=11551,https://pub-mapleridge.escribemeetings.com/Players/ISIStandAlonePlayer.aspx?Id=095a4e67-adf1-4b55-8e33-7a6fba6bbfa0,https://councilrecord.ca/mapleridge.html#vote/heda2m,THAT Maple Ridge Zone Amending Bylaw No. 7893 - 2022 be given third reading.
2025-11-25,Regular Council,8,BYLAWS,Main motion,Carried,6,0,1,Onyeka Dozie,Sunny Schiller,In favour,In favour,In favour,In favour,In favour,In favour,Absent,Other,,,,https://pub-mapleridge.escribemeetings.com/filestream.ashx?DocumentId=11551,https://pub-mapleridge.escribemeetings.com/Players/ISIStandAlonePlayer.aspx?Id=095a4e67-adf1-4b55-8e33-7a6fba6bbfa0,https://councilrecord.ca/mapleridge.html#vote/1vjtca8,THAT Maple Ridge Zone Amending Bylaw No. 7913 - 2023 be given third reading.
2025-11-25,Regular Council,8,BYLAWS,Main motion,Carried,6,0,1,Sunny Schiller,Korleen Carreras,In favour,In favour,In favour,In favour,In favour,In favour,Absent,Housing & density; Development,,,,https://pub-mapleridge.escribemeetings.com/filestream.ashx?DocumentId=11551,https://pub-mapleridge.escribemeetings.com/Players/ISIStandAlonePlayer.aspx?Id=095a4e67-adf1-4b55-8e33-7a6fba6bbfa0,https://councilrecord.ca/mapleridge.html#vote/urbnbx,THAT Maple Ridge Official Community Plan Amending Bylaw No. 8073 - 2025 be given third reading.
2025-11-25,Regular Council,8,BYLAWS,Main motion,Carried,6,0,1,Judy Dueck,Onyeka Dozie,In favour,In favour,In favour,In favour,In favour,In favour,Absent,Housing & density; Development,,,,https://pub-mapleridge.escribemeetings.com/filestream.ashx?DocumentId=11551,https://pub-mapleridge.escribemeetings.com/Players/ISIStandAlonePlayer.aspx?Id=095a4e67-adf1-4b55-8e33-7a6fba6bbfa0,https://councilrecord.ca/mapleridge.html#vote/6elcc4,THAT Maple Ridge Official Community Plan Amending Bylaw No. 8073 - 2025 be adopted.
2025-11-25,Regular Council,8.5,Hammond Area Plan Update,Main motion,Carried,6,0,1,Sunny Schiller,,In favour,In favour,In favour,In favour,In favour,In favour,Absent,Housing & density; Development,1 of 2,,,https://pub-mapleridge.escribemeetings.com/filestream.ashx?DocumentId=11551,https://pub-mapleridge.escribemeetings.com/Players/ISIStandAlonePlayer.aspx?Id=095a4e67-adf1-4b55-8e33-7a6fba6bbfa0,https://councilrecord.ca/mapleridge.html#vote/1wwezxy,THAT Maple Ridge Official Community Plan Amending Bylaw No.8057 - 2025 be given third reading.
2025-11-25,Regular Council,8.5,Hammond Area Plan Update,Main motion,Carried,6,0,1,Onyeka Dozie,Judy Dueck,In favour,In favour,In favour,In favour,In favour,In favour,Absent,Housing & density; Development,2 of 2,,,https://pub-mapleridge.escribemeetings.com/filestream.ashx?DocumentId=11551,https://pub-mapleridge.escribemeetings.com/Players/ISIStandAlonePlayer.aspx?Id=095a4e67-adf1-4b55-8e33-7a6fba6bbfa0,https://councilrecord.ca/mapleridge.html#vote/hn6w0i,THAT Maple Ridge Official Community Plan Am ending Bylaw No.8057 - 2025 be adopted.
2025-11-25,Regular Council,8.6,Silver Valley Area Plan Update,Main motion,Carried,6,0,1,Korleen Carreras,Judy Dueck,In favour,In favour,In favour,In favour,In favour,In favour,Absent,Housing & density; Development,1 of 2,,,https://pub-mapleridge.escribemeetings.com/filestream.ashx?DocumentId=11551,https://pub-mapleridge.escribemeetings.com/Players/ISIStandAlonePlayer.aspx?Id=095a4e67-adf1-4b55-8e33-7a6fba6bbfa0,https://councilrecord.ca/mapleridge.html#vote/1az5sb8,THAT Maple Ridge Official Community Plan Amending Bylaw No. 8061 - 2025 be given third reading.
2025-11-25,Regular Council,8.6,Silver Valley Area Plan Update,Main motion,Carried,6,0,1,Sunny Schiller,Onyeka Dozie,In favour,In favour,In favour,In favour,In favour,In favour,Absent,Housing & density; Development,2 of 2,,,https://pub-mapleridge.escribemeetings.com/filestream.ashx?DocumentId=11551,https://pub-mapleridge.escribemeetings.com/Players/ISIStandAlonePlayer.aspx?Id=095a4e67-adf1-4b55-8e33-7a6fba6bbfa0,https://councilrecord.ca/mapleridge.html#vote/14dkd1p,THAT Maple Ridge Official Community Plan Amending Bylaw No. 8061 - 2025 be adopted.
2025-11-25,Regular Council,8.7,Town Centre Area Plan Update,Main motion,Carried,6,0,1,Onyeka Dozie,Korleen Carreras,In favour,In favour,In favour,In favour,In favour,In favour,Absent,Other,1 of 5,,,https://pub-mapleridge.escribemeetings.com/filestream.ashx?DocumentId=11551,https://pub-mapleridge.escribemeetings.com/Players/ISIStandAlonePlayer.aspx?Id=095a4e67-adf1-4b55-8e33-7a6fba6bbfa0,https://councilrecord.ca/mapleridge.html#vote/1lp39ow,THAT Maple Ridge Official Commun ity Plan Amending Bylaw No. 8060 - 2025 be given third reading.
2025-11-25,Regular Council,8.7,Town Centre Area Plan Update,Main motion,Carried,6,0,1,Judy Dueck,Onyeka Dozie,In favour,In favour,In favour,In favour,In favour,In favour,Absent,Housing & density; Development,2 of 5,,,https://pub-mapleridge.escribemeetings.com/filestream.ashx?DocumentId=11551,https://pub-mapleridge.escribemeetings.com/Players/ISIStandAlonePlayer.aspx?Id=095a4e67-adf1-4b55-8e33-7a6fba6bbfa0,https://councilrecord.ca/mapleridge.html#vote/3we58p,THAT Maple Ridge Official Community Plan Amending Bylaw No. 8060 - 2025 be adopted.
2025-11-25,Regular Council,8.7,Town Centre Area Plan Update,Main motion,Carried,6,0,1,Korleen Carreras,Judy Dueck,In favour,In favour,In favour,In favour,In favour,In favour,Absent,Other,3 of 5,,,https://pub-mapleridge.escribemeetings.com/filestream.ashx?DocumentId=11551,https://pub-mapleridge.escribemeetings.com/Players/ISIStandAlonePlayer.aspx?Id=095a4e67-adf1-4b55-8e33-7a6fba6bbfa0,https://councilrecord.ca/mapleridge.html#vote/zf4dv2,THAT the motion be separated into two motions.
2025-11-25,Regular Council,8.7,Town Centre Area Plan Update,Main motion,Carried,6,0,1,Sunny Schiller,Onyeka Dozie,In favour,In favour,In favour,In favour,In favour,In favour,Absent,Transportation; Parks & recreation,4 of 5,,,https://pub-mapleridge.escribemeetings.com/filestream.ashx?DocumentId=11551,https://pub-mapleridge.escribemeetings.com/Players/ISIStandAlonePlayer.aspx?Id=095a4e67-adf1-4b55-8e33-7a6fba6bbfa0,https://councilrecord.ca/mapleridge.html#vote/1cmhprl,"THAT staff be directed, as part of their 2026 workplan, to develop and bring forward for Council consideration a Town Centre Network Strategy to provide greater detail beyond the Strategic Transportation Plan for new and improved active transportation infrastructure"
2025-11-25,Regular Council,8.7,Town Centre Area Plan Update,Main motion,Carried,4,2,1,Sunny Schiller,Onyeka Dozie,In favour,Against,In favour,Against,In favour,In favour,Absent,Transportation,5 of 5,,,https://pub-mapleridge.escribemeetings.com/filestream.ashx?DocumentId=11551,https://pub-mapleridge.escribemeetings.com/Players/ISIStandAlonePlayer.aspx?Id=095a4e67-adf1-4b55-8e33-7a6fba6bbfa0,https://councilrecord.ca/mapleridge.html#vote/6t4vzc,THAT staff be directed to advance the Town Centre Network Strategy in tan dem with updating the Design Criteria Manual to specify road designations and cross - sections to guide new development.
2025-11-25,Regular Council,9,STAFF AND COMMITTEE REPORTS,Main motion,Carried,6,0,1,Judy Dueck,Onyeka Dozie,In favour,In favour,In favour,In favour,In favour,In favour,Absent,Development; Governance & elections,,,,https://pub-mapleridge.escribemeetings.com/filestream.ashx?DocumentId=11551,https://pub-mapleridge.escribemeetings.com/Players/ISIStandAlonePlayer.aspx?Id=095a4e67-adf1-4b55-8e33-7a6fba6bbfa0,https://councilrecord.ca/mapleridge.html#vote/wg698f,THAT the issuance of Multi - Family Development Permit 2025 - 268 - DP for 23697 Fern Crescent be approved.
2025-11-25,Regular Council,9.2,Accessory Dwelling Units Compliance Options,Main motion,Carried,6,0,1,Sunny Schiller,Onyeka Dozie,In favour,In favour,In favour,In favour,In favour,In favour,Absent,Transportation,1 of 2,,,https://pub-mapleridge.escribemeetings.com/filestream.ashx?DocumentId=11551,https://pub-mapleridge.escribemeetings.com/Players/ISIStandAlonePlayer.aspx?Id=095a4e67-adf1-4b55-8e33-7a6fba6bbfa0,https://councilrecord.ca/mapleridge.html#vote/vdkw6r,"THAT the proposed approach outlined in the staff report titled “Pathways for Compliance: Unpermitted Accessory Dwelling Units”, dated Nove mber 18, 2025, to bring unpermitted accessory dwelling units into compliance, be endorsed."
2025-11-25,Regular Council,9.2,Accessory Dwelling Units Compliance Options,Main motion,Carried,6,0,1,Korleen Carreras,Onyeka Dozie,In favour,In favour,In favour,In favour,In favour,In favour,Absent,Housing & density; Governance & elections,2 of 2,,,https://pub-mapleridge.escribemeetings.com/filestream.ashx?DocumentId=11551,https://pub-mapleridge.escribemeetings.com/Players/ISIStandAlonePlayer.aspx?Id=095a4e67-adf1-4b55-8e33-7a6fba6bbfa0,https://councilrecord.ca/mapleridge.html#vote/1k3jh0v,THAT the abeyance of the bylaw enforcement files related to the unlawful or unregistered secondary suites authorized by Council under resolution R/2022 - WS - 018 be lifted.
2025-11-25,Regular Council,9.3,Major Event Development and Attraction Plan Report,Main motion,Carried,6,0,1,Onyeka Dozie,Judy Dueck,In favour,In favour,In favour,In favour,In favour,In favour,Absent,Other,,,,https://pub-mapleridge.escribemeetings.com/filestream.ashx?DocumentId=11551,https://pub-mapleridge.escribemeetings.com/Players/ISIStandAlonePlayer.aspx?Id=095a4e67-adf1-4b55-8e33-7a6fba6bbfa0,https://councilrecord.ca/mapleridge.html#vote/1g3sivh,"THAT Council receive the “Major Events Development and Attraction Plan” dated June 11, 2025, for information"
2025-12-08,Special Council,3.2,Service B ased Budgeting Perspective,Main motion,Carried,5,0,2,Jenny Tan,Sunny Schiller,In favour,In favour,Absent,In favour,In favour,In favour,Absent,Taxes & spending,,,,https://pub-mapleridge.escribemeetings.com/filestream.ashx?DocumentId=11752,https://pub-mapleridge.escribemeetings.com/Players/ISIStandAlonePlayer.aspx?Id=f4125b4f-a9db-4bf4-89f6-4f5d82685090,https://councilrecord.ca/mapleridge.html#vote/yq00qm,"THAT Council receive for information the report titled “Service Based Budgeting Perspective”, dated December 8, 2025."
2025-12-08,Special Council,3.3,Review of 2025 Budget Allocations and Key Results,Main motion,Carried,5,0,2,Judy Dueck,Korleen Carreras,In favour,In favour,Absent,In favour,In favour,In favour,Absent,Taxes & spending,,,,https://pub-mapleridge.escribemeetings.com/filestream.ashx?DocumentId=11752,https://pub-mapleridge.escribemeetings.com/Players/ISIStandAlonePlayer.aspx?Id=f4125b4f-a9db-4bf4-89f6-4f5d82685090,https://councilrecord.ca/mapleridge.html#vote/fclbyk,"THAT Council receive for information the report title d “Review of 2025 Budget Allocations and Key Results”, dated December 8, 2025."
2025-12-08,Special Council,3.4,"Corporate Achievements and Challenges, 2025",Main motion,Carried,5,0,2,Judy Dueck,Jenny Tan,In favour,In favour,Absent,In favour,In favour,In favour,Absent,Other,,,,https://pub-mapleridge.escribemeetings.com/filestream.ashx?DocumentId=11752,https://pub-mapleridge.escribemeetings.com/Players/ISIStandAlonePlayer.aspx?Id=f4125b4f-a9db-4bf4-89f6-4f5d82685090,https://councilrecord.ca/mapleridge.html#vote/1szeecq,"THAT Council receive for information the report titled “Corporate Achievements and Challenges, 202 5”, dated December 8, 2025."
2025-12-08,Special Council,3.5,Break,Main motion,Carried,5,0,2,Jenny Tan,Sunny Schiller,In favour,In favour,Absent,In favour,In favour,In favour,Absent,Taxes & spending,,,,https://pub-mapleridge.escribemeetings.com/filestream.ashx?DocumentId=11752,https://pub-mapleridge.escribemeetings.com/Players/ISIStandAlonePlayer.aspx?Id=f4125b4f-a9db-4bf4-89f6-4f5d82685090,https://councilrecord.ca/mapleridge.html#vote/aq9nlk,"THAT Council send the ""2026 - 2030 Capital Plan Report"" back to Staff to make minor language amendments and incorporate information from the discussion, and bring the amended ""2026 - 2030 Capital Plan"" to the Special Council Meeting on Monday December 15, 2025."
2025-12-08,Special Council,3.7,Enhanced Events for 2026,Main motion,Carried,5,0,2,Korleen Carreras,Sunny Schiller,In favour,In favour,Absent,In favour,In favour,In favour,Absent,Other,1 of 2,,,https://pub-mapleridge.escribemeetings.com/filestream.ashx?DocumentId=11752,https://pub-mapleridge.escribemeetings.com/Players/ISIStandAlonePlayer.aspx?Id=f4125b4f-a9db-4bf4-89f6-4f5d82685090,https://councilrecord.ca/mapleridge.html#vote/xib3io,"THAT Cou ncil receive for information the report titled “Enhanced Events for 2026”, dated December 8, 2025."
2025-12-08,Special Council,3.7,Enhanced Events for 2026,Main motion,Carried,5,0,2,Sunny Schiller,Jenny Tan,In favour,In favour,Absent,In favour,In favour,In favour,Absent,Taxes & spending,2 of 2,,,https://pub-mapleridge.escribemeetings.com/filestream.ashx?DocumentId=11752,https://pub-mapleridge.escribemeetings.com/Players/ISIStandAlonePlayer.aspx?Id=f4125b4f-a9db-4bf4-89f6-4f5d82685090,https://councilrecord.ca/mapleridge.html#vote/1fj2w6w,"THAT Council receive for information th e report titled “2026 - 2030 Operating Budget Overview”, dated December 8, 2025."
2025-12-08,Special Council,3.10,Updated 2026 Operating Budget Overview,Main motion,Carried,5,0,2,Korleen Carreras,Judy Dueck,In favour,In favour,Absent,In favour,In favour,In favour,Absent,Taxes & spending,,,,https://pub-mapleridge.escribemeetings.com/filestream.ashx?DocumentId=11752,https://pub-mapleridge.escribemeetings.com/Players/ISIStandAlonePlayer.aspx?Id=f4125b4f-a9db-4bf4-89f6-4f5d82685090,https://councilrecord.ca/mapleridge.html#vote/1vgz5i1,"T HAT Council approve the One - Time Decision Packages recommended by staff as outlined in the report titled “Updated 2026 - 2030 Operating Budget Overview”, dated December 15, 2025. THAT Council direct staff to continue work on detailed estimates for the 2026 - 2030 Operating Budget and bring forward a report in Q1 2026."
2025-12-09,Regular Council,8,BYLAWS,Main motion,Carried,6,0,1,Jenny Tan,Onyeka Dozie,In favour,In favour,In favour,In favour,In favour,In favour,Absent,Housing & density,,,,https://pub-mapleridge.escribemeetings.com/filestream.ashx?DocumentId=11756,https://pub-mapleridge.escribemeetings.com/Players/ISIStandAlonePlayer.aspx?Id=5b5c80c3-d4af-42fd-a3ab-2a7faea20083,https://councilrecord.ca/mapleridge.html#vote/1c2rvpf,THAT Housing Agreement Bylaw No. 8047 - 2025 be adopted.
2025-12-09,Regular Council,8,BYLAWS,Main motion,Carried,6,0,1,Sunny Schiller,Onyeka Dozie,In favour,In favour,In favour,In favour,In favour,In favour,Absent,Other,,,,https://pub-mapleridge.escribemeetings.com/filestream.ashx?DocumentId=11756,https://pub-mapleridge.escribemeetings.com/Players/ISIStandAlonePlayer.aspx?Id=5b5c80c3-d4af-42fd-a3ab-2a7faea20083,https://councilrecord.ca/mapleridge.html#vote/1wsdlsm,THAT Zone Amending Bylaw No. 8034 - 2025 be adopted.
2025-12-09,Regular Council,8,BYLAWS,Main motion,Carried,6,0,1,Judy Dueck,Onyeka Dozie,In favour,In favour,In favour,In favour,In favour,In favour,Absent,Neighbourhood character,,,,https://pub-mapleridge.escribemeetings.com/filestream.ashx?DocumentId=11756,https://pub-mapleridge.escribemeetings.com/Players/ISIStandAlonePlayer.aspx?Id=5b5c80c3-d4af-42fd-a3ab-2a7faea20083,https://councilrecord.ca/mapleridge.html#vote/1bsuih9,"THAT Maple Ridge Street Naming (Lot A, Section 33, Township 12, New Westminster District Plan EPP133356) Bylaw No. 8085 - 2025 be given first, second, and third reading."
2025-12-09,Regular Council,8,BYLAWS,Main motion,Carried,6,0,1,Sunny Schiller,Korleen Carreras,In favour,In favour,In favour,In favour,In favour,In favour,Absent,Governance & elections,,,,https://pub-mapleridge.escribemeetings.com/filestream.ashx?DocumentId=11756,https://pub-mapleridge.escribemeetings.com/Players/ISIStandAlonePlayer.aspx?Id=5b5c80c3-d4af-42fd-a3ab-2a7faea20083,https://councilrecord.ca/mapleridge.html#vote/1u1sd73,THAT the requirement for a Development Information Meeting in accordance with Council Policy 6.20 be waived.
2025-12-09,Regular Council,8,BYLAWS,Main motion,Carried,6,0,1,Onyeka Dozie,Judy Dueck,In favour,In favour,In favour,In favour,In favour,In favour,Absent,Housing & density; Development,,,,https://pub-mapleridge.escribemeetings.com/filestream.ashx?DocumentId=11756,https://pub-mapleridge.escribemeetings.com/Players/ISIStandAlonePlayer.aspx?Id=5b5c80c3-d4af-42fd-a3ab-2a7faea20083,https://councilrecord.ca/mapleridge.html#vote/v8uari,THAT Official Community Plan Amending Bylaw No. 8039 - 2025 be given first reading
2025-12-09,Regular Council,8,BYLAWS,Main motion,Carried,6,0,1,Onyeka Dozie,Sunny Schiller,In favour,In favour,In favour,In favour,In favour,In favour,Absent,Other,,,,https://pub-mapleridge.escribemeetings.com/filestream.ashx?DocumentId=11756,https://pub-mapleridge.escribemeetings.com/Players/ISIStandAlonePlayer.aspx?Id=5b5c80c3-d4af-42fd-a3ab-2a7faea20083,https://councilrecord.ca/mapleridge.html#vote/1cyp65h,"THAT in accordance with Section 475 and 476 of the Local Government Act , RSBC 2015, c. 1, Council direct staff to proceed with the consultation strategy as outlined in the Staff report d ated November 25, 2025, for Official Community Plan Amending Bylaw No. 8039 - 2025. THAT an opportunity for early and ongoing consultation be provided by way of posting Official Community Plan Amending Bylaw No. 8039 - 2025 on the City’s website, and Council c onsiders holding a Public Hearing on the Bylaw to be sufficient consultation. THAT in accordance with Section 477 of the Local Government Act , RSBC 2015, c. 1, Council considers the Official Community Plan Amending Bylaw No. 8039 - 2025 consistent with the City’s Capital Expenditure Plan and Waste Management Plan."
2025-12-09,Regular Council,8,BYLAWS,Main motion,Carried,6,0,1,Onyeka Dozie,Korleen Carreras,In favour,In favour,In favour,In favour,In favour,In favour,Absent,Housing & density; Development,,,,https://pub-mapleridge.escribemeetings.com/filestream.ashx?DocumentId=11756,https://pub-mapleridge.escribemeetings.com/Players/ISIStandAlonePlayer.aspx?Id=5b5c80c3-d4af-42fd-a3ab-2a7faea20083,https://councilrecord.ca/mapleridge.html#vote/ohvzbx,THAT Official Community Plan Amending Bylaw No. 8039 - 2025 be given second reading and forwarded to Public Hearing.
2025-12-09,Regular Council,8,BYLAWS,Main motion,Carried,6,0,1,Onyeka Dozie,Jenny Tan,In favour,In favour,In favour,In favour,In favour,In favour,Absent,Other,,,,https://pub-mapleridge.escribemeetings.com/filestream.ashx?DocumentId=11756,https://pub-mapleridge.escribemeetings.com/Players/ISIStandAlonePlayer.aspx?Id=5b5c80c3-d4af-42fd-a3ab-2a7faea20083,https://councilrecord.ca/mapleridge.html#vote/higyuc,"THAT Zone Amending Bylaw No. 8040 - 2025 be given first and second reading and forwarded to a Public Hearing; and T HAT staff be directed to work with the applicant to address the outstanding terms and conditions pertaining to Zone Amending Bylaw No. 8040 - 2025 as outlined in the Staff report dated November 25, 2025, and any others as identified by Council, prior to reco mmending bylaw adoption."
2025-12-09,Regular Council,8.4,Further Consolidation of Fees and Charges,Main motion,Carried,6,0,1,Onyeka Dozie,Sunny Schiller,In favour,In favour,In favour,In favour,In favour,In favour,Absent,Taxes & spending,,,,https://pub-mapleridge.escribemeetings.com/filestream.ashx?DocumentId=11756,https://pub-mapleridge.escribemeetings.com/Players/ISIStandAlonePlayer.aspx?Id=5b5c80c3-d4af-42fd-a3ab-2a7faea20083,https://councilrecord.ca/mapleridge.html#vote/gv05xj,"THAT the following amending bylaws for fees and charges be given first, second and third reading - Maple Ridge Fees and Charges Amending Bylaw No. 8082 - 2025 - Maple Ridge Fees and Char ges Amending Bylaw No. 8084 - 2025."
2025-12-09,Regular Council,8.5,Amendments Relating to Consolidation of Fees and Charges,Main motion,Carried,6,0,1,Judy Dueck,Onyeka Dozie,In favour,In favour,In favour,In favour,In favour,In favour,Absent,Taxes & spending; Governance & elections,1 of 2,,,https://pub-mapleridge.escribemeetings.com/filestream.ashx?DocumentId=11756,https://pub-mapleridge.escribemeetings.com/Players/ISIStandAlonePlayer.aspx?Id=5b5c80c3-d4af-42fd-a3ab-2a7faea20083,https://councilrecord.ca/mapleridge.html#vote/esicax,"THAT the following bylaws be given first, second and third reading to amend source bylaws following fees consolidation already approved by Council: - Board of Variance Amending Bylaw No. 7994 - 2024 - Building Amending Bylaw No. 8067 - 2025 - Drinking Water Conservation Plan Amending Bylaw No. 8068 - 2025 - Highway and Traffic Amending Bylaw No. 8069 - 2025 - Soil Removal Amending Bylaw No. 8070 - 2025 - Watercours e Protection Amending Bylaw No. 8071 - 2025"
2025-12-09,Regular Council,8.5,Amendments Relating to Consolidation of Fees and Charges,Main motion,Carried,6,0,1,Sunny Schiller,Onyeka Dozie,In favour,In favour,In favour,In favour,In favour,In favour,Absent,Taxes & spending,2 of 2,,,https://pub-mapleridge.escribemeetings.com/filestream.ashx?DocumentId=11756,https://pub-mapleridge.escribemeetings.com/Players/ISIStandAlonePlayer.aspx?Id=5b5c80c3-d4af-42fd-a3ab-2a7faea20083,https://councilrecord.ca/mapleridge.html#vote/b3wwfc,"THAT the following bylaws be given first, second and third reading to repeal fees now consolidated into the Maple Ridge Fees and Charges Bylaw No.7575 - 2019: - Fee Imposition Pavement Restoration Repeal Bylaw No. 8062 - 2025 - Miscellaneous Finance Fees and Charges Repeal Bylaw No. 8063 - 2025 - Police Services Fees Repeal Bylaw No. 8064 - 2025 - Zoning and Land Use Contract Applications Fee Repeal Bylaw No. 8066 - 2025 - Waterworks Rates and Regulations Repeal Bylaw No. 8065 - 2025 - Sewer Parcel Tax Repeal Bylaw No. 8086 - 2025"
2025-12-09,Regular Council,8.6,Lougheed Transit Corrido r Area Plan Official Community Plan Amending Bylaw No. 7781 - 2021,Main motion,Carried,6,0,1,Onyeka Dozie,Jenny Tan,In favour,In favour,In favour,In favour,In favour,In favour,Absent,Housing & density; Development; Transportation,1 of 2,,,https://pub-mapleridge.escribemeetings.com/filestream.ashx?DocumentId=11756,https://pub-mapleridge.escribemeetings.com/Players/ISIStandAlonePlayer.aspx?Id=5b5c80c3-d4af-42fd-a3ab-2a7faea20083,https://councilrecord.ca/mapleridge.html#vote/1htq636,"THAT in accordance with Sections 475 and 476 of the Local Government Act , RSBC 2015, c. 1, Council confirms that the opportunity for early and on - going consultation has been prov ided by way of posting Official Community Plan Amending Bylaw No. 7781 - 2021 on the City’s website, through the formal referral process with external interest holders and agencies, and by holding a Public Hearing on the bylaw. THAT in accordance with Sectio n 477 of the Local Government Act , RSBC 2015, C. 1, Council considers Official Community Plan Amending Bylaw No. 7781 - 2021 to be consistent with the City’s Capital Expenditure Plan and Waste Management Plan."
2025-12-09,Regular Council,8.6,Lougheed Transit Corrido r Area Plan Official Community Plan Amending Bylaw No. 7781 - 2021,Main motion,Carried,6,0,1,Sunny Schiller,Korleen Carreras,In favour,In favour,In favour,In favour,In favour,In favour,Absent,Housing & density; Development; Transportation,2 of 2,,,https://pub-mapleridge.escribemeetings.com/filestream.ashx?DocumentId=11756,https://pub-mapleridge.escribemeetings.com/Players/ISIStandAlonePlayer.aspx?Id=5b5c80c3-d4af-42fd-a3ab-2a7faea20083,https://councilrecord.ca/mapleridge.html#vote/nqkxj8,"THAT Official Community Plan Amending Bylaw No. 7781 - 2021, as amended, be given second reading and forwarded to Public Hearing; and THAT staff be directed to accept and process ne w development applications and pre - application meetings within the Lougheed Transit Corridor Area."
2025-12-09,Regular Council,8.7,Off - Street Parking and Loading Bylaw No. 7970 - 2023,Main motion,Carried,6,0,1,Sunny Schiller,Judy Dueck,In favour,In favour,In favour,In favour,In favour,In favour,Absent,Transportation,,,,https://pub-mapleridge.escribemeetings.com/filestream.ashx?DocumentId=11756,https://pub-mapleridge.escribemeetings.com/Players/ISIStandAlonePlayer.aspx?Id=5b5c80c3-d4af-42fd-a3ab-2a7faea20083,https://councilrecord.ca/mapleridge.html#vote/1qsgtv7,"THAT Maple Ridge Off - Street Parking and Loading Bylaw No. 7970 - 2023, as amended, be given third reading."
2025-12-09,Regular Council,8.8,Development Procedures Bylaw No. 8081 - 2025,Main motion,Carried,6,0,1,Jenny Tan,Judy Dueck,In favour,In favour,In favour,In favour,In favour,In favour,Absent,Development; Governance & elections,,,,https://pub-mapleridge.escribemeetings.com/filestream.ashx?DocumentId=11756,https://pub-mapleridge.escribemeetings.com/Players/ISIStandAlonePlayer.aspx?Id=5b5c80c3-d4af-42fd-a3ab-2a7faea20083,https://councilrecord.ca/mapleridge.html#vote/1h4njll,"THAT Maple Ridge Development Procedures Bylaw No. 8081 - 2025 be given first, second and third reading."
2025-12-09,Regular Council,9,STAFF AND COMMITTEE REPORTS,Main motion,Carried,6,0,1,Judy Dueck,Onyeka Dozie,In favour,In favour,In favour,In favour,In favour,In favour,Absent,Business & economy; Governance & elections,,,,https://pub-mapleridge.escribemeetings.com/filestream.ashx?DocumentId=11756,https://pub-mapleridge.escribemeetings.com/Players/ISIStandAlonePlayer.aspx?Id=5b5c80c3-d4af-42fd-a3ab-2a7faea20083,https://councilrecord.ca/mapleridge.html#vote/uu9eq9,THAT Council direct staff to bring forward for consideration hosting Our Neck of the Woods as part of the 2026 - 2030 Business Plan.
2025-12-09,Regular Council,9,STAFF AND COMMITTEE REPORTS,Main motion,Carried,6,0,1,Sunny Schiller,Jenny Tan,In favour,In favour,In favour,In favour,In favour,In favour,Absent,Development; Governance & elections,,,,https://pub-mapleridge.escribemeetings.com/filestream.ashx?DocumentId=11756,https://pub-mapleridge.escribemeetings.com/Players/ISIStandAlonePlayer.aspx?Id=5b5c80c3-d4af-42fd-a3ab-2a7faea20083,https://councilrecord.ca/mapleridge.html#vote/geuxt7,THAT the issuance of Town Ce ntre Development Permit 2024 - 228 - DP for 12011 223 Street be approved.
2025-12-09,Regular Council,9.3,A Bylaw to repeal Zoning Bylaw No. 3510 – 1985,Main motion,Carried,6,0,1,Korleen Carreras,Onyeka Dozie,In favour,In favour,In favour,In favour,In favour,In favour,Absent,Development,,,,https://pub-mapleridge.escribemeetings.com/filestream.ashx?DocumentId=11756,https://pub-mapleridge.escribemeetings.com/Players/ISIStandAlonePlayer.aspx?Id=5b5c80c3-d4af-42fd-a3ab-2a7faea20083,https://councilrecord.ca/mapleridge.html#vote/1luj6p1,"THAT Council approve the Low income Cut off (LICO) scale used by Statistics Canada, as the assessment tool to increase the number of residents eligible for Financial Access and Financial Support for Recreat ional services."
2025-12-09,Regular Council,9.5,Financial Access and Support for Recreation (Policy),Main motion,Carried,6,0,1,Onyeka Dozie,Jenny Tan,In favour,In favour,In favour,In favour,In favour,In favour,Absent,Parks & recreation,,,,https://pub-mapleridge.escribemeetings.com/filestream.ashx?DocumentId=11756,https://pub-mapleridge.escribemeetings.com/Players/ISIStandAlonePlayer.aspx?Id=5b5c80c3-d4af-42fd-a3ab-2a7faea20083,https://councilrecord.ca/mapleridge.html#vote/17ziug1,THAT the Financial Access and Support for Recreation Policy 4.34 be adopted
2025-12-16,Regular Council,7,CONSENT AGENDA,Main motion,Carried,5,0,2,Onyeka Dozie,Korleen Carreras,In favour,In favour,In favour,In favour,Absent,In favour,Absent,Development,,,,https://pub-mapleridge.escribemeetings.com/filestream.ashx?DocumentId=11751,https://pub-mapleridge.escribemeetings.com/Players/ISIStandAlonePlayer.aspx?Id=ef35fc23-de53-420b-87a4-78bf27125288,https://councilrecord.ca/mapleridge.html#vote/14t6i2j,"THAT the issuance of Development Permit 2025 - 197 - VP, as amended, for 22366 - 119 Avenue be approved."
2025-12-16,Regular Council,8,BYLAWS,Main motion,Carried,5,0,2,Korleen Carreras,Onyeka Dozie,In favour,In favour,In favour,In favour,Absent,In favour,Absent,Neighbourhood character,,,,https://pub-mapleridge.escribemeetings.com/filestream.ashx?DocumentId=11751,https://pub-mapleridge.escribemeetings.com/Players/ISIStandAlonePlayer.aspx?Id=ef35fc23-de53-420b-87a4-78bf27125288,https://councilrecord.ca/mapleridge.html#vote/a87omk,"THAT Maple Ridge Street Naming (Lot A, Section 33, Township 12, New Westminster District Plan EPP133356) Bylaw No. 8085 - 2025 be adopted."
2025-12-16,Regular Council,8.2,Further Consolidation of Fees and Charges,Main motion,Carried,5,0,2,Korleen Carreras,Onyeka Dozie,In favour,In favour,In favour,In favour,Absent,In favour,Absent,Taxes & spending,,,,https://pub-mapleridge.escribemeetings.com/filestream.ashx?DocumentId=11751,https://pub-mapleridge.escribemeetings.com/Players/ISIStandAlonePlayer.aspx?Id=ef35fc23-de53-420b-87a4-78bf27125288,https://councilrecord.ca/mapleridge.html#vote/1tnz34i,THAT the following amending bylaws for fees and charges be adopted. - Maple Ridge Fees and Charges Amending Bylaw No. 8082 - 2025 - Maple Ridge Fees and Charges Amending Bylaw No. 8084 - 2025.
2025-12-16,Regular Council,8.3,Amendments Relating to Consolidation of Fees and Charges,Main motion,Carried,5,0,2,Onyeka Dozie,Jenny Tan,In favour,In favour,In favour,In favour,Absent,In favour,Absent,Taxes & spending; Governance & elections,1 of 2,,,https://pub-mapleridge.escribemeetings.com/filestream.ashx?DocumentId=11751,https://pub-mapleridge.escribemeetings.com/Players/ISIStandAlonePlayer.aspx?Id=ef35fc23-de53-420b-87a4-78bf27125288,https://councilrecord.ca/mapleridge.html#vote/pp2e5g,"THAT the following bylaws be adopted to amend source bylaws following fees consolidation already approved by Council: - Board of Variance Amending Bylaw No. 7994 - 2024 - Building Amending Bylaw No. 8067 - 2025 - Drinking Water Conservation Plan Amending Bylaw No. 8068 - 2025 - Highway and Traffic Amending Bylaw No. 8069 - 2025 - Soil Removal Amending Bylaw No. 8070 - 2025 - Watercourse Protection Amending Bylaw No. 8071 - 2025 Absent ( 2): Councillor Schiller, and Councillor Yousef"
2025-12-16,Regular Council,8.3,Amendments Relating to Consolidation of Fees and Charges,Main motion,Carried,5,0,2,Onyeka Dozie,Jenny Tan,In favour,In favour,In favour,In favour,Absent,In favour,Absent,Taxes & spending,2 of 2,,,https://pub-mapleridge.escribemeetings.com/filestream.ashx?DocumentId=11751,https://pub-mapleridge.escribemeetings.com/Players/ISIStandAlonePlayer.aspx?Id=ef35fc23-de53-420b-87a4-78bf27125288,https://councilrecord.ca/mapleridge.html#vote/t9t63g,THAT the following bylaws be adopted to repeal fees now consolidated into the Maple Ridge Fees and Charges Bylaw No.7575 - 2019: - Fee Imposition Pavement Restoration Repeal Bylaw No. 8062 - 2025 - Miscellaneous Finance Fees and Charges Repeal Bylaw No. 8063 - 2025 - Police Services Fees Repeal Bylaw No. 8064 - 2025 - Zoning and Land Use Contract Applications Fee Repeal Bylaw No . 8066 - 2025 - Waterworks Rates and Regulations Repeal Bylaw No. 8065 - 2025 - Sewer Parcel Tax Repeal Bylaw No. 8086 - 2025
2025-12-16,Regular Council,8.4,Off - Street Parking and Loading Bylaw No. 7970 - 2023,Main motion,Carried,5,0,2,Onyeka Dozie,Korleen Carreras,In favour,In favour,In favour,In favour,Absent,In favour,Absent,Transportation,,,,https://pub-mapleridge.escribemeetings.com/filestream.ashx?DocumentId=11751,https://pub-mapleridge.escribemeetings.com/Players/ISIStandAlonePlayer.aspx?Id=ef35fc23-de53-420b-87a4-78bf27125288,https://councilrecord.ca/mapleridge.html#vote/h440x1,THAT Maple Ridge Off - Street Parking and Loading Bylaw No. 7970 - 2023 be adopted.
2025-12-16,Regular Council,8.5,Development Procedures Bylaw No. 8081 - 2025,Main motion,Carried,5,0,2,Korleen Carreras,Onyeka Dozie,In favour,In favour,In favour,In favour,Absent,In favour,Absent,Development; Governance & elections,1 of 2,,,https://pub-mapleridge.escribemeetings.com/filestream.ashx?DocumentId=11751,https://pub-mapleridge.escribemeetings.com/Players/ISIStandAlonePlayer.aspx?Id=ef35fc23-de53-420b-87a4-78bf27125288,https://councilrecord.ca/mapleridge.html#vote/kw5qhv,THAT Maple Ridge Developme nt Procedures Bylaw No. 8081 - 2025 be adopted.
2025-12-16,Regular Council,8.5,Development Procedures Bylaw No. 8081 - 2025,Main motion,Carried,5,0,2,Onyeka Dozie,Jenny Tan,In favour,In favour,In favour,In favour,Absent,In favour,Absent,Development; Governance & elections,2 of 2,,,https://pub-mapleridge.escribemeetings.com/filestream.ashx?DocumentId=11751,https://pub-mapleridge.escribemeetings.com/Players/ISIStandAlonePlayer.aspx?Id=ef35fc23-de53-420b-87a4-78bf27125288,https://councilrecord.ca/mapleridge.html#vote/18nr0wf,THAT the Minor Development Variance Permit Assessment Guidelines Assessmen t Policy No. 6.39 be adopted.
2025-12-16,Regular Council,9.1,Financial Access and Support for Recreation Policy,Main motion,Carried,5,0,2,Onyeka Dozie,Jenny Tan,In favour,In favour,In favour,In favour,Absent,In favour,Absent,Parks & recreation; Governance & elections,,,,https://pub-mapleridge.escribemeetings.com/filestream.ashx?DocumentId=11751,https://pub-mapleridge.escribemeetings.com/Players/ISIStandAlonePlayer.aspx?Id=ef35fc23-de53-420b-87a4-78bf27125288,https://councilrecord.ca/mapleridge.html#vote/oudg08,"THAT Council repeal the December 9, 2025, resolution number R/2025 - CM - 347; and THAT the Financial Access and Support for Recreation Policy 4.35 be adopted."
2025-12-16,Regular Council,9.3,Request for Concurrence for Communications Antenna Structure Proposed for,Main motion,Carried,5,0,2,Onyeka Dozie,Jenny Tan,In favour,In favour,In favour,In favour,Absent,In favour,Absent,Governance & elections,,,,https://pub-mapleridge.escribemeetings.com/filestream.ashx?DocumentId=11751,https://pub-mapleridge.escribemeetings.com/Players/ISIStandAlonePlayer.aspx?Id=ef35fc23-de53-420b-87a4-78bf27125288,https://councilrecord.ca/mapleridge.html#vote/1avilg6,THAT Council direct staff to provide TELUS with a letter of siting concurrence by City of Maple Ridge Council for the communications antenna structure proposed for 21903 – 128 Avenue.
2025-12-16,Regular Council,9.4,Council Expense Policy,Main motion,Carried,5,0,2,Onyeka Dozie,Korleen Carreras,In favour,In favour,In favour,In favour,Absent,In favour,Absent,Taxes & spending; Governance & elections,1 of 2,,,https://pub-mapleridge.escribemeetings.com/filestream.ashx?DocumentId=11751,https://pub-mapleridge.escribemeetings.com/Players/ISIStandAlonePlayer.aspx?Id=ef35fc23-de53-420b-87a4-78bf27125288,https://councilrecord.ca/mapleridge.html#vote/12fcuba,"THAT on the recommendation of the Audit & Finance Committee, Council Expense Policy 3.07, as amended, be adopted."
2025-12-16,Regular Council,9.4,Council Expense Policy,Main motion,Carried,5,0,2,Onyeka Dozie,Korleen Carreras,In favour,In favour,In favour,In favour,Absent,In favour,Absent,Parks & recreation,2 of 2,,,https://pub-mapleridge.escribemeetings.com/filestream.ashx?DocumentId=11751,https://pub-mapleridge.escribemeetings.com/Players/ISIStandAlonePlayer.aspx?Id=ef35fc23-de53-420b-87a4-78bf27125288,https://councilrecord.ca/mapleridge.html#vote/1i9peb8,"THAT Council receive the Recreation Facility Feasibility Study, dated October 3, 2025, for information; and THAT Council direct staff to proceed with schematic design for the three recreation infrastructure projects: - Aquatics and Recreation Centre at Hammon d Community Park, - Phase 1 of the Multi - Use Community Park at the current site of the Maple Ridge Golf Course, and - Ice Sheets at Albion Fairgrounds; and THAT Council direct staff to develop the funding strategy for the projects with the aim of mini mizing the impact to taxpayers."
2026-01-06,Special Council,3.1,North 256 Street Industrial Lands Area Plan Official Community Plan Amending Bylaw No. 8087 - 2026,Main motion,Carried,4,0,3,Korleen Carreras,Judy Dueck,In favour,In favour,Absent,In favour,In favour,Absent,Absent,Housing & density; Development; Business & economy,1 of 2,,,https://pub-mapleridge.escribemeetings.com/filestream.ashx?DocumentId=11754,https://pub-mapleridge.escribemeetings.com/Players/ISIStandAlonePlayer.aspx?Id=f3502fd5-d6c9-44b8-afc1-aa68b2e9c26c,https://councilrecord.ca/mapleridge.html#vote/3aq6yw,"THAT in accordance with Sections 475 and 476 of the Local G overnment Act, Council confirms that posting of Official Community Plan Amending Bylaw No. 8087 - 2026 on the City’s website, the consultation strategy as outlined in the staff report dated January 6, 2026, and the holding of a Public Hearing to be sufficien t for early and ongoing consultation on the proposed Bylaw. THAT in accordance with Section 477 of the Local Government Act, Council considers Official Community Plan Amending Bylaw No. 8087 - 2026 to be consistent with the City’s Capital Expenditure Plan and Waste Management Plan."
2026-01-06,Special Council,3.1,North 256 Street Industrial Lands Area Plan Official Community Plan Amending Bylaw No. 8087 - 2026,Main motion,Carried,4,0,3,Korleen Carreras,Sunny Schiller,In favour,In favour,Absent,In favour,In favour,Absent,Absent,Housing & density; Development; Business & economy,2 of 2,,,https://pub-mapleridge.escribemeetings.com/filestream.ashx?DocumentId=11754,https://pub-mapleridge.escribemeetings.com/Players/ISIStandAlonePlayer.aspx?Id=f3502fd5-d6c9-44b8-afc1-aa68b2e9c26c,https://councilrecord.ca/mapleridge.html#vote/s2cs4m,"THAT Official Community Plan Amending Bylaw No. 8087 - 2026, for the North 256 Street Area Plan, be given first and second readings and forwarded to a Public Hearing."
2026-01-13,Regular Council,8.2,Bylaw No. 8056 - 2025 - a Bylaw to Re peal Zoning Bylaw No. 3510 – 1985,Main motion,Carried,6,0,1,,Onyeka Dozie,In favour,In favour,In favour,In favour,In favour,In favour,Absent,Development,,,,https://pub-mapleridge.escribemeetings.com/filestream.ashx?DocumentId=12204,https://pub-mapleridge.escribemeetings.com/Players/ISIStandAlonePlayer.aspx?Id=34b62c10-fa0d-4553-bf89-da27c2061d93,https://councilrecord.ca/mapleridge.html#vote/1msy17f,"THAT Maple Ridge Zoning Bylaw No. 3510 – 1985 Repeal Bylaw No. 8056 - 2025 be given first, second, and third reading."
2026-01-13,Regular Council,9.2,Maple Ridge ACT Update,Main motion,Carried,6,0,1,Onyeka Dozie,Jenny Tan,In favour,In favour,In favour,In favour,In favour,In favour,Absent,Other,,,,https://pub-mapleridge.escribemeetings.com/filestream.ashx?DocumentId=12204,https://pub-mapleridge.escribemeetings.com/Players/ISIStandAlonePlayer.aspx?Id=34b62c10-fa0d-4553-bf89-da27c2061d93,https://councilrecord.ca/mapleridge.html#vote/4055f5,"THAT Council receive the Maple Ridge ACT Update report dated January 13, 2026, for information."
2026-01-27,Special Council,3,GENERAL MATTERS,Main motion,Carried,5,0,2,Korleen Carreras,Jenny Tan,In favour,In favour,Absent,In favour,In favour,In favour,Absent,Public services; Governance & elections,,,,https://pub-mapleridge.escribemeetings.com/filestream.ashx?DocumentId=12126,https://pub-mapleridge.escribemeetings.com/Players/ISIStandAlonePlayer.aspx?Id=1456f068-6a07-4326-a30b-8966cd0312ba,https://councilrecord.ca/mapleridge.html#vote/fd4sen,"THAT Council receive for information the report titled “2025 Year in Review Departmental Updates”, dated January 27, 2026."
2026-01-27,Special Council,4,NOTICE OF CLOSED MEETING,Main motion,Carried,5,0,2,Judy Dueck,Korleen Carreras,In favour,In favour,Absent,In favour,In favour,In favour,Absent,Governance & elections,,,,https://pub-mapleridge.escribemeetings.com/filestream.ashx?DocumentId=12126,https://pub-mapleridge.escribemeetings.com/Players/ISIStandAlonePlayer.aspx?Id=1456f068-6a07-4326-a30b-8966cd0312ba,https://councilrecord.ca/mapleridge.html#vote/az5tbc,"The meeting will be closed to the public pursuant to Sections 90(1) of the Community Charter as the subject matter being considered is re lated to the following: Section 90(1)(l) - discussions with municipal officers and employees respecting municipal objectives, measures and progress reports for the purposes of preparing an annual report under section 98 [annual municipal report]; Any other matter that may be brought before the Council that meets the requirements for a meeting closed to the public pursuant to Sections 90(1) and 90(2) of the Community Charter or Freedom of Information and Protection of Privacy Act."
2026-01-27,Regular Council,8.1,Bylaw No. 8056 - 2025 - a Bylaw to Repeal Zoning Bylaw No. 3510 – 1985,Main motion,Carried,6,0,1,Sunny Schiller,Onyeka Dozie,In favour,In favour,In favour,In favour,In favour,In favour,Absent,Development,1 of 3,,,https://pub-mapleridge.escribemeetings.com/filestream.ashx?DocumentId=12127,https://pub-mapleridge.escribemeetings.com/Players/ISIStandAlonePlayer.aspx?Id=c7c2fb96-68e5-4598-9815-85baba060501,https://councilrecord.ca/mapleridge.html#vote/vdm3xx,THAT Maple Ridge Zoning Bylaw No. 3510 – 1985 Repeal Bylaw No. 8056 - 2025 be adopted.
2026-01-27,Regular Council,8.1,Bylaw No. 8056 - 2025 - a Bylaw to Repeal Zoning Bylaw No. 3510 – 1985,Main motion,Carried,6,0,1,Jenny Tan,Onyeka Dozie,In favour,In favour,In favour,In favour,In favour,In favour,Absent,Development,2 of 3,,,https://pub-mapleridge.escribemeetings.com/filestream.ashx?DocumentId=12127,https://pub-mapleridge.escribemeetings.com/Players/ISIStandAlonePlayer.aspx?Id=c7c2fb96-68e5-4598-9815-85baba060501,https://councilrecord.ca/mapleridge.html#vote/nu2ujo,THAT Maple Ridge Zone Amending Bylaw No. 7762 - 2021 be adopted.
2026-01-27,Regular Council,8.1,Bylaw No. 8056 - 2025 - a Bylaw to Repeal Zoning Bylaw No. 3510 – 1985,Main motion,Carried,6,0,1,Judy Dueck,Onyeka Dozie,In favour,In favour,In favour,In favour,In favour,In favour,Absent,Development,3 of 3,,,https://pub-mapleridge.escribemeetings.com/filestream.ashx?DocumentId=12127,https://pub-mapleridge.escribemeetings.com/Players/ISIStandAlonePlayer.aspx?Id=c7c2fb96-68e5-4598-9815-85baba060501,https://councilrecord.ca/mapleridge.html#vote/1gwvxoe,"THAT Zone Amending Bylaw No. 8083 - 2025 be given first, second, and thir d reading; and THAT staff be directed to work with the applicant to address the outstanding terms and conditions as set out in the January 20, 2026, report, and any other as identified by Council, prior to recommending bylaw adoption; and THAT Council requ ire, as a condition of subdivision approval, the developer to pay to the City an amount that equals 5% of the market value of the land, as determined by an independent appraisal, in lieu of parkland dedication in accordance with Section 510 of the Local Go vernment Act."
2026-01-27,Regular Council,8.4,Officer Delegation of Authority Bylaw and Fundraising Policy 5.61 To outline proposed administrative improvements through a new Officer and,Main motion,Carried,6,0,1,Onyeka Dozie,Judy Dueck,In favour,In favour,In favour,In favour,In favour,In favour,Absent,Housing & density; Development; Governance & elections,1 of 2,,,https://pub-mapleridge.escribemeetings.com/filestream.ashx?DocumentId=12127,https://pub-mapleridge.escribemeetings.com/Players/ISIStandAlonePlayer.aspx?Id=c7c2fb96-68e5-4598-9815-85baba060501,https://councilrecord.ca/mapleridge.html#vote/wh0dv,THAT Official Community Plan Amending Bylaw No. 8039 - 2025 be given third reading.
2026-01-27,Regular Council,8.4,Officer Delegation of Authority Bylaw and Fundraising Policy 5.61 To outline proposed administrative improvements through a new Officer and,Main motion,Carried,6,0,1,Onyeka Dozie,Sunny Schiller,In favour,In favour,In favour,In favour,In favour,In favour,Absent,Governance & elections,2 of 2,,,https://pub-mapleridge.escribemeetings.com/filestream.ashx?DocumentId=12127,https://pub-mapleridge.escribemeetings.com/Players/ISIStandAlonePlayer.aspx?Id=c7c2fb96-68e5-4598-9815-85baba060501,https://councilrecord.ca/mapleridge.html#vote/zktdd7,THAT Maple Ridge Zone Amending Bylaw No. 8040 - 2025 be given third reading.
2026-01-27,Regular Council,8.6,Lougheed Transit Corridor Area Plan Official Community Plan Amending Bylaw No. 7781 - 2021,Main motion,Defeated,3,3,1,Jenny Tan,Sunny Schiller,Against,In favour,Against,Against,In favour,In favour,Absent,Housing & density; Development; Transportation; Parks & recreation,1 of 3,Defeated on a tied vote.,,https://pub-mapleridge.escribemeetings.com/filestream.ashx?DocumentId=12127,https://pub-mapleridge.escribemeetings.com/Players/ISIStandAlonePlayer.aspx?Id=c7c2fb96-68e5-4598-9815-85baba060501,https://councilrecord.ca/mapleridge.html#vote/xepvz5,THAT Council refer the bylaw back to staff to remove Figure 3 - West Ridge Greenway Designs.
2026-01-27,Regular Council,8.6,Lougheed Transit Corridor Area Plan Official Community Plan Amending Bylaw No. 7781 - 2021,Main motion,Carried,6,0,1,Onyeka Dozie,Korleen Carreras,In favour,In favour,In favour,In favour,In favour,In favour,Absent,Housing & density; Development; Transportation,2 of 3,,,https://pub-mapleridge.escribemeetings.com/filestream.ashx?DocumentId=12127,https://pub-mapleridge.escribemeetings.com/Players/ISIStandAlonePlayer.aspx?Id=c7c2fb96-68e5-4598-9815-85baba060501,https://councilrecord.ca/mapleridge.html#vote/bc7zf3,THAT Official Community Plan Amending Bylaw No. 7781 - 2021 be given third reading.
2026-01-27,Regular Council,8.6,Lougheed Transit Corridor Area Plan Official Community Plan Amending Bylaw No. 7781 - 2021,Main motion,Carried,6,0,1,Sunny Schiller,Onyeka Dozie,In favour,In favour,In favour,In favour,In favour,In favour,Absent,Housing & density; Development; Transportation,3 of 3,,,https://pub-mapleridge.escribemeetings.com/filestream.ashx?DocumentId=12127,https://pub-mapleridge.escribemeetings.com/Players/ISIStandAlonePlayer.aspx?Id=c7c2fb96-68e5-4598-9815-85baba060501,https://councilrecord.ca/mapleridge.html#vote/16acbro,THAT Official Community Plan Amending Bylaw No. 7781 - 2021 be adopted.
2026-01-27,Regular Council,8.7,North 256 Street Industrial Lands Area Plan Official Community Plan Amending Bylaw No. 8087 - 2026,Main motion,Carried,5,1,1,Onyeka Dozie,Korleen Carreras,In favour,In favour,In favour,In favour,Against,In favour,Absent,Housing & density; Development; Business & economy,1 of 2,,,https://pub-mapleridge.escribemeetings.com/filestream.ashx?DocumentId=12127,https://pub-mapleridge.escribemeetings.com/Players/ISIStandAlonePlayer.aspx?Id=c7c2fb96-68e5-4598-9815-85baba060501,https://councilrecord.ca/mapleridge.html#vote/1pjiwgl,"THAT Official Community Plan Amending Bylaw No. 8087 - 2026, for the North 256 Street Area Plan be given third reading."
2026-01-27,Regular Council,8.7,North 256 Street Industrial Lands Area Plan Official Community Plan Amending Bylaw No. 8087 - 2026,Main motion,Carried,5,1,1,Judy Dueck,Onyeka Dozie,In favour,In favour,In favour,In favour,Against,In favour,Absent,Housing & density; Development; Business & economy,2 of 2,,,https://pub-mapleridge.escribemeetings.com/filestream.ashx?DocumentId=12127,https://pub-mapleridge.escribemeetings.com/Players/ISIStandAlonePlayer.aspx?Id=c7c2fb96-68e5-4598-9815-85baba060501,https://councilrecord.ca/mapleridge.html#vote/1xzvzyr,"THAT Council direct sta ff to submit a request to amend the regional land use designations and extend the Urban Containment Boundary of the Regional Growth Strategy for the North 256 Street Industrial Lands Area Plan, as shown in Attachment C to the report dated January 6, 2026, titled ""North 256 Street Industrial Lands Area Plan Official Community Plan Amending Bylaw No. 8087 - 2026 "", to the Metro Vancouver Regional District Board for approval. THAT Council direct staff to submit an updated Regional Context Statement, as included as Schedule A of Attachment G to the report dated January 6, 2026, titled ""North 256 Street Industrial Lands Area Plan Official Community Plan Amending Bylaw No. 8087 - 2026 "", reflecting the proposed regional land use designations in the North 256 Street In dustrial Lands Area Plan and associated edits to Chapter 6 - Employment of the Official Community Plan, to the Metro Vancouver Regional District Board for acceptance. THAT Council direct staff to submit a request to amend the Fraser Sewerage Area to inclu de properties eligible for sewerage services within the North 256 Industrial Lands Area Plan as shown in Attachment F to the report dated January 6, 2026, titled ""North 256 Street Industrial Lands Area Plan Official Community Plan Amending Bylaw No. 8087 - 2 026 "", to the Greater Vancouver Sewerage & Drainage District Board for approval."
2026-01-27,Regular Council,9,STAFF AND COMMITTEE REPORTS,Main motion,Carried,5,0,2,Judy Dueck,Sunny Schiller,In favour,In favour,Absent,In favour,In favour,In favour,Absent,Development; Governance & elections,,,,https://pub-mapleridge.escribemeetings.com/filestream.ashx?DocumentId=12127,https://pub-mapleridge.escribemeetings.com/Players/ISIStandAlonePlayer.aspx?Id=c7c2fb96-68e5-4598-9815-85baba060501,https://councilrecord.ca/mapleridge.html#vote/1gmua3u,THAT the issuance of Developm ent Variance Permit 2021 - 023 - VP for 12080 228 Street be approved. THAT the issuance of Development Permit 2021 - 023 - DP for 12080 228 Street be approved.
2026-02-10,Regular Council,7,CONSENT AGENDA,Main motion,Carried,6,0,1,Onyeka Dozie,Korleen Carreras,In favour,In favour,In favour,In favour,In favour,In favour,Absent,Other,,,,https://pub-mapleridge.escribemeetings.com/filestream.ashx?DocumentId=12207,https://pub-mapleridge.escribemeetings.com/Players/ISIStandAlonePlayer.aspx?Id=b408e3c6-832e-4131-b12d-d2948465505f,https://councilrecord.ca/mapleridge.html#vote/1hrmny1,THAT Zone Amending Bylaw No. 7914 - 2023 be abandoned.
2026-02-10,Regular Council,7,CONSENT AGENDA,Main motion,Carried,6,0,1,Onyeka Dozie,Korleen Carreras,In favour,In favour,In favour,In favour,In favour,In favour,Absent,Other,,,,https://pub-mapleridge.escribemeetings.com/filestream.ashx?DocumentId=12207,https://pub-mapleridge.escribemeetings.com/Players/ISIStandAlonePlayer.aspx?Id=b408e3c6-832e-4131-b12d-d2948465505f,https://councilrecord.ca/mapleridge.html#vote/amuwjj,"THAT Zone Amending Bylaw No. 8089 - 2026 be given first, second and third readings; and THAT staff be directed to work with the applicant to address the outstanding terms and conditions as outlined in the Staff report dated February 3, 2026, and any others as identified by Council, prior to recommending bylaw adoption Absent (1 ): Councillor Yousef"
2026-02-10,Regular Council,8.2,Maple Ridge Business Licencing and Regulation Amending Bylaw No. 8091 - Housekeeping amendments to the Maple Ridge Business Licencing and,Main motion,Carried,6,0,1,Sunny Schiller,Onyeka Dozie,In favour,In favour,In favour,In favour,In favour,In favour,Absent,Business & economy; Governance & elections,,,,https://pub-mapleridge.escribemeetings.com/filestream.ashx?DocumentId=12207,https://pub-mapleridge.escribemeetings.com/Players/ISIStandAlonePlayer.aspx?Id=b408e3c6-832e-4131-b12d-d2948465505f,https://councilrecord.ca/mapleridge.html#vote/r0on56,"THAT Maple Ridge Business Licencing and Regulation Amending Bylaw No. 8091 - 2026 to Amend Bylaw 8022 - 2025 be given first, second and third reading."
2026-02-10,Regular Council,8.3,Officer Deleg ation of Authority Bylaw and Fundraising Policy 5.61 To outline proposed administrative improvements through a new Officer and,Main motion,Carried,5,1,1,Judy Dueck,Onyeka Dozie,In favour,Against,In favour,In favour,In favour,In favour,Absent,Governance & elections,,,,https://pub-mapleridge.escribemeetings.com/filestream.ashx?DocumentId=12207,https://pub-mapleridge.escribemeetings.com/Players/ISIStandAlonePlayer.aspx?Id=b408e3c6-832e-4131-b12d-d2948465505f,https://councilrecord.ca/mapleridge.html#vote/1kt3gm3,"THAT Maple Ridge Officer and Delegation of Authority Bylaw No. 8048 - 2025 be given first, second, and third reading; and THAT following adoption of Bylaw No. 8048 - 2025, Council adopt Fundraising Policy 5.61."
2026-02-10,Regular Council,9,STAFF AND COMMITTEE REPORTS,Main motion,Carried,5,1,1,Sunny Schiller,Onyeka Dozie,In favour,In favour,In favour,In favour,Against,In favour,Absent,Development; Business & economy; Governance & elections,,,,https://pub-mapleridge.escribemeetings.com/filestream.ashx?DocumentId=12207,https://pub-mapleridge.escribemeetings.com/Players/ISIStandAlonePlayer.aspx?Id=b408e3c6-832e-4131-b12d-d2948465505f,https://councilrecord.ca/mapleridge.html#vote/xlvqp8,THAT the issuance of Temporary Use Permit 2025 - 196 - CU to allow an accessory Commercial Kennel use at 11781 256 Street be approved.
2026-02-10,Regular Council,9,STAFF AND COMMITTEE REPORTS,Main motion,Carried,5,1,1,Onyeka Dozie,Judy Dueck,In favour,In favour,In favour,In favour,Against,In favour,Absent,Development; Governance & elections,,,,https://pub-mapleridge.escribemeetings.com/filestream.ashx?DocumentId=12207,https://pub-mapleridge.escribemeetings.com/Players/ISIStandAlonePlayer.aspx?Id=b408e3c6-832e-4131-b12d-d2948465505f,https://councilrecord.ca/mapleridge.html#vote/14js6za,THAT the issuance of Development Variance Pe rmit 2025 - 196 - VP for 11781 256 Street be approved.
2026-02-17,Special Council,2,APPROVAL OF THE AGENDA,Main motion,Carried,6,0,1,Sunny Schiller,Jenny Tan,In favour,In favour,In favour,In favour,In favour,In favour,Absent,Other,,,,https://pub-mapleridge.escribemeetings.com/filestream.ashx?DocumentId=12206,https://pub-mapleridge.escribemeetings.com/Players/ISIStandAlonePlayer.aspx?Id=71b59b52-490e-4005-82b4-e80e28342393,https://councilrecord.ca/mapleridge.html#vote/gpfy7o,"THAT the February 17, 2026, Special Council Agenda be ap proved as circulated."
2026-02-17,Special Council,3,GENERAL MATTERS,Main motion,Carried,4,1,2,Judy Dueck,Sunny Schiller,In favour,In favour,Absent,In favour,In favour,Against,Absent,Taxes & spending,1 of 3,,,https://pub-mapleridge.escribemeetings.com/filestream.ashx?DocumentId=12206,https://pub-mapleridge.escribemeetings.com/Players/ISIStandAlonePlayer.aspx?Id=71b59b52-490e-4005-82b4-e80e28342393,https://councilrecord.ca/mapleridge.html#vote/35h871,"THAT Council direct staff to incorporate, into the Financial Plan Bylaw, a 3.5% property tax increase for 2026 and an annual 4.5% property tax increase for 2027 through 203 0."
2026-02-17,Special Council,3,GENERAL MATTERS,Main motion,Carried,4,1,2,Jenny Tan,Sunny Schiller,In favour,In favour,Absent,In favour,Against,In favour,Absent,Taxes & spending,2 of 3,,,https://pub-mapleridge.escribemeetings.com/filestream.ashx?DocumentId=12206,https://pub-mapleridge.escribemeetings.com/Players/ISIStandAlonePlayer.aspx?Id=71b59b52-490e-4005-82b4-e80e28342393,https://councilrecord.ca/mapleridge.html#vote/sjsarj,"THAT ongoing decision packages as listed in “Attachment A – Ongoing Decision Packages” to the report titled ""2026 - 2030 Financial Plan Update"" dated February 17, 2026 in the amount of $706,940 be approved and included in the Financial Plan Bylaw."
2026-02-17,Special Council,3,GENERAL MATTERS,Main motion,Carried,5,0,2,Judy Dueck,Sunny Schiller,In favour,In favour,Absent,In favour,In favour,In favour,Absent,Taxes & spending,3 of 3,,,https://pub-mapleridge.escribemeetings.com/filestream.ashx?DocumentId=12206,https://pub-mapleridge.escribemeetings.com/Players/ISIStandAlonePlayer.aspx?Id=71b59b52-490e-4005-82b4-e80e28342393,https://councilrecord.ca/mapleridge.html#vote/19khh6m,THAT staff be directed to undertake community engagement on the proposed 2026 - 2030 Financial Plan.
2026-02-17,Special Council,4,NOTICE OF CLOSED MEETING,Main motion,Carried,5,0,2,Korleen Carreras,Judy Dueck,In favour,In favour,Absent,In favour,In favour,In favour,Absent,Other,,,,https://pub-mapleridge.escribemeetings.com/filestream.ashx?DocumentId=12206,https://pub-mapleridge.escribemeetings.com/Players/ISIStandAlonePlayer.aspx?Id=71b59b52-490e-4005-82b4-e80e28342393,https://councilrecord.ca/mapleridge.html#vote/ylkelq,"The meeting will be closed to the public pursuant to Sections 90(1) of the Community Charter as the subject matter being considered is related to the following:  Section 90(1)(b) - personal information about an identifiable individual who is being considered for a municipal award or honour, or who has offered to provide a gift to the municipality on condition of anonymity;  Section 90(1)(c) - labour relations or other emplo yee relations;  Section 90(1)(e) - the acquisition, disposition or expropriation of land or improvements, if the council considers that disclosure could reasonably be expected to harm the interests of the municipality;  Section 90(1)(l) - discussions with mu nicipal officers and employees respecting municipal objectives, measures and progress reports for the purposes of preparing an annual report under section 98 [annual municipal report]; Any other matter that may be brought before the Council that meets the requirements for a meeting closed to the public pursuant to Sections 90(1) and 90(2) of the Community Charter or Freedom of Information and Protection of Privacy Act."
2026-02-24,Regular Council,8.1,Maple Ridge Business Licencing and Regulation Amending Bylaw No. 8091 - Housekeeping amendments to the Maple Ridge Business Licencing and,Main motion,Carried,6,0,1,Judy Dueck,Jenny Tan,In favour,In favour,In favour,In favour,In favour,In favour,Absent,Business & economy; Governance & elections,,,,https://pub-mapleridge.escribemeetings.com/filestream.ashx?DocumentId=12308,https://pub-mapleridge.escribemeetings.com/Players/ISIStandAlonePlayer.aspx?Id=754f3640-45c5-4128-a192-6e666da0b509,https://councilrecord.ca/mapleridge.html#vote/n0u9tr,THAT Maple Ridge Business Licencing and Regulation Amending Bylaw No. 8091 - 2026 to Amend Bylaw 8022 - 2025 be adopted.
2026-02-24,Regular Council,8.2,Officer Delegation of Authority Bylaw and Fundraising Policy 5.61 To outline proposed administrative improvements through a new Officer and,Main motion,Carried,5,1,1,Onyeka Dozie,Sunny Schiller,In favour,Against,In favour,In favour,In favour,In favour,Absent,Governance & elections,1 of 2,,,https://pub-mapleridge.escribemeetings.com/filestream.ashx?DocumentId=12308,https://pub-mapleridge.escribemeetings.com/Players/ISIStandAlonePlayer.aspx?Id=754f3640-45c5-4128-a192-6e666da0b509,https://councilrecord.ca/mapleridge.html#vote/5g4dbs,THAT Maple Ridge Officer and Delegation of Authority Bylaw No. 8048 - 2025 be adopted.
2026-02-24,Regular Council,8.2,Officer Delegation of Authority Bylaw and Fundraising Policy 5.61 To outline proposed administrative improvements through a new Officer and,Main motion,Carried,6,0,1,Judy Dueck,Korleen Carreras,In favour,In favour,In favour,In favour,In favour,In favour,Absent,Governance & elections,2 of 2,,,https://pub-mapleridge.escribemeetings.com/filestream.ashx?DocumentId=12308,https://pub-mapleridge.escribemeetings.com/Players/ISIStandAlonePlayer.aspx?Id=754f3640-45c5-4128-a192-6e666da0b509,https://councilrecord.ca/mapleridge.html#vote/1yw651v,THAT Council adopt Fundraising Policy 5.61.
2026-02-24,Regular Council,8.3,RCMP Cost - Share Agreement Repeal Bylaw,Main motion,Carried,6,0,1,Onyeka Dozie,Korleen Carreras,In favour,In favour,In favour,In favour,In favour,In favour,Absent,Taxes & spending; Environment & climate; Public services,,,,https://pub-mapleridge.escribemeetings.com/filestream.ashx?DocumentId=12308,https://pub-mapleridge.escribemeetings.com/Players/ISIStandAlonePlayer.aspx?Id=754f3640-45c5-4128-a192-6e666da0b509,https://councilrecord.ca/mapleridge.html#vote/kutfzh,"THAT Maple Ridge and Pitt Meadows Municipal Support Services Agreement Repeal Bylaw No. 8094 - 2026 be given first, second and third reading."
2026-02-24,Regular Council,9.1,Maple Ridge and Pitt Meadows Agriculture Association Request for Additional Funding,Main motion,Carried,6,0,1,Sunny Schiller,Korleen Carreras,In favour,In favour,In favour,In favour,In favour,In favour,Absent,Taxes & spending; Environment & climate; Parks & recreation; Business & economy,1 of 2,,,https://pub-mapleridge.escribemeetings.com/filestream.ashx?DocumentId=12308,https://pub-mapleridge.escribemeetings.com/Players/ISIStandAlonePlayer.aspx?Id=754f3640-45c5-4128-a192-6e666da0b509,https://councilrecord.ca/mapleridge.html#vote/1wk55f,"THAT Council approve a 1 year 2% increase to the Operating Funds for the Maple Ridge and Pitt Meadows Agriculture Association Agreement effective January 1, 2026, to December 31, 2026, while the City reviews the granting process for community groups."
2026-02-24,Regular Council,9.1,Maple Ridge and Pitt Meadows Agriculture Association Request for Additional Funding,Main motion,Carried,6,0,1,Korleen Carreras,Judy Dueck,In favour,In favour,In favour,In favour,In favour,In favour,Absent,Taxes & spending; Environment & climate; Parks & recreation; Business & economy,2 of 2,,,https://pub-mapleridge.escribemeetings.com/filestream.ashx?DocumentId=12308,https://pub-mapleridge.escribemeetings.com/Players/ISIStandAlonePlayer.aspx?Id=754f3640-45c5-4128-a192-6e666da0b509,https://councilrecord.ca/mapleridge.html#vote/g0u7k7,"THAT Council approve a one - time as k of $19,750 for 2026 to support Maple Ridge and Pitt Meadows Agriculture Association’s 125th Anniversary celebration."
2026-02-24,Regular Council,9.2,Update on the Council Strategic Plan for Q4 2025,Main motion,Carried,6,0,1,Onyeka Dozie,Sunny Schiller,In favour,In favour,In favour,In favour,In favour,In favour,Absent,Governance & elections,,,,https://pub-mapleridge.escribemeetings.com/filestream.ashx?DocumentId=12308,https://pub-mapleridge.escribemeetings.com/Players/ISIStandAlonePlayer.aspx?Id=754f3640-45c5-4128-a192-6e666da0b509,https://councilrecord.ca/mapleridge.html#vote/13vs80q,"THAT Council approve the report titled “Update on the Council Strategic Plan for Q4 2025”, dated Feb ruary 17, 2026."
2026-03-10,Regular Council,8.1,RCMP Cost - Share Agreement Repeal Bylaw,Main motion,Carried,6,0,1,Judy Dueck,Onyeka Dozie,In favour,In favour,In favour,In favour,In favour,In favour,Absent,Taxes & spending; Environment & climate; Public services,1 of 3,,,https://pub-mapleridge.escribemeetings.com/filestream.ashx?DocumentId=13195,https://pub-mapleridge.escribemeetings.com/Players/ISIStandAlonePlayer.aspx?Id=58fe20ec-5c31-4343-9948-646628d4ba43,https://councilrecord.ca/mapleridge.html#vote/ovkfui,THAT Maple Ridge and Pitt Meadows Municipal Support Services Agreement Repeal Bylaw No. 8094 - 2026 be adopted.
2026-03-10,Regular Council,8.1,RCMP Cost - Share Agreement Repeal Bylaw,Main motion,Carried,6,0,1,Korleen Carreras,Onyeka Dozie,In favour,In favour,In favour,In favour,In favour,In favour,Absent,Housing & density; Development; Taxes & spending; Public services,2 of 3,,,https://pub-mapleridge.escribemeetings.com/filestream.ashx?DocumentId=13195,https://pub-mapleridge.escribemeetings.com/Players/ISIStandAlonePlayer.aspx?Id=58fe20ec-5c31-4343-9948-646628d4ba43,https://councilrecord.ca/mapleridge.html#vote/13qrhww,THA T Official Community Plan Amending Bylaw No. 7997 - 2024 be adopted.
2026-03-10,Regular Council,8.1,RCMP Cost - Share Agreement Repeal Bylaw,Main motion,Carried,6,0,1,Onyeka Dozie,Korleen Carreras,In favour,In favour,In favour,In favour,In favour,In favour,Absent,Taxes & spending; Public services,3 of 3,,,https://pub-mapleridge.escribemeetings.com/filestream.ashx?DocumentId=13195,https://pub-mapleridge.escribemeetings.com/Players/ISIStandAlonePlayer.aspx?Id=58fe20ec-5c31-4343-9948-646628d4ba43,https://councilrecord.ca/mapleridge.html#vote/y156iu,THAT Zone Amending Bylaw No. 7778 - 2021 be adopted.
2026-03-10,Regular Council,9,STAFF AND COMMITTEE REPORTS,Main motion,Carried,6,0,1,Sunny Schiller,Onyeka Dozie,In favour,In favour,In favour,In favour,In favour,In favour,Absent,Governance & elections,,,,https://pub-mapleridge.escribemeetings.com/filestream.ashx?DocumentId=13195,https://pub-mapleridge.escribemeetings.com/Players/ISIStandAlonePlayer.aspx?Id=58fe20ec-5c31-4343-9948-646628d4ba43,https://councilrecord.ca/mapleridge.html#vote/17vkxw4,"THAT Council receive the report dated March 3, 2026, titled “Hazards Framework Project Overview”."
2026-03-10,Regular Council,9.3,Exempt Compensation Policy,Main motion,Carried,6,0,1,Judy Dueck,Korleen Carreras,In favour,In favour,In favour,In favour,In favour,In favour,Absent,Other,,,,https://pub-mapleridge.escribemeetings.com/filestream.ashx?DocumentId=13195,https://pub-mapleridge.escribemeetings.com/Players/ISIStandAlonePlayer.aspx?Id=58fe20ec-5c31-4343-9948-646628d4ba43,https://councilrecord.ca/mapleridge.html#vote/1vilen9,THAT Exempt Compensation Policy No. 30.45 be approved by Council.
2026-03-31,Regular Council,8,BYLAWS,Main motion,Carried,6,0,1,Onyeka Dozie,Korleen Carreras,In favour,In favour,In favour,In favour,In favour,In favour,Absent,Other,,,,https://pub-mapleridge.escribemeetings.com/filestream.ashx?DocumentId=13194,https://pub-mapleridge.escribemeetings.com/Players/ISIStandAlonePlayer.aspx?Id=b9f2ad04-6b3a-4d46-a864-a0ebcf62e6fd,https://councilrecord.ca/mapleridge.html#vote/1ckdff,THAT Zo ne Amending Bylaw No. 7946 - 2023 be adopted.
2026-03-31,Regular Council,8,BYLAWS,Main motion,Carried,6,0,1,Sunny Schiller,Korleen Carreras,In favour,In favour,In favour,In favour,In favour,In favour,Absent,Other,,,,https://pub-mapleridge.escribemeetings.com/filestream.ashx?DocumentId=13194,https://pub-mapleridge.escribemeetings.com/Players/ISIStandAlonePlayer.aspx?Id=b9f2ad04-6b3a-4d46-a864-a0ebcf62e6fd,https://councilrecord.ca/mapleridge.html#vote/1owk1jn,THAT Zone Amending Bylaw No. 7955 - 2023 be abandoned.
2026-03-31,Regular Council,8,BYLAWS,Main motion,Carried,6,0,1,Onyeka Dozie,Judy Dueck,In favour,In favour,In favour,In favour,In favour,In favour,Absent,Other,,,,https://pub-mapleridge.escribemeetings.com/filestream.ashx?DocumentId=13194,https://pub-mapleridge.escribemeetings.com/Players/ISIStandAlonePlayer.aspx?Id=b9f2ad04-6b3a-4d46-a864-a0ebcf62e6fd,https://councilrecord.ca/mapleridge.html#vote/1o71zdj,"THAT Zone Amending Bylaw No. 8093 - 2026 be given first, second, and third reading; and THAT Staff be directed to work with the applicant to address the outstanding terms and conditions as outlined in the report dated March 24, 2026, and other matters as identified by Council, prior to recommending bylaw adoption. Absent ( 1): Councillor Yousef"
2026-03-31,Regular Council,8,BYLAWS,Main motion,Carried,6,0,1,Onyeka Dozie,Jenny Tan,In favour,In favour,In favour,In favour,In favour,In favour,Absent,Other,,,,https://pub-mapleridge.escribemeetings.com/filestream.ashx?DocumentId=13194,https://pub-mapleridge.escribemeetings.com/Players/ISIStandAlonePlayer.aspx?Id=b9f2ad04-6b3a-4d46-a864-a0ebcf62e6fd,https://councilrecord.ca/mapleridge.html#vote/p9jcev,"THAT Zone Amending Bylaw No. 8092 - 2026 be given first, second, and third reading; and THAT staff be directed to work with the applicant to address the outstanding terms and conditions as outlined in the Staff report dated March 24, 2026, and any other as identified by Council, prior to recommending bylaw adoption."
2026-03-31,Regular Council,8,BYLAWS,Main motion,Carried,6,0,1,Sunny Schiller,Onyeka Dozie,In favour,In favour,In favour,In favour,In favour,In favour,Absent,Other,,,,https://pub-mapleridge.escribemeetings.com/filestream.ashx?DocumentId=13194,https://pub-mapleridge.escribemeetings.com/Players/ISIStandAlonePlayer.aspx?Id=b9f2ad04-6b3a-4d46-a864-a0ebcf62e6fd,https://councilrecord.ca/mapleridge.html#vote/5xwx5c,"THAT Zone Amending Bylaw No. 8095 - 2026 be given first, second and third reading; and THAT Staff be directed to work with the applicant to address the outstanding ter ms and conditions as outlined in the Staff report dated March 24, 2026, and any other as identified by Council, prior to recommending bylaw adoption."
2026-03-31,Regular Council,9,STAFF AND COMMITTEE REPORTS,Main motion,Carried,6,0,1,Onyeka Dozie,Korleen Carreras,In favour,In favour,In favour,In favour,In favour,In favour,Absent,Development; Governance & elections,,,,https://pub-mapleridge.escribemeetings.com/filestream.ashx?DocumentId=13194,https://pub-mapleridge.escribemeetings.com/Players/ISIStandAlonePlayer.aspx?Id=b9f2ad04-6b3a-4d46-a864-a0ebcf62e6fd,https://councilrecord.ca/mapleridge.html#vote/o6b2jq,"THAT the issuance of Development Variance Permit 2023 - 163 - VP for 20235, 20247 and 20265 Patterson Avenue be approved. THAT the issuance of Development Permit 2023 - 163 - DP for 20235, 20247 and 20265 Patterson Avenue be app roved."
2026-03-31,Regular Council,9.2,An Update of the 2024 Housing Action Plan,Main motion,Carried,6,0,1,Judy Dueck,Sunny Schiller,In favour,In favour,In favour,In favour,In favour,In favour,Absent,Housing & density,,,,https://pub-mapleridge.escribemeetings.com/filestream.ashx?DocumentId=13194,https://pub-mapleridge.escribemeetings.com/Players/ISIStandAlonePlayer.aspx?Id=b9f2ad04-6b3a-4d46-a864-a0ebcf62e6fd,https://councilrecord.ca/mapleridge.html#vote/x7ag2g,"THAT C ouncil receive the report dated March 24, 2026, titled “An Update of the 2024 Housing Action Plan”."
2026-03-31,Regular Council,9.3,Maximizing Community Outcomes with Housing Accelerator Funding - Q1 2026 Report,Main motion,Carried,6,0,1,Sunny Schiller,Onyeka Dozie,In favour,In favour,In favour,In favour,In favour,In favour,Absent,Housing & density; Taxes & spending,,,,https://pub-mapleridge.escribemeetings.com/filestream.ashx?DocumentId=13194,https://pub-mapleridge.escribemeetings.com/Players/ISIStandAlonePlayer.aspx?Id=b9f2ad04-6b3a-4d46-a864-a0ebcf62e6fd,https://councilrecord.ca/mapleridge.html#vote/pqpok4,"THAT Council receive for information the report titled “Maximizing Community Outcomes with Housi ng Accelerator Funding (Q1, 2026 Report), dated March 24, 2026."
2026-03-31,Regular Council,9.4,Council Renumeration Direction,Main motion,Carried,5,1,1,Korleen Carreras,Judy Dueck,In favour,In favour,In favour,In favour,Against,In favour,Absent,Taxes & spending; Governance & elections,,,,https://pub-mapleridge.escribemeetings.com/filestream.ashx?DocumentId=13194,https://pub-mapleridge.escribemeetings.com/Players/ISIStandAlonePlayer.aspx?Id=b9f2ad04-6b3a-4d46-a864-a0ebcf62e6fd,https://councilrecord.ca/mapleridge.html#vote/nrk5mb,"THAT Council direct staff to conduct a market review of Council remuneration to inform compensation for the next Council term following the October 17, 2026 Local Election , includin g:  Mayor compensation: comparator analysis and options for market positioning (including review of the 65th percentile, median (50th percentile), and mean comparator analysis;  Councillor compensation: Review of the appropriateness of Councillor compensatio n relative to the Mayor (currently set at 40%);  Review of Acting Mayor compensation;  Review of vehicle allowance provisions; AND; THAT staff report back to Council with the findings and recommended options prior to the start of the next Council term AND: THAT Council direct staff to review associated policies and bylaws for consideration by Council."
2026-03-31,Regular Council,14,NOTICE OF CLOSED MEETING,Main motion,Carried,6,0,1,Korleen Carreras,Judy Dueck,In favour,In favour,In favour,In favour,In favour,In favour,Absent,Other,,,,https://pub-mapleridge.escribemeetings.com/filestream.ashx?DocumentId=13194,https://pub-mapleridge.escribemeetings.com/Players/ISIStandAlonePlayer.aspx?Id=b9f2ad04-6b3a-4d46-a864-a0ebcf62e6fd,https://councilrecord.ca/mapleridge.html#vote/1ir0kd1,"The meeting will be closed to the public pursuant to Sections 90(1) of the Community Charter as the subject matter being consid ered is related to the following: Section 90(1)(i) - the receipt of advice that is subject to solicitor - client privilege, including communications necessary for that purpose; Any other matter that may be brought before the Council that meets the requiremen ts for a meeting closed to the public pursuant to Sections 90(1) and 90(2) of the Community Charter or Freedom of Information and Protection of Privacy Act."
2026-04-14,Regular Council,8.1,Kanaka Business Park Landscape Maintenance Repeal Bylaw,Main motion,Carried,5,0,2,Onyeka Dozie,Sunny Schiller,In favour,In favour,In favour,In favour,In favour,Absent,Absent,Parks & recreation; Business & economy,,,,https://pub-mapleridge.escribemeetings.com/filestream.ashx?DocumentId=12707,https://pub-mapleridge.escribemeetings.com/Players/ISIStandAlonePlayer.aspx?Id=09c87738-fcac-43f3-980b-2f9ac5dec1a0,https://councilrecord.ca/mapleridge.html#vote/1l1o161,"THAT Kanaka Business Park Landscape Maintenance Repeal Bylaw No. 8102 - 2026 be given first, second and third reading"
2026-04-14,Regular Council,8.2,Election Bylaw and Sign Amendment Bylaw,Main motion,Carried,5,0,2,Judy Dueck,Sunny Schiller,In favour,In favour,In favour,In favour,In favour,Absent,Absent,Governance & elections,1 of 2,,,https://pub-mapleridge.escribemeetings.com/filestream.ashx?DocumentId=12707,https://pub-mapleridge.escribemeetings.com/Players/ISIStandAlonePlayer.aspx?Id=09c87738-fcac-43f3-980b-2f9ac5dec1a0,https://councilrecord.ca/mapleridge.html#vote/1gohw9f,THAT Maple Ridge Election Bylaw No. 8096 - 2026 be given first reading.
2026-04-14,Regular Council,8.2,Election Bylaw and Sign Amendment Bylaw,Main motion,Carried,5,0,2,Sunny Schiller,Judy Dueck,In favour,In favour,In favour,In favour,In favour,Absent,Absent,Governance & elections,2 of 2,,,https://pub-mapleridge.escribemeetings.com/filestream.ashx?DocumentId=12707,https://pub-mapleridge.escribemeetings.com/Players/ISIStandAlonePlayer.aspx?Id=09c87738-fcac-43f3-980b-2f9ac5dec1a0,https://councilrecord.ca/mapleridge.html#vote/kqmidt,"THAT Maple Ridge Sign Amendment Bylaw No. 8101 - 2026 be given first, second and third reading."
2026-04-14,Regular Council,9.1,Short - Term Rental Regulations – Year One Update,Procedural,Carried,5,0,2,Judy Dueck,Sunny Schiller,In favour,In favour,In favour,In favour,In favour,Absent,Absent,Housing & density,,,,https://pub-mapleridge.escribemeetings.com/filestream.ashx?DocumentId=12707,https://pub-mapleridge.escribemeetings.com/Players/ISIStandAlonePlayer.aspx?Id=09c87738-fcac-43f3-980b-2f9ac5dec1a0,https://councilrecord.ca/mapleridge.html#vote/1kogbc2,"THAT the report dated April 7, 2026, titled “Short - Term Rental Regulations – Year One Update”, be received for information."
2026-04-14,Regular Council,9.2,McKenney Creek Restoration and Enhancement Plan,Main motion,Carried,5,0,2,Onyeka Dozie,Korleen Carreras,In favour,In favour,In favour,In favour,In favour,Absent,Absent,Environment & climate,,,,https://pub-mapleridge.escribemeetings.com/filestream.ashx?DocumentId=12707,https://pub-mapleridge.escribemeetings.com/Players/ISIStandAlonePlayer.aspx?Id=09c87738-fcac-43f3-980b-2f9ac5dec1a0,https://councilrecord.ca/mapleridge.html#vote/o7xdvq,THAT Council receive this report for information; and THAT staff report back to Council with a recommended McKenney Creek Restoration and Enhancement Plan for Council’s consideration and direction.
2026-04-14,Regular Council,9.3,Innovation Report: Continuous Improvement Impacts,Main motion,Carried,5,0,2,Sunny Schiller,Onyeka Dozie,In favour,In favour,In favour,In favour,In favour,Absent,Absent,Other,,,,https://pub-mapleridge.escribemeetings.com/filestream.ashx?DocumentId=12707,https://pub-mapleridge.escribemeetings.com/Players/ISIStandAlonePlayer.aspx?Id=09c87738-fcac-43f3-980b-2f9ac5dec1a0,https://councilrecord.ca/mapleridge.html#vote/meoez8,"THAT Council receive for information the report titled “Innovation Report: Continuous Improvement Impacts” dated April 7, 2026."
2026-04-14,Regular Council,9.4,Appointment of Chief and Deputy Chief Election Officer,Main motion,Carried,5,0,2,Judy Dueck,Onyeka Dozie,In favour,In favour,In favour,In favour,In favour,Absent,Absent,Governance & elections,,,,https://pub-mapleridge.escribemeetings.com/filestream.ashx?DocumentId=12707,https://pub-mapleridge.escribemeetings.com/Players/ISIStandAlonePlayer.aspx?Id=09c87738-fcac-43f3-980b-2f9ac5dec1a0,https://councilrecord.ca/mapleridge.html#vote/3ph4nl,THAT Carolyn Mushata be appointed as the Chief Election Officer for the 2026 City of Maple Ridge Local Government General Election and; THAT Tonya Polz be appointed as Deputy Chief Election Officer for the 2026 City of Maple Ridge Local Go vernment General Election.
2026-04-28,Regular Council,7,RECONSIDERATION,Main motion,Carried,4,2,1,Judy Dueck,Onyeka Dozie,In favour,Against,In favour,In favour,In favour,Against,Absent,Development,,,,https://pub-mapleridge.escribemeetings.com/filestream.ashx?DocumentId=12824,https://pub-mapleridge.escribemeetings.com/Players/ISIStandAlonePlayer.aspx?Id=b6253d1d-64ea-4e49-8ad4-fd77d698da49,https://councilrecord.ca/mapleridge.html#vote/zoyy9c,That Council direct staff to continue working with the applicant on the Natural Features Development Permit for a period up to 90 calendar days to address the deficiencies identified by staff and the independent expert reviews.
2026-04-28,Regular Council,9.1,Kanaka Business Park Landscape Maintenance Repeal Bylaw,Main motion,Carried,6,0,1,Judy Dueck,Korleen Carreras,In favour,In favour,In favour,In favour,In favour,In favour,Absent,Parks & recreation; Business & economy,1 of 5,,,https://pub-mapleridge.escribemeetings.com/filestream.ashx?DocumentId=12824,https://pub-mapleridge.escribemeetings.com/Players/ISIStandAlonePlayer.aspx?Id=b6253d1d-64ea-4e49-8ad4-fd77d698da49,https://councilrecord.ca/mapleridge.html#vote/p748l8,THAT Kanaka Business Park Landscape Maintenance Repeal Bylaw No. 8102 - 2026 be adopted.
2026-04-28,Regular Council,9.1,Kanaka Business Park Landscape Maintenance Repeal Bylaw,Main motion,Carried,6,0,1,Jenny Tan,Onyeka Dozie,In favour,In favour,In favour,In favour,In favour,In favour,Absent,Parks & recreation; Business & economy,2 of 5,,,https://pub-mapleridge.escribemeetings.com/filestream.ashx?DocumentId=12824,https://pub-mapleridge.escribemeetings.com/Players/ISIStandAlonePlayer.aspx?Id=b6253d1d-64ea-4e49-8ad4-fd77d698da49,https://councilrecord.ca/mapleridge.html#vote/qqdf8t,THAT a Public Hearing be waived in accordance with Section 464(2) of the Local Government Act.
2026-04-28,Regular Council,9.1,Kanaka Business Park Landscape Maintenance Repeal Bylaw,Main motion,Carried,6,0,1,Jenny Tan,Korleen Carreras,In favour,In favour,In favour,In favour,In favour,In favour,Absent,Parks & recreation; Business & economy,3 of 5,,,https://pub-mapleridge.escribemeetings.com/filestream.ashx?DocumentId=12824,https://pub-mapleridge.escribemeetings.com/Players/ISIStandAlonePlayer.aspx?Id=b6253d1d-64ea-4e49-8ad4-fd77d698da49,https://councilrecord.ca/mapleridge.html#vote/1cir2sp,THAT Zone Amending Bylaw No. 8100 - 2026 be adopted.
2026-04-28,Regular Council,9.1,Kanaka Business Park Landscape Maintenance Repeal Bylaw,Main motion,Carried,6,0,1,Korleen Carreras,Judy Dueck,In favour,In favour,In favour,In favour,In favour,In favour,Absent,Parks & recreation; Business & economy,4 of 5,,,https://pub-mapleridge.escribemeetings.com/filestream.ashx?DocumentId=12824,https://pub-mapleridge.escribemeetings.com/Players/ISIStandAlonePlayer.aspx?Id=b6253d1d-64ea-4e49-8ad4-fd77d698da49,https://councilrecord.ca/mapleridge.html#vote/qqdf8t-2,THAT a Public Hearing be waived in accordance with Section 464(2) of the Local Government Act.
2026-04-28,Regular Council,9.1,Kanaka Business Park Landscape Maintenance Repeal Bylaw,Main motion,Carried,6,0,1,Korleen Carreras,Jenny Tan,In favour,In favour,In favour,In favour,In favour,In favour,Absent,Parks & recreation; Business & economy,5 of 5,,,https://pub-mapleridge.escribemeetings.com/filestream.ashx?DocumentId=12824,https://pub-mapleridge.escribemeetings.com/Players/ISIStandAlonePlayer.aspx?Id=b6253d1d-64ea-4e49-8ad4-fd77d698da49,https://councilrecord.ca/mapleridge.html#vote/1m32zvu,"THAT Zone Amending Bylaw No. 8090 - 2026 be given first, second and third reading and; THAT staff be directed to work with the applicant to address the outstanding terms and conditions as outlined in the Staff report dated April 21, 2026, and any other as identified by Council, prior to recommending bylaw adoption."
2026-04-28,Regular Council,9.4,Tree Protection & Management Bylaw,Main motion,Carried,6,0,1,Jenny Tan,Korleen Carreras,In favour,In favour,In favour,In favour,In favour,In favour,Absent,Environment & climate,,,,https://pub-mapleridge.escribemeetings.com/filestream.ashx?DocumentId=12824,https://pub-mapleridge.escribemeetings.com/Players/ISIStandAlonePlayer.aspx?Id=b6253d1d-64ea-4e49-8ad4-fd77d698da49,https://councilrecord.ca/mapleridge.html#vote/8gpi4e,"THAT Maple Ridge Tree Protection and Management Bylaw No. 8045 - 2026 be given first, second and third readings."
2026-04-28,Regular Council,9.5,Maple Ridge Fees and Charges Amending Bylaw Update,Main motion,Carried,6,0,1,Korleen Carreras,Onyeka Dozie,In favour,In favour,In favour,In favour,In favour,In favour,Absent,Taxes & spending,1 of 2,,,https://pub-mapleridge.escribemeetings.com/filestream.ashx?DocumentId=12824,https://pub-mapleridge.escribemeetings.com/Players/ISIStandAlonePlayer.aspx?Id=b6253d1d-64ea-4e49-8ad4-fd77d698da49,https://councilrecord.ca/mapleridge.html#vote/opnmgt,"THAT Maple Ridge Fees and Charges Amending Bylaw No. 8103 - 2026 be given first, second and third reading."
2026-04-28,Regular Council,9.5,Maple Ridge Fees and Charges Amending Bylaw Update,Main motion,Carried,4,2,1,Korleen Carreras,Onyeka Dozie,In favour,In favour,In favour,In favour,Against,Against,Absent,Taxes & spending,2 of 2,,,https://pub-mapleridge.escribemeetings.com/filestream.ashx?DocumentId=12824,https://pub-mapleridge.escribemeetings.com/Players/ISIStandAlonePlayer.aspx?Id=b6253d1d-64ea-4e49-8ad4-fd77d698da49,https://councilrecord.ca/mapleridge.html#vote/z33rru,"THAT the 2 026 - 2030 Financial Plan Bylaw 8098 - 2026 be given first, second and third reading."
2026-04-28,Regular Council,9.7,Maple Ridge Property Tax Rates 2026,Main motion,Carried,5,1,1,Judy Dueck,Korleen Carreras,In favour,In favour,In favour,In favour,In favour,Against,Absent,Taxes & spending,,,,https://pub-mapleridge.escribemeetings.com/filestream.ashx?DocumentId=12824,https://pub-mapleridge.escribemeetings.com/Players/ISIStandAlonePlayer.aspx?Id=b6253d1d-64ea-4e49-8ad4-fd77d698da49,https://councilrecord.ca/mapleridge.html#vote/5c60wb,"THAT Maple Ridge 2026 Property Tax Rates Bylaw No. 8099 - 2026 be given first, second and third readings"
2026-04-28,Regular Council,10.1,"Council’s Strategic Plan Key Result Update, Q1 2026",Main motion,Carried,6,0,1,Onyeka Dozie,Korleen Carreras,In favour,In favour,In favour,In favour,In favour,In favour,Absent,Governance & elections,,,,https://pub-mapleridge.escribemeetings.com/filestream.ashx?DocumentId=12824,https://pub-mapleridge.escribemeetings.com/Players/ISIStandAlonePlayer.aspx?Id=b6253d1d-64ea-4e49-8ad4-fd77d698da49,https://councilrecord.ca/mapleridge.html#vote/kwy5rv,"THAT Council approve the key result update outlined in the report titled “Council’s Strategic Plan Key Result Update, Q1, 2026”, dated April 21, 2026."
2026-05-12,Regular Council,4.1,Bus Rapid Transit Concept Design Review,Main motion,Carried,6,0,1,Judy Dueck,Korleen Carreras,In favour,In favour,In favour,In favour,In favour,In favour,Absent,Transportation; Parks & recreation,,,,https://pub-mapleridge.escribemeetings.com/filestream.ashx?DocumentId=13006,https://pub-mapleridge.escribemeetings.com/Players/ISIStandAlonePlayer.aspx?Id=ce6ef85b-375b-45f2-b43b-c667dbaa7c0b,https://councilrecord.ca/mapleridge.html#vote/1lzdqgi,"THAT the City of Maple Ridge confirms support for the Langley to Haney Place Bus Rapid Transit (BRT) project on the Lougheed Corridor from The Township of Langley to Haney Place as a critical transportation investment to support growth, housing, economic development, and sustainable mobility in the City of Maple Ridge. THAT Council direct staff to continue working with TransLink on the detailed design of the BRT project, incorporating the lane allocations as proposed and exploring the utility and active transportation considerations identified in this report. THAT Counc il direct staff to send a copy of this resolution to TransLink and the Mayors’ Council on Regional Transportation."
2026-05-12,Regular Council,8,BYLAWS,Main motion,Carried,6,0,1,Korleen Carreras,Onyeka Dozie,In favour,In favour,In favour,In favour,In favour,In favour,Absent,Other,,,,https://pub-mapleridge.escribemeetings.com/filestream.ashx?DocumentId=13006,https://pub-mapleridge.escribemeetings.com/Players/ISIStandAlonePlayer.aspx?Id=ce6ef85b-375b-45f2-b43b-c667dbaa7c0b,https://councilrecord.ca/mapleridge.html#vote/bdzxj2,THAT Maple Ridge Zone Amending Bylaw No. 8090 - 2026 be adopted. Abs ent (1): Councillor Yousef
2026-05-12,Regular Council,8,BYLAWS,Main motion,Carried,6,0,1,Sunny Schiller,Onyeka Dozie,In favour,In favour,In favour,In favour,In favour,In favour,Absent,Other,,,,https://pub-mapleridge.escribemeetings.com/filestream.ashx?DocumentId=13006,https://pub-mapleridge.escribemeetings.com/Players/ISIStandAlonePlayer.aspx?Id=ce6ef85b-375b-45f2-b43b-c667dbaa7c0b,https://councilrecord.ca/mapleridge.html#vote/16cyx9m,"THAT the release of Restrictive Covenant CB747706, which prohibits a Pharmacy at 21783 Lougheed Highway, be authorized."
2026-05-12,Regular Council,8,BYLAWS,Main motion,Carried,4,2,1,Korleen Carreras,Judy Dueck,In favour,In favour,In favour,In favour,Against,Against,Absent,Taxes & spending,,,,https://pub-mapleridge.escribemeetings.com/filestream.ashx?DocumentId=13006,https://pub-mapleridge.escribemeetings.com/Players/ISIStandAlonePlayer.aspx?Id=ce6ef85b-375b-45f2-b43b-c667dbaa7c0b,https://councilrecord.ca/mapleridge.html#vote/17w166v,THAT the 2026 - 2030 Financial Plan Bylaw 8098 - 2026 be given adoption.
2026-05-12,Regular Council,8.3,Mapl e Ridge Property Tax Rates 2026,Main motion,Carried,5,1,1,Korleen Carreras,Onyeka Dozie,In favour,In favour,In favour,In favour,In favour,Against,Absent,Taxes & spending,,,,https://pub-mapleridge.escribemeetings.com/filestream.ashx?DocumentId=13006,https://pub-mapleridge.escribemeetings.com/Players/ISIStandAlonePlayer.aspx?Id=ce6ef85b-375b-45f2-b43b-c667dbaa7c0b,https://councilrecord.ca/mapleridge.html#vote/srbziz,THAT Maple Ridge 2026 Property Tax Rates Bylaw No. 8099 - 2026 be adopted.
2026-05-12,Regular Council,8.4,Tree Protection & Management Bylaw,Main motion,Carried,6,0,1,Sunny Schiller,Jenny Tan,In favour,In favour,In favour,In favour,In favour,In favour,Absent,Environment & climate,,,,https://pub-mapleridge.escribemeetings.com/filestream.ashx?DocumentId=13006,https://pub-mapleridge.escribemeetings.com/Players/ISIStandAlonePlayer.aspx?Id=ce6ef85b-375b-45f2-b43b-c667dbaa7c0b,https://councilrecord.ca/mapleridge.html#vote/en56ro,THAT Maple Ridge Tree Protection and Management Bylaw No. 8045 - 2026 be adopted.
2026-05-12,Regular Council,8.5,Maple Ridge Fees and Charges Amending Bylaw Update,Main motion,Carried,6,0,1,Judy Dueck,Onyeka Dozie,In favour,In favour,In favour,In favour,In favour,In favour,Absent,Taxes & spending; Business & economy,1 of 2,,,https://pub-mapleridge.escribemeetings.com/filestream.ashx?DocumentId=13006,https://pub-mapleridge.escribemeetings.com/Players/ISIStandAlonePlayer.aspx?Id=ce6ef85b-375b-45f2-b43b-c667dbaa7c0b,https://councilrecord.ca/mapleridge.html#vote/1mh6ud7,"THAT a Business Improvement Area local service program be undertaken, subject to petition against, for a six - year term commencing January 1, 2027, and ending December 31, 2 032."
2026-05-12,Regular Council,8.5,Maple Ridge Fees and Charges Amending Bylaw Update,Main motion,Carried,6,0,1,Sunny Schiller,Korleen Carreras,In favour,In favour,In favour,In favour,In favour,In favour,Absent,Taxes & spending; Business & economy,2 of 2,,,https://pub-mapleridge.escribemeetings.com/filestream.ashx?DocumentId=13006,https://pub-mapleridge.escribemeetings.com/Players/ISIStandAlonePlayer.aspx?Id=ce6ef85b-375b-45f2-b43b-c667dbaa7c0b,https://councilrecord.ca/mapleridge.html#vote/1ltuo1e,"THAT Council give First, Second, and Third Readings to Maple Ridge Downtown Business Improvement Area Establishment Bylaw No. 8088 - 2026 and proceed with public notification as required by the Community Charter ."
2026-05-12,Regular Council,8.7,E lection Bylaw No. 8096 - 2026,Main motion,Carried,6,0,1,Jenny Tan,Sunny Schiller,In favour,In favour,In favour,In favour,In favour,In favour,Absent,Governance & elections,,,,https://pub-mapleridge.escribemeetings.com/filestream.ashx?DocumentId=13006,https://pub-mapleridge.escribemeetings.com/Players/ISIStandAlonePlayer.aspx?Id=ce6ef85b-375b-45f2-b43b-c667dbaa7c0b,https://councilrecord.ca/mapleridge.html#vote/1rsiclh,THAT Council refer the Election Bylaw No. 8096 - 2026 back to staff to incorporate changes from tonight's meeting.
2026-05-12,Regular Council,9.1,Inclusive Housing Unit Mix Policy: Family - Oriented Housing in Multi - Unit Developments,Main motion,Carried,6,0,1,Jenny Tan,Onyeka Dozie,In favour,In favour,In favour,In favour,In favour,In favour,Absent,Housing & density; Environment & climate; Governance & elections,,,,https://pub-mapleridge.escribemeetings.com/filestream.ashx?DocumentId=13006,https://pub-mapleridge.escribemeetings.com/Players/ISIStandAlonePlayer.aspx?Id=ce6ef85b-375b-45f2-b43b-c667dbaa7c0b,https://councilrecord.ca/mapleridge.html#vote/1bq52e0,"THAT Council adopt the Inclusive Housing Unit Mix Policy (Policy 6.37); and THAT in - stream multi - unit development applications, that have received either comments from the Advisory De sign Panel or first reading of a rezoning bylaw on or before December 31, 2026, be exempt from the requirements of Policy 6.37."
2026-05-12,Regular Council,9.2,One City Fees and Charges Policy,Main motion,Carried,6,0,1,Judy Dueck,Korleen Carreras,In favour,In favour,In favour,In favour,In favour,In favour,Absent,Taxes & spending; Parks & recreation; Governance & elections,1 of 2,,,https://pub-mapleridge.escribemeetings.com/filestream.ashx?DocumentId=13006,https://pub-mapleridge.escribemeetings.com/Players/ISIStandAlonePlayer.aspx?Id=ce6ef85b-375b-45f2-b43b-c667dbaa7c0b,https://councilrecord.ca/mapleridge.html#vote/t1rusn,"THAT Council approve Council Policy 5.62 as outlined in the report “One City Fees and Charges Policy”, dated April 21, 2026; and THAT Council repeal Parks, Recreation & Culture Fees and Charges Policy 4.21; and THAT Council repeal section 9 of the Financial Sustainabil ity Plan Policy 5.52."
2026-05-12,Regular Council,9.2,One City Fees and Charges Policy,Main motion,Carried,6,0,1,Sunny Schiller,Korleen Carreras,In favour,In favour,In favour,In favour,In favour,In favour,Absent,Taxes & spending,2 of 2,,,https://pub-mapleridge.escribemeetings.com/filestream.ashx?DocumentId=13006,https://pub-mapleridge.escribemeetings.com/Players/ISIStandAlonePlayer.aspx?Id=ce6ef85b-375b-45f2-b43b-c667dbaa7c0b,https://councilrecord.ca/mapleridge.html#vote/g0d9qn,THAT Council approve the 2025 Consolidated Financial Statements.
2026-05-12,Regular Council,9.4,Council Remuneration Survey,Main motion,Carried,6,0,1,Judy Dueck,Sunny Schiller,In favour,In favour,In favour,In favour,In favour,In favour,Absent,Taxes & spending; Governance & elections,,,,https://pub-mapleridge.escribemeetings.com/filestream.ashx?DocumentId=13006,https://pub-mapleridge.escribemeetings.com/Players/ISIStandAlonePlayer.aspx?Id=ce6ef85b-375b-45f2-b43b-c667dbaa7c0b,https://councilrecord.ca/mapleridge.html#vote/5dx9wo,"To remove ""and Parent Leave Provisions"""
2026-05-26,Regular Council,8.1,Elections Procedure Bylaw No. 8096 - 2026,Main motion,Carried,6,0,1,Sunny Schiller,Onyeka Dozie,In favour,In favour,In favour,In favour,In favour,In favour,Absent,Governance & elections,1 of 2,,,https://pub-mapleridge.escribemeetings.com/filestream.ashx?DocumentId=13075,https://pub-mapleridge.escribemeetings.com/Players/ISIStandAlonePlayer.aspx?Id=2982d162-5c1e-4248-b595-9ed2467dc189,https://councilrecord.ca/mapleridge.html#vote/1gco2lj,THAT Maple Ridge Election Procedures Bylaw No. 8096 - 2026 be given first reading.
2026-05-26,Regular Council,8.1,Elections Procedure Bylaw No. 8096 - 2026,Main motion,Carried,6,0,1,Jenny Tan,Onyeka Dozie,In favour,In favour,In favour,In favour,In favour,In favour,Absent,Governance & elections,2 of 2,,,https://pub-mapleridge.escribemeetings.com/filestream.ashx?DocumentId=13075,https://pub-mapleridge.escribemeetings.com/Players/ISIStandAlonePlayer.aspx?Id=2982d162-5c1e-4248-b595-9ed2467dc189,https://councilrecord.ca/mapleridge.html#vote/do0j7r,THAT Maple Ridge Election Procedures Bylaw No. 8096 - 2026 be given second reading and third reading.
2026-05-26,Regular Council,8.2,Amenity Cost Charge Program and Bylaw,Main motion,Carried,6,0,1,Judy Dueck,Onyeka Dozie,In favour,In favour,In favour,In favour,In favour,In favour,Absent,Development; Taxes & spending,,,,https://pub-mapleridge.escribemeetings.com/filestream.ashx?DocumentId=13075,https://pub-mapleridge.escribemeetings.com/Players/ISIStandAlonePlayer.aspx?Id=2982d162-5c1e-4248-b595-9ed2467dc189,https://councilrecord.ca/mapleridge.html#vote/1gn370o,"THAT Maple Ridge Amenity Cost Charges Bylaw No. 8105 - 202 be given first reading ; and THAT Council direct staff to proceed with consultation with key interest holders and the public as outlined in the report dated May 19, 2026, titled “Amenity Cost Charges: Proposed Program and Bylaw"""
2026-05-26,Regular Council,8.3,Maple Ridge Drinking Water Conservation Plan Amending Bylaw No. 8111 - To amend the Drinking Water Conservation Plan Bylaw to improve clarity and,Main motion,Carried,6,0,1,Sunny Schiller,Jenny Tan,In favour,In favour,In favour,In favour,In favour,In favour,Absent,Public services,,,,https://pub-mapleridge.escribemeetings.com/filestream.ashx?DocumentId=13075,https://pub-mapleridge.escribemeetings.com/Players/ISIStandAlonePlayer.aspx?Id=2982d162-5c1e-4248-b595-9ed2467dc189,https://councilrecord.ca/mapleridge.html#vote/1h7t4qk,"THAT Maple Ridge Drinking Water Conservation Plan Amending Bylaw No. 8111 - 2026 be given first, second and third readings."
2026-05-26,Regular Council,9.1,Hammond Outdoor Pool Free Admission for Maple Ridge Residents Update of the 2025 Free Swimming initiative and seek approval for its annual,Main motion,Carried,6,0,1,Sunny Schiller,Onyeka Dozie,In favour,In favour,In favour,In favour,In favour,In favour,Absent,Parks & recreation,1 of 2,,,https://pub-mapleridge.escribemeetings.com/filestream.ashx?DocumentId=13075,https://pub-mapleridge.escribemeetings.com/Players/ISIStandAlonePlayer.aspx?Id=2982d162-5c1e-4248-b595-9ed2467dc189,https://councilrecord.ca/mapleridge.html#vote/1tfjpvp,THAT Council approve free admission for Maple Ridge res idents to the Hammond Outdoor Pool on an ongoing annual basis.
2026-05-26,Regular Council,9.1,Hammond Outdoor Pool Free Admission for Maple Ridge Residents Update of the 2025 Free Swimming initiative and seek approval for its annual,Main motion,Carried,6,0,1,Judy Dueck,Korleen Carreras,In favour,In favour,In favour,In favour,In favour,In favour,Absent,Housing & density; Development; Taxes & spending; Parks & recreation; Business & economy,2 of 2,,,https://pub-mapleridge.escribemeetings.com/filestream.ashx?DocumentId=13075,https://pub-mapleridge.escribemeetings.com/Players/ISIStandAlonePlayer.aspx?Id=2982d162-5c1e-4248-b595-9ed2467dc189,https://councilrecord.ca/mapleridge.html#vote/vcp0ih,THAT the application for a non - adhering residential use in the Agricultural Land Reserve at 24227 Dewdney Trunk Road be forwarded to the Agricultural Land Commission with a recommendation for approval.
2026-05-26,Regular Council,9.3,Political Activity Policy Review and Update - Revision,Main motion,Carried,6,0,1,Judy Dueck,Onyeka Dozie,In favour,In favour,In favour,In favour,In favour,In favour,Absent,Other,,,,https://pub-mapleridge.escribemeetings.com/filestream.ashx?DocumentId=13075,https://pub-mapleridge.escribemeetings.com/Players/ISIStandAlonePlayer.aspx?Id=2982d162-5c1e-4248-b595-9ed2467dc189,https://councilrecord.ca/mapleridge.html#vote/iuopyx,THAT Council adopt revised Political Activity Policy No. 3.18.
2026-06-09,Regular Council,7,CONSENT AGENDA,Main motion,Carried,6,0,1,Judy Dueck,Korleen Carreras,In favour,In favour,In favour,In favour,In favour,In favour,Absent,Public services; Governance & elections,,,,https://pub-mapleridge.escribemeetings.com/filestream.ashx?DocumentId=13356,https://pub-mapleridge.escribemeetings.com/Players/ISIStandAlonePlayer.aspx?Id=cb61f308-e34a-4ec3-9cfa-3eb29224ee8c,https://councilrecord.ca/mapleridge.html#vote/1gj6qkg,"THAT the items contained i n the June 9, 2026, Regular Council Consent Agenda be received into the record. 7.1 Advisory Committee Minutes Engaged Healthy Community Advisory Committee - May 7, 2026"
2026-06-09,Regular Council,8.1,Elections Procedure and Sign Ame nding Bylaws,Main motion,Carried,6,0,1,Korleen Carreras,Sunny Schiller,In favour,In favour,In favour,In favour,In favour,In favour,Absent,Governance & elections,1 of 2,,,https://pub-mapleridge.escribemeetings.com/filestream.ashx?DocumentId=13356,https://pub-mapleridge.escribemeetings.com/Players/ISIStandAlonePlayer.aspx?Id=cb61f308-e34a-4ec3-9cfa-3eb29224ee8c,https://councilrecord.ca/mapleridge.html#vote/1n9expe,THAT Maple Ridge Election Procedures Bylaw No. 8096 - 2026 be adopted
2026-06-09,Regular Council,8.1,Elections Procedure and Sign Ame nding Bylaws,Main motion,Carried,6,0,1,Onyeka Dozie,Jenny Tan,In favour,In favour,In favour,In favour,In favour,In favour,Absent,Governance & elections,2 of 2,,,https://pub-mapleridge.escribemeetings.com/filestream.ashx?DocumentId=13356,https://pub-mapleridge.escribemeetings.com/Players/ISIStandAlonePlayer.aspx?Id=cb61f308-e34a-4ec3-9cfa-3eb29224ee8c,https://councilrecord.ca/mapleridge.html#vote/12qcn52,THAT Maple Ridge Sign Amending Bylaw No. 8101 - 2026 be adopted
2026-06-09,Regular Council,8.2,Maple Ridge Drinking Water Conservation Plan Amending Bylaw No. 8111 - To amend the Drinking Water Conservation Plan Bylaw to improve clarity and,Main motion,Carried,6,0,1,Judy Dueck,Sunny Schiller,In favour,In favour,In favour,In favour,In favour,In favour,Absent,Public services,1 of 2,,,https://pub-mapleridge.escribemeetings.com/filestream.ashx?DocumentId=13356,https://pub-mapleridge.escribemeetings.com/Players/ISIStandAlonePlayer.aspx?Id=cb61f308-e34a-4ec3-9cfa-3eb29224ee8c,https://councilrecord.ca/mapleridge.html#vote/pb5qcz,THAT Maple Ridge Drinking Water Conservation Plan Amending Bylaw No. 8111 - 2026 be adopted.
2026-06-09,Regular Council,8.2,Maple Ridge Drinking Water Conservation Plan Amending Bylaw No. 8111 - To amend the Drinking Water Conservation Plan Bylaw to improve clarity and,Main motion,Carried,6,0,1,Onyeka Dozie,Judy Dueck,In favour,In favour,In favour,In favour,In favour,In favour,Absent,Public services,2 of 2,,,https://pub-mapleridge.escribemeetings.com/filestream.ashx?DocumentId=13356,https://pub-mapleridge.escribemeetings.com/Players/ISIStandAlonePlayer.aspx?Id=cb61f308-e34a-4ec3-9cfa-3eb29224ee8c,https://councilrecord.ca/mapleridge.html#vote/mm751y,THAT Zone Amending Bylaw No. 8041 - 2025 be adopted.
2026-06-09,Regular Council,8.4,Cemetery Bylaw Updates,Main motion,Carried,6,0,1,Sunny Schiller,Onyeka Dozie,In favour,In favour,In favour,In favour,In favour,In favour,Absent,Public services,,,,https://pub-mapleridge.escribemeetings.com/filestream.ashx?DocumentId=13356,https://pub-mapleridge.escribemeetings.com/Players/ISIStandAlonePlayer.aspx?Id=cb61f308-e34a-4ec3-9cfa-3eb29224ee8c,https://councilrecord.ca/mapleridge.html#vote/9axkac,"THAT Maple Ridge Cemetery Amending Bylaw No. 8112 - 2026 be given first, second and third reading."
2026-06-09,Regular Council,8.5,Amending Bylaw for Cemetery Fees and Charges,Main motion,Carried,6,0,1,Onyeka Dozie,Sunny Schiller,In favour,In favour,In favour,In favour,In favour,In favour,Absent,Taxes & spending; Public services,,,,https://pub-mapleridge.escribemeetings.com/filestream.ashx?DocumentId=13356,https://pub-mapleridge.escribemeetings.com/Players/ISIStandAlonePlayer.aspx?Id=cb61f308-e34a-4ec3-9cfa-3eb29224ee8c,https://councilrecord.ca/mapleridge.html#vote/163ivmx,"THAT the Maple Ridge Fees and Charges Amending Bylaw No. 8113 - 2026 be given first, second and third reading."
2026-06-09,Regular Council,8.6,Amendments to the Bylaw Notice Enforcement Bylaw and Maple Rid ge Ticket Information Utilization Bylaw,Main motion,Carried,6,0,1,Jenny Tan,Onyeka Dozie,In favour,In favour,In favour,In favour,In favour,In favour,Absent,Other,1 of 2,,,https://pub-mapleridge.escribemeetings.com/filestream.ashx?DocumentId=13356,https://pub-mapleridge.escribemeetings.com/Players/ISIStandAlonePlayer.aspx?Id=cb61f308-e34a-4ec3-9cfa-3eb29224ee8c,https://councilrecord.ca/mapleridge.html#vote/fzi6nb,"THAT Bylaw Notice Enforcement Amending Bylaw No . 8114 - 2026 be given first, second and third reading."
2026-06-09,Regular Council,8.6,Amendments to the Bylaw Notice Enforcement Bylaw and Maple Rid ge Ticket Information Utilization Bylaw,Main motion,Carried,6,0,1,Sunny Schiller,Onyeka Dozie,In favour,In favour,In favour,In favour,In favour,In favour,Absent,Other,2 of 2,,,https://pub-mapleridge.escribemeetings.com/filestream.ashx?DocumentId=13356,https://pub-mapleridge.escribemeetings.com/Players/ISIStandAlonePlayer.aspx?Id=cb61f308-e34a-4ec3-9cfa-3eb29224ee8c,https://councilrecord.ca/mapleridge.html#vote/5sasz7,"THAT Maple Ridge Ticket Information Utilization Amending Bylaw No. 8115 - 2026 be given first, second and third reading."
2026-06-09,Regular Council,8.7,Tenant Protection: Proposed Bylaw and Development Permit Area Overview of the proposed Tenant Protection Bylaw and Development Permit,Main motion,Carried,6,0,1,Judy Dueck,Jenny Tan,In favour,In favour,In favour,In favour,In favour,In favour,Absent,Housing & density; Development,1 of 5,,,https://pub-mapleridge.escribemeetings.com/filestream.ashx?DocumentId=13356,https://pub-mapleridge.escribemeetings.com/Players/ISIStandAlonePlayer.aspx?Id=cb61f308-e34a-4ec3-9cfa-3eb29224ee8c,https://councilrecord.ca/mapleridge.html#vote/7j345d,"THAT Maple Ridge Tenant Protection Bylaw No. 8106 - 2026 be given first, second, and third readings."
2026-06-09,Regular Council,8.7,Tenant Protection: Proposed Bylaw and Development Permit Area Overview of the proposed Tenant Protection Bylaw and Development Permit,Main motion,Carried,6,0,1,Sunny Schiller,Jenny Tan,In favour,In favour,In favour,In favour,In favour,In favour,Absent,Housing & density; Development,2 of 5,,,https://pub-mapleridge.escribemeetings.com/filestream.ashx?DocumentId=13356,https://pub-mapleridge.escribemeetings.com/Players/ISIStandAlonePlayer.aspx?Id=cb61f308-e34a-4ec3-9cfa-3eb29224ee8c,https://councilrecord.ca/mapleridge.html#vote/eg0g8d,THAT the Maple Ridge Official Community Plan Amending Bylaw No. 8109 - 2026 be given first reading.
2026-06-09,Regular Council,8.7,Tenant Protection: Proposed Bylaw and Development Permit Area Overview of the proposed Tenant Protection Bylaw and Development Permit,Main motion,Carried,6,0,1,Judy Dueck,Jenny Tan,In favour,In favour,In favour,In favour,In favour,In favour,Absent,Housing & density; Development,3 of 5,,,https://pub-mapleridge.escribemeetings.com/filestream.ashx?DocumentId=13356,https://pub-mapleridge.escribemeetings.com/Players/ISIStandAlonePlayer.aspx?Id=cb61f308-e34a-4ec3-9cfa-3eb29224ee8c,https://councilrecord.ca/mapleridge.html#vote/1q1yy54,"THAT in accordance with Sections 475 and 476 of the Local Government Act , Council direct staff to proceed with the consultation strategy as outlined in the report dated June 2, 2026, titled “Tenant Protection: Proposed Bylaw and Development Permit Area.”; THAT an opportunity for early and ongoing consultation be provided by way of posting Official Community Plan Amending Bylaw No. 8109 - 2026 on the City’s website, and Council consider holding a Public Hearing on the Bylaw to be sufficient consultation."
2026-06-09,Regular Council,8.7,Tenant Protection: Proposed Bylaw and Development Permit Area Overview of the proposed Tenant Protection Bylaw and Development Permit,Main motion,Carried,6,0,1,Jenny Tan,Onyeka Dozie,In favour,In favour,In favour,In favour,In favour,In favour,Absent,Housing & density; Development,4 of 5,,,https://pub-mapleridge.escribemeetings.com/filestream.ashx?DocumentId=13356,https://pub-mapleridge.escribemeetings.com/Players/ISIStandAlonePlayer.aspx?Id=cb61f308-e34a-4ec3-9cfa-3eb29224ee8c,https://councilrecord.ca/mapleridge.html#vote/dom2ka,THAT the Maple Ridge Official Community Plan Amending Bylaw No. 8109 - 2026 be given second reading and for warded to Public Hearing.
2026-06-09,Regular Council,8.7,Tenant Protection: Proposed Bylaw and Development Permit Area Overview of the proposed Tenant Protection Bylaw and Development Permit,Main motion,Carried,6,0,1,Judy Dueck,Sunny Schiller,In favour,In favour,In favour,In favour,In favour,In favour,Absent,Housing & density; Development; Governance & elections,5 of 5,,,https://pub-mapleridge.escribemeetings.com/filestream.ashx?DocumentId=13356,https://pub-mapleridge.escribemeetings.com/Players/ISIStandAlonePlayer.aspx?Id=cb61f308-e34a-4ec3-9cfa-3eb29224ee8c,https://councilrecord.ca/mapleridge.html#vote/10em15d,"THAT the Maple Ridge Development Approval Procedures Amending Bylaw No. 8110 - 2026 be given first, second, and third reading."
2026-06-09,Regular Council,9.2,Supporting Residential Energy Retrofits,Main motion,Carried,6,0,1,Onyeka Dozie,Jenny Tan,In favour,In favour,In favour,In favour,In favour,In favour,Absent,Housing & density; Taxes & spending; Environment & climate,,,,https://pub-mapleridge.escribemeetings.com/filestream.ashx?DocumentId=13356,https://pub-mapleridge.escribemeetings.com/Players/ISIStandAlonePlayer.aspx?Id=cb61f308-e34a-4ec3-9cfa-3eb29224ee8c,https://councilrecord.ca/mapleridge.html#vote/1xbphlh,"THAT Council approve the use of Local Government Climate Action Grant funding up to $190,000 to support a two - year Energy Retrofit Pilot Program as outlined in the report titled “Supporting Residential Energy Retrofits”, dated June 2, 2026"
2026-06-09,Regular Council,9.3,City of Maple Ridge Accessibility and Inclusion Strategy,Main motion,Carried,6,0,1,Onyeka Dozie,Korleen Carreras,In favour,In favour,In favour,In favour,In favour,In favour,Absent,Public services,1 of 2,,,https://pub-mapleridge.escribemeetings.com/filestream.ashx?DocumentId=13356,https://pub-mapleridge.escribemeetings.com/Players/ISIStandAlonePlayer.aspx?Id=cb61f308-e34a-4ec3-9cfa-3eb29224ee8c,https://councilrecord.ca/mapleridge.html#vote/17wuti4,THAT Council endorse the City of Maple Ridge Accessibility and Inclusion Strategy.
2026-06-09,Regular Council,9.3,City of Maple Ridge Accessibility and Inclusion Strategy,Main motion,Carried,6,0,1,Sunny Schiller,Jenny Tan,In favour,In favour,In favour,In favour,In favour,In favour,Absent,Public services,2 of 2,,,https://pub-mapleridge.escribemeetings.com/filestream.ashx?DocumentId=13356,https://pub-mapleridge.escribemeetings.com/Players/ISIStandAlonePlayer.aspx?Id=cb61f308-e34a-4ec3-9cfa-3eb29224ee8c,https://councilrecord.ca/mapleridge.html#vote/6m6fv6,"THAT Council receive the report “2026 FIFA “Game On Maple Ridge” and 2026 Canada Day “Celebrate Canada Together: Event Updates” dated June 9, 2026 for information."
2026-06-09,Regular Council,9.5,E - Comm Board Appointment,Main motion,Carried,6,0,1,Judy Dueck,Onyeka Dozie,In favour,In favour,In favour,In favour,In favour,In favour,Absent,Environment & climate; Governance & elections,,,,https://pub-mapleridge.escribemeetings.com/filestream.ashx?DocumentId=13356,https://pub-mapleridge.escribemeetings.com/Players/ISIStandAlonePlayer.aspx?Id=cb61f308-e34a-4ec3-9cfa-3eb29224ee8c,https://councilrecord.ca/mapleridge.html#vote/1ayytj7,"THAT Council endorse Mayor Ruimy remaining as the shared Maple Ridge / Pitt Meadows representative on the E - Comm Board until the October 2026 local government election; AND THAT Council acknowledge this is a temporary amendment to the established appointment rotation between the City of Maple Ridge an d the City of Pitt Meadows, under which the appointment is shared on a 3 - year Maple Ridge / 2 - year Pitt Meadows basis; AND THAT following the October 2026 local government election, the appointment rotate to Pitt Meadows for the subsequent two - year term; A ND THAT staff advise the City of Pitt Meadows and E - Comm of Council’s support for this arrangement."
2026-06-23,Regular Council,8.1,North 256 Street Industrial Lands Area Plan Official Community Plan Amending Bylaw No. 8087 - 2026,Main motion,Carried,5,1,1,Onyeka Dozie,Sunny Schiller,In favour,In favour,In favour,In favour,Against,In favour,Absent,Housing & density; Development; Business & economy,1 of 2,,,https://pub-mapleridge.escribemeetings.com/filestream.ashx?DocumentId=13985,https://pub-mapleridge.escribemeetings.com/Players/ISIStandAlonePlayer.aspx?Id=c5f6c415-0c33-4dc9-a83e-f6a7c01c511d,https://councilrecord.ca/mapleridge.html#vote/685vym,"THAT third reading of Official Community Plan Amending Bylaw No. 8087 - 2026, for the North 256 Street Industr ial Area Plan, be rescinded; and THAT Official Community Plan Amending Bylaw No. 8087 - 2026, as amended, be read a third time."
2026-06-23,Regular Council,8.1,North 256 Street Industrial Lands Area Plan Official Community Plan Amending Bylaw No. 8087 - 2026,Main motion,Carried,5,1,1,Judy Dueck,Onyeka Dozie,In favour,In favour,In favour,In favour,Against,In favour,Absent,Housing & density; Development; Business & economy,2 of 2,,,https://pub-mapleridge.escribemeetings.com/filestream.ashx?DocumentId=13985,https://pub-mapleridge.escribemeetings.com/Players/ISIStandAlonePlayer.aspx?Id=c5f6c415-0c33-4dc9-a83e-f6a7c01c511d,https://councilrecord.ca/mapleridge.html#vote/1ngywt3,THAT Official Community Plan Amending Bylaw No. 8087 - 2026 be adopted.
2026-06-23,Regular Council,8.2,Cemetery Bylaw Updates,Main motion,Carried,6,0,1,Sunny Schiller,Korleen Carreras,In favour,In favour,In favour,In favour,In favour,In favour,Absent,Public services,,,,https://pub-mapleridge.escribemeetings.com/filestream.ashx?DocumentId=13985,https://pub-mapleridge.escribemeetings.com/Players/ISIStandAlonePlayer.aspx?Id=c5f6c415-0c33-4dc9-a83e-f6a7c01c511d,https://councilrecord.ca/mapleridge.html#vote/18abdnk,"THAT third reading of Maple Ridge Cemetery Amending Bylaw No. 8112 - 2026, be rescinded; and THAT Maple Ridge Cemetery Amend ing Bylaw No. 8112 - 2026, as amended, be read a third time."
2026-06-23,Regular Council,8.4,Amendments to the Bylaw Notice Enforcement Bylaw and Maple Ridge Ticket Information Utilization Bylaw,Main motion,Carried,6,0,1,Onyeka Dozie,Korleen Carreras,In favour,In favour,In favour,In favour,In favour,In favour,Absent,Other,1 of 2,,,https://pub-mapleridge.escribemeetings.com/filestream.ashx?DocumentId=13985,https://pub-mapleridge.escribemeetings.com/Players/ISIStandAlonePlayer.aspx?Id=c5f6c415-0c33-4dc9-a83e-f6a7c01c511d,https://councilrecord.ca/mapleridge.html#vote/1i5k6wb,THAT Bylaw Notice Enforcement Amending Bylaw No. 8114 - 2026 be adopted.
2026-06-23,Regular Council,8.4,Amendments to the Bylaw Notice Enforcement Bylaw and Maple Ridge Ticket Information Utilization Bylaw,Main motion,Carried,6,0,1,Judy Dueck,Onyeka Dozie,In favour,In favour,In favour,In favour,In favour,In favour,Absent,Other,2 of 2,,,https://pub-mapleridge.escribemeetings.com/filestream.ashx?DocumentId=13985,https://pub-mapleridge.escribemeetings.com/Players/ISIStandAlonePlayer.aspx?Id=c5f6c415-0c33-4dc9-a83e-f6a7c01c511d,https://councilrecord.ca/mapleridge.html#vote/nfeogo,THAT Maple Ridge Ticket Information Utilization Amending Bylaw No. 8115 - 2026 be adopted.
2026-06-23,Regular Council,8.5,Council Remuneration Bylaw,Main motion,Carried,5,1,1,Judy Dueck,Korleen Carreras,In favour,In favour,In favour,In favour,In favour,Against,Absent,Taxes & spending; Governance & elections,,,,https://pub-mapleridge.escribemeetings.com/filestream.ashx?DocumentId=13985,https://pub-mapleridge.escribemeetings.com/Players/ISIStandAlonePlayer.aspx?Id=c5f6c415-0c33-4dc9-a83e-f6a7c01c511d,https://councilrecord.ca/mapleridge.html#vote/1th1spj,"THAT the Maple Ridge Council Remuneration Bylaw No. 8118 - 2026 be given first, second and third reading."
2026-06-23,Regular Council,9.1,School District 42 Eligible School Sites Proposal - 2026,Main motion,Carried,6,0,1,Sunny Schiller,Korleen Carreras,In favour,In favour,In favour,In favour,In favour,In favour,Absent,Governance & elections,,,,https://pub-mapleridge.escribemeetings.com/filestream.ashx?DocumentId=13985,https://pub-mapleridge.escribemeetings.com/Players/ISIStandAlonePlayer.aspx?Id=c5f6c415-0c33-4dc9-a83e-f6a7c01c511d,https://councilrecord.ca/mapleridge.html#vote/zeeb28,"THAT Council accept School District 42 Board of Education’s resolution of proposed eligible school site requirements for the School District as outlined in its letter to the City dated May 14, 2026."
2026-06-23,Regular Council,9.2,Bi - Annual Report on Delegated Permits Considered Under the Delegated Authority,Main motion,Carried,6,0,1,Sunny Schiller,Jenny Tan,In favour,In favour,In favour,In favour,In favour,In favour,Absent,Other,1 of 3,,,https://pub-mapleridge.escribemeetings.com/filestream.ashx?DocumentId=13985,https://pub-mapleridge.escribemeetings.com/Players/ISIStandAlonePlayer.aspx?Id=c5f6c415-0c33-4dc9-a83e-f6a7c01c511d,https://councilrecord.ca/mapleridge.html#vote/1rlnl5r,"THAT Council receive the report dated June 23, 2026, titled “Bi - annual Report on Delegated Permits Considered Under the Delegated Authority”."
2026-06-23,Regular Council,9.2,Bi - Annual Report on Delegated Permits Considered Under the Delegated Authority,Main motion,Carried,6,0,1,Korleen Carreras,Jenny Tan,In favour,In favour,In favour,In favour,In favour,In favour,Absent,Parks & recreation,2 of 3,,,https://pub-mapleridge.escribemeetings.com/filestream.ashx?DocumentId=13985,https://pub-mapleridge.escribemeetings.com/Players/ISIStandAlonePlayer.aspx?Id=c5f6c415-0c33-4dc9-a83e-f6a7c01c511d,https://councilrecord.ca/mapleridge.html#vote/198fhg2,"THAT Council receive the repor t dated June 16, 2026, titled “2026 Maple Ridge ACT Arts Centre and Theatre Update”."
2026-06-23,Regular Council,9.2,Bi - Annual Report on Delegated Permits Considered Under the Delegated Authority,Main motion,Carried,6,0,1,Judy Dueck,Sunny Schiller,In favour,In favour,In favour,In favour,In favour,In favour,Absent,Taxes & spending,3 of 3,,,https://pub-mapleridge.escribemeetings.com/filestream.ashx?DocumentId=13985,https://pub-mapleridge.escribemeetings.com/Players/ISIStandAlonePlayer.aspx?Id=c5f6c415-0c33-4dc9-a83e-f6a7c01c511d,https://councilrecord.ca/mapleridge.html#vote/1ojlcwu,THAT the 2025 Annual Report be received as required by the Communit y Charter; and THAT the 2025 Statement of Financial Information be approved as required by the Financial Information Act.
2026-06-23,Regular Council,9.5,Council Expenses – Year - to - Date 2026,Procedural,Carried,6,0,1,Jenny Tan,Onyeka Dozie,In favour,In favour,In favour,In favour,In favour,In favour,Absent,Other,,,,https://pub-mapleridge.escribemeetings.com/filestream.ashx?DocumentId=13985,https://pub-mapleridge.escribemeetings.com/Players/ISIStandAlonePlayer.aspx?Id=c5f6c415-0c33-4dc9-a83e-f6a7c01c511d,https://councilrecord.ca/mapleridge.html#vote/14jtrq,THAT the 2026 Year - to - Date Council Expenses be received for information.
2026-06-30,Regular Council,8.1,Cemetery Bylaw Updates,Main motion,Carried,4,0,3,Onyeka Dozie,Judy Dueck,In favour,In favour,In favour,In favour,Absent,Absent,Absent,Public services,,,,https://pub-mapleridge.escribemeetings.com/filestream.ashx?DocumentId=13866,https://pub-mapleridge.escribemeetings.com/Players/ISIStandAlonePlayer.aspx?Id=84f84207-ef35-4b32-bcbf-b177a130a866,https://councilrecord.ca/mapleridge.html#vote/b0yxfg,THAT Maple Ridge Cemetery Amending Bylaw No. 8112 - 2026 be adopted.
2026-06-30,Regular Council,8.2,Amending Bylaw for Cemetery Fees and Charges,Main motion,Carried,4,0,3,Onyeka Dozie,Korleen Carreras,In favour,In favour,In favour,In favour,Absent,Absent,Absent,Taxes & spending; Public services,,,,https://pub-mapleridge.escribemeetings.com/filestream.ashx?DocumentId=13866,https://pub-mapleridge.escribemeetings.com/Players/ISIStandAlonePlayer.aspx?Id=84f84207-ef35-4b32-bcbf-b177a130a866,https://councilrecord.ca/mapleridge.html#vote/3h5arn,THAT the Maple Ridge Fees and Charges Amending Bylaw No. 8113 - 2026 be adopted.
2026-06-30,Regular Council,8.3,Council Remuneration Bylaw,Main motion,Carried,4,0,3,Judy Dueck,Onyeka Dozie,In favour,In favour,In favour,In favour,Absent,Absent,Absent,Taxes & spending; Governance & elections,,,,https://pub-mapleridge.escribemeetings.com/filestream.ashx?DocumentId=13866,https://pub-mapleridge.escribemeetings.com/Players/ISIStandAlonePlayer.aspx?Id=84f84207-ef35-4b32-bcbf-b177a130a866,https://councilrecord.ca/mapleridge.html#vote/hjcwtp,THAT the Maple Ridge Council Remuneration Bylaw No. 8118 - 2026 be adopted.
2026-06-30,Regular Council,8.4,Building Bylaw Update,Main motion,Carried,4,0,3,Korleen Carreras,Onyeka Dozie,In favour,In favour,In favour,In favour,Absent,Absent,Absent,Other,,,,https://pub-mapleridge.escribemeetings.com/filestream.ashx?DocumentId=13866,https://pub-mapleridge.escribemeetings.com/Players/ISIStandAlonePlayer.aspx?Id=84f84207-ef35-4b32-bcbf-b177a130a866,https://councilrecord.ca/mapleridge.html#vote/yez32u,"THAT Maple Ridge Building Bylaw No. 8097 - 2026 be given first, second, and third reading."
2026-06-30,Regular Council,8.5,H ousekeeping Amendments to Zoning Bylaw No. 7600 - 2019,Main motion,Carried,4,0,3,Judy Dueck,Korleen Carreras,In favour,In favour,In favour,In favour,Absent,Absent,Absent,Development,1 of 2,,,https://pub-mapleridge.escribemeetings.com/filestream.ashx?DocumentId=13866,https://pub-mapleridge.escribemeetings.com/Players/ISIStandAlonePlayer.aspx?Id=84f84207-ef35-4b32-bcbf-b177a130a866,https://councilrecord.ca/mapleridge.html#vote/1woa91h,THAT a Public Hearing for Zone Amending Bylaw No. 8117 - 2026 be waived in accordance with the Local Government Act Section 464(2)
2026-06-30,Regular Council,8.5,H ousekeeping Amendments to Zoning Bylaw No. 7600 - 2019,Main motion,Carried,4,0,3,Onyeka Dozie,Korleen Carreras,In favour,In favour,In favour,In favour,Absent,Absent,Absent,Development,2 of 2,,,https://pub-mapleridge.escribemeetings.com/filestream.ashx?DocumentId=13866,https://pub-mapleridge.escribemeetings.com/Players/ISIStandAlonePlayer.aspx?Id=84f84207-ef35-4b32-bcbf-b177a130a866,https://councilrecord.ca/mapleridge.html#vote/1e5nj0b,"THAT Zone Amending Bylaw No. 8117 - 2026 be given first, second and third readings"
2026-06-30,Regular Council,8.6,"Phasing Out of the R - 1, R - 2, R - 3, R - 4 and RT - 1 Zones Proposed amendments to Maple Ridge Zoning Bylaw No. 7600 - 2019 to rezone 4,586",Main motion,Carried,4,0,3,Korleen Carreras,Onyeka Dozie,In favour,In favour,In favour,In favour,Absent,Absent,Absent,Development,1 of 2,,,https://pub-mapleridge.escribemeetings.com/filestream.ashx?DocumentId=13866,https://pub-mapleridge.escribemeetings.com/Players/ISIStandAlonePlayer.aspx?Id=84f84207-ef35-4b32-bcbf-b177a130a866,https://councilrecord.ca/mapleridge.html#vote/sdcw1f,THAT a Public Hearing be waived in accordance with Section 464(2) of the Local Government Act
2026-06-30,Regular Council,8.6,"Phasing Out of the R - 1, R - 2, R - 3, R - 4 and RT - 1 Zones Proposed amendments to Maple Ridge Zoning Bylaw No. 7600 - 2019 to rezone 4,586",Main motion,Carried,4,0,3,Judy Dueck,Onyeka Dozie,In favour,In favour,In favour,In favour,Absent,Absent,Absent,Development,2 of 2,,,https://pub-mapleridge.escribemeetings.com/filestream.ashx?DocumentId=13866,https://pub-mapleridge.escribemeetings.com/Players/ISIStandAlonePlayer.aspx?Id=84f84207-ef35-4b32-bcbf-b177a130a866,https://councilrecord.ca/mapleridge.html#vote/2jgnf3,"THAT Zone Amending Bylaw No. 8104 - 2026 be given first, second reading and third reading."
2026-06-30,Regular Council,8.7,Provincial Housing Legislation: Density Bonus Framework Alignment – Zone Amending Bylaw No. 8119 - 2026,Main motion,Carried,4,0,3,Korleen Carreras,Judy Dueck,In favour,In favour,In favour,In favour,Absent,Absent,Absent,Housing & density,,,,https://pub-mapleridge.escribemeetings.com/filestream.ashx?DocumentId=13866,https://pub-mapleridge.escribemeetings.com/Players/ISIStandAlonePlayer.aspx?Id=84f84207-ef35-4b32-bcbf-b177a130a866,https://councilrecord.ca/mapleridge.html#vote/rmje5t,"THAT Zone Amending Bylaw No. 8119 - 2026, to update density bonus provisions to align with provincial legislation, be given first, second and thi rd readings."
2026-06-30,Regular Council,9.1,"Recreation Ready Design, Costs and Funding Strategy",Main motion,Carried,4,0,3,Korleen Carreras,Onyeka Dozie,In favour,In favour,In favour,In favour,Absent,Absent,Absent,Taxes & spending; Parks & recreation,1 of 7,,,https://pub-mapleridge.escribemeetings.com/filestream.ashx?DocumentId=13866,https://pub-mapleridge.escribemeetings.com/Players/ISIStandAlonePlayer.aspx?Id=84f84207-ef35-4b32-bcbf-b177a130a866,https://councilrecord.ca/mapleridge.html#vote/2x6gn5,"THAT Council receive the schematic design concepts and estimated costs for the three recreation infrastructure projects: 1. Hammond Aquatics and Recreation Centre, 2. Phase 1 of the Multi - Use Community Park, and 3. Albion Twin - Rink Arena Expansion."
2026-06-30,Regular Council,9.1,"Recreation Ready Design, Costs and Funding Strategy",Main motion,Carried,4,0,3,Korleen Carreras,Onyeka Dozie,In favour,In favour,In favour,In favour,Absent,Absent,Absent,Taxes & spending; Parks & recreation,2 of 7,,,https://pub-mapleridge.escribemeetings.com/filestream.ashx?DocumentId=13866,https://pub-mapleridge.escribemeetings.com/Players/ISIStandAlonePlayer.aspx?Id=84f84207-ef35-4b32-bcbf-b177a130a866,https://councilrecord.ca/mapleridge.html#vote/xce7uf,"THAT Council approve the funding strategy contained in the report dated June 23, 2026 titled “Recreation Ready Design, Costs and Fund ing Strategy”."
2026-06-30,Regular Council,9.1,"Recreation Ready Design, Costs and Funding Strategy",Main motion,Carried,4,0,3,Judy Dueck,Onyeka Dozie,In favour,In favour,In favour,In favour,Absent,Absent,Absent,Development; Taxes & spending; Parks & recreation,3 of 7,,,https://pub-mapleridge.escribemeetings.com/filestream.ashx?DocumentId=13866,https://pub-mapleridge.escribemeetings.com/Players/ISIStandAlonePlayer.aspx?Id=84f84207-ef35-4b32-bcbf-b177a130a866,https://councilrecord.ca/mapleridge.html#vote/rkliwu,"THAT Council direct staff to amend the “Maple Ridge Amenity Cost Charges Bylaw No. 8105 - 2 026” to include the Hammond Aquatics and Recreation Centre, Multi - use Community Park, and the Albion Twin - Rink Arena Expansion capital projects."
2026-06-30,Regular Council,9.1,"Recreation Ready Design, Costs and Funding Strategy",Main motion,Carried,4,0,3,Korleen Carreras,Judy Dueck,In favour,In favour,In favour,In favour,Absent,Absent,Absent,Taxes & spending; Parks & recreation; Governance & elections,4 of 7,,,https://pub-mapleridge.escribemeetings.com/filestream.ashx?DocumentId=13866,https://pub-mapleridge.escribemeetings.com/Players/ISIStandAlonePlayer.aspx?Id=84f84207-ef35-4b32-bcbf-b177a130a866,https://councilrecord.ca/mapleridge.html#vote/1tueokp,"THAT Council approve the following questions to be on the ballot and submitted to the electors of the City of Maple Ridge for the assent voting process (referendum) to be held on October 17, 2026: 1. Are you in favour of the City of Maple Ridge adopting the Hammond Aquatics and Recreation Centre No. 8123 - 2026 to authorize borrowing up to $227,000,000 for a term up to 25 years to construct an aquatic recreation centre? 2. Are you in favour of the City of Maple Rid ge adopting the Multi - Use Community Park Loan Authorization Bylaw No. 8124 - 2026 to authorize borrowing up to $23,000,000 for a term up to 25 years to construct a multi - use community park? 3. Are you in favour of the City of Maple Ridge adopting the Albion Twi n - Rink Arenas Expansion Loan Authorization Bylaw No. 8122 - 2026 to authorize borrowing up to $143,000,000 for a term up to 25 years to construct a twin - rink arena expansion."
2026-06-30,Regular Council,9.1,"Recreation Ready Design, Costs and Funding Strategy",Main motion,Carried,4,0,3,Korleen Carreras,Onyeka Dozie,In favour,In favour,In favour,In favour,Absent,Absent,Absent,Taxes & spending; Parks & recreation,5 of 7,,,https://pub-mapleridge.escribemeetings.com/filestream.ashx?DocumentId=13866,https://pub-mapleridge.escribemeetings.com/Players/ISIStandAlonePlayer.aspx?Id=84f84207-ef35-4b32-bcbf-b177a130a866,https://councilrecord.ca/mapleridge.html#vote/1v5ogsc,"THAT Hammond Aquatics and Recreation Centre Loan Authorization Bylaw No. 8123 - 2026 be given first, second and third reading."
2026-06-30,Regular Council,9.1,"Recreation Ready Design, Costs and Funding Strategy",Main motion,Carried,3,1,3,Onyeka Dozie,Korleen Carreras,In favour,In favour,In favour,Against,Absent,Absent,Absent,Taxes & spending; Parks & recreation,6 of 7,,,https://pub-mapleridge.escribemeetings.com/filestream.ashx?DocumentId=13866,https://pub-mapleridge.escribemeetings.com/Players/ISIStandAlonePlayer.aspx?Id=84f84207-ef35-4b32-bcbf-b177a130a866,https://councilrecord.ca/mapleridge.html#vote/16f8rve,"THAT Multi - Use Community Park Loan Authorization Bylaw No. 8124 - 2026 be given first, second and third reading."
2026-06-30,Regular Council,9.1,"Recreation Ready Design, Costs and Funding Strategy",Main motion,Carried,4,0,3,Korleen Carreras,Onyeka Dozie,In favour,In favour,In favour,In favour,Absent,Absent,Absent,Taxes & spending; Parks & recreation,7 of 7,,,https://pub-mapleridge.escribemeetings.com/filestream.ashx?DocumentId=13866,https://pub-mapleridge.escribemeetings.com/Players/ISIStandAlonePlayer.aspx?Id=84f84207-ef35-4b32-bcbf-b177a130a866,https://councilrecord.ca/mapleridge.html#vote/1f2le22,"THAT Albion Twin Rink Arenas Expansion Loan Authorization Bylaw No. 8122 - 2026 be given first, second and third reading."
2026-07-14,Regular Council,7,CONSENT AGENDA,Main motion,Carried,6,0,1,Korleen Carreras,Judy Dueck,In favour,In favour,In favour,In favour,In favour,In favour,Absent,Governance & elections,,,,https://pub-mapleridge.escribemeetings.com/filestream.ashx?DocumentId=13869,https://pub-mapleridge.escribemeetings.com/Players/ISIStandAlonePlayer.aspx?Id=612f2a26-78e4-481e-bb15-77ee7c295413,https://councilrecord.ca/mapleridge.html#vote/ygrxq7,"THAT the items contained in the July 14, 2026, Regular Council Consen t Agenda be received into the record. 7.1 Advisory Committee Minutes - Liveable Community Advisory Committee - March 25, 2026 - Liveable Community Advisory Committee - April 23, 2026 - Liveable Community Advisory Committee - May 28, 2026"
2026-07-14,Regular Council,8.1,Provincial Housing Legislation: Density Bonus Framework Alignment – Zone Amending Bylaw No. 8119 - 2026,Main motion,Carried,6,0,1,Sunny Schiller,Jenny Tan,In favour,In favour,In favour,In favour,In favour,In favour,Absent,Housing & density,,,,https://pub-mapleridge.escribemeetings.com/filestream.ashx?DocumentId=13869,https://pub-mapleridge.escribemeetings.com/Players/ISIStandAlonePlayer.aspx?Id=612f2a26-78e4-481e-bb15-77ee7c295413,https://councilrecord.ca/mapleridge.html#vote/166juxz,THAT Maple Ridge Zone Amending Bylaw No. 8119 - 2026 be adopted.
2026-07-14,Regular Council,8.3,Maple Ridge Downtown Business Improvement Area Establishment Bylaw Adoption,Main motion,Carried,6,0,1,Onyeka Dozie,Korleen Carreras,In favour,In favour,In favour,In favour,In favour,In favour,Absent,Neighbourhood character; Business & economy,1 of 2,,,https://pub-mapleridge.escribemeetings.com/filestream.ashx?DocumentId=13869,https://pub-mapleridge.escribemeetings.com/Players/ISIStandAlonePlayer.aspx?Id=612f2a26-78e4-481e-bb15-77ee7c295413,https://councilrecord.ca/mapleridge.html#vote/226pl7,THAT Heritage Designation Bylaw No. 8022 - 2026 for the property at 21694 River Road be given first and second readings and be forwarded to Public Hearing.
2026-07-14,Regular Council,8.3,Maple Ridge Downtown Business Improvement Area Establishment Bylaw Adoption,Main motion,Carried,6,0,1,Onyeka Dozie,Korleen Carreras,In favour,In favour,In favour,In favour,In favour,In favour,Absent,Taxes & spending; Business & economy,2 of 2,,,https://pub-mapleridge.escribemeetings.com/filestream.ashx?DocumentId=13869,https://pub-mapleridge.escribemeetings.com/Players/ISIStandAlonePlayer.aspx?Id=612f2a26-78e4-481e-bb15-77ee7c295413,https://councilrecord.ca/mapleridge.html#vote/g0a8uz,"THAT Tax Exemption Bylaw No. 8023 - 2026 fo r the property at 21694 River Road be given first, second, and third readings."
2026-07-14,Regular Council,8.5,Bylaw Notice Enforcement Amending Bylaw No. 8107 - 2026 and Maple Ridge Ticket Information Utilization Bylaw No. 8108 - 2026,Main motion,Carried,6,0,1,Sunny Schiller,Jenny Tan,In favour,In favour,In favour,In favour,In favour,In favour,Absent,Other,1 of 2,,,https://pub-mapleridge.escribemeetings.com/filestream.ashx?DocumentId=13869,https://pub-mapleridge.escribemeetings.com/Players/ISIStandAlonePlayer.aspx?Id=612f2a26-78e4-481e-bb15-77ee7c295413,https://councilrecord.ca/mapleridge.html#vote/1wx6eiu,"THAT Bylaw Notice Enforcement Amending Bylaw No. 8107 - 2026 be given first, second and third reading."
2026-07-14,Regular Council,8.5,Bylaw Notice Enforcement Amending Bylaw No. 8107 - 2026 and Maple Ridge Ticket Information Utilization Bylaw No. 8108 - 2026,Main motion,Carried,6,0,1,Judy Dueck,Onyeka Dozie,In favour,In favour,In favour,In favour,In favour,In favour,Absent,Other,2 of 2,,,https://pub-mapleridge.escribemeetings.com/filestream.ashx?DocumentId=13869,https://pub-mapleridge.escribemeetings.com/Players/ISIStandAlonePlayer.aspx?Id=612f2a26-78e4-481e-bb15-77ee7c295413,https://councilrecord.ca/mapleridge.html#vote/1doxa3h,"THAT Maple Ri dge Ticket Information Utilization Amending Bylaw No. 8108 - 2026 be given first, second and third reading."
2026-07-14,Regular Council,9.1,Town Centre Road Network Update,Main motion,Carried,5,1,1,Onyeka Dozie,Korleen Carreras,In favour,In favour,In favour,In favour,Against,In favour,Absent,Transportation,,,,https://pub-mapleridge.escribemeetings.com/filestream.ashx?DocumentId=13869,https://pub-mapleridge.escribemeetings.com/Players/ISIStandAlonePlayer.aspx?Id=612f2a26-78e4-481e-bb15-77ee7c295413,https://councilrecord.ca/mapleridge.html#vote/1vtzq8z,"THAT Council receive the report dated July 7, 2026, titled “Town Centre Road Network Update”."
2026-07-14,Regular Council,9.2,Zero Carbon Step Code Update,Main motion,Carried,6,0,1,Sunny Schiller,Jenny Tan,In favour,In favour,In favour,In favour,In favour,In favour,Absent,Other,1 of 2,,,https://pub-mapleridge.escribemeetings.com/filestream.ashx?DocumentId=13869,https://pub-mapleridge.escribemeetings.com/Players/ISIStandAlonePlayer.aspx?Id=612f2a26-78e4-481e-bb15-77ee7c295413,https://councilrecord.ca/mapleridge.html#vote/1semvt,"THAT Council receive for information the report titled “Zero Carbon Step Code Update” dated July 7, 2026"
2026-07-14,Regular Council,9.2,Zero Carbon Step Code Update,Main motion,Carried,5,1,1,Judy Dueck,Onyeka Dozie,In favour,In favour,In favour,In favour,In favour,Against,Absent,Other,2 of 2,,,https://pub-mapleridge.escribemeetings.com/filestream.ashx?DocumentId=13869,https://pub-mapleridge.escribemeetings.com/Players/ISIStandAlonePlayer.aspx?Id=612f2a26-78e4-481e-bb15-77ee7c295413,https://councilrecord.ca/mapleridge.html#vote/mz9nfa,"THAT Council direct staff to delay the implementati on of EL - 4 of the Zero Carbon Step Code to September 1, 2027"
2026-07-14,Regular Council,9.3,Business Planning Guidelines for the 2027 - 2031 Five - Year Financial Plan,Main motion,Carried,6,0,1,Sunny Schiller,Onyeka Dozie,In favour,In favour,In favour,In favour,In favour,In favour,Absent,Taxes & spending; Business & economy,,,,https://pub-mapleridge.escribemeetings.com/filestream.ashx?DocumentId=13869,https://pub-mapleridge.escribemeetings.com/Players/ISIStandAlonePlayer.aspx?Id=612f2a26-78e4-481e-bb15-77ee7c295413,https://councilrecord.ca/mapleridge.html#vote/wv9i89,"THAT Council approve the guidelines for business planning as attached to the report titled “Business Planning Guidelines for the 2027 - 2031 Five - Year Financial Plan” dated July 7, 2026."
2026-07-21,Regular Council,8,BYLAWS,Main motion,Carried,6,0,1,Sunny Schiller,Korleen Carreras,In favour,In favour,In favour,In favour,In favour,In favour,Absent,Other,,,,https://pub-mapleridge.escribemeetings.com/filestream.ashx?DocumentId=13870,https://pub-mapleridge.escribemeetings.com/Players/ISIStandAlonePlayer.aspx?Id=2b4ffdea-f9e0-4e8d-955d-fc0630478e23,https://councilrecord.ca/mapleridge.html#vote/1hcwj8a,THAT Maple Ridge Zone Amending Bylaw No. 8005 - 2024 be abandoned.
2026-07-21,Regular Council,8,BYLAWS,Main motion,Carried,6,0,1,Jenny Tan,Korleen Carreras,In favour,In favour,In favour,In favour,In favour,In favour,Absent,Other,,,,https://pub-mapleridge.escribemeetings.com/filestream.ashx?DocumentId=13870,https://pub-mapleridge.escribemeetings.com/Players/ISIStandAlonePlayer.aspx?Id=2b4ffdea-f9e0-4e8d-955d-fc0630478e23,https://councilrecord.ca/mapleridge.html#vote/9mjd93,"THAT Maple Ridge Zone Amending Bylaw No. 8120 - 2026 be given first, second and third reading and; THAT staff be directed to work with the applicant to address the outstanding terms and conditions as set out in the report dated July 14, 2026, and any other as identified by Council, prior to recommending bylaw adoption"
2026-07-21,Regular Council,8,BYLAWS,Main motion,Carried,6,0,1,Judy Dueck,Sunny Schiller,In favour,In favour,In favour,In favour,In favour,In favour,Absent,Other,,,,https://pub-mapleridge.escribemeetings.com/filestream.ashx?DocumentId=13870,https://pub-mapleridge.escribemeetings.com/Players/ISIStandAlonePlayer.aspx?Id=2b4ffdea-f9e0-4e8d-955d-fc0630478e23,https://councilrecord.ca/mapleridge.html#vote/r4a43,THAT Zone Amending Bylaw No. 7562 - 2019 be adopted.
2026-07-21,Regular Council,8.3,Floodplain Management and Soil Deposit Regulation Bylaws,Main motion,Carried,6,0,1,Judy Dueck,Jenny Tan,In favour,In favour,In favour,In favour,In favour,In favour,Absent,Development; Environment & climate,1 of 2,,,https://pub-mapleridge.escribemeetings.com/filestream.ashx?DocumentId=13870,https://pub-mapleridge.escribemeetings.com/Players/ISIStandAlonePlayer.aspx?Id=2b4ffdea-f9e0-4e8d-955d-fc0630478e23,https://councilrecord.ca/mapleridge.html#vote/f79xt5,"THAT Floodplain Management Bylaw No. 8121 - 2026 be given first, second, and third readings."
2026-07-21,Regular Council,8.3,Floodplain Management and Soil Deposit Regulation Bylaws,Main motion,Carried,6,0,1,Sunny Schiller,Jenny Tan,In favour,In favour,In favour,In favour,In favour,In favour,Absent,Development; Environment & climate,2 of 2,,,https://pub-mapleridge.escribemeetings.com/filestream.ashx?DocumentId=13870,https://pub-mapleridge.escribemeetings.com/Players/ISIStandAlonePlayer.aspx?Id=2b4ffdea-f9e0-4e8d-955d-fc0630478e23,https://councilrecord.ca/mapleridge.html#vote/1qjdh4i,"THAT Soil Deposit Regulation Amending Bylaw No. 8128 - 2026 be given first, second, and third readings."
2026-07-21,Regular Council,8.4,Amenity Cost Charge s Bylaw,Main motion,Carried,6,0,1,Judy Dueck,Korleen Carreras,In favour,In favour,In favour,In favour,In favour,In favour,Absent,Development; Taxes & spending,1 of 2,,,https://pub-mapleridge.escribemeetings.com/filestream.ashx?DocumentId=13870,https://pub-mapleridge.escribemeetings.com/Players/ISIStandAlonePlayer.aspx?Id=2b4ffdea-f9e0-4e8d-955d-fc0630478e23,https://councilrecord.ca/mapleridge.html#vote/1yrq15l,"THAT Amenity Cost Charges Bylaw No. 8105 - 2026, as amended, be given second reading."
2026-07-21,Regular Council,8.4,Amenity Cost Charge s Bylaw,Main motion,Carried,6,0,1,Sunny Schiller,Korleen Carreras,In favour,In favour,In favour,In favour,In favour,In favour,Absent,Development; Taxes & spending,2 of 2,,,https://pub-mapleridge.escribemeetings.com/filestream.ashx?DocumentId=13870,https://pub-mapleridge.escribemeetings.com/Players/ISIStandAlonePlayer.aspx?Id=2b4ffdea-f9e0-4e8d-955d-fc0630478e23,https://councilrecord.ca/mapleridge.html#vote/m1dkxc,THAT Amenity Cost Charges Bylaw No. 8105 - 2026 be given third reading
2026-07-21,Regular Council,8.5,Building Bylaw Update,Main motion,Carried,6,0,1,Jenny Tan,Sunny Schiller,In favour,In favour,In favour,In favour,In favour,In favour,Absent,Other,1 of 2,,,https://pub-mapleridge.escribemeetings.com/filestream.ashx?DocumentId=13870,https://pub-mapleridge.escribemeetings.com/Players/ISIStandAlonePlayer.aspx?Id=2b4ffdea-f9e0-4e8d-955d-fc0630478e23,https://councilrecord.ca/mapleridge.html#vote/jpntfr,THAT third reading of Maple Ridge Building Bylaw No. 8097 - 2026 be rescinded;
2026-07-21,Regular Council,8.5,Building Bylaw Update,Main motion,Carried,6,0,1,Judy Dueck,Korleen Carreras,In favour,In favour,In favour,In favour,In favour,In favour,Absent,Other,2 of 2,,,https://pub-mapleridge.escribemeetings.com/filestream.ashx?DocumentId=13870,https://pub-mapleridge.escribemeetings.com/Players/ISIStandAlonePlayer.aspx?Id=2b4ffdea-f9e0-4e8d-955d-fc0630478e23,https://councilrecord.ca/mapleridge.html#vote/ifc0tv,"THAT Maple Ridge Building Bylaw No. 8097 - 2026 be read a third time, as amended."
2026-07-21,Regular Council,9,STAFF AND COMMITTEE REPORTS,Main motion,Carried,6,0,1,Sunny Schiller,Judy Dueck,In favour,In favour,In favour,In favour,In favour,In favour,Absent,Development; Governance & elections,,,,https://pub-mapleridge.escribemeetings.com/filestream.ashx?DocumentId=13870,https://pub-mapleridge.escribemeetings.com/Players/ISIStandAlonePlayer.aspx?Id=2b4ffdea-f9e0-4e8d-955d-fc0630478e23,https://councilrecord.ca/mapleridge.html#vote/1w1w9c1,THAT the issuance of Development Variance Permit 2025 - 109 - VP for 11040 Cameron Court be approved.
2026-07-21,Regular Council,9.2,Measures to Facilitate Ground - Oriented ‘Missing Middle’ Housing Forms,Main motion,Carried,6,0,1,Sunny Schiller,Jenny Tan,In favour,In favour,In favour,In favour,In favour,In favour,Absent,Housing & density,1 of 2,,,https://pub-mapleridge.escribemeetings.com/filestream.ashx?DocumentId=13870,https://pub-mapleridge.escribemeetings.com/Players/ISIStandAlonePlayer.aspx?Id=2b4ffdea-f9e0-4e8d-955d-fc0630478e23,https://councilrecord.ca/mapleridge.html#vote/dlwssg,THAT the Expedited Processing Pilot Program fo r triplex and fourplex forms of housing be approved
2026-07-21,Regular Council,9.2,Measures to Facilitate Ground - Oriented ‘Missing Middle’ Housing Forms,Main motion,Carried,6,0,1,Judy Dueck,Korleen Carreras,In favour,In favour,In favour,In favour,In favour,In favour,Absent,Housing & density,2 of 2,,,https://pub-mapleridge.escribemeetings.com/filestream.ashx?DocumentId=13870,https://pub-mapleridge.escribemeetings.com/Players/ISIStandAlonePlayer.aspx?Id=2b4ffdea-f9e0-4e8d-955d-fc0630478e23,https://councilrecord.ca/mapleridge.html#vote/154ragk,THAT staff be directed to prepare measures that enhance the choice and affordability of infill housing and ground - oriented fee simple townhouses for Council’s consideration.
2026-07-21,Regular Council,9.3,Amendments to Assent Voting Questions and Loan Authorization Bylaw Proposed minor amendments to the loan authorization bylaw associated with the,Main motion,Carried,6,0,1,Judy Dueck,Korleen Carreras,In favour,In favour,In favour,In favour,In favour,In favour,Absent,Taxes & spending; Parks & recreation; Governance & elections,1 of 5,,,https://pub-mapleridge.escribemeetings.com/filestream.ashx?DocumentId=13870,https://pub-mapleridge.escribemeetings.com/Players/ISIStandAlonePlayer.aspx?Id=2b4ffdea-f9e0-4e8d-955d-fc0630478e23,https://councilrecord.ca/mapleridge.html#vote/3kp4wj,THAT Council rescind third reading of Multi - Use Community Park Loan Authorization Bylaw No. 8124 - 2026.
2026-07-21,Regular Council,9.3,Amendments to Assent Voting Questions and Loan Authorization Bylaw Proposed minor amendments to the loan authorization bylaw associated with the,Main motion,Carried,6,0,1,Korleen Carreras,Sunny Schiller,In favour,In favour,In favour,In favour,In favour,In favour,Absent,Taxes & spending; Parks & recreation; Governance & elections,2 of 5,,,https://pub-mapleridge.escribemeetings.com/filestream.ashx?DocumentId=13870,https://pub-mapleridge.escribemeetings.com/Players/ISIStandAlonePlayer.aspx?Id=2b4ffdea-f9e0-4e8d-955d-fc0630478e23,https://councilrecord.ca/mapleridge.html#vote/1e3x64l,THAT Multi - Use Community Park Loan Authorization Bylaw No. 8124 - 2026 be given third reading as amended.
2026-07-21,Regular Council,9.3,Amendments to Assent Voting Questions and Loan Authorization Bylaw Proposed minor amendments to the loan authorization bylaw associated with the,Main motion,Carried,6,0,1,Korleen Carreras,Jenny Tan,In favour,In favour,In favour,In favour,In favour,In favour,Absent,Taxes & spending; Governance & elections,3 of 5,,,https://pub-mapleridge.escribemeetings.com/filestream.ashx?DocumentId=13870,https://pub-mapleridge.escribemeetings.com/Players/ISIStandAlonePlayer.aspx?Id=2b4ffdea-f9e0-4e8d-955d-fc0630478e23,https://councilrecord.ca/mapleridge.html#vote/1alasrk,THAT Council rescind Resolution No. R/2026 - CM - 163 approving assent voting questions.
2026-07-21,Regular Council,9.3,Amendments to Assent Voting Questions and Loan Authorization Bylaw Proposed minor amendments to the loan authorization bylaw associated with the,Main motion,Carried,6,0,1,Judy Dueck,Korleen Carreras,In favour,In favour,In favour,In favour,In favour,In favour,Absent,Taxes & spending; Governance & elections,4 of 5,,,https://pub-mapleridge.escribemeetings.com/filestream.ashx?DocumentId=13870,https://pub-mapleridge.escribemeetings.com/Players/ISIStandAlonePlayer.aspx?Id=2b4ffdea-f9e0-4e8d-955d-fc0630478e23,https://councilrecord.ca/mapleridge.html#vote/1v7fvk3,THAT Council add the addresses to the assent questions for each of the projects Abse nt (1): Councillor Yousef
2026-07-21,Regular Council,9.3,Amendments to Assent Voting Questions and Loan Authorization Bylaw Proposed minor amendments to the loan authorization bylaw associated with the,Main motion,Carried,6,0,1,Judy Dueck,Korleen Carreras,In favour,In favour,In favour,In favour,In favour,In favour,Absent,Taxes & spending; Governance & elections,5 of 5,,,https://pub-mapleridge.escribemeetings.com/filestream.ashx?DocumentId=13870,https://pub-mapleridge.escribemeetings.com/Players/ISIStandAlonePlayer.aspx?Id=2b4ffdea-f9e0-4e8d-955d-fc0630478e23,https://councilrecord.ca/mapleridge.html#vote/12ilj1s,"THAT Council approve the following questions to be on the ballot and submitted to the electors of the City of Maple Ridge for the assent voting process (referendum) to be held on October 17, 2026: 1. Are you in favour of the City of Maple Ridge adopting the Hammond Aquatics and Recreation Centre Loan Authorization Bylaw No. 8123 - 2026 to authorize borrowing up to $227,000,000 for a term up to 25 years to construct an aquatic recreation centre at the properties located at 11509 207 Street, 20601 Westfield Avenue and an unaddressed property (PID: 013 - 715 - 984)? 2. Are you in favour of the City of Maple Ridge adopting the Hammond Multi - Use Community Park Loan Authorization Bylaw No. 8124 - 2026 to authorize borrowing up to $23,000,000 for a term up to 25 years to construct a multi - use community park at the property located at 20818 Golf Lane? 3. Are you in favour of the Cit y of Maple Ridge adopting the Albion Twin - Rink Arenas Expansion Loan Authorization Bylaw No. 8122 - 2026 to authorize borrowing up to $143,000,000 for a term up to 25 years to construct a twin - rink arena expansion at the property located at 23588 Jim Robson Way?"
2026-07-28,Regular Council,8.1,Heritage Designation Bylaw and Tax Exemption Bylaw for 21694 River Road Correcting the bylaw numbers of proposed bylaws to provide permanent heritage,Main motion,Carried,5,0,2,Sunny Schiller,Korleen Carreras,In favour,In favour,In favour,In favour,In favour,Absent,Absent,Taxes & spending; Neighbourhood character,1 of 3,,,https://pub-mapleridge.escribemeetings.com/filestream.ashx?DocumentId=14302,https://pub-mapleridge.escribemeetings.com/Players/ISIStandAlonePlayer.aspx?Id=49432824-b00c-4fba-a16c-6354a632e3d0,https://councilrecord.ca/mapleridge.html#vote/skq4fr,THAT Heritage Designation Bylaw No . 8022 - 2026 and Tax Exemption Bylaw No. 8023 - 2026 for the property at 21694 River Road be abandoned.
2026-07-28,Regular Council,8.1,Heritage Designation Bylaw and Tax Exemption Bylaw for 21694 River Road Correcting the bylaw numbers of proposed bylaws to provide permanent heritage,Main motion,Carried,5,0,2,Onyeka Dozie,Judy Dueck,In favour,In favour,In favour,In favour,In favour,Absent,Absent,Taxes & spending; Neighbourhood character,2 of 3,,,https://pub-mapleridge.escribemeetings.com/filestream.ashx?DocumentId=14302,https://pub-mapleridge.escribemeetings.com/Players/ISIStandAlonePlayer.aspx?Id=49432824-b00c-4fba-a16c-6354a632e3d0,https://councilrecord.ca/mapleridge.html#vote/1mjebt9,THAT Heritage Designation Bylaw No. 8129 - 2026 for the property at 21694 River Road be given first and second readings and be forwarded to Public Hearing.
2026-07-28,Regular Council,8.1,Heritage Designation Bylaw and Tax Exemption Bylaw for 21694 River Road Correcting the bylaw numbers of proposed bylaws to provide permanent heritage,Main motion,Carried,5,0,2,Onyeka Dozie,Sunny Schiller,In favour,In favour,In favour,In favour,In favour,Absent,Absent,Taxes & spending; Neighbourhood character,3 of 3,,,https://pub-mapleridge.escribemeetings.com/filestream.ashx?DocumentId=14302,https://pub-mapleridge.escribemeetings.com/Players/ISIStandAlonePlayer.aspx?Id=49432824-b00c-4fba-a16c-6354a632e3d0,https://councilrecord.ca/mapleridge.html#vote/1rmz49m,"THAT Tax Exemption Bylaw No. 8130 - 2026 for the property at 21694 River Road be given first, second, and third readings."
2026-07-28,Regular Council,8.2,New Medium and High - Density Zones for Key Growth Areas,Main motion,Carried,5,0,2,Onyeka Dozie,Sunny Schiller,In favour,In favour,In favour,In favour,In favour,Absent,Absent,Housing & density,1 of 2,,,https://pub-mapleridge.escribemeetings.com/filestream.ashx?DocumentId=14302,https://pub-mapleridge.escribemeetings.com/Players/ISIStandAlonePlayer.aspx?Id=49432824-b00c-4fba-a16c-6354a632e3d0,https://councilrecord.ca/mapleridge.html#vote/bn1k95,THAT a Public Hearing for Zone Amending Bylaw No. 8126 - 2026 be waived in accordance with Section 464(2) of the Local Government Act.
2026-07-28,Regular Council,8.2,New Medium and High - Density Zones for Key Growth Areas,Main motion,Carried,5,0,2,Sunny Schiller,Judy Dueck,In favour,In favour,In favour,In favour,In favour,Absent,Absent,Housing & density,2 of 2,,,https://pub-mapleridge.escribemeetings.com/filestream.ashx?DocumentId=14302,https://pub-mapleridge.escribemeetings.com/Players/ISIStandAlonePlayer.aspx?Id=49432824-b00c-4fba-a16c-6354a632e3d0,https://councilrecord.ca/mapleridge.html#vote/1uhlwcn,THAT Zone Amending Bylaw No. 8126 - 2026 be given first and second reading.
2026-07-28,Regular Council,8.3,Housekeeping Amendments to Zoning Bylaw No. 7600 - 2019,Main motion,Carried,5,0,2,Onyeka Dozie,Korleen Carreras,In favour,In favour,In favour,In favour,In favour,Absent,Absent,Housing & density; Development; Transportation; Governance & elections,1 of 8,,,https://pub-mapleridge.escribemeetings.com/filestream.ashx?DocumentId=14302,https://pub-mapleridge.escribemeetings.com/Players/ISIStandAlonePlayer.aspx?Id=49432824-b00c-4fba-a16c-6354a632e3d0,https://councilrecord.ca/mapleridge.html#vote/qetwnx,THAT Council rescind Policy 6.35 - Tandem Parking Garage Units Within Townhouse Units
2026-07-28,Regular Council,8.3,Housekeeping Amendments to Zoning Bylaw No. 7600 - 2019,Main motion,Carried,5,0,2,Sunny Schiller,Onyeka Dozie,In favour,In favour,In favour,In favour,In favour,Absent,Absent,Development; Governance & elections,2 of 8,,,https://pub-mapleridge.escribemeetings.com/filestream.ashx?DocumentId=14302,https://pub-mapleridge.escribemeetings.com/Players/ISIStandAlonePlayer.aspx?Id=49432824-b00c-4fba-a16c-6354a632e3d0,https://councilrecord.ca/mapleridge.html#vote/1efisd5,THAT Maple Ridge Zone Amending Bylaw No. 8117 - 2026 be adopted
2026-07-28,Regular Council,8.3,Housekeeping Amendments to Zoning Bylaw No. 7600 - 2019,Main motion,Carried,5,0,2,Sunny Schiller,Onyeka Dozie,In favour,In favour,In favour,In favour,In favour,Absent,Absent,Housing & density; Development; Governance & elections,3 of 8,,,https://pub-mapleridge.escribemeetings.com/filestream.ashx?DocumentId=14302,https://pub-mapleridge.escribemeetings.com/Players/ISIStandAlonePlayer.aspx?Id=49432824-b00c-4fba-a16c-6354a632e3d0,https://councilrecord.ca/mapleridge.html#vote/bz8lkv,THAT Maple Ridge Official Community Plan Amending Bylaw No. 7963 - 2023 be abandoned.
2026-07-28,Regular Council,8.3,Housekeeping Amendments to Zoning Bylaw No. 7600 - 2019,Main motion,Carried,5,0,2,Onyeka Dozie,Judy Dueck,In favour,In favour,In favour,In favour,In favour,Absent,Absent,Development; Governance & elections,4 of 8,,,https://pub-mapleridge.escribemeetings.com/filestream.ashx?DocumentId=14302,https://pub-mapleridge.escribemeetings.com/Players/ISIStandAlonePlayer.aspx?Id=49432824-b00c-4fba-a16c-6354a632e3d0,https://councilrecord.ca/mapleridge.html#vote/1e6b9bp,THAT Maple Ridge Zone Amending Bylaw No. 7962 - 2023 be adopted.
2026-07-28,Regular Council,8.3,Housekeeping Amendments to Zoning Bylaw No. 7600 - 2019,Main motion,Carried,5,0,2,Judy Dueck,Onyeka Dozie,In favour,In favour,In favour,In favour,In favour,Absent,Absent,Development; Governance & elections,5 of 8,,,https://pub-mapleridge.escribemeetings.com/filestream.ashx?DocumentId=14302,https://pub-mapleridge.escribemeetings.com/Players/ISIStandAlonePlayer.aspx?Id=49432824-b00c-4fba-a16c-6354a632e3d0,https://councilrecord.ca/mapleridge.html#vote/1ucag88,THAT Maple Ridge Zone Amending Bylaw No. 8058 - 2025 be adopted.
2026-07-28,Regular Council,8.3,Housekeeping Amendments to Zoning Bylaw No. 7600 - 2019,Main motion,Carried,5,0,2,Sunny Schiller,Onyeka Dozie,In favour,In favour,In favour,In favour,In favour,Absent,Absent,Development; Governance & elections,6 of 8,,,https://pub-mapleridge.escribemeetings.com/filestream.ashx?DocumentId=14302,https://pub-mapleridge.escribemeetings.com/Players/ISIStandAlonePlayer.aspx?Id=49432824-b00c-4fba-a16c-6354a632e3d0,https://councilrecord.ca/mapleridge.html#vote/1fwmhr4,THAT Maple Ridge Zone Amending Bylaw No. 8051 - 2025 be abandoned.
2026-07-28,Regular Council,8.3,Housekeeping Amendments to Zoning Bylaw No. 7600 - 2019,Main motion,Carried,5,0,2,Sunny Schiller,Onyeka Dozie,In favour,In favour,In favour,In favour,In favour,Absent,Absent,Development; Governance & elections,7 of 8,,,https://pub-mapleridge.escribemeetings.com/filestream.ashx?DocumentId=14302,https://pub-mapleridge.escribemeetings.com/Players/ISIStandAlonePlayer.aspx?Id=49432824-b00c-4fba-a16c-6354a632e3d0,https://councilrecord.ca/mapleridge.html#vote/1q2scse,THAT Maple Ridge Zone Amending Bylaw No. 8127 - 2026 be adopted.
2026-07-28,Regular Council,8.3,Housekeeping Amendments to Zoning Bylaw No. 7600 - 2019,Main motion,Carried,5,0,2,Judy Dueck,Korleen Carreras,In favour,In favour,In favour,In favour,In favour,Absent,Absent,Development; Governance & elections,8 of 8,,,https://pub-mapleridge.escribemeetings.com/filestream.ashx?DocumentId=14302,https://pub-mapleridge.escribemeetings.com/Players/ISIStandAlonePlayer.aspx?Id=49432824-b00c-4fba-a16c-6354a632e3d0,https://councilrecord.ca/mapleridge.html#vote/1hrcg0e,THAT Maple Ridge Zone Ame nding Bylaw No. 8038 - 2025 be adopted.
2026-07-28,Regular Council,8.8,Floodplain Management and Soil Deposit Regulation,Main motion,Carried,5,0,2,Onyeka Dozie,Judy Dueck,In favour,In favour,In favour,In favour,In favour,Absent,Absent,Development; Environment & climate,1 of 3,,,https://pub-mapleridge.escribemeetings.com/filestream.ashx?DocumentId=14302,https://pub-mapleridge.escribemeetings.com/Players/ISIStandAlonePlayer.aspx?Id=49432824-b00c-4fba-a16c-6354a632e3d0,https://councilrecord.ca/mapleridge.html#vote/rspi8a,THAT Floodplain Management Bylaw No. 8121 - 2026 be adopted.
2026-07-28,Regular Council,8.8,Floodplain Management and Soil Deposit Regulation,Main motion,Carried,5,0,2,Sunny Schiller,Onyeka Dozie,In favour,In favour,In favour,In favour,In favour,Absent,Absent,Development; Environment & climate,2 of 3,,,https://pub-mapleridge.escribemeetings.com/filestream.ashx?DocumentId=14302,https://pub-mapleridge.escribemeetings.com/Players/ISIStandAlonePlayer.aspx?Id=49432824-b00c-4fba-a16c-6354a632e3d0,https://councilrecord.ca/mapleridge.html#vote/u4c0hp,THAT Soil Deposit Regulation Amending Bylaw No. 8128 - 2026 be adopted.
2026-07-28,Regular Council,8.8,Floodplain Management and Soil Deposit Regulation,Main motion,Carried,5,0,2,Onyeka Dozie,Sunny Schiller,In favour,In favour,In favour,In favour,In favour,Absent,Absent,Development; Environment & climate; Governance & elections,3 of 3,,,https://pub-mapleridge.escribemeetings.com/filestream.ashx?DocumentId=14302,https://pub-mapleridge.escribemeetings.com/Players/ISIStandAlonePlayer.aspx?Id=49432824-b00c-4fba-a16c-6354a632e3d0,https://councilrecord.ca/mapleridge.html#vote/15upli5,THAT Council approve the updated Council Policy 9.10 – Regulation of Earth Fill Within Floodplains.
2026-07-28,Regular Council,8.9,Tenant Protection: Proposed Bylaw and Development Permit Ar ea,Main motion,Carried,5,0,2,Sunny Schiller,Judy Dueck,In favour,In favour,In favour,In favour,In favour,Absent,Absent,Housing & density; Development,1 of 4,,,https://pub-mapleridge.escribemeetings.com/filestream.ashx?DocumentId=14302,https://pub-mapleridge.escribemeetings.com/Players/ISIStandAlonePlayer.aspx?Id=49432824-b00c-4fba-a16c-6354a632e3d0,https://councilrecord.ca/mapleridge.html#vote/1u8s4cz,THAT Maple Ridge Tenant Protection Bylaw No. 8106 - 2026 be adopted.
2026-07-28,Regular Council,8.9,Tenant Protection: Proposed Bylaw and Development Permit Ar ea,Main motion,Carried,5,0,2,Onyeka Dozie,Korleen Carreras,In favour,In favour,In favour,In favour,In favour,Absent,Absent,Housing & density; Development,2 of 4,,,https://pub-mapleridge.escribemeetings.com/filestream.ashx?DocumentId=14302,https://pub-mapleridge.escribemeetings.com/Players/ISIStandAlonePlayer.aspx?Id=49432824-b00c-4fba-a16c-6354a632e3d0,https://councilrecord.ca/mapleridge.html#vote/1mlf3yv,THAT Maple Ridge Official Community Plan Amending Bylaw No. 8109 - 2026 be given third reading.
2026-07-28,Regular Council,8.9,Tenant Protection: Proposed Bylaw and Development Permit Ar ea,Main motion,Carried,5,0,2,Onyeka Dozie,Sunny Schiller,In favour,In favour,In favour,In favour,In favour,Absent,Absent,Housing & density; Development,3 of 4,,,https://pub-mapleridge.escribemeetings.com/filestream.ashx?DocumentId=14302,https://pub-mapleridge.escribemeetings.com/Players/ISIStandAlonePlayer.aspx?Id=49432824-b00c-4fba-a16c-6354a632e3d0,https://councilrecord.ca/mapleridge.html#vote/5h324u,THAT Maple Ridge Official Community Plan Amending Bylaw No. 8109 - 2026 be adopted.
2026-07-28,Regular Council,8.9,Tenant Protection: Proposed Bylaw and Development Permit Ar ea,Main motion,Carried,5,0,2,Onyeka Dozie,Korleen Carreras,In favour,In favour,In favour,In favour,In favour,Absent,Absent,Housing & density; Development; Governance & elections,4 of 4,,,https://pub-mapleridge.escribemeetings.com/filestream.ashx?DocumentId=14302,https://pub-mapleridge.escribemeetings.com/Players/ISIStandAlonePlayer.aspx?Id=49432824-b00c-4fba-a16c-6354a632e3d0,https://councilrecord.ca/mapleridge.html#vote/tu28fg,THAT Maple Ridge Development Approval Procedures Amending Bylaw No. 8110 - 2026 be adopted.
2026-07-28,Regular Council,8.10,Bylaw Notice Enforcement Amending Bylaw & Maple Ridge Ticket,Main motion,Carried,5,0,2,Sunny Schiller,Korleen Carreras,In favour,In favour,In favour,In favour,In favour,Absent,Absent,Other,1 of 2,,,https://pub-mapleridge.escribemeetings.com/filestream.ashx?DocumentId=14302,https://pub-mapleridge.escribemeetings.com/Players/ISIStandAlonePlayer.aspx?Id=49432824-b00c-4fba-a16c-6354a632e3d0,https://councilrecord.ca/mapleridge.html#vote/z4w0oy,THAT Bylaw Notice Enforcement Amending Bylaw No. 8107 - 2026 be adopted.
2026-07-28,Regular Council,8.10,Bylaw Notice Enforcement Amending Bylaw & Maple Ridge Ticket,Main motion,Carried,5,0,2,Judy Dueck,Onyeka Dozie,In favour,In favour,In favour,In favour,In favour,Absent,Absent,Other,2 of 2,,,https://pub-mapleridge.escribemeetings.com/filestream.ashx?DocumentId=14302,https://pub-mapleridge.escribemeetings.com/Players/ISIStandAlonePlayer.aspx?Id=49432824-b00c-4fba-a16c-6354a632e3d0,https://councilrecord.ca/mapleridge.html#vote/bnw682,THAT Maple Ridge Ticket Information Utilization Amending Bylaw No. 8108 - 2026 be adopted.
2026-07-28,Regular Council,8.11,Amenity Cost Charges Bylaw,Main motion,Carried,5,0,2,Onyeka Dozie,Sunny Schiller,In favour,In favour,In favour,In favour,In favour,Absent,Absent,Development; Taxes & spending,,,,https://pub-mapleridge.escribemeetings.com/filestream.ashx?DocumentId=14302,https://pub-mapleridge.escribemeetings.com/Players/ISIStandAlonePlayer.aspx?Id=49432824-b00c-4fba-a16c-6354a632e3d0,https://councilrecord.ca/mapleridge.html#vote/8tufqq,THAT City of Maple Ridge Amenity Cost Charges Bylaw No. 8105 - 2026 be adopted.
2026-07-28,Regular Council,8.12,Building Bylaw,Main motion,Carried,5,0,2,Onyeka Dozie,Korleen Carreras,In favour,In favour,In favour,In favour,In favour,Absent,Absent,Other,,,,https://pub-mapleridge.escribemeetings.com/filestream.ashx?DocumentId=14302,https://pub-mapleridge.escribemeetings.com/Players/ISIStandAlonePlayer.aspx?Id=49432824-b00c-4fba-a16c-6354a632e3d0,https://councilrecord.ca/mapleridge.html#vote/hfj2zs,THAT Maple Ridge Building Bylaw No. 8097 - 2026 be adopted.
2026-07-28,Regular Council,9,STAFF AND COMMITTEE REPORTS,Main motion,Carried,5,0,2,Judy Dueck,Sunny Schiller,In favour,In favour,In favour,In favour,In favour,Absent,Absent,Development; Governance & elections,,,,https://pub-mapleridge.escribemeetings.com/filestream.ashx?DocumentId=14302,https://pub-mapleridge.escribemeetings.com/Players/ISIStandAlonePlayer.aspx?Id=49432824-b00c-4fba-a16c-6354a632e3d0,https://councilrecord.ca/mapleridge.html#vote/gtjqq6,THAT the issuance of Multi - Family Development Permit 2023 - 255 - DP for 13285 Balsam Street be approved.
2026-07-28,Regular Council,9,STAFF AND COMMITTEE REPORTS,Main motion,Carried,5,0,2,Sunny Schiller,Onyeka Dozie,In favour,In favour,In favour,In favour,In favour,Absent,Absent,Development; Governance & elections,,,,https://pub-mapleridge.escribemeetings.com/filestream.ashx?DocumentId=14302,https://pub-mapleridge.escribemeetings.com/Players/ISIStandAlonePlayer.aspx?Id=49432824-b00c-4fba-a16c-6354a632e3d0,https://councilrecord.ca/mapleridge.html#vote/1dyedz5,THAT the issuance of Development Variance Permit 2024 - 094 - VP for the subject properties be approved.
2026-07-28,Regular Council,9,STAFF AND COMMITTEE REPORTS,Main motion,Carried,5,0,2,Onyeka Dozie,Judy Dueck,In favour,In favour,In favour,In favour,In favour,Absent,Absent,Governance & elections,,,,https://pub-mapleridge.escribemeetings.com/filestream.ashx?DocumentId=14302,https://pub-mapleridge.escribemeetings.com/Players/ISIStandAlonePlayer.aspx?Id=49432824-b00c-4fba-a16c-6354a632e3d0,https://councilrecord.ca/mapleridge.html#vote/1knrpv7,THAT the issuance of Multi - Family Develo pment Permit 2024 - 188 - DP for 11089 240 Street be approved.
2026-07-28,Regular Council,9,STAFF AND COMMITTEE REPORTS,Main motion,Carried,5,0,2,Sunny Schiller,Onyeka Dozie,In favour,In favour,In favour,In favour,In favour,Absent,Absent,Governance & elections,,,,https://pub-mapleridge.escribemeetings.com/filestream.ashx?DocumentId=14302,https://pub-mapleridge.escribemeetings.com/Players/ISIStandAlonePlayer.aspx?Id=49432824-b00c-4fba-a16c-6354a632e3d0,https://councilrecord.ca/mapleridge.html#vote/1pc8klx,"THAT Council approve the report titled “Council Strategic Plan Q2, 2026 Key Result Update” dated July 21, 2026."
2026-07-28,Regular Council,9.6,City of Maple Ridge Housing Target Progress Repor t,Main motion,Carried,5,0,2,Judy Dueck,Korleen Carreras,In favour,In favour,In favour,In favour,In favour,Absent,Absent,Housing & density,,,,https://pub-mapleridge.escribemeetings.com/filestream.ashx?DocumentId=14302,https://pub-mapleridge.escribemeetings.com/Players/ISIStandAlonePlayer.aspx?Id=49432824-b00c-4fba-a16c-6354a632e3d0,https://councilrecord.ca/mapleridge.html#vote/198zvv7,"THAT the Housing Target Progress Report, as presented in the report dated July 21, 2026, titled “City of Maple Ridge Housing Target Progress Report: July 1, 2025 - June 30, 2026”, be received by Council in accordance with the Housing Supply Act and Regulation; and THAT th e Housing Target Progress Report be published on the City’s website and submitted to the Minister of Housing and Municipal Affairs in accordance with the requirements of the Housing Supply Act and Regulation."
2026-07-28,Regular Council,9.7,Tenant Protection: Companion Policies,Main motion,Carried,5,0,2,Sunny Schiller,Korleen Carreras,In favour,In favour,In favour,In favour,In favour,Absent,Absent,Housing & density,1 of 3,,,https://pub-mapleridge.escribemeetings.com/filestream.ashx?DocumentId=14302,https://pub-mapleridge.escribemeetings.com/Players/ISIStandAlonePlayer.aspx?Id=49432824-b00c-4fba-a16c-6354a632e3d0,https://councilrecord.ca/mapleridge.html#vote/fixl9c,"THAT Council approve the updated Tenant Relocation Assistance Policy 6.32, as attached to the report dated July 21, 2026 and titled “Tenant Protection: Companion Policies”."
2026-07-28,Regular Council,9.7,Tenant Protection: Companion Policies,Main motion,Carried,5,0,2,Onyeka Dozie,Judy Dueck,In favour,In favour,In favour,In favour,In favour,Absent,Absent,Housing & density; Parks & recreation,2 of 3,,,https://pub-mapleridge.escribemeetings.com/filestream.ashx?DocumentId=14302,https://pub-mapleridge.escribemeetings.com/Players/ISIStandAlonePlayer.aspx?Id=49432824-b00c-4fba-a16c-6354a632e3d0,https://councilrecord.ca/mapleridge.html#vote/1b5eo51,"THAT Council approve the updated Manufactured Home Park Redevelopment Tenant Assistance Policy 6.27, as attached to the report dated July 21, 2026 and ti tled “Tenant Protection: Companion Policies”."
2026-07-28,Regular Council,9.7,Tenant Protection: Companion Policies,Main motion,Carried,5,0,2,Onyeka Dozie,Korleen Carreras,In favour,In favour,In favour,In favour,In favour,Absent,Absent,Housing & density,3 of 3,,,https://pub-mapleridge.escribemeetings.com/filestream.ashx?DocumentId=14302,https://pub-mapleridge.escribemeetings.com/Players/ISIStandAlonePlayer.aspx?Id=49432824-b00c-4fba-a16c-6354a632e3d0,https://councilrecord.ca/mapleridge.html#vote/1grcoy1,"THAT Council approve Rental Protection Policy 6.40, as attached to the report dated July 21, 2026 and titled “Tenant Protection: Companion Policies”."
2026-07-28,Regular Council,9.8,Measures to Facilitate Affordable and Rental Housing Developments,Main motion,Carried,5,0,2,Judy Dueck,Sunny Schiller,In favour,In favour,In favour,In favour,In favour,Absent,Absent,Housing & density,,,,https://pub-mapleridge.escribemeetings.com/filestream.ashx?DocumentId=14302,https://pub-mapleridge.escribemeetings.com/Players/ISIStandAlonePlayer.aspx?Id=49432824-b00c-4fba-a16c-6354a632e3d0,https://councilrecord.ca/mapleridge.html#vote/y9x9ye,THAT staff be directed to prepare measures towards incentivizing rental housing and develop a non - market housing strategy for Council’s consideration.
2026-07-28,Regular Council,9.9,Environmental Management Framework Update,Main motion,Carried,5,0,2,Judy Dueck,Sunny Schiller,In favour,In favour,In favour,In favour,In favour,Absent,Absent,Environment & climate; Public services,,,,https://pub-mapleridge.escribemeetings.com/filestream.ashx?DocumentId=14302,https://pub-mapleridge.escribemeetings.com/Players/ISIStandAlonePlayer.aspx?Id=49432824-b00c-4fba-a16c-6354a632e3d0,https://councilrecord.ca/mapleridge.html#vote/ukagwg,"THAT Council receive the report dated July 21, 2026, titled “Environmental Management Framework Update” for information."
2026-07-28,Regular Council,9.11,Port Haney Multi - Use Pathway – Budget Increase,Main motion,Carried,5,0,2,Judy Dueck,Sunny Schiller,In favour,In favour,In favour,In favour,In favour,Absent,Absent,Taxes & spending; Transportation; Parks & recreation; Public services,,,,https://pub-mapleridge.escribemeetings.com/filestream.ashx?DocumentId=14302,https://pub-mapleridge.escribemeetings.com/Players/ISIStandAlonePlayer.aspx?Id=49432824-b00c-4fba-a16c-6354a632e3d0,https://councilrecord.ca/mapleridge.html#vote/q0wwxg,"THAT th e project budget for “Port Haney Waterfront Park - Improvements” be increased by $700,000, funded from the Growing Communities Fund."
2026-09-08,Regular Council,8,BYLAWS,Main motion,Carried,5,0,2,,Onyeka Dozie,In favour,In favour,In favour,In favour,Absent,In favour,Absent,Other,,,,https://pub-mapleridge.escribemeetings.com/filestream.ashx?DocumentId=14299,https://pub-mapleridge.escribemeetings.com/Players/ISIStandAlonePlayer.aspx?Id=9c830bcb-2a0e-4742-9943-665943b8531d,https://councilrecord.ca/mapleridge.html#vote/1uow3o,THAT Zone Amending Bylaw No. 7904 - 2023 be abandoned.
2026-09-08,Regular Council,8,BYLAWS,Main motion,Carried,5,0,2,Judy Dueck,Korleen Carreras,In favour,In favour,In favour,In favour,Absent,In favour,Absent,Other,,,,https://pub-mapleridge.escribemeetings.com/filestream.ashx?DocumentId=14299,https://pub-mapleridge.escribemeetings.com/Players/ISIStandAlonePlayer.aspx?Id=9c830bcb-2a0e-4742-9943-665943b8531d,https://councilrecord.ca/mapleridge.html#vote/1ekkkrq,"THAT Zone Amending Bylaw No. 8131 - 2026 be given first, second and third reading; and THAT staff be directed to work with the applicant to address the outstanding terms and conditions as outlined in the Staff report dated September 1, 2026, and any other as identified by Council, prio r to recommending bylaw adoption."
2026-09-08,Regular Council,8,BYLAWS,Main motion,Carried,5,0,2,Onyeka Dozie,Jenny Tan,In favour,In favour,In favour,In favour,Absent,In favour,Absent,Other,,,,https://pub-mapleridge.escribemeetings.com/filestream.ashx?DocumentId=14299,https://pub-mapleridge.escribemeetings.com/Players/ISIStandAlonePlayer.aspx?Id=9c830bcb-2a0e-4742-9943-665943b8531d,https://councilrecord.ca/mapleridge.html#vote/19flspg,THAT the Public Hearing requirement for Zone Amending Bylaw No. 8132 - 2026 be waived in accordance with Section 464(2) of the Local Government Act;
2026-09-08,Regular Council,8,BYLAWS,Main motion,Carried,5,0,2,Judy Dueck,Korleen Carreras,In favour,In favour,In favour,In favour,Absent,In favour,Absent,Other,,,,https://pub-mapleridge.escribemeetings.com/filestream.ashx?DocumentId=14299,https://pub-mapleridge.escribemeetings.com/Players/ISIStandAlonePlayer.aspx?Id=9c830bcb-2a0e-4742-9943-665943b8531d,https://councilrecord.ca/mapleridge.html#vote/12fc89u,"THAT Zone Amending Bylaw No. 8132 - 2026 be given first, second, and third readings."
2026-09-08,Regular Council,8.4,New Medium and High - Density Zones for Key Growth Areas – Zone Amending Bylaw No. 8126 - 2026,Main motion,Carried,5,0,2,Jenny Tan,Onyeka Dozie,In favour,In favour,In favour,In favour,Absent,In favour,Absent,Housing & density,,,,https://pub-mapleridge.escribemeetings.com/filestream.ashx?DocumentId=14299,https://pub-mapleridge.escribemeetings.com/Players/ISIStandAlonePlayer.aspx?Id=9c830bcb-2a0e-4742-9943-665943b8531d,https://councilrecord.ca/mapleridge.html#vote/1dhc2wd,"THAT Zone Amending Bylaw No. 8126 - 2026, as amended, be given third reading."
2026-09-08,Regular Council,9.1,Park Naming Policy,Main motion,Carried,5,0,2,Judy Dueck,Korleen Carreras,In favour,In favour,In favour,In favour,Absent,In favour,Absent,Neighbourhood character; Parks & recreation,1 of 3,,,https://pub-mapleridge.escribemeetings.com/filestream.ashx?DocumentId=14299,https://pub-mapleridge.escribemeetings.com/Players/ISIStandAlonePlayer.aspx?Id=9c830bcb-2a0e-4742-9943-665943b8531d,https://councilrecord.ca/mapleridge.html#vote/mik1la,"THAT Council approve the Park Naming Policy 4.36 as attached to the report dated September 8, 20 26 and titled “Park Naming Policy”"
2026-09-08,Regular Council,9.1,Park Naming Policy,Main motion,Carried,5,0,2,Judy Dueck,Onyeka Dozie,In favour,In favour,In favour,In favour,Absent,In favour,Absent,Neighbourhood character; Parks & recreation; Public services,2 of 3,,,https://pub-mapleridge.escribemeetings.com/filestream.ashx?DocumentId=14299,https://pub-mapleridge.escribemeetings.com/Players/ISIStandAlonePlayer.aspx?Id=9c830bcb-2a0e-4742-9943-665943b8531d,https://councilrecord.ca/mapleridge.html#vote/1ml19rz,THAT an updated Fraser Sewer age Area amendment application for 14500 Silver Valley Road be forwarded to the Greater Vancouver Sewerage and Drainage District for consideration.
2026-09-08,Regular Council,9.1,Park Naming Policy,Main motion,Carried,5,0,2,Onyeka Dozie,Korleen Carreras,In favour,In favour,In favour,In favour,Absent,In favour,Absent,Development; Neighbourhood character; Parks & recreation,3 of 3,,,https://pub-mapleridge.escribemeetings.com/filestream.ashx?DocumentId=14299,https://pub-mapleridge.escribemeetings.com/Players/ISIStandAlonePlayer.aspx?Id=9c830bcb-2a0e-4742-9943-665943b8531d,https://councilrecord.ca/mapleridge.html#vote/r3nxyx,THAT the issuance of Development Variance Permit 2026 - 082 - VP for 11410 207 Street be ap proved.
