Date,Meeting,Agenda item,Title,Type of motion,Result,In favour,Against,Absent,Moved by,Seconded by,Patrick Johnstone,Ruby Campbell,Daniel Fontaine,Tasha Henderson,Jaimie McEvoy,Paul Minhas,Nadine Nakagawa,Topics,Vote number under this heading,Note,Source discrepancy,Official record,Meeting video,Link to this vote,Motion text
2022-11-07,Inaugural City Council Meeting,,MOTION to appoint all members of Council as the local Parcel Tax Roll,Main motion,Carried,7,0,0,,,In favour,In favour,In favour,In favour,In favour,In favour,In favour,Taxes & spending,,,,https://pub-newwestcity.escribemeetings.com/FileStream.ashx?DocumentId=12632,https://pub-newwestcity.escribemeetings.com/Players/ISIStandAlonePlayer.aspx?Id=2163f1c5-7424-425c-a690-7368ab188c73,https://councilrecord.ca/newwest.html#vote/19fga9n,"THAT Council appoint all members of Council as the Local Parcel Tax Roll Review Panel."""
2022-11-07,Inaugural City Council Meeting,,Reports,Main motion,Carried,7,0,0,,,In favour,In favour,In favour,In favour,In favour,In favour,In favour,Governance & elections,,,,https://pub-newwestcity.escribemeetings.com/FileStream.ashx?DocumentId=12632,https://pub-newwestcity.escribemeetings.com/Players/ISIStandAlonePlayer.aspx?Id=2163f1c5-7424-425c-a690-7368ab188c73,https://councilrecord.ca/newwest.html#vote/po4r6z,"THAT Council receive the November 7, 2022, report entitled ""2022 General Local Election – Report of Election Results"" for information."
2022-11-07,Inaugural City Council Meeting,,Acting Mayor Appointments for November 2022 to December 2023,Main motion,Carried,7,0,0,,,In favour,In favour,In favour,In favour,In favour,In favour,In favour,Governance & elections,,,,https://pub-newwestcity.escribemeetings.com/FileStream.ashx?DocumentId=12632,https://pub-newwestcity.escribemeetings.com/Players/ISIStandAlonePlayer.aspx?Id=2163f1c5-7424-425c-a690-7368ab188c73,https://councilrecord.ca/newwest.html#vote/1x71x9g,"THAT Acting Mayors for November 2022 to December 2023 be appointed as set out in the Schedule of Acting Mayors in Attachment 1 of the November 7, 2022, report entitled ""Acting Mayor Appointments for November 22 to December 2023""."
2022-11-07,Inaugural City Council Meeting,,"Council Member Appointments to Internal and External Committees,",Other,Carried,7,0,0,,,In favour,In favour,In favour,In favour,In favour,In favour,In favour,Governance & elections,,The minutes do not give separate motion text at this point; see the linked minutes.,,https://pub-newwestcity.escribemeetings.com/FileStream.ashx?DocumentId=12632,https://pub-newwestcity.escribemeetings.com/Players/ISIStandAlonePlayer.aspx?Id=2163f1c5-7424-425c-a690-7368ab188c73,https://councilrecord.ca/newwest.html#vote/e7xxhy,
2022-11-07,Inaugural City Council Meeting,,MOTION to appoint Mayor Johnstone as Municipal Director to the,Main motion,Defeated,2,5,0,,,Against,Against,In favour,Against,Against,In favour,Against,Governance & elections,1 of 2,,,https://pub-newwestcity.escribemeetings.com/FileStream.ashx?DocumentId=12632,https://pub-newwestcity.escribemeetings.com/Players/ISIStandAlonePlayer.aspx?Id=2163f1c5-7424-425c-a690-7368ab188c73,https://councilrecord.ca/newwest.html#vote/1evtfvj,"THAT Council appoint Mayor Johnstone as Municipal Director to the Metro Vancouver Regional District Board"". AMENDMENT MOVED AND SECONDED THAT the words ""Mayor Johnstone"" be deleted from the motion and replaced with ""Councillor Fontaine""."
2022-11-07,Inaugural City Council Meeting,,MOTION to appoint Mayor Johnstone as Municipal Director to the,Main motion,Carried,5,2,0,,,In favour,In favour,Against,In favour,In favour,Against,In favour,Governance & elections,2 of 2,,,https://pub-newwestcity.escribemeetings.com/FileStream.ashx?DocumentId=12632,https://pub-newwestcity.escribemeetings.com/Players/ISIStandAlonePlayer.aspx?Id=2163f1c5-7424-425c-a690-7368ab188c73,https://councilrecord.ca/newwest.html#vote/3msbsp,THAT Council appoint Mayor Johnstone as Municipal Director to the Metro Vancouver Regional District Board.
2022-11-07,Inaugural City Council Meeting,,MOTION to appoint Councillor Nakagawa as Alternate Municipal,Main motion,Defeated,2,5,0,,,Against,Against,In favour,Against,Against,In favour,Against,Governance & elections,1 of 2,,,https://pub-newwestcity.escribemeetings.com/FileStream.ashx?DocumentId=12632,https://pub-newwestcity.escribemeetings.com/Players/ISIStandAlonePlayer.aspx?Id=2163f1c5-7424-425c-a690-7368ab188c73,https://councilrecord.ca/newwest.html#vote/1kgflwu,"THAT Council appoint Councillor Nakagawa as the Alternate Municipal Director to the Metro Vancouver Regional District Board. AMENDMENT MOVED AND SECONDED THAT the name ""Nakagawa"" be deleted and replaced with ""Fontaine""."
2022-11-07,Inaugural City Council Meeting,,MOTION to appoint Councillor Nakagawa as Alternate Municipal,Main motion,Carried,5,2,0,,,In favour,In favour,Against,In favour,In favour,Against,In favour,Governance & elections,2 of 2,,,https://pub-newwestcity.escribemeetings.com/FileStream.ashx?DocumentId=12632,https://pub-newwestcity.escribemeetings.com/Players/ISIStandAlonePlayer.aspx?Id=2163f1c5-7424-425c-a690-7368ab188c73,https://councilrecord.ca/newwest.html#vote/jv1sw6,THAT Council appoint Councillor Nakagawa as the Alternate Municipal Director to the Metro Vancouver Regional District Board.
2022-11-28,Council Meeting,,Release of Motion regarding School Capacity and Child Care Options,Other,Carried,7,0,0,,,In favour,In favour,In favour,In favour,In favour,In favour,In favour,Public services,,The minutes do not give separate motion text at this point; see the linked minutes.,,https://pub-newwestcity.escribemeetings.com/FileStream.ashx?DocumentId=12843,https://pub-newwestcity.escribemeetings.com/Players/ISIStandAlonePlayer.aspx?Id=a0663117-57e6-4878-85dd-ef9962239b9d,https://councilrecord.ca/newwest.html#vote/1kiahuj,
2022-11-28,Council Meeting,,Community Grant Program: 2022 Highlights and 2023 Program,Main motion,Carried,7,0,0,,,In favour,In favour,In favour,In favour,In favour,In favour,In favour,Taxes & spending,,,,https://pub-newwestcity.escribemeetings.com/FileStream.ashx?DocumentId=12843,https://pub-newwestcity.escribemeetings.com/Players/ISIStandAlonePlayer.aspx?Id=a0663117-57e6-4878-85dd-ef9962239b9d,https://councilrecord.ca/newwest.html#vote/1pux71b,"THAT Council receive a summary of the 2022 Program Highlights for information, contained in the November 28, 2022, report titled ""Community Grant Program: 2022 Highlights and 2023 Program Adjustments""; and, THAT Council approve staff’s recommended adjustments to the grant policy for 2023 to reduce the number of intakes to two from three as outlined in in the November 28, 2022, report titled ""Community Grant Program: 2022 Highlights and 2023 Program Adjustments""."
2022-11-28,Council Meeting,,Q3 2022 Capital and Operating Performance Report,Main motion,Carried,7,0,0,,,In favour,In favour,In favour,In favour,In favour,In favour,In favour,Taxes & spending,,,,https://pub-newwestcity.escribemeetings.com/FileStream.ashx?DocumentId=12843,https://pub-newwestcity.escribemeetings.com/Players/ISIStandAlonePlayer.aspx?Id=a0663117-57e6-4878-85dd-ef9962239b9d,https://councilrecord.ca/newwest.html#vote/1t8d2is,"THAT Council receive the November 28, 2022, report titled ""Q3 2022 Capital and Operating Performance Report"" for information; and THAT Council approve the 2022 Quarter 3 capital budget adjustments as outlined in Table 1-1 of the November 28, 2022, report titled ""Q3 2022 Capital and Operating Performance Report""."
2022-11-28,Council Meeting,,"Revenue Anticipation Borrowing Amendment Bylaw No. 8370, 2022 – first reading",Main motion,Carried,7,0,0,,,In favour,In favour,In favour,In favour,In favour,In favour,In favour,Development; Taxes & spending; Neighbourhood character; Business & economy,,,,https://pub-newwestcity.escribemeetings.com/FileStream.ashx?DocumentId=12843,https://pub-newwestcity.escribemeetings.com/Players/ISIStandAlonePlayer.aspx?Id=a0663117-57e6-4878-85dd-ef9962239b9d,https://councilrecord.ca/newwest.html#vote/1uu2z3d,"THAT Revenue Anticipation Borrowing Amendment Bylaw No. 8370, 2022, be given First Reading."
2022-11-28,Council Meeting,,"Revenue Anticipation Borrowing Amendment Bylaw No. 8370, 2022 – second reading",Main motion,Carried,7,0,0,,,In favour,In favour,In favour,In favour,In favour,In favour,In favour,Development; Taxes & spending; Neighbourhood character; Business & economy,,,,https://pub-newwestcity.escribemeetings.com/FileStream.ashx?DocumentId=12843,https://pub-newwestcity.escribemeetings.com/Players/ISIStandAlonePlayer.aspx?Id=a0663117-57e6-4878-85dd-ef9962239b9d,https://councilrecord.ca/newwest.html#vote/195c6md,"THAT Revenue Anticipation Borrowing Amendment Bylaw No. 8370, 2022, be given Second Reading."
2022-11-28,Council Meeting,,"Revenue Anticipation Borrowing Amendment Bylaw No. 8370, 2022 – third reading",Main motion,Carried,7,0,0,,,In favour,In favour,In favour,In favour,In favour,In favour,In favour,Development; Taxes & spending; Neighbourhood character; Business & economy,,,,https://pub-newwestcity.escribemeetings.com/FileStream.ashx?DocumentId=12843,https://pub-newwestcity.escribemeetings.com/Players/ISIStandAlonePlayer.aspx?Id=a0663117-57e6-4878-85dd-ef9962239b9d,https://councilrecord.ca/newwest.html#vote/m99e2j,"THAT Revenue Anticipation Borrowing Amendment Bylaw No. 8370, 2022, be given Third Reading."
2022-11-28,Council Meeting,,Recruitment 2023: Appointment to the New Westminster Library,Main motion,Carried,7,0,0,,,In favour,In favour,In favour,In favour,In favour,In favour,In favour,Parks & recreation; Governance & elections,,,,https://pub-newwestcity.escribemeetings.com/FileStream.ashx?DocumentId=12843,https://pub-newwestcity.escribemeetings.com/Players/ISIStandAlonePlayer.aspx?Id=a0663117-57e6-4878-85dd-ef9962239b9d,https://councilrecord.ca/newwest.html#vote/4y06bf,"THAT Council receive the November 28, 2022, report titled “Recruitment 2023: Appointment to the New Westminster Library Board” for information."
2022-12-12,Council Meeting,,Release of the Electrical Utility Billing Credit Motion from Closed,Main motion,Carried,6,0,1,,,In favour,In favour,In favour,In favour,Absent,In favour,In favour,Transportation; Public services; Business & economy; Governance & elections,,,,https://pub-newwestcity.escribemeetings.com/FileStream.ashx?DocumentId=13381,https://pub-newwestcity.escribemeetings.com/Players/ISIStandAlonePlayer.aspx?Id=3df85ae8-e73b-4a7e-b9bb-88566cbb6a9c,https://councilrecord.ca/newwest.html#vote/1tyw3ve,"THAT Council receive the December 12, 2022 On-table email and letter from the Uptown Business Association as related to Item 3.2 Feedback from Businesses about Sixth Street Bike Lanes."
2022-12-12,Council Meeting,,Downtown Livability - Public Realm Improvements and,Main motion,Carried,6,0,1,,,In favour,In favour,In favour,In favour,Absent,In favour,In favour,Business & economy,,,,https://pub-newwestcity.escribemeetings.com/FileStream.ashx?DocumentId=13381,https://pub-newwestcity.escribemeetings.com/Players/ISIStandAlonePlayer.aspx?Id=3df85ae8-e73b-4a7e-b9bb-88566cbb6a9c,https://councilrecord.ca/newwest.html#vote/1n8gnny,"THAT Council approve the next steps as outlined in the staff report of December 12, 2022 entitled Downtown Livability - Public Realm Improvements and Activation."
2022-12-12,Council Meeting,,Downtown Livability Strategy – Update and Next Steps,Main motion,Carried,6,0,1,,,In favour,In favour,In favour,In favour,Absent,In favour,In favour,Taxes & spending; Business & economy,,,,https://pub-newwestcity.escribemeetings.com/FileStream.ashx?DocumentId=13381,https://pub-newwestcity.escribemeetings.com/Players/ISIStandAlonePlayer.aspx?Id=3df85ae8-e73b-4a7e-b9bb-88566cbb6a9c,https://councilrecord.ca/newwest.html#vote/25msi4,THAT staff be directed to submit service enhancement requests for the 2023 Operating Budget and the 2023 Capital Budget to address the actions as contained in the Downtown Livability Strategy; THAT staff be directed to seek Provincial funding to address the actions as contained in the Downtown Livability Strategy; and THAT staff be directed to seek Federal funding to address the actions as contained in the Downtown Livability Strategy.
2022-12-12,Council Meeting,,Feedback from Businesses about Sixth Street Bike Lanes (Circulated,Main motion,Carried,6,0,1,,,In favour,In favour,In favour,In favour,Absent,In favour,In favour,Transportation; Business & economy,,,,https://pub-newwestcity.escribemeetings.com/FileStream.ashx?DocumentId=13381,https://pub-newwestcity.escribemeetings.com/Players/ISIStandAlonePlayer.aspx?Id=3df85ae8-e73b-4a7e-b9bb-88566cbb6a9c,https://councilrecord.ca/newwest.html#vote/uc1y9t,"THAT Council receive the report titled Feedback from Businesses about Sixth Street Bike Lanes on the December 12, 2022 agenda for information; and, THAT Council direct staff to consider potential measures to mitigate business and public concerns and to report back with recommendations for Council’s consideration; and, THAT Council direct staff to include other municipalities’ mitigation actions related to similar activities in the report back."
2022-12-12,Council Meeting,,Budget 2023: Engineering and Electrical Utility Amendment Bylaw,Main motion,Defeated,2,4,1,,,Against,Against,In favour,Against,Absent,In favour,Against,Taxes & spending; Environment & climate; Public services; Business & economy,1 of 2,,,https://pub-newwestcity.escribemeetings.com/FileStream.ashx?DocumentId=13381,https://pub-newwestcity.escribemeetings.com/Players/ISIStandAlonePlayer.aspx?Id=3df85ae8-e73b-4a7e-b9bb-88566cbb6a9c,https://councilrecord.ca/newwest.html#vote/1gifaxd,THAT That the 3.5 percent Climate Action Levy on New Westminster utilities ratepayers be temporarily suspended in 2023 as a means of providing inflation relief to New Westminster residents and businesses.
2022-12-12,Council Meeting,,Budget 2023: Engineering and Electrical Utility Amendment Bylaw,Main motion,Carried,4,2,1,,,In favour,In favour,Against,In favour,Absent,Against,In favour,Development; Taxes & spending; Public services,2 of 2,,,https://pub-newwestcity.escribemeetings.com/FileStream.ashx?DocumentId=13381,https://pub-newwestcity.escribemeetings.com/Players/ISIStandAlonePlayer.aspx?Id=3df85ae8-e73b-4a7e-b9bb-88566cbb6a9c,https://councilrecord.ca/newwest.html#vote/1gkbccv,"THAT Council give three readings to the attached Engineering User Fees and Rates Amendment Bylaw No. 8377, 2022; and THAT Council give three readings to the attached Electrical Utility Amendment Bylaw No. 8378, 2022."
2022-12-12,Council Meeting,,Child Care and Community Uses on School Sites,Main motion,Carried,6,0,1,,,In favour,In favour,In favour,In favour,Absent,In favour,In favour,Housing & density; Public services; Governance & elections,,,,https://pub-newwestcity.escribemeetings.com/FileStream.ashx?DocumentId=13381,https://pub-newwestcity.escribemeetings.com/Players/ISIStandAlonePlayer.aspx?Id=3df85ae8-e73b-4a7e-b9bb-88566cbb6a9c,https://councilrecord.ca/newwest.html#vote/zszh2,"THAT Council direct staff to send a letter from Mayor and Council to the Minister of Education and Child Care and the Minister of Housing, outlining the need for additional senior government support to address short- and long-term school capacity and child care needs in New Westminster; and THAT Council recommend that the ministries work in partnership to addressing the critical shortage of childcare spaces in the Downtown and throughout New Westminster."
2022-12-12,Council Meeting,,Efficiencies – Processes and Council Meetings,Postponement,Carried,6,0,1,,,In favour,In favour,In favour,In favour,Absent,In favour,In favour,Governance & elections,,,,https://pub-newwestcity.escribemeetings.com/FileStream.ashx?DocumentId=13381,https://pub-newwestcity.escribemeetings.com/Players/ISIStandAlonePlayer.aspx?Id=3df85ae8-e73b-4a7e-b9bb-88566cbb6a9c,https://councilrecord.ca/newwest.html#vote/bivb7m,"THAT Council recommends that re-introducing the Committee of the Whole Council meeting and creation of a new Standing Committee of Council on Development be postponed until after Strategic Planning; and, THAT Council directs staff to proceed with reporting back on enhancing the Preliminary Application Review (PAR) stage, creating a policy for streamlining the Voluntary Amenity Contribution (VACs) process for small projects, and information-only staff reports to Council listed on the City’s website as document in the report titled Efficiencies – Processes and Council Meetings on the December 12, 2022 agenda; and, THAT Amendment of the Delegation Bylaw to include administering the Noise Bylaw for private development and civic projects come back to Council for further discussion."
2022-12-12,Council Meeting,,Staffing Challenges Update,Main motion,Carried,6,0,1,,,In favour,In favour,In favour,In favour,Absent,In favour,In favour,Governance & elections,,,,https://pub-newwestcity.escribemeetings.com/FileStream.ashx?DocumentId=13381,https://pub-newwestcity.escribemeetings.com/Players/ISIStandAlonePlayer.aspx?Id=3df85ae8-e73b-4a7e-b9bb-88566cbb6a9c,https://councilrecord.ca/newwest.html#vote/1lqtb5n,THAT Council directs that the Senior Management Team report back on a comprehensive staff recruitment and retention strategy for Council’s consideration.
2022-12-12,Council Meeting,,"Engineering User Fees and Rates Amendment Bylaw No. 8377, 2022 – first reading",Main motion,Carried,6,0,1,,,In favour,In favour,In favour,In favour,Absent,In favour,In favour,Development; Taxes & spending,,,,https://pub-newwestcity.escribemeetings.com/FileStream.ashx?DocumentId=13381,https://pub-newwestcity.escribemeetings.com/Players/ISIStandAlonePlayer.aspx?Id=3df85ae8-e73b-4a7e-b9bb-88566cbb6a9c,https://councilrecord.ca/newwest.html#vote/k3sksc,"THAT Engineering User Fees and Rates Amendment Bylaw No. 8377, 2022, be given First Reading."
2022-12-12,Council Meeting,,"Engineering User Fees and Rates Amendment Bylaw No. 8377, 2022 – second reading",Main motion,Carried,6,0,1,,,In favour,In favour,In favour,In favour,Absent,In favour,In favour,Development; Taxes & spending,,,,https://pub-newwestcity.escribemeetings.com/FileStream.ashx?DocumentId=13381,https://pub-newwestcity.escribemeetings.com/Players/ISIStandAlonePlayer.aspx?Id=3df85ae8-e73b-4a7e-b9bb-88566cbb6a9c,https://councilrecord.ca/newwest.html#vote/zy3byh,"THAT Engineering User Fees and Rates Amendment Bylaw No. 8377, 2022, be given Second Reading."
2022-12-12,Council Meeting,,"Engineering User Fees and Rates Amendment Bylaw No. 8377, 2022 – third reading",Main motion,Carried,6,0,1,,,In favour,In favour,In favour,In favour,Absent,In favour,In favour,Development; Taxes & spending,,,,https://pub-newwestcity.escribemeetings.com/FileStream.ashx?DocumentId=13381,https://pub-newwestcity.escribemeetings.com/Players/ISIStandAlonePlayer.aspx?Id=3df85ae8-e73b-4a7e-b9bb-88566cbb6a9c,https://councilrecord.ca/newwest.html#vote/tsr3ll,"THAT Engineering User Fees and Rates Amendment Bylaw No. 8377, 2022, be given Third Reading."
2022-12-12,Council Meeting,,"Electrical Utility Amendment Bylaw No. 8378, 2022",Main motion,Carried,4,2,1,,,In favour,In favour,Against,In favour,Absent,Against,In favour,Development; Public services,1 of 3,,,https://pub-newwestcity.escribemeetings.com/FileStream.ashx?DocumentId=13381,https://pub-newwestcity.escribemeetings.com/Players/ISIStandAlonePlayer.aspx?Id=3df85ae8-e73b-4a7e-b9bb-88566cbb6a9c,https://councilrecord.ca/newwest.html#vote/d7cueu,"THAT Electrical Utility Amendment Bylaw No. 8378, 2022, be given First Reading."
2022-12-12,Council Meeting,,"Electrical Utility Amendment Bylaw No. 8378, 2022",Main motion,Carried,4,2,1,,,In favour,In favour,Against,In favour,Absent,Against,In favour,Development; Public services,2 of 3,,,https://pub-newwestcity.escribemeetings.com/FileStream.ashx?DocumentId=13381,https://pub-newwestcity.escribemeetings.com/Players/ISIStandAlonePlayer.aspx?Id=3df85ae8-e73b-4a7e-b9bb-88566cbb6a9c,https://councilrecord.ca/newwest.html#vote/1h9gfx2,"THAT Electrical Utility Amendment Bylaw No. 8378, 2022, be given Second Reading."
2022-12-12,Council Meeting,,"Electrical Utility Amendment Bylaw No. 8378, 2022",Main motion,Carried,4,2,1,,,In favour,In favour,Against,In favour,Absent,Against,In favour,Development; Public services,3 of 3,,,https://pub-newwestcity.escribemeetings.com/FileStream.ashx?DocumentId=13381,https://pub-newwestcity.escribemeetings.com/Players/ISIStandAlonePlayer.aspx?Id=3df85ae8-e73b-4a7e-b9bb-88566cbb6a9c,https://councilrecord.ca/newwest.html#vote/155bdnq,"THAT Electrical Utility Amendment Bylaw No. 8378, 2022, be given Third Reading."
2022-12-12,Council Meeting,,New Westminster Community Heritage Commission,Main motion,Carried,6,0,1,,,In favour,In favour,In favour,In favour,Absent,In favour,In favour,Development; Neighbourhood character,1 of 3,,,https://pub-newwestcity.escribemeetings.com/FileStream.ashx?DocumentId=13381,https://pub-newwestcity.escribemeetings.com/Players/ISIStandAlonePlayer.aspx?Id=3df85ae8-e73b-4a7e-b9bb-88566cbb6a9c,https://councilrecord.ca/newwest.html#vote/1b0mid8,"THAT New Westminster Community Heritage Commission Amendment Bylaw No. 8372, 2022, be given First Reading."
2022-12-12,Council Meeting,,New Westminster Community Heritage Commission,Main motion,Carried,6,0,1,,,In favour,In favour,In favour,In favour,Absent,In favour,In favour,Development; Neighbourhood character,2 of 3,,,https://pub-newwestcity.escribemeetings.com/FileStream.ashx?DocumentId=13381,https://pub-newwestcity.escribemeetings.com/Players/ISIStandAlonePlayer.aspx?Id=3df85ae8-e73b-4a7e-b9bb-88566cbb6a9c,https://councilrecord.ca/newwest.html#vote/o75iv3,"THAT New Westminster Community Heritage Commission Amendment Bylaw No. 8372, 2022, be given Second Reading."
2022-12-12,Council Meeting,,New Westminster Community Heritage Commission,Main motion,Carried,6,0,1,,,In favour,In favour,In favour,In favour,Absent,In favour,In favour,Development; Neighbourhood character,3 of 3,,,https://pub-newwestcity.escribemeetings.com/FileStream.ashx?DocumentId=13381,https://pub-newwestcity.escribemeetings.com/Players/ISIStandAlonePlayer.aspx?Id=3df85ae8-e73b-4a7e-b9bb-88566cbb6a9c,https://councilrecord.ca/newwest.html#vote/56lsvg,"THAT New Westminster Community Heritage Commission Amendment Bylaw No. 8372, 2022, be given Third Reading."
2022-12-12,Council Meeting,,"Revenue Anticipation Borrowing Amendment Bylaw No. 8370, 2022 – adoption",Main motion,Carried,6,0,1,,,In favour,In favour,In favour,In favour,Absent,In favour,In favour,Development; Taxes & spending; Neighbourhood character; Business & economy,,,,https://pub-newwestcity.escribemeetings.com/FileStream.ashx?DocumentId=13381,https://pub-newwestcity.escribemeetings.com/Players/ISIStandAlonePlayer.aspx?Id=3df85ae8-e73b-4a7e-b9bb-88566cbb6a9c,https://councilrecord.ca/newwest.html#vote/10e11b6,"THAT the Revenue Anticipation Borrowing Amendment Bylaw No. 8370, 2022, be adopted."
2022-12-12,Council Meeting,,Halting the Phase-out of the Royal City Moniker,Main motion,Carried,4,2,1,,,In favour,In favour,Against,In favour,Absent,Against,In favour,Governance & elections,,,,https://pub-newwestcity.escribemeetings.com/FileStream.ashx?DocumentId=13381,https://pub-newwestcity.escribemeetings.com/Players/ISIStandAlonePlayer.aspx?Id=3df85ae8-e73b-4a7e-b9bb-88566cbb6a9c,https://councilrecord.ca/newwest.html#vote/159wv5,"THAT the ruling of the Chair, Mayor Johnstone, with respect to the above motions being out of order, be sustained."
2022-12-12,Council Meeting,,Elimination of Train Whistle Noise and Supporting Increased,Postponement,Carried,4,2,1,,,In favour,In favour,Against,In favour,Absent,Against,In favour,Transportation; Neighbourhood character; Governance & elections,1 of 3,,,https://pub-newwestcity.escribemeetings.com/FileStream.ashx?DocumentId=13381,https://pub-newwestcity.escribemeetings.com/Players/ISIStandAlonePlayer.aspx?Id=3df85ae8-e73b-4a7e-b9bb-88566cbb6a9c,https://councilrecord.ca/newwest.html#vote/i8bkhv,THAT Council recommends that the discussion to re-establish the Railway Community Advisory Committee be postponed for discussion during Strategic Planning.
2022-12-12,Council Meeting,,Elimination of Train Whistle Noise and Supporting Increased,Main motion,Carried,6,0,1,,,In favour,In favour,In favour,In favour,Absent,In favour,In favour,Transportation; Neighbourhood character,2 of 3,,,https://pub-newwestcity.escribemeetings.com/FileStream.ashx?DocumentId=13381,https://pub-newwestcity.escribemeetings.com/Players/ISIStandAlonePlayer.aspx?Id=3df85ae8-e73b-4a7e-b9bb-88566cbb6a9c,https://councilrecord.ca/newwest.html#vote/irh9s0,THAT Council directs staff to provide quarterly updates to City Council and the public regarding progress made to eliminate unnecessary train whistles; and THAT Council direct staff to ensure that the website containing critical information regarding whistle cessation is updated with the latest information.
2022-12-12,Council Meeting,,Elimination of Train Whistle Noise and Supporting Increased,Main motion,Carried,4,2,1,,,In favour,In favour,Against,In favour,Absent,Against,In favour,Transportation; Neighbourhood character,3 of 3,,,https://pub-newwestcity.escribemeetings.com/FileStream.ashx?DocumentId=13381,https://pub-newwestcity.escribemeetings.com/Players/ISIStandAlonePlayer.aspx?Id=3df85ae8-e73b-4a7e-b9bb-88566cbb6a9c,https://councilrecord.ca/newwest.html#vote/1m3b6a3,"THAT that the City of New Westminster establishes a target of eliminating all unnecessary train whistles which are negatively impacting the quality of life for thousands of Sapperton and Queensborough residents by no later than 2026; and THAT that City Council draft a letter to the Federal Minister of Transportation advising that we wish to accelerate negotiations with the Federal Government to get their support and assistance with whistle cessation in our neighbourhoods; and THAT Council direct staff to report back on the capital costs related to the infrastructure upgrade to the Sapperton and Queensborough train crossings and if we are eligible, to apply for provincial or federal infrastructure funding to lower the tax burden on city ratepayers."
2022-12-12,Council Meeting,,Reducing Crime and Increasing Public Safety in New,Main motion,Defeated,2,4,1,,,Against,Against,In favour,Against,Absent,In favour,Against,Public services; Governance & elections,,,,https://pub-newwestcity.escribemeetings.com/FileStream.ashx?DocumentId=13381,https://pub-newwestcity.escribemeetings.com/Players/ISIStandAlonePlayer.aspx?Id=3df85ae8-e73b-4a7e-b9bb-88566cbb6a9c,https://councilrecord.ca/newwest.html#vote/1qbafyn,"THAT a new Crime Reduction and Public Safety Advisory Committee be created and that staff report back to Council on the terms of reference for the Advisory Committee by no later than January 31, 2023."
2022-12-12,Council Meeting,,Creation of a New Finance and City Services Standing,Main motion,Carried,6,0,1,,,In favour,In favour,In favour,In favour,Absent,In favour,In favour,Governance & elections,,,,https://pub-newwestcity.escribemeetings.com/FileStream.ashx?DocumentId=13381,https://pub-newwestcity.escribemeetings.com/Players/ISIStandAlonePlayer.aspx?Id=3df85ae8-e73b-4a7e-b9bb-88566cbb6a9c,https://councilrecord.ca/newwest.html#vote/yhgbis,THAT Council recommend the establishment of a new Finance and Assets Management committee and refer it to the strategic planning process to allow further discussion.
2022-12-12,Council Meeting,,Creation of a New Amateur Sport and Recreation Advisory,Main motion,Carried,4,2,1,,,In favour,In favour,Against,In favour,Absent,Against,In favour,Parks & recreation; Governance & elections,1 of 2,,,https://pub-newwestcity.escribemeetings.com/FileStream.ashx?DocumentId=13381,https://pub-newwestcity.escribemeetings.com/Players/ISIStandAlonePlayer.aspx?Id=3df85ae8-e73b-4a7e-b9bb-88566cbb6a9c,https://councilrecord.ca/newwest.html#vote/1usrua7,THAT Council recommends deferring discussion of the creation of a new Amateur Sport and Recreation Advisory Committee to the Strategic Planning process.
2022-12-12,Council Meeting,,Creation of a New Amateur Sport and Recreation Advisory,Main motion,Carried,6,0,1,,,In favour,In favour,In favour,In favour,Absent,In favour,In favour,Parks & recreation; Public services; Governance & elections,2 of 2,,,https://pub-newwestcity.escribemeetings.com/FileStream.ashx?DocumentId=13381,https://pub-newwestcity.escribemeetings.com/Players/ISIStandAlonePlayer.aspx?Id=3df85ae8-e73b-4a7e-b9bb-88566cbb6a9c,https://councilrecord.ca/newwest.html#vote/803wsc,THAT Council direct staff to defer the 2023 recruitment process until March 2023 for all non-planning committees except for the Accessibility Advisory Committee; and THAT Council extend the terms of the existing committee members until March 2023.
2022-12-12,Council Meeting,,Advocacy to the BC Government to Increase Housing and Wrap-,Main motion,Defeated,2,4,1,,,Against,Against,In favour,Against,Absent,In favour,Against,Housing & density; Taxes & spending; Governance & elections,,,,https://pub-newwestcity.escribemeetings.com/FileStream.ashx?DocumentId=13381,https://pub-newwestcity.escribemeetings.com/Players/ISIStandAlonePlayer.aspx?Id=3df85ae8-e73b-4a7e-b9bb-88566cbb6a9c,https://councilrecord.ca/newwest.html#vote/kzof4o,"THAT Council request the Mayor write to Premier David Eby and request that funding be set aside and prioritized in the 2023 Provincial Budget to begin the planning, development and construction of large-scale, community-based, modern mental health residential care facilities in the Metro Vancouver area; and BE IT RESOLVED THAT staff create a motion with a similar intent that can be sent to the LMLGA and UBCM for consideration."
2022-12-12,Council Meeting,,"Supporting Better Governance, Decision-Making and Public",Main motion,Carried,4,2,1,,,Against,Against,In favour,In favour,Absent,In favour,In favour,Business & economy; Governance & elections,,,,https://pub-newwestcity.escribemeetings.com/FileStream.ashx?DocumentId=13381,https://pub-newwestcity.escribemeetings.com/Players/ISIStandAlonePlayer.aspx?Id=3df85ae8-e73b-4a7e-b9bb-88566cbb6a9c,https://councilrecord.ca/newwest.html#vote/1xpr9cg,"THAT the City Clerk make the agenda and supporting documents available to members of Council no less than five business days prior to the meeting; and, BE IT RESOLVED THAT Council direct staff to bring forward changes to the Procedure Bylaw No. 6910, 2004 to reflect the new council package distribution timelines."
2022-12-12,Council Meeting,,ON TABLE Construction Noise Bylaw Exemption Request: Front,Main motion,Carried,6,0,1,,,In favour,In favour,In favour,In favour,Absent,In favour,In favour,Development; Taxes & spending; Transportation; Neighbourhood character; Public services; Governance & elections,,,,https://pub-newwestcity.escribemeetings.com/FileStream.ashx?DocumentId=13381,https://pub-newwestcity.escribemeetings.com/Players/ISIStandAlonePlayer.aspx?Id=3df85ae8-e73b-4a7e-b9bb-88566cbb6a9c,https://councilrecord.ca/newwest.html#vote/ky2wiw,"THAT Council grant an exemption to the Construction Noise Bylaw No. 6063, 1992 to Metro Vancouver to conduct a sewer inspection on Front Street from Tenth Street to McBride Boulevard. The weekday work will be done for four days between December 13, 2022 to December 23, 2022 weather dependent."
2022-12-14,Special Council Meeting,,"Engineering User Fees and Rates Amendment Bylaw No. 8377, 2022 – adoption",Main motion,Carried,5,0,2,,,In favour,In favour,In favour,In favour,Absent,In favour,Absent,Development; Taxes & spending,,,,https://pub-newwestcity.escribemeetings.com/FileStream.ashx?DocumentId=13382,,https://councilrecord.ca/newwest.html#vote/9o853d,"THAT Engineering User Fees and Rates Amendment Bylaw No. 8377, 2022, be adopted."
2022-12-14,Special Council Meeting,,"Electrical Utility Amendment Bylaw No. 8378, 2022",Main motion,Carried,3,2,2,,,In favour,In favour,Against,In favour,Absent,Against,Absent,Development; Public services,,,,https://pub-newwestcity.escribemeetings.com/FileStream.ashx?DocumentId=13382,,https://councilrecord.ca/newwest.html#vote/2j9b4n,"THAT Electrical Utility Amendment Bylaw No. 8378, 2022, be adopted."
2022-12-14,Special Council Meeting,,New Westminster Community Heritage Commission Amendment,Main motion,Carried,5,0,2,,,In favour,In favour,In favour,In favour,Absent,In favour,Absent,Development; Neighbourhood character,,,,https://pub-newwestcity.escribemeetings.com/FileStream.ashx?DocumentId=13382,,https://councilrecord.ca/newwest.html#vote/e1fhl5,"THAT New Westminster Community Heritage Commission Amendment Bylaw No. 8372, 2022, be adopted."
2023-01-09,Council Meeting,,Council Appointments to Residents Associations (Circulated,Other,Carried,6,0,1,,,In favour,In favour,In favour,In favour,In favour,In favour,Absent,Governance & elections,,The minutes do not give separate motion text at this point; see the linked minutes.,,https://pub-newwestcity.escribemeetings.com/FileStream.ashx?DocumentId=13748,https://pub-newwestcity.escribemeetings.com/Players/ISIStandAlonePlayer.aspx?Id=217bf699-06c2-486f-a451-bbb949095f67,https://councilrecord.ca/newwest.html#vote/2qohlt,
2023-01-09,Council Meeting,,"Heritage Designation (109 Third Avenue) Bylaw No. 8381, 2023",Main motion,Carried,6,0,1,,,In favour,In favour,In favour,In favour,In favour,In favour,Absent,Development; Neighbourhood character,1 of 2,,,https://pub-newwestcity.escribemeetings.com/FileStream.ashx?DocumentId=13748,https://pub-newwestcity.escribemeetings.com/Players/ISIStandAlonePlayer.aspx?Id=217bf699-06c2-486f-a451-bbb949095f67,https://councilrecord.ca/newwest.html#vote/tg9haz,"THAT Heritage Designation (109 Third Avenue) Bylaw No. 8381, 2023, be given First Reading."
2023-01-09,Council Meeting,,"Heritage Designation (109 Third Avenue) Bylaw No. 8381, 2023",Main motion,Carried,6,0,1,,,In favour,In favour,In favour,In favour,In favour,In favour,Absent,Development; Neighbourhood character,2 of 2,,,https://pub-newwestcity.escribemeetings.com/FileStream.ashx?DocumentId=13748,https://pub-newwestcity.escribemeetings.com/Players/ISIStandAlonePlayer.aspx?Id=217bf699-06c2-486f-a451-bbb949095f67,https://councilrecord.ca/newwest.html#vote/160yjfj,"THAT Heritage Designation (109 Third Avenue) Bylaw No. 8381, 2023, be given Second Reading."
2023-01-09,Council Meeting,,Reducing the cost and time related to the development of new,Main motion,Carried,4,2,1,,,In favour,In favour,Against,In favour,In favour,Against,Absent,Housing & density; Taxes & spending; Public services; Governance & elections,,,,https://pub-newwestcity.escribemeetings.com/FileStream.ashx?DocumentId=13748,https://pub-newwestcity.escribemeetings.com/Players/ISIStandAlonePlayer.aspx?Id=217bf699-06c2-486f-a451-bbb949095f67,https://councilrecord.ca/newwest.html#vote/1r22i5x,THAT Council refer this item to the Affordable Housing and Child Care Task Force.
2023-01-09,Council Meeting,,Delaying the demolition of the Centennial Community Centre,Main motion,Defeated,2,4,1,,,Against,Against,In favour,Against,Against,In favour,Absent,Neighbourhood character; Parks & recreation,,,,https://pub-newwestcity.escribemeetings.com/FileStream.ashx?DocumentId=13748,https://pub-newwestcity.escribemeetings.com/Players/ISIStandAlonePlayer.aspx?Id=217bf699-06c2-486f-a451-bbb949095f67,https://councilrecord.ca/newwest.html#vote/1c3s1tc,THAT that the demolition of the Centennial Community Centre be temporarily delayed and the building continue to operate in its current form until an equivalent capacity for new recreational facilities and meeting space can be identified and/or constructed in our city; and THAT that staff report back to Council on the financial implications on the city’s operating budget related to delaying the Centennial Community Centre demolition
2023-01-09,Council Meeting,,Quantifying the downloading of costs from senior orders of,Amendment,Carried,4,2,1,,,In favour,In favour,Against,In favour,In favour,Against,Absent,Taxes & spending,1 of 4,The minutes do not give separate motion text at this point; see the linked minutes.,,https://pub-newwestcity.escribemeetings.com/FileStream.ashx?DocumentId=13748,https://pub-newwestcity.escribemeetings.com/Players/ISIStandAlonePlayer.aspx?Id=217bf699-06c2-486f-a451-bbb949095f67,https://councilrecord.ca/newwest.html#vote/lzsu4f,
2023-01-09,Council Meeting,,Quantifying the downloading of costs from senior orders of,Main motion,Defeated,1,5,1,,,Against,In favour,Against,Against,Against,Against,Absent,Taxes & spending,2 of 4,,,https://pub-newwestcity.escribemeetings.com/FileStream.ashx?DocumentId=13748,https://pub-newwestcity.escribemeetings.com/Players/ISIStandAlonePlayer.aspx?Id=217bf699-06c2-486f-a451-bbb949095f67,https://councilrecord.ca/newwest.html#vote/1fcia0e,THAT the clause “and are not part of our “core services”” be removed from the original motion.
2023-01-09,Council Meeting,,Quantifying the downloading of costs from senior orders of,Amendment,Carried,6,0,1,,,In favour,In favour,In favour,In favour,In favour,In favour,Absent,Taxes & spending; Transportation,3 of 4,,,https://pub-newwestcity.escribemeetings.com/FileStream.ashx?DocumentId=13748,https://pub-newwestcity.escribemeetings.com/Players/ISIStandAlonePlayer.aspx?Id=217bf699-06c2-486f-a451-bbb949095f67,https://councilrecord.ca/newwest.html#vote/uctp57,THAT the word “draft” be struck from the amended motion.
2023-01-09,Council Meeting,,Quantifying the downloading of costs from senior orders of,Main motion,Carried,6,0,1,,,In favour,In favour,In favour,In favour,In favour,In favour,Absent,Taxes & spending,4 of 4,,,https://pub-newwestcity.escribemeetings.com/FileStream.ashx?DocumentId=13748,https://pub-newwestcity.escribemeetings.com/Players/ISIStandAlonePlayer.aspx?Id=217bf699-06c2-486f-a451-bbb949095f67,https://councilrecord.ca/newwest.html#vote/h63v8f,THAT staff report back to Council with an itemized list of expenditures and senior government revenues the City of New Westminster has incorporated into the draft Operating and Capital Budgets which are typical considered outside the municipal jurisdiction and are not part of our “core services.”
2023-01-09,Council Meeting,,Supporting the need for a 'Snow Summit' in Metro Vancouver to,Main motion,Defeated,2,4,1,,,Against,Against,In favour,Against,Against,In favour,Absent,Governance & elections,,,,https://pub-newwestcity.escribemeetings.com/FileStream.ashx?DocumentId=13748,https://pub-newwestcity.escribemeetings.com/Players/ISIStandAlonePlayer.aspx?Id=217bf699-06c2-486f-a451-bbb949095f67,https://councilrecord.ca/newwest.html#vote/sb5kjd,"THAT that Council request Mayor Johnstone, as our representative on Metro Vancouver, introduce a motion requesting a 'Snow Summit' be held as soon as possible to review and analyze the circumstances which led to a record level of traffic gridlock in our region on Tuesday, November 29th; and, THAT Anvil Centre be offered as a possible venue for this summit which should include, at a minimum, representatives from the Ministry of Transportation, Metro Vancouver, BC Ambulance, TransLink, ICBC, Mainland Contracting and senior officials from the various municipalities in our region that can speak on behalf of our first responders including fire and police."
2023-01-25,Special Council Meeting,,"Civic Observances, Celebrations, Activations and Community",Main motion,Carried,6,0,1,,,Absent,In favour,In favour,In favour,In favour,In favour,In favour,Transportation,,,,https://pub-newwestcity.escribemeetings.com/FileStream.ashx?DocumentId=13752,https://pub-newwestcity.escribemeetings.com/Players/ISIStandAlonePlayer.aspx?Id=b9dd515c-fec1-4b7a-a62b-e87e75c0cb2d,https://councilrecord.ca/newwest.html#vote/ur0fti,"THAT staff, via email, report back to Council on the financial and operating implications of providing up to one street occupancy permit per year for the purpose of holding a street party."
2023-01-25,Special Council Meeting,,ON TABLE AMI Advanced Metering Infrastructure,Main motion,Carried,6,0,1,,,Absent,In favour,In favour,In favour,In favour,In favour,In favour,Public services,,,,https://pub-newwestcity.escribemeetings.com/FileStream.ashx?DocumentId=13752,https://pub-newwestcity.escribemeetings.com/Players/ISIStandAlonePlayer.aspx?Id=b9dd515c-fec1-4b7a-a62b-e87e75c0cb2d,https://councilrecord.ca/newwest.html#vote/djxea3,"THAT in order to have enough time to allow for a fulsome discussion on AMI Advanced Metering Infrastructure, this item be addressed during another upcoming Special Regular Meeting of Council. ."
2023-01-30,Council Meeting following Public Hearing,,"Heritage Designation (109 Third Avenue) Bylaw No. 8381, 2023",Main motion,Carried,7,0,0,,,In favour,In favour,In favour,In favour,In favour,In favour,In favour,Development; Neighbourhood character,,,,https://pub-newwestcity.escribemeetings.com/FileStream.ashx?DocumentId=13755,https://pub-newwestcity.escribemeetings.com/Players/ISIStandAlonePlayer.aspx?Id=8a3adcaa-ecd6-4e88-9b9c-1b68b315f382,https://councilrecord.ca/newwest.html#vote/lgq8uu,"THAT Heritage Designation Bylaw (109 Third Avenue) No. 8381, 2023 be given Third Reading."
2023-01-30,Council Meeting following Public Hearing,,Changes to the Terms of Reference of the Accessibility Advisory,Main motion,Carried,6,1,0,,,In favour,In favour,In favour,Against,In favour,In favour,In favour,Public services; Governance & elections,,,,https://pub-newwestcity.escribemeetings.com/FileStream.ashx?DocumentId=13755,https://pub-newwestcity.escribemeetings.com/Players/ISIStandAlonePlayer.aspx?Id=8a3adcaa-ecd6-4e88-9b9c-1b68b315f382,https://councilrecord.ca/newwest.html#vote/1qa9ncm,"THAT Council approve the changes to the Terms of Reference of the Accessibility Advisory Committee as outlined in the report titled, “Changes to the Terms of Reference of the Accessibility Advisory Committee; and, THAT Council consider Community Heritage Commission Amendment Bylaw No. 8384, 2023, for three readings."
2023-01-30,Council Meeting following Public Hearing,,Renewed Child Care Protocol between the City of New Westminster,Main motion,Carried,7,0,0,,,In favour,In favour,In favour,In favour,In favour,In favour,In favour,Public services; Governance & elections,,,,https://pub-newwestcity.escribemeetings.com/FileStream.ashx?DocumentId=13755,https://pub-newwestcity.escribemeetings.com/Players/ISIStandAlonePlayer.aspx?Id=8a3adcaa-ecd6-4e88-9b9c-1b68b315f382,https://councilrecord.ca/newwest.html#vote/11nk7df,THAT Council direct staff to forward a letter to New Westminster School District No.40 formally inviting them to jointly develop a renewed Child Care Protocol between the City of New Westminster and the School District.
2023-01-30,Council Meeting following Public Hearing,,Rezoning Application for Detached Accessory Building: 228 Seventh,Main motion,Carried,5,0,2,,,Absent,In favour,In favour,In favour,In favour,In favour,Absent,Housing & density; Development; Transportation,,,,https://pub-newwestcity.escribemeetings.com/FileStream.ashx?DocumentId=13755,https://pub-newwestcity.escribemeetings.com/Players/ISIStandAlonePlayer.aspx?Id=8a3adcaa-ecd6-4e88-9b9c-1b68b315f382,https://councilrecord.ca/newwest.html#vote/1i0fv5u,"THAT Council consider “Zoning Amendment Bylaw (228 Seventh Street) No. 8373, 2023” and no Public Hearing held, in accordance with the Local Government Act ; and, THAT notification be circulated in accordance with the Local Government Act ."
2023-01-30,Council Meeting following Public Hearing,,Community Heritage Commission Amendment Bylaw,Main motion,Carried,7,0,0,,,In favour,In favour,In favour,In favour,In favour,In favour,In favour,Development; Neighbourhood character,1 of 3,,,https://pub-newwestcity.escribemeetings.com/FileStream.ashx?DocumentId=13755,https://pub-newwestcity.escribemeetings.com/Players/ISIStandAlonePlayer.aspx?Id=8a3adcaa-ecd6-4e88-9b9c-1b68b315f382,https://councilrecord.ca/newwest.html#vote/1ekde7m,"THAT Community Heritage Commission Amendment Bylaw No. 8384, 2023 be given First Reading."
2023-01-30,Council Meeting following Public Hearing,,Community Heritage Commission Amendment Bylaw,Main motion,Carried,7,0,0,,,In favour,In favour,In favour,In favour,In favour,In favour,In favour,Development; Neighbourhood character,2 of 3,,,https://pub-newwestcity.escribemeetings.com/FileStream.ashx?DocumentId=13755,https://pub-newwestcity.escribemeetings.com/Players/ISIStandAlonePlayer.aspx?Id=8a3adcaa-ecd6-4e88-9b9c-1b68b315f382,https://councilrecord.ca/newwest.html#vote/qowzy1,"THAT Community Heritage Commission Amendment Bylaw No. 8384, 2023 be given Second Reading."
2023-01-30,Council Meeting following Public Hearing,,Community Heritage Commission Amendment Bylaw,Main motion,Carried,7,0,0,,,In favour,In favour,In favour,In favour,In favour,In favour,In favour,Development; Neighbourhood character,3 of 3,,,https://pub-newwestcity.escribemeetings.com/FileStream.ashx?DocumentId=13755,https://pub-newwestcity.escribemeetings.com/Players/ISIStandAlonePlayer.aspx?Id=8a3adcaa-ecd6-4e88-9b9c-1b68b315f382,https://councilrecord.ca/newwest.html#vote/3urn6q,"THAT Community Heritage Commission Amendment Bylaw No. 8384, 2023 be given Third Reading."
2023-01-30,Council Meeting following Public Hearing,,Development Cost Charge Reserve Funds Expenditure Bylaw,Main motion,Carried,7,0,0,,,In favour,In favour,In favour,In favour,In favour,In favour,In favour,Development; Taxes & spending,1 of 3,,,https://pub-newwestcity.escribemeetings.com/FileStream.ashx?DocumentId=13755,https://pub-newwestcity.escribemeetings.com/Players/ISIStandAlonePlayer.aspx?Id=8a3adcaa-ecd6-4e88-9b9c-1b68b315f382,https://councilrecord.ca/newwest.html#vote/1hewa3w,THAT Development Cost Charge Reserve Funds Expenditure Bylaw No. 8371 2022 be given First Reading.
2023-01-30,Council Meeting following Public Hearing,,Development Cost Charge Reserve Funds Expenditure Bylaw,Main motion,Carried,7,0,0,,,In favour,In favour,In favour,In favour,In favour,In favour,In favour,Development; Taxes & spending,2 of 3,,,https://pub-newwestcity.escribemeetings.com/FileStream.ashx?DocumentId=13755,https://pub-newwestcity.escribemeetings.com/Players/ISIStandAlonePlayer.aspx?Id=8a3adcaa-ecd6-4e88-9b9c-1b68b315f382,https://councilrecord.ca/newwest.html#vote/16t6goy,THAT Development Cost Charge Reserve Funds Expenditure Bylaw No. 8371 2022 be given Second Reading.
2023-01-30,Council Meeting following Public Hearing,,Development Cost Charge Reserve Funds Expenditure Bylaw,Main motion,Carried,7,0,0,,,In favour,In favour,In favour,In favour,In favour,In favour,In favour,Development; Taxes & spending,3 of 3,,,https://pub-newwestcity.escribemeetings.com/FileStream.ashx?DocumentId=13755,https://pub-newwestcity.escribemeetings.com/Players/ISIStandAlonePlayer.aspx?Id=8a3adcaa-ecd6-4e88-9b9c-1b68b315f382,https://councilrecord.ca/newwest.html#vote/y8741o,THAT Development Cost Charge Reserve Funds Expenditure Bylaw No. 8371 2022 be given Third Reading.
2023-01-30,Council Meeting following Public Hearing,,Mitigating Traffic and Transportation Issues and Improving,Referral,Defeated,3,4,0,,,In favour,In favour,Against,Against,In favour,Against,Against,Transportation; Parks & recreation,1 of 2,,,https://pub-newwestcity.escribemeetings.com/FileStream.ashx?DocumentId=13755,https://pub-newwestcity.escribemeetings.com/Players/ISIStandAlonePlayer.aspx?Id=8a3adcaa-ecd6-4e88-9b9c-1b68b315f382,https://councilrecord.ca/newwest.html#vote/y2pw63,THAT the Improving Pedestrian Safety on Ewen Avenue in Queensborough motion be referred for consideration in the Queensborough Transportation Plan.
2023-01-30,Council Meeting following Public Hearing,,Mitigating Traffic and Transportation Issues and Improving,Main motion,Carried,7,0,0,,,In favour,In favour,In favour,In favour,In favour,In favour,In favour,Transportation; Parks & recreation,2 of 2,,,https://pub-newwestcity.escribemeetings.com/FileStream.ashx?DocumentId=13755,https://pub-newwestcity.escribemeetings.com/Players/ISIStandAlonePlayer.aspx?Id=8a3adcaa-ecd6-4e88-9b9c-1b68b315f382,https://councilrecord.ca/newwest.html#vote/183twu0,"THAT staff provide a memo to Council regarding the opportunity to modify the current ""no right turn on red"" policy at Ewen Avenue and Howes Street so it only applies during peak rush hour traffic; and BE IT FURTHER RESOLVED THAT as part of the Queensborough Transportation Plan, staff seek feedback from local residents and business regarding their interest in the installation of a new pedestrian-activated crossing at the corner of Wood Street and Ewen Avenue."
2023-01-30,Council Meeting following Public Hearing,,Increasing Year-Round Usage of City Park Spaces Through the,Main motion,Carried,5,2,0,,,In favour,In favour,Against,In favour,In favour,Against,In favour,Parks & recreation,,,,https://pub-newwestcity.escribemeetings.com/FileStream.ashx?DocumentId=13755,https://pub-newwestcity.escribemeetings.com/Players/ISIStandAlonePlayer.aspx?Id=8a3adcaa-ecd6-4e88-9b9c-1b68b315f382,https://councilrecord.ca/newwest.html#vote/z9o87o,THAT staff consider the installation of additional all-weather tracks in Queensborough as part of the Parks and Recreation Comprehensive Plan.
2023-01-30,Council Meeting following Public Hearing,,Requesting an Update from Local MLAs Regarding a 2020,Amendment,Carried,7,0,0,,,In favour,In favour,In favour,In favour,In favour,In favour,In favour,Governance & elections,1 of 2,,,https://pub-newwestcity.escribemeetings.com/FileStream.ashx?DocumentId=13755,https://pub-newwestcity.escribemeetings.com/Players/ISIStandAlonePlayer.aspx?Id=8a3adcaa-ecd6-4e88-9b9c-1b68b315f382,https://councilrecord.ca/newwest.html#vote/jy80bm,THAT Mayor Patrick Johnstone include members of the School Board appointed to the joint committee in the meeting invitation to discuss the status of the provincial government's 2020 campaign commitment to the parents and students of Queensborough for a free bus service to NWSS.
2023-01-30,Council Meeting following Public Hearing,,Requesting an Update from Local MLAs Regarding a 2020,Main motion,Carried,7,0,0,,,In favour,In favour,In favour,In favour,In favour,In favour,In favour,Governance & elections,2 of 2,,,https://pub-newwestcity.escribemeetings.com/FileStream.ashx?DocumentId=13755,https://pub-newwestcity.escribemeetings.com/Players/ISIStandAlonePlayer.aspx?Id=8a3adcaa-ecd6-4e88-9b9c-1b68b315f382,https://councilrecord.ca/newwest.html#vote/4gchde,"THAT Mayor Patrick Johnstone write to MLAs Aman Singh and Jennifer Whiteside to request a meeting be established with Councillors Tasha Henderson, Nadine Nakagawa and Daniel Fontaine (School Board Liaisons) regarding the status of the provincial government's 2020 campaign commitment to the parents and students of Queensborough for a free bus service to NWSS. BE IT RESOLVED THAT Mayor Patrick Johnstone include members of the School Board appointed to the joint committee in the meeting invitation to discuss the status of the provincial government's 2020 campaign commitment to the parents and students of Queensborough for a free bus service to NWSS."
2023-01-30,Council Meeting following Public Hearing,,Halting the City's Rebranding Exercise as Previously Approved,Main motion,Defeated,2,5,0,,,Against,Against,In favour,Against,Against,In favour,Against,Governance & elections,,,,https://pub-newwestcity.escribemeetings.com/FileStream.ashx?DocumentId=13755,https://pub-newwestcity.escribemeetings.com/Players/ISIStandAlonePlayer.aspx?Id=8a3adcaa-ecd6-4e88-9b9c-1b68b315f382,https://councilrecord.ca/newwest.html#vote/14bu5c6,"WHEREAS the City of New Westminster is facing many challenges in attracting and retaining staff; WHEREAS utilizing limited staff resources on an unnecessary rebranding exercise is not an efficient use of staff time; and WHEREAS the City of New Westminster is facing significant budgetary challenges that could result in significant property and business tax increases this year; and WHEREAS corporate rebranding exercises can be extremely costly and have the potential of returning little net benefit to taxpayers. BE IT RESOLVED THAT staff reduce the potential burden to residential and commercial taxpayers by ceasing work on any corporate-wide rebranding projects through to December 31st, 2024."
2023-01-30,Council Meeting following Public Hearing,,Clarifying Matters Related to Notice of Motion in the Council,Main motion,Carried,7,0,0,,,In favour,In favour,In favour,In favour,In favour,In favour,In favour,Development; Governance & elections,,,,https://pub-newwestcity.escribemeetings.com/FileStream.ashx?DocumentId=13755,https://pub-newwestcity.escribemeetings.com/Players/ISIStandAlonePlayer.aspx?Id=8a3adcaa-ecd6-4e88-9b9c-1b68b315f382,https://councilrecord.ca/newwest.html#vote/m619v0,"WHEREAS the City of New Westminster has a Procedure Bylaw (i.e., COUNCIL PROCEDURE BYLAW NO. 6910, 2004) which was duly enacted in accordance with the requirements of the Community Charter ; WHEREAS Section 21 of the Council Procedure Bylaw No. 6910, 2004, under the heading “Notices of motion”, states that “Any member has the right to give notice to Council of a motion which that member intends to make at the next meeting of the Council. The City Clerk shall make note of the motion and place it on the next agenda. The City Clerk may request that the member provide the motion that is subject of the notice in writing.”; WHEREAS it is evident that the practice of the previous City Council, with respect to Member Motions, was for motions to appear on the agenda for any given Council meeting which would then be routinely moved and seconded at the meeting, discussed/debated by Council, and then voted on at the same Council meeting. This practice would appear, on the surface, to be consistent with the wording and plain meaning of section 21 of the Council Procedure Bylaw despite the somewhat ambiguous wording of section 21 of the Bylaw; WHEREAS the Agenda for the November 28, 2022, New Westminster Council Meeting included a number of Member Motions listed under Item “6. MOTIONS FROM MEMBERS OF COUNCIL” and “6.1 Notice of Motion.” In apparent contradiction to the observed practice of the previous City Council with respect to Notice of Motion and the previous Council’s apparent interpretation of the Council Procedure Bylaw, an additional note was appended to the agenda text indicating that “The motions in this section will be introduced at this meeting. The motions will be placed on the December 12, 2022, Council agenda for discussion and decision.”; and WHEREAS there is an apparent disconnect between the interpretation and application of section 21 of the Council Procedure Bylaw by the previous Council and the interpretation and application that is now being applied to the new Council elected in October 2022, even though there has not been any changes or amendments to the text or wording of section 21 of the Bylaw; THEREFORE BE IT RESOLVED THAT Council direct staff to report back on the apparent discrepancy between how the Council Procedure Bylaw No. 6910, 2004 was and is being interpreted and applied in the present, notably at the November 28, 2022 Council meeting with respect to Notice of Motion, and how the Bylaw was interpreted and applied by previous Councils in order to clarify the situation and determine what the correct procedure is, and FURTHER THAT staff report back at the February 13, 2023 Council meeting with recommendations to improve Section 21 of the Council Procedures Bylaw 6910 to ensure it no longer lacks clarity and is less subject to interpretation."
2023-01-30,Council Meeting following Public Hearing,,Investments in New Pedestrian Infrastructure to Support the,Main motion,Carried,7,0,0,,,In favour,In favour,In favour,In favour,In favour,In favour,In favour,Transportation; Parks & recreation,1 of 2,,,https://pub-newwestcity.escribemeetings.com/FileStream.ashx?DocumentId=13755,https://pub-newwestcity.escribemeetings.com/Players/ISIStandAlonePlayer.aspx?Id=8a3adcaa-ecd6-4e88-9b9c-1b68b315f382,https://councilrecord.ca/newwest.html#vote/c3dpef,THAT staff schedule a Council Workshop within six months to discuss the investments in new pedestrian infrastructure to support the City’s active transportation network in Queensborough and reduce our carbon footprint motion.
2023-01-30,Council Meeting following Public Hearing,,Investments in New Pedestrian Infrastructure to Support the,Main motion,Carried,7,0,0,,,In favour,In favour,In favour,In favour,In favour,In favour,In favour,Transportation; Parks & recreation,2 of 2,,,https://pub-newwestcity.escribemeetings.com/FileStream.ashx?DocumentId=13755,https://pub-newwestcity.escribemeetings.com/Players/ISIStandAlonePlayer.aspx?Id=8a3adcaa-ecd6-4e88-9b9c-1b68b315f382,https://councilrecord.ca/newwest.html#vote/c3dpef-2,THAT staff schedule a Council Workshop within six months to discuss the investments in new pedestrian infrastructure to support the City’s active transportation network in Queensborough and reduce our carbon footprint motion.
2023-01-30,Council Meeting following Public Hearing,,Nomination of Councillor Ruby Campbell to the Election to FCM,Main motion,Carried,7,0,0,,,In favour,In favour,In favour,In favour,In favour,In favour,In favour,Governance & elections,,,,https://pub-newwestcity.escribemeetings.com/FileStream.ashx?DocumentId=13755,https://pub-newwestcity.escribemeetings.com/Players/ISIStandAlonePlayer.aspx?Id=8a3adcaa-ecd6-4e88-9b9c-1b68b315f382,https://councilrecord.ca/newwest.html#vote/1jpxs7v,THAT Council receive the report titled “Nomination of Councillor Ruby Campbell to the Election to FCM Board of Directors” for information.
2023-02-13,Council Meeting,,Adoption of Heritage Designation (109 Third Avenue) Bylaw,Main motion,Carried,7,0,0,,,In favour,In favour,In favour,In favour,In favour,In favour,In favour,Neighbourhood character,,,,https://pub-newwestcity.escribemeetings.com/FileStream.ashx?DocumentId=13760,https://pub-newwestcity.escribemeetings.com/Players/ISIStandAlonePlayer.aspx?Id=6dc7dc1a-e7ab-4c4e-a213-7c89f7a7a479,https://councilrecord.ca/newwest.html#vote/1klrhsz,"THAT Heritage Designation Bylaw (109 Third Avenue) No. 8381, 2023 be adopted."
2023-02-13,Council Meeting,,Rezoning Application for Detached Accessory Building 228 Seventh,Main motion,Carried,5,0,2,,,Absent,In favour,In favour,In favour,In favour,In favour,Absent,Housing & density; Development; Transportation,,,,https://pub-newwestcity.escribemeetings.com/FileStream.ashx?DocumentId=13760,https://pub-newwestcity.escribemeetings.com/Players/ISIStandAlonePlayer.aspx?Id=6dc7dc1a-e7ab-4c4e-a213-7c89f7a7a479,https://councilrecord.ca/newwest.html#vote/ttyoht,THAT Council receive the Rezoning Application for Detached Accessory Building 228 Seventh Street – Clarification of Permitted Uses report for information.
2023-02-13,Council Meeting,,Air Quality Permit Application from Cedar Island Forest Products Ltd,Other,Carried,7,0,0,,,In favour,In favour,In favour,In favour,In favour,In favour,In favour,Environment & climate,,The minutes do not give separate motion text at this point; see the linked minutes.,,https://pub-newwestcity.escribemeetings.com/FileStream.ashx?DocumentId=13760,https://pub-newwestcity.escribemeetings.com/Players/ISIStandAlonePlayer.aspx?Id=6dc7dc1a-e7ab-4c4e-a213-7c89f7a7a479,https://councilrecord.ca/newwest.html#vote/1qmjliz,
2023-02-13,Council Meeting,,A Year of Truth,Main motion,Carried,7,0,0,,,In favour,In favour,In favour,In favour,In favour,In favour,In favour,Neighbourhood character; Governance & elections,,,,https://pub-newwestcity.escribemeetings.com/FileStream.ashx?DocumentId=13760,https://pub-newwestcity.escribemeetings.com/Players/ISIStandAlonePlayer.aspx?Id=6dc7dc1a-e7ab-4c4e-a213-7c89f7a7a479,https://councilrecord.ca/newwest.html#vote/1vn706,THAT Council direct staff to prepare a Proclamation naming March 2023 to March 2024 “A Year of Truth” and to bring a presentation to launch this initiative at a future regular Council meeting.
2023-02-13,Council Meeting,,Building Safer Communities Program from Public Safety Canada,Main motion,Carried,7,0,0,,,In favour,In favour,In favour,In favour,In favour,In favour,In favour,Parks & recreation; Public services,,,,https://pub-newwestcity.escribemeetings.com/FileStream.ashx?DocumentId=13760,https://pub-newwestcity.escribemeetings.com/Players/ISIStandAlonePlayer.aspx?Id=6dc7dc1a-e7ab-4c4e-a213-7c89f7a7a479,https://councilrecord.ca/newwest.html#vote/u3ais7,"THAT Council approve the four-year implementation plan for the Building Safer Communities Program for At-Risk Youth valued at $1,736,800.23 and funded by Public Safety Canada; and THAT Council direct staff to amend the 2023 budget and 2023-2027 Five Year Financial Plan to include the additional funding from Public Safety Canada for the Building Safer Communities Program; and THAT Council direct staff to establish a working group similar to the Peer Assisted Crisis Team (PACT) for the project to ensure project oversight and success and to report back with a terms of reference for the working group."
2023-02-13,Council Meeting,,Housing Agreement Bylaw and Development Variance Permit to Vary,Amendment,Carried,5,0,2,,,Absent,In favour,In favour,In favour,In favour,In favour,Absent,Housing & density; Development; Environment & climate,1 of 2,,,https://pub-newwestcity.escribemeetings.com/FileStream.ashx?DocumentId=13760,https://pub-newwestcity.escribemeetings.com/Players/ISIStandAlonePlayer.aspx?Id=6dc7dc1a-e7ab-4c4e-a213-7c89f7a7a479,https://councilrecord.ca/newwest.html#vote/lsvo4g,THAT Council to direct staff to work with the proponent to mitigate and reduce the loss of trees.
2023-02-13,Council Meeting,,Housing Agreement Bylaw and Development Variance Permit to Vary,Main motion,Carried,5,0,2,,,Absent,In favour,In favour,In favour,In favour,In favour,Absent,Housing & density; Development; Transportation,2 of 2,,,https://pub-newwestcity.escribemeetings.com/FileStream.ashx?DocumentId=13760,https://pub-newwestcity.escribemeetings.com/Players/ISIStandAlonePlayer.aspx?Id=6dc7dc1a-e7ab-4c4e-a213-7c89f7a7a479,https://councilrecord.ca/newwest.html#vote/1h87plp,"THAT Council consider Housing Agreement Bylaw No. 8382, 2023 to authorize the City to enter into a Housing Agreement with the property owner to require that all residential units at 311 Ash Street be secured as market rental housing for First, Second and Third Readings. THAT Council, should the Housing Agreement Bylaw No. 8382, 2023 be adopted, direct the Mayor and Corporate Officer to execute the Housing Agreement. THAT Council provide notice that it will consider issuance of a Development Variance Permit (DVP00701) to reduce the number of required off-street parking spaces by 34% from the Zoning Bylaw requirements for secured market rental. THAT Council endorse that fifty-one long-term bicycle parking spaces and six short-term bicycle parking spaces be included as part of the Development Permit application for 311 Ash Street, should the Development Variance Permit (DVP00701) be approved by Council. THAT Council to direct staff to work with the proponent to mitigate and reduce the loss of trees."
2023-02-13,Council Meeting,,Notice of Motion Process,Postponement,Carried,7,0,0,,,In favour,In favour,In favour,In favour,In favour,In favour,In favour,Governance & elections,,,,https://pub-newwestcity.escribemeetings.com/FileStream.ashx?DocumentId=13760,https://pub-newwestcity.escribemeetings.com/Players/ISIStandAlonePlayer.aspx?Id=6dc7dc1a-e7ab-4c4e-a213-7c89f7a7a479,https://councilrecord.ca/newwest.html#vote/1eiocyv,THAT the Notice of Motion Process Policy be deferred until a workshop can be established to address the concerns regarding the policy and bylaw.
2023-02-13,Council Meeting,,Temporary Working Space Agreement (GVSD590) for 590 Blackberry,Main motion,Carried,7,0,0,,,In favour,In favour,In favour,In favour,In favour,In favour,In favour,Other,,,,https://pub-newwestcity.escribemeetings.com/FileStream.ashx?DocumentId=13760,https://pub-newwestcity.escribemeetings.com/Players/ISIStandAlonePlayer.aspx?Id=6dc7dc1a-e7ab-4c4e-a213-7c89f7a7a479,https://councilrecord.ca/newwest.html#vote/1t89xz0,THAT Council approve the Temporary Working Space Agreement at 590 Blackberry Drive for execution by the Mayor and City Clerk as outlined in this report.
2023-02-13,Council Meeting,,"Bylaw No. 8373, 2023",Main motion,Carried,5,0,2,,,Absent,In favour,In favour,In favour,In favour,In favour,Absent,Development; Transportation,1 of 3,,,https://pub-newwestcity.escribemeetings.com/FileStream.ashx?DocumentId=13760,https://pub-newwestcity.escribemeetings.com/Players/ISIStandAlonePlayer.aspx?Id=6dc7dc1a-e7ab-4c4e-a213-7c89f7a7a479,https://councilrecord.ca/newwest.html#vote/mqui9j,"THAT Zoning Amendment Bylaw (228 Seventh Street) No. 8373, 2023 be given First Reading."
2023-02-13,Council Meeting,,"Bylaw No. 8373, 2023",Main motion,Carried,5,0,2,,,Absent,In favour,In favour,In favour,In favour,In favour,Absent,Development; Transportation,2 of 3,,,https://pub-newwestcity.escribemeetings.com/FileStream.ashx?DocumentId=13760,https://pub-newwestcity.escribemeetings.com/Players/ISIStandAlonePlayer.aspx?Id=6dc7dc1a-e7ab-4c4e-a213-7c89f7a7a479,https://councilrecord.ca/newwest.html#vote/1xptnng,"THAT Zoning Amendment Bylaw (228 Seventh Street) No. 8373, 2023 be given Second Reading."
2023-02-13,Council Meeting,,"Bylaw No. 8373, 2023",Main motion,Carried,5,0,2,,,Absent,In favour,In favour,In favour,In favour,In favour,Absent,Development; Transportation,3 of 3,,,https://pub-newwestcity.escribemeetings.com/FileStream.ashx?DocumentId=13760,https://pub-newwestcity.escribemeetings.com/Players/ISIStandAlonePlayer.aspx?Id=6dc7dc1a-e7ab-4c4e-a213-7c89f7a7a479,https://councilrecord.ca/newwest.html#vote/1symktj,"THAT Zoning Amendment Bylaw (228 Seventh Street) No. 8373, 2023 be given Third Reading."
2023-02-13,Council Meeting,,"Housing Agreement (311 Ash Street) Bylaw No. 8382, 2023",Main motion,Carried,5,0,2,,,Absent,In favour,In favour,In favour,In favour,In favour,Absent,Housing & density; Development; Transportation,1 of 3,,,https://pub-newwestcity.escribemeetings.com/FileStream.ashx?DocumentId=13760,https://pub-newwestcity.escribemeetings.com/Players/ISIStandAlonePlayer.aspx?Id=6dc7dc1a-e7ab-4c4e-a213-7c89f7a7a479,https://councilrecord.ca/newwest.html#vote/aoujn3,"THAT Housing Agreement (311 Ash Street) Bylaw No. 8382, 2023 be given First Reading."
2023-02-13,Council Meeting,,"Housing Agreement (311 Ash Street) Bylaw No. 8382, 2023",Main motion,Carried,5,0,2,,,Absent,In favour,In favour,In favour,In favour,In favour,Absent,Housing & density; Development; Transportation,2 of 3,,,https://pub-newwestcity.escribemeetings.com/FileStream.ashx?DocumentId=13760,https://pub-newwestcity.escribemeetings.com/Players/ISIStandAlonePlayer.aspx?Id=6dc7dc1a-e7ab-4c4e-a213-7c89f7a7a479,https://councilrecord.ca/newwest.html#vote/1sh4ji5,"THAT Housing Agreement (311 Ash Street) Bylaw No. 8382, 2023 be given Second Reading."
2023-02-13,Council Meeting,,"Housing Agreement (311 Ash Street) Bylaw No. 8382, 2023",Main motion,Carried,5,0,2,,,Absent,In favour,In favour,In favour,In favour,In favour,Absent,Housing & density; Development; Transportation,3 of 3,,,https://pub-newwestcity.escribemeetings.com/FileStream.ashx?DocumentId=13760,https://pub-newwestcity.escribemeetings.com/Players/ISIStandAlonePlayer.aspx?Id=6dc7dc1a-e7ab-4c4e-a213-7c89f7a7a479,https://councilrecord.ca/newwest.html#vote/17nvfnj,"THAT Housing Agreement (311 Ash Street) Bylaw No. 8382, 2023 be given Third Reading."
2023-02-13,Council Meeting,,Community Heritage Commission Amendment Bylaw,Main motion,Carried,7,0,0,,,In favour,In favour,In favour,In favour,In favour,In favour,In favour,Development; Neighbourhood character,,,,https://pub-newwestcity.escribemeetings.com/FileStream.ashx?DocumentId=13760,https://pub-newwestcity.escribemeetings.com/Players/ISIStandAlonePlayer.aspx?Id=6dc7dc1a-e7ab-4c4e-a213-7c89f7a7a479,https://councilrecord.ca/newwest.html#vote/2p6f6e,"THAT Community Heritage Commission Amendment Bylaw No. 8384, 2023 be Adopted."
2023-02-13,Council Meeting,,Development Cost Charge Reserve Funds Expenditure Bylaw,Main motion,Carried,7,0,0,,,In favour,In favour,In favour,In favour,In favour,In favour,In favour,Development; Taxes & spending,,,,https://pub-newwestcity.escribemeetings.com/FileStream.ashx?DocumentId=13760,https://pub-newwestcity.escribemeetings.com/Players/ISIStandAlonePlayer.aspx?Id=6dc7dc1a-e7ab-4c4e-a213-7c89f7a7a479,https://councilrecord.ca/newwest.html#vote/1s97pdq,THAT Development Cost Charge Reserve Funds Expenditure Bylaw No. 8371 2022 be Adopted.
2023-02-13,Council Meeting,,Gurdwara Sahib Sukh Sagar Emergency Management,Main motion,Carried,7,0,0,,,In favour,In favour,In favour,In favour,In favour,In favour,In favour,Public services,,,,https://pub-newwestcity.escribemeetings.com/FileStream.ashx?DocumentId=13760,https://pub-newwestcity.escribemeetings.com/Players/ISIStandAlonePlayer.aspx?Id=6dc7dc1a-e7ab-4c4e-a213-7c89f7a7a479,https://councilrecord.ca/newwest.html#vote/1xyq7w8,"WHEREAS The Gurdwara Sahib Sukh Sagar brings the community together and values strong community partnerships; WHEREAS The Gurdwara Sahib Sukh Sagar was instrumental in supporting the Queensborough community in October 2017 when a transformer fire forced the closure of the Queensborough Bridge and cut electricity to surrounding neighbourhoods and, more recently, was invaluable on November 30, 2022 by supporting individuals stranded in their vehicles; WHEREAS the City of New Westminster Fire Department is working to identify gaps and potential partnerships in their Emergency Management program; WHEREAS The Gurdwara Sahib Sukh Sagar has been proven their willingness and capacity to assist in times when emergency issues arise; WHEREAS the City of New Westminster has Emergency Management professional expertise and when possible, works with community partners to strengthen programs and services; and WHEREAS the City of New Westminster has opportunity to apply for funding to provincial and federal funding for additional resources when working with community partners. BE IT RESOLVED that the City of New Westminster Fire Department explore Emergency Management partnership opportunities with The Gurdwara Sahib Sukh Sagar to support the emergent needs in Queensborough"
2023-02-13,Council Meeting,,Increasing Safe Access to the Fraser River for Residents and,Main motion,Defeated,2,5,0,,,Against,Against,In favour,Against,Against,In favour,Against,Environment & climate; Business & economy,1 of 2,,,https://pub-newwestcity.escribemeetings.com/FileStream.ashx?DocumentId=13760,https://pub-newwestcity.escribemeetings.com/Players/ISIStandAlonePlayer.aspx?Id=6dc7dc1a-e7ab-4c4e-a213-7c89f7a7a479,https://councilrecord.ca/newwest.html#vote/1859zsh,"WHEREAS other cities have supported their tourism strategies by developing walkways and user-pay public moorage in their rivers to allow pleasure craft to better access local merchants; WHEREAS the Fraser River has generated economic activity for the City of New Westminster since we were established in 1860; WHEREAS the Fraser River has a deep and spiritual connection with Indigenous peoples throughout British Columbia; WHEREAS residents and tourists can only view the Fraser River and have very few options to access it in a safe manner; WHEREAS it has been the City’s position that “the Riverfront is the City’s most significant cultural, economic and natural asset. It is home to vibrant and diverse public spaces, high quality recreation, business and housing, and significant natural features. It is an integral component of the local economy, providing employment, services and tourism opportunities while providing a living link to the City’s past; WHEREAS it was further stated “our Riverfront Vision is to seamlessly connect our riverfront - while respecting existing industry - through a continuous system of greenways and parks that run the length of the city and provide improved connections from our neighbourhoods to the river for residents, businesses and visitors alike. Along with enhanced access and facilities, the Riverfront’s recreation and tourism potential will be realized through public spaces and activities that generate widespread interest and are welcoming for all ages and abilities at all times during the year”; and WHEREAS in 2017 Council endorsed a conceptual design to construct an accessible floating greenway in the Fraser River connecting Sapperton and our Pier Park downtown by 2024 which was done in partnership with TransLink. BE IT RESOLVED that staff report back to Council regarding opportunities to provide increased direct access and connectivity to the Fraser River for our citizens and tourists; BE IT FURTHER RESOLVED that we identify opportunities and possible funding sources to plan and develop additional user-pay pleasure craft moorage on our City’s waterfront; BE IT FURTHER RESOLVED that staff be asked to identify possible new access points for a user-pay pleasure craft launch facility; BE IT FURTHER RESOLVED that staff identify the costs, challenges and opportunities of establishing a walkable link along the waterfront between Sapperton and Pier Park; BE IT FURTHER RESOLVED that staff prepare a key stakeholder consultation strategy to be presented to Council as part of this review; and BE IT FURTHER RESOLVED that staff report to Council regarding the necessary budget, possible sources of funding and resources required to undertake the work as noted above."
2023-02-13,Council Meeting,,Increasing Safe Access to the Fraser River for Residents and,Main motion,Carried,7,0,0,,,In favour,In favour,In favour,In favour,In favour,In favour,In favour,Environment & climate,2 of 2,,,https://pub-newwestcity.escribemeetings.com/FileStream.ashx?DocumentId=13760,https://pub-newwestcity.escribemeetings.com/Players/ISIStandAlonePlayer.aspx?Id=6dc7dc1a-e7ab-4c4e-a213-7c89f7a7a479,https://councilrecord.ca/newwest.html#vote/5ofor7,THAT staff present an update on the new riverfront vision in an information report to Council.
2023-02-13,Council Meeting,,Improving Our Economy by Better Connecting Douglas College,Main motion,Carried,6,1,0,,,Against,In favour,In favour,In favour,In favour,In favour,In favour,Business & economy,,,,https://pub-newwestcity.escribemeetings.com/FileStream.ashx?DocumentId=13760,https://pub-newwestcity.escribemeetings.com/Players/ISIStandAlonePlayer.aspx?Id=6dc7dc1a-e7ab-4c4e-a213-7c89f7a7a479,https://councilrecord.ca/newwest.html#vote/1i3bi6i,"THAT Council defer the item to the February 27, 2023 Council meeting."
2023-02-13,Council Meeting,,Recruitment 2023: Appointments to the Community Heritage,Main motion,Carried,7,0,0,,,In favour,In favour,In favour,In favour,In favour,In favour,In favour,Neighbourhood character; Public services; Governance & elections,,,,https://pub-newwestcity.escribemeetings.com/FileStream.ashx?DocumentId=13760,https://pub-newwestcity.escribemeetings.com/Players/ISIStandAlonePlayer.aspx?Id=6dc7dc1a-e7ab-4c4e-a213-7c89f7a7a479,https://councilrecord.ca/newwest.html#vote/xzn9s7,"THAT Council receive this report titled “Recruitment 2023: Appointments to the Community Heritage Commission (CHC) and the Accessibility Advisory Committee (AaAC),” for information."
2023-02-27,Council Meeting,,Development Variance Permit DVP00701 for 311 Ash Street,Main motion,Carried,5,0,2,,,Absent,In favour,In favour,In favour,In favour,In favour,Absent,Development; Transportation,1 of 3,,,https://pub-newwestcity.escribemeetings.com/FileStream.ashx?DocumentId=14069,https://pub-newwestcity.escribemeetings.com/Players/ISIStandAlonePlayer.aspx?Id=0fcabcbb-5064-4fd4-b512-198f5e9b01b1,https://councilrecord.ca/newwest.html#vote/pzq6zm,THAT Council accepts all correspondence regarding DVP00701 at 311 Ash Street.
2023-02-27,Council Meeting,,Development Variance Permit DVP00701 for 311 Ash Street,Other,Carried,3,2,2,,,Absent,In favour,Against,In favour,In favour,Against,Absent,Development; Transportation,2 of 3,The minutes do not give separate motion text at this point; see the linked minutes.,,https://pub-newwestcity.escribemeetings.com/FileStream.ashx?DocumentId=14069,https://pub-newwestcity.escribemeetings.com/Players/ISIStandAlonePlayer.aspx?Id=0fcabcbb-5064-4fd4-b512-198f5e9b01b1,https://councilrecord.ca/newwest.html#vote/1324qr1,
2023-02-27,Council Meeting,,Development Variance Permit DVP00701 for 311 Ash Street,Main motion,Carried,4,1,2,,,Absent,In favour,Against,In favour,In favour,In favour,Absent,Housing & density; Development; Transportation,3 of 3,,,https://pub-newwestcity.escribemeetings.com/FileStream.ashx?DocumentId=14069,https://pub-newwestcity.escribemeetings.com/Players/ISIStandAlonePlayer.aspx?Id=0fcabcbb-5064-4fd4-b512-198f5e9b01b1,https://councilrecord.ca/newwest.html#vote/z903lb,"THAT Council defers consideration of Item 6.2.a. – Housing Agreement (311 Ash Street) Bylaw No. 8382, 2023 pending approval of the Development Variance Permit DVP00701 for 311 Ash Street."
2023-02-27,Council Meeting,,Considerations Related to a Review of the Existing Council Code of,Main motion,Carried,7,0,0,,,In favour,In favour,In favour,In favour,In favour,In favour,In favour,Governance & elections,,,,https://pub-newwestcity.escribemeetings.com/FileStream.ashx?DocumentId=14069,https://pub-newwestcity.escribemeetings.com/Players/ISIStandAlonePlayer.aspx?Id=0fcabcbb-5064-4fd4-b512-198f5e9b01b1,https://councilrecord.ca/newwest.html#vote/5z8i8x,"THAT Council direct the Solicitor to begin the statutory process of considering a review of the existing Council Code of Conduct and prepare a new Code of Conduct through workshops with City Council; THAT Council direct staff to include guidelines regarding the protection of Councillors with regard to conflict of interest; and, THAT Council direct staff to investigate the opportunity to create a Municipal Integrity Commissioner with the ability to investigate Code of Conduct concerns."
2023-02-27,Council Meeting,,Exception to the CDSA Exemption to Address Illicit Drug Use in,Main motion,Carried,7,0,0,,,In favour,In favour,In favour,In favour,In favour,In favour,In favour,Taxes & spending; Public services,,,,https://pub-newwestcity.escribemeetings.com/FileStream.ashx?DocumentId=14069,https://pub-newwestcity.escribemeetings.com/Players/ISIStandAlonePlayer.aspx?Id=0fcabcbb-5064-4fd4-b512-198f5e9b01b1,https://councilrecord.ca/newwest.html#vote/avu2n5,"WHEREAS the BC Government has been granted an exemption by Health Canada from the Controlled Drugs and Substances Act to decriminalize the possession of certain illegal drugs; and, WHEREAS an omission to the exceptions for this exemption could result in nuisance illicit drug use in public park spaces designed for and used by children and youth. BE IT RESOLVED THAT Lower Mainland Local Government Association (LMLGA) and Union of BC Municipalities (UBCM) request that the BC Government request Health Canada add “public park spaces designed for and used by children and youth” to the list of exceptions to the Controlled Drug and Substances Act exemption."
2023-02-27,Council Meeting,,Project Update - t ə m ə se w̓txʷ Aquatic and Community Centre (TACC),Main motion,Carried,7,0,0,,,In favour,In favour,In favour,In favour,In favour,In favour,In favour,Parks & recreation,,,,https://pub-newwestcity.escribemeetings.com/FileStream.ashx?DocumentId=14069,https://pub-newwestcity.escribemeetings.com/Players/ISIStandAlonePlayer.aspx?Id=0fcabcbb-5064-4fd4-b512-198f5e9b01b1,https://councilrecord.ca/newwest.html#vote/14i8ncm,THAT Council receive this report for information and direct staff to provide on-going updates on project progress.
2023-02-27,Council Meeting,,Request for Support for Family Place Relocation in Downtown New,Main motion,Carried,7,0,0,,,In favour,In favour,In favour,In favour,In favour,In favour,In favour,Taxes & spending; Public services; Business & economy,,,,https://pub-newwestcity.escribemeetings.com/FileStream.ashx?DocumentId=14069,https://pub-newwestcity.escribemeetings.com/Players/ISIStandAlonePlayer.aspx?Id=0fcabcbb-5064-4fd4-b512-198f5e9b01b1,https://councilrecord.ca/newwest.html#vote/1pzl3rn,"THAT Council approve a one-time emergency grant in the value of $6,300 toward support for the relocation of New Westminster Family Place to 960 Quayside Drive."
2023-02-27,Council Meeting,,Heritage Revitalization Agreement (802 and 806 Eighth Street,Main motion,Carried,7,0,0,,,In favour,In favour,In favour,In favour,In favour,In favour,In favour,Housing & density; Development; Transportation; Neighbourhood character,1 of 2,,,https://pub-newwestcity.escribemeetings.com/FileStream.ashx?DocumentId=14069,https://pub-newwestcity.escribemeetings.com/Players/ISIStandAlonePlayer.aspx?Id=0fcabcbb-5064-4fd4-b512-198f5e9b01b1,https://councilrecord.ca/newwest.html#vote/4omjls,"THAT Heritage Revitalization Agreement (802 and 806 Eighth Street and 809 Eighth Avenue) Bylaw No. 8379, 2023 be given First Reading."
2023-02-27,Council Meeting,,Heritage Revitalization Agreement (802 and 806 Eighth Street,Main motion,Carried,7,0,0,,,In favour,In favour,In favour,In favour,In favour,In favour,In favour,Housing & density; Development; Transportation; Neighbourhood character,2 of 2,,,https://pub-newwestcity.escribemeetings.com/FileStream.ashx?DocumentId=14069,https://pub-newwestcity.escribemeetings.com/Players/ISIStandAlonePlayer.aspx?Id=0fcabcbb-5064-4fd4-b512-198f5e9b01b1,https://councilrecord.ca/newwest.html#vote/1vggj75,"THAT Heritage Revitalization Agreement (802 and 806 Eighth Street and 809 Eighth Avenue) Bylaw No. 8379, 2023 be given Second Reading."
2023-02-27,Council Meeting,,Heritage Designation (802 and 806 Eighth Street and 809 Eighth,Main motion,Carried,7,0,0,,,In favour,In favour,In favour,In favour,In favour,In favour,In favour,Housing & density; Development; Transportation; Neighbourhood character,1 of 2,,,https://pub-newwestcity.escribemeetings.com/FileStream.ashx?DocumentId=14069,https://pub-newwestcity.escribemeetings.com/Players/ISIStandAlonePlayer.aspx?Id=0fcabcbb-5064-4fd4-b512-198f5e9b01b1,https://councilrecord.ca/newwest.html#vote/tfq53s,"THAT Heritage Revitalization Agreement (802 and 806 Eighth Street and 809 Eighth Avenue) Bylaw No. 8380, 2023 be given First Reading."
2023-02-27,Council Meeting,,Heritage Designation (802 and 806 Eighth Street and 809 Eighth,Main motion,Carried,7,0,0,,,In favour,In favour,In favour,In favour,In favour,In favour,In favour,Housing & density; Development; Transportation; Neighbourhood character,2 of 2,,,https://pub-newwestcity.escribemeetings.com/FileStream.ashx?DocumentId=14069,https://pub-newwestcity.escribemeetings.com/Players/ISIStandAlonePlayer.aspx?Id=0fcabcbb-5064-4fd4-b512-198f5e9b01b1,https://councilrecord.ca/newwest.html#vote/129jjjd,"THAT Heritage Revitalization Agreement (802 and 806 Eighth Street and 809 Eighth Avenue) Bylaw No. 8380, 2023 be given Second Reading."
2023-02-27,Council Meeting,,Housing Agreement (612 Seventh Avenue) Bylaw No. 8376 2023,Main motion,Carried,7,0,0,,,In favour,In favour,In favour,In favour,In favour,In favour,In favour,Housing & density; Development,1 of 3,,,https://pub-newwestcity.escribemeetings.com/FileStream.ashx?DocumentId=14069,https://pub-newwestcity.escribemeetings.com/Players/ISIStandAlonePlayer.aspx?Id=0fcabcbb-5064-4fd4-b512-198f5e9b01b1,https://councilrecord.ca/newwest.html#vote/2b37pg,"THAT Housing Agreement (612 Seventh Avenue) Bylaw No. 8376, 2023 be given First Reading."
2023-02-27,Council Meeting,,Housing Agreement (612 Seventh Avenue) Bylaw No. 8376 2023,Main motion,Carried,7,0,0,,,In favour,In favour,In favour,In favour,In favour,In favour,In favour,Housing & density; Development,2 of 3,,,https://pub-newwestcity.escribemeetings.com/FileStream.ashx?DocumentId=14069,https://pub-newwestcity.escribemeetings.com/Players/ISIStandAlonePlayer.aspx?Id=0fcabcbb-5064-4fd4-b512-198f5e9b01b1,https://councilrecord.ca/newwest.html#vote/eini4p,"THAT Housing Agreement (612 Seventh Avenue) Bylaw No. 8376, 2023 be given Second Reading."
2023-02-27,Council Meeting,,Housing Agreement (612 Seventh Avenue) Bylaw No. 8376 2023,Main motion,Carried,7,0,0,,,In favour,In favour,In favour,In favour,In favour,In favour,In favour,Housing & density; Development,3 of 3,,,https://pub-newwestcity.escribemeetings.com/FileStream.ashx?DocumentId=14069,https://pub-newwestcity.escribemeetings.com/Players/ISIStandAlonePlayer.aspx?Id=0fcabcbb-5064-4fd4-b512-198f5e9b01b1,https://councilrecord.ca/newwest.html#vote/1dter4k,"THAT Housing Agreement (612 Seventh Avenue) Bylaw No. 8376, 2023 be given Third Reading."
2023-02-27,Council Meeting,,"Zoning Amendment Bylaw (228 Seventh Street) No. 8373, 2023",Main motion,Carried,5,0,2,,,Absent,In favour,In favour,In favour,In favour,In favour,Absent,Development; Transportation; Neighbourhood character,,,,https://pub-newwestcity.escribemeetings.com/FileStream.ashx?DocumentId=14069,https://pub-newwestcity.escribemeetings.com/Players/ISIStandAlonePlayer.aspx?Id=0fcabcbb-5064-4fd4-b512-198f5e9b01b1,https://councilrecord.ca/newwest.html#vote/5w2r7m,"THAT Community Heritage Commission Amendment Bylaw No. 8384, 2023 be adopted."
2023-02-27,Council Meeting,,Improving Our Economy by Better Connecting Douglas College,Main motion,Carried,7,0,0,,,In favour,In favour,In favour,In favour,In favour,In favour,In favour,Business & economy,,,,https://pub-newwestcity.escribemeetings.com/FileStream.ashx?DocumentId=14069,https://pub-newwestcity.escribemeetings.com/Players/ISIStandAlonePlayer.aspx?Id=0fcabcbb-5064-4fd4-b512-198f5e9b01b1,https://councilrecord.ca/newwest.html#vote/15iwnq3,"WHEREAS New Westminster is home to Douglas College; WHEREAS students play an important role in helping to support a local economy; WHEREAS each year, close to 17,000 students (including 4,210 international students from over 92 countries) take for-credit courses at Douglas College; WHEREAS a targeted marketing campaign aimed at Douglas College students, faculty and staff could encourage them to more frequently visit our business districts: and, WHEREAS our business districts have faced significant impacts due to the COVID-19 pandemic and the recent Metro Vancouver sewer construction on Columbia Street. BE IT RESOLVED that Council refer to the Economic Development Advisory Committee for discussion and action as appropriate, a collaborative “Study and Stay” campaign aimed at encouraging students, faculty and staff at Douglas College to more regularly frequent our city’s various business districts."
2023-02-27,Council Meeting,,Extension of Speed Zone Enforcement Hours,Other,Carried,7,0,0,,,In favour,In favour,In favour,In favour,In favour,In favour,In favour,Transportation,,The minutes do not give separate motion text at this point; see the linked minutes.,,https://pub-newwestcity.escribemeetings.com/FileStream.ashx?DocumentId=14069,https://pub-newwestcity.escribemeetings.com/Players/ISIStandAlonePlayer.aspx?Id=0fcabcbb-5064-4fd4-b512-198f5e9b01b1,https://councilrecord.ca/newwest.html#vote/egfic4,
2023-02-27,Council Meeting,,Call to Action on Creating more Equitable Municipalities,Main motion,Carried,7,0,0,,,In favour,In favour,In favour,In favour,In favour,In favour,In favour,Business & economy,,,,https://pub-newwestcity.escribemeetings.com/FileStream.ashx?DocumentId=14069,https://pub-newwestcity.escribemeetings.com/Players/ISIStandAlonePlayer.aspx?Id=0fcabcbb-5064-4fd4-b512-198f5e9b01b1,https://councilrecord.ca/newwest.html#vote/66plly,"WHEREAS systemic inequities are present in all municipalities and prevent all citizens from fully participating in civic life; and, WHEREAS numerous municipalities across British Columbia and Canada have made progress towards becoming more equitable by committing to embed equity in all government action through the use of analytical processes for the assessment of systemic inequities (e.g., Gender-Based Analysis Plus). THEREFORE BE IT RESOLVED that the Union of BC Municipalities (UBCM) calls upon the Province of British Columbia and the Government of Canada to provide resources and policy direction to enable municipalities to implement said processes across municipal capital investments, operations and strategic initiatives and once created urge municipalities to use the resources to make measurable progress towards dismantling systemic inequality in our communities."
2023-02-27,Council Meeting,,Providing Openness and Transparency Regarding the Personal,Other,Defeated,2,5,0,,,Against,Against,In favour,Against,Against,In favour,Against,Governance & elections,,The minutes do not give separate motion text at this point; see the linked minutes.,,https://pub-newwestcity.escribemeetings.com/FileStream.ashx?DocumentId=14069,https://pub-newwestcity.escribemeetings.com/Players/ISIStandAlonePlayer.aspx?Id=0fcabcbb-5064-4fd4-b512-198f5e9b01b1,https://councilrecord.ca/newwest.html#vote/1v3jlda,
2023-02-27,Council Meeting,,Improving and Strengthening Open Communication Between all,Main motion,Carried,7,0,0,,,In favour,In favour,In favour,In favour,In favour,In favour,In favour,Governance & elections,,,,https://pub-newwestcity.escribemeetings.com/FileStream.ashx?DocumentId=14069,https://pub-newwestcity.escribemeetings.com/Players/ISIStandAlonePlayer.aspx?Id=0fcabcbb-5064-4fd4-b512-198f5e9b01b1,https://councilrecord.ca/newwest.html#vote/prnppu,"WHEREAS it is important for City Council to keep an open dialogue and direct contact with all elected officials representing New Westminster; WHEREAS the City of Vancouver previously used the “Vancouver City Caucus” model with great success to help champion key issues such as the Four Pillars Drug Strategy; WHEREAS there is currently no organized forum for our MP, MLAs, Mayor and Council and School Board elected officials to gather, share ideas and coordinate efforts to build a better city; and, WHEREAS it is in the best interests of our city if all elected officials work collaboratively on issues of mutual interest. BE IT RESOLVED that Council send an invitation to our local Member of Parliament, Members of the Legislative Assembly and the School Board to participate in a New West Caucus to take place in 2023; BE IT FURTHER RESOLVED that our staff work in partnership with the staff representing our MP, MLAs and School Board Trustees to develop a draft terms of reference for the New West Caucus; and, BE IT FURTHER RESOLVED that a joint secretariat be established through the Office of the Mayor to assist with the coordination of establishing agendas and selecting dates for the New West Caucus."
2023-02-27,Council Meeting,,Temporarily Eliminating Block Party Street Occupancy Permit,Main motion,Carried,5,2,0,,,Against,Against,In favour,In favour,In favour,In favour,In favour,Taxes & spending; Transportation,,,,https://pub-newwestcity.escribemeetings.com/FileStream.ashx?DocumentId=14069,https://pub-newwestcity.escribemeetings.com/Players/ISIStandAlonePlayer.aspx?Id=0fcabcbb-5064-4fd4-b512-198f5e9b01b1,https://councilrecord.ca/newwest.html#vote/8957bx,"WHEREAS residents are being charged $39 to obtain a block party street occupancy permit; WHEREAS the total fees collected by the City for the block party street occupancy permit is estimated to be only $1500 to $2000 per year; WHEREAS there is an unquantified administrative and operational cost associated with the collection and processing of the $39 fees; WHEREAS the COVID pandemic has proven challenging for many of our region’s mid to larger festivals which may be in jeopardy of halting their operations; WHEREAS Council has an interest in supporting an increased number of safe, healthy and active local community activities; WHEREAS the temporary removal of the street occupancy fee for block parties sends a positive message to our community that Council is encouraging more neighbourhoods to consider setting one up on their block; WHEREAS Council should also be encouraging and finding opportunities for more block parties in our high density neighbourhoods; WHEREAS the financial impact to the City of temporarily eliminating the block party street occupancy permit fee is negligible; and, WHEREAS on January 25, 2023 Council unanimously supported a motion requesting staff provide information regarding the financial and operational issues relating to eliminating the block party street occupancy permit fees. BE IT RESOLVED that to encourage more community engagement as we emerge from out of the COVID pandemic, Council amend the Engineering Fees and Rates Bylaw, 7553, 2013 to provide to eligible residents a no-charge street occupancy permit to host a ‘block party’ in their neighbourhood; BE IT FURTHER RESOLVED that applicants are able to host up to one no-fee block party per calendar year in 2023 and 2024 and that standard fees will apply for any additional permits; and, BE IT FURTHER RESOLVED that staff provide an update to Council regarding how the no-fee permits have impacted the number of community and street events after the first 12 months of implementation."
2023-02-27,Council Meeting,,Bringing Equity to Traffic Enforcement,Main motion,Carried,5,2,0,,,In favour,In favour,Against,In favour,In favour,Against,In favour,Transportation; Business & economy,,,,https://pub-newwestcity.escribemeetings.com/FileStream.ashx?DocumentId=14069,https://pub-newwestcity.escribemeetings.com/Players/ISIStandAlonePlayer.aspx?Id=0fcabcbb-5064-4fd4-b512-198f5e9b01b1,https://councilrecord.ca/newwest.html#vote/1q9evqh,"WHEREAS the primary deterrent from exceeding speed limits or violating other road safety regulations on municipal roads in British Columbia are fines administered under the Violation Ticket Administration and Fines Regulation; and, WHEREAS fixed rate fines are inequitable, disproportionately impacting people with lower incomes while applying lower deterrent value to people with higher incomes, creating a structural inequity in the application of justice. THEREFORE BE IT RESOLVED that the Union of British Columbia Municipalities calls upon the Provincial Government to implement a means-tested traffic fine system, similar to Finland, Switzerland, Sweden or the UK, where fines may be calculated on the basis of the offender’s income."
2023-02-27,Council Meeting,,Vacant Property Tax on Commercial Properties,Main motion,Carried,7,0,0,,,In favour,In favour,In favour,In favour,In favour,In favour,In favour,Housing & density; Taxes & spending; Business & economy,,,,https://pub-newwestcity.escribemeetings.com/FileStream.ashx?DocumentId=14069,https://pub-newwestcity.escribemeetings.com/Players/ISIStandAlonePlayer.aspx?Id=0fcabcbb-5064-4fd4-b512-198f5e9b01b1,https://councilrecord.ca/newwest.html#vote/u8e6rz,"WHEREAS the Province has adopted vacancy taxes on vacant residential properties as one tool to assure land speculation does not result in property standing fallow to the detriment of community livability and other goals; and, WHEREAS commercial property values are inflating province-wide, and increasingly face investment speculation resulting in similar underutilization of commercial property in many municipalities across British Columbia. THEREFORE BE IT RESOLVED that the Province of BC provide local governments with an option to introduce a vacant property tax applicable to commercial properties."
2023-02-27,Council Meeting,,Appointment of Acting Corporate Officer,Main motion,Carried,7,0,0,,,In favour,In favour,In favour,In favour,In favour,In favour,In favour,Neighbourhood character; Governance & elections,,,,https://pub-newwestcity.escribemeetings.com/FileStream.ashx?DocumentId=14069,https://pub-newwestcity.escribemeetings.com/Players/ISIStandAlonePlayer.aspx?Id=0fcabcbb-5064-4fd4-b512-198f5e9b01b1,https://councilrecord.ca/newwest.html#vote/1neod35,THAT Council designate the Chief Administrative Officer to be the Acting Corporate Officer during the one-year re-assignment of the Corporate Officer.
2023-03-13,Council Meeting,,Development Variance Permit DVP00708 for 231 Lawrence Street,Main motion,Carried,6,0,1,,,In favour,Absent,In favour,In favour,In favour,In favour,In favour,Development; Transportation,,,,https://pub-newwestcity.escribemeetings.com/FileStream.ashx?DocumentId=14135,https://pub-newwestcity.escribemeetings.com/Players/ISIStandAlonePlayer.aspx?Id=da2740ef-e4e5-4a15-9d2a-9b47ce2d555f,https://councilrecord.ca/newwest.html#vote/1qjl099,THAT Council approves issuance of Development Variance Permit DVP00708.
2023-03-13,Council Meeting,,"Year of Truth, 2023",Main motion,Carried,6,0,1,,,In favour,Absent,In favour,In favour,In favour,In favour,In favour,Governance & elections,,,,https://pub-newwestcity.escribemeetings.com/FileStream.ashx?DocumentId=14135,https://pub-newwestcity.escribemeetings.com/Players/ISIStandAlonePlayer.aspx?Id=da2740ef-e4e5-4a15-9d2a-9b47ce2d555f,https://councilrecord.ca/newwest.html#vote/mfat2w,THAT Council receive the presentation regarding “A Year of Truth”; and THAT Council direct Mayor Johnstone to proclaim March 2023 to March 2024 “A Year of Truth”.
2023-03-13,Council Meeting,,Transition to Provision of Recycling Services by Recycle BC,Procedural,Carried,6,0,1,,,In favour,Absent,In favour,In favour,In favour,In favour,In favour,Transportation; Public services,,,,https://pub-newwestcity.escribemeetings.com/FileStream.ashx?DocumentId=14135,https://pub-newwestcity.escribemeetings.com/Players/ISIStandAlonePlayer.aspx?Id=da2740ef-e4e5-4a15-9d2a-9b47ce2d555f,https://councilrecord.ca/newwest.html#vote/1nsx5vd,"THAT the March 13, 2023 report titled “Transition to Provision of Recycling Services by Recycle BC” be received for information."
2023-03-13,Council Meeting,,Air Quality Permit Application from Cedar Island Forest Products Ltd,Other,Carried,6,0,1,,,In favour,Absent,In favour,In favour,In favour,In favour,In favour,Environment & climate,1 of 2,The minutes do not give separate motion text at this point; see the linked minutes.,,https://pub-newwestcity.escribemeetings.com/FileStream.ashx?DocumentId=14135,https://pub-newwestcity.escribemeetings.com/Players/ISIStandAlonePlayer.aspx?Id=da2740ef-e4e5-4a15-9d2a-9b47ce2d555f,https://councilrecord.ca/newwest.html#vote/ghnq5r,
2023-03-13,Council Meeting,,Air Quality Permit Application from Cedar Island Forest Products Ltd,Main motion,Carried,6,0,1,,,In favour,Absent,In favour,In favour,In favour,In favour,In favour,Environment & climate; Public services; Governance & elections,2 of 2,,,https://pub-newwestcity.escribemeetings.com/FileStream.ashx?DocumentId=14135,https://pub-newwestcity.escribemeetings.com/Players/ISIStandAlonePlayer.aspx?Id=da2740ef-e4e5-4a15-9d2a-9b47ce2d555f,https://councilrecord.ca/newwest.html#vote/1oscmz5,THAT Council direct staff to share the letter in attachment B as amended to Metro Vancouver as part of the Environmental Protection Notice process.
2023-03-13,Council Meeting,,Amendment to Extend License to Occupy BC Hydro Lands for,Main motion,Carried,6,0,1,,,In favour,Absent,In favour,In favour,In favour,In favour,In favour,Business & economy,,,,https://pub-newwestcity.escribemeetings.com/FileStream.ashx?DocumentId=14135,https://pub-newwestcity.escribemeetings.com/Players/ISIStandAlonePlayer.aspx?Id=da2740ef-e4e5-4a15-9d2a-9b47ce2d555f,https://councilrecord.ca/newwest.html#vote/ylcc1b,"THAT Mayor and Clerk be authorized to execute the Amendment to extend the License to Occupy Agreement for the temporary use of a portion of BC Hydro property, substantially in the form included as Attachment “A“ of the March 13, 2023 report titled Amendment to Extend License to Occupy BC Hydro Lands for Pollinator Meadow."
2023-03-13,Council Meeting,,Notice of Motion Process,Main motion,Carried,6,0,1,,,In favour,Absent,In favour,In favour,In favour,In favour,In favour,Development; Governance & elections,,,,https://pub-newwestcity.escribemeetings.com/FileStream.ashx?DocumentId=14135,https://pub-newwestcity.escribemeetings.com/Players/ISIStandAlonePlayer.aspx?Id=da2740ef-e4e5-4a15-9d2a-9b47ce2d555f,https://councilrecord.ca/newwest.html#vote/1g7apyz,"THAT Council adopt the Notice of Motion Process Policy in Attachment 1 and give first, second and third reading to Council Procedure Bylaw Amendment Bylaw No. 8385, 2023 in Attachment 2."
2023-03-13,Council Meeting,,Site-Wide Liquor Licensing Program for Special Events,Main motion,Carried,5,0,2,,,In favour,Absent,In favour,In favour,In favour,Absent,In favour,Neighbourhood character; Business & economy,,,,https://pub-newwestcity.escribemeetings.com/FileStream.ashx?DocumentId=14135,https://pub-newwestcity.escribemeetings.com/Players/ISIStandAlonePlayer.aspx?Id=da2740ef-e4e5-4a15-9d2a-9b47ce2d555f,https://councilrecord.ca/newwest.html#vote/1ogwifq,"THAT Council directs staff to implement the Site-Wide Liquor Licensing Program using the proposed guidelines for Special Events; and, THAT Council direct staff to seek feedback from businesses on the proposed Site-Wide Liquor Licensing for Special Events."
2023-03-13,Council Meeting,,Urban Reforestation and Biodiversity Enhancement Initiative Update,Referral,Defeated,3,3,1,,,Against,Absent,In favour,Against,In favour,In favour,Against,Taxes & spending; Environment & climate,1 of 2,Defeated on a tied vote.,,https://pub-newwestcity.escribemeetings.com/FileStream.ashx?DocumentId=14135,https://pub-newwestcity.escribemeetings.com/Players/ISIStandAlonePlayer.aspx?Id=da2740ef-e4e5-4a15-9d2a-9b47ce2d555f,https://councilrecord.ca/newwest.html#vote/1cdlxro,"THAT the May 13, 2023 report titled “Urban Reforestation and Biodiversity Enhancement Update and Proposed Tree Planting at City Hall” be referred back to staff for a more detailed budget and opportunities for community consultation."
2023-03-13,Council Meeting,,Urban Reforestation and Biodiversity Enhancement Initiative Update,Main motion,Carried,4,2,1,,,In favour,Absent,Against,In favour,In favour,Against,In favour,Environment & climate,2 of 2,,,https://pub-newwestcity.escribemeetings.com/FileStream.ashx?DocumentId=14135,https://pub-newwestcity.escribemeetings.com/Players/ISIStandAlonePlayer.aspx?Id=da2740ef-e4e5-4a15-9d2a-9b47ce2d555f,https://councilrecord.ca/newwest.html#vote/1nnmu3a,"THAT Council receive this progress update on the Urban Reforestation and Biodiversity Enhancement Initiative; and THAT Council approve planting of a full tree grove (Option A) on a portion of City Hall lands as outlined in the March 13, 2023 report titled Urban Reforestation and Biodiversity Enhancement Update and Proposed Tree Planting at City Hall."
2023-03-13,Council Meeting,,"Council Procedure Bylaw Amendment Bylaw No. 8385, 2023",Main motion,Carried,6,0,1,,,In favour,Absent,In favour,In favour,In favour,In favour,In favour,Development; Governance & elections,1 of 3,,,https://pub-newwestcity.escribemeetings.com/FileStream.ashx?DocumentId=14135,https://pub-newwestcity.escribemeetings.com/Players/ISIStandAlonePlayer.aspx?Id=da2740ef-e4e5-4a15-9d2a-9b47ce2d555f,https://councilrecord.ca/newwest.html#vote/14jw7hy,"THAT Council Procedure Bylaw Amendment Bylaw No. 8385, 2023 be given First Reading."
2023-03-13,Council Meeting,,"Council Procedure Bylaw Amendment Bylaw No. 8385, 2023",Main motion,Carried,6,0,1,,,In favour,Absent,In favour,In favour,In favour,In favour,In favour,Development; Governance & elections,2 of 3,,,https://pub-newwestcity.escribemeetings.com/FileStream.ashx?DocumentId=14135,https://pub-newwestcity.escribemeetings.com/Players/ISIStandAlonePlayer.aspx?Id=da2740ef-e4e5-4a15-9d2a-9b47ce2d555f,https://councilrecord.ca/newwest.html#vote/1v6nte5,"THAT Council Procedure Bylaw Amendment Bylaw No. 8385, 2023 be given Second Reading."
2023-03-13,Council Meeting,,"Council Procedure Bylaw Amendment Bylaw No. 8385, 2023",Main motion,Carried,6,0,1,,,In favour,Absent,In favour,In favour,In favour,In favour,In favour,Development; Governance & elections,3 of 3,,,https://pub-newwestcity.escribemeetings.com/FileStream.ashx?DocumentId=14135,https://pub-newwestcity.escribemeetings.com/Players/ISIStandAlonePlayer.aspx?Id=da2740ef-e4e5-4a15-9d2a-9b47ce2d555f,https://councilrecord.ca/newwest.html#vote/bnfy7a,"THAT Council Procedure Bylaw Amendment Bylaw No. 8385, 2023 be given Third Reading."
2023-03-13,Council Meeting,,Housing Agreement (612 Seventh Avenue) Bylaw No. 8376 2023,Main motion,Carried,6,0,1,,,In favour,Absent,In favour,In favour,In favour,In favour,In favour,Housing & density; Development,,,,https://pub-newwestcity.escribemeetings.com/FileStream.ashx?DocumentId=14135,https://pub-newwestcity.escribemeetings.com/Players/ISIStandAlonePlayer.aspx?Id=da2740ef-e4e5-4a15-9d2a-9b47ce2d555f,https://councilrecord.ca/newwest.html#vote/9f61ei,THAT Housing Agreement (612 Seventh Avenue) Bylaw No. 8376 2023 be adopted.
2023-03-13,Council Meeting,,East Columbia at Brunette Intersection and Roadway Improvement,Main motion,Carried,6,0,1,,,In favour,Absent,In favour,In favour,In favour,In favour,In favour,Transportation; Business & economy,,,,https://pub-newwestcity.escribemeetings.com/FileStream.ashx?DocumentId=14135,https://pub-newwestcity.escribemeetings.com/Players/ISIStandAlonePlayer.aspx?Id=da2740ef-e4e5-4a15-9d2a-9b47ce2d555f,https://councilrecord.ca/newwest.html#vote/5681as,"THAT Council direct staff to proceed with the next steps as outlined in the March 13, 2023 report titled “East Columbia at Brunette Intersection and Roadway Improvement Plans and Implications”."
2023-03-13,Council Meeting,,Request to Modify the Call to Action on Creating More Equitable,Main motion,Carried,6,0,1,,,In favour,Absent,In favour,In favour,In favour,In favour,In favour,Taxes & spending; Governance & elections,,,,https://pub-newwestcity.escribemeetings.com/FileStream.ashx?DocumentId=14135,https://pub-newwestcity.escribemeetings.com/Players/ISIStandAlonePlayer.aspx?Id=da2740ef-e4e5-4a15-9d2a-9b47ce2d555f,https://councilrecord.ca/newwest.html#vote/pppp92,"THAT Council support the proposed UBCM motion, approve co- sponsorship of the motion and direct staff to communicate this decision to LMLGA."
2023-03-27,Council Meeting following Public Hearing,,Heritage Revitalization Agreement (802 and 806 Eighth Street and 809,Main motion,Carried,7,0,0,,,In favour,In favour,In favour,In favour,In favour,In favour,In favour,Housing & density; Development; Transportation; Neighbourhood character,,,,https://pub-newwestcity.escribemeetings.com/FileStream.ashx?DocumentId=14413,https://pub-newwestcity.escribemeetings.com/Players/ISIStandAlonePlayer.aspx?Id=bdfeab32-41ae-4d67-9225-2b3831cf8411,https://councilrecord.ca/newwest.html#vote/as43ko,"THAT Heritage Revitalization Agreement (802 and 806 Eighth Street and 809 Eighth Avenue) Bylaw No. 8379, 2023 be given Third Reading."
2023-03-27,Council Meeting following Public Hearing,,Heritage Designation (802 and 806 Eighth Street and 809 Eighth,Main motion,Carried,7,0,0,,,In favour,In favour,In favour,In favour,In favour,In favour,In favour,Development; Transportation; Neighbourhood character,,,,https://pub-newwestcity.escribemeetings.com/FileStream.ashx?DocumentId=14413,https://pub-newwestcity.escribemeetings.com/Players/ISIStandAlonePlayer.aspx?Id=bdfeab32-41ae-4d67-9225-2b3831cf8411,https://councilrecord.ca/newwest.html#vote/1c3zvoj,"THAT Heritage Designation (802 and 806 Eighth Street and 809 Eighth Avenue) Bylaw No. 8380, 2023 be given Third Reading."
2023-03-27,Council Meeting following Public Hearing,,Budget 2023: Draft 2023 - 2027 Financial Plan (Continued),Other,Defeated,2,5,0,,,Against,Against,In favour,Against,Against,In favour,Against,Taxes & spending,1 of 2,The minutes do not give separate motion text at this point; see the linked minutes.,,https://pub-newwestcity.escribemeetings.com/FileStream.ashx?DocumentId=14413,https://pub-newwestcity.escribemeetings.com/Players/ISIStandAlonePlayer.aspx?Id=bdfeab32-41ae-4d67-9225-2b3831cf8411,https://councilrecord.ca/newwest.html#vote/lx75w9,
2023-03-27,Council Meeting following Public Hearing,,Budget 2023: Draft 2023 - 2027 Financial Plan (Continued),Main motion,Carried,5,2,0,,,In favour,In favour,Against,In favour,In favour,Against,In favour,Taxes & spending,2 of 2,,,https://pub-newwestcity.escribemeetings.com/FileStream.ashx?DocumentId=14413,https://pub-newwestcity.escribemeetings.com/Players/ISIStandAlonePlayer.aspx?Id=bdfeab32-41ae-4d67-9225-2b3831cf8411,https://councilrecord.ca/newwest.html#vote/as7foe,THAT Council instruct staff to convert the Draft Consolidated 2023 to 2027 Financial Plan into a Bylaw reflecting a property tax revenue increase of 6.4% for 2023 and a 2023 Capital Budget of $173.2M and bring forward for three readings.
2023-03-27,Council Meeting following Public Hearing,,"Construction Noise Bylaw Exemption Request: 1031 Quebec Street,",Main motion,Carried,7,0,0,,,In favour,In favour,In favour,In favour,In favour,In favour,In favour,Development; Taxes & spending; Transportation; Neighbourhood character; Governance & elections,,,,https://pub-newwestcity.escribemeetings.com/FileStream.ashx?DocumentId=14413,https://pub-newwestcity.escribemeetings.com/Players/ISIStandAlonePlayer.aspx?Id=bdfeab32-41ae-4d67-9225-2b3831cf8411,https://councilrecord.ca/newwest.html#vote/1bqs0oz,"THAT Council grant an exemption to Metro Vancouver contractor Traylor Aecon General Partnership (TAGP) from Construction Noise Bylaw No. 6063, 1992, from May 01, 2023 to September 30, 2023, and from January 01, 2024 to February 28, 2024 on weekdays from 8:00 p.m. to 11:00 p.m. and Saturdays from 7:00 a.m. to 9:00 a.m. and 6:00 p.m. to 9:00 p.m., excluding Sundays and Statutory Holidays, to construct the Annacis Water Supply Tunnel, Fraser River Crossing (the “Project”)."
2023-03-27,Council Meeting following Public Hearing,,Engineering User Fees and Rates Bylaw Amendment for Three,Main motion,Carried,7,0,0,,,In favour,In favour,In favour,In favour,In favour,In favour,In favour,Development; Taxes & spending,,,,https://pub-newwestcity.escribemeetings.com/FileStream.ashx?DocumentId=14413,https://pub-newwestcity.escribemeetings.com/Players/ISIStandAlonePlayer.aspx?Id=bdfeab32-41ae-4d67-9225-2b3831cf8411,https://councilrecord.ca/newwest.html#vote/1opj28u,"THAT Council give three readings to Bylaw No. 8386, 2023 as presented in Attachment #1 of this report."
2023-03-27,Council Meeting following Public Hearing,,Rezoning and Special Development Permit (809 - 811 Carnarvon Street,Main motion,Carried,7,0,0,,,In favour,In favour,In favour,In favour,In favour,In favour,In favour,Development; Transportation,,,,https://pub-newwestcity.escribemeetings.com/FileStream.ashx?DocumentId=14413,https://pub-newwestcity.escribemeetings.com/Players/ISIStandAlonePlayer.aspx?Id=bdfeab32-41ae-4d67-9225-2b3831cf8411,https://councilrecord.ca/newwest.html#vote/a3yin9,"THAT Council direct staff to work with the applicant to prepare plan of development for the subject properties suitable for consideration of First and Second Readings; THAT Council direct staff to proceed with processing the proposed rezoning of the subject properties as outlined in the “Application Review Process” section of this report; and, THAT no Public Hearing be held for this application in accordance with the Local Government Act."
2023-03-27,Council Meeting following Public Hearing,,Official Community Plan Amendment (102-104 Eighth Avenue,Main motion,Carried,7,0,0,,,In favour,In favour,In favour,In favour,In favour,In favour,In favour,Housing & density; Development; Transportation,1 of 2,,,https://pub-newwestcity.escribemeetings.com/FileStream.ashx?DocumentId=14413,https://pub-newwestcity.escribemeetings.com/Players/ISIStandAlonePlayer.aspx?Id=bdfeab32-41ae-4d67-9225-2b3831cf8411,https://councilrecord.ca/newwest.html#vote/r5m4tg,"THAT Official Community Plan Amendment (102-104 Eighth Avenue and 728 First Street) Bylaw No. 8374, 2023 be given First Reading."
2023-03-27,Council Meeting following Public Hearing,,Official Community Plan Amendment (102-104 Eighth Avenue,Main motion,Carried,7,0,0,,,In favour,In favour,In favour,In favour,In favour,In favour,In favour,Housing & density; Development; Transportation,2 of 2,,,https://pub-newwestcity.escribemeetings.com/FileStream.ashx?DocumentId=14413,https://pub-newwestcity.escribemeetings.com/Players/ISIStandAlonePlayer.aspx?Id=bdfeab32-41ae-4d67-9225-2b3831cf8411,https://councilrecord.ca/newwest.html#vote/1lyqo0a,"THAT Official Community Plan Amendment (102-104 Eighth Avenue and 728 First Street) Bylaw No. 8374, 2023 be given Second Reading."
2023-03-27,Council Meeting following Public Hearing,,Zoning Amendment Bylaw (102-104 Eighth Avenue and,Main motion,Carried,7,0,0,,,In favour,In favour,In favour,In favour,In favour,In favour,In favour,Development; Transportation,1 of 2,,,https://pub-newwestcity.escribemeetings.com/FileStream.ashx?DocumentId=14413,https://pub-newwestcity.escribemeetings.com/Players/ISIStandAlonePlayer.aspx?Id=bdfeab32-41ae-4d67-9225-2b3831cf8411,https://councilrecord.ca/newwest.html#vote/1466mb2,"THAT Zoning Amendment Bylaw (102-104 Eighth Avenue and 728 First Street) No. 8375, 2023 be given First Reading."
2023-03-27,Council Meeting following Public Hearing,,Zoning Amendment Bylaw (102-104 Eighth Avenue and,Main motion,Carried,7,0,0,,,In favour,In favour,In favour,In favour,In favour,In favour,In favour,Development; Transportation,2 of 2,,,https://pub-newwestcity.escribemeetings.com/FileStream.ashx?DocumentId=14413,https://pub-newwestcity.escribemeetings.com/Players/ISIStandAlonePlayer.aspx?Id=bdfeab32-41ae-4d67-9225-2b3831cf8411,https://councilrecord.ca/newwest.html#vote/rtan3,"THAT Zoning Amendment Bylaw (102-104 Eighth Avenue and 728 First Street) No. 8375, 2023 be given Second Reading."
2023-03-27,Council Meeting following Public Hearing,,Engineering User Fees and Rates Amendment Bylaw,Main motion,Carried,7,0,0,,,In favour,In favour,In favour,In favour,In favour,In favour,In favour,Development; Taxes & spending,1 of 3,,,https://pub-newwestcity.escribemeetings.com/FileStream.ashx?DocumentId=14413,https://pub-newwestcity.escribemeetings.com/Players/ISIStandAlonePlayer.aspx?Id=bdfeab32-41ae-4d67-9225-2b3831cf8411,https://councilrecord.ca/newwest.html#vote/1niusxc,"THAT Engineering User Fees and Rates Amendment Bylaw No. 8386, 2023 be given First Reading."
2023-03-27,Council Meeting following Public Hearing,,Engineering User Fees and Rates Amendment Bylaw,Main motion,Carried,7,0,0,,,In favour,In favour,In favour,In favour,In favour,In favour,In favour,Development; Taxes & spending,2 of 3,,,https://pub-newwestcity.escribemeetings.com/FileStream.ashx?DocumentId=14413,https://pub-newwestcity.escribemeetings.com/Players/ISIStandAlonePlayer.aspx?Id=bdfeab32-41ae-4d67-9225-2b3831cf8411,https://councilrecord.ca/newwest.html#vote/5vzr63,"THAT Engineering User Fees and Rates Amendment Bylaw No. 8386, 2023 be given Second Reading."
2023-03-27,Council Meeting following Public Hearing,,Engineering User Fees and Rates Amendment Bylaw,Main motion,Carried,7,0,0,,,In favour,In favour,In favour,In favour,In favour,In favour,In favour,Development; Taxes & spending,3 of 3,,,https://pub-newwestcity.escribemeetings.com/FileStream.ashx?DocumentId=14413,https://pub-newwestcity.escribemeetings.com/Players/ISIStandAlonePlayer.aspx?Id=bdfeab32-41ae-4d67-9225-2b3831cf8411,https://councilrecord.ca/newwest.html#vote/uceuow,"THAT Engineering User Fees and Rates Amendment Bylaw No. 8386, 2023 be given Third Reading."
2023-03-27,Council Meeting following Public Hearing,,"Council Procedure Bylaw Amendment Bylaw No. 8385, 2023",Main motion,Carried,7,0,0,,,In favour,In favour,In favour,In favour,In favour,In favour,In favour,Development; Governance & elections,,,,https://pub-newwestcity.escribemeetings.com/FileStream.ashx?DocumentId=14413,https://pub-newwestcity.escribemeetings.com/Players/ISIStandAlonePlayer.aspx?Id=bdfeab32-41ae-4d67-9225-2b3831cf8411,https://councilrecord.ca/newwest.html#vote/1ssyybn,"THAT Council Procedure Bylaw Amendment Bylaw No. 8385, 2023 be adopted."
2023-03-27,Council Meeting following Public Hearing,,Ensuring the Timely Removal and Replacement of Dead and/or,Amendment,Carried,7,0,0,,,In favour,In favour,In favour,In favour,In favour,In favour,In favour,Other,1 of 3,,,https://pub-newwestcity.escribemeetings.com/FileStream.ashx?DocumentId=14413,https://pub-newwestcity.escribemeetings.com/Players/ISIStandAlonePlayer.aspx?Id=bdfeab32-41ae-4d67-9225-2b3831cf8411,https://councilrecord.ca/newwest.html#vote/1v67t1x,THAT the motion be amended to remove the first resolution.
2023-03-27,Council Meeting following Public Hearing,,Ensuring the Timely Removal and Replacement of Dead and/or,Amendment,Carried,7,0,0,,,In favour,In favour,In favour,In favour,In favour,In favour,In favour,Environment & climate,2 of 3,,,https://pub-newwestcity.escribemeetings.com/FileStream.ashx?DocumentId=14413,https://pub-newwestcity.escribemeetings.com/Players/ISIStandAlonePlayer.aspx?Id=bdfeab32-41ae-4d67-9225-2b3831cf8411,https://councilrecord.ca/newwest.html#vote/rmt3zi,THAT the last resolution be amended to read “BE IT FURTHER RESOLVED that upon approval of this resolution any tree on city- owned property which must be cut down to a stump will be removed and replanted within a 12-month period where feasible and in accordance with the Tree Planting Master Plan’s equity lens”.
2023-03-27,Council Meeting following Public Hearing,,Ensuring the Timely Removal and Replacement of Dead and/or,Main motion,Carried,7,0,0,,,In favour,In favour,In favour,In favour,In favour,In favour,In favour,Transportation; Environment & climate; Public services,3 of 3,,,https://pub-newwestcity.escribemeetings.com/FileStream.ashx?DocumentId=14413,https://pub-newwestcity.escribemeetings.com/Players/ISIStandAlonePlayer.aspx?Id=bdfeab32-41ae-4d67-9225-2b3831cf8411,https://councilrecord.ca/newwest.html#vote/1bdmw5p,"WHEREAS it is a core function of our City to maintain a healthy stock of trees on public property and to have dead trees removed in a timely manner; WHEREAS a number of sidewalks, boulevards and areas in the public realm have dead or dying trees that have been there for at least one year; WHEREAS the City is committed to keeping all of our publicly-owned trees healthy and free of disease and/or vandalism; and WHEREAS the City may be planting a significant number of new trees as part of our capital plan. BE IT RESOLVED that the report incorporate the estimated costs associated with the removal of all dead and/or dying trees on city- owned land and have them replanted prior to the April 2024; and BE IT FURTHER RESOLVED that upon approval of this resolution any tree on city-owned property which must be cut down to a stump will be removed and replanted within a 12-month period where feasible and in accordance with the Tree Planting Master Plan’s equity lens."
2023-03-27,Council Meeting following Public Hearing,,Supporting Single Mothers' Alliance Transit for Teens,Amendment,Carried,7,0,0,,,In favour,In favour,In favour,In favour,In favour,In favour,In favour,Transportation; Parks & recreation; Governance & elections,1 of 2,,,https://pub-newwestcity.escribemeetings.com/FileStream.ashx?DocumentId=14413,https://pub-newwestcity.escribemeetings.com/Players/ISIStandAlonePlayer.aspx?Id=bdfeab32-41ae-4d67-9225-2b3831cf8411,https://councilrecord.ca/newwest.html#vote/yh81lp,"THAT the resolution be amended to read “THAT the City of New Westminster endorse the Single Mothers’ Alliance Transit for Teens Campaign, and in doing so, the Mayor write a letter to the Minister of Transportation and Infrastructure, the Minister of Social Development and Poverty Reduction, the Minister of Children and Family Development, and the Select Standing Committee on Children and Youth to work with the provincial government to finalize and secure funding, and develop a plan that will provide free public transit for teens aged 13 to 18 in B.C.”"
2023-03-27,Council Meeting following Public Hearing,,Supporting Single Mothers' Alliance Transit for Teens,Main motion,Carried,7,0,0,,,In favour,In favour,In favour,In favour,In favour,In favour,In favour,Transportation; Parks & recreation; Public services,2 of 2,,,https://pub-newwestcity.escribemeetings.com/FileStream.ashx?DocumentId=14413,https://pub-newwestcity.escribemeetings.com/Players/ISIStandAlonePlayer.aspx?Id=bdfeab32-41ae-4d67-9225-2b3831cf8411,https://councilrecord.ca/newwest.html#vote/1xguuaj,"WHEREAS for low-income youth whose families may not have access to a vehicle and the means to provide transit passes, and youth facing marginalization, transit access is a survival lifeline to access shelter, school, support services, health care, and food security; WHEREAS the cost of ensuring at-risk youth can access the essential programs and services funded to support youth outcomes in BC is downloaded onto non-profits that often struggle to ‘remove the access barrier’ of lack of access to transit; WHEREAS youth-in-need may miss the lifesaving supports available in BC due to mobility poverty and lack of access to transit is an avoidable travesty solved with free transit up to age 18; and WHEREAS the City of New Westminster is committed to supporting our youth as well as issues which address equity, diversity and inclusivity. BE IT RESOLVED THAT the City of New Westminster endorse the Single Mothers’ Alliance Transit for Teens Campaign, and in doing so, the Mayor write a letter to the Minister of Transportation and Infrastructure, the Minister of Social Development and Poverty Reduction, the Minister of Children and Family Development, and the Select Standing Committee on Children and Youth to work with the provincial government to finalize and secure funding, and develop a plan that will provide free public transit for teens aged 13 to 18 in B.C."
2023-04-03,Council Meeting,,"Building Amendment Bylaw No. 8388, 2023: BC Energy Step Code",Main motion,Carried,7,0,0,,,In favour,In favour,In favour,In favour,In favour,In favour,In favour,Development; Environment & climate,,,,https://pub-newwestcity.escribemeetings.com/FileStream.ashx?DocumentId=14415,https://pub-newwestcity.escribemeetings.com/Players/ISIStandAlonePlayer.aspx?Id=c00366da-4cb9-4297-adbd-bc7c4081adca,https://councilrecord.ca/newwest.html#vote/om8pzh,"THAT Council give First, Second and Third Reading to Building Amendment Bylaw No. 8388, 2023: BC Energy Step Code Alignment."
2023-04-03,Council Meeting,,New Westminster Secondary School (NWSS) Cycling Connector –,Main motion,Carried,7,0,0,,,In favour,In favour,In favour,In favour,In favour,In favour,In favour,Transportation; Business & economy,,,,https://pub-newwestcity.escribemeetings.com/FileStream.ashx?DocumentId=14415,https://pub-newwestcity.escribemeetings.com/Players/ISIStandAlonePlayer.aspx?Id=c00366da-4cb9-4297-adbd-bc7c4081adca,https://councilrecord.ca/newwest.html#vote/1r8foff,"THAT Council direct staff to implement the proposed mitigation measures outlined in the April 3, 2023 report titled “New Westminster Secondary School (NWSS) Cycling Connector – Mitigation of Business Concerns” to address business and public concerns."
2023-04-03,Council Meeting,,"Building Amendment Bylaw No. 8388, 2023",Main motion,Carried,7,0,0,,,In favour,In favour,In favour,In favour,In favour,In favour,In favour,Development,1 of 3,,,https://pub-newwestcity.escribemeetings.com/FileStream.ashx?DocumentId=14415,https://pub-newwestcity.escribemeetings.com/Players/ISIStandAlonePlayer.aspx?Id=c00366da-4cb9-4297-adbd-bc7c4081adca,https://councilrecord.ca/newwest.html#vote/1un8ej4,"THAT Building Amendment Bylaw No. 8388, 2023 be given First Reading."
2023-04-03,Council Meeting,,"Building Amendment Bylaw No. 8388, 2023",Main motion,Carried,7,0,0,,,In favour,In favour,In favour,In favour,In favour,In favour,In favour,Development,2 of 3,,,https://pub-newwestcity.escribemeetings.com/FileStream.ashx?DocumentId=14415,https://pub-newwestcity.escribemeetings.com/Players/ISIStandAlonePlayer.aspx?Id=c00366da-4cb9-4297-adbd-bc7c4081adca,https://councilrecord.ca/newwest.html#vote/olslgi,"THAT Building Amendment Bylaw No. 8388, 2023 be given Second Reading."
2023-04-03,Council Meeting,,"Building Amendment Bylaw No. 8388, 2023",Main motion,Carried,7,0,0,,,In favour,In favour,In favour,In favour,In favour,In favour,In favour,Development,3 of 3,,,https://pub-newwestcity.escribemeetings.com/FileStream.ashx?DocumentId=14415,https://pub-newwestcity.escribemeetings.com/Players/ISIStandAlonePlayer.aspx?Id=c00366da-4cb9-4297-adbd-bc7c4081adca,https://councilrecord.ca/newwest.html#vote/l2cww0,"THAT Building Amendment Bylaw No. 8388, 2023 be given Third Reading."
2023-04-03,Council Meeting,,"Engineering User Fees and Rates Amendment Bylaw No. 8386, 2023 – adoption",Main motion,Carried,7,0,0,,,In favour,In favour,In favour,In favour,In favour,In favour,In favour,Development; Taxes & spending,,,,https://pub-newwestcity.escribemeetings.com/FileStream.ashx?DocumentId=14415,https://pub-newwestcity.escribemeetings.com/Players/ISIStandAlonePlayer.aspx?Id=c00366da-4cb9-4297-adbd-bc7c4081adca,https://councilrecord.ca/newwest.html#vote/165y32j,"THAT Engineering User Fees and Rates Amendment Bylaw No. 8386, 2023 be adopted."
2023-04-03,Council Meeting,,Parks and Recreation Registration Process,Main motion,Carried,7,0,0,,,In favour,In favour,In favour,In favour,In favour,In favour,In favour,Housing & density; Parks & recreation; Public services,,,,https://pub-newwestcity.escribemeetings.com/FileStream.ashx?DocumentId=14415,https://pub-newwestcity.escribemeetings.com/Players/ISIStandAlonePlayer.aspx?Id=c00366da-4cb9-4297-adbd-bc7c4081adca,https://councilrecord.ca/newwest.html#vote/eent6l,"WHEREAS the City of New Westminster is committed to increasing equity and accessibility in the City’s policies and programs; WHEREAS there is a consistent demand for affordable, high-quality programming recreation programming throughout the City; and WHEREAS the City’s Parks and Recreation current registration process presents a number of challenges to registrants including the time of registration, access to a credit card, access to technology, the reliability of registration software, waitlist management, and others. BE IT RESOLVED THAT Council direct staff to explore opportunities to improve the equity and accessibility of the Parks and Recreation registration process and report back to Council with options to address the current challenges."
2023-04-03,Council Meeting,,"Preserving, Protecting and Enhancing the Samson V museum",Main motion,Defeated,2,5,0,,,Against,Against,In favour,Against,Against,In favour,Against,Parks & recreation; Public services,,,,https://pub-newwestcity.escribemeetings.com/FileStream.ashx?DocumentId=14415,https://pub-newwestcity.escribemeetings.com/Players/ISIStandAlonePlayer.aspx?Id=c00366da-4cb9-4297-adbd-bc7c4081adca,https://councilrecord.ca/newwest.html#vote/1hh1g1y,"WHEREAS the Samson V museum is currently shrink wrapped on New Westminster’s waterfront and has undergone major repairs over the past several years due to damage incurred as a result of a pesky pigeon problem; WHEREAS the draft 5-year capital plan calls for significantly more tax dollars be invested in repairing and maintaining this civic museum which will continue to be severely impacted by outdoor weather conditions; and WHEREAS this important part of our history deserves to be respected, kept in pristine condition and fully accessible to tourists, local citizens and students. BE IT RESOLVED THAT staff report back on the costs, potential sources of funding and operational impacts associated with temporarily placing the Samson V in dry dock to repair and restore the vessel for public viewing; BE IT FURTHER RESOLVED THAT staff report back on options to find a permanent indoor home for the Samson V adjacent to or on our waterfront as part of a possible pier expansion and/or long-term tourism strategy; and BE IT FURTHER RESOLVED THAT staff consult with the Fraser River Discovery Center and other key stakeholders and report back regarding the opportunity and costs associated with undertaking a pilot program that would permit short-term pleasure craft usage at the moorage vacated by the Samson V"
2023-04-03,Council Meeting,,Hearing from the Communities Regarding their Priorities for the,Postponement,Carried,5,2,0,,,In favour,In favour,Against,In favour,In favour,Against,In favour,Taxes & spending,1 of 3,,,https://pub-newwestcity.escribemeetings.com/FileStream.ashx?DocumentId=14415,https://pub-newwestcity.escribemeetings.com/Players/ISIStandAlonePlayer.aspx?Id=c00366da-4cb9-4297-adbd-bc7c4081adca,https://councilrecord.ca/newwest.html#vote/g8piih,THAT the motion “ Hearing from the Communities Regarding their Priorities for the new Growing Communities Fund” be tabled to allow consideration of an alternative motion.
2023-04-03,Council Meeting,,Hearing from the Communities Regarding their Priorities for the,Main motion,Carried,5,2,0,,,Against,Against,In favour,In favour,In favour,In favour,In favour,Taxes & spending,2 of 3,,,https://pub-newwestcity.escribemeetings.com/FileStream.ashx?DocumentId=14415,https://pub-newwestcity.escribemeetings.com/Players/ISIStandAlonePlayer.aspx?Id=c00366da-4cb9-4297-adbd-bc7c4081adca,https://councilrecord.ca/newwest.html#vote/1ubxb0h,"THAT the resolution be amended by adding” BE IT FURTHER RESOVLED THAT no decision will be made regarding the Growing Communities Fund until Council has received the report back on the engagement consultation process, per the motion above."
2023-04-03,Council Meeting,,Hearing from the Communities Regarding their Priorities for the,Main motion,Carried,7,0,0,,,In favour,In favour,In favour,In favour,In favour,In favour,In favour,Taxes & spending,3 of 3,,,https://pub-newwestcity.escribemeetings.com/FileStream.ashx?DocumentId=14415,https://pub-newwestcity.escribemeetings.com/Players/ISIStandAlonePlayer.aspx?Id=c00366da-4cb9-4297-adbd-bc7c4081adca,https://councilrecord.ca/newwest.html#vote/18f67xz,"THAT no decision will be made regarding the Growing Communities Fund until Council has received the report back on the engagement consultation process, per the motion above."
2023-04-17,Special Council Meeting,,"Summary of Written Submissions, Meeting Clerk",Main motion,Carried,7,0,0,,,In favour,In favour,In favour,In favour,In favour,In favour,In favour,Development; Taxes & spending,,,,https://pub-newwestcity.escribemeetings.com/FileStream.ashx?DocumentId=14772,https://pub-newwestcity.escribemeetings.com/Players/ISIStandAlonePlayer.aspx?Id=9ea84fb4-08f6-4a79-80a5-32632e61f78f,https://councilrecord.ca/newwest.html#vote/18vizmi,"THAT Council receive the following written submissions related to the Five-Year Financial Plan (2023-2027) Bylaw No. 8392, 2023. Public Input Submissions Name Date Submitted Date Received # Sonia Florian April 13, 2023 April 13, 2023 C-1 [name removed] April 14, 2023 April 14, 2023 C-2 Public Input Submissions Name Date Submitted Date Received # Bob Crocket and Laura Grady, April 17, 2023 ON TABLE C-3 Arts Council of New Westminster Christopher Bell April 17, 2023 ON TABLE C-4"
2023-04-17,Special Council Meeting,,Report: Budget 2023: Five-Year Financial Plan 2023-2027,Amendment,Defeated,2,5,0,,,Against,Against,In favour,Against,Against,In favour,Against,Development; Taxes & spending,1 of 2,,,https://pub-newwestcity.escribemeetings.com/FileStream.ashx?DocumentId=14772,https://pub-newwestcity.escribemeetings.com/Players/ISIStandAlonePlayer.aspx?Id=9ea84fb4-08f6-4a79-80a5-32632e61f78f,https://councilrecord.ca/newwest.html#vote/1it0urz,"THAT Council give three readings to the Five-Year Financial Plan (2023- 2027) Bylaw No. 8392, 2023 as presented in Attachment 1 of this report; THAT Attachment 1 be amended to adjust revenues and reduce our projected surplus by approximately $1 million such that it would produce a 5.4% property tax increase in 2023; and THAT noting the significant property and business tax increase being imposed this year, Council delay the annual inflationary increase of elected official salaries until Spring of 2024."
2023-04-17,Special Council Meeting,,Report: Budget 2023: Five-Year Financial Plan 2023-2027,Main motion,Carried,5,2,0,,,In favour,In favour,Against,In favour,In favour,Against,In favour,Development; Taxes & spending,2 of 2,,,https://pub-newwestcity.escribemeetings.com/FileStream.ashx?DocumentId=14772,https://pub-newwestcity.escribemeetings.com/Players/ISIStandAlonePlayer.aspx?Id=9ea84fb4-08f6-4a79-80a5-32632e61f78f,https://councilrecord.ca/newwest.html#vote/1mws3e,"THAT Council give three readings to the Five-Year Financial Plan (2023-2027) Bylaw No. 8392, 2023 as presented in Attachment 1 of this report."
2023-04-17,Special Council Meeting,,"Five-Year Financial Plan (2023-2027) Bylaw No. 8392, 2023",Main motion,Carried,5,2,0,,,In favour,In favour,Against,In favour,In favour,Against,In favour,Development; Taxes & spending,1 of 3,,,https://pub-newwestcity.escribemeetings.com/FileStream.ashx?DocumentId=14772,https://pub-newwestcity.escribemeetings.com/Players/ISIStandAlonePlayer.aspx?Id=9ea84fb4-08f6-4a79-80a5-32632e61f78f,https://councilrecord.ca/newwest.html#vote/v2ogoc,"THAT the Five-Year Financial Plan (2023-2027) Bylaw No. 8392, 2023 be given First Reading."
2023-04-17,Special Council Meeting,,"Five-Year Financial Plan (2023-2027) Bylaw No. 8392, 2023",Main motion,Carried,5,2,0,,,In favour,In favour,Against,In favour,In favour,Against,In favour,Development; Taxes & spending,2 of 3,,,https://pub-newwestcity.escribemeetings.com/FileStream.ashx?DocumentId=14772,https://pub-newwestcity.escribemeetings.com/Players/ISIStandAlonePlayer.aspx?Id=9ea84fb4-08f6-4a79-80a5-32632e61f78f,https://councilrecord.ca/newwest.html#vote/2imxjh,"THAT the Five-Year Financial Plan (2023-2027) Bylaw No. 8392, 2023 be given Second Reading."
2023-04-17,Special Council Meeting,,"Five-Year Financial Plan (2023-2027) Bylaw No. 8392, 2023",Main motion,Carried,5,2,0,,,In favour,In favour,Against,In favour,In favour,Against,In favour,Development; Taxes & spending,3 of 3,,,https://pub-newwestcity.escribemeetings.com/FileStream.ashx?DocumentId=14772,https://pub-newwestcity.escribemeetings.com/Players/ISIStandAlonePlayer.aspx?Id=9ea84fb4-08f6-4a79-80a5-32632e61f78f,https://councilrecord.ca/newwest.html#vote/1mv1nr0,"THAT the Five-Year Financial Plan (2023-2027) Bylaw No. 8392, 2023 be given Third Reading."
2023-04-24,Council Meeting following Public Hearing,,Official Community Plan Amendment (102-104 Eighth Avenue and,Main motion,Carried,7,0,0,,,In favour,In favour,In favour,In favour,In favour,In favour,In favour,Housing & density; Development; Transportation,,,,https://pub-newwestcity.escribemeetings.com/FileStream.ashx?DocumentId=14775,https://pub-newwestcity.escribemeetings.com/Players/ISIStandAlonePlayer.aspx?Id=c0ae2fc4-5f52-420f-9f55-49611cdcb13f,https://councilrecord.ca/newwest.html#vote/1o87brc,"THAT Official Community Plan Amendment (102-104 Eighth Avenue and 728 First Street) Bylaw No. 8374, 2023 be given Third Reading."
2023-04-24,Council Meeting following Public Hearing,,Zoning Amendment Bylaw (102-104 Eighth Avenue and 728 First,Main motion,Carried,7,0,0,,,In favour,In favour,In favour,In favour,In favour,In favour,In favour,Development; Transportation,,,,https://pub-newwestcity.escribemeetings.com/FileStream.ashx?DocumentId=14775,https://pub-newwestcity.escribemeetings.com/Players/ISIStandAlonePlayer.aspx?Id=c0ae2fc4-5f52-420f-9f55-49611cdcb13f,https://councilrecord.ca/newwest.html#vote/17lcvbh,"THAT Zoning Amendment Bylaw (102-104 Eighth Avenue and 728 First Street) No. 8375, 2023 be given Third Reading."
2023-04-24,Council Meeting following Public Hearing,,Train Whistle Cessation – Update (Information Report from,Main motion,Carried,7,0,0,,,In favour,In favour,In favour,In favour,In favour,In favour,In favour,Transportation,,,,https://pub-newwestcity.escribemeetings.com/FileStream.ashx?DocumentId=14775,https://pub-newwestcity.escribemeetings.com/Players/ISIStandAlonePlayer.aspx?Id=c0ae2fc4-5f52-420f-9f55-49611cdcb13f,https://councilrecord.ca/newwest.html#vote/18wtcel,"THAT Council receives the report titled “Train Whistle Cessation – Update ” th on the April 24 , 2023 agenda for information."
2023-04-24,Council Meeting following Public Hearing,,"Council give three readings to the Tax Rates Bylaw No. 8395, 2023 – three reading",Main motion,Carried,5,2,0,,,In favour,In favour,Against,In favour,In favour,Against,In favour,Development; Taxes & spending,,,,https://pub-newwestcity.escribemeetings.com/FileStream.ashx?DocumentId=14775,https://pub-newwestcity.escribemeetings.com/Players/ISIStandAlonePlayer.aspx?Id=c0ae2fc4-5f52-420f-9f55-49611cdcb13f,https://councilrecord.ca/newwest.html#vote/10i10sy,"THAT Council give three readings to the Tax Rates Bylaw No. 8395, 2023 as presented in Attachment #1 of this report."
2023-04-24,Council Meeting following Public Hearing,,City Hall Community Art Exhibition Program,Amendment,Defeated,2,5,0,,,Against,Against,In favour,Against,Against,In favour,Against,Parks & recreation,1 of 2,The minutes do not give separate motion text at this point; see the linked minutes.,,https://pub-newwestcity.escribemeetings.com/FileStream.ashx?DocumentId=14775,https://pub-newwestcity.escribemeetings.com/Players/ISIStandAlonePlayer.aspx?Id=c0ae2fc4-5f52-420f-9f55-49611cdcb13f,https://councilrecord.ca/newwest.html#vote/ectzi2,
2023-04-24,Council Meeting following Public Hearing,,City Hall Community Art Exhibition Program,Main motion,Carried,7,0,0,,,In favour,In favour,In favour,In favour,In favour,In favour,In favour,Parks & recreation,2 of 2,,,https://pub-newwestcity.escribemeetings.com/FileStream.ashx?DocumentId=14775,https://pub-newwestcity.escribemeetings.com/Players/ISIStandAlonePlayer.aspx?Id=c0ae2fc4-5f52-420f-9f55-49611cdcb13f,https://councilrecord.ca/newwest.html#vote/p5wyb4,"THAT Council approve the establishment of a City Hall Community Art Exhibition Program as outlined in the report titled “City Hall Community Art Exhibition Program” on the April 24, 2023 agenda."
2023-04-24,Council Meeting following Public Hearing,,Economic Impact Model Scope of Work,Main motion,Carried,7,0,0,,,In favour,In favour,In favour,In favour,In favour,In favour,In favour,Business & economy,,,,https://pub-newwestcity.escribemeetings.com/FileStream.ashx?DocumentId=14775,https://pub-newwestcity.escribemeetings.com/Players/ISIStandAlonePlayer.aspx?Id=c0ae2fc4-5f52-420f-9f55-49611cdcb13f,https://councilrecord.ca/newwest.html#vote/1nctu2f,THAT Council endorse the scope of work for an economic impact model and direct staff to issue a Request for Proposals.
2023-04-24,Council Meeting following Public Hearing,,Queen’s Park Farm Master Plan Adoption,Main motion,Carried,5,2,0,,,In favour,In favour,Against,In favour,In favour,Against,In favour,Development; Parks & recreation,,,,https://pub-newwestcity.escribemeetings.com/FileStream.ashx?DocumentId=14775,https://pub-newwestcity.escribemeetings.com/Players/ISIStandAlonePlayer.aspx?Id=c0ae2fc4-5f52-420f-9f55-49611cdcb13f,https://councilrecord.ca/newwest.html#vote/a1kd4n,"THAT Council adopt the Queen’s Park Farm Master Plan, as outlined in the th report titled “Queen’s Park Farm Master Plan Adoption” on the April 24 agenda and included as Attachment A; and, THAT staff proceed with next steps as outlined in the report titled “Queen’s th Park Farm Master Plan Adoption” on the April 24 agenda."
2023-04-24,Council Meeting following Public Hearing,,Rezoning and Special Development Permit (810 Agnes Street and,Amendment,Carried,6,1,0,,,In favour,In favour,In favour,In favour,In favour,Against,In favour,Development; Transportation,1 of 2,,,https://pub-newwestcity.escribemeetings.com/FileStream.ashx?DocumentId=14775,https://pub-newwestcity.escribemeetings.com/Players/ISIStandAlonePlayer.aspx?Id=c0ae2fc4-5f52-420f-9f55-49611cdcb13f,https://councilrecord.ca/newwest.html#vote/9itquc,"THAT the application to rezone 810 Agnes Street and 815-821 Victoria Street be considered and no Public Hearing held, in accordance with the Local Government Act .”"
2023-04-24,Council Meeting following Public Hearing,,Rezoning and Special Development Permit (810 Agnes Street and,Main motion,Carried,7,0,0,,,In favour,In favour,In favour,In favour,In favour,In favour,In favour,Development; Transportation,2 of 2,,,https://pub-newwestcity.escribemeetings.com/FileStream.ashx?DocumentId=14775,https://pub-newwestcity.escribemeetings.com/Players/ISIStandAlonePlayer.aspx?Id=c0ae2fc4-5f52-420f-9f55-49611cdcb13f,https://councilrecord.ca/newwest.html#vote/u9jlr7,"THAT the application to rezone 810 Agnes Street and 815-821 Victoria Street be considered and no Public Hearing held, in accordance with the Local Government Act ; THAT notification be circulated in accordance with the Local Government Act; and, THAT a Housing Agreement Bylaw to secure 352 secured market rental housing units at 810 Agnes Street and 815-821 Victoria Street be forwarded to Council for consideration."
2023-04-24,Council Meeting following Public Hearing,,"Building Amendment Bylaw No. 8388, 2023",Main motion,Carried,7,0,0,,,In favour,In favour,In favour,In favour,In favour,In favour,In favour,Development,,,,https://pub-newwestcity.escribemeetings.com/FileStream.ashx?DocumentId=14775,https://pub-newwestcity.escribemeetings.com/Players/ISIStandAlonePlayer.aspx?Id=c0ae2fc4-5f52-420f-9f55-49611cdcb13f,https://councilrecord.ca/newwest.html#vote/1qcsn4d,"THAT Building Amendment Bylaw No. 8388, 2023 be adopted."
2023-04-24,Council Meeting following Public Hearing,,"Five Year Financial Plan 2023 - 2027 Bylaw No 8392, 2023",Main motion,Carried,5,2,0,,,In favour,In favour,Against,In favour,In favour,Against,In favour,Development; Taxes & spending,,,,https://pub-newwestcity.escribemeetings.com/FileStream.ashx?DocumentId=14775,https://pub-newwestcity.escribemeetings.com/Players/ISIStandAlonePlayer.aspx?Id=c0ae2fc4-5f52-420f-9f55-49611cdcb13f,https://councilrecord.ca/newwest.html#vote/1ay9bdx,"THAT the Five-Year Financial Plan 2023 - 2027 Bylaw No. 8392, 2023 be adopted."
2023-04-24,Council Meeting following Public Hearing,,Tax Rates Bylaw No. 8395 2023,Main motion,Carried,5,2,0,,,In favour,In favour,Against,In favour,In favour,Against,In favour,Development; Taxes & spending,1 of 3,,,https://pub-newwestcity.escribemeetings.com/FileStream.ashx?DocumentId=14775,https://pub-newwestcity.escribemeetings.com/Players/ISIStandAlonePlayer.aspx?Id=c0ae2fc4-5f52-420f-9f55-49611cdcb13f,https://councilrecord.ca/newwest.html#vote/qj6k89,THAT Tax Rates Bylaw No. 8395 2023 be given First Reading.
2023-04-24,Council Meeting following Public Hearing,,Tax Rates Bylaw No. 8395 2023,Main motion,Carried,5,2,0,,,In favour,In favour,Against,In favour,In favour,Against,In favour,Development; Taxes & spending,2 of 3,,,https://pub-newwestcity.escribemeetings.com/FileStream.ashx?DocumentId=14775,https://pub-newwestcity.escribemeetings.com/Players/ISIStandAlonePlayer.aspx?Id=c0ae2fc4-5f52-420f-9f55-49611cdcb13f,https://councilrecord.ca/newwest.html#vote/15bq3os,THAT Tax Rates Bylaw No. 8395 2023 be given Second Reading.
2023-04-24,Council Meeting following Public Hearing,,Tax Rates Bylaw No. 8395 2023,Main motion,Carried,5,2,0,,,In favour,In favour,Against,In favour,In favour,Against,In favour,Development; Taxes & spending,3 of 3,,,https://pub-newwestcity.escribemeetings.com/FileStream.ashx?DocumentId=14775,https://pub-newwestcity.escribemeetings.com/Players/ISIStandAlonePlayer.aspx?Id=c0ae2fc4-5f52-420f-9f55-49611cdcb13f,https://councilrecord.ca/newwest.html#vote/1re6y2h,THAT Tax Rates Bylaw No. 8395 2023 be given Third Reading.
2023-04-24,Council Meeting following Public Hearing,,Council direct staff to explore what regulatory and policy tools are available to reg…,Main motion,Carried,7,0,0,,,In favour,In favour,In favour,In favour,In favour,In favour,In favour,Other,,,,https://pub-newwestcity.escribemeetings.com/FileStream.ashx?DocumentId=14775,https://pub-newwestcity.escribemeetings.com/Players/ISIStandAlonePlayer.aspx?Id=c0ae2fc4-5f52-420f-9f55-49611cdcb13f,https://councilrecord.ca/newwest.html#vote/133qtg2,THAT Council direct staff to explore what regulatory and policy tools are available to regulate heat plans.
2023-05-08,Council Meeting,,Presentation of 2022-2026 Council Strategic Plan,Amendment,Defeated,2,5,0,,,Against,Against,In favour,Against,Against,In favour,Against,Governance & elections,1 of 2,The minutes do not give separate motion text at this point; see the linked minutes.,,https://pub-newwestcity.escribemeetings.com/FileStream.ashx?DocumentId=14778,https://pub-newwestcity.escribemeetings.com/Players/ISIStandAlonePlayer.aspx?Id=998275bf-53d0-481a-9cff-9c2d306eca46,https://councilrecord.ca/newwest.html#vote/1wmozuc,
2023-05-08,Council Meeting,,Presentation of 2022-2026 Council Strategic Plan,Main motion,Carried,5,2,0,,,In favour,In favour,Against,In favour,In favour,Against,In favour,Governance & elections,2 of 2,,,https://pub-newwestcity.escribemeetings.com/FileStream.ashx?DocumentId=14778,https://pub-newwestcity.escribemeetings.com/Players/ISIStandAlonePlayer.aspx?Id=998275bf-53d0-481a-9cff-9c2d306eca46,https://councilrecord.ca/newwest.html#vote/w7wdzj,THAT Council adopt the 2023-2026 Council Strategic Priorities Plan.
2023-05-08,Council Meeting,,Anvil Centre Operations,Main motion,Carried,7,0,0,,,In favour,In favour,In favour,In favour,In favour,In favour,In favour,Other,,,,https://pub-newwestcity.escribemeetings.com/FileStream.ashx?DocumentId=14778,https://pub-newwestcity.escribemeetings.com/Players/ISIStandAlonePlayer.aspx?Id=998275bf-53d0-481a-9cff-9c2d306eca46,https://councilrecord.ca/newwest.html#vote/252i50,"THAT staff be directed to develop a Council workshop for the purposes of discussing the future of the Anvil Centre Operations; and, THAT Council provide parameters and questions for Staff regarding content of the workshop."
2023-05-08,Council Meeting,,Demographic Profile of Be Heard New West Registered Users,Main motion,Carried,7,0,0,,,In favour,In favour,In favour,In favour,In favour,In favour,In favour,Other,,,,https://pub-newwestcity.escribemeetings.com/FileStream.ashx?DocumentId=14778,https://pub-newwestcity.escribemeetings.com/Players/ISIStandAlonePlayer.aspx?Id=998275bf-53d0-481a-9cff-9c2d306eca46,https://councilrecord.ca/newwest.html#vote/1c328iq,THAT Council receive this report for information.
2023-05-08,Council Meeting,,Application for Strata Conversion of the existing building at 716,Main motion,Carried,7,0,0,,,In favour,In favour,In favour,In favour,In favour,In favour,In favour,Housing & density; Business & economy,,,,https://pub-newwestcity.escribemeetings.com/FileStream.ashx?DocumentId=14778,https://pub-newwestcity.escribemeetings.com/Players/ISIStandAlonePlayer.aspx?Id=998275bf-53d0-481a-9cff-9c2d306eca46,https://councilrecord.ca/newwest.html#vote/13e368b,THAT Council approve the proposed strata conversion of the existing commercial building into eight strata units (seven residential and one commercial) and authorize the City Clerk to endorse the strata plans on behalf of the City of New Westminster.
2023-05-08,Council Meeting,,Rezoning Application for Conversion to Supportive Housing:,Main motion,Carried,7,0,0,,,In favour,In favour,In favour,In favour,In favour,In favour,In favour,Housing & density; Development,,,,https://pub-newwestcity.escribemeetings.com/FileStream.ashx?DocumentId=14778,https://pub-newwestcity.escribemeetings.com/Players/ISIStandAlonePlayer.aspx?Id=998275bf-53d0-481a-9cff-9c2d306eca46,https://councilrecord.ca/newwest.html#vote/1x7lzsv,"THAT Council direct staff to work with the applicant to prepare a rezoning bylaw for the subject property suitable for consideration of First, Second and Third Readings; THAT Council direct staff to proceed with processing the proposed rezoning of the subject property as outlined in the “Application Review Process” section of this report; and, THAT Council endorse in principle that no Public Hearing be held for this application in accordance with the Local Government Act ."
2023-05-08,Council Meeting,,Inter-municipal TNS Business License Agreement Bylaw,Main motion,Carried,6,1,0,,,In favour,In favour,In favour,In favour,Against,In favour,In favour,Development; Business & economy,1 of 3,,,https://pub-newwestcity.escribemeetings.com/FileStream.ashx?DocumentId=14778,https://pub-newwestcity.escribemeetings.com/Players/ISIStandAlonePlayer.aspx?Id=998275bf-53d0-481a-9cff-9c2d306eca46,https://councilrecord.ca/newwest.html#vote/4ianse,"THAT Inter-municipal TNS Business License Agreement Bylaw No. 8393, 2023 be given First Reading."
2023-05-08,Council Meeting,,Inter-municipal TNS Business License Agreement Bylaw,Main motion,Carried,6,1,0,,,In favour,In favour,In favour,In favour,Against,In favour,In favour,Development; Business & economy,2 of 3,,,https://pub-newwestcity.escribemeetings.com/FileStream.ashx?DocumentId=14778,https://pub-newwestcity.escribemeetings.com/Players/ISIStandAlonePlayer.aspx?Id=998275bf-53d0-481a-9cff-9c2d306eca46,https://councilrecord.ca/newwest.html#vote/x4qjc7,"THAT Inter-municipal TNS Business License Agreement Bylaw No. 8393, 2023 be given Second Reading."
2023-05-08,Council Meeting,,Inter-municipal TNS Business License Agreement Bylaw,Main motion,Carried,6,1,0,,,In favour,In favour,In favour,In favour,Against,In favour,In favour,Development; Business & economy,3 of 3,,,https://pub-newwestcity.escribemeetings.com/FileStream.ashx?DocumentId=14778,https://pub-newwestcity.escribemeetings.com/Players/ISIStandAlonePlayer.aspx?Id=998275bf-53d0-481a-9cff-9c2d306eca46,https://councilrecord.ca/newwest.html#vote/1bp0fzy,"THAT Inter-municipal TNS Business License Agreement Bylaw No. 8393, 2023 be given Third Reading."
2023-05-08,Council Meeting,,Inter-municipal TNS Business License Scheme Bylaw,Main motion,Carried,6,1,0,,,In favour,In favour,In favour,In favour,Against,In favour,In favour,Development; Business & economy,1 of 3,,,https://pub-newwestcity.escribemeetings.com/FileStream.ashx?DocumentId=14778,https://pub-newwestcity.escribemeetings.com/Players/ISIStandAlonePlayer.aspx?Id=998275bf-53d0-481a-9cff-9c2d306eca46,https://councilrecord.ca/newwest.html#vote/jemtd1,"THAT Inter-municipal TNS Business License Scheme Bylaw No. 8391, 2023 be given First Reading."
2023-05-08,Council Meeting,,Inter-municipal TNS Business License Scheme Bylaw,Main motion,Carried,6,1,0,,,In favour,In favour,In favour,In favour,Against,In favour,In favour,Development; Business & economy,2 of 3,,,https://pub-newwestcity.escribemeetings.com/FileStream.ashx?DocumentId=14778,https://pub-newwestcity.escribemeetings.com/Players/ISIStandAlonePlayer.aspx?Id=998275bf-53d0-481a-9cff-9c2d306eca46,https://councilrecord.ca/newwest.html#vote/ya1sm7,"THAT Inter-municipal TNS Business License Scheme Bylaw No. 8391, 2023 be given Second Reading."
2023-05-08,Council Meeting,,Inter-municipal TNS Business License Scheme Bylaw,Main motion,Carried,6,1,0,,,In favour,In favour,In favour,In favour,Against,In favour,In favour,Development; Business & economy,3 of 3,,,https://pub-newwestcity.escribemeetings.com/FileStream.ashx?DocumentId=14778,https://pub-newwestcity.escribemeetings.com/Players/ISIStandAlonePlayer.aspx?Id=998275bf-53d0-481a-9cff-9c2d306eca46,https://councilrecord.ca/newwest.html#vote/1yittmd,"THAT Inter-municipal TNS Business License Scheme Bylaw No. 8391, 2023 be given Third Reading."
2023-05-08,Council Meeting,,Tax Rates Bylaw No. 8395 2023,Main motion,Carried,5,2,0,,,In favour,In favour,Against,In favour,In favour,Against,In favour,Development; Taxes & spending,,,,https://pub-newwestcity.escribemeetings.com/FileStream.ashx?DocumentId=14778,https://pub-newwestcity.escribemeetings.com/Players/ISIStandAlonePlayer.aspx?Id=998275bf-53d0-481a-9cff-9c2d306eca46,https://councilrecord.ca/newwest.html#vote/3aixjy,THAT Tax Rates Bylaw No. 8395 2023 be adopted.
2023-05-08,Council Meeting,,Inviting the Community to Celebrate and Say Goodbye to the,Amendment,Carried,7,0,0,,,In favour,In favour,In favour,In favour,In favour,In favour,In favour,Transportation; Neighbourhood character,1 of 4,,,https://pub-newwestcity.escribemeetings.com/FileStream.ashx?DocumentId=14778,https://pub-newwestcity.escribemeetings.com/Players/ISIStandAlonePlayer.aspx?Id=998275bf-53d0-481a-9cff-9c2d306eca46,https://councilrecord.ca/newwest.html#vote/1rsde1a,THAT a memorial day be held for all the lives harmed or lost on the Pattullo Bridge.”
2023-05-08,Council Meeting,,Inviting the Community to Celebrate and Say Goodbye to the,Amendment,Carried,4,3,0,,,In favour,In favour,Against,In favour,Against,Against,In favour,Transportation; Parks & recreation,2 of 4,,,https://pub-newwestcity.escribemeetings.com/FileStream.ashx?DocumentId=14778,https://pub-newwestcity.escribemeetings.com/Players/ISIStandAlonePlayer.aspx?Id=998275bf-53d0-481a-9cff-9c2d306eca46,https://councilrecord.ca/newwest.html#vote/ieis9u,THAT the words “and TransLink” be inserted in both resolutions of the motion after the words BC Ministry of Transportation.
2023-05-08,Council Meeting,,Inviting the Community to Celebrate and Say Goodbye to the,Amendment,Carried,7,0,0,,,In favour,In favour,In favour,In favour,In favour,In favour,In favour,Transportation; Parks & recreation,3 of 4,,,https://pub-newwestcity.escribemeetings.com/FileStream.ashx?DocumentId=14778,https://pub-newwestcity.escribemeetings.com/Players/ISIStandAlonePlayer.aspx?Id=998275bf-53d0-481a-9cff-9c2d306eca46,https://councilrecord.ca/newwest.html#vote/1l7ttrm,THAT Council notify the Ministry of Transportation and TransLink that the City wants them to host a community-based celebration of the existing Pattullo Bridge by way of an ‘on bridge’ day-long street festival during the three-day public access period with City of New Westminster input on the event.”
2023-05-08,Council Meeting,,Inviting the Community to Celebrate and Say Goodbye to the,Main motion,Carried,7,0,0,,,In favour,In favour,In favour,In favour,In favour,In favour,In favour,Transportation; Parks & recreation; Governance & elections,4 of 4,,,https://pub-newwestcity.escribemeetings.com/FileStream.ashx?DocumentId=14778,https://pub-newwestcity.escribemeetings.com/Players/ISIStandAlonePlayer.aspx?Id=998275bf-53d0-481a-9cff-9c2d306eca46,https://councilrecord.ca/newwest.html#vote/19s6hh2,"THAT the Mayor write a letter on behalf of Council to the BC Ministry of Transportation and TransLink to determine the feasibility of opening the Pattullo Bridge to pedestrian, cycle and other non-vehicular modes of transportation for a period of three days (Friday, Saturday, Sunday) subsequent to the opening of the new bridge; BE IT FURTHER RESOLVED THAT Council notify the Ministry of Transportation and TransLink that the City wants them to host a community-based celebration of the existing Pattullo Bridge by way of an ‘on bridge’ day-long street festival during the three-day public access period with City of New Westminster input on the event; and BE IT FURTHER RESOLVED THAT a memorial day be held for all the lives harmed or lost on the Pattullo Bridge."
2023-05-08,Council Meeting,,Updating and Determining the Effectiveness of the City's Tree,Main motion,Defeated,2,5,0,,,Against,Against,In favour,Against,Against,In favour,Against,Environment & climate,,,,https://pub-newwestcity.escribemeetings.com/FileStream.ashx?DocumentId=14778,https://pub-newwestcity.escribemeetings.com/Players/ISIStandAlonePlayer.aspx?Id=998275bf-53d0-481a-9cff-9c2d306eca46,https://councilrecord.ca/newwest.html#vote/1jl3jv6,"WHEREAS the City of New Westminster introduced a Tree Protection and Regulation Bylaw in 2016; WHEREAS the overall tree canopy within the City of New Westminster has continued to decline since the introduction of the Tree Protection and Regulation bylaw; WHEREAS it is important to regularly review bylaws for their effectiveness; and, WHEREAS there is increasing evidence that trees and other greenspaces offer significant health and well-being benefits, including reduced deaths from cardiovascular disease and improved mental health outcomes BE IT RESOLVED THAT staff be directed to report back to Council regarding the costs, potential sources of funding and operational impacts pertaining to the City conducting an independent and arms- length review and public consultation regarding the effectiveness of our Tree Protection and Regulation Bylaw"
2023-05-08,Council Meeting,,Potential Changes to City Advisory Committees Structure,Amendment,Defeated,2,5,0,,,Against,Against,In favour,Against,Against,In favour,Against,Governance & elections,1 of 2,,,https://pub-newwestcity.escribemeetings.com/FileStream.ashx?DocumentId=14778,https://pub-newwestcity.escribemeetings.com/Players/ISIStandAlonePlayer.aspx?Id=998275bf-53d0-481a-9cff-9c2d306eca46,https://councilrecord.ca/newwest.html#vote/3bw3gm,THAT Council endorse staff engaging with current advisory committee members and the public to get their feedback and input on the Advisory Assembly Model.”
2023-05-08,Council Meeting,,Potential Changes to City Advisory Committees Structure,Main motion,Carried,5,2,0,,,In favour,In favour,Against,In favour,In favour,Against,In favour,Governance & elections,2 of 2,,,https://pub-newwestcity.escribemeetings.com/FileStream.ashx?DocumentId=14778,https://pub-newwestcity.escribemeetings.com/Players/ISIStandAlonePlayer.aspx?Id=998275bf-53d0-481a-9cff-9c2d306eca46,https://councilrecord.ca/newwest.html#vote/fpnsfi,"THAT Council endorse staff continuing to explore the Advisory Assembly model as a proposed pilot project as part of the City’s advisory committees structure; and, THAT Council endorse staff engaging with current advisory committee members to get their feedback and input on the Advisory Assembly Model."
2023-05-29,Council Meeting,,Inter-municipal TNS (Ride-Hailing) Business Licence Scheme Bylaw,Main motion,Carried,6,1,0,,,In favour,In favour,In favour,In favour,Against,In favour,In favour,Development; Business & economy,,,,https://pub-newwestcity.escribemeetings.com/FileStream.ashx?DocumentId=15225,https://pub-newwestcity.escribemeetings.com/Players/ISIStandAlonePlayer.aspx?Id=441ae38f-6225-4ecd-b836-2cb8cc30813b,https://councilrecord.ca/newwest.html#vote/1h5mfq7,"THAT Inter-municipal TNS Business Licence Scheme Bylaw No. 8391, 2023 be adopted."
2023-05-29,Council Meeting,,Rezoning Application for Conversion to Supportive Housing:,Amendment,Defeated,2,5,0,,,Against,Against,In favour,Against,Against,In favour,Against,Housing & density; Development,1 of 3,,,https://pub-newwestcity.escribemeetings.com/FileStream.ashx?DocumentId=15225,https://pub-newwestcity.escribemeetings.com/Players/ISIStandAlonePlayer.aspx?Id=441ae38f-6225-4ecd-b836-2cb8cc30813b,https://councilrecord.ca/newwest.html#vote/zg8515,THAT Council strike the words “No Public Hearing to be held” from the main motion.
2023-05-29,Council Meeting,,Rezoning Application for Conversion to Supportive Housing:,Amendment,Carried,5,2,0,,,In favour,In favour,Against,In favour,In favour,Against,In favour,Housing & density; Development,2 of 3,,,https://pub-newwestcity.escribemeetings.com/FileStream.ashx?DocumentId=15225,https://pub-newwestcity.escribemeetings.com/Players/ISIStandAlonePlayer.aspx?Id=441ae38f-6225-4ecd-b836-2cb8cc30813b,https://councilrecord.ca/newwest.html#vote/wbqacl,THAT staff develop a public engagement session on this project that is dialogue-based and centers on the well-being of people in need of supportive housing.
2023-05-29,Council Meeting,,Rezoning Application for Conversion to Supportive Housing:,Main motion,Carried,5,2,0,,,In favour,In favour,Against,In favour,In favour,Against,In favour,Housing & density; Development; Transportation,3 of 3,,,https://pub-newwestcity.escribemeetings.com/FileStream.ashx?DocumentId=15225,https://pub-newwestcity.escribemeetings.com/Players/ISIStandAlonePlayer.aspx?Id=441ae38f-6225-4ecd-b836-2cb8cc30813b,https://councilrecord.ca/newwest.html#vote/1qmxw30,"THAT Council consider “Zoning Amendment Bylaw (422 Sixth Street) No. 8398, 2023” and no Public Hearing be held, in accordance with the Local Government Act ; THAT notification be circulated in accordance with the Local Government Act ; and THAT staff develop a public engagement session on this project that is dialogue-based and centers on the well-being of people in need of supportive housing."
2023-05-29,Council Meeting,,Directs staff to publish the Committee meeting dates to the end of,Other,Carried,7,0,0,,,In favour,In favour,In favour,In favour,In favour,In favour,In favour,Governance & elections,,The minutes do not give separate motion text at this point; see the linked minutes.,,https://pub-newwestcity.escribemeetings.com/FileStream.ashx?DocumentId=15225,https://pub-newwestcity.escribemeetings.com/Players/ISIStandAlonePlayer.aspx?Id=441ae38f-6225-4ecd-b836-2cb8cc30813b,https://councilrecord.ca/newwest.html#vote/2w6slf,
2023-05-29,Council Meeting,,Liquor Primary Patio Application (Thirsty Duck Pub) for,Amendment,Carried,6,0,1,,,In favour,In favour,In favour,In favour,In favour,Absent,In favour,Neighbourhood character; Business & economy,1 of 2,,,https://pub-newwestcity.escribemeetings.com/FileStream.ashx?DocumentId=15225,https://pub-newwestcity.escribemeetings.com/Players/ISIStandAlonePlayer.aspx?Id=441ae38f-6225-4ecd-b836-2cb8cc30813b,https://councilrecord.ca/newwest.html#vote/1m6b7lt,THAT staff seek opportunities for patio service hours to be extended to 11:00 p.m.”
2023-05-29,Council Meeting,,Liquor Primary Patio Application (Thirsty Duck Pub) for,Main motion,Carried,6,0,1,,,In favour,In favour,In favour,In favour,In favour,Absent,In favour,Transportation; Neighbourhood character; Business & economy,2 of 2,,,https://pub-newwestcity.escribemeetings.com/FileStream.ashx?DocumentId=15225,https://pub-newwestcity.escribemeetings.com/Players/ISIStandAlonePlayer.aspx?Id=441ae38f-6225-4ecd-b836-2cb8cc30813b,https://councilrecord.ca/newwest.html#vote/1pt6w15,"WHEREAS New Westminster City Council considered a staff report regarding an application from the Thirsty Duck Pub to operate a 40-seat patio located at 606 Twelfth Street with liquor service hours from 12:00 p.m. – 10:00 p.m. Sunday to Saturday; WHEREAS the overall occupancy of the establishment remains at 107 people; WHEREAS the location is in a Commercial zone (C-2A) along the upper Twelfth Street commercial corridor in the West End area; WHEREAS the establishment is not expected to negatively affect traffic patterns or parking given proximity to transit, and noise is not expected to be an issue; WHEREAS the establishment has operated a TESA patio during COVID-19 pandemic without any negative impact to the neighbourhood since May 2021; WHEREAS the business has not generated noise complaints or negative community impacts and the proposed patio is not expected to result in noise or negative impacts to the community based on the establishment’s size, hours of operation and location; WHEREAS the New Westminster Police Department does not oppose the application; WHEREAS a sign has been placed in front of the business for 27 days, two newspaper notices were published as well as circulated in the City’s e- newsletter (Citypage Online), to 1200+ subscribers, and to the West End Residents’ Association, Moody Park Residents’ Association, Brow of the Hill Residents’ Association, and the New Westminster Chamber of Commerce, providing details regarding the application and inviting the public to submit comments to the City; and WHEREAS the City has received one piece of correspondence in support of the application. THEREFORE BE IT RESOLVED THAT New Westminster City Council recommends the approval of the application by Thirsty Duck Pub to operate a 40-person patio, located at 606 Twelfth Street with liquor service hours 12:00 p.m. – 10:00 p.m. Sunday to Saturday. BE IT FURTHER RESOLVED THAT staff seek opportunities for patio service hours to be extended to 11:00 p.m."
2023-05-29,Council Meeting,,New Westminster Rent Bank Funding Request,Main motion,Carried,7,0,0,,,In favour,In favour,In favour,In favour,In favour,In favour,In favour,Taxes & spending,,,,https://pub-newwestcity.escribemeetings.com/FileStream.ashx?DocumentId=15225,https://pub-newwestcity.escribemeetings.com/Players/ISIStandAlonePlayer.aspx?Id=441ae38f-6225-4ecd-b836-2cb8cc30813b,https://councilrecord.ca/newwest.html#vote/1du752c,"THAT the City continue to fund the administrative costs of the New Westminster Rent Bank, in the amount of $35,000 per year, for a three-year period between September 1, 2023 and August 31, 2026."
2023-05-29,Council Meeting,,Rezoning and Special Development Permit: 808 Royal Avenue,Main motion,Carried,7,0,0,,,In favour,In favour,In favour,In favour,In favour,In favour,In favour,Development,,,,https://pub-newwestcity.escribemeetings.com/FileStream.ashx?DocumentId=15225,https://pub-newwestcity.escribemeetings.com/Players/ISIStandAlonePlayer.aspx?Id=441ae38f-6225-4ecd-b836-2cb8cc30813b,https://councilrecord.ca/newwest.html#vote/v1dlg,"THAT Council direct staff to work with the applicant to prepare a plan of development for the subject property suitable for consideration of First and Second Readings, as outlined in the “Application Review Process” section of this report; and THAT Council endorse, in principle, that no Public Hearing be held for this application in accordance with the Local Government Act."
2023-05-29,Council Meeting,,Welcome Centre Update and Funding Request,Main motion,Carried,7,0,0,,,In favour,In favour,In favour,In favour,In favour,In favour,In favour,Taxes & spending,,,,https://pub-newwestcity.escribemeetings.com/FileStream.ashx?DocumentId=15225,https://pub-newwestcity.escribemeetings.com/Players/ISIStandAlonePlayer.aspx?Id=441ae38f-6225-4ecd-b836-2cb8cc30813b,https://councilrecord.ca/newwest.html#vote/1hk98b4,"THAT the City’s contribution to the Welcome Centre for 2024, 2025 and 2026 be brought forward with the 2024-2028 Five-Year Financial Plan and considered with all other future service enhancements and City-wide priorities; and THAT the City continue to apply to Immigration, Refugees and Citizenship Canada and other federal and provincial agencies to offset all or some of the costs related to this position."
2023-05-29,Council Meeting,,"Correspondence: Metro Vancouver letter dated May 16, 2023",Main motion,Carried,7,0,0,,,In favour,In favour,In favour,In favour,In favour,In favour,In favour,Governance & elections,,,,https://pub-newwestcity.escribemeetings.com/FileStream.ashx?DocumentId=15225,https://pub-newwestcity.escribemeetings.com/Players/ISIStandAlonePlayer.aspx?Id=441ae38f-6225-4ecd-b836-2cb8cc30813b,https://councilrecord.ca/newwest.html#vote/1qrv10h,"THAT the Mayor, on behalf of Council, write a letter to Metro Vancouver expressing concerns about the erosion of the Urban Containment Boundary (UCB), citing its vital role in maintaining a stable, long-term footprint for urban development while reinforcing the protection of agricultural conservation, and rural lands for ecological and climate values. Sprawl of developed land outside of the UCB, whether for these lands, undermines our regional transportation goals, and challenges our regional sustainable growth goals."
2023-05-29,Council Meeting,,Zoning Amendment Bylaw (810 Agnes Street and 815-,Main motion,Carried,7,0,0,,,In favour,In favour,In favour,In favour,In favour,In favour,In favour,Development; Transportation,1 of 3,,,https://pub-newwestcity.escribemeetings.com/FileStream.ashx?DocumentId=15225,https://pub-newwestcity.escribemeetings.com/Players/ISIStandAlonePlayer.aspx?Id=441ae38f-6225-4ecd-b836-2cb8cc30813b,https://councilrecord.ca/newwest.html#vote/1nu85fj,"THAT Zoning Amendment Bylaw (810 Agnes Street and 815-821 Victoria Street) No. 8390, 2023 be given First Reading."
2023-05-29,Council Meeting,,Zoning Amendment Bylaw (810 Agnes Street and 815-,Main motion,Carried,7,0,0,,,In favour,In favour,In favour,In favour,In favour,In favour,In favour,Development; Transportation,2 of 3,,,https://pub-newwestcity.escribemeetings.com/FileStream.ashx?DocumentId=15225,https://pub-newwestcity.escribemeetings.com/Players/ISIStandAlonePlayer.aspx?Id=441ae38f-6225-4ecd-b836-2cb8cc30813b,https://councilrecord.ca/newwest.html#vote/sxb2x2,"THAT Zoning Amendment Bylaw (810 Agnes Street and 815-821 Victoria Street) No. 8390, 2023 be given Second Reading."
2023-05-29,Council Meeting,,Zoning Amendment Bylaw (810 Agnes Street and 815-,Main motion,Carried,7,0,0,,,In favour,In favour,In favour,In favour,In favour,In favour,In favour,Development; Transportation,3 of 3,,,https://pub-newwestcity.escribemeetings.com/FileStream.ashx?DocumentId=15225,https://pub-newwestcity.escribemeetings.com/Players/ISIStandAlonePlayer.aspx?Id=441ae38f-6225-4ecd-b836-2cb8cc30813b,https://councilrecord.ca/newwest.html#vote/u35pbj,"THAT Zoning Amendment Bylaw (810 Agnes Street and 815-821 Victoria Street) No. 8390, 2023 be given Third Reading."
2023-05-29,Council Meeting,,"Street and Traffic Miscellaneous Amendments Bylaw No. 8397, 2023 – first reading",Main motion,Carried,7,0,0,,,In favour,In favour,In favour,In favour,In favour,In favour,In favour,Development; Transportation,,,,https://pub-newwestcity.escribemeetings.com/FileStream.ashx?DocumentId=15225,https://pub-newwestcity.escribemeetings.com/Players/ISIStandAlonePlayer.aspx?Id=441ae38f-6225-4ecd-b836-2cb8cc30813b,https://councilrecord.ca/newwest.html#vote/67lctx,"THAT Street and Traffic Miscellaneous Amendments Bylaw No. 8397, 2023 be given First Reading."
2023-05-29,Council Meeting,,"Street and Traffic Miscellaneous Amendments Bylaw No. 8397, 2023 – second reading",Main motion,Carried,7,0,0,,,In favour,In favour,In favour,In favour,In favour,In favour,In favour,Development; Transportation,,,,https://pub-newwestcity.escribemeetings.com/FileStream.ashx?DocumentId=15225,https://pub-newwestcity.escribemeetings.com/Players/ISIStandAlonePlayer.aspx?Id=441ae38f-6225-4ecd-b836-2cb8cc30813b,https://councilrecord.ca/newwest.html#vote/14rwehv,"THAT Street and Traffic Miscellaneous Amendments Bylaw No. 8397, 2023 be given Second Reading."
2023-05-29,Council Meeting,,"Street and Traffic Miscellaneous Amendments Bylaw No. 8397, 2023 – third reading",Main motion,Carried,7,0,0,,,In favour,In favour,In favour,In favour,In favour,In favour,In favour,Development; Transportation,,,,https://pub-newwestcity.escribemeetings.com/FileStream.ashx?DocumentId=15225,https://pub-newwestcity.escribemeetings.com/Players/ISIStandAlonePlayer.aspx?Id=441ae38f-6225-4ecd-b836-2cb8cc30813b,https://councilrecord.ca/newwest.html#vote/pez0wi,"THAT Street and Traffic Miscellaneous Amendments Bylaw No. 8397, 2023 be given Third Reading."
2023-05-29,Council Meeting,,Inter-municipal TNS Business Licence Agreement Bylaw,Main motion,Carried,6,1,0,,,In favour,In favour,In favour,In favour,Against,In favour,In favour,Development; Business & economy,,,,https://pub-newwestcity.escribemeetings.com/FileStream.ashx?DocumentId=15225,https://pub-newwestcity.escribemeetings.com/Players/ISIStandAlonePlayer.aspx?Id=441ae38f-6225-4ecd-b836-2cb8cc30813b,https://councilrecord.ca/newwest.html#vote/1cqr3fj,"THAT the Inter-municipal TNS Business Licence Agreement Bylaw No. 8393, 2023 be adopted."
2023-05-29,Council Meeting,,The New Westminster Police constitutes the largest percentage of the municipal budget…,Main motion,Carried,5,2,0,,,In favour,In favour,Against,In favour,In favour,Against,In favour,Taxes & spending; Public services; Governance & elections,,,,https://pub-newwestcity.escribemeetings.com/FileStream.ashx?DocumentId=15225,https://pub-newwestcity.escribemeetings.com/Players/ISIStandAlonePlayer.aspx?Id=441ae38f-6225-4ecd-b836-2cb8cc30813b,https://councilrecord.ca/newwest.html#vote/1g50fz4,"WHEREAS The New Westminster Police constitutes the largest percentage of the municipal budget by department, and is traditionally submitted by the Police Board to City Council for approval; and WHEREAS under provincial regulation, City Council does not have the ability to modify this portion of the City Budget. THEREFORE BE IT RESOLVED THAT New Westminster City Council writes to the Police Board requesting to engage in collaborative dialogue about the 2024 Police Budget on an ongoing basis beginning in spring 2023."
2023-05-29,Council Meeting,,"Establishing a new Planning Policies, Procedures and",Main motion,Defeated,3,4,0,,,Against,Against,In favour,Against,In favour,In favour,Against,Housing & density; Public services; Governance & elections,,,,https://pub-newwestcity.escribemeetings.com/FileStream.ashx?DocumentId=15225,https://pub-newwestcity.escribemeetings.com/Players/ISIStandAlonePlayer.aspx?Id=441ae38f-6225-4ecd-b836-2cb8cc30813b,https://councilrecord.ca/newwest.html#vote/18upsws,"WHEREAS it is important for the City to regularly review the effectiveness of and efficiency of our planning processes and procedures; WHEREAS one of the goals of the City is to construct more affordable, accessible and diverse housing types that will help to address our housing crisis; and WHEREAS there has been concern expressed within our community that some of the processes, procedures and policies related to the development of new housing are outdated and in need of reform. BE IT RESOLVED THAT Council establish a Planning Policies, Procedures and Processes Working Group; BE IT FURTHER RESOLVED THAT once established and members of the Working Group are appointed, it be provided with up to 120 days to prepare a report to Council which includes recommendations regarding possible revisions, updates or the elimination of any unnecessary, outdated, costly or ineffective planning by-laws, policies, procedures and processes; BE IT FURTHER RESOLVED THAT Council appoint two city Councillors to co-chair the Working Group and that they develop the terms of reference, and prepare a budget (if required) for approval by Council; BE IT FURTHER RESOLVED THAT the co-chairs will recommend to Council the overall composition of the Working Group; BE IT FURTHER RESOLVED THAT all efforts should be made by the Working Group to utilize external resources as a means of limiting staff time required to support this initiative; and BE IF FURTHER RESOLVED THAT the representatives of the Working Group will represent the diversity of our community and that the consultation they undertake will be done in an equitable manner."
2023-05-29,Council Meeting,,Supporting the Victims of Random and Violent Crimes in New,Main motion,Carried,7,0,0,,,In favour,In favour,In favour,In favour,In favour,In favour,In favour,Public services,1 of 2,,,https://pub-newwestcity.escribemeetings.com/FileStream.ashx?DocumentId=15225,https://pub-newwestcity.escribemeetings.com/Players/ISIStandAlonePlayer.aspx?Id=441ae38f-6225-4ecd-b836-2cb8cc30813b,https://councilrecord.ca/newwest.html#vote/1n549ko,THAT the Supporting the Victims of Random and Violent Crimes in New Westminster motion be considered as distinct propositions.
2023-05-29,Council Meeting,,Supporting the Victims of Random and Violent Crimes in New,Main motion,Defeated,2,5,0,,,Against,Against,In favour,Against,Against,In favour,Against,Public services; Business & economy,2 of 2,,,https://pub-newwestcity.escribemeetings.com/FileStream.ashx?DocumentId=15225,https://pub-newwestcity.escribemeetings.com/Players/ISIStandAlonePlayer.aspx?Id=441ae38f-6225-4ecd-b836-2cb8cc30813b,https://councilrecord.ca/newwest.html#vote/1rlj6u2,"THAT the Mayor, on behalf of Council, write to the Federal Minister of Justice, the Premier of British Columbia and the BC’s Solicitor General requesting that every effort be made to reform our ‘catch and release’ justice system which is facilitating repeat and prolific offenders being allowed to roam New Westminster’s streets."
2023-06-01,Special Council Meeting,,Appointment of Acting Director of Finance,Main motion,Carried,5,0,2,,,In favour,In favour,Absent,In favour,In favour,Absent,In favour,Governance & elections,,,,https://pub-newwestcity.escribemeetings.com/FileStream.ashx?DocumentId=15226,,https://councilrecord.ca/newwest.html#vote/1pn6ku3,"THAT Council appoint Jacqueline Dairon to be the Acting Director of Finance, with the responsibility of financial administration set out in Section 149 of the Community Charter , and the responsibilities set out in section 2(c) of the Officers Establishment and Indemnity Bylaw No. 7175, 2007 and section 8 of the Delegation Bylaw No. 7176, 2015, effective June 3, 2023, until the hiring process for and appointment of the Director of Finance position is complete."
2023-06-12,Council Meeting,,Supporting the victims of random and violent crimes in New,Other,Carried,7,0,0,,,In favour,In favour,In favour,In favour,In favour,In favour,In favour,Public services,1 of 3,The minutes do not give separate motion text at this point; see the linked minutes.,,https://pub-newwestcity.escribemeetings.com/FileStream.ashx?DocumentId=15417,https://pub-newwestcity.escribemeetings.com/Players/ISIStandAlonePlayer.aspx?Id=bcf46276-23b3-4cb7-863b-857a4d3aed41,https://councilrecord.ca/newwest.html#vote/1mo2dle,
2023-06-12,Council Meeting,,Supporting the victims of random and violent crimes in New,Amendment,Carried,7,0,0,,,In favour,In favour,In favour,In favour,In favour,In favour,In favour,Public services,2 of 3,The minutes do not give separate motion text at this point; see the linked minutes.,,https://pub-newwestcity.escribemeetings.com/FileStream.ashx?DocumentId=15417,https://pub-newwestcity.escribemeetings.com/Players/ISIStandAlonePlayer.aspx?Id=bcf46276-23b3-4cb7-863b-857a4d3aed41,https://councilrecord.ca/newwest.html#vote/1mo2dle-2,
2023-06-12,Council Meeting,,Supporting the victims of random and violent crimes in New,Other,Carried,7,0,0,,,In favour,In favour,In favour,In favour,In favour,In favour,In favour,Public services,3 of 3,The minutes do not give separate motion text at this point; see the linked minutes.,,https://pub-newwestcity.escribemeetings.com/FileStream.ashx?DocumentId=15417,https://pub-newwestcity.escribemeetings.com/Players/ISIStandAlonePlayer.aspx?Id=bcf46276-23b3-4cb7-863b-857a4d3aed41,https://councilrecord.ca/newwest.html#vote/1mo2dle-3,
2023-06-12,Council Meeting,,Implementing initiatives to reduce catalytic converter thefts in,Other,Defeated,2,5,0,,,Against,Against,In favour,Against,Against,In favour,Against,Other,,The minutes do not give separate motion text at this point; see the linked minutes.,,https://pub-newwestcity.escribemeetings.com/FileStream.ashx?DocumentId=15417,https://pub-newwestcity.escribemeetings.com/Players/ISIStandAlonePlayer.aspx?Id=bcf46276-23b3-4cb7-863b-857a4d3aed41,https://councilrecord.ca/newwest.html#vote/15m4y5n,
2023-06-12,Council Meeting,,"Report: Massey Theatre Renovation - Scope, Schedule and",Other,Carried,7,0,0,,,In favour,In favour,In favour,In favour,In favour,In favour,In favour,Parks & recreation,,The minutes do not give separate motion text at this point; see the linked minutes.,,https://pub-newwestcity.escribemeetings.com/FileStream.ashx?DocumentId=15417,https://pub-newwestcity.escribemeetings.com/Players/ISIStandAlonePlayer.aspx?Id=bcf46276-23b3-4cb7-863b-857a4d3aed41,https://councilrecord.ca/newwest.html#vote/1f91a1g,
2023-06-12,Council Meeting,,Report: 2023 Capital and Operating Quarterly Performance,Other,Carried,7,0,0,,,In favour,In favour,In favour,In favour,In favour,In favour,In favour,Taxes & spending,,The minutes do not give separate motion text at this point; see the linked minutes.,,https://pub-newwestcity.escribemeetings.com/FileStream.ashx?DocumentId=15417,https://pub-newwestcity.escribemeetings.com/Players/ISIStandAlonePlayer.aspx?Id=bcf46276-23b3-4cb7-863b-857a4d3aed41,https://councilrecord.ca/newwest.html#vote/fmz5b3,
2023-06-12,Council Meeting,,"Main motion, as amended (see minutes for text)",Other,Carried,7,0,0,,,In favour,In favour,In favour,In favour,In favour,In favour,In favour,Other,1 of 7,The minutes do not give separate motion text at this point; see the linked minutes.,,https://pub-newwestcity.escribemeetings.com/FileStream.ashx?DocumentId=15417,https://pub-newwestcity.escribemeetings.com/Players/ISIStandAlonePlayer.aspx?Id=bcf46276-23b3-4cb7-863b-857a4d3aed41,https://councilrecord.ca/newwest.html#vote/xcku9m,
2023-06-12,Council Meeting,,"Main motion, as amended (see minutes for text)",Other,Carried,5,2,0,,,In favour,In favour,Against,In favour,In favour,Against,In favour,Other,2 of 7,The minutes do not give separate motion text at this point; see the linked minutes.,,https://pub-newwestcity.escribemeetings.com/FileStream.ashx?DocumentId=15417,https://pub-newwestcity.escribemeetings.com/Players/ISIStandAlonePlayer.aspx?Id=bcf46276-23b3-4cb7-863b-857a4d3aed41,https://councilrecord.ca/newwest.html#vote/10znht9,
2023-06-12,Council Meeting,,"Main motion, as amended (see minutes for text)",Other,Carried,7,0,0,,,In favour,In favour,In favour,In favour,In favour,In favour,In favour,Other,3 of 7,The minutes do not give separate motion text at this point; see the linked minutes.,,https://pub-newwestcity.escribemeetings.com/FileStream.ashx?DocumentId=15417,https://pub-newwestcity.escribemeetings.com/Players/ISIStandAlonePlayer.aspx?Id=bcf46276-23b3-4cb7-863b-857a4d3aed41,https://councilrecord.ca/newwest.html#vote/xcku9m-2,
2023-06-12,Council Meeting,,Construction Noise Bylaw Exemption Request: 660 Quayside Drive,Other,Carried,6,0,1,,,In favour,In favour,In favour,In favour,In favour,Absent,In favour,Neighbourhood character,,The minutes do not give separate motion text at this point; see the linked minutes.,,https://pub-newwestcity.escribemeetings.com/FileStream.ashx?DocumentId=15417,https://pub-newwestcity.escribemeetings.com/Players/ISIStandAlonePlayer.aspx?Id=bcf46276-23b3-4cb7-863b-857a4d3aed41,https://councilrecord.ca/newwest.html#vote/a6zzjj,
2023-06-12,Council Meeting,,Housing Needs Report Update: 2021 & 2022,Other,Carried,7,0,0,,,In favour,In favour,In favour,In favour,In favour,In favour,In favour,Housing & density,,The minutes do not give separate motion text at this point; see the linked minutes.,,https://pub-newwestcity.escribemeetings.com/FileStream.ashx?DocumentId=15417,https://pub-newwestcity.escribemeetings.com/Players/ISIStandAlonePlayer.aspx?Id=bcf46276-23b3-4cb7-863b-857a4d3aed41,https://councilrecord.ca/newwest.html#vote/s3uyah,
2023-06-12,Council Meeting,,Parks and Recreation 2024 Fees and Charges Bylaw Process,Other,Carried,7,0,0,,,In favour,In favour,In favour,In favour,In favour,In favour,In favour,Taxes & spending; Parks & recreation,,The minutes do not give separate motion text at this point; see the linked minutes.,,https://pub-newwestcity.escribemeetings.com/FileStream.ashx?DocumentId=15417,https://pub-newwestcity.escribemeetings.com/Players/ISIStandAlonePlayer.aspx?Id=bcf46276-23b3-4cb7-863b-857a4d3aed41,https://councilrecord.ca/newwest.html#vote/1bqs5a2,
2023-06-12,Council Meeting,,Potential process for updating the City’s corporate logo,Other,Carried,5,2,0,,,In favour,In favour,Against,In favour,In favour,Against,In favour,Governance & elections,,The minutes do not give separate motion text at this point; see the linked minutes.,,https://pub-newwestcity.escribemeetings.com/FileStream.ashx?DocumentId=15417,https://pub-newwestcity.escribemeetings.com/Players/ISIStandAlonePlayer.aspx?Id=bcf46276-23b3-4cb7-863b-857a4d3aed41,https://councilrecord.ca/newwest.html#vote/ysrfx6,
2023-06-12,Council Meeting,,Rezoning and Development Permit (145 to 209 East Columbia Street),Other,Carried,7,0,0,,,In favour,In favour,In favour,In favour,In favour,In favour,In favour,Development; Transportation; Business & economy,,The minutes do not give separate motion text at this point; see the linked minutes.,,https://pub-newwestcity.escribemeetings.com/FileStream.ashx?DocumentId=15417,https://pub-newwestcity.escribemeetings.com/Players/ISIStandAlonePlayer.aspx?Id=bcf46276-23b3-4cb7-863b-857a4d3aed41,https://councilrecord.ca/newwest.html#vote/ajjh7g,
2023-06-12,Council Meeting,,Rezoning Application for Duplex: 926 First St – Preliminary Report,Other,Carried,7,0,0,,,In favour,In favour,In favour,In favour,In favour,In favour,In favour,Housing & density; Development,,The minutes do not give separate motion text at this point; see the linked minutes.,,https://pub-newwestcity.escribemeetings.com/FileStream.ashx?DocumentId=15417,https://pub-newwestcity.escribemeetings.com/Players/ISIStandAlonePlayer.aspx?Id=bcf46276-23b3-4cb7-863b-857a4d3aed41,https://councilrecord.ca/newwest.html#vote/nep3pu,
2023-06-12,Council Meeting,,Public Hearings not held,Other,Carried,7,0,0,,,In favour,In favour,In favour,In favour,In favour,In favour,In favour,Development,1 of 3,The minutes do not give separate motion text at this point; see the linked minutes.,,https://pub-newwestcity.escribemeetings.com/FileStream.ashx?DocumentId=15417,https://pub-newwestcity.escribemeetings.com/Players/ISIStandAlonePlayer.aspx?Id=bcf46276-23b3-4cb7-863b-857a4d3aed41,https://councilrecord.ca/newwest.html#vote/1xgznc7,
2023-06-12,Council Meeting,,Public Hearings not held,Other,Carried,7,0,0,,,In favour,In favour,In favour,In favour,In favour,In favour,In favour,Development,2 of 3,The minutes do not give separate motion text at this point; see the linked minutes.,,https://pub-newwestcity.escribemeetings.com/FileStream.ashx?DocumentId=15417,https://pub-newwestcity.escribemeetings.com/Players/ISIStandAlonePlayer.aspx?Id=bcf46276-23b3-4cb7-863b-857a4d3aed41,https://councilrecord.ca/newwest.html#vote/1xgznc7-2,
2023-06-12,Council Meeting,,Public Hearings not held,Other,Carried,7,0,0,,,In favour,In favour,In favour,In favour,In favour,In favour,In favour,Development,3 of 3,The minutes do not give separate motion text at this point; see the linked minutes.,,https://pub-newwestcity.escribemeetings.com/FileStream.ashx?DocumentId=15417,https://pub-newwestcity.escribemeetings.com/Players/ISIStandAlonePlayer.aspx?Id=bcf46276-23b3-4cb7-863b-857a4d3aed41,https://councilrecord.ca/newwest.html#vote/1xgznc7-3,
2023-06-12,Council Meeting,,"Main motion, as amended (see minutes for text)",Other,Carried,7,0,0,,,In favour,In favour,In favour,In favour,In favour,In favour,In favour,Other,4 of 7,The minutes do not give separate motion text at this point; see the linked minutes.,,https://pub-newwestcity.escribemeetings.com/FileStream.ashx?DocumentId=15417,https://pub-newwestcity.escribemeetings.com/Players/ISIStandAlonePlayer.aspx?Id=bcf46276-23b3-4cb7-863b-857a4d3aed41,https://councilrecord.ca/newwest.html#vote/xcku9m-3,
2023-06-12,Council Meeting,,"Main motion, as amended (see minutes for text)",Other,Carried,7,0,0,,,In favour,In favour,In favour,In favour,In favour,In favour,In favour,Other,5 of 7,The minutes do not give separate motion text at this point; see the linked minutes.,,https://pub-newwestcity.escribemeetings.com/FileStream.ashx?DocumentId=15417,https://pub-newwestcity.escribemeetings.com/Players/ISIStandAlonePlayer.aspx?Id=bcf46276-23b3-4cb7-863b-857a4d3aed41,https://councilrecord.ca/newwest.html#vote/xcku9m-4,
2023-06-12,Council Meeting,,"Main motion, as amended (see minutes for text)",Other,Carried,7,0,0,,,In favour,In favour,In favour,In favour,In favour,In favour,In favour,Other,6 of 7,The minutes do not give separate motion text at this point; see the linked minutes.,,https://pub-newwestcity.escribemeetings.com/FileStream.ashx?DocumentId=15417,https://pub-newwestcity.escribemeetings.com/Players/ISIStandAlonePlayer.aspx?Id=bcf46276-23b3-4cb7-863b-857a4d3aed41,https://councilrecord.ca/newwest.html#vote/xcku9m-5,
2023-06-12,Council Meeting,,Subdivision and Development Control Amendment Bylaw No.,Other,Carried,7,0,0,,,In favour,In favour,In favour,In favour,In favour,In favour,In favour,Development,1 of 3,The minutes do not give separate motion text at this point; see the linked minutes.,,https://pub-newwestcity.escribemeetings.com/FileStream.ashx?DocumentId=15417,https://pub-newwestcity.escribemeetings.com/Players/ISIStandAlonePlayer.aspx?Id=bcf46276-23b3-4cb7-863b-857a4d3aed41,https://councilrecord.ca/newwest.html#vote/16lpy1p,
2023-06-12,Council Meeting,,Subdivision and Development Control Amendment Bylaw No.,Other,Carried,7,0,0,,,In favour,In favour,In favour,In favour,In favour,In favour,In favour,Development,2 of 3,The minutes do not give separate motion text at this point; see the linked minutes.,,https://pub-newwestcity.escribemeetings.com/FileStream.ashx?DocumentId=15417,https://pub-newwestcity.escribemeetings.com/Players/ISIStandAlonePlayer.aspx?Id=bcf46276-23b3-4cb7-863b-857a4d3aed41,https://councilrecord.ca/newwest.html#vote/16lpy1p-2,
2023-06-12,Council Meeting,,Subdivision and Development Control Amendment Bylaw No.,Other,Carried,7,0,0,,,In favour,In favour,In favour,In favour,In favour,In favour,In favour,Development,3 of 3,The minutes do not give separate motion text at this point; see the linked minutes.,,https://pub-newwestcity.escribemeetings.com/FileStream.ashx?DocumentId=15417,https://pub-newwestcity.escribemeetings.com/Players/ISIStandAlonePlayer.aspx?Id=bcf46276-23b3-4cb7-863b-857a4d3aed41,https://councilrecord.ca/newwest.html#vote/16lpy1p-3,
2023-06-12,Council Meeting,,"Main motion, as amended (see minutes for text)",Other,Carried,7,0,0,,,In favour,In favour,In favour,In favour,In favour,In favour,In favour,Other,7 of 7,The minutes do not give separate motion text at this point; see the linked minutes.,,https://pub-newwestcity.escribemeetings.com/FileStream.ashx?DocumentId=15417,https://pub-newwestcity.escribemeetings.com/Players/ISIStandAlonePlayer.aspx?Id=bcf46276-23b3-4cb7-863b-857a4d3aed41,https://councilrecord.ca/newwest.html#vote/xcku9m-6,
2023-06-12,Council Meeting,,Enhancing Livability in New Westminster,Other,Carried,7,0,0,,,In favour,In favour,In favour,In favour,In favour,In favour,In favour,Other,,The minutes do not give separate motion text at this point; see the linked minutes.,,https://pub-newwestcity.escribemeetings.com/FileStream.ashx?DocumentId=15417,https://pub-newwestcity.escribemeetings.com/Players/ISIStandAlonePlayer.aspx?Id=bcf46276-23b3-4cb7-863b-857a4d3aed41,https://councilrecord.ca/newwest.html#vote/ab1m92,
2023-06-12,Council Meeting,,"The Right Person, the Right Time, the Right Place Report",Other,Carried,5,1,1,,,In favour,In favour,Absent,In favour,In favour,Against,In favour,Other,,The minutes do not give separate motion text at this point; see the linked minutes.,,https://pub-newwestcity.escribemeetings.com/FileStream.ashx?DocumentId=15417,https://pub-newwestcity.escribemeetings.com/Players/ISIStandAlonePlayer.aspx?Id=bcf46276-23b3-4cb7-863b-857a4d3aed41,https://councilrecord.ca/newwest.html#vote/1lzfkjv,
2023-06-12,Council Meeting,,New Westminster: a 15-minute City,Other,Defeated,3,4,0,,,Against,Against,In favour,Against,In favour,In favour,Against,Other,1 of 2,The minutes do not give separate motion text at this point; see the linked minutes.,,https://pub-newwestcity.escribemeetings.com/FileStream.ashx?DocumentId=15417,https://pub-newwestcity.escribemeetings.com/Players/ISIStandAlonePlayer.aspx?Id=bcf46276-23b3-4cb7-863b-857a4d3aed41,https://councilrecord.ca/newwest.html#vote/18v0jtx,
2023-06-12,Council Meeting,,New Westminster: a 15-minute City,Main motion,Carried,5,2,0,,,In favour,In favour,Against,In favour,In favour,Against,In favour,Transportation; Environment & climate; Public services,2 of 2,,,https://pub-newwestcity.escribemeetings.com/FileStream.ashx?DocumentId=15417,https://pub-newwestcity.escribemeetings.com/Players/ISIStandAlonePlayer.aspx?Id=bcf46276-23b3-4cb7-863b-857a4d3aed41,https://councilrecord.ca/newwest.html#vote/1elez2l,"WHEREAS the City of New Westminster declared a climate emergency with an accompanying plan of 7 Bold Steps, and is committed to a just energy transition to greener infrastructure; WHEREAS walking and biking stimulate and improve health, both mental and physical, and the City of New Westminster has seen a recent uprise of mental health issues; and WHEREAS the City of New Westminster is already committed to creating a safe and comprehensive network of bike paths in order to give people more options in addition to personal vehicles and transit and is committed to a more connected way of life, as demonstrated by their environmentally friendly plans and recently introduced Strategic Plan 2023-2026. THEREFORE, BE IT RESOLVED That the City of New Westminster endorse the concept of becoming a 15-minute city and create a plan to implement the plan by 2030."
2023-06-12,Council Meeting,,Implementation of a temporary Low-Income Energy Assistance,Other,Carried,7,0,0,,,In favour,In favour,In favour,In favour,In favour,In favour,In favour,Environment & climate,1 of 2,The minutes do not give separate motion text at this point; see the linked minutes.,,https://pub-newwestcity.escribemeetings.com/FileStream.ashx?DocumentId=15417,https://pub-newwestcity.escribemeetings.com/Players/ISIStandAlonePlayer.aspx?Id=bcf46276-23b3-4cb7-863b-857a4d3aed41,https://councilrecord.ca/newwest.html#vote/171d8d6,
2023-06-12,Council Meeting,,Implementation of a temporary Low-Income Energy Assistance,Other,Carried,5,2,0,,,In favour,In favour,Against,In favour,In favour,Against,In favour,Environment & climate,2 of 2,The minutes do not give separate motion text at this point; see the linked minutes.,,https://pub-newwestcity.escribemeetings.com/FileStream.ashx?DocumentId=15417,https://pub-newwestcity.escribemeetings.com/Players/ISIStandAlonePlayer.aspx?Id=bcf46276-23b3-4cb7-863b-857a4d3aed41,https://councilrecord.ca/newwest.html#vote/sfrbkd,
2023-06-12,Council Meeting,,Invitation to E-Comm 2023 Annual General Meeting,Other,Carried,7,0,0,,,In favour,In favour,In favour,In favour,In favour,In favour,In favour,Public services,,The minutes do not give separate motion text at this point; see the linked minutes.,,https://pub-newwestcity.escribemeetings.com/FileStream.ashx?DocumentId=15417,https://pub-newwestcity.escribemeetings.com/Players/ISIStandAlonePlayer.aspx?Id=bcf46276-23b3-4cb7-863b-857a4d3aed41,https://councilrecord.ca/newwest.html#vote/v1nmmo,
2023-06-26,Council Meeting,,Council consideration of the 2022 Annual Report,Main motion,Carried,7,0,0,,,In favour,In favour,In favour,In favour,In favour,In favour,In favour,Other,,,,https://pub-newwestcity.escribemeetings.com/FileStream.ashx?DocumentId=16124,https://pub-newwestcity.escribemeetings.com/Players/ISIStandAlonePlayer.aspx?Id=8d029fae-662a-4747-89df-9fbe54305961,https://councilrecord.ca/newwest.html#vote/1u9woub,THAT Council receive the 2022 Annual Report as presented.
2023-06-26,Council Meeting,,That Council Direct Staff To Bring Back A Code Of Conduct As,Other,Carried,7,0,0,,,In favour,In favour,In favour,In favour,In favour,In favour,In favour,Governance & elections,,The minutes do not give separate motion text at this point; see the linked minutes.,,https://pub-newwestcity.escribemeetings.com/FileStream.ashx?DocumentId=16124,https://pub-newwestcity.escribemeetings.com/Players/ISIStandAlonePlayer.aspx?Id=8d029fae-662a-4747-89df-9fbe54305961,https://councilrecord.ca/newwest.html#vote/zr30vs,
2023-06-26,Council Meeting,,That Council Amend Section 1 Of The 422 Sixth Street,Other,Defeated,3,4,0,,,Against,Against,In favour,Against,In favour,In favour,Against,Transportation,,The minutes do not give separate motion text at this point; see the linked minutes.,,https://pub-newwestcity.escribemeetings.com/FileStream.ashx?DocumentId=16124,https://pub-newwestcity.escribemeetings.com/Players/ISIStandAlonePlayer.aspx?Id=8d029fae-662a-4747-89df-9fbe54305961,https://councilrecord.ca/newwest.html#vote/k0jnmo,
2023-06-26,Council Meeting,,That Council Amend Section 9.B. Of The 422 Sixth Street,Other,Defeated,3,4,0,,,Against,Against,In favour,Against,In favour,In favour,Against,Transportation,,The minutes do not give separate motion text at this point; see the linked minutes.,,https://pub-newwestcity.escribemeetings.com/FileStream.ashx?DocumentId=16124,https://pub-newwestcity.escribemeetings.com/Players/ISIStandAlonePlayer.aspx?Id=8d029fae-662a-4747-89df-9fbe54305961,https://councilrecord.ca/newwest.html#vote/1qoypuc,
2023-06-26,Council Meeting,,That Council Add A Section 13 Of The 422 Sixth Street,Other,Defeated,3,4,0,,,Against,Against,In favour,Against,In favour,In favour,Against,Transportation,1 of 2,The minutes do not give separate motion text at this point; see the linked minutes.,,https://pub-newwestcity.escribemeetings.com/FileStream.ashx?DocumentId=16124,https://pub-newwestcity.escribemeetings.com/Players/ISIStandAlonePlayer.aspx?Id=8d029fae-662a-4747-89df-9fbe54305961,https://councilrecord.ca/newwest.html#vote/6v3oyc,
2023-06-26,Council Meeting,,That Council Amend Section 3 Of The 422 Sixth Street,Other,Defeated,3,4,0,,,Against,Against,In favour,Against,In favour,In favour,Against,Transportation,,The minutes do not give separate motion text at this point; see the linked minutes.,,https://pub-newwestcity.escribemeetings.com/FileStream.ashx?DocumentId=16124,https://pub-newwestcity.escribemeetings.com/Players/ISIStandAlonePlayer.aspx?Id=8d029fae-662a-4747-89df-9fbe54305961,https://councilrecord.ca/newwest.html#vote/1ixytna,
2023-06-26,Council Meeting,,That Council Amend Section 7 Of The 422 Sixth Street,Other,Defeated,3,4,0,,,Against,Against,In favour,Against,In favour,In favour,Against,Transportation,,The minutes do not give separate motion text at this point; see the linked minutes.,,https://pub-newwestcity.escribemeetings.com/FileStream.ashx?DocumentId=16124,https://pub-newwestcity.escribemeetings.com/Players/ISIStandAlonePlayer.aspx?Id=8d029fae-662a-4747-89df-9fbe54305961,https://councilrecord.ca/newwest.html#vote/cbv3v,
2023-06-26,Council Meeting,,That Council Amend Section 10 Of The 422 Sixth Street,Amendment,Carried,5,2,0,,,In favour,In favour,Against,In favour,In favour,Against,In favour,Transportation,1 of 2,The minutes do not give separate motion text at this point; see the linked minutes.,,https://pub-newwestcity.escribemeetings.com/FileStream.ashx?DocumentId=16124,https://pub-newwestcity.escribemeetings.com/Players/ISIStandAlonePlayer.aspx?Id=8d029fae-662a-4747-89df-9fbe54305961,https://councilrecord.ca/newwest.html#vote/5o3vsz,
2023-06-26,Council Meeting,,That Council Amend Section 10 Of The 422 Sixth Street,Other,Carried,5,2,0,,,In favour,In favour,Against,In favour,In favour,Against,In favour,Transportation,2 of 2,The minutes do not give separate motion text at this point; see the linked minutes.,,https://pub-newwestcity.escribemeetings.com/FileStream.ashx?DocumentId=16124,https://pub-newwestcity.escribemeetings.com/Players/ISIStandAlonePlayer.aspx?Id=8d029fae-662a-4747-89df-9fbe54305961,https://councilrecord.ca/newwest.html#vote/5o3vsz-2,
2023-06-26,Council Meeting,,That Council Add A Section 13 Of The 422 Sixth Street,Other,Defeated,2,5,0,,,Against,Against,In favour,Against,Against,In favour,Against,Transportation,2 of 2,The minutes do not give separate motion text at this point; see the linked minutes.,,https://pub-newwestcity.escribemeetings.com/FileStream.ashx?DocumentId=16124,https://pub-newwestcity.escribemeetings.com/Players/ISIStandAlonePlayer.aspx?Id=8d029fae-662a-4747-89df-9fbe54305961,https://councilrecord.ca/newwest.html#vote/8b6v81,
2023-06-26,Council Meeting,,Response to Council Motion Re: Removal and replacement of dead,Main motion,Defeated,3,4,0,,,Against,Against,In favour,Against,In favour,In favour,Against,Taxes & spending; Environment & climate,1 of 2,,,https://pub-newwestcity.escribemeetings.com/FileStream.ashx?DocumentId=16124,https://pub-newwestcity.escribemeetings.com/Players/ISIStandAlonePlayer.aspx?Id=8d029fae-662a-4747-89df-9fbe54305961,https://councilrecord.ca/newwest.html#vote/3v3xle,"THAT Council direct staff to bring forward a funding proposal for consideration as part of the 2024 budget deliberations to achieve Council’s March 27, 2023 stated tree removal and replacement objectives as outlined in this report."
2023-06-26,Council Meeting,,Response to Council Motion Re: Removal and replacement of dead,Main motion,Carried,5,2,0,,,In favour,In favour,Against,In favour,In favour,Against,In favour,Taxes & spending; Environment & climate,2 of 2,,,https://pub-newwestcity.escribemeetings.com/FileStream.ashx?DocumentId=16124,https://pub-newwestcity.escribemeetings.com/Players/ISIStandAlonePlayer.aspx?Id=8d029fae-662a-4747-89df-9fbe54305961,https://councilrecord.ca/newwest.html#vote/13p8qrs,"THAT Council adopt Alternative Approach “B” to bring forward a funding proposal for consideration as part of the 2024 budget deliberations to complete a tree inventory in 2024, and implement the installation of replacement trees in an accelerated, but phased approach, over a number of years."
2023-06-26,Council Meeting,,Zoning Amendment Bylaw (114 and 118 Sprice Street) No.,Main motion,Carried,7,0,0,,,In favour,In favour,In favour,In favour,In favour,In favour,In favour,Development; Transportation,1 of 3,,,https://pub-newwestcity.escribemeetings.com/FileStream.ashx?DocumentId=16124,https://pub-newwestcity.escribemeetings.com/Players/ISIStandAlonePlayer.aspx?Id=8d029fae-662a-4747-89df-9fbe54305961,https://councilrecord.ca/newwest.html#vote/qa4lt,"THAT Council give Zoning Amendment Bylaw (114 and 118 Sprice Street) No. 8387, 2023 first reading."
2023-06-26,Council Meeting,,Zoning Amendment Bylaw (114 and 118 Sprice Street) No.,Main motion,Carried,7,0,0,,,In favour,In favour,In favour,In favour,In favour,In favour,In favour,Development; Transportation,2 of 3,,,https://pub-newwestcity.escribemeetings.com/FileStream.ashx?DocumentId=16124,https://pub-newwestcity.escribemeetings.com/Players/ISIStandAlonePlayer.aspx?Id=8d029fae-662a-4747-89df-9fbe54305961,https://councilrecord.ca/newwest.html#vote/6ilq2f,"THAT Council give Zoning Amendment Bylaw (114 and 118 Sprice Street) No. 8387, 2023 second reading."
2023-06-26,Council Meeting,,Zoning Amendment Bylaw (114 and 118 Sprice Street) No.,Main motion,Carried,7,0,0,,,In favour,In favour,In favour,In favour,In favour,In favour,In favour,Development; Transportation,3 of 3,,,https://pub-newwestcity.escribemeetings.com/FileStream.ashx?DocumentId=16124,https://pub-newwestcity.escribemeetings.com/Players/ISIStandAlonePlayer.aspx?Id=8d029fae-662a-4747-89df-9fbe54305961,https://councilrecord.ca/newwest.html#vote/1fgqta9,"THAT Council give Zoning Amendment Bylaw (114 and 118 Sprice Street) No. 8387, 2023 third reading."
2023-06-26,Council Meeting,,"Zoning Amendment Bylaw (422 Sixth Street) No. 8398, 2023",Main motion,Carried,7,0,0,,,In favour,In favour,In favour,In favour,In favour,In favour,In favour,Development; Transportation,1 of 3,,,https://pub-newwestcity.escribemeetings.com/FileStream.ashx?DocumentId=16124,https://pub-newwestcity.escribemeetings.com/Players/ISIStandAlonePlayer.aspx?Id=8d029fae-662a-4747-89df-9fbe54305961,https://councilrecord.ca/newwest.html#vote/16ontvu,"THAT Council give Zoning Amendment Bylaw (422 Sixth Street) No. 8398, 2023 first reading."
2023-06-26,Council Meeting,,"Zoning Amendment Bylaw (422 Sixth Street) No. 8398, 2023",Main motion,Carried,7,0,0,,,In favour,In favour,In favour,In favour,In favour,In favour,In favour,Development; Transportation,2 of 3,,,https://pub-newwestcity.escribemeetings.com/FileStream.ashx?DocumentId=16124,https://pub-newwestcity.escribemeetings.com/Players/ISIStandAlonePlayer.aspx?Id=8d029fae-662a-4747-89df-9fbe54305961,https://councilrecord.ca/newwest.html#vote/1wxukz,"THAT Council give Zoning Amendment Bylaw (422 Sixth Street) No. 8398, 2023 second reading."
2023-06-26,Council Meeting,,"Zoning Amendment Bylaw (422 Sixth Street) No. 8398, 2023",Main motion,Carried,7,0,0,,,In favour,In favour,In favour,In favour,In favour,In favour,In favour,Development; Transportation,3 of 3,,,https://pub-newwestcity.escribemeetings.com/FileStream.ashx?DocumentId=16124,https://pub-newwestcity.escribemeetings.com/Players/ISIStandAlonePlayer.aspx?Id=8d029fae-662a-4747-89df-9fbe54305961,https://councilrecord.ca/newwest.html#vote/9g3zfe,"THAT Council give Zoning Amendment Bylaw (422 Sixth Street) No. 8398, 2023 third reading."
2023-06-26,Council Meeting,,Zoning Amendment Bylaw (1032 and 1036 St. Andrews Street),Main motion,Carried,7,0,0,,,In favour,In favour,In favour,In favour,In favour,In favour,In favour,Development; Transportation,1 of 3,,,https://pub-newwestcity.escribemeetings.com/FileStream.ashx?DocumentId=16124,https://pub-newwestcity.escribemeetings.com/Players/ISIStandAlonePlayer.aspx?Id=8d029fae-662a-4747-89df-9fbe54305961,https://councilrecord.ca/newwest.html#vote/t243mk,"THAT Council give Zoning Amendment Bylaw (1032 and 1036 St. Andrews Street) No. 8402, 2023 first reading."
2023-06-26,Council Meeting,,Zoning Amendment Bylaw (1032 and 1036 St. Andrews Street),Main motion,Carried,7,0,0,,,In favour,In favour,In favour,In favour,In favour,In favour,In favour,Development; Transportation,2 of 3,,,https://pub-newwestcity.escribemeetings.com/FileStream.ashx?DocumentId=16124,https://pub-newwestcity.escribemeetings.com/Players/ISIStandAlonePlayer.aspx?Id=8d029fae-662a-4747-89df-9fbe54305961,https://councilrecord.ca/newwest.html#vote/10nqbxg,"THAT Council give Zoning Amendment Bylaw (1032 and 1036 St. Andrews Street) No. 8402, 2023 second reading."
2023-06-26,Council Meeting,,Zoning Amendment Bylaw (1032 and 1036 St. Andrews Street),Main motion,Carried,7,0,0,,,In favour,In favour,In favour,In favour,In favour,In favour,In favour,Development; Transportation,3 of 3,,,https://pub-newwestcity.escribemeetings.com/FileStream.ashx?DocumentId=16124,https://pub-newwestcity.escribemeetings.com/Players/ISIStandAlonePlayer.aspx?Id=8d029fae-662a-4747-89df-9fbe54305961,https://councilrecord.ca/newwest.html#vote/1mne158,"THAT Council give Zoning Amendment Bylaw (1032 and 1036 St. Andrews Street) No. 8402, 2023 third reading."
2023-06-26,Council Meeting,,"Council Code of Conduct Bylaw No. 8408, 2023",Main motion,Carried,7,0,0,,,In favour,In favour,In favour,In favour,In favour,In favour,In favour,Development; Governance & elections,,,,https://pub-newwestcity.escribemeetings.com/FileStream.ashx?DocumentId=16124,https://pub-newwestcity.escribemeetings.com/Players/ISIStandAlonePlayer.aspx?Id=8d029fae-662a-4747-89df-9fbe54305961,https://councilrecord.ca/newwest.html#vote/1drn203,"THAT Council give Council Code of Conduct Bylaw No. 8408, 2023 first reading."
2023-06-26,Council Meeting,,"Council adopt New Westminster Pesticide Use Amendment Bylaw No. 8403, 2023",Main motion,Carried,7,0,0,,,In favour,In favour,In favour,In favour,In favour,In favour,In favour,Development; Environment & climate,,,,https://pub-newwestcity.escribemeetings.com/FileStream.ashx?DocumentId=16124,https://pub-newwestcity.escribemeetings.com/Players/ISIStandAlonePlayer.aspx?Id=8d029fae-662a-4747-89df-9fbe54305961,https://councilrecord.ca/newwest.html#vote/qf1qp2,"THAT Council adopt New Westminster Pesticide Use Amendment Bylaw No. 8403, 2023."
2023-06-26,Council Meeting,,Subdivision and Development Control Amendment Bylaw No.,Main motion,Carried,7,0,0,,,In favour,In favour,In favour,In favour,In favour,In favour,In favour,Development,,,,https://pub-newwestcity.escribemeetings.com/FileStream.ashx?DocumentId=16124,https://pub-newwestcity.escribemeetings.com/Players/ISIStandAlonePlayer.aspx?Id=8d029fae-662a-4747-89df-9fbe54305961,https://councilrecord.ca/newwest.html#vote/12oiu4v,"THAT Council adopt Subdivision and Development Control Amendment Bylaw No. 8369, 2023."
2023-06-26,Council Meeting,,City Staff’s Heat Plan Response to Extreme Heat in New,Other,Carried,5,2,0,,,In favour,In favour,Against,In favour,In favour,Against,In favour,Environment & climate,,The minutes do not give separate motion text at this point; see the linked minutes.,,https://pub-newwestcity.escribemeetings.com/FileStream.ashx?DocumentId=16124,https://pub-newwestcity.escribemeetings.com/Players/ISIStandAlonePlayer.aspx?Id=8d029fae-662a-4747-89df-9fbe54305961,https://councilrecord.ca/newwest.html#vote/1ppsyz4,
2023-06-30,Special Council Meeting,,"Zoning Amendment Bylaw (422 Sixth Street) No. 8398, 2023",Main motion,Carried,4,0,3,,,In favour,In favour,Absent,Absent,In favour,Absent,In favour,Development; Transportation,,,,https://pub-newwestcity.escribemeetings.com/FileStream.ashx?DocumentId=17236,,https://councilrecord.ca/newwest.html#vote/n6ryca,"THAT Council adopt Zoning Amendment Bylaw (422 Sixth Street) No. 8398, 2023."
2023-07-10,Council Meeting,,"Development Variance Permit DVP00696 for 300 Duncan Street, 313",Main motion,Carried,6,0,1,,,In favour,In favour,In favour,In favour,Absent,In favour,In favour,Development; Transportation,,,,https://pub-newwestcity.escribemeetings.com/FileStream.ashx?DocumentId=16127,https://pub-newwestcity.escribemeetings.com/Players/ISIStandAlonePlayer.aspx?Id=6ac29ab6-2ea7-48b1-8578-993981c0afe5,https://councilrecord.ca/newwest.html#vote/1khneih,THAT Council approve issuance of Development Variance Permit DVP00696.
2023-07-10,Council Meeting,,City Staff’s Heat Plan Response to Extreme Heat in New,Main motion,Carried,6,0,1,,,In favour,In favour,In favour,In favour,Absent,In favour,In favour,Taxes & spending; Environment & climate; Public services,,,,https://pub-newwestcity.escribemeetings.com/FileStream.ashx?DocumentId=16127,https://pub-newwestcity.escribemeetings.com/Players/ISIStandAlonePlayer.aspx?Id=6ac29ab6-2ea7-48b1-8578-993981c0afe5,https://councilrecord.ca/newwest.html#vote/1yvnek7,"THAT Council approve the accelerated Heat Plan response work plan and the $268,000 one-time budget increase to be funded from the Climate levy, collected from electric utility bills, in the Climate Action Reserve Fund; and THAT Council direct staff to implement Scenario 3 – Align the City’s accelerated heat response work plan with BC Hydro’s program."
2023-07-10,Council Meeting,,Construction Noise Bylaw Exemption: 651 Carnarvon Street,Main motion,Carried,5,0,2,,,In favour,In favour,In favour,In favour,Absent,Absent,In favour,Development; Taxes & spending; Transportation; Neighbourhood character,,,,https://pub-newwestcity.escribemeetings.com/FileStream.ashx?DocumentId=16127,https://pub-newwestcity.escribemeetings.com/Players/ISIStandAlonePlayer.aspx?Id=6ac29ab6-2ea7-48b1-8578-993981c0afe5,https://councilrecord.ca/newwest.html#vote/ubru70,"THAT Council grant a noise exemption from Construction Noise Bylaw No. 6063, 1992, to Signia Construction Ltd. from 8:00 p.m. to 11:00 p.m., Monday through Friday, excluding Saturday nights and Statutory Holidays, but including alternating Sundays from 9:00 a.m. to 6:00 p.m., for the purposes of re-roofing and adding insulation and cladding to the exterior of the Provincial Courthouse at 651 Carnarvon Street from August 1, 2023, to January 31, 2024."
2023-07-10,Council Meeting,,Construction Noise Bylaw Exemption: 660 Quayside Drive (Bosa,Main motion,Carried,6,0,1,,,In favour,In favour,In favour,In favour,Absent,In favour,In favour,Development; Taxes & spending; Neighbourhood character,,,,https://pub-newwestcity.escribemeetings.com/FileStream.ashx?DocumentId=16127,https://pub-newwestcity.escribemeetings.com/Players/ISIStandAlonePlayer.aspx?Id=6ac29ab6-2ea7-48b1-8578-993981c0afe5,https://councilrecord.ca/newwest.html#vote/479k87,"THAT Council grant a noise exemption from Construction Noise Bylaw No. 6063, 1992, to Bosa Development for construction-related activity at 660 Quayside Drive occurring on Saturday July 15th, 2023, between 7:00 a.m. to 9:00 a.m."
2023-07-10,Council Meeting,,Heritage Revitalization Agreement: 203 Pembina Street – Preliminary,Main motion,Carried,6,0,1,,,In favour,In favour,In favour,In favour,Absent,In favour,In favour,Housing & density; Development; Transportation; Neighbourhood character,,,,https://pub-newwestcity.escribemeetings.com/FileStream.ashx?DocumentId=16127,https://pub-newwestcity.escribemeetings.com/Players/ISIStandAlonePlayer.aspx?Id=6ac29ab6-2ea7-48b1-8578-993981c0afe5,https://councilrecord.ca/newwest.html#vote/z1wzhq,"THAT Council direct staff to work with the applicant to prepare a plan of development for the subject property at 203 Pembina Street suitable for consideration of First and Second Readings, as outlined in the “Application Review Process” section of this report."
2023-07-10,Council Meeting,,New Westminster School District’s 2023-2024 Eligible School Sites,Other,Carried,6,0,1,,,In favour,In favour,In favour,In favour,Absent,In favour,In favour,Other,,The minutes do not give separate motion text at this point; see the linked minutes.,,https://pub-newwestcity.escribemeetings.com/FileStream.ashx?DocumentId=16127,https://pub-newwestcity.escribemeetings.com/Players/ISIStandAlonePlayer.aspx?Id=6ac29ab6-2ea7-48b1-8578-993981c0afe5,https://councilrecord.ca/newwest.html#vote/18zhsbw,
2023-07-10,Council Meeting,,Parks and Recreation 2024 Fees and Charges Bylaw Amendment,Main motion,Carried,6,0,1,,,In favour,In favour,In favour,In favour,Absent,In favour,In favour,Development; Taxes & spending; Parks & recreation,,,,https://pub-newwestcity.escribemeetings.com/FileStream.ashx?DocumentId=16127,https://pub-newwestcity.escribemeetings.com/Players/ISIStandAlonePlayer.aspx?Id=6ac29ab6-2ea7-48b1-8578-993981c0afe5,https://councilrecord.ca/newwest.html#vote/1rf8sle,"THAT Council consider first, second and third readings to Parks and Recreation Fees Amendment Bylaw, No. 8405, 2023, a bylaw to amend the Parks and Recreation Fees Bylaw No. 6673, 2001."
2023-07-10,Council Meeting,,Proposed timeline to advance requirements of the Energy Step Code,Main motion,Carried,6,0,1,,,In favour,In favour,In favour,In favour,Absent,In favour,In favour,Environment & climate,,,,https://pub-newwestcity.escribemeetings.com/FileStream.ashx?DocumentId=16127,https://pub-newwestcity.escribemeetings.com/Players/ISIStandAlonePlayer.aspx?Id=6ac29ab6-2ea7-48b1-8578-993981c0afe5,https://councilrecord.ca/newwest.html#vote/cgqec7,"THAT Council direct staff bring forward for Council’s consideration a bylaw amending Building Bylaw No 8125, 2019 to implement a two-option framework for Part 9 Buildings, requiring Step 5 of the Energy Step Code or Step 4 with Emissions Level 4 (Zero Carbon Ready) of the Zero Carbon Step Code, beginning January 1, 2024; THAT Council direct staff to require a Measure Only Carbon Performance for Part 3 Buildings beginning January 1, 2024; THAT Council direct staff to engage with interested parties to secure feedback on the supports needed to implement proposed targets in 2025 and 2027 to reach the highest steps of the Energy Step Code and Zero Carbon Step Code by 2030; and THAT Council direct staff to explore policy, regulatory and/or incentive options to facilitate electric heat pumps, over electric resistive baseboards, in new construction."
2023-07-10,Council Meeting,,Retail Strategy Endorsement,Main motion,Carried,6,0,1,,,In favour,In favour,In favour,In favour,Absent,In favour,In favour,Business & economy,,,,https://pub-newwestcity.escribemeetings.com/FileStream.ashx?DocumentId=16127,https://pub-newwestcity.escribemeetings.com/Players/ISIStandAlonePlayer.aspx?Id=6ac29ab6-2ea7-48b1-8578-993981c0afe5,https://councilrecord.ca/newwest.html#vote/1d35vam,THAT Council endorse the Retail Strategy – Phase 2.
2023-07-10,Council Meeting,,Zoning Bylaw Amendment for Retail Liquor Store: 812 Twentieth,Main motion,Carried,6,0,1,,,In favour,In favour,In favour,In favour,Absent,In favour,In favour,Development; Transportation; Neighbourhood character; Business & economy,,,,https://pub-newwestcity.escribemeetings.com/FileStream.ashx?DocumentId=16127,https://pub-newwestcity.escribemeetings.com/Players/ISIStandAlonePlayer.aspx?Id=6ac29ab6-2ea7-48b1-8578-993981c0afe5,https://councilrecord.ca/newwest.html#vote/1c19hql,"THAT Council direct staff to work with the applicant to prepare a Zoning Amendment Bylaw for the subject property at 812 Twentieth Street suitable for consideration of First, Second, and Third Readings, as outlined in the “Application Review Process” section of this report."
2023-07-10,Council Meeting,,Parks and Recreation Fees and Charges Amendment Bylaw,Main motion,Carried,6,0,1,,,In favour,In favour,In favour,In favour,Absent,In favour,In favour,Development; Taxes & spending; Parks & recreation,1 of 3,,,https://pub-newwestcity.escribemeetings.com/FileStream.ashx?DocumentId=16127,https://pub-newwestcity.escribemeetings.com/Players/ISIStandAlonePlayer.aspx?Id=6ac29ab6-2ea7-48b1-8578-993981c0afe5,https://councilrecord.ca/newwest.html#vote/1e421h2,"THAT Council give Parks and Recreation Fees and Charges Amendment Bylaw No. 8405, 2023 first reading."
2023-07-10,Council Meeting,,Parks and Recreation Fees and Charges Amendment Bylaw,Main motion,Carried,6,0,1,,,In favour,In favour,In favour,In favour,Absent,In favour,In favour,Development; Taxes & spending; Parks & recreation,2 of 3,,,https://pub-newwestcity.escribemeetings.com/FileStream.ashx?DocumentId=16127,https://pub-newwestcity.escribemeetings.com/Players/ISIStandAlonePlayer.aspx?Id=6ac29ab6-2ea7-48b1-8578-993981c0afe5,https://councilrecord.ca/newwest.html#vote/5r7h16,"THAT Council give Parks and Recreation Fees and Charges Amendment Bylaw No. 8405, 2023 second reading."
2023-07-10,Council Meeting,,Parks and Recreation Fees and Charges Amendment Bylaw,Main motion,Carried,6,0,1,,,In favour,In favour,In favour,In favour,Absent,In favour,In favour,Development; Taxes & spending; Parks & recreation,3 of 3,,,https://pub-newwestcity.escribemeetings.com/FileStream.ashx?DocumentId=16127,https://pub-newwestcity.escribemeetings.com/Players/ISIStandAlonePlayer.aspx?Id=6ac29ab6-2ea7-48b1-8578-993981c0afe5,https://councilrecord.ca/newwest.html#vote/48e3ty,"THAT Council give Parks and Recreation Fees and Charges Amendment Bylaw No. 8405, 2023 third reading."
2023-07-10,Council Meeting,,Statement of Opposition to the Trans Mountain Pipeline,Main motion,Carried,4,2,1,,,In favour,In favour,Against,In favour,Absent,Against,In favour,Environment & climate,,,,https://pub-newwestcity.escribemeetings.com/FileStream.ashx?DocumentId=16127,https://pub-newwestcity.escribemeetings.com/Players/ISIStandAlonePlayer.aspx?Id=6ac29ab6-2ea7-48b1-8578-993981c0afe5,https://councilrecord.ca/newwest.html#vote/t5pfpn,"WHEREAS the City of New Westminster has endorsed the Fossil Fuel Non-Proliferation Treaty, has developed the Seven Bold Steps for Climate Action, and has previously opposed the Trans Mountain Pipeline expansion project as an intervenor; and WHEREAS the City of New Westminster has concerns about the impacts to the Fraser River stemming from the pipeline crossing near the Port Mann bridge; THEREFORE BE IT RESOLVED THAT the City of New Westminster file a Statement of Opposition to the Trans Mountain Pipeline project that is traversing the Fraser River (sta l̕əw̓ ) to the Canada Energy Regulator website."
2023-08-28,Council Meeting,,Report Back on School Zone Enforcement Hours (Information Report,Main motion,Carried,7,0,0,,,In favour,In favour,In favour,In favour,In favour,In favour,In favour,Other,,,,https://pub-newwestcity.escribemeetings.com/FileStream.ashx?DocumentId=16755,https://pub-newwestcity.escribemeetings.com/Players/ISIStandAlonePlayer.aspx?Id=8cfd6de2-6efa-47e6-b904-7ee9700a7d38,https://councilrecord.ca/newwest.html#vote/1mn0dau,THAT Council receive this report for information.
2023-08-28,Council Meeting,,Train Whistle Cessation – Q2 Update (Information Report brought,Main motion,Carried,7,0,0,,,In favour,In favour,In favour,In favour,In favour,In favour,In favour,Transportation,1 of 2,,,https://pub-newwestcity.escribemeetings.com/FileStream.ashx?DocumentId=16755,https://pub-newwestcity.escribemeetings.com/Players/ISIStandAlonePlayer.aspx?Id=8cfd6de2-6efa-47e6-b904-7ee9700a7d38,https://councilrecord.ca/newwest.html#vote/o5sya1,THAT Council receives this report for information.
2023-08-28,Council Meeting,,Train Whistle Cessation – Q2 Update (Information Report brought,Main motion,Carried,7,0,0,,,In favour,In favour,In favour,In favour,In favour,In favour,In favour,Transportation; Neighbourhood character; Governance & elections,2 of 2,,,https://pub-newwestcity.escribemeetings.com/FileStream.ashx?DocumentId=16755,https://pub-newwestcity.escribemeetings.com/Players/ISIStandAlonePlayer.aspx?Id=8cfd6de2-6efa-47e6-b904-7ee9700a7d38,https://councilrecord.ca/newwest.html#vote/l47yqc,THAT Council receive the signed Good Neighbour Agreement and Community Advisory Committee Terms of Reference for information.
2023-08-28,Council Meeting,,Response to Council Motion Re: Parks and Recreation registration,Main motion,Carried,7,0,0,,,In favour,In favour,In favour,In favour,In favour,In favour,In favour,Parks & recreation,,,,https://pub-newwestcity.escribemeetings.com/FileStream.ashx?DocumentId=16755,https://pub-newwestcity.escribemeetings.com/Players/ISIStandAlonePlayer.aspx?Id=8cfd6de2-6efa-47e6-b904-7ee9700a7d38,https://councilrecord.ca/newwest.html#vote/1a89d0i,THAT Council receive this report for information.
2023-08-28,Council Meeting,,Report: Budget 2024 Engagement Results and Next Steps,Main motion,Carried,7,0,0,,,In favour,In favour,In favour,In favour,In favour,In favour,In favour,Taxes & spending,1 of 2,,,https://pub-newwestcity.escribemeetings.com/FileStream.ashx?DocumentId=16755,https://pub-newwestcity.escribemeetings.com/Players/ISIStandAlonePlayer.aspx?Id=8cfd6de2-6efa-47e6-b904-7ee9700a7d38,https://councilrecord.ca/newwest.html#vote/q3039h,"THAT Council receive the Budget 2024 public engagement input for information and consideration during budget deliberations, and THAT Council direct staff to consider and incorporate, as much as possible, the community input as they develop the draft Capital and Operating budgets for 2024."
2023-08-28,Council Meeting,,Report: Budget 2024 Engagement Results and Next Steps,Main motion,Carried,5,2,0,,,In favour,In favour,Against,In favour,In favour,Against,In favour,Taxes & spending,2 of 2,,,https://pub-newwestcity.escribemeetings.com/FileStream.ashx?DocumentId=16755,https://pub-newwestcity.escribemeetings.com/Players/ISIStandAlonePlayer.aspx?Id=8cfd6de2-6efa-47e6-b904-7ee9700a7d38,https://councilrecord.ca/newwest.html#vote/r8dnps,THAT Council vary the agenda and move item 8.1 to be immediately after item 3.6.
2023-08-28,Council Meeting,,That City staff come forward with information about the City’s tree,Other,Carried,5,2,0,,,In favour,In favour,In favour,Against,In favour,In favour,Against,Environment & climate,,The minutes do not give separate motion text at this point; see the linked minutes.,,https://pub-newwestcity.escribemeetings.com/FileStream.ashx?DocumentId=16755,https://pub-newwestcity.escribemeetings.com/Players/ISIStandAlonePlayer.aspx?Id=8cfd6de2-6efa-47e6-b904-7ee9700a7d38,https://councilrecord.ca/newwest.html#vote/6oka1n,
2023-08-28,Council Meeting,,"Main motion, as amended (see minutes for text)",Other,Carried,7,0,0,,,In favour,In favour,In favour,In favour,In favour,In favour,In favour,Other,,The minutes do not give separate motion text at this point; see the linked minutes.,,https://pub-newwestcity.escribemeetings.com/FileStream.ashx?DocumentId=16755,https://pub-newwestcity.escribemeetings.com/Players/ISIStandAlonePlayer.aspx?Id=8cfd6de2-6efa-47e6-b904-7ee9700a7d38,https://councilrecord.ca/newwest.html#vote/1grg5kv,
2023-08-28,Council Meeting,,Council direct staff to develop regulations for cooling centres and continue advocacy…,Main motion,Carried,7,0,0,,,In favour,In favour,In favour,In favour,In favour,In favour,In favour,Governance & elections,,,,https://pub-newwestcity.escribemeetings.com/FileStream.ashx?DocumentId=16755,https://pub-newwestcity.escribemeetings.com/Players/ISIStandAlonePlayer.aspx?Id=8cfd6de2-6efa-47e6-b904-7ee9700a7d38,https://councilrecord.ca/newwest.html#vote/rmz97k,THAT Council direct staff to develop regulations for cooling centres and continue advocacy to support our vulnerable population living in multifamily residences.
2023-08-28,Council Meeting,,Accelerating Climate Action: Four Year Workplan to Meet Targets,Main motion,Carried,7,0,0,,,In favour,In favour,In favour,In favour,In favour,In favour,In favour,Environment & climate; Public services,,,,https://pub-newwestcity.escribemeetings.com/FileStream.ashx?DocumentId=16755,https://pub-newwestcity.escribemeetings.com/Players/ISIStandAlonePlayer.aspx?Id=8cfd6de2-6efa-47e6-b904-7ee9700a7d38,https://councilrecord.ca/newwest.html#vote/av57vx,"THAT Council endorse in principle, the outlined accelerated climate action workplan to meet climate emergency targets and address extreme heat, subject to approval of required resources. THAT Council direct staff to report back on resource requirements to support the proposed workplan to meet climate emergency targets and address extreme heat for consideration."
2023-08-28,Council Meeting,,Changes Announced to the Current Government of Canada Cabinet,Main motion,Carried,7,0,0,,,In favour,In favour,In favour,In favour,In favour,In favour,In favour,Governance & elections,,,,https://pub-newwestcity.escribemeetings.com/FileStream.ashx?DocumentId=16755,https://pub-newwestcity.escribemeetings.com/Players/ISIStandAlonePlayer.aspx?Id=8cfd6de2-6efa-47e6-b904-7ee9700a7d38,https://councilrecord.ca/newwest.html#vote/1gntzo7,THAT Council approve copies of the above letters be sent to the local Member of Parliament for New Westminster. Adopted on consent. Procedural Note: A motion was called to extend the meeting. THAT the August 28 Regular Council meeting continue past 10:30 p.m.
2023-08-28,Council Meeting,,City of New Westminster and New Westminster School District No.,Amendment,Carried,7,0,0,,,In favour,In favour,In favour,In favour,In favour,In favour,In favour,Public services,1 of 3,,,https://pub-newwestcity.escribemeetings.com/FileStream.ashx?DocumentId=16755,https://pub-newwestcity.escribemeetings.com/Players/ISIStandAlonePlayer.aspx?Id=8cfd6de2-6efa-47e6-b904-7ee9700a7d38,https://councilrecord.ca/newwest.html#vote/42igyx,THAT Council strike out in the Pathways section “ensures that child care workers are adequately recognized and compensated”.
2023-08-28,Council Meeting,,City of New Westminster and New Westminster School District No.,Amendment,Carried,7,0,0,,,In favour,In favour,In favour,In favour,In favour,In favour,In favour,Public services,2 of 3,,,https://pub-newwestcity.escribemeetings.com/FileStream.ashx?DocumentId=16755,https://pub-newwestcity.escribemeetings.com/Players/ISIStandAlonePlayer.aspx?Id=8cfd6de2-6efa-47e6-b904-7ee9700a7d38,https://councilrecord.ca/newwest.html#vote/kh2a2l,"THAT the draft Child Care Guiding Principles be referred back to staff with the feedback provided at tonight’s meeting, to be included in further discussions with the School District regarding the Guiding Principles."
2023-08-28,Council Meeting,,City of New Westminster and New Westminster School District No.,Referral,Carried,7,0,0,,,In favour,In favour,In favour,In favour,In favour,In favour,In favour,Public services,3 of 3,,,https://pub-newwestcity.escribemeetings.com/FileStream.ashx?DocumentId=16755,https://pub-newwestcity.escribemeetings.com/Players/ISIStandAlonePlayer.aspx?Id=8cfd6de2-6efa-47e6-b904-7ee9700a7d38,https://councilrecord.ca/newwest.html#vote/1do427f,"THAT Council endorse the City of New Westminster and School District No. 40 draft Child Care Guiding Principles, as amended to strike out “ensures that child care workers are adequately recognized and compensated” and they be referred back to staff with the feedback provided at tonight’s meeting, to be included in further discussions with the School District regarding the Guiding Principles."
2023-08-28,Council Meeting,,City of Surrey Fraser Heights Metro 2050 Amendment Application,Main motion,Carried,7,0,0,,,In favour,In favour,In favour,In favour,In favour,In favour,In favour,Development; Neighbourhood character; Business & economy; Governance & elections,,,,https://pub-newwestcity.escribemeetings.com/FileStream.ashx?DocumentId=16755,https://pub-newwestcity.escribemeetings.com/Players/ISIStandAlonePlayer.aspx?Id=8cfd6de2-6efa-47e6-b904-7ee9700a7d38,https://councilrecord.ca/newwest.html#vote/vkzk07,"THAT Council direct staff to send a letter to Metro Vancouver commenting on the City of Surrey’s application to change the regional land use designation of lands in the Fraser Heights area from Industrial to General Urban designation, specifically encouraging consideration of opportunities for housing choice by the City of Surrey."
2023-08-28,Council Meeting,,Community Advisory Assembly Draft Terms of Reference and Next,Main motion,Carried,5,2,0,,,In favour,In favour,Against,In favour,In favour,Against,In favour,Other,,,,https://pub-newwestcity.escribemeetings.com/FileStream.ashx?DocumentId=16755,https://pub-newwestcity.escribemeetings.com/Players/ISIStandAlonePlayer.aspx?Id=8cfd6de2-6efa-47e6-b904-7ee9700a7d38,https://councilrecord.ca/newwest.html#vote/31jmgf,"THAT Council endorse the draft Terms of Reference for the Community Advisory Assembly, and refer the draft to the Assembly for discussion, feedback and revisions once the group is established; and THAT Council endorse the next steps as outlined in this report."
2023-08-28,Council Meeting,,Council Strategic Plan Workshop Model,Main motion,Carried,7,0,0,,,In favour,In favour,In favour,In favour,In favour,In favour,In favour,Governance & elections,,,,https://pub-newwestcity.escribemeetings.com/FileStream.ashx?DocumentId=16755,https://pub-newwestcity.escribemeetings.com/Players/ISIStandAlonePlayer.aspx?Id=8cfd6de2-6efa-47e6-b904-7ee9700a7d38,https://councilrecord.ca/newwest.html#vote/b3b4co,THAT Council endorse the expanded Strategic Plan Workshop Model as outlined in this report; and THAT Council endorse the next steps as outlined in this report.
2023-08-28,Council Meeting,,Interim Relocation of the Downtown Dog Off Leash Area (824 Agnes,Other,Carried,5,0,2,,,In favour,In favour,In favour,In favour,In favour,Absent,Absent,Public services; Business & economy,,The minutes do not give separate motion text at this point; see the linked minutes.,,https://pub-newwestcity.escribemeetings.com/FileStream.ashx?DocumentId=16755,https://pub-newwestcity.escribemeetings.com/Players/ISIStandAlonePlayer.aspx?Id=8cfd6de2-6efa-47e6-b904-7ee9700a7d38,https://councilrecord.ca/newwest.html#vote/qkxz7o,
2023-08-28,Council Meeting,,"Rezoning, Development Permit, and Development Variance Permit",Main motion,Defeated,3,4,0,,,In favour,In favour,Against,In favour,Against,Against,Against,Development,,,,https://pub-newwestcity.escribemeetings.com/FileStream.ashx?DocumentId=16755,https://pub-newwestcity.escribemeetings.com/Players/ISIStandAlonePlayer.aspx?Id=8cfd6de2-6efa-47e6-b904-7ee9700a7d38,https://councilrecord.ca/newwest.html#vote/16wuh4q,"THAT Council direct staff to work with the applicant to prepare a plan of development for the subject properties suitable for consideration of First and Second Readings, as outlined in the “Application Review Process” section of this report."
2023-08-28,Council Meeting,,Township of Langley Metro 2050 Amendment Application,Main motion,Carried,7,0,0,,,In favour,In favour,In favour,In favour,In favour,In favour,In favour,Development; Neighbourhood character; Governance & elections,,,,https://pub-newwestcity.escribemeetings.com/FileStream.ashx?DocumentId=16755,https://pub-newwestcity.escribemeetings.com/Players/ISIStandAlonePlayer.aspx?Id=8cfd6de2-6efa-47e6-b904-7ee9700a7d38,https://councilrecord.ca/newwest.html#vote/1clkjhv,"THAT Council direct staff to send a letter to Metro Vancouver not supporting the amendment and commenting on the Township of Langley’s application to change the regional land use designation of 23699 and 23737 Fraser Highway, specifically encouraging measures that would address environmental and agricultural impacts and the ongoing need for cautious consideration of expanding Industrial use outside of the Urban Containment Boundary."
2023-08-28,Council Meeting,,"Public Notice Bylaw No. 8417, 2023",Main motion,Carried,7,0,0,,,In favour,In favour,In favour,In favour,In favour,In favour,In favour,Development; Governance & elections,1 of 3,,,https://pub-newwestcity.escribemeetings.com/FileStream.ashx?DocumentId=16755,https://pub-newwestcity.escribemeetings.com/Players/ISIStandAlonePlayer.aspx?Id=8cfd6de2-6efa-47e6-b904-7ee9700a7d38,https://councilrecord.ca/newwest.html#vote/1fkxq8e,"THAT Council give Public Notice Bylaw No. 8417, 2023 first reading."
2023-08-28,Council Meeting,,"Public Notice Bylaw No. 8417, 2023",Main motion,Carried,7,0,0,,,In favour,In favour,In favour,In favour,In favour,In favour,In favour,Development; Governance & elections,2 of 3,,,https://pub-newwestcity.escribemeetings.com/FileStream.ashx?DocumentId=16755,https://pub-newwestcity.escribemeetings.com/Players/ISIStandAlonePlayer.aspx?Id=8cfd6de2-6efa-47e6-b904-7ee9700a7d38,https://councilrecord.ca/newwest.html#vote/go0ji,"THAT Council give Public Notice Bylaw No. 8417, 2023 second reading."
2023-08-28,Council Meeting,,"Public Notice Bylaw No. 8417, 2023",Main motion,Carried,7,0,0,,,In favour,In favour,In favour,In favour,In favour,In favour,In favour,Development; Governance & elections,3 of 3,,,https://pub-newwestcity.escribemeetings.com/FileStream.ashx?DocumentId=16755,https://pub-newwestcity.escribemeetings.com/Players/ISIStandAlonePlayer.aspx?Id=8cfd6de2-6efa-47e6-b904-7ee9700a7d38,https://councilrecord.ca/newwest.html#vote/md1cu,"THAT Council give Public Notice Bylaw No. 8417, 2023 third reading."
2023-08-28,Council Meeting,,Subdivision and Development Control Miscellaneous,Main motion,Carried,7,0,0,,,In favour,In favour,In favour,In favour,In favour,In favour,In favour,Development,1 of 3,,,https://pub-newwestcity.escribemeetings.com/FileStream.ashx?DocumentId=16755,https://pub-newwestcity.escribemeetings.com/Players/ISIStandAlonePlayer.aspx?Id=8cfd6de2-6efa-47e6-b904-7ee9700a7d38,https://councilrecord.ca/newwest.html#vote/zxx8z2,"THAT Council give Subdivision and Development Control Miscellaneous Amendment Bylaw No. 8412, 2023 first reading."
2023-08-28,Council Meeting,,Subdivision and Development Control Miscellaneous,Main motion,Carried,7,0,0,,,In favour,In favour,In favour,In favour,In favour,In favour,In favour,Development,2 of 3,,,https://pub-newwestcity.escribemeetings.com/FileStream.ashx?DocumentId=16755,https://pub-newwestcity.escribemeetings.com/Players/ISIStandAlonePlayer.aspx?Id=8cfd6de2-6efa-47e6-b904-7ee9700a7d38,https://councilrecord.ca/newwest.html#vote/1nqavv1,"THAT Council give Subdivision and Development Control Miscellaneous Amendment Bylaw No. 8412, 2023 second reading."
2023-08-28,Council Meeting,,Subdivision and Development Control Miscellaneous,Main motion,Carried,7,0,0,,,In favour,In favour,In favour,In favour,In favour,In favour,In favour,Development,3 of 3,,,https://pub-newwestcity.escribemeetings.com/FileStream.ashx?DocumentId=16755,https://pub-newwestcity.escribemeetings.com/Players/ISIStandAlonePlayer.aspx?Id=8cfd6de2-6efa-47e6-b904-7ee9700a7d38,https://councilrecord.ca/newwest.html#vote/g6lrr2,"THAT Council give Subdivision and Development Control Miscellaneous Amendment Bylaw No. 8412, 2023 third reading."
2023-08-28,Council Meeting,,Parks and Recreation Fees and Charges Amendment Bylaw,Main motion,Carried,7,0,0,,,In favour,In favour,In favour,In favour,In favour,In favour,In favour,Development; Taxes & spending; Parks & recreation,,,,https://pub-newwestcity.escribemeetings.com/FileStream.ashx?DocumentId=16755,https://pub-newwestcity.escribemeetings.com/Players/ISIStandAlonePlayer.aspx?Id=8cfd6de2-6efa-47e6-b904-7ee9700a7d38,https://councilrecord.ca/newwest.html#vote/11zd2c7,"THAT Council adopt Parks and Recreation Fees and Charges Amendment Bylaw No. 8405, 2023."
2023-08-28,Council Meeting,,Zoning Amendment Bylaw (Off-Street Vehicle Parking -,Main motion,Carried,7,0,0,,,In favour,In favour,In favour,In favour,In favour,In favour,In favour,Development; Transportation,,,,https://pub-newwestcity.escribemeetings.com/FileStream.ashx?DocumentId=16755,https://pub-newwestcity.escribemeetings.com/Players/ISIStandAlonePlayer.aspx?Id=8cfd6de2-6efa-47e6-b904-7ee9700a7d38,https://councilrecord.ca/newwest.html#vote/144t0zk,"THAT Council adopt Zoning Amendment Bylaw (Off-Street Vehicle Parking - Multiple Dwellings) No. 8396, 2023."
2023-08-28,Council Meeting,,Cooling Equipment in Rental Units,Amendment,Defeated,2,5,0,,,Against,Against,In favour,Against,Against,In favour,Against,Housing & density,1 of 4,The minutes do not give separate motion text at this point; see the linked minutes.,,https://pub-newwestcity.escribemeetings.com/FileStream.ashx?DocumentId=16755,https://pub-newwestcity.escribemeetings.com/Players/ISIStandAlonePlayer.aspx?Id=8cfd6de2-6efa-47e6-b904-7ee9700a7d38,https://councilrecord.ca/newwest.html#vote/v7hwxz,
2023-08-28,Council Meeting,,Cooling Equipment in Rental Units,Amendment,Defeated,2,5,0,,,Against,Against,In favour,Against,Against,In favour,Against,Housing & density,2 of 4,The minutes do not give separate motion text at this point; see the linked minutes.,,https://pub-newwestcity.escribemeetings.com/FileStream.ashx?DocumentId=16755,https://pub-newwestcity.escribemeetings.com/Players/ISIStandAlonePlayer.aspx?Id=8cfd6de2-6efa-47e6-b904-7ee9700a7d38,https://councilrecord.ca/newwest.html#vote/v7hwxz-2,
2023-08-28,Council Meeting,,Cooling Equipment in Rental Units,Main motion,Carried,5,2,0,,,In favour,In favour,Against,In favour,In favour,Against,In favour,Housing & density; Governance & elections,3 of 4,,,https://pub-newwestcity.escribemeetings.com/FileStream.ashx?DocumentId=16755,https://pub-newwestcity.escribemeetings.com/Players/ISIStandAlonePlayer.aspx?Id=8cfd6de2-6efa-47e6-b904-7ee9700a7d38,https://councilrecord.ca/newwest.html#vote/1jrf02q,THAT Council sustain Mayor Johnstone as chair of the meeting.
2023-08-28,Council Meeting,,Cooling Equipment in Rental Units,Other,Carried,7,0,0,,,In favour,In favour,In favour,In favour,In favour,In favour,In favour,Housing & density,4 of 4,The minutes do not give separate motion text at this point; see the linked minutes.,,https://pub-newwestcity.escribemeetings.com/FileStream.ashx?DocumentId=16755,https://pub-newwestcity.escribemeetings.com/Players/ISIStandAlonePlayer.aspx?Id=8cfd6de2-6efa-47e6-b904-7ee9700a7d38,https://councilrecord.ca/newwest.html#vote/1dlai90,
2023-08-28,Council Meeting,,Hydro Rates,Main motion,Carried,4,3,0,,,In favour,Against,In favour,Against,In favour,In favour,Against,Public services,,,,https://pub-newwestcity.escribemeetings.com/FileStream.ashx?DocumentId=16755,https://pub-newwestcity.escribemeetings.com/Players/ISIStandAlonePlayer.aspx?Id=8cfd6de2-6efa-47e6-b904-7ee9700a7d38,https://councilrecord.ca/newwest.html#vote/zbd6w3,"THAT Council refer the motion to the Regular Council meeting of September 11, 2023."
2023-08-28,Council Meeting,,ON TABLE 2023 Mann Cup Media Day Hosting Opportunity,Main motion,Carried,7,0,0,,,In favour,In favour,In favour,In favour,In favour,In favour,In favour,Other,,,,https://pub-newwestcity.escribemeetings.com/FileStream.ashx?DocumentId=16755,https://pub-newwestcity.escribemeetings.com/Players/ISIStandAlonePlayer.aspx?Id=8cfd6de2-6efa-47e6-b904-7ee9700a7d38,https://councilrecord.ca/newwest.html#vote/3abpjk,"THAT this report dated August 28, 2023 and titled “2023 Mann Cup Media Day Hosting Opportunity” be received by Council for information and comment."
2023-09-11,Council Meeting,,Hydro Rates,Main motion,Carried,4,3,0,,,In favour,Against,In favour,Against,In favour,In favour,Against,Taxes & spending; Public services,1 of 2,,,https://pub-newwestcity.escribemeetings.com/FileStream.ashx?DocumentId=17097,https://pub-newwestcity.escribemeetings.com/Players/ISIStandAlonePlayer.aspx?Id=c6f62dd3-b0a9-4049-9aaa-7e25b0e257dd,https://councilrecord.ca/newwest.html#vote/1utj99n,"THAT the motion also contains ‘and that it explores implementing a two- tiered fee structure based on usage, similar to that currently in use by BC Hydro’."
2023-09-11,Council Meeting,,Hydro Rates,Other,Carried,7,0,0,,,In favour,In favour,In favour,In favour,In favour,In favour,In favour,Public services,2 of 2,The minutes do not give separate motion text at this point; see the linked minutes.,,https://pub-newwestcity.escribemeetings.com/FileStream.ashx?DocumentId=17097,https://pub-newwestcity.escribemeetings.com/Players/ISIStandAlonePlayer.aspx?Id=c6f62dd3-b0a9-4049-9aaa-7e25b0e257dd,https://councilrecord.ca/newwest.html#vote/1kd3toz,
2023-09-11,Council Meeting,,TACC Project Update,Main motion,Carried,7,0,0,,,In favour,In favour,In favour,In favour,In favour,In favour,In favour,Parks & recreation,,,,https://pub-newwestcity.escribemeetings.com/FileStream.ashx?DocumentId=17097,https://pub-newwestcity.escribemeetings.com/Players/ISIStandAlonePlayer.aspx?Id=c6f62dd3-b0a9-4049-9aaa-7e25b0e257dd,https://councilrecord.ca/newwest.html#vote/rj3f1w,THAT Council direct staff to provide on-going updates on the t ə m ə se w̓txʷ Aquatic and Community Centre project as the project nears completion.
2023-09-11,Council Meeting,,Council approve the 2023 quarterly capital budget adjustments as outlined in Table 1-…,Main motion,Carried,7,0,0,,,In favour,In favour,In favour,In favour,In favour,In favour,In favour,Taxes & spending,,,,https://pub-newwestcity.escribemeetings.com/FileStream.ashx?DocumentId=17097,https://pub-newwestcity.escribemeetings.com/Players/ISIStandAlonePlayer.aspx?Id=c6f62dd3-b0a9-4049-9aaa-7e25b0e257dd,https://councilrecord.ca/newwest.html#vote/1cf3c1g,THAT Council approve the 2023 quarterly capital budget adjustments as outlined in Table 1-1 of the report titled 2023 Capital and Operating Quarterly Performance Report.
2023-09-11,Council Meeting,,Accelerating Climate Action to Meet Targets and Address Extreme,Main motion,Carried,5,2,0,,,In favour,In favour,Against,In favour,In favour,Against,In favour,Environment & climate; Governance & elections,1 of 2,,,https://pub-newwestcity.escribemeetings.com/FileStream.ashx?DocumentId=17097,https://pub-newwestcity.escribemeetings.com/Players/ISIStandAlonePlayer.aspx?Id=c6f62dd3-b0a9-4049-9aaa-7e25b0e257dd,https://councilrecord.ca/newwest.html#vote/1a6png4,"THAT Council direct staff to forward the service enhancement requests, as outlined in Attachment 1 of the report titled Accelerating Climate Action to Meet Targets and Address Extreme Heat: Staffing and Financial Considerations, to the 2024 and 2025 operating budget deliberations. These service enhancements would be offset by Climate Action revenues. THAT Council direct staff to pursue steps required to use Climate Action Levy to offset Climate Action Team operating costs."
2023-09-11,Council Meeting,,Accelerating Climate Action to Meet Targets and Address Extreme,Main motion,Carried,7,0,0,,,In favour,In favour,In favour,In favour,In favour,In favour,In favour,Transportation; Environment & climate,2 of 2,,,https://pub-newwestcity.escribemeetings.com/FileStream.ashx?DocumentId=17097,https://pub-newwestcity.escribemeetings.com/Players/ISIStandAlonePlayer.aspx?Id=c6f62dd3-b0a9-4049-9aaa-7e25b0e257dd,https://councilrecord.ca/newwest.html#vote/ladmrv,THAT Council direct staff to proceed with the next steps for the 22 Street nd Station Area Visioning process identified in the report titled 22 Street Station Area Visioning Update.
2023-09-11,Council Meeting,,Heritage Revitalization Agreements in Queen's Park Heritage,Main motion,Carried,7,0,0,,,In favour,In favour,In favour,In favour,In favour,In favour,In favour,Housing & density; Development; Neighbourhood character; Parks & recreation,1 of 4,,,https://pub-newwestcity.escribemeetings.com/FileStream.ashx?DocumentId=17097,https://pub-newwestcity.escribemeetings.com/Players/ISIStandAlonePlayer.aspx?Id=c6f62dd3-b0a9-4049-9aaa-7e25b0e257dd,https://councilrecord.ca/newwest.html#vote/vpfzlx,THAT Council amend the motion to refer the report and options for consideration at the next meeting of the Community Heritage Commission regarding whether to continue or suspend the freeze.
2023-09-11,Council Meeting,,Heritage Revitalization Agreements in Queen's Park Heritage,Main motion,Defeated,3,4,0,,,In favour,In favour,Against,Against,In favour,Against,Against,Housing & density; Development; Neighbourhood character; Parks & recreation; Governance & elections,2 of 4,,,https://pub-newwestcity.escribemeetings.com/FileStream.ashx?DocumentId=17097,https://pub-newwestcity.escribemeetings.com/Players/ISIStandAlonePlayer.aspx?Id=c6f62dd3-b0a9-4049-9aaa-7e25b0e257dd,https://councilrecord.ca/newwest.html#vote/vekxwp,THAT Council refer the question to continue the suspension of new Heritage Revitalization Agreement (HRA) applications in the Queen’s Park Heritage Conservation Area until the Infill Housing Program is complete to the Community Heritage Commission; and THAT council provide staff with the authorization to allow for an exemption to HRA applicants which had significant interactions with the City prior to the freeze.
2023-09-11,Council Meeting,,Heritage Revitalization Agreements in Queen's Park Heritage,Main motion,Defeated,3,4,0,,,Against,Against,In favour,Against,In favour,In favour,Against,Housing & density; Development; Neighbourhood character; Parks & recreation; Governance & elections,3 of 4,,,https://pub-newwestcity.escribemeetings.com/FileStream.ashx?DocumentId=17097,https://pub-newwestcity.escribemeetings.com/Players/ISIStandAlonePlayer.aspx?Id=c6f62dd3-b0a9-4049-9aaa-7e25b0e257dd,https://councilrecord.ca/newwest.html#vote/yjmqbj,THAT Council direct staff to continue the suspension of new Heritage Revitalization Agreement (HRA) applications in the Queen’s Park Heritage Conservation Area until the Infill Housing Program is complete; and THAT council provide staff with the authorization to allow for applicants that had significant interactions with the City prior to the freeze to continue with their applications.
2023-09-11,Council Meeting,,Heritage Revitalization Agreements in Queen's Park Heritage,Other,Carried,4,3,0,,,In favour,In favour,Against,In favour,Against,Against,In favour,Housing & density; Development; Neighbourhood character; Parks & recreation,4 of 4,The minutes do not give separate motion text at this point; see the linked minutes.,,https://pub-newwestcity.escribemeetings.com/FileStream.ashx?DocumentId=17097,https://pub-newwestcity.escribemeetings.com/Players/ISIStandAlonePlayer.aspx?Id=c6f62dd3-b0a9-4049-9aaa-7e25b0e257dd,https://councilrecord.ca/newwest.html#vote/k8iodw,
2023-09-11,Council Meeting,,Housing Agreement Bylaw and Development Variance Permit to Vary,Main motion,Carried,4,1,2,,,Absent,In favour,In favour,In favour,In favour,Against,Absent,Housing & density; Development; Transportation,,,,https://pub-newwestcity.escribemeetings.com/FileStream.ashx?DocumentId=17097,https://pub-newwestcity.escribemeetings.com/Players/ISIStandAlonePlayer.aspx?Id=c6f62dd3-b0a9-4049-9aaa-7e25b0e257dd,https://councilrecord.ca/newwest.html#vote/18nk84l,"THAT third reading of Housing Agreement Bylaw (311 Ash Street) Bylaw No. 8382, 2023 be rescinded. rd THAT Bylaw No. 8382, 2023 be re-considered and re-read a 3 time as amended. THAT Council, should the Housing Agreement Bylaw No. 8382, 2023 be adopted, direct the Mayor and Corporate Officer to execute the Housing Agreement. THAT Council provide notice that it will reconsider issuance of a Development Variance Permit (DVP00701) to reduce the number of required off-street parking spaces by 34% from the Zoning Bylaw requirements for secured market rental units. THAT Council endorse that fifty-one long-term bicycle parking spaces and six short-term bicycle parking spaces be included as part of the Development Permit application for 311 Ash Street, should the Development Variance Permit (DVP00701) be approved by Council."
2023-09-11,Council Meeting,,Rezoning and Special Development Permit - 808 Royal Avenue:,Main motion,Carried,6,1,0,,,In favour,In favour,In favour,In favour,In favour,Against,In favour,Development,,,,https://pub-newwestcity.escribemeetings.com/FileStream.ashx?DocumentId=17097,https://pub-newwestcity.escribemeetings.com/Players/ISIStandAlonePlayer.aspx?Id=c6f62dd3-b0a9-4049-9aaa-7e25b0e257dd,https://councilrecord.ca/newwest.html#vote/12xx3ys,"THAT the application to rezone 808 Royal Avenue be considered and no Public Hearing held, in accordance with the Local Government Act. THAT notification be circulated in accordance with the Local Government Act."
2023-09-11,Council Meeting,,"Official Community Plan Amendment, Rezoning, Road Closure, and",Main motion,Carried,6,1,0,,,In favour,In favour,In favour,In favour,Against,In favour,In favour,Housing & density; Development; Taxes & spending; Transportation,,,,https://pub-newwestcity.escribemeetings.com/FileStream.ashx?DocumentId=17097,https://pub-newwestcity.escribemeetings.com/Players/ISIStandAlonePlayer.aspx?Id=c6f62dd3-b0a9-4049-9aaa-7e25b0e257dd,https://councilrecord.ca/newwest.html#vote/ai2jhm,"THAT Council consider Official Community Plan Amendment Bylaw No. 8399, 2023 for First Reading. THAT Council consider Official Community Plan Amendment Bylaw No. 8399, 2023 in conjunction with the City’s Capital Expenditure Program as contained in the Five Year Financial Plan and the Region’s Solid Waste Management Plan and Liquid Waste Management Plan, and which is deemed to be consistent with said program and plans in accordance with Section 477(3)(a) of the Local Government Act . THAT Council consider Official Community Amendment Bylaw No. 8399, 2023 for Second Reading, and forward the bylaw to a Public Hearing. THAT Council consider Zoning Amendment Bylaw No. 8400, 2023 and Road Closure, Dedication Removal, and Disposition Bylaw No. 8401, 2023 for First and Second Readings, and forward the bylaws to a Public Hearing. THAT Council authorize the City to execute the Purchase and Sale Agreement, which includes the sale of a portion of lane right-of-way at the rear of 909 and 911/913 Twelfth Street should Council adopt Road Closure, Dedication Removal, and Disposition Bylaw No. 8401, 2023."
2023-09-11,Council Meeting,,Application for Grant Funding to the 2023 UBCM Asset Management,Main motion,Carried,7,0,0,,,In favour,In favour,In favour,In favour,In favour,In favour,In favour,Taxes & spending; Business & economy; Governance & elections,,,,https://pub-newwestcity.escribemeetings.com/FileStream.ashx?DocumentId=17097,https://pub-newwestcity.escribemeetings.com/Players/ISIStandAlonePlayer.aspx?Id=c6f62dd3-b0a9-4049-9aaa-7e25b0e257dd,https://councilrecord.ca/newwest.html#vote/j899rq,THAT Council approves the submission of a grant application for the Pavement Condition Assessment & Condition Framework to the Union of British Columbia Municipalities (UBCM) 2023 Asset Management Planning Program.
2023-09-11,Council Meeting,,Authorization to Enter Into License Agreements for 68 Sixth Street,Main motion,Carried,5,0,2,,,In favour,In favour,In favour,In favour,In favour,Absent,Absent,Transportation; Business & economy,,,,https://pub-newwestcity.escribemeetings.com/FileStream.ashx?DocumentId=17097,https://pub-newwestcity.escribemeetings.com/Players/ISIStandAlonePlayer.aspx?Id=c6f62dd3-b0a9-4049-9aaa-7e25b0e257dd,https://councilrecord.ca/newwest.html#vote/1jv6sey,THAT the Mayor and Corporate Officer be authorized to execute the License Agreements.
2023-09-11,Council Meeting,,"Housing Agreement (311 Ash Street) Bylaw No. 8382, 2023",Main motion,Carried,5,0,2,,,Absent,In favour,In favour,In favour,In favour,In favour,Absent,Housing & density; Development; Transportation,1 of 2,,,https://pub-newwestcity.escribemeetings.com/FileStream.ashx?DocumentId=17097,https://pub-newwestcity.escribemeetings.com/Players/ISIStandAlonePlayer.aspx?Id=c6f62dd3-b0a9-4049-9aaa-7e25b0e257dd,https://councilrecord.ca/newwest.html#vote/1gs9xsm,"THAT Council rescind third reading of Housing Agreement Bylaw No. 8382, 2023."
2023-09-11,Council Meeting,,"Housing Agreement (311 Ash Street) Bylaw No. 8382, 2023",Main motion,Carried,5,0,2,,,Absent,In favour,In favour,In favour,In favour,In favour,Absent,Housing & density; Development; Transportation,2 of 2,,,https://pub-newwestcity.escribemeetings.com/FileStream.ashx?DocumentId=17097,https://pub-newwestcity.escribemeetings.com/Players/ISIStandAlonePlayer.aspx?Id=c6f62dd3-b0a9-4049-9aaa-7e25b0e257dd,https://councilrecord.ca/newwest.html#vote/18h6q8s,"THAT Council give Housing Agreement Bylaw No. 8382, 2023 third reading, as amended."
2023-09-11,Council Meeting,,Official Community Plan Amendment Bylaw (909-915 Twelfth,Main motion,Carried,7,0,0,,,In favour,In favour,In favour,In favour,In favour,In favour,In favour,Housing & density; Development; Transportation,1 of 4,,,https://pub-newwestcity.escribemeetings.com/FileStream.ashx?DocumentId=17097,https://pub-newwestcity.escribemeetings.com/Players/ISIStandAlonePlayer.aspx?Id=c6f62dd3-b0a9-4049-9aaa-7e25b0e257dd,https://councilrecord.ca/newwest.html#vote/jt41rs,"THAT Council give Official Community Plan Amendment Bylaw (909-915 Twelfth Street) No. 8399, 2023 first reading."
2023-09-11,Council Meeting,,Official Community Plan Amendment Bylaw (909-915 Twelfth,Main motion,Carried,7,0,0,,,In favour,In favour,In favour,In favour,In favour,In favour,In favour,Housing & density; Development; Transportation,2 of 4,,,https://pub-newwestcity.escribemeetings.com/FileStream.ashx?DocumentId=17097,https://pub-newwestcity.escribemeetings.com/Players/ISIStandAlonePlayer.aspx?Id=c6f62dd3-b0a9-4049-9aaa-7e25b0e257dd,https://councilrecord.ca/newwest.html#vote/nqi4da,"THAT Council give Official Community Plan Amendment Bylaw (909-915 Twelfth Street) No. 8399, 2023 second reading."
2023-09-11,Council Meeting,,Official Community Plan Amendment Bylaw (909-915 Twelfth,Main motion,Carried,7,0,0,,,In favour,In favour,In favour,In favour,In favour,In favour,In favour,Housing & density; Development; Transportation,3 of 4,,,https://pub-newwestcity.escribemeetings.com/FileStream.ashx?DocumentId=17097,https://pub-newwestcity.escribemeetings.com/Players/ISIStandAlonePlayer.aspx?Id=c6f62dd3-b0a9-4049-9aaa-7e25b0e257dd,https://councilrecord.ca/newwest.html#vote/196v8j,"THAT Council give Zoning Amendment Bylaw (909-915 Twelfth Street) No. 8400, 2023 first reading."
2023-09-11,Council Meeting,,Official Community Plan Amendment Bylaw (909-915 Twelfth,Main motion,Carried,7,0,0,,,In favour,In favour,In favour,In favour,In favour,In favour,In favour,Housing & density; Development; Transportation,4 of 4,,,https://pub-newwestcity.escribemeetings.com/FileStream.ashx?DocumentId=17097,https://pub-newwestcity.escribemeetings.com/Players/ISIStandAlonePlayer.aspx?Id=c6f62dd3-b0a9-4049-9aaa-7e25b0e257dd,https://councilrecord.ca/newwest.html#vote/1b0ixlk,"THAT Council give Zoning Amendment Bylaw (909-915 Twelfth Street) No. 8400, 2023 second reading."
2023-09-11,Council Meeting,,"Road Closure, Dedication Removal and Disposition Bylaw",Main motion,Carried,7,0,0,,,In favour,In favour,In favour,In favour,In favour,In favour,In favour,Development; Transportation,1 of 2,,,https://pub-newwestcity.escribemeetings.com/FileStream.ashx?DocumentId=17097,https://pub-newwestcity.escribemeetings.com/Players/ISIStandAlonePlayer.aspx?Id=c6f62dd3-b0a9-4049-9aaa-7e25b0e257dd,https://councilrecord.ca/newwest.html#vote/chdxbt,"THAT Council give Road Closure, Dedication Removal and Disposition Bylaw (909-915 Twelfth Street) No. 8401, 2023 first reading."
2023-09-11,Council Meeting,,"Road Closure, Dedication Removal and Disposition Bylaw",Main motion,Carried,7,0,0,,,In favour,In favour,In favour,In favour,In favour,In favour,In favour,Development; Transportation,2 of 2,,,https://pub-newwestcity.escribemeetings.com/FileStream.ashx?DocumentId=17097,https://pub-newwestcity.escribemeetings.com/Players/ISIStandAlonePlayer.aspx?Id=c6f62dd3-b0a9-4049-9aaa-7e25b0e257dd,https://councilrecord.ca/newwest.html#vote/1w7kxlk,"THAT Council give Road Closure, Dedication Removal and Disposition Bylaw (909-915 Twelfth Street) No. 8401, 2023 second reading."
2023-09-11,Council Meeting,,Subdivision and Development Control Miscellaneous,Main motion,Carried,7,0,0,,,In favour,In favour,In favour,In favour,In favour,In favour,In favour,Development,,,,https://pub-newwestcity.escribemeetings.com/FileStream.ashx?DocumentId=17097,https://pub-newwestcity.escribemeetings.com/Players/ISIStandAlonePlayer.aspx?Id=c6f62dd3-b0a9-4049-9aaa-7e25b0e257dd,https://councilrecord.ca/newwest.html#vote/1d96le6,"THAT Council adopt Subdivision and Development Control Miscellaneous Amendment Bylaw No. 8412, 2023."
2023-09-11,Council Meeting,,"Public Notice Bylaw No. 8417, 2023",Main motion,Carried,7,0,0,,,In favour,In favour,In favour,In favour,In favour,In favour,In favour,Development; Governance & elections,,,,https://pub-newwestcity.escribemeetings.com/FileStream.ashx?DocumentId=17097,https://pub-newwestcity.escribemeetings.com/Players/ISIStandAlonePlayer.aspx?Id=c6f62dd3-b0a9-4049-9aaa-7e25b0e257dd,https://councilrecord.ca/newwest.html#vote/isv77b,"THAT Council adopt Public Notice Bylaw No. 8417, 2023."
2023-09-11,Council Meeting,,Fair Wage and Living Wage Policies,Main motion,Carried,7,0,0,,,In favour,In favour,In favour,In favour,In favour,In favour,In favour,Business & economy,1 of 3,,,https://pub-newwestcity.escribemeetings.com/FileStream.ashx?DocumentId=17097,https://pub-newwestcity.escribemeetings.com/Players/ISIStandAlonePlayer.aspx?Id=c6f62dd3-b0a9-4049-9aaa-7e25b0e257dd,https://councilrecord.ca/newwest.html#vote/dh5f1o,THAT staff bring a report to Council outlining a process for adoption of a Fair Wage Policy similar to that of Burnaby or the City of North Vancouver to complement New Westminster’s successful Living Wage Policy; and BE IT FURTHER RESOLVED THAT Mayor Johnstone take a motion to the Board of Metro Vancouver on behalf of New Westminster Council requesting that Fair Wage and Living Wage policies be developed and adopted by the Regional Government.
2023-09-11,Council Meeting,,Fair Wage and Living Wage Policies,Referral,Defeated,2,5,0,,,Against,Against,In favour,Against,Against,In favour,Against,Business & economy,2 of 3,,,https://pub-newwestcity.escribemeetings.com/FileStream.ashx?DocumentId=17097,https://pub-newwestcity.escribemeetings.com/Players/ISIStandAlonePlayer.aspx?Id=c6f62dd3-b0a9-4049-9aaa-7e25b0e257dd,https://councilrecord.ca/newwest.html#vote/1lqfra3,"THAT items 8.1 b, c and e be referred to the City Council meeting of October 16, 2023."
2023-09-11,Council Meeting,,Fair Wage and Living Wage Policies,Main motion,Carried,7,0,0,,,In favour,In favour,In favour,In favour,In favour,In favour,In favour,Business & economy,3 of 3,,,https://pub-newwestcity.escribemeetings.com/FileStream.ashx?DocumentId=17097,https://pub-newwestcity.escribemeetings.com/Players/ISIStandAlonePlayer.aspx?Id=c6f62dd3-b0a9-4049-9aaa-7e25b0e257dd,https://councilrecord.ca/newwest.html#vote/vypzza,THAT the Council meeting continue to 11:30 p.m.
2023-09-11,Council Meeting,,Conducting a Review Regarding the Cause and Cost,Main motion,Carried,4,3,0,,,In favour,In favour,Against,In favour,Against,Against,In favour,Taxes & spending; Parks & recreation,1 of 3,,,https://pub-newwestcity.escribemeetings.com/FileStream.ashx?DocumentId=17097,https://pub-newwestcity.escribemeetings.com/Players/ISIStandAlonePlayer.aspx?Id=c6f62dd3-b0a9-4049-9aaa-7e25b0e257dd,https://councilrecord.ca/newwest.html#vote/1iicyj8,THAT Council sever the motion into two parts at the second last and last bullet point.
2023-09-11,Council Meeting,,Conducting a Review Regarding the Cause and Cost,Other,Carried,7,0,0,,,In favour,In favour,In favour,In favour,In favour,In favour,In favour,Taxes & spending,2 of 3,The minutes do not give separate motion text at this point; see the linked minutes.,,https://pub-newwestcity.escribemeetings.com/FileStream.ashx?DocumentId=17097,https://pub-newwestcity.escribemeetings.com/Players/ISIStandAlonePlayer.aspx?Id=c6f62dd3-b0a9-4049-9aaa-7e25b0e257dd,https://councilrecord.ca/newwest.html#vote/rv8d7r,
2023-09-11,Council Meeting,,Conducting a Review Regarding the Cause and Cost,Other,Defeated,3,4,0,,,Against,Against,In favour,Against,In favour,In favour,Against,Taxes & spending,3 of 3,The minutes do not give separate motion text at this point; see the linked minutes.,,https://pub-newwestcity.escribemeetings.com/FileStream.ashx?DocumentId=17097,https://pub-newwestcity.escribemeetings.com/Players/ISIStandAlonePlayer.aspx?Id=c6f62dd3-b0a9-4049-9aaa-7e25b0e257dd,https://councilrecord.ca/newwest.html#vote/1tqhp5g,
2023-09-11,Council Meeting,,Increasing access to fresh drinking water for local residents,Main motion,Carried,7,0,0,,,In favour,In favour,In favour,In favour,In favour,In favour,In favour,Taxes & spending; Public services,,,,https://pub-newwestcity.escribemeetings.com/FileStream.ashx?DocumentId=17097,https://pub-newwestcity.escribemeetings.com/Players/ISIStandAlonePlayer.aspx?Id=c6f62dd3-b0a9-4049-9aaa-7e25b0e257dd,https://councilrecord.ca/newwest.html#vote/2t3meq,THAT staff report back to Council regarding the cost and operational requirements of installing temporary water fountains connected to a fire hydrant in time for summer 2024; and BE IT FURTHER RESOLVED THAT staff reach out to the City of Vancouver who have successfully implemented fire hydrant water fountains to determine if there are learnings that can be applied in New Westminster.
2023-09-11,Council Meeting,,Supporting our seniors by increasing hours of operation for,Referral,Carried,5,2,0,,,In favour,In favour,Against,In favour,In favour,Against,In favour,Development; Public services,,,,https://pub-newwestcity.escribemeetings.com/FileStream.ashx?DocumentId=17097,https://pub-newwestcity.escribemeetings.com/Players/ISIStandAlonePlayer.aspx?Id=c6f62dd3-b0a9-4049-9aaa-7e25b0e257dd,https://councilrecord.ca/newwest.html#vote/19ejc39,THAT the motion be referred to the PR Master Plan.
2023-09-11,Council Meeting,,Supporting our local business community by implementing a,Other,Defeated,3,4,0,,,Against,Against,In favour,Against,In favour,In favour,Against,Business & economy,,The minutes do not give separate motion text at this point; see the linked minutes.,,https://pub-newwestcity.escribemeetings.com/FileStream.ashx?DocumentId=17097,https://pub-newwestcity.escribemeetings.com/Players/ISIStandAlonePlayer.aspx?Id=c6f62dd3-b0a9-4049-9aaa-7e25b0e257dd,https://councilrecord.ca/newwest.html#vote/guncv2,
2023-09-25,Council Meeting following Public Hearing,,Official Community Plan Amendment (909-915 Twelfth Street) Bylaw,Main motion,Carried,6,0,1,,,In favour,In favour,In favour,In favour,In favour,In favour,Absent,Housing & density; Development; Transportation,,,,https://pub-newwestcity.escribemeetings.com/FileStream.ashx?DocumentId=17241,https://pub-newwestcity.escribemeetings.com/Players/ISIStandAlonePlayer.aspx?Id=60e4cb57-a84b-43ed-841b-3a925f244b02,https://councilrecord.ca/newwest.html#vote/1dx84hv,"THAT Council give Official Community Plan Amendment (909-915 Twelfth Street) Bylaw No. 8399, 2023 third reading."
2023-09-25,Council Meeting following Public Hearing,,"Zoning Amendment (909-915 Twelfth Street) Bylaw No. 8400, 2023",Main motion,Carried,6,0,1,,,In favour,In favour,In favour,In favour,In favour,In favour,Absent,Development; Transportation,,,,https://pub-newwestcity.escribemeetings.com/FileStream.ashx?DocumentId=17241,https://pub-newwestcity.escribemeetings.com/Players/ISIStandAlonePlayer.aspx?Id=60e4cb57-a84b-43ed-841b-3a925f244b02,https://councilrecord.ca/newwest.html#vote/e3xhgg,"THAT Council give Zoning Amendment (909-915 Twelfth Street) Bylaw No. 8400, 2023 third reading."
2023-09-25,Council Meeting following Public Hearing,,"Road Closure, Dedication Removal, and Disposition (909-915 Twelfth",Main motion,Carried,6,0,1,,,In favour,In favour,In favour,In favour,In favour,In favour,Absent,Development; Transportation,,,,https://pub-newwestcity.escribemeetings.com/FileStream.ashx?DocumentId=17241,https://pub-newwestcity.escribemeetings.com/Players/ISIStandAlonePlayer.aspx?Id=60e4cb57-a84b-43ed-841b-3a925f244b02,https://councilrecord.ca/newwest.html#vote/1wmluxn,"THAT Council give Zoning Amendment (909-915 Twelfth Street) Bylaw No. 8400, 2023 third reading."
2023-09-25,Council Meeting following Public Hearing,,Development Variance Permit DVP00701 for 311 Ash Street,Other,Carried,5,0,2,,,Absent,In favour,In favour,In favour,In favour,In favour,Absent,Development; Transportation,1 of 2,The minutes do not give separate motion text at this point; see the linked minutes.,,https://pub-newwestcity.escribemeetings.com/FileStream.ashx?DocumentId=17241,https://pub-newwestcity.escribemeetings.com/Players/ISIStandAlonePlayer.aspx?Id=60e4cb57-a84b-43ed-841b-3a925f244b02,https://councilrecord.ca/newwest.html#vote/j2x77b,
2023-09-25,Council Meeting following Public Hearing,,Development Variance Permit DVP00701 for 311 Ash Street,Main motion,Defeated,2,3,2,,,Absent,Against,In favour,Against,Against,In favour,Absent,Development; Transportation,2 of 2,,,https://pub-newwestcity.escribemeetings.com/FileStream.ashx?DocumentId=17241,https://pub-newwestcity.escribemeetings.com/Players/ISIStandAlonePlayer.aspx?Id=60e4cb57-a84b-43ed-841b-3a925f244b02,https://councilrecord.ca/newwest.html#vote/iasz73,THAT Council approve issuance of Development Variance Permit DVP00701.
2023-09-25,Council Meeting following Public Hearing,,Reports And Presentations For Council Discussion And,Main motion,Carried,6,0,1,,,In favour,In favour,In favour,In favour,In favour,In favour,Absent,Transportation,,,,https://pub-newwestcity.escribemeetings.com/FileStream.ashx?DocumentId=17241,https://pub-newwestcity.escribemeetings.com/Players/ISIStandAlonePlayer.aspx?Id=60e4cb57-a84b-43ed-841b-3a925f244b02,https://councilrecord.ca/newwest.html#vote/ryef6f,THAT Council receive the report titled 2023 New Westminster Intersection Safety Study for information.
2023-09-25,Council Meeting following Public Hearing,,Budget 2024: Fees and Rates Review,Main motion,Carried,6,0,1,,,In favour,In favour,In favour,In favour,In favour,In favour,Absent,Taxes & spending,,,,https://pub-newwestcity.escribemeetings.com/FileStream.ashx?DocumentId=17241,https://pub-newwestcity.escribemeetings.com/Players/ISIStandAlonePlayer.aspx?Id=60e4cb57-a84b-43ed-841b-3a925f244b02,https://councilrecord.ca/newwest.html#vote/1sa896w,THAT Council approves in principle the proposed changes in fees and rates; and THAT Council direct staff to prepare the necessary amendment bylaws.
2023-09-25,Council Meeting following Public Hearing,,Massey Theatre Working Group,Main motion,Carried,6,0,1,,,In favour,In favour,In favour,In favour,In favour,In favour,Absent,Parks & recreation,,,,https://pub-newwestcity.escribemeetings.com/FileStream.ashx?DocumentId=17241,https://pub-newwestcity.escribemeetings.com/Players/ISIStandAlonePlayer.aspx?Id=60e4cb57-a84b-43ed-841b-3a925f244b02,https://councilrecord.ca/newwest.html#vote/ismk65,THAT Council approve the Terms of Reference for the Massey Theatre Working Group as outlined in this report; and THAT Council appoint Councillors Campbell and McEvoy to serve on the Massey Theatre Working Group.
2023-09-25,Council Meeting following Public Hearing,,"Response to February 6, 2023 Special City Council Motion for",Main motion,Carried,6,0,1,,,In favour,In favour,In favour,In favour,In favour,In favour,Absent,Other,,,,https://pub-newwestcity.escribemeetings.com/FileStream.ashx?DocumentId=17241,https://pub-newwestcity.escribemeetings.com/Players/ISIStandAlonePlayer.aspx?Id=60e4cb57-a84b-43ed-841b-3a925f244b02,https://councilrecord.ca/newwest.html#vote/1l2j9ft,"THAT Council postpone item 6.5 to the City Council Meeting of October 16, 2023."
2023-09-25,Council Meeting following Public Hearing,,"Proclamation: Homelessness Action Week, October 7-14, 2023",Main motion,Carried,6,0,1,,,In favour,In favour,In favour,In favour,In favour,In favour,Absent,Public services,,,,https://pub-newwestcity.escribemeetings.com/FileStream.ashx?DocumentId=17241,https://pub-newwestcity.escribemeetings.com/Players/ISIStandAlonePlayer.aspx?Id=60e4cb57-a84b-43ed-841b-3a925f244b02,https://councilrecord.ca/newwest.html#vote/1lm4fa1,"THAT Council proclaim October 7-14, 2023, as Homelessness Action Week."
2023-09-25,Council Meeting following Public Hearing,,"Zoning Amendment (376 Keary Street) Bylaw No. 8404, 2023",Main motion,Carried,6,0,1,,,In favour,In favour,In favour,In favour,In favour,In favour,Absent,Development; Transportation,1 of 3,,,https://pub-newwestcity.escribemeetings.com/FileStream.ashx?DocumentId=17241,https://pub-newwestcity.escribemeetings.com/Players/ISIStandAlonePlayer.aspx?Id=60e4cb57-a84b-43ed-841b-3a925f244b02,https://councilrecord.ca/newwest.html#vote/17u2ga6,"THAT Council give Zoning Amendment (376 Keary Street) Bylaw No. 8404, 2023 first reading."
2023-09-25,Council Meeting following Public Hearing,,"Zoning Amendment (376 Keary Street) Bylaw No. 8404, 2023",Main motion,Carried,6,0,1,,,In favour,In favour,In favour,In favour,In favour,In favour,Absent,Development; Transportation,2 of 3,,,https://pub-newwestcity.escribemeetings.com/FileStream.ashx?DocumentId=17241,https://pub-newwestcity.escribemeetings.com/Players/ISIStandAlonePlayer.aspx?Id=60e4cb57-a84b-43ed-841b-3a925f244b02,https://councilrecord.ca/newwest.html#vote/13wc8pd,"THAT Council give Zoning Amendment (376 Keary Street) Bylaw No. 8404, 2023 second reading."
2023-09-25,Council Meeting following Public Hearing,,"Zoning Amendment (376 Keary Street) Bylaw No. 8404, 2023",Main motion,Carried,6,0,1,,,In favour,In favour,In favour,In favour,In favour,In favour,Absent,Development; Transportation,3 of 3,,,https://pub-newwestcity.escribemeetings.com/FileStream.ashx?DocumentId=17241,https://pub-newwestcity.escribemeetings.com/Players/ISIStandAlonePlayer.aspx?Id=60e4cb57-a84b-43ed-841b-3a925f244b02,https://councilrecord.ca/newwest.html#vote/al2lfi,"THAT Council give Zoning Amendment (376 Keary Street) Bylaw No. 8404, 2023 third reading."
2023-09-25,Council Meeting following Public Hearing,,"Zoning Amendment (808 Royal Avenue) Bylaw No. 8416, 2023",Main motion,Carried,6,0,1,,,In favour,In favour,In favour,In favour,In favour,In favour,Absent,Development,1 of 3,,,https://pub-newwestcity.escribemeetings.com/FileStream.ashx?DocumentId=17241,https://pub-newwestcity.escribemeetings.com/Players/ISIStandAlonePlayer.aspx?Id=60e4cb57-a84b-43ed-841b-3a925f244b02,https://councilrecord.ca/newwest.html#vote/16q4a1,"THAT Council give Zoning Amendment (808 Royal Avenue) Bylaw No. 8416, 2023 first reading."
2023-09-25,Council Meeting following Public Hearing,,"Zoning Amendment (808 Royal Avenue) Bylaw No. 8416, 2023",Main motion,Carried,6,0,1,,,In favour,In favour,In favour,In favour,In favour,In favour,Absent,Development,2 of 3,,,https://pub-newwestcity.escribemeetings.com/FileStream.ashx?DocumentId=17241,https://pub-newwestcity.escribemeetings.com/Players/ISIStandAlonePlayer.aspx?Id=60e4cb57-a84b-43ed-841b-3a925f244b02,https://councilrecord.ca/newwest.html#vote/12dnhuw,"THAT Council give Zoning Amendment (808 Royal Avenue) Bylaw No. 8416, 2023 second reading."
2023-09-25,Council Meeting following Public Hearing,,"Zoning Amendment (808 Royal Avenue) Bylaw No. 8416, 2023",Main motion,Carried,6,0,1,,,In favour,In favour,In favour,In favour,In favour,In favour,Absent,Development,3 of 3,,,https://pub-newwestcity.escribemeetings.com/FileStream.ashx?DocumentId=17241,https://pub-newwestcity.escribemeetings.com/Players/ISIStandAlonePlayer.aspx?Id=60e4cb57-a84b-43ed-841b-3a925f244b02,https://councilrecord.ca/newwest.html#vote/1h5zi2h,"THAT Council give Zoning Amendment (808 Royal Avenue) Bylaw No. 8416, 2023 third reading."
2023-09-25,Council Meeting following Public Hearing,,"Permissive Tax Exemption Bylaw No. 8419, 2023",Main motion,Carried,6,0,1,,,In favour,In favour,In favour,In favour,In favour,In favour,Absent,Development; Taxes & spending,1 of 3,,,https://pub-newwestcity.escribemeetings.com/FileStream.ashx?DocumentId=17241,https://pub-newwestcity.escribemeetings.com/Players/ISIStandAlonePlayer.aspx?Id=60e4cb57-a84b-43ed-841b-3a925f244b02,https://councilrecord.ca/newwest.html#vote/8t0b1o,"THAT Council give Permissive Tax Exemption Bylaw No. 8419, 2023 first reading."
2023-09-25,Council Meeting following Public Hearing,,"Permissive Tax Exemption Bylaw No. 8419, 2023",Main motion,Carried,6,0,1,,,In favour,In favour,In favour,In favour,In favour,In favour,Absent,Development; Taxes & spending,2 of 3,,,https://pub-newwestcity.escribemeetings.com/FileStream.ashx?DocumentId=17241,https://pub-newwestcity.escribemeetings.com/Players/ISIStandAlonePlayer.aspx?Id=60e4cb57-a84b-43ed-841b-3a925f244b02,https://councilrecord.ca/newwest.html#vote/qzpoch,"THAT Council give Permissive Tax Exemption Bylaw No. 8419, 2023 second reading."
2023-09-25,Council Meeting following Public Hearing,,"Permissive Tax Exemption Bylaw No. 8419, 2023",Main motion,Carried,6,0,1,,,In favour,In favour,In favour,In favour,In favour,In favour,Absent,Development; Taxes & spending,3 of 3,,,https://pub-newwestcity.escribemeetings.com/FileStream.ashx?DocumentId=17241,https://pub-newwestcity.escribemeetings.com/Players/ISIStandAlonePlayer.aspx?Id=60e4cb57-a84b-43ed-841b-3a925f244b02,https://councilrecord.ca/newwest.html#vote/19m5sl8,"THAT Council give Permissive Tax Exemption Bylaw No. 8419, 2023 third reading."
2023-09-25,Council Meeting following Public Hearing,,"Housing Agreement (311 Ash Street) Bylaw No. 8382, 2023",Main motion,Defeated,2,3,2,,,Absent,Against,In favour,Against,Against,In favour,Absent,Housing & density; Development; Transportation,,,,https://pub-newwestcity.escribemeetings.com/FileStream.ashx?DocumentId=17241,https://pub-newwestcity.escribemeetings.com/Players/ISIStandAlonePlayer.aspx?Id=60e4cb57-a84b-43ed-841b-3a925f244b02,https://councilrecord.ca/newwest.html#vote/1mkal04,"THAT Council adopt Housing Agreement (311 Ash Street) Bylaw No. 8382, 2023."
2023-09-25,Council Meeting following Public Hearing,,Implementing speed limits for motorized vehicles operating on,Amendment,Carried,6,0,1,,,In favour,In favour,In favour,In favour,In favour,In favour,Absent,Transportation,1 of 2,,,https://pub-newwestcity.escribemeetings.com/FileStream.ashx?DocumentId=17241,https://pub-newwestcity.escribemeetings.com/Players/ISIStandAlonePlayer.aspx?Id=60e4cb57-a84b-43ed-841b-3a925f244b02,https://councilrecord.ca/newwest.html#vote/1x3djsn,THAT the motion be amended with the additional resolution that a public education campaign be undertaken.
2023-09-25,Council Meeting following Public Hearing,,Implementing speed limits for motorized vehicles operating on,Main motion,Carried,6,0,1,,,In favour,In favour,In favour,In favour,In favour,In favour,Absent,Taxes & spending; Transportation,2 of 2,,,https://pub-newwestcity.escribemeetings.com/FileStream.ashx?DocumentId=17241,https://pub-newwestcity.escribemeetings.com/Players/ISIStandAlonePlayer.aspx?Id=60e4cb57-a84b-43ed-841b-3a925f244b02,https://councilrecord.ca/newwest.html#vote/47mi71,THAT Council direct staff report back to Council regarding the operational and budget considerations pertaining to the implementation of a by-law that would impose speed limits on our sidewalks to help reduce the risk of pedestrian injuries; and THAT a public education campaign be undertaken.
2023-09-25,Council Meeting following Public Hearing,,Increasing trust and accountability for civic officials in New,Main motion,Carried,4,2,1,,,In favour,In favour,Against,In favour,In favour,Against,Absent,Other,1 of 3,,,https://pub-newwestcity.escribemeetings.com/FileStream.ashx?DocumentId=17241,https://pub-newwestcity.escribemeetings.com/Players/ISIStandAlonePlayer.aspx?Id=60e4cb57-a84b-43ed-841b-3a925f244b02,https://councilrecord.ca/newwest.html#vote/1oqmbdz,THAT the motion be divided into two separate resolutions.
2023-09-25,Council Meeting following Public Hearing,,Increasing trust and accountability for civic officials in New,Main motion,Carried,6,0,1,,,In favour,In favour,In favour,In favour,In favour,In favour,Absent,Other,2 of 3,,,https://pub-newwestcity.escribemeetings.com/FileStream.ashx?DocumentId=17241,https://pub-newwestcity.escribemeetings.com/Players/ISIStandAlonePlayer.aspx?Id=60e4cb57-a84b-43ed-841b-3a925f244b02,https://councilrecord.ca/newwest.html#vote/1ruv8he,THAT Council call upon all elected officials to engender public trust by abiding to such key principles.
2023-09-25,Council Meeting following Public Hearing,,Increasing trust and accountability for civic officials in New,Main motion,Defeated,0,7,0,,,Against,Against,Against,Against,Against,Against,Against,Taxes & spending; Governance & elections,3 of 3,,,https://pub-newwestcity.escribemeetings.com/FileStream.ashx?DocumentId=17241,https://pub-newwestcity.escribemeetings.com/Players/ISIStandAlonePlayer.aspx?Id=60e4cb57-a84b-43ed-841b-3a925f244b02,https://councilrecord.ca/newwest.html#vote/17nm7ql,THAT the City's Chief Electoral Officer report back to Council on the City's state of readiness for and budget impacts pertaining to a possible school trustee by- election.
2023-09-25,Council Meeting following Public Hearing,,Extension of the Terms of Reference of Economic Development,Main motion,Carried,7,0,0,,,In favour,In favour,In favour,In favour,In favour,In favour,In favour,Business & economy; Governance & elections,,,,https://pub-newwestcity.escribemeetings.com/FileStream.ashx?DocumentId=17241,https://pub-newwestcity.escribemeetings.com/Players/ISIStandAlonePlayer.aspx?Id=60e4cb57-a84b-43ed-841b-3a925f244b02,https://councilrecord.ca/newwest.html#vote/1tjtuq0,"THAT Council extend the current Terms of Reference and member appointments of the Economic Development Advisory Committee to January 31, 2024."
2023-10-05,Special Council Meeting,,Bylaw Amendment to Effect Highway Closure and Disposition of,Main motion,Carried,4,0,3,,,In favour,Absent,Absent,In favour,In favour,In favour,Absent,Development; Transportation,,,,https://pub-newwestcity.escribemeetings.com/FileStream.ashx?DocumentId=17242,,https://councilrecord.ca/newwest.html#vote/n2ig83,"THAT Council give three readings to the attached Bylaw No. 8427, 2023 to effect highway closure and disposition of Windsor Street in the bylaws section of this report."
2023-10-05,Special Council Meeting,,"Windsor Road Closure, Dedication Removal and Disposition",Main motion,Carried,4,0,3,,,In favour,Absent,Absent,In favour,In favour,In favour,Absent,Development; Transportation,1 of 3,,,https://pub-newwestcity.escribemeetings.com/FileStream.ashx?DocumentId=17242,,https://councilrecord.ca/newwest.html#vote/kmn9hd,"THAT Council give Windsor Road Closure, Dedication Removal and Disposition Amendment Bylaw No. 8427, 2023 first reading."
2023-10-05,Special Council Meeting,,"Windsor Road Closure, Dedication Removal and Disposition",Main motion,Carried,4,0,3,,,In favour,Absent,Absent,In favour,In favour,In favour,Absent,Development; Transportation,2 of 3,,,https://pub-newwestcity.escribemeetings.com/FileStream.ashx?DocumentId=17242,,https://councilrecord.ca/newwest.html#vote/pvhptw,"THAT Council give Windsor Road Closure, Dedication Removal and Disposition Amendment Bylaw No. 8427, 2023 second reading."
2023-10-05,Special Council Meeting,,"Windsor Road Closure, Dedication Removal and Disposition",Main motion,Carried,4,0,3,,,In favour,Absent,Absent,In favour,In favour,In favour,Absent,Development; Transportation,3 of 3,,,https://pub-newwestcity.escribemeetings.com/FileStream.ashx?DocumentId=17242,,https://councilrecord.ca/newwest.html#vote/1v0eqc1,"THAT Council give Windsor Road Closure, Dedication Removal and Disposition Amendment Bylaw No. 8427, 2023 third reading."
2023-10-10,Special Council Meeting,,"Windsor Road Closure, Dedication Removal and Disposition",Main motion,Carried,6,0,1,,,In favour,In favour,Absent,In favour,In favour,In favour,In favour,Development; Transportation,,,,https://pub-newwestcity.escribemeetings.com/FileStream.ashx?DocumentId=17243,,https://councilrecord.ca/newwest.html#vote/sxtrub,"THAT Council adopt Windsor Road Closure, Dedication Removal and Disposition Amendment Bylaw No. 8427, 2023."
2023-10-16,Council Meeting,,Train Whistle Cessation – Q3 Update,Main motion,Carried,7,0,0,,,In favour,In favour,In favour,In favour,In favour,In favour,In favour,Transportation,,,,https://pub-newwestcity.escribemeetings.com/FileStream.ashx?DocumentId=17439,https://pub-newwestcity.escribemeetings.com/Players/ISIStandAlonePlayer.aspx?Id=c7a98059-b1e1-43c4-b168-ab43b6d43f2d,https://councilrecord.ca/newwest.html#vote/hjikk1,THAT Council receive this report for information.
2023-10-16,Council Meeting,,"Correspondence dated September 18, 2023 regarding Burnaby New",Main motion,Carried,7,0,0,,,In favour,In favour,In favour,In favour,In favour,In favour,In favour,Parks & recreation; Governance & elections,,,,https://pub-newwestcity.escribemeetings.com/FileStream.ashx?DocumentId=17439,https://pub-newwestcity.escribemeetings.com/Players/ISIStandAlonePlayer.aspx?Id=c7a98059-b1e1-43c4-b168-ab43b6d43f2d,https://councilrecord.ca/newwest.html#vote/18ximvm,THAT Councillor Henderson be appointed to sit on the Burnaby New Westminster Task Force on Sexually Exploited and At-Risk Youth.
2023-10-16,Council Meeting,,"Main motion, as amended (see minutes for text)",Other,Carried,7,0,0,,,In favour,In favour,In favour,In favour,In favour,In favour,In favour,Other,,The minutes do not give separate motion text at this point; see the linked minutes.,,https://pub-newwestcity.escribemeetings.com/FileStream.ashx?DocumentId=17439,https://pub-newwestcity.escribemeetings.com/Players/ISIStandAlonePlayer.aspx?Id=c7a98059-b1e1-43c4-b168-ab43b6d43f2d,https://councilrecord.ca/newwest.html#vote/joot5c,
2023-10-16,Council Meeting,,"Arts, Culture and Economic Development Advisory Committee –",Main motion,Carried,7,0,0,,,In favour,In favour,In favour,In favour,In favour,In favour,In favour,Parks & recreation; Business & economy; Governance & elections,,,,https://pub-newwestcity.escribemeetings.com/FileStream.ashx?DocumentId=17439,https://pub-newwestcity.escribemeetings.com/Players/ISIStandAlonePlayer.aspx?Id=c7a98059-b1e1-43c4-b168-ab43b6d43f2d,https://councilrecord.ca/newwest.html#vote/1jp3ez5,"THAT Council endorse the draft Terms of Reference for the Arts, Culture and Economic Development Advisory Committee; and THAT Council direct staff to proceed with recruitment for the committee."
2023-10-16,Council Meeting,,Support for TransLink’s Bus Rapid Transit Action Plan,Main motion,Carried,7,0,0,,,In favour,In favour,In favour,In favour,In favour,In favour,In favour,Transportation,,,,https://pub-newwestcity.escribemeetings.com/FileStream.ashx?DocumentId=17439,https://pub-newwestcity.escribemeetings.com/Players/ISIStandAlonePlayer.aspx?Id=c7a98059-b1e1-43c4-b168-ab43b6d43f2d,https://councilrecord.ca/newwest.html#vote/128n92v,"THAT Council supports in principle TransLink’s Bus Rapid Transit Action Plan to advance the provision of fast, reliable, high-quality rapid transit along the Marine Drive/Way corridor from 22nd Street SkyTrain Station to Marine Drive Canada Line Station, and in other priority regional corridors that could reduce regional traffic passing through New Westminster. THAT Council direct staff to work with TransLink and coordinate with adjacent municipalities towards the planning, design, and implementation of Bus Rapid Transit within New Westminster. THAT Council ask the Mayors’ Council to prioritize the Marine Drive/Way corridor as a priority BRT project, along with other BRT corridors that reduce regional traffic passing through New Westminster."
2023-10-16,Council Meeting,,"Update on Council Motion Regarding “The Right Person, the Right",Main motion,Carried,7,0,0,,,In favour,In favour,In favour,In favour,In favour,In favour,In favour,Other,,,,https://pub-newwestcity.escribemeetings.com/FileStream.ashx?DocumentId=17439,https://pub-newwestcity.escribemeetings.com/Players/ISIStandAlonePlayer.aspx?Id=c7a98059-b1e1-43c4-b168-ab43b6d43f2d,https://councilrecord.ca/newwest.html#vote/1w8rc50,"THAT Council direct staff to reach out to the Century House Association to share information related aging in place in New Westminster and to inform the latter of engagement opportunities related to policy, planning and development processes. THAT Council direct staff to consult with the Century House Association on senior government advocacy with a focus on New Westminster and to report back on specific initiatives and potential financial and staff work program implications."
2023-10-16,Council Meeting,,Westminster Pier Park Fire Site – Next Steps,Main motion,Carried,7,0,0,,,In favour,In favour,In favour,In favour,In favour,In favour,In favour,Parks & recreation; Public services,,,,https://pub-newwestcity.escribemeetings.com/FileStream.ashx?DocumentId=17439,https://pub-newwestcity.escribemeetings.com/Players/ISIStandAlonePlayer.aspx?Id=c7a98059-b1e1-43c4-b168-ab43b6d43f2d,https://councilrecord.ca/newwest.html#vote/ie1lzw,THAT Council receive this report for information; and THAT Council direct staff to proceed with Next Steps as outlined in this report.
2023-10-16,Council Meeting,,"Zoning Amendment Bylaw (902 First Street) No. 8418, 2023",Main motion,Carried,7,0,0,,,In favour,In favour,In favour,In favour,In favour,In favour,In favour,Development; Transportation,1 of 3,,,https://pub-newwestcity.escribemeetings.com/FileStream.ashx?DocumentId=17439,https://pub-newwestcity.escribemeetings.com/Players/ISIStandAlonePlayer.aspx?Id=c7a98059-b1e1-43c4-b168-ab43b6d43f2d,https://councilrecord.ca/newwest.html#vote/1kot5wh,"THAT Council give Zoning Amendment Bylaw (902 First Street) No. 8418, 2023 first reading."
2023-10-16,Council Meeting,,"Zoning Amendment Bylaw (902 First Street) No. 8418, 2023",Main motion,Carried,7,0,0,,,In favour,In favour,In favour,In favour,In favour,In favour,In favour,Development; Transportation,2 of 3,,,https://pub-newwestcity.escribemeetings.com/FileStream.ashx?DocumentId=17439,https://pub-newwestcity.escribemeetings.com/Players/ISIStandAlonePlayer.aspx?Id=c7a98059-b1e1-43c4-b168-ab43b6d43f2d,https://councilrecord.ca/newwest.html#vote/1b6p2xr,"THAT Council give Zoning Amendment Bylaw (902 First Street) No. 8418, 2023 second reading."
2023-10-16,Council Meeting,,"Zoning Amendment Bylaw (902 First Street) No. 8418, 2023",Main motion,Carried,7,0,0,,,In favour,In favour,In favour,In favour,In favour,In favour,In favour,Development; Transportation,3 of 3,,,https://pub-newwestcity.escribemeetings.com/FileStream.ashx?DocumentId=17439,https://pub-newwestcity.escribemeetings.com/Players/ISIStandAlonePlayer.aspx?Id=c7a98059-b1e1-43c4-b168-ab43b6d43f2d,https://councilrecord.ca/newwest.html#vote/x6i8mp,"THAT Council give Zoning Amendment Bylaw (902 First Street) No. 8418, 2023 third reading."
2023-10-16,Council Meeting,,"Uptown Business Improvement Area Bylaw No. 8424, 2023",Main motion,Carried,7,0,0,,,In favour,In favour,In favour,In favour,In favour,In favour,In favour,Development; Business & economy,1 of 3,,,https://pub-newwestcity.escribemeetings.com/FileStream.ashx?DocumentId=17439,https://pub-newwestcity.escribemeetings.com/Players/ISIStandAlonePlayer.aspx?Id=c7a98059-b1e1-43c4-b168-ab43b6d43f2d,https://councilrecord.ca/newwest.html#vote/1d5p8tk,"THAT Council give Uptown Business Improvement Area Bylaw No. 8424, 2023 first reading."
2023-10-16,Council Meeting,,"Uptown Business Improvement Area Bylaw No. 8424, 2023",Main motion,Carried,7,0,0,,,In favour,In favour,In favour,In favour,In favour,In favour,In favour,Development; Business & economy,2 of 3,,,https://pub-newwestcity.escribemeetings.com/FileStream.ashx?DocumentId=17439,https://pub-newwestcity.escribemeetings.com/Players/ISIStandAlonePlayer.aspx?Id=c7a98059-b1e1-43c4-b168-ab43b6d43f2d,https://councilrecord.ca/newwest.html#vote/k73ei9,"THAT Council give Uptown Business Improvement Area Bylaw No. 8424, 2023 second reading."
2023-10-16,Council Meeting,,"Uptown Business Improvement Area Bylaw No. 8424, 2023",Main motion,Carried,7,0,0,,,In favour,In favour,In favour,In favour,In favour,In favour,In favour,Development; Business & economy,3 of 3,,,https://pub-newwestcity.escribemeetings.com/FileStream.ashx?DocumentId=17439,https://pub-newwestcity.escribemeetings.com/Players/ISIStandAlonePlayer.aspx?Id=c7a98059-b1e1-43c4-b168-ab43b6d43f2d,https://councilrecord.ca/newwest.html#vote/31boc8,"THAT Council give Uptown Business Improvement Area Bylaw No. 8424, 2023 third reading."
2023-10-16,Council Meeting,,"Permissive Tax Exemption Bylaw No. 8419, 2023",Main motion,Carried,7,0,0,,,In favour,In favour,In favour,In favour,In favour,In favour,In favour,Development; Taxes & spending,,,,https://pub-newwestcity.escribemeetings.com/FileStream.ashx?DocumentId=17439,https://pub-newwestcity.escribemeetings.com/Players/ISIStandAlonePlayer.aspx?Id=c7a98059-b1e1-43c4-b168-ab43b6d43f2d,https://councilrecord.ca/newwest.html#vote/5a0mq7,"THAT Council adopt Permissive Tax Exemption Bylaw No. 8419, 2023."
2023-10-16,Council Meeting,,"Zoning Amendment Bylaw (376 Keary Street) No. 8404, 2023",Main motion,Carried,7,0,0,,,In favour,In favour,In favour,In favour,In favour,In favour,In favour,Development; Transportation,,,,https://pub-newwestcity.escribemeetings.com/FileStream.ashx?DocumentId=17439,https://pub-newwestcity.escribemeetings.com/Players/ISIStandAlonePlayer.aspx?Id=c7a98059-b1e1-43c4-b168-ab43b6d43f2d,https://councilrecord.ca/newwest.html#vote/z3606x,"THAT Council adopt Zoning Amendment Bylaw (376 Keary Street) No. 8404, 2023."
2023-10-30,Council Meeting,,Reports And Presentations For Council Discussion And,Main motion,Carried,7,0,0,,,In favour,In favour,In favour,In favour,In favour,In favour,In favour,Public services,,,,https://pub-newwestcity.escribemeetings.com/FileStream.ashx?DocumentId=17599,https://pub-newwestcity.escribemeetings.com/Players/ISIStandAlonePlayer.aspx?Id=d7de2fd7-8dc5-4057-b928-87554b52baab,https://councilrecord.ca/newwest.html#vote/ry7psw,THAT Council receive the report titled 2023 Point-in-Time Homeless Count: Key Findings and Messages for information.
2023-10-30,Council Meeting,,"Responding to the Homelessness, Mental Health and Substance Use",Main motion,Carried,7,0,0,,,In favour,In favour,In favour,In favour,In favour,In favour,In favour,Public services,,,,https://pub-newwestcity.escribemeetings.com/FileStream.ashx?DocumentId=17599,https://pub-newwestcity.escribemeetings.com/Players/ISIStandAlonePlayer.aspx?Id=d7de2fd7-8dc5-4057-b928-87554b52baab,https://councilrecord.ca/newwest.html#vote/g3wa4m,THAT Council request staff report back regarding an identified set of targets and intended outcomes as they pertain to the 2-year organizational pilot project and implementation strategy; and THAT Staff report back on a quarterly basis regarding how much funding has been secured from the federal and provincial governments to offset the cost of this pilot project.
2023-10-30,Council Meeting,,Canada Games Pool Tank Leak Causation Investigation Results,Main motion,Carried,7,0,0,,,In favour,In favour,In favour,In favour,In favour,In favour,In favour,Parks & recreation,,,,https://pub-newwestcity.escribemeetings.com/FileStream.ashx?DocumentId=17599,https://pub-newwestcity.escribemeetings.com/Players/ISIStandAlonePlayer.aspx?Id=d7de2fd7-8dc5-4057-b928-87554b52baab,https://councilrecord.ca/newwest.html#vote/1coa0fv,THAT Council receive this report for information on the Canada Games Pool Tank Leak causation investigation results.
2023-10-30,Council Meeting,,Report Back on Council Motion Regarding New Westminster,Main motion,Carried,7,0,0,,,In favour,In favour,In favour,In favour,In favour,In favour,In favour,Other,,,,https://pub-newwestcity.escribemeetings.com/FileStream.ashx?DocumentId=17599,https://pub-newwestcity.escribemeetings.com/Players/ISIStandAlonePlayer.aspx?Id=d7de2fd7-8dc5-4057-b928-87554b52baab,https://councilrecord.ca/newwest.html#vote/5tnyxf,THAT Council receive this report and confirm that staff should continue to incorporate 15-minute city principles into existing and upcoming planning and infrastructure work rather than create a standalone plan for becoming a 15-minute city.
2023-10-30,Council Meeting,,"Anvil Theatre Fees and Charges Amendments Bylaw No. 8426, 2023 – first reading",Main motion,Carried,7,0,0,,,In favour,In favour,In favour,In favour,In favour,In favour,In favour,Development; Taxes & spending,,,,https://pub-newwestcity.escribemeetings.com/FileStream.ashx?DocumentId=17599,https://pub-newwestcity.escribemeetings.com/Players/ISIStandAlonePlayer.aspx?Id=d7de2fd7-8dc5-4057-b928-87554b52baab,https://councilrecord.ca/newwest.html#vote/12dhok9,"THAT Council give Anvil Theatre Fees and Charges Amendments Bylaw No. 8426, 2023 first reading."
2023-10-30,Council Meeting,,"Anvil Theatre Fees and Charges Amendments Bylaw No. 8426, 2023 – second reading",Main motion,Carried,7,0,0,,,In favour,In favour,In favour,In favour,In favour,In favour,In favour,Development; Taxes & spending,,,,https://pub-newwestcity.escribemeetings.com/FileStream.ashx?DocumentId=17599,https://pub-newwestcity.escribemeetings.com/Players/ISIStandAlonePlayer.aspx?Id=d7de2fd7-8dc5-4057-b928-87554b52baab,https://councilrecord.ca/newwest.html#vote/ub067,"THAT Council give Anvil Theatre Fees and Charges Amendments Bylaw No. 8426, 2023 second reading."
2023-10-30,Council Meeting,,"Anvil Theatre Fees and Charges Amendments Bylaw No. 8426, 2023 – third reading",Main motion,Carried,7,0,0,,,In favour,In favour,In favour,In favour,In favour,In favour,In favour,Development; Taxes & spending,,,,https://pub-newwestcity.escribemeetings.com/FileStream.ashx?DocumentId=17599,https://pub-newwestcity.escribemeetings.com/Players/ISIStandAlonePlayer.aspx?Id=d7de2fd7-8dc5-4057-b928-87554b52baab,https://councilrecord.ca/newwest.html#vote/r0mxrk,"THAT Council give Anvil Theatre Fees and Charges Amendments Bylaw No. 8426, 2023 third reading."
2023-10-30,Council Meeting,,Business License Amendment Bylaw (2024 Fee Schedule) No.,Main motion,Carried,7,0,0,,,In favour,In favour,In favour,In favour,In favour,In favour,In favour,Taxes & spending; Business & economy,1 of 3,,,https://pub-newwestcity.escribemeetings.com/FileStream.ashx?DocumentId=17599,https://pub-newwestcity.escribemeetings.com/Players/ISIStandAlonePlayer.aspx?Id=d7de2fd7-8dc5-4057-b928-87554b52baab,https://councilrecord.ca/newwest.html#vote/13i0sg,"THAT Council give Business License Amendment Bylaw (2024 Fee Schedule) No. 8420, 2023 first reading."
2023-10-30,Council Meeting,,Business License Amendment Bylaw (2024 Fee Schedule) No.,Main motion,Carried,7,0,0,,,In favour,In favour,In favour,In favour,In favour,In favour,In favour,Taxes & spending; Business & economy,2 of 3,,,https://pub-newwestcity.escribemeetings.com/FileStream.ashx?DocumentId=17599,https://pub-newwestcity.escribemeetings.com/Players/ISIStandAlonePlayer.aspx?Id=d7de2fd7-8dc5-4057-b928-87554b52baab,https://councilrecord.ca/newwest.html#vote/32k8e9,"THAT Council give Business License Amendment Bylaw (2024 Fee Schedule) No. 8420, 2023 second reading."
2023-10-30,Council Meeting,,Business License Amendment Bylaw (2024 Fee Schedule) No.,Main motion,Carried,7,0,0,,,In favour,In favour,In favour,In favour,In favour,In favour,In favour,Taxes & spending; Business & economy,3 of 3,,,https://pub-newwestcity.escribemeetings.com/FileStream.ashx?DocumentId=17599,https://pub-newwestcity.escribemeetings.com/Players/ISIStandAlonePlayer.aspx?Id=d7de2fd7-8dc5-4057-b928-87554b52baab,https://councilrecord.ca/newwest.html#vote/1f3pxu8,"THAT Council give Business License Amendment Bylaw (2024 Fee Schedule) No. 8420, 2023 third reading."
2023-10-30,Council Meeting,,"Climate Action, Planning and Development Fees and Rates",Main motion,Carried,7,0,0,,,In favour,In favour,In favour,In favour,In favour,In favour,In favour,Development; Taxes & spending; Environment & climate,1 of 3,,,https://pub-newwestcity.escribemeetings.com/FileStream.ashx?DocumentId=17599,https://pub-newwestcity.escribemeetings.com/Players/ISIStandAlonePlayer.aspx?Id=d7de2fd7-8dc5-4057-b928-87554b52baab,https://councilrecord.ca/newwest.html#vote/1odith4,"THAT Council give Climate Action, Planning and Development Fees and Rates Bylaw No. 8428, 2023 first reading."
2023-10-30,Council Meeting,,"Climate Action, Planning and Development Fees and Rates",Main motion,Carried,7,0,0,,,In favour,In favour,In favour,In favour,In favour,In favour,In favour,Development; Taxes & spending; Environment & climate,2 of 3,,,https://pub-newwestcity.escribemeetings.com/FileStream.ashx?DocumentId=17599,https://pub-newwestcity.escribemeetings.com/Players/ISIStandAlonePlayer.aspx?Id=d7de2fd7-8dc5-4057-b928-87554b52baab,https://councilrecord.ca/newwest.html#vote/9xgh8m,"THAT Council give Climate Action, Planning and Development Fees and Rates Bylaw No. 8428, 2023 second reading."
2023-10-30,Council Meeting,,"Climate Action, Planning and Development Fees and Rates",Main motion,Carried,7,0,0,,,In favour,In favour,In favour,In favour,In favour,In favour,In favour,Development; Taxes & spending; Environment & climate,3 of 3,,,https://pub-newwestcity.escribemeetings.com/FileStream.ashx?DocumentId=17599,https://pub-newwestcity.escribemeetings.com/Players/ISIStandAlonePlayer.aspx?Id=d7de2fd7-8dc5-4057-b928-87554b52baab,https://councilrecord.ca/newwest.html#vote/r9iug8,"THAT Council give Climate Action, Planning and Development Fees and Rates Bylaw No. 8428, 2023 third reading."
2023-10-30,Council Meeting,,Cultural Services Fees and Charges Amendment Bylaw No.,Main motion,Carried,7,0,0,,,In favour,In favour,In favour,In favour,In favour,In favour,In favour,Development; Taxes & spending,1 of 9,,,https://pub-newwestcity.escribemeetings.com/FileStream.ashx?DocumentId=17599,https://pub-newwestcity.escribemeetings.com/Players/ISIStandAlonePlayer.aspx?Id=d7de2fd7-8dc5-4057-b928-87554b52baab,https://councilrecord.ca/newwest.html#vote/1m188kr,"THAT Council give Cultural Services Fees and Charges Amendment Bylaw No. 8430, 2023 first reading."
2023-10-30,Council Meeting,,Cultural Services Fees and Charges Amendment Bylaw No.,Main motion,Carried,7,0,0,,,In favour,In favour,In favour,In favour,In favour,In favour,In favour,Development; Taxes & spending,2 of 9,,,https://pub-newwestcity.escribemeetings.com/FileStream.ashx?DocumentId=17599,https://pub-newwestcity.escribemeetings.com/Players/ISIStandAlonePlayer.aspx?Id=d7de2fd7-8dc5-4057-b928-87554b52baab,https://councilrecord.ca/newwest.html#vote/goe6x8,"THAT Council give Cultural Services Fees and Charges Amendment Bylaw No. 8430, 2023 second reading."
2023-10-30,Council Meeting,,Cultural Services Fees and Charges Amendment Bylaw No.,Main motion,Carried,7,0,0,,,In favour,In favour,In favour,In favour,In favour,In favour,In favour,Development; Taxes & spending,3 of 9,,,https://pub-newwestcity.escribemeetings.com/FileStream.ashx?DocumentId=17599,https://pub-newwestcity.escribemeetings.com/Players/ISIStandAlonePlayer.aspx?Id=d7de2fd7-8dc5-4057-b928-87554b52baab,https://councilrecord.ca/newwest.html#vote/toa9ob,"THAT Council give Cultural Services Fees and Charges Amendment Bylaw No. 8430, 2023 third reading."
2023-10-30,Council Meeting,,Cultural Services Fees and Charges Amendment Bylaw No.,Main motion,Carried,7,0,0,,,In favour,In favour,In favour,In favour,In favour,In favour,In favour,Development; Taxes & spending; Public services,4 of 9,,,https://pub-newwestcity.escribemeetings.com/FileStream.ashx?DocumentId=17599,https://pub-newwestcity.escribemeetings.com/Players/ISIStandAlonePlayer.aspx?Id=d7de2fd7-8dc5-4057-b928-87554b52baab,https://councilrecord.ca/newwest.html#vote/1dnjjqr,"THAT Council give Electrical Utility 2024 Charges Amendment Bylaw No. 8432, 2023 first reading."
2023-10-30,Council Meeting,,Cultural Services Fees and Charges Amendment Bylaw No.,Main motion,Carried,7,0,0,,,In favour,In favour,In favour,In favour,In favour,In favour,In favour,Development; Taxes & spending; Public services,5 of 9,,,https://pub-newwestcity.escribemeetings.com/FileStream.ashx?DocumentId=17599,https://pub-newwestcity.escribemeetings.com/Players/ISIStandAlonePlayer.aspx?Id=d7de2fd7-8dc5-4057-b928-87554b52baab,https://councilrecord.ca/newwest.html#vote/1e2dkp5,"THAT Council give Electrical Utility 2024 Charges Amendment Bylaw No. 8432, 2023 second reading."
2023-10-30,Council Meeting,,Cultural Services Fees and Charges Amendment Bylaw No.,Main motion,Carried,7,0,0,,,In favour,In favour,In favour,In favour,In favour,In favour,In favour,Development; Taxes & spending; Public services,6 of 9,,,https://pub-newwestcity.escribemeetings.com/FileStream.ashx?DocumentId=17599,https://pub-newwestcity.escribemeetings.com/Players/ISIStandAlonePlayer.aspx?Id=d7de2fd7-8dc5-4057-b928-87554b52baab,https://councilrecord.ca/newwest.html#vote/2jpspv,"THAT Council give Electrical Utility 2024 Charges Amendment Bylaw No. 8432, 2023 third reading."
2023-10-30,Council Meeting,,Cultural Services Fees and Charges Amendment Bylaw No.,Main motion,Carried,7,0,0,,,In favour,In favour,In favour,In favour,In favour,In favour,In favour,Development; Taxes & spending,7 of 9,,,https://pub-newwestcity.escribemeetings.com/FileStream.ashx?DocumentId=17599,https://pub-newwestcity.escribemeetings.com/Players/ISIStandAlonePlayer.aspx?Id=d7de2fd7-8dc5-4057-b928-87554b52baab,https://councilrecord.ca/newwest.html#vote/1joenhn,"THAT Council give Engineering User Fees and Rates Amendment Bylaw No. 8423, 2023 first reading."
2023-10-30,Council Meeting,,Cultural Services Fees and Charges Amendment Bylaw No.,Main motion,Carried,7,0,0,,,In favour,In favour,In favour,In favour,In favour,In favour,In favour,Development; Taxes & spending,8 of 9,,,https://pub-newwestcity.escribemeetings.com/FileStream.ashx?DocumentId=17599,https://pub-newwestcity.escribemeetings.com/Players/ISIStandAlonePlayer.aspx?Id=d7de2fd7-8dc5-4057-b928-87554b52baab,https://councilrecord.ca/newwest.html#vote/gnfroo,"THAT Council give Engineering User Fees and Rates Amendment Bylaw No. 8423, 2023 second reading."
2023-10-30,Council Meeting,,Cultural Services Fees and Charges Amendment Bylaw No.,Main motion,Carried,7,0,0,,,In favour,In favour,In favour,In favour,In favour,In favour,In favour,Development; Taxes & spending,9 of 9,,,https://pub-newwestcity.escribemeetings.com/FileStream.ashx?DocumentId=17599,https://pub-newwestcity.escribemeetings.com/Players/ISIStandAlonePlayer.aspx?Id=d7de2fd7-8dc5-4057-b928-87554b52baab,https://councilrecord.ca/newwest.html#vote/w13i4b,"THAT Council give Engineering User Fees and Rates Amendment Bylaw No. 8423, 2023 third reading."
2023-10-30,Council Meeting,,"Fire Protection Amendment Bylaw No. 8431, 2023",Main motion,Carried,7,0,0,,,In favour,In favour,In favour,In favour,In favour,In favour,In favour,Development; Public services,1 of 3,,,https://pub-newwestcity.escribemeetings.com/FileStream.ashx?DocumentId=17599,https://pub-newwestcity.escribemeetings.com/Players/ISIStandAlonePlayer.aspx?Id=d7de2fd7-8dc5-4057-b928-87554b52baab,https://councilrecord.ca/newwest.html#vote/1ew4me3,"THAT Council give Fire Protection Amendment Bylaw No. 8431, 2023 first reading."
2023-10-30,Council Meeting,,"Fire Protection Amendment Bylaw No. 8431, 2023",Main motion,Carried,7,0,0,,,In favour,In favour,In favour,In favour,In favour,In favour,In favour,Development; Public services,2 of 3,,,https://pub-newwestcity.escribemeetings.com/FileStream.ashx?DocumentId=17599,https://pub-newwestcity.escribemeetings.com/Players/ISIStandAlonePlayer.aspx?Id=d7de2fd7-8dc5-4057-b928-87554b52baab,https://councilrecord.ca/newwest.html#vote/7e3th0,"THAT Council give Fire Protection Amendment Bylaw No. 8431, 2023 second reading."
2023-10-30,Council Meeting,,"Fire Protection Amendment Bylaw No. 8431, 2023",Main motion,Carried,7,0,0,,,In favour,In favour,In favour,In favour,In favour,In favour,In favour,Development; Public services,3 of 3,,,https://pub-newwestcity.escribemeetings.com/FileStream.ashx?DocumentId=17599,https://pub-newwestcity.escribemeetings.com/Players/ISIStandAlonePlayer.aspx?Id=d7de2fd7-8dc5-4057-b928-87554b52baab,https://councilrecord.ca/newwest.html#vote/3is0gb,"THAT Council give Fire Protection Amendment Bylaw No. 8431, 2023 third reading."
2023-10-30,Council Meeting,,"Zoning Amendment Bylaw (902 First Street) No. 8418, 2023",Main motion,Carried,7,0,0,,,In favour,In favour,In favour,In favour,In favour,In favour,In favour,Development; Transportation,,,,https://pub-newwestcity.escribemeetings.com/FileStream.ashx?DocumentId=17599,https://pub-newwestcity.escribemeetings.com/Players/ISIStandAlonePlayer.aspx?Id=d7de2fd7-8dc5-4057-b928-87554b52baab,https://councilrecord.ca/newwest.html#vote/21wdkz,"THAT Council adopt Zoning Amendment Bylaw (902 First Street) No. 8418, 2023."
2023-10-30,Council Meeting,,Amending the City's separation allowance policy to eliminate,Main motion,Defeated,2,5,0,,,Against,Against,In favour,Against,Against,In favour,Against,Taxes & spending; Governance & elections,,,,https://pub-newwestcity.escribemeetings.com/FileStream.ashx?DocumentId=17599,https://pub-newwestcity.escribemeetings.com/Players/ISIStandAlonePlayer.aspx?Id=d7de2fd7-8dc5-4057-b928-87554b52baab,https://councilrecord.ca/newwest.html#vote/cf8d6s,"THAT Council request legal counsel to draft an amendment to the Council Remuneration Policy such that the separation allowance be set up as a salary continuance for a maximum of 12 months that can be terminated upon a former Council member becoming gainfully employed full-time within the first year after ceasing to serve on Council, rather than as a lump sum payment at the time of separation."
2023-10-30,Council Meeting,,"Letter from School Board dated October 25, 2023 Regarding Trustee",Main motion,Carried,7,0,0,,,In favour,In favour,In favour,In favour,In favour,In favour,In favour,Neighbourhood character; Governance & elections,,,,https://pub-newwestcity.escribemeetings.com/FileStream.ashx?DocumentId=17599,https://pub-newwestcity.escribemeetings.com/Players/ISIStandAlonePlayer.aspx?Id=d7de2fd7-8dc5-4057-b928-87554b52baab,https://councilrecord.ca/newwest.html#vote/1wfvjqy,"THAT Council receive the on-table Letter from the School Board dated October 25, 2023 Regarding Trustee Resignation and By-Election."
2023-11-06,Council Meeting,,Anvil Centre Engagement Objectives,Main motion,Carried,7,0,0,,,In favour,In favour,In favour,In favour,In favour,In favour,In favour,Other,,,,https://pub-newwestcity.escribemeetings.com/FileStream.ashx?DocumentId=17601,https://pub-newwestcity.escribemeetings.com/Players/ISIStandAlonePlayer.aspx?Id=8e7bee53-c3e3-463d-85fe-ea11a03dd196,https://councilrecord.ca/newwest.html#vote/1swtwsn,THAT Council endorse the Engagement Objectives outlined in this report; and THAT Council endorse the Next Steps for engagement as outlined in this report.
2023-11-06,Council Meeting,,Motion Response: Increasing Access to Fresh Drinking Water for,Amendment,Carried,4,3,0,,,In favour,In favour,Against,In favour,Against,Against,In favour,Public services,,,,https://pub-newwestcity.escribemeetings.com/FileStream.ashx?DocumentId=17601,https://pub-newwestcity.escribemeetings.com/Players/ISIStandAlonePlayer.aspx?Id=8e7bee53-c3e3-463d-85fe-ea11a03dd196,https://councilrecord.ca/newwest.html#vote/1ky991,THAT the motion be amended to remove “and temporary”.
2023-11-06,Council Meeting,,Heritage Revitalization Agreement (441 Fader Street) Bylaw,Main motion,Carried,7,0,0,,,In favour,In favour,In favour,In favour,In favour,In favour,In favour,Housing & density; Development; Transportation; Neighbourhood character,1 of 2,,,https://pub-newwestcity.escribemeetings.com/FileStream.ashx?DocumentId=17601,https://pub-newwestcity.escribemeetings.com/Players/ISIStandAlonePlayer.aspx?Id=8e7bee53-c3e3-463d-85fe-ea11a03dd196,https://councilrecord.ca/newwest.html#vote/gd9f1u,"THAT Council give Heritage Revitalization Agreement (441 Fader Street) Bylaw No. 8406, 2023 first reading."
2023-11-06,Council Meeting,,Heritage Revitalization Agreement (441 Fader Street) Bylaw,Main motion,Carried,7,0,0,,,In favour,In favour,In favour,In favour,In favour,In favour,In favour,Housing & density; Development; Transportation; Neighbourhood character,2 of 2,,,https://pub-newwestcity.escribemeetings.com/FileStream.ashx?DocumentId=17601,https://pub-newwestcity.escribemeetings.com/Players/ISIStandAlonePlayer.aspx?Id=8e7bee53-c3e3-463d-85fe-ea11a03dd196,https://councilrecord.ca/newwest.html#vote/ol228b,"THAT Council give Heritage Revitalization Agreement (441 Fader Street) Bylaw No. 8406, 2023 second reading."
2023-11-06,Council Meeting,,"Heritage Designation (441 Fader Street) Bylaw No. 8407, 2023",Main motion,Carried,7,0,0,,,In favour,In favour,In favour,In favour,In favour,In favour,In favour,Development; Transportation; Neighbourhood character,1 of 5,,,https://pub-newwestcity.escribemeetings.com/FileStream.ashx?DocumentId=17601,https://pub-newwestcity.escribemeetings.com/Players/ISIStandAlonePlayer.aspx?Id=8e7bee53-c3e3-463d-85fe-ea11a03dd196,https://councilrecord.ca/newwest.html#vote/4m4dxb,"THAT Council give Heritage Designation (441 Fader Street) Bylaw No. 8407, 2023 first reading."
2023-11-06,Council Meeting,,"Heritage Designation (441 Fader Street) Bylaw No. 8407, 2023",Main motion,Carried,7,0,0,,,In favour,In favour,In favour,In favour,In favour,In favour,In favour,Development; Transportation; Neighbourhood character,2 of 5,,,https://pub-newwestcity.escribemeetings.com/FileStream.ashx?DocumentId=17601,https://pub-newwestcity.escribemeetings.com/Players/ISIStandAlonePlayer.aspx?Id=8e7bee53-c3e3-463d-85fe-ea11a03dd196,https://councilrecord.ca/newwest.html#vote/ajktzm,"THAT Council give Heritage Designation (441 Fader Street) Bylaw No. 8407, 2023 second reading."
2023-11-06,Council Meeting,,"Heritage Designation (441 Fader Street) Bylaw No. 8407, 2023",Main motion,Carried,7,0,0,,,In favour,In favour,In favour,In favour,In favour,In favour,In favour,Development; Taxes & spending; Transportation; Neighbourhood character,3 of 5,,,https://pub-newwestcity.escribemeetings.com/FileStream.ashx?DocumentId=17601,https://pub-newwestcity.escribemeetings.com/Players/ISIStandAlonePlayer.aspx?Id=8e7bee53-c3e3-463d-85fe-ea11a03dd196,https://councilrecord.ca/newwest.html#vote/15zzmsl,"THAT Council give Growing Communities Fund Reserve Fund Bylaw No. 8415, 2023 first reading."
2023-11-06,Council Meeting,,"Heritage Designation (441 Fader Street) Bylaw No. 8407, 2023",Main motion,Carried,7,0,0,,,In favour,In favour,In favour,In favour,In favour,In favour,In favour,Development; Taxes & spending; Transportation; Neighbourhood character,4 of 5,,,https://pub-newwestcity.escribemeetings.com/FileStream.ashx?DocumentId=17601,https://pub-newwestcity.escribemeetings.com/Players/ISIStandAlonePlayer.aspx?Id=8e7bee53-c3e3-463d-85fe-ea11a03dd196,https://councilrecord.ca/newwest.html#vote/1c2ae54,"THAT Council give Growing Communities Fund Reserve Fund Bylaw No. 8415, 2023 second reading."
2023-11-06,Council Meeting,,"Heritage Designation (441 Fader Street) Bylaw No. 8407, 2023",Main motion,Carried,7,0,0,,,In favour,In favour,In favour,In favour,In favour,In favour,In favour,Development; Taxes & spending; Transportation; Neighbourhood character,5 of 5,,,https://pub-newwestcity.escribemeetings.com/FileStream.ashx?DocumentId=17601,https://pub-newwestcity.escribemeetings.com/Players/ISIStandAlonePlayer.aspx?Id=8e7bee53-c3e3-463d-85fe-ea11a03dd196,https://councilrecord.ca/newwest.html#vote/ccowtx,"THAT Council give Growing Communities Fund Reserve Fund Bylaw No. 8415, 2023 third reading."
2023-11-06,Council Meeting,,"Housing Agreement (810 Agnes Street) Bylaw No 8389, 2023",Main motion,Carried,7,0,0,,,In favour,In favour,In favour,In favour,In favour,In favour,In favour,Housing & density; Transportation,1 of 3,,,https://pub-newwestcity.escribemeetings.com/FileStream.ashx?DocumentId=17601,https://pub-newwestcity.escribemeetings.com/Players/ISIStandAlonePlayer.aspx?Id=8e7bee53-c3e3-463d-85fe-ea11a03dd196,https://councilrecord.ca/newwest.html#vote/ybeg4a,"THAT Council give Housing Agreement (810 Agnes Street) Bylaw No 8389, 2023 first reading."
2023-11-06,Council Meeting,,"Housing Agreement (810 Agnes Street) Bylaw No 8389, 2023",Main motion,Carried,7,0,0,,,In favour,In favour,In favour,In favour,In favour,In favour,In favour,Housing & density; Transportation,2 of 3,,,https://pub-newwestcity.escribemeetings.com/FileStream.ashx?DocumentId=17601,https://pub-newwestcity.escribemeetings.com/Players/ISIStandAlonePlayer.aspx?Id=8e7bee53-c3e3-463d-85fe-ea11a03dd196,https://councilrecord.ca/newwest.html#vote/7oph18,"THAT Council give Housing Agreement (810 Agnes Street) Bylaw No 8389, 2023 second reading."
2023-11-06,Council Meeting,,"Housing Agreement (810 Agnes Street) Bylaw No 8389, 2023",Main motion,Carried,7,0,0,,,In favour,In favour,In favour,In favour,In favour,In favour,In favour,Housing & density; Transportation,3 of 3,,,https://pub-newwestcity.escribemeetings.com/FileStream.ashx?DocumentId=17601,https://pub-newwestcity.escribemeetings.com/Players/ISIStandAlonePlayer.aspx?Id=8e7bee53-c3e3-463d-85fe-ea11a03dd196,https://councilrecord.ca/newwest.html#vote/1hei2ve,"THAT Council give Housing Agreement (810 Agnes Street) Bylaw No 8389, 2023 third reading."
2023-11-06,Council Meeting,,"Council adopt Anvil Theatre Fees and Charges Amendments Bylaw No. 8426, 2023",Main motion,Carried,7,0,0,,,In favour,In favour,In favour,In favour,In favour,In favour,In favour,Development; Taxes & spending,,,,https://pub-newwestcity.escribemeetings.com/FileStream.ashx?DocumentId=17601,https://pub-newwestcity.escribemeetings.com/Players/ISIStandAlonePlayer.aspx?Id=8e7bee53-c3e3-463d-85fe-ea11a03dd196,https://councilrecord.ca/newwest.html#vote/llb5kk,"THAT Council adopt Anvil Theatre Fees and Charges Amendments Bylaw No. 8426, 2023."
2023-11-06,Council Meeting,,Business License Amendment Bylaw (2024 Fee Schedule) No.,Main motion,Carried,7,0,0,,,In favour,In favour,In favour,In favour,In favour,In favour,In favour,Taxes & spending; Business & economy,,,,https://pub-newwestcity.escribemeetings.com/FileStream.ashx?DocumentId=17601,https://pub-newwestcity.escribemeetings.com/Players/ISIStandAlonePlayer.aspx?Id=8e7bee53-c3e3-463d-85fe-ea11a03dd196,https://councilrecord.ca/newwest.html#vote/ev458w,"THAT Council adopt Business License Amendment Bylaw (2024 Fee Schedule) No. 8420, 2023."
2023-11-06,Council Meeting,,"Climate Action, Planning and Development Fees and Rates",Main motion,Carried,7,0,0,,,In favour,In favour,In favour,In favour,In favour,In favour,In favour,Development; Taxes & spending; Environment & climate,,,,https://pub-newwestcity.escribemeetings.com/FileStream.ashx?DocumentId=17601,https://pub-newwestcity.escribemeetings.com/Players/ISIStandAlonePlayer.aspx?Id=8e7bee53-c3e3-463d-85fe-ea11a03dd196,https://councilrecord.ca/newwest.html#vote/hck32p,"THAT Council adopt Climate Action, Planning and Development Fees and Rates Amendment Bylaw No. 8428, 2023."
2023-11-06,Council Meeting,,Cultural Services Fees and Charges Amendment Bylaw No.,Main motion,Carried,7,0,0,,,In favour,In favour,In favour,In favour,In favour,In favour,In favour,Development; Taxes & spending,1 of 3,,,https://pub-newwestcity.escribemeetings.com/FileStream.ashx?DocumentId=17601,https://pub-newwestcity.escribemeetings.com/Players/ISIStandAlonePlayer.aspx?Id=8e7bee53-c3e3-463d-85fe-ea11a03dd196,https://councilrecord.ca/newwest.html#vote/15usyc8,"THAT Council adopt Cultural Services Fees and Charges Amendment Bylaw No. 8430, 2023."
2023-11-06,Council Meeting,,Cultural Services Fees and Charges Amendment Bylaw No.,Main motion,Carried,7,0,0,,,In favour,In favour,In favour,In favour,In favour,In favour,In favour,Development; Taxes & spending; Public services,2 of 3,,,https://pub-newwestcity.escribemeetings.com/FileStream.ashx?DocumentId=17601,https://pub-newwestcity.escribemeetings.com/Players/ISIStandAlonePlayer.aspx?Id=8e7bee53-c3e3-463d-85fe-ea11a03dd196,https://councilrecord.ca/newwest.html#vote/h1j7uy,"THAT Council adopt Electrical Utility 2024 Charges Amendment Bylaw No. 8432, 2023."
2023-11-06,Council Meeting,,Cultural Services Fees and Charges Amendment Bylaw No.,Main motion,Carried,7,0,0,,,In favour,In favour,In favour,In favour,In favour,In favour,In favour,Development; Taxes & spending,3 of 3,,,https://pub-newwestcity.escribemeetings.com/FileStream.ashx?DocumentId=17601,https://pub-newwestcity.escribemeetings.com/Players/ISIStandAlonePlayer.aspx?Id=8e7bee53-c3e3-463d-85fe-ea11a03dd196,https://councilrecord.ca/newwest.html#vote/1g5ox27,"THAT Council adopt Engineering User Fees and Rates Amendment Bylaw No. 8423, 2023."
2023-11-06,Council Meeting,,"Fire Protection Amendment Bylaw No. 8431, 2023",Main motion,Carried,7,0,0,,,In favour,In favour,In favour,In favour,In favour,In favour,In favour,Development; Public services,,,,https://pub-newwestcity.escribemeetings.com/FileStream.ashx?DocumentId=17601,https://pub-newwestcity.escribemeetings.com/Players/ISIStandAlonePlayer.aspx?Id=8e7bee53-c3e3-463d-85fe-ea11a03dd196,https://councilrecord.ca/newwest.html#vote/6ebpg9,"THAT Council adopt Fire Protection Amendment Bylaw No. 8431, 2023."
2023-11-27,Council Meeting following Public Hearing,,"Heritage Revitalization Agreement (441 Fader Street) Bylaw No. 8406,",Main motion,Carried,7,0,0,,,In favour,In favour,In favour,In favour,In favour,In favour,In favour,Housing & density; Development; Transportation; Neighbourhood character,,,,https://pub-newwestcity.escribemeetings.com/FileStream.ashx?DocumentId=17897,https://pub-newwestcity.escribemeetings.com/Players/ISIStandAlonePlayer.aspx?Id=6dae187d-c402-444c-90e4-3a1b22112fa7,https://councilrecord.ca/newwest.html#vote/1ya2zy2,"THAT Council give Heritage Revitalization Agreement (441 Fader Street) Bylaw No. 8406, 2023 third reading."
2023-11-27,Council Meeting following Public Hearing,,"Heritage Designation (441 Fader Street) Bylaw No. 8407, 2023",Main motion,Carried,7,0,0,,,In favour,In favour,In favour,In favour,In favour,In favour,In favour,Development; Transportation; Neighbourhood character,,,,https://pub-newwestcity.escribemeetings.com/FileStream.ashx?DocumentId=17897,https://pub-newwestcity.escribemeetings.com/Players/ISIStandAlonePlayer.aspx?Id=6dae187d-c402-444c-90e4-3a1b22112fa7,https://councilrecord.ca/newwest.html#vote/ho66cs,"THAT Council give Heritage Designation (441 Fader Street) Bylaw No. 8407, 2023 third reading."
2023-11-27,Council Meeting following Public Hearing,,Report Back on Motion Regarding Speed Limits for Motorized,Main motion,Carried,7,0,0,,,In favour,In favour,In favour,In favour,In favour,In favour,In favour,Transportation,,,,https://pub-newwestcity.escribemeetings.com/FileStream.ashx?DocumentId=17897,https://pub-newwestcity.escribemeetings.com/Players/ISIStandAlonePlayer.aspx?Id=6dae187d-c402-444c-90e4-3a1b22112fa7,https://councilrecord.ca/newwest.html#vote/1mlojyb,THAT Council receive this report for information.
2023-11-27,Council Meeting following Public Hearing,,"Building Amendment Bylaw No. 8433, 2023: New Energy Step Code",Main motion,Carried,7,0,0,,,In favour,In favour,In favour,In favour,In favour,In favour,In favour,Development; Environment & climate,,,,https://pub-newwestcity.escribemeetings.com/FileStream.ashx?DocumentId=17897,https://pub-newwestcity.escribemeetings.com/Players/ISIStandAlonePlayer.aspx?Id=6dae187d-c402-444c-90e4-3a1b22112fa7,https://councilrecord.ca/newwest.html#vote/1nqzn1j,"THAT Council consider giving the attached Building Amendment Bylaw No. 8433, 2023 three readings in the Bylaws section of this Agenda."
2023-11-27,Council Meeting following Public Hearing,,City of New Westminster Guidelines to Promote Sex Worker Safety,Main motion,Carried,7,0,0,,,In favour,In favour,In favour,In favour,In favour,In favour,In favour,Taxes & spending,,,,https://pub-newwestcity.escribemeetings.com/FileStream.ashx?DocumentId=17897,https://pub-newwestcity.escribemeetings.com/Players/ISIStandAlonePlayer.aspx?Id=6dae187d-c402-444c-90e4-3a1b22112fa7,https://councilrecord.ca/newwest.html#vote/18lawpc,"THAT Council endorse the City of New Westminster Guidelines to Promote Sex Worker Safety. THAT Council approve that $5,000 be allocated from the Human Resources corporate learning and development budget for 2024 for staff training to promote sex worker safety. THAT Council direct staff to work with Living in Community and PACE to explore possible next steps related to sex worker safety in New Westminster."
2023-11-27,Council Meeting following Public Hearing,,Fair Wage Policy at the City of New Westminster,Main motion,Carried,7,0,0,,,In favour,In favour,In favour,In favour,In favour,In favour,In favour,Taxes & spending; Business & economy,,,,https://pub-newwestcity.escribemeetings.com/FileStream.ashx?DocumentId=17897,https://pub-newwestcity.escribemeetings.com/Players/ISIStandAlonePlayer.aspx?Id=6dae187d-c402-444c-90e4-3a1b22112fa7,https://councilrecord.ca/newwest.html#vote/1mm2ysd,THAT Council direct staff to proceed with the proposed workplan and funding request for phase one of a two-phased process to review the impact on the City by adopting a Fair Wage Policy and report back to Council in Q2 2024.
2023-11-27,Council Meeting following Public Hearing,,Food Security Programs: Update and Proposed Next Steps,Main motion,Carried,7,0,0,,,In favour,In favour,In favour,In favour,In favour,In favour,In favour,Public services,,,,https://pub-newwestcity.escribemeetings.com/FileStream.ashx?DocumentId=17897,https://pub-newwestcity.escribemeetings.com/Players/ISIStandAlonePlayer.aspx?Id=6dae187d-c402-444c-90e4-3a1b22112fa7,https://councilrecord.ca/newwest.html#vote/11gdn6,"THAT Council direct staff to meet with the Greater Vancouver Food Bank Society and the Don’t Go Hungry Food Program to better understand the issues facing them and to explore possible actions to minimize potential impacts on the clients of both programs, and to report back to Council based on an inter-departmental exploration of options."
2023-11-27,Council Meeting following Public Hearing,,Pavement Restoration Policy,Main motion,Carried,7,0,0,,,In favour,In favour,In favour,In favour,In favour,In favour,In favour,Development,,,,https://pub-newwestcity.escribemeetings.com/FileStream.ashx?DocumentId=17897,https://pub-newwestcity.escribemeetings.com/Players/ISIStandAlonePlayer.aspx?Id=6dae187d-c402-444c-90e4-3a1b22112fa7,https://councilrecord.ca/newwest.html#vote/13cjf4w,THAT Council endorses the Pavement Restoration Policy and; THAT Council direct staff to incorporate the proposed standards in future updates to the Subdivision & Development Control Bylaw.
2023-11-27,Council Meeting following Public Hearing,,Staff Recommendations Related to the Council Motion Regarding the,Main motion,Carried,7,0,0,,,In favour,In favour,In favour,In favour,In favour,In favour,In favour,Public services,,,,https://pub-newwestcity.escribemeetings.com/FileStream.ashx?DocumentId=17897,https://pub-newwestcity.escribemeetings.com/Players/ISIStandAlonePlayer.aspx?Id=6dae187d-c402-444c-90e4-3a1b22112fa7,https://councilrecord.ca/newwest.html#vote/jkwn4q,"THAT Council direct staff not to pursue a similar initiative to the Chinatown Community Stewards Program for New Westminster. THAT Council direct staff to work with the New Westminster Homelessness Coalition Society to incorporate attributes of the Chinatown Community Stewards Program into the I’s on the Street Program. THAT Council direct staff to work with the New Westminster Homelessness Coalition Society to identify and potentially realize funding to maintain current service levels for the I’s on the Street Program. THAT Council direct staff to add $24,000 to the 2024 Crisis Response Team budget to provide bridge funding for the I’s on the Street Program and seek reimbursement when grant or senior government funding is secured."
2023-11-27,Council Meeting following Public Hearing,,"The Right Person, the Right Time, the Right Place: Council Motion",Main motion,Carried,7,0,0,,,In favour,In favour,In favour,In favour,In favour,In favour,In favour,Other,,,,https://pub-newwestcity.escribemeetings.com/FileStream.ashx?DocumentId=17897,https://pub-newwestcity.escribemeetings.com/Players/ISIStandAlonePlayer.aspx?Id=6dae187d-c402-444c-90e4-3a1b22112fa7,https://councilrecord.ca/newwest.html#vote/1e6udc1,THAT Council endorse the proposed next steps as contained in this report to Council.
2023-11-27,Council Meeting following Public Hearing,,Uptown Business Association and Downtown New Westminster BIA -,Main motion,Carried,7,0,0,,,In favour,In favour,In favour,In favour,In favour,In favour,In favour,Taxes & spending; Business & economy,,,,https://pub-newwestcity.escribemeetings.com/FileStream.ashx?DocumentId=17897,https://pub-newwestcity.escribemeetings.com/Players/ISIStandAlonePlayer.aspx?Id=6dae187d-c402-444c-90e4-3a1b22112fa7,https://councilrecord.ca/newwest.html#vote/1kgjm1b,THAT Council approve the Uptown Business Association’s 2024 Business Promotion Scheme Budget; THAT Council approve the Downtown New Westminster BIA’s 2024 Business Promotion Scheme Budgets for the Primary Area and Secondary Area.
2023-11-27,Council Meeting following Public Hearing,,"Building Amendment Bylaw No. 8433, 2023",Main motion,Carried,7,0,0,,,In favour,In favour,In favour,In favour,In favour,In favour,In favour,Development,1 of 3,,,https://pub-newwestcity.escribemeetings.com/FileStream.ashx?DocumentId=17897,https://pub-newwestcity.escribemeetings.com/Players/ISIStandAlonePlayer.aspx?Id=6dae187d-c402-444c-90e4-3a1b22112fa7,https://councilrecord.ca/newwest.html#vote/1oltlku,"THAT Council give Building Amendment Bylaw No. 8433, 2023 first reading."
2023-11-27,Council Meeting following Public Hearing,,"Building Amendment Bylaw No. 8433, 2023",Main motion,Carried,7,0,0,,,In favour,In favour,In favour,In favour,In favour,In favour,In favour,Development,2 of 3,,,https://pub-newwestcity.escribemeetings.com/FileStream.ashx?DocumentId=17897,https://pub-newwestcity.escribemeetings.com/Players/ISIStandAlonePlayer.aspx?Id=6dae187d-c402-444c-90e4-3a1b22112fa7,https://councilrecord.ca/newwest.html#vote/mp486u,"THAT Council give Building Amendment Bylaw No. 8433, 2023 second reading."
2023-11-27,Council Meeting following Public Hearing,,"Building Amendment Bylaw No. 8433, 2023",Main motion,Carried,7,0,0,,,In favour,In favour,In favour,In favour,In favour,In favour,In favour,Development,3 of 3,,,https://pub-newwestcity.escribemeetings.com/FileStream.ashx?DocumentId=17897,https://pub-newwestcity.escribemeetings.com/Players/ISIStandAlonePlayer.aspx?Id=6dae187d-c402-444c-90e4-3a1b22112fa7,https://councilrecord.ca/newwest.html#vote/r42ycu,"THAT Council give Building Amendment Bylaw No. 8433, 2023 third reading."
2023-11-27,Council Meeting following Public Hearing,,"Parks Reserve Fund Bylaw No. 8439, 2023",Main motion,Carried,7,0,0,,,In favour,In favour,In favour,In favour,In favour,In favour,In favour,Development; Taxes & spending; Parks & recreation,1 of 6,,,https://pub-newwestcity.escribemeetings.com/FileStream.ashx?DocumentId=17897,https://pub-newwestcity.escribemeetings.com/Players/ISIStandAlonePlayer.aspx?Id=6dae187d-c402-444c-90e4-3a1b22112fa7,https://councilrecord.ca/newwest.html#vote/1x8gcl2,"THAT Council give Parks Reserve Fund Bylaw No. 8439, 2023 first reading."
2023-11-27,Council Meeting following Public Hearing,,"Parks Reserve Fund Bylaw No. 8439, 2023",Main motion,Carried,7,0,0,,,In favour,In favour,In favour,In favour,In favour,In favour,In favour,Development; Taxes & spending; Parks & recreation,2 of 6,,,https://pub-newwestcity.escribemeetings.com/FileStream.ashx?DocumentId=17897,https://pub-newwestcity.escribemeetings.com/Players/ISIStandAlonePlayer.aspx?Id=6dae187d-c402-444c-90e4-3a1b22112fa7,https://councilrecord.ca/newwest.html#vote/1igytng,"THAT Council give Parks Reserve Fund Bylaw No. 8439, 2023 second reading."
2023-11-27,Council Meeting following Public Hearing,,"Parks Reserve Fund Bylaw No. 8439, 2023",Main motion,Carried,7,0,0,,,In favour,In favour,In favour,In favour,In favour,In favour,In favour,Development; Taxes & spending; Parks & recreation,3 of 6,,,https://pub-newwestcity.escribemeetings.com/FileStream.ashx?DocumentId=17897,https://pub-newwestcity.escribemeetings.com/Players/ISIStandAlonePlayer.aspx?Id=6dae187d-c402-444c-90e4-3a1b22112fa7,https://councilrecord.ca/newwest.html#vote/iev5ba,"THAT Council give Parks Reserve Fund Bylaw No. 8439, 2023 third reading."
2023-11-27,Council Meeting following Public Hearing,,"Parks Reserve Fund Bylaw No. 8439, 2023",Main motion,Carried,7,0,0,,,In favour,In favour,In favour,In favour,In favour,In favour,In favour,Development; Taxes & spending; Neighbourhood character; Parks & recreation; Business & economy,4 of 6,,,https://pub-newwestcity.escribemeetings.com/FileStream.ashx?DocumentId=17897,https://pub-newwestcity.escribemeetings.com/Players/ISIStandAlonePlayer.aspx?Id=6dae187d-c402-444c-90e4-3a1b22112fa7,https://councilrecord.ca/newwest.html#vote/34ckid,"THAT Council give Revenue Anticipation Borrowing Amendment Bylaw No. 8438, 2023 first reading."
2023-11-27,Council Meeting following Public Hearing,,"Parks Reserve Fund Bylaw No. 8439, 2023",Main motion,Carried,7,0,0,,,In favour,In favour,In favour,In favour,In favour,In favour,In favour,Development; Taxes & spending; Neighbourhood character; Parks & recreation; Business & economy,5 of 6,,,https://pub-newwestcity.escribemeetings.com/FileStream.ashx?DocumentId=17897,https://pub-newwestcity.escribemeetings.com/Players/ISIStandAlonePlayer.aspx?Id=6dae187d-c402-444c-90e4-3a1b22112fa7,https://councilrecord.ca/newwest.html#vote/4gslhf,"THAT Council give Revenue Anticipation Borrowing Amendment Bylaw No. 8438, 2023 second reading."
2023-11-27,Council Meeting following Public Hearing,,"Parks Reserve Fund Bylaw No. 8439, 2023",Main motion,Carried,7,0,0,,,In favour,In favour,In favour,In favour,In favour,In favour,In favour,Development; Taxes & spending; Neighbourhood character; Parks & recreation; Business & economy,6 of 6,,,https://pub-newwestcity.escribemeetings.com/FileStream.ashx?DocumentId=17897,https://pub-newwestcity.escribemeetings.com/Players/ISIStandAlonePlayer.aspx?Id=6dae187d-c402-444c-90e4-3a1b22112fa7,https://councilrecord.ca/newwest.html#vote/4n1zb5,"THAT Council give bylaw Revenue Anticipation Borrowing Amendment Bylaw No. 8438, 2023 reading."
2023-11-27,Council Meeting following Public Hearing,,"Council adopt Growing Communities Fund Reserve Fund Bylaw No. 8415, 2023",Main motion,Carried,7,0,0,,,In favour,In favour,In favour,In favour,In favour,In favour,In favour,Development; Taxes & spending,,,,https://pub-newwestcity.escribemeetings.com/FileStream.ashx?DocumentId=17897,https://pub-newwestcity.escribemeetings.com/Players/ISIStandAlonePlayer.aspx?Id=6dae187d-c402-444c-90e4-3a1b22112fa7,https://councilrecord.ca/newwest.html#vote/ofc9np,"THAT Council adopt Growing Communities Fund Reserve Fund Bylaw No. 8415, 2023."
2023-11-27,Council Meeting following Public Hearing,,"Code of Conduct Bylaw No. 8408, 2023",Main motion,Carried,5,2,0,,,In favour,In favour,Against,In favour,In favour,Against,In favour,Development; Governance & elections,,,,https://pub-newwestcity.escribemeetings.com/FileStream.ashx?DocumentId=17897,https://pub-newwestcity.escribemeetings.com/Players/ISIStandAlonePlayer.aspx?Id=6dae187d-c402-444c-90e4-3a1b22112fa7,https://councilrecord.ca/newwest.html#vote/w8hi0y,"THAT Council adopt Code of Conduct Bylaw No. 8408, 2023."
2023-11-27,Council Meeting following Public Hearing,,Providing equitable funding to cities with municipal police,Main motion,Carried,5,2,0,,,In favour,In favour,Against,In favour,In favour,Against,In favour,Taxes & spending; Parks & recreation; Public services,1 of 4,,,https://pub-newwestcity.escribemeetings.com/FileStream.ashx?DocumentId=17897,https://pub-newwestcity.escribemeetings.com/Players/ISIStandAlonePlayer.aspx?Id=6dae187d-c402-444c-90e4-3a1b22112fa7,https://councilrecord.ca/newwest.html#vote/3k4cy4,THAT the motion be severed into two parts.
2023-11-27,Council Meeting following Public Hearing,,Providing equitable funding to cities with municipal police,Main motion,Defeated,3,4,0,,,Against,Against,In favour,Against,In favour,In favour,Against,Taxes & spending; Public services; Governance & elections,2 of 4,,,https://pub-newwestcity.escribemeetings.com/FileStream.ashx?DocumentId=17897,https://pub-newwestcity.escribemeetings.com/Players/ISIStandAlonePlayer.aspx?Id=6dae187d-c402-444c-90e4-3a1b22112fa7,https://councilrecord.ca/newwest.html#vote/76lfei,THAT the first motion be amended to replace the New Westminster Police Department Chief Constable with NWPD Police Board and to request from the NWPD Police Board a memo regarding the current and anticipated future impacts of the Surrey Police Service transition on our NWPD staffing retention and recruitment strategies.
2023-11-27,Council Meeting following Public Hearing,,Providing equitable funding to cities with municipal police,Main motion,Defeated,2,5,0,,,Against,Against,In favour,Against,Against,In favour,Against,Taxes & spending; Transportation; Public services; Governance & elections,3 of 4,,,https://pub-newwestcity.escribemeetings.com/FileStream.ashx?DocumentId=17897,https://pub-newwestcity.escribemeetings.com/Players/ISIStandAlonePlayer.aspx?Id=6dae187d-c402-444c-90e4-3a1b22112fa7,https://councilrecord.ca/newwest.html#vote/nybj9z,THAT Council request a memo from the NWPD Chief regarding the current and anticipated future impacts of the Surrey Police Service transition on our NWPD staffing retention and recruitment strategies.
2023-11-27,Council Meeting following Public Hearing,,Providing equitable funding to cities with municipal police,Referral,Carried,5,2,0,,,In favour,In favour,Against,In favour,In favour,Against,In favour,Taxes & spending; Public services; Governance & elections,4 of 4,,,https://pub-newwestcity.escribemeetings.com/FileStream.ashx?DocumentId=17897,https://pub-newwestcity.escribemeetings.com/Players/ISIStandAlonePlayer.aspx?Id=6dae187d-c402-444c-90e4-3a1b22112fa7,https://councilrecord.ca/newwest.html#vote/1ogbzag,THAT the motion asking the Mayor to write a letter to the Solicitor General asking the Province of BC to provide additional funding to municipal police forces that have been or may be impacted by the Surrey Police Service transition be referred to the NWPD Police Board.
2023-12-11,Council Meeting,,Councillor Fontaine be appointed to the Board of Metro Vancouver.,Main motion,Defeated,2,5,0,,,Against,Against,In favour,Against,Against,In favour,Against,Governance & elections,,,,https://pub-newwestcity.escribemeetings.com/FileStream.ashx?DocumentId=17901,https://pub-newwestcity.escribemeetings.com/Players/ISIStandAlonePlayer.aspx?Id=fed7c1a3-0754-4e03-82e9-9ac4f6d1bb1a,https://councilrecord.ca/newwest.html#vote/1bhucyr,THAT Councillor Fontaine be appointed to the Board of Metro Vancouver.
2023-12-11,Council Meeting,,Councillor Nakagawa be replaced as the alternate for the Board of Metro Vancouver by…,Main motion,Defeated,2,5,0,,,Against,Against,In favour,Against,Against,In favour,Against,Governance & elections,,,,https://pub-newwestcity.escribemeetings.com/FileStream.ashx?DocumentId=17901,https://pub-newwestcity.escribemeetings.com/Players/ISIStandAlonePlayer.aspx?Id=fed7c1a3-0754-4e03-82e9-9ac4f6d1bb1a,https://councilrecord.ca/newwest.html#vote/13dip2s,THAT Councillor Nakagawa be replaced as the alternate for the Board of Metro Vancouver by Councillor Fontaine
2023-12-11,Council Meeting,,Councillor Campbell be replaced on the Tourism New Westminster Board by Councillor Mi…,Main motion,Carried,7,0,0,,,In favour,In favour,In favour,In favour,In favour,In favour,In favour,Business & economy; Governance & elections,,,,https://pub-newwestcity.escribemeetings.com/FileStream.ashx?DocumentId=17901,https://pub-newwestcity.escribemeetings.com/Players/ISIStandAlonePlayer.aspx?Id=fed7c1a3-0754-4e03-82e9-9ac4f6d1bb1a,https://councilrecord.ca/newwest.html#vote/6dmxa9,THAT Councillor Campbell be replaced on the Tourism New Westminster Board by Councillor Minhas.
2023-12-11,Council Meeting,,Councillor McEvoy be replaced as TransLink Mayor’s Council alternate by Councillor Mi…,Main motion,Defeated,2,5,0,,,Against,Against,In favour,Against,Against,In favour,Against,Other,,,,https://pub-newwestcity.escribemeetings.com/FileStream.ashx?DocumentId=17901,https://pub-newwestcity.escribemeetings.com/Players/ISIStandAlonePlayer.aspx?Id=fed7c1a3-0754-4e03-82e9-9ac4f6d1bb1a,https://councilrecord.ca/newwest.html#vote/1dh2qvd,THAT Councillor McEvoy be replaced as TransLink Mayor’s Council alternate by Councillor Minhas.
2023-12-11,Council Meeting,,Council request the Chair of Metro Vancouver consider appointing Councillor Fontaine…,Main motion,Defeated,2,5,0,,,Against,Against,In favour,Against,Against,In favour,Against,Governance & elections,,,,https://pub-newwestcity.escribemeetings.com/FileStream.ashx?DocumentId=17901,https://pub-newwestcity.escribemeetings.com/Players/ISIStandAlonePlayer.aspx?Id=fed7c1a3-0754-4e03-82e9-9ac4f6d1bb1a,https://councilrecord.ca/newwest.html#vote/oqxaer,THAT Council request the Chair of Metro Vancouver consider appointing Councillor Fontaine as the representative on Metro Vancouver’s Indigenous Relations Committee.
2023-12-11,Council Meeting,,Council reappoint for 2024 Council members to the Advisory Bodies of Council and Exte…,Main motion,Carried,5,2,0,,,In favour,In favour,Against,In favour,In favour,Against,In favour,Governance & elections,,,,https://pub-newwestcity.escribemeetings.com/FileStream.ashx?DocumentId=17901,https://pub-newwestcity.escribemeetings.com/Players/ISIStandAlonePlayer.aspx?Id=fed7c1a3-0754-4e03-82e9-9ac4f6d1bb1a,https://councilrecord.ca/newwest.html#vote/1mwb6no,"THAT Council reappoint for 2024 Council members to the Advisory Bodies of Council and External Organizations as set out in the report dated December 11, 2023 and titled “2024 Council Appointments to Internal Advisory Bodies of Council and External Organizations”, with the noted corrections and replacing Councillor Campbell with Councillor Minhas on the New Westminster Tourism Board."
2023-12-11,Council Meeting,,Fire Department Strategic Plan (Circulated Separately),Main motion,Carried,7,0,0,,,In favour,In favour,In favour,In favour,In favour,In favour,In favour,Public services; Governance & elections,,,,https://pub-newwestcity.escribemeetings.com/FileStream.ashx?DocumentId=17901,https://pub-newwestcity.escribemeetings.com/Players/ISIStandAlonePlayer.aspx?Id=fed7c1a3-0754-4e03-82e9-9ac4f6d1bb1a,https://councilrecord.ca/newwest.html#vote/dayreq,THAT Council adopt the 2023 – 2026 New Westminster Fire and Rescue Services (NWFRS) Strategic Plan
2023-12-11,Council Meeting,,Rezoning (408 East Columbia Street) – Preliminary Report,Main motion,Carried,7,0,0,,,In favour,In favour,In favour,In favour,In favour,In favour,In favour,Development; Transportation; Business & economy,,,,https://pub-newwestcity.escribemeetings.com/FileStream.ashx?DocumentId=17901,https://pub-newwestcity.escribemeetings.com/Players/ISIStandAlonePlayer.aspx?Id=fed7c1a3-0754-4e03-82e9-9ac4f6d1bb1a,https://councilrecord.ca/newwest.html#vote/9dpw1b,"THAT Council direct staff to work with the applicant to prepare a Zoning Amendment Bylaw for the subject property suitable for consideration of First, Second, and Third Readings, as outlined in the “Application Review Process” section of this report."
2023-12-11,Council Meeting,,Temporary Amendment to the Vehicle Procurement Process,Main motion,Carried,7,0,0,,,In favour,In favour,In favour,In favour,In favour,In favour,In favour,Taxes & spending,,,,https://pub-newwestcity.escribemeetings.com/FileStream.ashx?DocumentId=17901,https://pub-newwestcity.escribemeetings.com/Players/ISIStandAlonePlayer.aspx?Id=fed7c1a3-0754-4e03-82e9-9ac4f6d1bb1a,https://councilrecord.ca/newwest.html#vote/6h88kx,"THAT Council approve a temporary amendment to the Procurement Policy for a period of one year to allow for the direct purchase of vehicles and operating equipment up to a value of $100,000."
2023-12-11,Council Meeting,,"Building Amendment Bylaw No. 8433, 2023",Main motion,Carried,7,0,0,,,In favour,In favour,In favour,In favour,In favour,In favour,In favour,Development,,,,https://pub-newwestcity.escribemeetings.com/FileStream.ashx?DocumentId=17901,https://pub-newwestcity.escribemeetings.com/Players/ISIStandAlonePlayer.aspx?Id=fed7c1a3-0754-4e03-82e9-9ac4f6d1bb1a,https://councilrecord.ca/newwest.html#vote/1i5yblb,"THAT Building Amendment Bylaw No. 8433, 2023 be adopted."
2023-12-11,Council Meeting,,"Electrical Utility Amendment Bylaw No. 8441, 2023",Main motion,Defeated,2,5,0,,,Against,Against,In favour,Against,Against,In favour,Against,Development; Public services,1 of 3,,,https://pub-newwestcity.escribemeetings.com/FileStream.ashx?DocumentId=17901,https://pub-newwestcity.escribemeetings.com/Players/ISIStandAlonePlayer.aspx?Id=fed7c1a3-0754-4e03-82e9-9ac4f6d1bb1a,https://councilrecord.ca/newwest.html#vote/1uopdty,"THAT Council rescind third reading of the Electrical Utility Amendment Bylaw No. 8441, 2023."
2023-12-11,Council Meeting,,"Electrical Utility Amendment Bylaw No. 8441, 2023",Main motion,Carried,5,2,0,,,In favour,In favour,Against,In favour,In favour,Against,In favour,Development; Public services,2 of 3,,,https://pub-newwestcity.escribemeetings.com/FileStream.ashx?DocumentId=17901,https://pub-newwestcity.escribemeetings.com/Players/ISIStandAlonePlayer.aspx?Id=fed7c1a3-0754-4e03-82e9-9ac4f6d1bb1a,https://councilrecord.ca/newwest.html#vote/hx8cpe,"THAT Electrical Utility Amendment Bylaw No. 8441, 2023 be adopted."
2023-12-11,Council Meeting,,"Electrical Utility Amendment Bylaw No. 8441, 2023",Main motion,Carried,7,0,0,,,In favour,In favour,In favour,In favour,In favour,In favour,In favour,Development; Taxes & spending; Public services,3 of 3,,,https://pub-newwestcity.escribemeetings.com/FileStream.ashx?DocumentId=17901,https://pub-newwestcity.escribemeetings.com/Players/ISIStandAlonePlayer.aspx?Id=fed7c1a3-0754-4e03-82e9-9ac4f6d1bb1a,https://councilrecord.ca/newwest.html#vote/hzvxy0,"THAT Engineering User Fees and Rates Amendment Bylaw No. 8440, 2023 be adopted."
2023-12-11,Council Meeting,,"Heritage Designation (441 Fader Street) Bylaw No. 8407, 2023",Main motion,Carried,7,0,0,,,In favour,In favour,In favour,In favour,In favour,In favour,In favour,Development; Transportation; Neighbourhood character,1 of 2,,,https://pub-newwestcity.escribemeetings.com/FileStream.ashx?DocumentId=17901,https://pub-newwestcity.escribemeetings.com/Players/ISIStandAlonePlayer.aspx?Id=fed7c1a3-0754-4e03-82e9-9ac4f6d1bb1a,https://councilrecord.ca/newwest.html#vote/123pkdc,"THAT Heritage Designation (441 Fader Street) Bylaw No. 8407, 2023 be adopted."
2023-12-11,Council Meeting,,"Heritage Designation (441 Fader Street) Bylaw No. 8407, 2023",Main motion,Carried,7,0,0,,,In favour,In favour,In favour,In favour,In favour,In favour,In favour,Housing & density; Development; Transportation; Neighbourhood character,2 of 2,,,https://pub-newwestcity.escribemeetings.com/FileStream.ashx?DocumentId=17901,https://pub-newwestcity.escribemeetings.com/Players/ISIStandAlonePlayer.aspx?Id=fed7c1a3-0754-4e03-82e9-9ac4f6d1bb1a,https://councilrecord.ca/newwest.html#vote/1fj3vdi,"THAT Heritage Revitalization Agreement (441 Fader Street) Bylaw No. 8406, 2023 be adopted."
2023-12-11,Council Meeting,,"Parks Reserve Fund Bylaw No. 8939, 2023",Main motion,Carried,7,0,0,,,In favour,In favour,In favour,In favour,In favour,In favour,In favour,Development; Taxes & spending; Parks & recreation,1 of 2,,,https://pub-newwestcity.escribemeetings.com/FileStream.ashx?DocumentId=17901,https://pub-newwestcity.escribemeetings.com/Players/ISIStandAlonePlayer.aspx?Id=fed7c1a3-0754-4e03-82e9-9ac4f6d1bb1a,https://councilrecord.ca/newwest.html#vote/qoecba,"THAT Parks Reserve Fund Bylaw No. 8939, 2023 be adopted."
2023-12-11,Council Meeting,,"Parks Reserve Fund Bylaw No. 8939, 2023",Main motion,Carried,7,0,0,,,In favour,In favour,In favour,In favour,In favour,In favour,In favour,Development; Taxes & spending; Neighbourhood character; Parks & recreation; Business & economy,2 of 2,,,https://pub-newwestcity.escribemeetings.com/FileStream.ashx?DocumentId=17901,https://pub-newwestcity.escribemeetings.com/Players/ISIStandAlonePlayer.aspx?Id=fed7c1a3-0754-4e03-82e9-9ac4f6d1bb1a,https://councilrecord.ca/newwest.html#vote/s61csv,"THAT Revenue Anticipation Borrowing Amendment Bylaw No. 8438, 2023 be adopted."
2023-12-11,Council Meeting,,"Uptown Business Improvement Area Bylaw No. 8424, 2023",Main motion,Carried,7,0,0,,,In favour,In favour,In favour,In favour,In favour,In favour,In favour,Development; Business & economy,,,,https://pub-newwestcity.escribemeetings.com/FileStream.ashx?DocumentId=17901,https://pub-newwestcity.escribemeetings.com/Players/ISIStandAlonePlayer.aspx?Id=fed7c1a3-0754-4e03-82e9-9ac4f6d1bb1a,https://councilrecord.ca/newwest.html#vote/8b98wr,"THAT Uptown Business Improvement Area Bylaw No. 8424, 2023 be adopted."
2023-12-11,Council Meeting,,"Zoning Amendment Bylaw (808 Royal Avenue) No. 8416, 2023",Main motion,Carried,7,0,0,,,In favour,In favour,In favour,In favour,In favour,In favour,In favour,Development,,,,https://pub-newwestcity.escribemeetings.com/FileStream.ashx?DocumentId=17901,https://pub-newwestcity.escribemeetings.com/Players/ISIStandAlonePlayer.aspx?Id=fed7c1a3-0754-4e03-82e9-9ac4f6d1bb1a,https://councilrecord.ca/newwest.html#vote/1ojisrg,"THAT Zoning Amendment Bylaw (808 Royal Avenue) No. 8416, 2023 be adopted."
2023-12-11,Council Meeting,,Creating safer streets for everyone with intersection safety,Main motion,Carried,7,0,0,,,In favour,In favour,In favour,In favour,In favour,In favour,In favour,Transportation; Governance & elections,,,,https://pub-newwestcity.escribemeetings.com/FileStream.ashx?DocumentId=17901,https://pub-newwestcity.escribemeetings.com/Players/ISIStandAlonePlayer.aspx?Id=fed7c1a3-0754-4e03-82e9-9ac4f6d1bb1a,https://councilrecord.ca/newwest.html#vote/1ne2tzd,"THAT the Lower Mainland Local Government Association (LMLGA) and UBCM call on the Provincial Government to expand the implementation of speed and red light intersection safety cameras in cities across BC, prioritizing intersections near schools and those with a high rate of crashes that resulted in injuries or fatalities as identified by ICBC and that the Provincial Government provide all revenue from additional speed and red light cameras to municipalities as grants to be invested in implementing local road safety improvements; and THAT the Lower Mainland LGA and UBCM request that the Provincial Government allow BC local governments to install speed and red light cameras at their own cost and set and collect fines directly to be earmarked for road safety improvements."
2023-12-11,Council Meeting,,Direct election of Metro Vancouver representatives,Main motion,Defeated,2,5,0,,,Against,Against,In favour,Against,Against,In favour,Against,Governance & elections,1 of 3,,,https://pub-newwestcity.escribemeetings.com/FileStream.ashx?DocumentId=17901,https://pub-newwestcity.escribemeetings.com/Players/ISIStandAlonePlayer.aspx?Id=fed7c1a3-0754-4e03-82e9-9ac4f6d1bb1a,https://councilrecord.ca/newwest.html#vote/xn51np,THAT Council support the concept that voters in our region should be asked by way of a ballot question during the 2026 municipal election whether they want to have the opportunity to directly elect their Metro Vancouver representatives.
2023-12-11,Council Meeting,,Direct election of Metro Vancouver representatives,Amendment,Carried,7,0,0,,,In favour,In favour,In favour,In favour,In favour,In favour,In favour,Governance & elections,2 of 3,,,https://pub-newwestcity.escribemeetings.com/FileStream.ashx?DocumentId=17901,https://pub-newwestcity.escribemeetings.com/Players/ISIStandAlonePlayer.aspx?Id=fed7c1a3-0754-4e03-82e9-9ac4f6d1bb1a,https://councilrecord.ca/newwest.html#vote/9je5nj,THAT the motion be amended to add that Council write a letter to the Mayor’s Committee recommending they undertake an internal governance review of Metro Vancouver.
2023-12-11,Council Meeting,,Direct election of Metro Vancouver representatives,Main motion,Carried,7,0,0,,,In favour,In favour,In favour,In favour,In favour,In favour,In favour,Governance & elections,3 of 3,,,https://pub-newwestcity.escribemeetings.com/FileStream.ashx?DocumentId=17901,https://pub-newwestcity.escribemeetings.com/Players/ISIStandAlonePlayer.aspx?Id=fed7c1a3-0754-4e03-82e9-9ac4f6d1bb1a,https://councilrecord.ca/newwest.html#vote/1tbhxwh,"THAT Council writes a letter to the Minister of Municipal Affairs requesting they undertake a public consultation regarding a governance review of Metro Vancouver with the goal of establishing an appropriate ballot question to be included in the 2026 municipal election, and writes a letter to the Mayor’s committee recommending they undertake an internal governance review of Metro Vancouver."
2023-12-11,Council Meeting,,"MOTION to cancel the December 18, 2023 Workshop meeting",Main motion,Carried,7,0,0,,,In favour,In favour,In favour,In favour,In favour,In favour,In favour,Other,,,,https://pub-newwestcity.escribemeetings.com/FileStream.ashx?DocumentId=17901,https://pub-newwestcity.escribemeetings.com/Players/ISIStandAlonePlayer.aspx?Id=fed7c1a3-0754-4e03-82e9-9ac4f6d1bb1a,https://councilrecord.ca/newwest.html#vote/l4uz2k,"THAT the December 18, 2023 Workshop meeting be cancelled."
2024-01-08,Council Meeting,,Construction Noise Bylaw Variance Request: Metro Vancouver Front,Main motion,Carried,6,0,1,,,Absent,In favour,In favour,In favour,In favour,In favour,In favour,Development; Taxes & spending; Neighbourhood character; Governance & elections,,,,https://pub-newwestcity.escribemeetings.com/FileStream.ashx?DocumentId=17922,https://pub-newwestcity.escribemeetings.com/Players/ISIStandAlonePlayer.aspx?Id=39d62f9f-a192-47f4-8994-0ef61233c67b,https://councilrecord.ca/newwest.html#vote/1son2xn,"THAT Council grant a Construction Noise exemption to Metro Vancouver and its contractor RAM Consulting from Construction Noise Bylaw No. 6063, 1992 from Monday, January 15, 2024 to Thursday, February 29, 2024 from 8:00 PM to 7:00 AM (excluding Saturdays, Sundays, or Statutory Holidays) for construction activity related to maintenance/repair of manhole abandonments from 300 Front Street to 700 Front Street."
2024-01-08,Council Meeting,,Call for a Ceasefire in Gaza,Other,Carried,4,0,3,,,Absent,In favour,Absent,In favour,In favour,Absent,In favour,Public services,1 of 2,The minutes do not give separate motion text at this point; see the linked minutes.,,https://pub-newwestcity.escribemeetings.com/FileStream.ashx?DocumentId=17922,https://pub-newwestcity.escribemeetings.com/Players/ISIStandAlonePlayer.aspx?Id=39d62f9f-a192-47f4-8994-0ef61233c67b,https://councilrecord.ca/newwest.html#vote/de8mqg,
2024-01-08,Council Meeting,,Call for a Ceasefire in Gaza,Other,Carried,4,0,3,,,Absent,In favour,Absent,In favour,In favour,Absent,In favour,Public services,2 of 2,The minutes do not give separate motion text at this point; see the linked minutes.,,https://pub-newwestcity.escribemeetings.com/FileStream.ashx?DocumentId=17922,https://pub-newwestcity.escribemeetings.com/Players/ISIStandAlonePlayer.aspx?Id=39d62f9f-a192-47f4-8994-0ef61233c67b,https://councilrecord.ca/newwest.html#vote/de8mqg-2,
2024-01-22,Council Meeting,,Member Selection for the Community Advisory Assembly,Main motion,Carried,7,0,0,,,In favour,In favour,In favour,In favour,In favour,In favour,In favour,Governance & elections,,,,https://pub-newwestcity.escribemeetings.com/FileStream.ashx?DocumentId=18262,https://pub-newwestcity.escribemeetings.com/Players/ISIStandAlonePlayer.aspx?Id=525d9765-6491-4ce3-a5e9-a673bd041a2f,https://councilrecord.ca/newwest.html#vote/j03648,THAT Council receive this report for information.
2024-01-22,Council Meeting,,Outcomes from Attending the United Nations Conference on Climate,Main motion,Carried,7,0,0,,,In favour,In favour,In favour,In favour,In favour,In favour,In favour,Environment & climate; Governance & elections,,,,https://pub-newwestcity.escribemeetings.com/FileStream.ashx?DocumentId=18262,https://pub-newwestcity.escribemeetings.com/Players/ISIStandAlonePlayer.aspx?Id=525d9765-6491-4ce3-a5e9-a673bd041a2f,https://councilrecord.ca/newwest.html#vote/qdppd6,THAT Council receive this report for information.
2024-01-22,Council Meeting,,Train Whistle Cessation – 2023 - Q4 Update (Information report,Main motion,Carried,7,0,0,,,In favour,In favour,In favour,In favour,In favour,In favour,In favour,Transportation,,,,https://pub-newwestcity.escribemeetings.com/FileStream.ashx?DocumentId=18262,https://pub-newwestcity.escribemeetings.com/Players/ISIStandAlonePlayer.aspx?Id=525d9765-6491-4ce3-a5e9-a673bd041a2f,https://councilrecord.ca/newwest.html#vote/1egqn1f,THAT Council receive this report for information.
2024-01-22,Council Meeting,,Addictions Treatment and Supportive Recovery Residences:,Main motion,Carried,7,0,0,,,In favour,In favour,In favour,In favour,In favour,In favour,In favour,Development,,,,https://pub-newwestcity.escribemeetings.com/FileStream.ashx?DocumentId=18262,https://pub-newwestcity.escribemeetings.com/Players/ISIStandAlonePlayer.aspx?Id=525d9765-6491-4ce3-a5e9-a673bd041a2f,https://councilrecord.ca/newwest.html#vote/1lu1xkc,"THAT Council endorse the proposed conditions for addictions treatment and supportive recovery residences in situations requiring a Rezoning or a Temporary Use Permit, as included in the Proposed Conditions section of this report."
2024-01-22,Council Meeting,,Child Care Facility Lease Agreement at 65 E. Sixth Ave,Main motion,Carried,7,0,0,,,In favour,In favour,In favour,In favour,In favour,In favour,In favour,Public services,,,,https://pub-newwestcity.escribemeetings.com/FileStream.ashx?DocumentId=18262,,https://councilrecord.ca/newwest.html#vote/h4q7f7,"THAT subject to completion of required public notification processes, the Mayor and Corporate Officer be authorized to execute the attached Lease Agreement, substantially in the form included as Attachment “1”, between the City and the YMCA BC for a child care facility within the t ə m ə se w̓txʷ Aquatic and Community Centre."
2024-01-22,Council Meeting,,Construction Noise Bylaw Exemption: 651 Carnarvon Street,Main motion,Carried,7,0,0,,,In favour,In favour,In favour,In favour,In favour,In favour,In favour,Development; Taxes & spending; Transportation; Neighbourhood character,,,,https://pub-newwestcity.escribemeetings.com/FileStream.ashx?DocumentId=18262,,https://councilrecord.ca/newwest.html#vote/162icmf,"THAT Council grant a noise exemption to Signia Construction Ltd from Construction Noise Bylaw No. 6063, 1992 from 8:00 PM to 11:00 PM Monday through Friday and alternate Sundays from 9:00 AM to 6:00 PM from Thursday February 1, 2024 to Friday January 31, 2025 at the Provincial Courthouse located at 651 Carnarvon Street for the purposes of re-roofing, adding insulation and cladding, upgrading mechanical and electrical systems, glazing, and landscaping."
2024-01-22,Council Meeting,,E-Bike Share Implementation Plan,Main motion,Carried,7,0,0,,,In favour,In favour,In favour,In favour,In favour,In favour,In favour,Taxes & spending; Transportation,,,,https://pub-newwestcity.escribemeetings.com/FileStream.ashx?DocumentId=18262,https://pub-newwestcity.escribemeetings.com/Players/ISIStandAlonePlayer.aspx?Id=525d9765-6491-4ce3-a5e9-a673bd041a2f,https://councilrecord.ca/newwest.html#vote/28vjpa,"THAT Council endorse the implementation plan for an e-bike share system, as presented in Attachment #2 to this report. THAT Council direct staff to initiate the procurement of an e-bike share operator, as outlined in the implementation plan. THAT Council direct staff to report back to Council on the recommended e-bike share operator."
2024-01-22,Council Meeting,,Financial Statements Audit Planning Report for Fiscal Year ended,Main motion,Defeated,2,5,0,,,Against,Against,In favour,Against,Against,In favour,Against,Taxes & spending,1 of 2,,,https://pub-newwestcity.escribemeetings.com/FileStream.ashx?DocumentId=18262,https://pub-newwestcity.escribemeetings.com/Players/ISIStandAlonePlayer.aspx?Id=525d9765-6491-4ce3-a5e9-a673bd041a2f,https://councilrecord.ca/newwest.html#vote/79ddck,"THAT Council appoint KPMG, LLP as the City’s external auditors. THAT Council approve the annual audit planning report for the fiscal year ended December 31, 2023. Be it resolved that staff draft the Terms of Reference to establish a Finance and Audit Committee and that it be comprised of three members of Council, the Director of Finance and the Chief Administrative Officer."
2024-01-22,Council Meeting,,Financial Statements Audit Planning Report for Fiscal Year ended,Main motion,Carried,7,0,0,,,In favour,In favour,In favour,In favour,In favour,In favour,In favour,Taxes & spending,2 of 2,,,https://pub-newwestcity.escribemeetings.com/FileStream.ashx?DocumentId=18262,https://pub-newwestcity.escribemeetings.com/Players/ISIStandAlonePlayer.aspx?Id=525d9765-6491-4ce3-a5e9-a673bd041a2f,https://councilrecord.ca/newwest.html#vote/mt6u45,"THAT Council appoint KPMG, LLP as the City’s external auditors. THAT Council approve the annual audit planning report for the fiscal year ended December 31, 2023."
2024-01-22,Council Meeting,,Food Security Update and Funding Request,Main motion,Carried,7,0,0,,,In favour,In favour,In favour,In favour,In favour,In favour,In favour,Housing & density; Taxes & spending; Public services,1 of 2,,,https://pub-newwestcity.escribemeetings.com/FileStream.ashx?DocumentId=18262,https://pub-newwestcity.escribemeetings.com/Players/ISIStandAlonePlayer.aspx?Id=525d9765-6491-4ce3-a5e9-a673bd041a2f,https://councilrecord.ca/newwest.html#vote/j2xe6u,"THAT Council direct staff to allocate $10,000 from the Affordable Housing Fund for the purpose of retrofitting the City-owned Annex at 302 Royal Avenue to accommodate the Greater Vancouver Food Bank Society’s weekly food distribution program, with an additional request to report back with information on further costs."
2024-01-22,Council Meeting,,Food Security Update and Funding Request,Main motion,Carried,7,0,0,,,In favour,In favour,In favour,In favour,In favour,In favour,In favour,Taxes & spending,2 of 2,,,https://pub-newwestcity.escribemeetings.com/FileStream.ashx?DocumentId=18262,https://pub-newwestcity.escribemeetings.com/Players/ISIStandAlonePlayer.aspx?Id=525d9765-6491-4ce3-a5e9-a673bd041a2f,https://councilrecord.ca/newwest.html#vote/1q1faoa,"THAT Council allocate $4,160 to support the continuation of the St. Barnabas - Shiloh Fifth Avenue and Hope Omid food security programs in 2024. THAT Council direct staff to continue discussions with the Don’t Go Hungry Food Program, and other organizations operating food security programs in New Westminster, to explore opportunities for collaboration, including developing a case for support to realize donor, foundation and senior government funding."
2024-01-22,Council Meeting,,Funding Submission to the Union of British Columbia Municipalities,Main motion,Carried,7,0,0,,,In favour,In favour,In favour,In favour,In favour,In favour,In favour,Taxes & spending; Business & economy; Governance & elections,,,,https://pub-newwestcity.escribemeetings.com/FileStream.ashx?DocumentId=18262,,https://councilrecord.ca/newwest.html#vote/kxtawq,THAT Council authorize the submission of a funding application under the UBCM Regional Community to Community Program 2023/2024 as described in this report; and THAT the Chief Administrative Officer and the Corporate Officer be authorized to enter into a funding agreement with the Province of British Columbia.
2024-01-22,Council Meeting,,"Report back to Council on September 11, 2023 motion regarding",Main motion,Carried,7,0,0,,,In favour,In favour,In favour,In favour,In favour,In favour,In favour,Other,,,,https://pub-newwestcity.escribemeetings.com/FileStream.ashx?DocumentId=18262,https://pub-newwestcity.escribemeetings.com/Players/ISIStandAlonePlayer.aspx?Id=525d9765-6491-4ce3-a5e9-a673bd041a2f,https://councilrecord.ca/newwest.html#vote/fjq1vs,THAT council receive this report for information and consider the matter of the Samson V oil spill concluded.
2024-01-22,Council Meeting,,Request for a full accounting and report back to Council,Main motion,Carried,4,2,1,,,Absent,In favour,Against,In favour,In favour,Against,In favour,Taxes & spending; Governance & elections,1 of 6,,,https://pub-newwestcity.escribemeetings.com/FileStream.ashx?DocumentId=18262,https://pub-newwestcity.escribemeetings.com/Players/ISIStandAlonePlayer.aspx?Id=525d9765-6491-4ce3-a5e9-a673bd041a2f,https://councilrecord.ca/newwest.html#vote/p4ecvb,THAT Council uphold the ruling of the chair.
2024-01-22,Council Meeting,,Request for a full accounting and report back to Council,Other,Defeated,2,4,1,,,Absent,Against,In favour,Against,Against,In favour,Against,Taxes & spending,2 of 6,The minutes do not give separate motion text at this point; see the linked minutes.,,https://pub-newwestcity.escribemeetings.com/FileStream.ashx?DocumentId=18262,https://pub-newwestcity.escribemeetings.com/Players/ISIStandAlonePlayer.aspx?Id=525d9765-6491-4ce3-a5e9-a673bd041a2f,https://councilrecord.ca/newwest.html#vote/1fjm67,
2024-01-22,Council Meeting,,Request for a full accounting and report back to Council,Other,Defeated,2,4,1,,,Absent,Against,In favour,Against,Against,In favour,Against,Taxes & spending,3 of 6,The minutes do not give separate motion text at this point; see the linked minutes.,,https://pub-newwestcity.escribemeetings.com/FileStream.ashx?DocumentId=18262,https://pub-newwestcity.escribemeetings.com/Players/ISIStandAlonePlayer.aspx?Id=525d9765-6491-4ce3-a5e9-a673bd041a2f,https://councilrecord.ca/newwest.html#vote/1fjm67-2,
2024-01-22,Council Meeting,,Request for a full accounting and report back to Council,Amendment,Defeated,1,5,1,,,Absent,In favour,Against,Against,Against,Against,Against,Taxes & spending,4 of 6,,,https://pub-newwestcity.escribemeetings.com/FileStream.ashx?DocumentId=18262,https://pub-newwestcity.escribemeetings.com/Players/ISIStandAlonePlayer.aspx?Id=525d9765-6491-4ce3-a5e9-a673bd041a2f,https://councilrecord.ca/newwest.html#vote/g8o14c,THAT the motion be amended to read as follows: BE IT FURTHER RESOLVED THAT the City’s new Ethics Commissioner be requested to conduct a workshop with Council regarding the Community Charter Act and Council Code of Conduct.
2024-01-22,Council Meeting,,Request for a full accounting and report back to Council,Amendment,Carried,6,0,1,,,Absent,In favour,In favour,In favour,In favour,In favour,In favour,Taxes & spending; Governance & elections,5 of 6,,,https://pub-newwestcity.escribemeetings.com/FileStream.ashx?DocumentId=18262,https://pub-newwestcity.escribemeetings.com/Players/ISIStandAlonePlayer.aspx?Id=525d9765-6491-4ce3-a5e9-a673bd041a2f,https://councilrecord.ca/newwest.html#vote/h5ijii,THAT the motion be amended to read as follows: BE IT FURTHER RESOLVED THAT the City’s new Ethics Commissioner be requested to conduct a workshop with Council on the Code of Conduct including section 105 of the Community Charter .
2024-01-22,Council Meeting,,Request for a full accounting and report back to Council,Main motion,Carried,6,0,1,,,Absent,In favour,In favour,In favour,In favour,In favour,In favour,Taxes & spending; Governance & elections,6 of 6,,,https://pub-newwestcity.escribemeetings.com/FileStream.ashx?DocumentId=18262,https://pub-newwestcity.escribemeetings.com/Players/ISIStandAlonePlayer.aspx?Id=525d9765-6491-4ce3-a5e9-a673bd041a2f,https://councilrecord.ca/newwest.html#vote/r6bvr9,THAT the City’s new Ethics Commissioner be requested to conduct a workshop with Council on the Code of Conduct including section 105 of the Community Charter .
2024-02-05,Council Meeting,,Construction Noise Bylaw Exemption Request: 660 Quayside Drive,Main motion,Carried,5,0,2,,,In favour,In favour,In favour,In favour,Absent,Absent,In favour,Development; Taxes & spending; Neighbourhood character,,,,https://pub-newwestcity.escribemeetings.com/FileStream.ashx?DocumentId=18266,https://pub-newwestcity.escribemeetings.com/Players/ISIStandAlonePlayer.aspx?Id=2109f986-c3d2-44a0-917f-55c29fe04b25,https://councilrecord.ca/newwest.html#vote/aqlp2c,"THAT Council grant an exemption to Bosa Development from Construction Noise Bylaw No. 6063, 1992 from 7:00 AM to 9:00 AM on Saturday, March 2, 2024 and from 7:00 AM to 9:00 AM on Saturday, March 9, 2024 for construction activity related to crane removal at 660 Quayside Drive."
2024-02-05,Council Meeting,,"Development Cost Charges Expenditure Bylaw No. 8437, 2024",Main motion,Carried,6,0,1,,,In favour,In favour,In favour,In favour,Absent,In favour,In favour,Development; Taxes & spending,,,,https://pub-newwestcity.escribemeetings.com/FileStream.ashx?DocumentId=18266,,https://councilrecord.ca/newwest.html#vote/ptmcke,"THAT Development Cost Charge Reserve (DCC) Funds Expenditure Bylaw No. 8437, 2024 (Attachment 1) to authorize a total expenditure of $3.20M from the DCC Reserves be given three readings."
2024-02-05,Council Meeting,,Heritage Revitalization Agreement and Heritage Designation: 203,Main motion,Carried,6,0,1,,,In favour,In favour,In favour,In favour,Absent,In favour,In favour,Housing & density; Development; Transportation; Neighbourhood character,,,,https://pub-newwestcity.escribemeetings.com/FileStream.ashx?DocumentId=18266,,https://councilrecord.ca/newwest.html#vote/mkuw58,"THAT Council consider Heritage Revitalization Agreement Bylaw (203 Pembina Street) No. 8425, 2024 and Heritage Designation Bylaw (203 Pembina Street) No. 8435, 2024 for First and Second Readings, and forward the Bylaws to a Public Hearing. THAT Council add the heritage tree located at 203 Pembina Street to the City’s Heritage Register following adoption of the Heritage Designation Bylaw No. 8435, 2024."
2024-02-05,Council Meeting,,Zoning Amendment Bylaw No. 8436 (Miscellaneous Zoning Bylaw,Main motion,Carried,6,0,1,,,In favour,In favour,In favour,In favour,Absent,In favour,In favour,Development,,,,https://pub-newwestcity.escribemeetings.com/FileStream.ashx?DocumentId=18266,,https://councilrecord.ca/newwest.html#vote/1by17x5,"THAT the Zoning Amendment Bylaw No. 8436, 2024 (Miscellaneous Zoning Bylaw Amendments) be considered and no Public Hearing held, in accordance with the Local Government Act . THAT notification be circulated in accordance with the Local Government Act ."
2024-02-05,Council Meeting,,Budget 2024: Draft 2024 - 2028 Five Year Financial Plan (Circulated,Main motion,Carried,4,2,1,,,In favour,In favour,Against,In favour,Absent,Against,In favour,Taxes & spending,,,,https://pub-newwestcity.escribemeetings.com/FileStream.ashx?DocumentId=18266,https://pub-newwestcity.escribemeetings.com/Players/ISIStandAlonePlayer.aspx?Id=2109f986-c3d2-44a0-917f-55c29fe04b25,https://councilrecord.ca/newwest.html#vote/98lfla,THAT Council instruct staff to convert the Draft 2024 – 2028 Five-Year Financial Plan into a Bylaw and bring forward for three readings; and THAT Council approve the $180.4M 2024 Multi-Year Capital Budget.
2024-02-05,Council Meeting,,Heritage Revitalization Agreement Bylaw (203 Pembina Street),Main motion,Carried,6,0,1,,,In favour,In favour,In favour,In favour,Absent,In favour,In favour,Housing & density; Development; Transportation; Neighbourhood character,1 of 4,,,https://pub-newwestcity.escribemeetings.com/FileStream.ashx?DocumentId=18266,https://pub-newwestcity.escribemeetings.com/Players/ISIStandAlonePlayer.aspx?Id=2109f986-c3d2-44a0-917f-55c29fe04b25,https://councilrecord.ca/newwest.html#vote/3ft1ab,"THAT Council give Heritage Revitalization Agreement Bylaw (203 Pembina Street) No. 8425, 2024 first reading."
2024-02-05,Council Meeting,,Heritage Revitalization Agreement Bylaw (203 Pembina Street),Main motion,Carried,6,0,1,,,In favour,In favour,In favour,In favour,Absent,In favour,In favour,Housing & density; Development; Transportation; Neighbourhood character,2 of 4,,,https://pub-newwestcity.escribemeetings.com/FileStream.ashx?DocumentId=18266,https://pub-newwestcity.escribemeetings.com/Players/ISIStandAlonePlayer.aspx?Id=2109f986-c3d2-44a0-917f-55c29fe04b25,https://councilrecord.ca/newwest.html#vote/iicgtc,"THAT Council give Heritage Revitalization Agreement Bylaw (203 Pembina Street) No. 8425, 2024 second reading."
2024-02-05,Council Meeting,,Heritage Revitalization Agreement Bylaw (203 Pembina Street),Main motion,Carried,6,0,1,,,In favour,In favour,In favour,In favour,Absent,In favour,In favour,Housing & density; Development; Transportation; Neighbourhood character,3 of 4,,,https://pub-newwestcity.escribemeetings.com/FileStream.ashx?DocumentId=18266,https://pub-newwestcity.escribemeetings.com/Players/ISIStandAlonePlayer.aspx?Id=2109f986-c3d2-44a0-917f-55c29fe04b25,https://councilrecord.ca/newwest.html#vote/1jibwau,"THAT Council give Heritage Designation Bylaw (203 Pembina Street) No. 8435, 2024 first reading."
2024-02-05,Council Meeting,,Heritage Revitalization Agreement Bylaw (203 Pembina Street),Main motion,Carried,6,0,1,,,In favour,In favour,In favour,In favour,Absent,In favour,In favour,Housing & density; Development; Transportation; Neighbourhood character,4 of 4,,,https://pub-newwestcity.escribemeetings.com/FileStream.ashx?DocumentId=18266,https://pub-newwestcity.escribemeetings.com/Players/ISIStandAlonePlayer.aspx?Id=2109f986-c3d2-44a0-917f-55c29fe04b25,https://councilrecord.ca/newwest.html#vote/1jibwau-2,"THAT Council give Heritage Designation Bylaw (203 Pembina Street) No. 8435, 2024 first reading."
2024-02-05,Council Meeting,,Development Cost Charge Reserve Funds Expenditure Bylaw,Main motion,Carried,6,0,1,,,In favour,In favour,In favour,In favour,Absent,In favour,In favour,Development; Taxes & spending,1 of 3,,,https://pub-newwestcity.escribemeetings.com/FileStream.ashx?DocumentId=18266,https://pub-newwestcity.escribemeetings.com/Players/ISIStandAlonePlayer.aspx?Id=2109f986-c3d2-44a0-917f-55c29fe04b25,https://councilrecord.ca/newwest.html#vote/1avlx2n,"THAT Council give Development Cost Charge Reserve Funds Expenditure Bylaw No 8437, 2024 first reading."
2024-02-05,Council Meeting,,Development Cost Charge Reserve Funds Expenditure Bylaw,Main motion,Carried,6,0,1,,,In favour,In favour,In favour,In favour,Absent,In favour,In favour,Development; Taxes & spending,2 of 3,,,https://pub-newwestcity.escribemeetings.com/FileStream.ashx?DocumentId=18266,https://pub-newwestcity.escribemeetings.com/Players/ISIStandAlonePlayer.aspx?Id=2109f986-c3d2-44a0-917f-55c29fe04b25,https://councilrecord.ca/newwest.html#vote/1or2kk,"THAT Council give Development Cost Charge Reserve Funds Expenditure Bylaw No 8437, 2024 second reading."
2024-02-05,Council Meeting,,Development Cost Charge Reserve Funds Expenditure Bylaw,Main motion,Carried,6,0,1,,,In favour,In favour,In favour,In favour,Absent,In favour,In favour,Development; Taxes & spending,3 of 3,,,https://pub-newwestcity.escribemeetings.com/FileStream.ashx?DocumentId=18266,https://pub-newwestcity.escribemeetings.com/Players/ISIStandAlonePlayer.aspx?Id=2109f986-c3d2-44a0-917f-55c29fe04b25,https://councilrecord.ca/newwest.html#vote/5bezzz,"THAT Council give Development Cost Charge Reserve Funds Expenditure Bylaw No 8437, 2024 third reading."
2024-02-05,Council Meeting,,Establishing delegation to visit Port Coquitlam to review best,Main motion,Defeated,2,4,1,,,Against,Against,In favour,Against,Absent,In favour,Against,Taxes & spending,,,,https://pub-newwestcity.escribemeetings.com/FileStream.ashx?DocumentId=18266,https://pub-newwestcity.escribemeetings.com/Players/ISIStandAlonePlayer.aspx?Id=2109f986-c3d2-44a0-917f-55c29fe04b25,https://councilrecord.ca/newwest.html#vote/1ixz30y,THAT the Mayor request a meeting with elected officials and senior city staff from Port Coquitlam to explore if any of their best practices could be implemented locally with a goal of limiting future property taxes while enhancing service standards.
2024-02-05,Council Meeting,,Increasing support in Budget 2024 to enhance the work done,Main motion,Carried,5,1,1,,,Against,In favour,In favour,In favour,Absent,In favour,In favour,Taxes & spending,1 of 4,,,https://pub-newwestcity.escribemeetings.com/FileStream.ashx?DocumentId=18266,https://pub-newwestcity.escribemeetings.com/Players/ISIStandAlonePlayer.aspx?Id=2109f986-c3d2-44a0-917f-55c29fe04b25,https://councilrecord.ca/newwest.html#vote/15pri8,THAT staff be directed to increase the annual resident association budget by up to an additional $200 in the 2024 operational budget.
2024-02-05,Council Meeting,,Increasing support in Budget 2024 to enhance the work done,Main motion,Carried,6,0,1,,,In favour,In favour,In favour,In favour,Absent,In favour,In favour,Taxes & spending,2 of 4,,,https://pub-newwestcity.escribemeetings.com/FileStream.ashx?DocumentId=18266,https://pub-newwestcity.escribemeetings.com/Players/ISIStandAlonePlayer.aspx?Id=2109f986-c3d2-44a0-917f-55c29fe04b25,https://councilrecord.ca/newwest.html#vote/1fy5dqq,THAT this additional increase in base grant funding be available upon written request of the resident association.
2024-02-05,Council Meeting,,Increasing support in Budget 2024 to enhance the work done,Referral,Defeated,3,3,1,,,Against,Against,In favour,In favour,Absent,In favour,Against,Taxes & spending,3 of 4,Defeated on a tied vote.,,https://pub-newwestcity.escribemeetings.com/FileStream.ashx?DocumentId=18266,https://pub-newwestcity.escribemeetings.com/Players/ISIStandAlonePlayer.aspx?Id=2109f986-c3d2-44a0-917f-55c29fe04b25,https://councilrecord.ca/newwest.html#vote/1m6gnbp,THAT the motion be referred to staff and further it be brought to the Residents Association Forum.
2024-02-05,Council Meeting,,Increasing support in Budget 2024 to enhance the work done,Main motion,Defeated,3,3,1,,,Against,Against,In favour,In favour,Absent,In favour,Against,Taxes & spending,4 of 4,Defeated on a tied vote.,,https://pub-newwestcity.escribemeetings.com/FileStream.ashx?DocumentId=18266,https://pub-newwestcity.escribemeetings.com/Players/ISIStandAlonePlayer.aspx?Id=2109f986-c3d2-44a0-917f-55c29fe04b25,https://councilrecord.ca/newwest.html#vote/m1t83o,THAT resident associations with a bona fide and active membership base over 150 individuals on December 31st of the previous calendar year are further eligible to request an additional $200 in funding to support their operations.
2024-02-26,Council Meeting following Public Hearing,,Heritage Revitalization Agreement Bylaw (203 Pembina Street) No.,Main motion,Carried,4,2,1,,,In favour,In favour,Against,In favour,Absent,Against,In favour,Housing & density; Development; Transportation; Neighbourhood character,,,,https://pub-newwestcity.escribemeetings.com/FileStream.ashx?DocumentId=18271,https://pub-newwestcity.escribemeetings.com/Players/ISIStandAlonePlayer.aspx?Id=2d61d237-ef24-45b8-b49f-d30ac1ad1caa,https://councilrecord.ca/newwest.html#vote/10snkea,"THAT Council give Heritage Revitalization Agreement Bylaw (203 Pembina Street) No. 8425, 2024 first reading."
2024-02-26,Council Meeting following Public Hearing,,"Heritage Designation Bylaw (203 Pembina Street) No. 8435, 2024",Main motion,Carried,4,2,1,,,In favour,In favour,Against,In favour,Absent,Against,In favour,Transportation; Neighbourhood character,,,,https://pub-newwestcity.escribemeetings.com/FileStream.ashx?DocumentId=18271,https://pub-newwestcity.escribemeetings.com/Players/ISIStandAlonePlayer.aspx?Id=2d61d237-ef24-45b8-b49f-d30ac1ad1caa,https://councilrecord.ca/newwest.html#vote/1r7muh8,"THAT Council give Heritage Designation Bylaw (203 Pembina Street) No. 8435, 2024 third reading."
2024-02-26,Council Meeting following Public Hearing,,The Director of Parks and Recreation be authorized to execute the Letter of Understan…,Main motion,Carried,5,1,1,,,In favour,In favour,In favour,In favour,Absent,In favour,Against,Parks & recreation; Governance & elections,,,,https://pub-newwestcity.escribemeetings.com/FileStream.ashx?DocumentId=18271,https://pub-newwestcity.escribemeetings.com/Players/ISIStandAlonePlayer.aspx?Id=2d61d237-ef24-45b8-b49f-d30ac1ad1caa,https://councilrecord.ca/newwest.html#vote/1efxck9,"THAT the Director of Parks and Recreation be authorized to execute the Letter of Understanding between the City and the Dockside Strata (NW2459) as included in Attachment “A“ to this report, and THAT the City further engage the Quayside Community Board regarding the overall management of trees in their neighbourhood."
2024-02-26,Council Meeting following Public Hearing,,Budget 2024: 2024 – 2028 Five-Year Financial Plan Bylaw,Main motion,Carried,4,2,1,,,In favour,In favour,Against,In favour,Absent,Against,In favour,Development; Taxes & spending,,,,https://pub-newwestcity.escribemeetings.com/FileStream.ashx?DocumentId=18271,https://pub-newwestcity.escribemeetings.com/Players/ISIStandAlonePlayer.aspx?Id=2d61d237-ef24-45b8-b49f-d30ac1ad1caa,https://councilrecord.ca/newwest.html#vote/mcf85k,"THAT Council give three readings to the 2024 – 2028 Five-Year Financial Plan Bylaw No. 8442, 2024 as presented in Attachment 1 of this report."
2024-02-26,Council Meeting following Public Hearing,,Development Cost Charge Bylaw – Inflationary Amendment,Main motion,Carried,6,0,1,,,In favour,In favour,In favour,In favour,Absent,In favour,In favour,Development; Taxes & spending,,,,https://pub-newwestcity.escribemeetings.com/FileStream.ashx?DocumentId=18271,,https://councilrecord.ca/newwest.html#vote/16pwkl1,"THAT Council instruct staff to bring forward the Development Cost Charges Amendment Bylaw No. 8437, 2024 for three readings as presented in Attachment #1 of this report."
2024-02-26,Council Meeting following Public Hearing,,Grant Program Refinements,Main motion,Carried,6,0,1,,,In favour,In favour,In favour,In favour,Absent,In favour,In favour,Taxes & spending,,,,https://pub-newwestcity.escribemeetings.com/FileStream.ashx?DocumentId=18271,https://pub-newwestcity.escribemeetings.com/Players/ISIStandAlonePlayer.aspx?Id=2d61d237-ef24-45b8-b49f-d30ac1ad1caa,https://councilrecord.ca/newwest.html#vote/1slaqco,"THAT Council direct staff to discontinue the one-time small grants program and re-allocate the funding envelope of $13,000 to the City Services budget for the fall intake; THAT Council direct staff to investigate the development of a reserve fund for grants to support the sustainability of the program; THAT Council direct staff to provide a more comprehensive analysis of the grant program and provide recommendations for improvements at a future Council meeting."
2024-02-26,Council Meeting following Public Hearing,,Initiating process for updating the City’s corporate logo,Main motion,Carried,4,2,1,,,In favour,In favour,Against,In favour,Absent,Against,In favour,Governance & elections,,,,https://pub-newwestcity.escribemeetings.com/FileStream.ashx?DocumentId=18271,https://pub-newwestcity.escribemeetings.com/Players/ISIStandAlonePlayer.aspx?Id=2d61d237-ef24-45b8-b49f-d30ac1ad1caa,https://councilrecord.ca/newwest.html#vote/1cr46nc,"THAT Council direct staff to initiate the previously-endorsed process to consider a new logo for the organization; and; THAT Council direct staff to provide updates to Council through the process, with the next update to focus on proposed plans for community- wide engagement."
2024-02-26,Council Meeting following Public Hearing,,Leave of Absence for Councillor McEvoy,Main motion,Carried,6,0,1,,,In favour,In favour,In favour,In favour,Absent,In favour,In favour,Other,1 of 2,,,https://pub-newwestcity.escribemeetings.com/FileStream.ashx?DocumentId=18271,https://pub-newwestcity.escribemeetings.com/Players/ISIStandAlonePlayer.aspx?Id=2d61d237-ef24-45b8-b49f-d30ac1ad1caa,https://councilrecord.ca/newwest.html#vote/dltxjj,"THAT Council approve a medical leave absence for Councillor McEvoy under Section 125 (7) of the Community Charter . THAT Council appoint members to fulfill Councillor McEvoy’s duties as needed for the internal advisory bodies and external organizations to which he has been appointed, until such time as he is able to resume those duties."
2024-02-26,Council Meeting following Public Hearing,,Leave of Absence for Councillor McEvoy,Other,Carried,4,2,1,,,In favour,In favour,Against,In favour,Absent,Against,In favour,Other,2 of 2,The minutes do not give separate motion text at this point; see the linked minutes.,,https://pub-newwestcity.escribemeetings.com/FileStream.ashx?DocumentId=18271,https://pub-newwestcity.escribemeetings.com/Players/ISIStandAlonePlayer.aspx?Id=2d61d237-ef24-45b8-b49f-d30ac1ad1caa,https://councilrecord.ca/newwest.html#vote/1737xxh,
2024-02-26,Council Meeting following Public Hearing,,Rezoning and Housing Agreement: 145-209 East Columbia Street –,Main motion,Carried,6,0,1,,,In favour,In favour,In favour,In favour,Absent,In favour,In favour,Housing & density; Development; Transportation; Business & economy,,,,https://pub-newwestcity.escribemeetings.com/FileStream.ashx?DocumentId=18271,https://pub-newwestcity.escribemeetings.com/Players/ISIStandAlonePlayer.aspx?Id=2d61d237-ef24-45b8-b49f-d30ac1ad1caa,https://councilrecord.ca/newwest.html#vote/1r7pou6,"THAT Council consider Zoning Amendment Bylaw (145-209 East Columbia Street) No. 8429, 2024 for First, Second, and Third Readings. THAT Council consider Housing Agreement Bylaw (145-209 East Columbia Street) No. 8434, 2024 for First, Second, and Third Readings."
2024-02-26,Council Meeting following Public Hearing,,Zoning Amendment Bylaw (145-209 East Columbia Street) No.,Main motion,Carried,6,0,1,,,In favour,In favour,In favour,In favour,Absent,In favour,In favour,Development; Transportation; Business & economy,1 of 3,,,https://pub-newwestcity.escribemeetings.com/FileStream.ashx?DocumentId=18271,https://pub-newwestcity.escribemeetings.com/Players/ISIStandAlonePlayer.aspx?Id=2d61d237-ef24-45b8-b49f-d30ac1ad1caa,https://councilrecord.ca/newwest.html#vote/1jdsxiz,"THAT Council give Zoning Amendment Bylaw (145-209 East Columbia Street) No. 8429, 2024 first reading."
2024-02-26,Council Meeting following Public Hearing,,Zoning Amendment Bylaw (145-209 East Columbia Street) No.,Main motion,Carried,6,0,1,,,In favour,In favour,In favour,In favour,Absent,In favour,In favour,Development; Transportation; Business & economy,2 of 3,,,https://pub-newwestcity.escribemeetings.com/FileStream.ashx?DocumentId=18271,https://pub-newwestcity.escribemeetings.com/Players/ISIStandAlonePlayer.aspx?Id=2d61d237-ef24-45b8-b49f-d30ac1ad1caa,https://councilrecord.ca/newwest.html#vote/7xyey1,"THAT Council give Zoning Amendment Bylaw (145-209 East Columbia Street) No. 8429, 2024 second reading."
2024-02-26,Council Meeting following Public Hearing,,Zoning Amendment Bylaw (145-209 East Columbia Street) No.,Main motion,Carried,6,0,1,,,In favour,In favour,In favour,In favour,Absent,In favour,In favour,Development; Transportation; Business & economy,3 of 3,,,https://pub-newwestcity.escribemeetings.com/FileStream.ashx?DocumentId=18271,https://pub-newwestcity.escribemeetings.com/Players/ISIStandAlonePlayer.aspx?Id=2d61d237-ef24-45b8-b49f-d30ac1ad1caa,https://councilrecord.ca/newwest.html#vote/yh5gob,"THAT Council give Zoning Amendment Bylaw (145-209 East Columbia Street) No. 8429, 2024 third reading."
2024-02-26,Council Meeting following Public Hearing,,Zoning Amendment Bylaw (Miscellaneous Amendments) No.,Main motion,Carried,6,0,1,,,In favour,In favour,In favour,In favour,Absent,In favour,In favour,Development,1 of 3,,,https://pub-newwestcity.escribemeetings.com/FileStream.ashx?DocumentId=18271,https://pub-newwestcity.escribemeetings.com/Players/ISIStandAlonePlayer.aspx?Id=2d61d237-ef24-45b8-b49f-d30ac1ad1caa,https://councilrecord.ca/newwest.html#vote/szq9cf,"THAT Council give Zoning Amendment Bylaw (Miscellaneous Amendments) No. 8436, 2024 first reading."
2024-02-26,Council Meeting following Public Hearing,,Zoning Amendment Bylaw (Miscellaneous Amendments) No.,Main motion,Carried,6,0,1,,,In favour,In favour,In favour,In favour,Absent,In favour,In favour,Development,2 of 3,,,https://pub-newwestcity.escribemeetings.com/FileStream.ashx?DocumentId=18271,https://pub-newwestcity.escribemeetings.com/Players/ISIStandAlonePlayer.aspx?Id=2d61d237-ef24-45b8-b49f-d30ac1ad1caa,https://councilrecord.ca/newwest.html#vote/kx7jc9,"THAT Council give Zoning Amendment Bylaw (Miscellaneous Amendments) No. 8436, 2024 second reading."
2024-02-26,Council Meeting following Public Hearing,,Zoning Amendment Bylaw (Miscellaneous Amendments) No.,Main motion,Carried,6,0,1,,,In favour,In favour,In favour,In favour,Absent,In favour,In favour,Development,3 of 3,,,https://pub-newwestcity.escribemeetings.com/FileStream.ashx?DocumentId=18271,https://pub-newwestcity.escribemeetings.com/Players/ISIStandAlonePlayer.aspx?Id=2d61d237-ef24-45b8-b49f-d30ac1ad1caa,https://councilrecord.ca/newwest.html#vote/1mq69y7,"THAT Council give Zoning Amendment Bylaw (Miscellaneous Amendments) No. 8436, 2024 third reading."
2024-02-26,Council Meeting following Public Hearing,,"Development Cost Charges Amendment Bylaw No. 8437, 2024",Main motion,Carried,6,0,1,,,In favour,In favour,In favour,In favour,Absent,In favour,In favour,Development; Taxes & spending,1 of 3,,,https://pub-newwestcity.escribemeetings.com/FileStream.ashx?DocumentId=18271,https://pub-newwestcity.escribemeetings.com/Players/ISIStandAlonePlayer.aspx?Id=2d61d237-ef24-45b8-b49f-d30ac1ad1caa,https://councilrecord.ca/newwest.html#vote/4k2ld0,"THAT Council give Development Cost Charges Amendment Bylaw No. 8437, 2024 first reading."
2024-02-26,Council Meeting following Public Hearing,,"Development Cost Charges Amendment Bylaw No. 8437, 2024",Main motion,Carried,6,0,1,,,In favour,In favour,In favour,In favour,Absent,In favour,In favour,Development; Taxes & spending,2 of 3,,,https://pub-newwestcity.escribemeetings.com/FileStream.ashx?DocumentId=18271,https://pub-newwestcity.escribemeetings.com/Players/ISIStandAlonePlayer.aspx?Id=2d61d237-ef24-45b8-b49f-d30ac1ad1caa,https://councilrecord.ca/newwest.html#vote/14dbwo1,"THAT Council give Development Cost Charges Amendment Bylaw No. 8437, 2024 second reading."
2024-02-26,Council Meeting following Public Hearing,,"Development Cost Charges Amendment Bylaw No. 8437, 2024",Main motion,Carried,6,0,1,,,In favour,In favour,In favour,In favour,Absent,In favour,In favour,Development; Taxes & spending,3 of 3,,,https://pub-newwestcity.escribemeetings.com/FileStream.ashx?DocumentId=18271,https://pub-newwestcity.escribemeetings.com/Players/ISIStandAlonePlayer.aspx?Id=2d61d237-ef24-45b8-b49f-d30ac1ad1caa,https://councilrecord.ca/newwest.html#vote/1bn73qs,"THAT Council give Development Cost Charges Amendment Bylaw No. 8437, 2024 third reading."
2024-02-26,Council Meeting following Public Hearing,,"Five-Year Financial Plan (2024-2028) Bylaw No. 8442, 2024",Main motion,Carried,4,2,1,,,In favour,In favour,Against,In favour,Absent,Against,In favour,Development; Taxes & spending,1 of 3,,,https://pub-newwestcity.escribemeetings.com/FileStream.ashx?DocumentId=18271,https://pub-newwestcity.escribemeetings.com/Players/ISIStandAlonePlayer.aspx?Id=2d61d237-ef24-45b8-b49f-d30ac1ad1caa,https://councilrecord.ca/newwest.html#vote/yd5s02,"THAT Council give Five-Year Financial Plan (2024-2028) Bylaw No. 8442, 2024 first reading."
2024-02-26,Council Meeting following Public Hearing,,"Five-Year Financial Plan (2024-2028) Bylaw No. 8442, 2024",Main motion,Carried,4,2,1,,,In favour,In favour,Against,In favour,Absent,Against,In favour,Development; Taxes & spending,2 of 3,,,https://pub-newwestcity.escribemeetings.com/FileStream.ashx?DocumentId=18271,https://pub-newwestcity.escribemeetings.com/Players/ISIStandAlonePlayer.aspx?Id=2d61d237-ef24-45b8-b49f-d30ac1ad1caa,https://councilrecord.ca/newwest.html#vote/u6e3lz,"THAT Council give Five-Year Financial Plan (2024-2028) Bylaw No. 8442, 2024 second reading"
2024-02-26,Council Meeting following Public Hearing,,"Five-Year Financial Plan (2024-2028) Bylaw No. 8442, 2024",Main motion,Carried,4,2,1,,,In favour,In favour,Against,In favour,Absent,Against,In favour,Development; Taxes & spending,3 of 3,,,https://pub-newwestcity.escribemeetings.com/FileStream.ashx?DocumentId=18271,https://pub-newwestcity.escribemeetings.com/Players/ISIStandAlonePlayer.aspx?Id=2d61d237-ef24-45b8-b49f-d30ac1ad1caa,https://councilrecord.ca/newwest.html#vote/ovsbdp,"THAT Council give Five-Year Financial Plan (2024-2028) Bylaw No. 8442, 2024 third reading"
2024-02-26,Council Meeting following Public Hearing,,Housing Agreement Bylaw (145-209 East Columbia Street) No.,Main motion,Carried,6,0,1,,,In favour,In favour,In favour,In favour,Absent,In favour,In favour,Housing & density; Transportation; Business & economy,1 of 3,,,https://pub-newwestcity.escribemeetings.com/FileStream.ashx?DocumentId=18271,https://pub-newwestcity.escribemeetings.com/Players/ISIStandAlonePlayer.aspx?Id=2d61d237-ef24-45b8-b49f-d30ac1ad1caa,https://councilrecord.ca/newwest.html#vote/o9ttt4,"THAT Council give Housing Agreement Bylaw (145-209 East Columbia Street) No. 8434, 2024 first reading."
2024-02-26,Council Meeting following Public Hearing,,Housing Agreement Bylaw (145-209 East Columbia Street) No.,Main motion,Carried,6,0,1,,,In favour,In favour,In favour,In favour,Absent,In favour,In favour,Housing & density; Transportation; Business & economy,2 of 3,,,https://pub-newwestcity.escribemeetings.com/FileStream.ashx?DocumentId=18271,https://pub-newwestcity.escribemeetings.com/Players/ISIStandAlonePlayer.aspx?Id=2d61d237-ef24-45b8-b49f-d30ac1ad1caa,https://councilrecord.ca/newwest.html#vote/wit7yr,"THAT Council give Housing Agreement Bylaw (145-209 East Columbia Street) No. 8434, 2024 second reading."
2024-02-26,Council Meeting following Public Hearing,,Housing Agreement Bylaw (145-209 East Columbia Street) No.,Main motion,Carried,6,0,1,,,In favour,In favour,In favour,In favour,Absent,In favour,In favour,Housing & density; Transportation; Business & economy,3 of 3,,,https://pub-newwestcity.escribemeetings.com/FileStream.ashx?DocumentId=18271,https://pub-newwestcity.escribemeetings.com/Players/ISIStandAlonePlayer.aspx?Id=2d61d237-ef24-45b8-b49f-d30ac1ad1caa,https://councilrecord.ca/newwest.html#vote/1tnmgjc,"THAT Council give Housing Agreement Bylaw (145-209 East Columbia Street) No. 8434, 2024 third reading."
2024-02-26,Council Meeting following Public Hearing,,Development Cost Charge Reserve Funds Expenditure Bylaw,Main motion,Carried,6,0,1,,,In favour,In favour,In favour,In favour,Absent,In favour,In favour,Development; Taxes & spending,,,,https://pub-newwestcity.escribemeetings.com/FileStream.ashx?DocumentId=18271,https://pub-newwestcity.escribemeetings.com/Players/ISIStandAlonePlayer.aspx?Id=2d61d237-ef24-45b8-b49f-d30ac1ad1caa,https://councilrecord.ca/newwest.html#vote/1sx8xay,"THAT Council adopt Development Cost Charge Reserve Funds Expenditure Bylaw No 8437, 2024."
2024-02-26,Council Meeting following Public Hearing,,"Zoning Amendment Bylaw (810 Agnes Street) No. 8390, 2023",Main motion,Carried,6,0,1,,,In favour,In favour,In favour,In favour,Absent,In favour,In favour,Development; Transportation,,,,https://pub-newwestcity.escribemeetings.com/FileStream.ashx?DocumentId=18271,https://pub-newwestcity.escribemeetings.com/Players/ISIStandAlonePlayer.aspx?Id=2d61d237-ef24-45b8-b49f-d30ac1ad1caa,https://councilrecord.ca/newwest.html#vote/euvq3m,"THAT Council adopt Zoning Amendment Bylaw (810 Agnes Street) No. 8390, 2023."
2024-02-26,Council Meeting following Public Hearing,,"Housing Agreement (810 Agnes Street) Bylaw No 8389, 2023",Main motion,Carried,6,0,1,,,In favour,In favour,In favour,In favour,Absent,In favour,In favour,Housing & density; Transportation,,,,https://pub-newwestcity.escribemeetings.com/FileStream.ashx?DocumentId=18271,https://pub-newwestcity.escribemeetings.com/Players/ISIStandAlonePlayer.aspx?Id=2d61d237-ef24-45b8-b49f-d30ac1ad1caa,https://councilrecord.ca/newwest.html#vote/1udxzgt,"THAT Council adopt Housing Agreement (810 Agnes Street) Bylaw No 8389, 2023."
2024-02-26,Council Meeting following Public Hearing,,An information report on a Crime and Safety Townhall Forum,Main motion,Carried,6,0,1,,,In favour,In favour,In favour,In favour,Absent,In favour,In favour,Public services,,,,https://pub-newwestcity.escribemeetings.com/FileStream.ashx?DocumentId=18271,https://pub-newwestcity.escribemeetings.com/Players/ISIStandAlonePlayer.aspx?Id=2d61d237-ef24-45b8-b49f-d30ac1ad1caa,https://councilrecord.ca/newwest.html#vote/71b7z6,THAT Council receive for information a summary report from Councillors Paul Minhas and Daniel Fontaine regarding a crime and safety forum they co-hosted in November 2023.
2024-02-26,Council Meeting following Public Hearing,,Allowing local governments to apply commercial rent controls,Main motion,Carried,4,2,1,,,In favour,In favour,Against,In favour,Absent,Against,In favour,Business & economy,,,,https://pub-newwestcity.escribemeetings.com/FileStream.ashx?DocumentId=18271,https://pub-newwestcity.escribemeetings.com/Players/ISIStandAlonePlayer.aspx?Id=2d61d237-ef24-45b8-b49f-d30ac1ad1caa,https://councilrecord.ca/newwest.html#vote/12i93q4,"THAT the Province of British Columbia provide local governments with the legislative authority to enable special economic zones where commercial rent control and demo/renoviction policies could be applied to ensure predictability in commercial lease costs, so local small businesses and community-serving commercial tenants can continue to serve their communities."
2024-02-26,Council Meeting following Public Hearing,,Additional funding for overdose prevention sites across,Main motion,Carried,4,2,1,,,In favour,In favour,Against,In favour,Absent,Against,In favour,Taxes & spending; Neighbourhood character; Public services,1 of 2,,,https://pub-newwestcity.escribemeetings.com/FileStream.ashx?DocumentId=18271,https://pub-newwestcity.escribemeetings.com/Players/ISIStandAlonePlayer.aspx?Id=2d61d237-ef24-45b8-b49f-d30ac1ad1caa,https://councilrecord.ca/newwest.html#vote/cc2ycj,"THAT in the spirit of a 4-pillar approach to dealing with the health crisis of toxic overdoses which has grown significantly over the past 5 years, the BC Minister of Mental Health and Addictions allocate a portion of the contingency funds announced in the 2024 Budget to implement new and significantly augment existing mental health services as well as substance abuse treatment and recovery programs in communities with an identified need for these services. Discussion ensued regarding the nature of proposed amendment which would fundamentally change the original motion and thereby invalidating the amendment. Procedural note: The Chair was challenged on the ruling regarding the amendment. MOVED THAT the Chair be sustained."
2024-02-26,Council Meeting following Public Hearing,,Additional funding for overdose prevention sites across,Main motion,Carried,6,0,1,,,In favour,In favour,In favour,In favour,Absent,In favour,In favour,Taxes & spending; Public services; Business & economy,2 of 2,,,https://pub-newwestcity.escribemeetings.com/FileStream.ashx?DocumentId=18271,https://pub-newwestcity.escribemeetings.com/Players/ISIStandAlonePlayer.aspx?Id=2d61d237-ef24-45b8-b49f-d30ac1ad1caa,https://councilrecord.ca/newwest.html#vote/4tnb8p,"THAT the Province of British Columbia increase funding for Health Authorities to augment existing and to open new supervised consumption and overdose prevention sites, including related inhalation services, across British Columbia and including municipalities which do not currently offer this service to residents."
2024-02-26,Council Meeting following Public Hearing,,Eliminating Barriers to Public Home Care Services and Social,Amendment,Carried,6,0,1,,,In favour,In favour,In favour,In favour,Absent,In favour,In favour,Public services,,,,https://pub-newwestcity.escribemeetings.com/FileStream.ashx?DocumentId=18271,https://pub-newwestcity.escribemeetings.com/Players/ISIStandAlonePlayer.aspx?Id=2d61d237-ef24-45b8-b49f-d30ac1ad1caa,https://councilrecord.ca/newwest.html#vote/gp7fjf,THAT the motion be amended to contain the language of publicly owned and operated and not-for-profit home care services.
2024-02-26,Council Meeting following Public Hearing,,Creating a Ministry of Hospitality,Main motion,Carried,4,2,1,,,In favour,In favour,Against,In favour,Absent,Against,In favour,Public services,,,,https://pub-newwestcity.escribemeetings.com/FileStream.ashx?DocumentId=18271,https://pub-newwestcity.escribemeetings.com/Players/ISIStandAlonePlayer.aspx?Id=2d61d237-ef24-45b8-b49f-d30ac1ad1caa,https://councilrecord.ca/newwest.html#vote/u0ptf0,"THAT the Province create a Ministry of Hospitality to support and engage restaurants, food service vendors and the hospitality sector generally by acting as advocates within government for policy development and reform. Discussion ensued on Council’s focus to remain doing everything in its power to prevent property tax increases and that a new ministry may potentially require increased taxation. Procedural note: The question on the main motion was called. THEREFORE BE IT RESOLVED THAT the Province create a Ministry of Hospitality to support and engage restaurants, food service vendors and the hospitality sector generally by acting as advocates within government for policy development and reform."
2024-02-26,Council Meeting following Public Hearing,,E-Comm Governance Review,Main motion,Carried,6,0,1,,,In favour,In favour,In favour,In favour,Absent,In favour,In favour,Taxes & spending; Public services; Governance & elections,,,,https://pub-newwestcity.escribemeetings.com/FileStream.ashx?DocumentId=18271,https://pub-newwestcity.escribemeetings.com/Players/ISIStandAlonePlayer.aspx?Id=2d61d237-ef24-45b8-b49f-d30ac1ad1caa,https://councilrecord.ca/newwest.html#vote/1spub,"WHEREAS E-Comm has struggled to provide service levels that meet established standards or the expectations of the communities they serve, while the cost of E-Comm is increasing at an unsustainable rate, creating budget uncertainty for local Police and Fire services, and WHEREAS the imminent introduction of next-Gen 911 will represent the single largest change in emergency communications delivery since the introduction of 911, with uncertain cost and operational impacts, THEREFORE BE IT RESOLVED THAT the Provincial Government engage local governments in a comprehensive review of the governance structure and delivery model of 911 emergency call taking, related non-emergency call taking, and emergency dispatch services across BC with a goal to assure reliable, affordable, and sustainable services for all communities."
2024-03-11,Council Meeting,,City of New Westminster and Fraser Health Authority Second,Main motion,Carried,6,0,1,,,In favour,In favour,In favour,In favour,Absent,In favour,In favour,Public services,,,,https://pub-newwestcity.escribemeetings.com/FileStream.ashx?DocumentId=18275,,https://councilrecord.ca/newwest.html#vote/8fye5u,"THAT Council accept and approve this report titled City of New Westminster and Fraser Health Authority Second Responder Program (Post-opioid overdose follow-up program) and dated March 11, 2024."
2024-03-11,Council Meeting,,Construction Noise Bylaw Exemption Request: 32 Eighth Street (New,Main motion,Carried,6,0,1,,,In favour,In favour,In favour,In favour,Absent,In favour,In favour,Development; Taxes & spending; Transportation; Neighbourhood character,,,,https://pub-newwestcity.escribemeetings.com/FileStream.ashx?DocumentId=18275,,https://councilrecord.ca/newwest.html#vote/1ylnu9d,"THAT Council grant an exemption from Construction Noise Bylaw No. 6063, 1992 to TransLink from 12 AM to 7 AM from Tuesday March 12, 2024 to Thursday August 1, 2024 including ten Sundays and excluding all Statutory Holidays, to demolish original maintenance walkways, install new maintenance walkways, and make operational equipment modifications to the New Westminster SkyTrain Station located at 32 Eighth Street and the 22nd Street SkyTrain Station located at 2126 Seventh Avenue."
2024-03-11,Council Meeting,,Construction Noise Bylaw Exemption Request: 2126 Seventh Avenue,Main motion,Carried,6,0,1,,,In favour,In favour,In favour,In favour,Absent,In favour,In favour,Development; Taxes & spending; Neighbourhood character,,,,https://pub-newwestcity.escribemeetings.com/FileStream.ashx?DocumentId=18275,,https://councilrecord.ca/newwest.html#vote/lzeull,"THAT Council grant an exemption from Construction Noise Bylaw No. 6063, 1992 to TransLink from 8:00 PM to 7:00 AM six days per week (not including Thursdays and Statutory Holidays) for the period of Monday March 11, 2024 to Monday December 23, 2024 to recoat the 22nd Street SkyTrain Station located at 2126 Seventh Avenue."
2024-03-11,Council Meeting,,"Development Cost Charges Amendment Bylaw No. 8444, 2024",Main motion,Carried,6,0,1,,,In favour,In favour,In favour,In favour,Absent,In favour,In favour,Development; Taxes & spending,,,,https://pub-newwestcity.escribemeetings.com/FileStream.ashx?DocumentId=18275,https://pub-newwestcity.escribemeetings.com/Players/ISIStandAlonePlayer.aspx?Id=e9d9a315-496e-4e5c-ab16-63b9f221acc9,https://councilrecord.ca/newwest.html#vote/t5mx9z,"THAT Council adopt Development Cost Charges Amendment Bylaw No. 8444, 2024."
2024-03-11,Council Meeting,,"Five-Year Financial Plan (2024-2028) Bylaw No. 8442, 2024",Main motion,Carried,4,2,1,,,In favour,In favour,Against,In favour,Absent,Against,In favour,Development; Taxes & spending,,,,https://pub-newwestcity.escribemeetings.com/FileStream.ashx?DocumentId=18275,https://pub-newwestcity.escribemeetings.com/Players/ISIStandAlonePlayer.aspx?Id=e9d9a315-496e-4e5c-ab16-63b9f221acc9,https://councilrecord.ca/newwest.html#vote/10yunln,"THAT Council adopt Five-Year Financial Plan (2024-2028) Bylaw No. 8442, 2024."
2024-03-11,Council Meeting,,Supporting childcare development across the City,Main motion,Carried,6,0,1,,,In favour,In favour,In favour,In favour,Absent,In favour,In favour,Housing & density; Development; Public services,1 of 2,,,https://pub-newwestcity.escribemeetings.com/FileStream.ashx?DocumentId=18275,https://pub-newwestcity.escribemeetings.com/Players/ISIStandAlonePlayer.aspx?Id=e9d9a315-496e-4e5c-ab16-63b9f221acc9,https://councilrecord.ca/newwest.html#vote/1bjiq8s,THAT staff explore opportunities to amend the City’s current zoning bylaws to increase the allowable maximum of childcare spaces in residential areas.
2024-03-11,Council Meeting,,Supporting childcare development across the City,Main motion,Defeated,3,3,1,,,Against,In favour,Against,In favour,Absent,Against,In favour,Public services,2 of 2,Defeated on a tied vote.,,https://pub-newwestcity.escribemeetings.com/FileStream.ashx?DocumentId=18275,https://pub-newwestcity.escribemeetings.com/Players/ISIStandAlonePlayer.aspx?Id=e9d9a315-496e-4e5c-ab16-63b9f221acc9,https://councilrecord.ca/newwest.html#vote/1qwiixu,THAT Council vary the agenda to have 7.1.b after 4. Opportunity for the Public to Speak to Council.
2024-03-11,Council Meeting,,"Only BC-based corporations, labour unions and not-for-profit",Main motion,Carried,4,2,1,,,Against,Against,In favour,In favour,Absent,In favour,In favour,Governance & elections,1 of 3,,,https://pub-newwestcity.escribemeetings.com/FileStream.ashx?DocumentId=18275,https://pub-newwestcity.escribemeetings.com/Players/ISIStandAlonePlayer.aspx?Id=e9d9a315-496e-4e5c-ab16-63b9f221acc9,https://councilrecord.ca/newwest.html#vote/1yykvo6,THAT section c. be deleted from the motion and subsequent points be re-numbered accordingly.
2024-03-11,Council Meeting,,"Only BC-based corporations, labour unions and not-for-profit",Main motion,Carried,5,1,1,,,In favour,Against,In favour,In favour,Absent,In favour,In favour,Governance & elections,2 of 3,,,https://pub-newwestcity.escribemeetings.com/FileStream.ashx?DocumentId=18275,https://pub-newwestcity.escribemeetings.com/Players/ISIStandAlonePlayer.aspx?Id=e9d9a315-496e-4e5c-ab16-63b9f221acc9,https://councilrecord.ca/newwest.html#vote/uiaj8m,"THAT section a. be amended to read: a. Any corporation, labour union or not-for-profit entity actively utilizing internal resources to promote an individual candidate or municipal elector organization within 90 days prior to the municipal election is required to publicly record and report to Elections BC the total funds expended."
2024-03-11,Council Meeting,,"Only BC-based corporations, labour unions and not-for-profit",Main motion,Defeated,2,4,1,,,Against,Against,In favour,Against,Absent,In favour,Against,Governance & elections,3 of 3,,,https://pub-newwestcity.escribemeetings.com/FileStream.ashx?DocumentId=18275,https://pub-newwestcity.escribemeetings.com/Players/ISIStandAlonePlayer.aspx?Id=e9d9a315-496e-4e5c-ab16-63b9f221acc9,https://councilrecord.ca/newwest.html#vote/1tyu9rn,"THAT a letter be drafted to the BC Minister of Municipal Affairs requesting that the following changes be made to the Local Elections Campaign Financing Act in time for the 2026 municipal election; a. Any corporation, labour union or not-for-profit entity actively utilizing internal resources to promote an individual candidate or municipal elector organization within 90 days prior to the municipal election is required to publicly record and report to Elections BC the total funds expended; b. Public reporting by the respective corporation, labour union or not-for-profit entity would include items such as the estimated use of staff time, overhead costs and marketing/promotion activities including those accessible to the broader public through social media; c. Corporations, labour unions and not-for-profit entities are banned from pooling their resources so as to effectively increase the maximum limit they can utilize to promote and market a municipal candidate or an elector organization d. Only BC-based corporations, labour unions and not-for-profit entities are permitted to undertake the election related activities listed above with all non-BC-based entities strictly prohibited from actively promoting a municipal candidate or elector organization BE IT FURTHER RESOLVED THAT a copy of this motion be distributed to the Union of BC Municipalities and the Lower Mainland Local Government Association for their information."
2024-03-11,Council Meeting,,Participating in the Provincial Electric Kick Scooter Pilot,Main motion,Carried,6,0,1,,,In favour,In favour,In favour,In favour,Absent,In favour,In favour,Transportation; Neighbourhood character; Business & economy,,,,https://pub-newwestcity.escribemeetings.com/FileStream.ashx?DocumentId=18275,https://pub-newwestcity.escribemeetings.com/Players/ISIStandAlonePlayer.aspx?Id=e9d9a315-496e-4e5c-ab16-63b9f221acc9,https://councilrecord.ca/newwest.html#vote/jxewbq,"THAT Council direct staff to evaluate the opportunity for the City of New Westminster to join the Provincial Electric Kick Scooter Pilot Program, and report back to Council with a recommendation on participation."
2024-04-08,Council Meeting,,Council direct staff to update the Filming Policies and Procedures as outlined in thi…,Main motion,Carried,6,0,1,,,In favour,In favour,In favour,In favour,Absent,In favour,In favour,Business & economy; Governance & elections,,,,https://pub-newwestcity.escribemeetings.com/FileStream.ashx?DocumentId=18368,https://pub-newwestcity.escribemeetings.com/Players/ISIStandAlonePlayer.aspx?Id=dd296033-db57-434e-bddd-bc39ef46dd2e,https://councilrecord.ca/newwest.html#vote/1rwzwjr,THAT Council direct staff to update the Filming Policies and Procedures as outlined in this report.
2024-04-08,Council Meeting,,Active Rehabilitation Lease Agreement at 65 E. Sixth Avenue,Main motion,Carried,6,0,1,,,In favour,In favour,In favour,In favour,Absent,In favour,In favour,Other,,,,https://pub-newwestcity.escribemeetings.com/FileStream.ashx?DocumentId=18368,https://pub-newwestcity.escribemeetings.com/Players/ISIStandAlonePlayer.aspx?Id=dd296033-db57-434e-bddd-bc39ef46dd2e,https://councilrecord.ca/newwest.html#vote/gq8ntq,"THAT subject to completion of required public notification processes, the Mayor and Council Clerk be authorized to execute the attached Lease Agreement, substantially in the form included as Attachment “A” between the City and MacPherson and Zenone Physiotherapist Corporation for the provision of active rehabilitation services within the t ə m ə se w̓txʷ Aquatic and Community Centre."
2024-04-08,Council Meeting,,Appointment of Corporate Officer,Main motion,Carried,6,0,1,,,In favour,In favour,In favour,In favour,Absent,In favour,In favour,Governance & elections,,,,https://pub-newwestcity.escribemeetings.com/FileStream.ashx?DocumentId=18368,,https://councilrecord.ca/newwest.html#vote/1x463ri,"THAT Council appoint Hanieh Berg as the Corporate Officer for the City of New Westminster effective April 22, 2024."
2024-04-08,Council Meeting,,Bill 28 - Property Tax Relief Legislation,Main motion,Carried,6,0,1,,,In favour,In favour,In favour,In favour,Absent,In favour,In favour,Taxes & spending,,,,https://pub-newwestcity.escribemeetings.com/FileStream.ashx?DocumentId=18368,https://pub-newwestcity.escribemeetings.com/Players/ISIStandAlonePlayer.aspx?Id=dd296033-db57-434e-bddd-bc39ef46dd2e,https://councilrecord.ca/newwest.html#vote/xbbmje,THAT Council receive this report for information. THAT Council direct staff to conduct further analysis to determine if such a tax relief program is suitable for the City of New Westminster.
2024-04-08,Council Meeting,,Construction Noise Bylaw Exemption Request: 78 Jamieson Court,Other,Carried,6,0,1,,,In favour,In favour,In favour,In favour,Absent,In favour,In favour,Neighbourhood character,,The minutes do not give separate motion text at this point; see the linked minutes.,,https://pub-newwestcity.escribemeetings.com/FileStream.ashx?DocumentId=18368,https://pub-newwestcity.escribemeetings.com/Players/ISIStandAlonePlayer.aspx?Id=dd296033-db57-434e-bddd-bc39ef46dd2e,https://councilrecord.ca/newwest.html#vote/4hmauv,
2024-04-08,Council Meeting,,Construction Noise Bylaw Exemption Request: 230 Keary Street (The,Main motion,Carried,6,0,1,,,In favour,In favour,In favour,In favour,Absent,In favour,In favour,Development; Taxes & spending; Transportation; Neighbourhood character,,,,https://pub-newwestcity.escribemeetings.com/FileStream.ashx?DocumentId=18368,,https://councilrecord.ca/newwest.html#vote/gc1llc,"THAT Council grant an exemption to Wesgroup Properties contractor, Two Pillars Construction, from Construction Noise Bylaw No. 6063, 1992 from 6:00 AM to 9:00 AM Saturday, April 13, 2024 and 6:00 AM to 6:00 PM Sunday, April 14, 2024 OR for contingency, 6:00 AM to 9:00 AM Saturday, May 11, 2024 and 6:00 AM to 6:00 PM Sunday, May 12, 2024 to erect a construction tower crane at 230 Keary Street."
2024-04-08,Council Meeting,,Parcel Tax Roll Review Panel,Main motion,Carried,6,0,1,,,In favour,In favour,In favour,In favour,Absent,In favour,In favour,Taxes & spending,,,,https://pub-newwestcity.escribemeetings.com/FileStream.ashx?DocumentId=18368,,https://councilrecord.ca/newwest.html#vote/ex96cd,"THAT the Parcel Tax Roll Review Panel convene at 6:00p.m., Monday April 22, 2024 in Council Chambers at City Hall, 511 Royal Ave, New Westminster to identify, confirm and authenticate the parcel tax roll; THAT staff be directed to prepare the parcel tax roll for Parcel Tax Roll Review Panel consideration and provide appropriate notification in accordance with the Community Charter."
2024-04-08,Council Meeting,,Zoning Bylaw Text Amendment: 812 Twentieth Street – Bylaw for,Main motion,Carried,6,0,1,,,In favour,In favour,In favour,In favour,Absent,In favour,In favour,Development; Transportation,,,,https://pub-newwestcity.escribemeetings.com/FileStream.ashx?DocumentId=18368,,https://councilrecord.ca/newwest.html#vote/evhmao,"THAT Council consider Zoning Amendment Bylaw No. 8443, 2024 for First, Second, and Third Readings."
2024-04-08,Council Meeting,,Public Hearings not held,Main motion,Carried,6,0,1,,,In favour,In favour,In favour,In favour,Absent,In favour,In favour,Development; Transportation,1 of 3,,,https://pub-newwestcity.escribemeetings.com/FileStream.ashx?DocumentId=18368,https://pub-newwestcity.escribemeetings.com/Players/ISIStandAlonePlayer.aspx?Id=dd296033-db57-434e-bddd-bc39ef46dd2e,https://councilrecord.ca/newwest.html#vote/14imnu0,"THAT Council give Zoning Amendment Bylaw (812 Twentieth Street) No. 8443, 2024 first reading."
2024-04-08,Council Meeting,,Public Hearings not held,Main motion,Carried,6,0,1,,,In favour,In favour,In favour,In favour,Absent,In favour,In favour,Development; Transportation,2 of 3,,,https://pub-newwestcity.escribemeetings.com/FileStream.ashx?DocumentId=18368,https://pub-newwestcity.escribemeetings.com/Players/ISIStandAlonePlayer.aspx?Id=dd296033-db57-434e-bddd-bc39ef46dd2e,https://councilrecord.ca/newwest.html#vote/wq72rm,"THAT Council give Zoning Amendment Bylaw (812 Twentieth Street) No. 8443, 2024 second reading."
2024-04-08,Council Meeting,,Public Hearings not held,Main motion,Carried,6,0,1,,,In favour,In favour,In favour,In favour,Absent,In favour,In favour,Development; Transportation,3 of 3,,,https://pub-newwestcity.escribemeetings.com/FileStream.ashx?DocumentId=18368,https://pub-newwestcity.escribemeetings.com/Players/ISIStandAlonePlayer.aspx?Id=dd296033-db57-434e-bddd-bc39ef46dd2e,https://councilrecord.ca/newwest.html#vote/bm66ns,"THAT Council give Zoning Amendment Bylaw (812 Twentieth Street) No. 8443, 2024 third reading."
2024-04-08,Council Meeting,,Zoning Amendment Bylaw (145-209 East Columbia Street) No.,Main motion,Carried,6,0,1,,,In favour,In favour,In favour,In favour,Absent,In favour,In favour,Development; Transportation; Business & economy,,,,https://pub-newwestcity.escribemeetings.com/FileStream.ashx?DocumentId=18368,https://pub-newwestcity.escribemeetings.com/Players/ISIStandAlonePlayer.aspx?Id=dd296033-db57-434e-bddd-bc39ef46dd2e,https://councilrecord.ca/newwest.html#vote/10be0u7,"THAT Council adopt Zoning Amendment Bylaw (145-209 East Columbia Street) No. 8429, 2024."
2024-04-08,Council Meeting,,Housing Agreement (145-209 East Columbia Street) Bylaw No.,Main motion,Carried,6,0,1,,,In favour,In favour,In favour,In favour,Absent,In favour,In favour,Housing & density; Development; Transportation; Business & economy,,,,https://pub-newwestcity.escribemeetings.com/FileStream.ashx?DocumentId=18368,https://pub-newwestcity.escribemeetings.com/Players/ISIStandAlonePlayer.aspx?Id=dd296033-db57-434e-bddd-bc39ef46dd2e,https://councilrecord.ca/newwest.html#vote/tiw76z,"THAT Council adopt Housing Agreement (145-209 East Columbia Street) Bylaw No. 8434, 2024."
2024-04-08,Council Meeting,,Zoning Amendment Bylaw (1032 and 1036 St. Andrews Street),Main motion,Carried,6,0,1,,,In favour,In favour,In favour,In favour,Absent,In favour,In favour,Development; Transportation,,,,https://pub-newwestcity.escribemeetings.com/FileStream.ashx?DocumentId=18368,https://pub-newwestcity.escribemeetings.com/Players/ISIStandAlonePlayer.aspx?Id=dd296033-db57-434e-bddd-bc39ef46dd2e,https://councilrecord.ca/newwest.html#vote/7sapsy,"THAT Council adopt Zoning Amendment Bylaw (1032 and 1036 St. Andrews Street) No. 8402, 2023."
2024-04-08,Council Meeting,,Zoning Amendment Bylaw (Miscellaneous Amendments) No.,Main motion,Carried,6,0,1,,,In favour,In favour,In favour,In favour,Absent,In favour,In favour,Development,,,,https://pub-newwestcity.escribemeetings.com/FileStream.ashx?DocumentId=18368,https://pub-newwestcity.escribemeetings.com/Players/ISIStandAlonePlayer.aspx?Id=dd296033-db57-434e-bddd-bc39ef46dd2e,https://councilrecord.ca/newwest.html#vote/as9436,"THAT Council adopt Zoning Amendment Bylaw (Miscellaneous Amendments) No. 8436, 2024."
2024-04-08,Council Meeting,,Ensuring that ground level retail spaces in new developments,Other,Carried,5,1,1,,,In favour,In favour,In favour,In favour,Absent,Against,In favour,Business & economy,,The minutes do not give separate motion text at this point; see the linked minutes.,,https://pub-newwestcity.escribemeetings.com/FileStream.ashx?DocumentId=18368,https://pub-newwestcity.escribemeetings.com/Players/ISIStandAlonePlayer.aspx?Id=dd296033-db57-434e-bddd-bc39ef46dd2e,https://councilrecord.ca/newwest.html#vote/490rlk,
2024-04-08,Council Meeting,,Resolution for 88 Tenth Street ( Columbia Square ) Development,Main motion,Carried,4,2,1,,,In favour,In favour,Against,In favour,Absent,Against,In favour,Transportation; Public services; Business & economy,1 of 2,,,https://pub-newwestcity.escribemeetings.com/FileStream.ashx?DocumentId=18368,https://pub-newwestcity.escribemeetings.com/Players/ISIStandAlonePlayer.aspx?Id=dd296033-db57-434e-bddd-bc39ef46dd2e,https://councilrecord.ca/newwest.html#vote/1pu1989,THAT the resolution be amended with the words “not-for-profit” in front of “child care”.
2024-04-08,Council Meeting,,Resolution for 88 Tenth Street ( Columbia Square ) Development,Other,Carried,4,2,1,,,In favour,In favour,In favour,Against,Absent,In favour,Against,Transportation; Business & economy,2 of 2,The minutes do not give separate motion text at this point; see the linked minutes.,,https://pub-newwestcity.escribemeetings.com/FileStream.ashx?DocumentId=18368,https://pub-newwestcity.escribemeetings.com/Players/ISIStandAlonePlayer.aspx?Id=dd296033-db57-434e-bddd-bc39ef46dd2e,https://councilrecord.ca/newwest.html#vote/1q8vwtz,
2024-04-22,Council Meeting,,"Main motion, as amended (see minutes for text)",Other,Carried,6,0,1,,,In favour,In favour,In favour,In favour,Absent,In favour,In favour,Other,1 of 2,The minutes do not give separate motion text at this point; see the linked minutes.,,https://pub-newwestcity.escribemeetings.com/FileStream.ashx?DocumentId=18532,https://pub-newwestcity.escribemeetings.com/Players/ISIStandAlonePlayer.aspx?Id=12bcf7d6-e3c4-4022-b3a7-41c6f7e99d01,https://councilrecord.ca/newwest.html#vote/63e8hq,
2024-04-22,Council Meeting,,"Council give three readings to the Tax Rates Bylaw No. 8445, 2024 – three reading",Main motion,Carried,4,2,1,,,In favour,In favour,Against,In favour,Absent,Against,In favour,Development; Taxes & spending,,,,https://pub-newwestcity.escribemeetings.com/FileStream.ashx?DocumentId=18532,https://pub-newwestcity.escribemeetings.com/Players/ISIStandAlonePlayer.aspx?Id=12bcf7d6-e3c4-4022-b3a7-41c6f7e99d01,https://councilrecord.ca/newwest.html#vote/qzu845,"THAT Council give three readings to the Tax Rates Bylaw No. 8445, 2024 as presented in Attachment 1 of this report."
2024-04-22,Council Meeting,,Community Advisory Assembly Terms of Reference and Membership,Main motion,Carried,4,2,1,,,In favour,In favour,Against,In favour,Absent,Against,In favour,Other,,,,https://pub-newwestcity.escribemeetings.com/FileStream.ashx?DocumentId=18532,https://pub-newwestcity.escribemeetings.com/Players/ISIStandAlonePlayer.aspx?Id=12bcf7d6-e3c4-4022-b3a7-41c6f7e99d01,https://councilrecord.ca/newwest.html#vote/v0l555,"THAT Council formally adopt the Terms of Reference for the Community Advisory Assembly, as endorsed by Assembly members and unchanged from the Draft Terms of Reference that were endorsed by Council on August 28, 2023; and THAT Council approve the appointment of three new members to the Assembly, to replace previous members who stepped down or did not attend."
2024-04-22,Council Meeting,,Construction Noise Bylaw Exemption Request: 81 Braid Street,Main motion,Carried,6,0,1,,,In favour,In favour,In favour,In favour,Absent,In favour,In favour,Development; Taxes & spending; Transportation; Neighbourhood character,,,,https://pub-newwestcity.escribemeetings.com/FileStream.ashx?DocumentId=18532,,https://councilrecord.ca/newwest.html#vote/1dmttrx,"THAT Council grant an exemption from Construction Noise Bylaw No. 6063, 1992 to TransLink from Wednesday May 1, 2024 to Sunday August 31, 2025 from 12:00 AM to 6:00 AM, weekdays and including weekends for a maximum of five days per week, including some Sundays and excluding all Statutory Holidays, to install new maintenace walkways, demolish and restore original maintenance walkways, and make operational equipment modifications to the Braid SkyTrain Station at 81 Braid Street."
2024-04-22,Council Meeting,,"Council Code of Conduct Amendment Bylaw No. 8457, 2024",Other,Carried,4,2,1,,,In favour,In favour,Against,In favour,Absent,Against,In favour,Development; Governance & elections,,The minutes do not give separate motion text at this point; see the linked minutes.,,https://pub-newwestcity.escribemeetings.com/FileStream.ashx?DocumentId=18532,https://pub-newwestcity.escribemeetings.com/Players/ISIStandAlonePlayer.aspx?Id=12bcf7d6-e3c4-4022-b3a7-41c6f7e99d01,https://councilrecord.ca/newwest.html#vote/sjsmoe,
2024-04-22,Council Meeting,,"Riparian Areas Protection Amendment Bylaw No. 8413, 2024",Main motion,Carried,6,0,1,,,In favour,In favour,In favour,In favour,Absent,In favour,In favour,Development,,,,https://pub-newwestcity.escribemeetings.com/FileStream.ashx?DocumentId=18532,,https://councilrecord.ca/newwest.html#vote/1u38vm1,"THAT Council gives three readings to the Riparian Areas Protection Bylaw Amendment Bylaw No. 8413, 2024, as presented in Attachment 1 of this report. THAT Council gives three readings to the Bylaw Notice Enforcement Bylaw Amendment Bylaw No. 8421, 2024, as presented in Attachment 2 of this report. THAT Council gives three readings to the Municipal Ticket Information Bylaw Amendment Bylaw No. 8422, 2024, as presented in Attachment 3 of this report."
2024-04-22,Council Meeting,,Zoning Amendment and Housing Agreement (51 Elliot Street) -,Main motion,Carried,6,0,1,,,In favour,In favour,In favour,In favour,Absent,In favour,In favour,Housing & density; Development; Transportation; Parks & recreation,1 of 2,,,https://pub-newwestcity.escribemeetings.com/FileStream.ashx?DocumentId=18532,https://pub-newwestcity.escribemeetings.com/Players/ISIStandAlonePlayer.aspx?Id=12bcf7d6-e3c4-4022-b3a7-41c6f7e99d01,https://councilrecord.ca/newwest.html#vote/58igv3,THAT staff work with the applicant through the Development Permit application process to widen the public pathway on the subject site through a statutory right-of-way to create a better connection to Albert Crescent Park.
2024-04-22,Council Meeting,,Zoning Amendment and Housing Agreement (51 Elliot Street) -,Main motion,Carried,4,2,1,,,In favour,In favour,Against,In favour,Absent,Against,In favour,Housing & density; Development; Transportation,2 of 2,,,https://pub-newwestcity.escribemeetings.com/FileStream.ashx?DocumentId=18532,https://pub-newwestcity.escribemeetings.com/Players/ISIStandAlonePlayer.aspx?Id=12bcf7d6-e3c4-4022-b3a7-41c6f7e99d01,https://councilrecord.ca/newwest.html#vote/17e3dmg,"THAT Council consider Zoning Amendment Bylaw (51 Elliot Street) No. 8446, 2024 for First, Second and Third Readings; THAT Council consider Housing Agreement Bylaw (51 Elliot Street) No. 8447, 2024 to secure seven below-market and six non-market rental residential units for First, Second and Third Readings; and THAT Council, should the Housing Agreement Bylaw No. 8447, 2024 be adopted, direct the Mayor and Corporate Officer to execute the Housing Agreement."
2024-04-22,Council Meeting,,Zoning Bylaw Text Amendment: 408 East Columbia Street – Bylaw,Main motion,Defeated,0,6,1,,,Against,Against,Against,Against,Absent,Against,Against,Development; Transportation; Business & economy,,,,https://pub-newwestcity.escribemeetings.com/FileStream.ashx?DocumentId=18532,https://pub-newwestcity.escribemeetings.com/Players/ISIStandAlonePlayer.aspx?Id=12bcf7d6-e3c4-4022-b3a7-41c6f7e99d01,https://councilrecord.ca/newwest.html#vote/1j2fgzl,"THAT Council consider Zoning Amendment Bylaw No. 8451, 2024 For First, Second, and Third Readings."
2024-04-22,Council Meeting,,"Proclamation: Red Dress Day, May 5, 2024",Main motion,Carried,6,0,1,,,In favour,In favour,In favour,In favour,Absent,In favour,In favour,Other,,,,https://pub-newwestcity.escribemeetings.com/FileStream.ashx?DocumentId=18532,https://pub-newwestcity.escribemeetings.com/Players/ISIStandAlonePlayer.aspx?Id=12bcf7d6-e3c4-4022-b3a7-41c6f7e99d01,https://councilrecord.ca/newwest.html#vote/qt9jbu,"THAT Council proclaim May 5, 2024, as Red Dress Day in support of missing and murdered indigenous women."
2024-04-22,Council Meeting,,"Zoning Amendment Bylaw (51 Elliot Street) No. 8446, 2024",Main motion,Carried,4,2,1,,,In favour,In favour,Against,In favour,Absent,Against,In favour,Development; Transportation,1 of 3,,,https://pub-newwestcity.escribemeetings.com/FileStream.ashx?DocumentId=18532,https://pub-newwestcity.escribemeetings.com/Players/ISIStandAlonePlayer.aspx?Id=12bcf7d6-e3c4-4022-b3a7-41c6f7e99d01,https://councilrecord.ca/newwest.html#vote/12ajbtp,"THAT Council give Zoning Amendment Bylaw (51 Elliot Street) No. 8446, 2024 first reading."
2024-04-22,Council Meeting,,"Zoning Amendment Bylaw (51 Elliot Street) No. 8446, 2024",Main motion,Carried,4,2,1,,,In favour,In favour,Against,In favour,Absent,Against,In favour,Development; Transportation,2 of 3,,,https://pub-newwestcity.escribemeetings.com/FileStream.ashx?DocumentId=18532,https://pub-newwestcity.escribemeetings.com/Players/ISIStandAlonePlayer.aspx?Id=12bcf7d6-e3c4-4022-b3a7-41c6f7e99d01,https://councilrecord.ca/newwest.html#vote/c5gtaz,"THAT Council give Zoning Amendment Bylaw (51 Elliot Street) No. 8446, 2024 second reading."
2024-04-22,Council Meeting,,"Zoning Amendment Bylaw (51 Elliot Street) No. 8446, 2024",Main motion,Carried,4,2,1,,,In favour,In favour,Against,In favour,Absent,Against,In favour,Development; Transportation,3 of 3,,,https://pub-newwestcity.escribemeetings.com/FileStream.ashx?DocumentId=18532,https://pub-newwestcity.escribemeetings.com/Players/ISIStandAlonePlayer.aspx?Id=12bcf7d6-e3c4-4022-b3a7-41c6f7e99d01,https://councilrecord.ca/newwest.html#vote/dtvtsd,"THAT Council give Zoning Amendment Bylaw (51 Elliot Street) No. 8446, 2024 third reading."
2024-04-22,Council Meeting,,"Tax Rates Bylaw 8445, 2024",Main motion,Carried,4,2,1,,,In favour,In favour,Against,In favour,Absent,Against,In favour,Taxes & spending,1 of 3,,,https://pub-newwestcity.escribemeetings.com/FileStream.ashx?DocumentId=18532,https://pub-newwestcity.escribemeetings.com/Players/ISIStandAlonePlayer.aspx?Id=12bcf7d6-e3c4-4022-b3a7-41c6f7e99d01,https://councilrecord.ca/newwest.html#vote/1ysxwqk,"THAT Council give Tax Rates Bylaw 8445, 2024 first reading."
2024-04-22,Council Meeting,,"Tax Rates Bylaw 8445, 2024",Main motion,Carried,4,2,1,,,In favour,In favour,Against,In favour,Absent,Against,In favour,Taxes & spending,2 of 3,,,https://pub-newwestcity.escribemeetings.com/FileStream.ashx?DocumentId=18532,https://pub-newwestcity.escribemeetings.com/Players/ISIStandAlonePlayer.aspx?Id=12bcf7d6-e3c4-4022-b3a7-41c6f7e99d01,https://councilrecord.ca/newwest.html#vote/4q9ili,"THAT Council give Tax Rates Bylaw 8445, 2024 second reading."
2024-04-22,Council Meeting,,"Tax Rates Bylaw 8445, 2024",Main motion,Carried,4,2,1,,,In favour,In favour,Against,In favour,Absent,Against,In favour,Taxes & spending,3 of 3,,,https://pub-newwestcity.escribemeetings.com/FileStream.ashx?DocumentId=18532,https://pub-newwestcity.escribemeetings.com/Players/ISIStandAlonePlayer.aspx?Id=12bcf7d6-e3c4-4022-b3a7-41c6f7e99d01,https://councilrecord.ca/newwest.html#vote/j4s8oc,"THAT Council give Tax Rates Bylaw 8445, 2024 third reading."
2024-04-22,Council Meeting,,Code of Conduct for Council Members Amendment Bylaw No.,Main motion,Carried,4,2,1,,,In favour,In favour,Against,In favour,Absent,Against,In favour,Development; Governance & elections,1 of 9,,,https://pub-newwestcity.escribemeetings.com/FileStream.ashx?DocumentId=18532,https://pub-newwestcity.escribemeetings.com/Players/ISIStandAlonePlayer.aspx?Id=12bcf7d6-e3c4-4022-b3a7-41c6f7e99d01,https://councilrecord.ca/newwest.html#vote/d5hg6,"THAT Council give Code of Conduct for Council Members Amendment Bylaw No. 8457, 2024 first reading."
2024-04-22,Council Meeting,,Code of Conduct for Council Members Amendment Bylaw No.,Main motion,Carried,4,2,1,,,In favour,In favour,Against,In favour,Absent,Against,In favour,Development; Governance & elections,2 of 9,,,https://pub-newwestcity.escribemeetings.com/FileStream.ashx?DocumentId=18532,https://pub-newwestcity.escribemeetings.com/Players/ISIStandAlonePlayer.aspx?Id=12bcf7d6-e3c4-4022-b3a7-41c6f7e99d01,https://councilrecord.ca/newwest.html#vote/1gbl50j,"THAT Council give Code of Conduct for Council Members Amendment Bylaw No. 8457, 2024 second reading."
2024-04-22,Council Meeting,,Code of Conduct for Council Members Amendment Bylaw No.,Main motion,Carried,4,2,1,,,In favour,In favour,Against,In favour,Absent,Against,In favour,Development; Governance & elections,3 of 9,,,https://pub-newwestcity.escribemeetings.com/FileStream.ashx?DocumentId=18532,https://pub-newwestcity.escribemeetings.com/Players/ISIStandAlonePlayer.aspx?Id=12bcf7d6-e3c4-4022-b3a7-41c6f7e99d01,https://councilrecord.ca/newwest.html#vote/1frc4na,"THAT Council give Code of Conduct for Council Members Amendment Bylaw No. 8457, 2024 third reading."
2024-04-22,Council Meeting,,Code of Conduct for Council Members Amendment Bylaw No.,Main motion,Carried,6,0,1,,,In favour,In favour,In favour,In favour,Absent,In favour,In favour,Development; Governance & elections,4 of 9,,,https://pub-newwestcity.escribemeetings.com/FileStream.ashx?DocumentId=18532,https://pub-newwestcity.escribemeetings.com/Players/ISIStandAlonePlayer.aspx?Id=12bcf7d6-e3c4-4022-b3a7-41c6f7e99d01,https://councilrecord.ca/newwest.html#vote/1pw3sz0,"THAT Council give Riparian Areas Protection Bylaw Amendment Bylaw No 8413, 2024 first reading."
2024-04-22,Council Meeting,,Code of Conduct for Council Members Amendment Bylaw No.,Main motion,Carried,6,0,1,,,In favour,In favour,In favour,In favour,Absent,In favour,In favour,Development; Governance & elections,5 of 9,,,https://pub-newwestcity.escribemeetings.com/FileStream.ashx?DocumentId=18532,https://pub-newwestcity.escribemeetings.com/Players/ISIStandAlonePlayer.aspx?Id=12bcf7d6-e3c4-4022-b3a7-41c6f7e99d01,https://councilrecord.ca/newwest.html#vote/14k1x2,"THAT Council give Riparian Areas Protection Bylaw Amendment Bylaw No 8413, 2024 second reading."
2024-04-22,Council Meeting,,Code of Conduct for Council Members Amendment Bylaw No.,Main motion,Carried,6,0,1,,,In favour,In favour,In favour,In favour,Absent,In favour,In favour,Development; Governance & elections,6 of 9,,,https://pub-newwestcity.escribemeetings.com/FileStream.ashx?DocumentId=18532,https://pub-newwestcity.escribemeetings.com/Players/ISIStandAlonePlayer.aspx?Id=12bcf7d6-e3c4-4022-b3a7-41c6f7e99d01,https://councilrecord.ca/newwest.html#vote/rz7kvw,"THAT Council give Riparian Areas Protection Bylaw Amendment Bylaw No 8413, 2024 third reading."
2024-04-22,Council Meeting,,Code of Conduct for Council Members Amendment Bylaw No.,Main motion,Carried,6,0,1,,,In favour,In favour,In favour,In favour,Absent,In favour,In favour,Development; Governance & elections,7 of 9,,,https://pub-newwestcity.escribemeetings.com/FileStream.ashx?DocumentId=18532,https://pub-newwestcity.escribemeetings.com/Players/ISIStandAlonePlayer.aspx?Id=12bcf7d6-e3c4-4022-b3a7-41c6f7e99d01,https://councilrecord.ca/newwest.html#vote/1uesl9f,"THAT Council give Bylaw Notice Enforcement Bylaw Amendment Bylaw No 8421, 2024 first reading."
2024-04-22,Council Meeting,,Code of Conduct for Council Members Amendment Bylaw No.,Main motion,Carried,6,0,1,,,In favour,In favour,In favour,In favour,Absent,In favour,In favour,Development; Governance & elections,8 of 9,,,https://pub-newwestcity.escribemeetings.com/FileStream.ashx?DocumentId=18532,https://pub-newwestcity.escribemeetings.com/Players/ISIStandAlonePlayer.aspx?Id=12bcf7d6-e3c4-4022-b3a7-41c6f7e99d01,https://councilrecord.ca/newwest.html#vote/4erfv2,"THAT Council give Bylaw Notice Enforcement Bylaw Amendment Bylaw No 8421, 2024 second reading."
2024-04-22,Council Meeting,,Code of Conduct for Council Members Amendment Bylaw No.,Main motion,Carried,6,0,1,,,In favour,In favour,In favour,In favour,Absent,In favour,In favour,Development; Governance & elections,9 of 9,,,https://pub-newwestcity.escribemeetings.com/FileStream.ashx?DocumentId=18532,https://pub-newwestcity.escribemeetings.com/Players/ISIStandAlonePlayer.aspx?Id=12bcf7d6-e3c4-4022-b3a7-41c6f7e99d01,https://councilrecord.ca/newwest.html#vote/ng65kj,"THAT Council give Bylaw Notice Enforcement Bylaw Amendment Bylaw No 8421, 2024 third reading."
2024-04-22,Council Meeting,,Municipal Ticket Information Bylaw Amendment Bylaw No,Main motion,Carried,6,0,1,,,In favour,In favour,In favour,In favour,Absent,In favour,In favour,Neighbourhood character,1 of 3,,,https://pub-newwestcity.escribemeetings.com/FileStream.ashx?DocumentId=18532,https://pub-newwestcity.escribemeetings.com/Players/ISIStandAlonePlayer.aspx?Id=12bcf7d6-e3c4-4022-b3a7-41c6f7e99d01,https://councilrecord.ca/newwest.html#vote/jk3a31,"THAT Council give Municipal Ticket Information Bylaw Amendment Bylaw No 8422, 2024 first reading."
2024-04-22,Council Meeting,,Municipal Ticket Information Bylaw Amendment Bylaw No,Main motion,Carried,6,0,1,,,In favour,In favour,In favour,In favour,Absent,In favour,In favour,Neighbourhood character,2 of 3,,,https://pub-newwestcity.escribemeetings.com/FileStream.ashx?DocumentId=18532,https://pub-newwestcity.escribemeetings.com/Players/ISIStandAlonePlayer.aspx?Id=12bcf7d6-e3c4-4022-b3a7-41c6f7e99d01,https://councilrecord.ca/newwest.html#vote/19uxir8,"THAT Council give Municipal Ticket Information Bylaw Amendment Bylaw No 8422, 2024 second reading."
2024-04-22,Council Meeting,,Municipal Ticket Information Bylaw Amendment Bylaw No,Main motion,Carried,6,0,1,,,In favour,In favour,In favour,In favour,Absent,In favour,In favour,Neighbourhood character,3 of 3,,,https://pub-newwestcity.escribemeetings.com/FileStream.ashx?DocumentId=18532,https://pub-newwestcity.escribemeetings.com/Players/ISIStandAlonePlayer.aspx?Id=12bcf7d6-e3c4-4022-b3a7-41c6f7e99d01,https://councilrecord.ca/newwest.html#vote/1ydo925,"THAT Council give Municipal Ticket Information Bylaw Amendment Bylaw No 8422, 2024 third reading."
2024-04-22,Council Meeting,,"Housing Agreement Bylaw (51 Elliot Street) No. 8447, 2024",Main motion,Carried,4,2,1,,,In favour,In favour,Against,In favour,Absent,Against,In favour,Housing & density; Transportation,1 of 3,,,https://pub-newwestcity.escribemeetings.com/FileStream.ashx?DocumentId=18532,https://pub-newwestcity.escribemeetings.com/Players/ISIStandAlonePlayer.aspx?Id=12bcf7d6-e3c4-4022-b3a7-41c6f7e99d01,https://councilrecord.ca/newwest.html#vote/1qptvkq,"THAT Council give Housing Agreement Bylaw (51 Elliot Street) No. 8447, 2024 first reading."
2024-04-22,Council Meeting,,"Housing Agreement Bylaw (51 Elliot Street) No. 8447, 2024",Main motion,Carried,4,2,1,,,In favour,In favour,Against,In favour,Absent,Against,In favour,Housing & density; Transportation,2 of 3,,,https://pub-newwestcity.escribemeetings.com/FileStream.ashx?DocumentId=18532,https://pub-newwestcity.escribemeetings.com/Players/ISIStandAlonePlayer.aspx?Id=12bcf7d6-e3c4-4022-b3a7-41c6f7e99d01,https://councilrecord.ca/newwest.html#vote/ojzswa,"THAT Council give Housing Agreement Bylaw (51 Elliot Street) No. 8447, 2024 second reading."
2024-04-22,Council Meeting,,"Housing Agreement Bylaw (51 Elliot Street) No. 8447, 2024",Main motion,Carried,4,2,1,,,In favour,In favour,Against,In favour,Absent,Against,In favour,Housing & density; Transportation,3 of 3,,,https://pub-newwestcity.escribemeetings.com/FileStream.ashx?DocumentId=18532,https://pub-newwestcity.escribemeetings.com/Players/ISIStandAlonePlayer.aspx?Id=12bcf7d6-e3c4-4022-b3a7-41c6f7e99d01,https://councilrecord.ca/newwest.html#vote/ox9jbe,"THAT Council give Housing Agreement Bylaw (51 Elliot Street) No. 8447, 2024 third reading."
2024-04-22,Council Meeting,,"We immediately reach out to the Downtown BIA, the Chamber of Commerce and downtown bu…",Main motion,Carried,4,2,1,,,In favour,In favour,Against,In favour,Absent,Against,In favour,Business & economy,,,,https://pub-newwestcity.escribemeetings.com/FileStream.ashx?DocumentId=18532,https://pub-newwestcity.escribemeetings.com/Players/ISIStandAlonePlayer.aspx?Id=12bcf7d6-e3c4-4022-b3a7-41c6f7e99d01,https://councilrecord.ca/newwest.html#vote/zt9z10,"THAT We immediately reach out to the Downtown BIA, the Chamber of Commerce and downtown businesses to determine their interest in helping the City initiate a “Canucks on Columbia” concept; and THAT Staff report back after the playoffs with lessons learned that could be incorporated into street activation for the 2026 World Cup event. Procedural Note: Mayor Johnstone ruled this amendment out of order, due to the sports being separate this is a totally different motion . Procedural Note: In response, Councillor Fontaine appealed the ruling of the chair and was immediately put to vote sustain the chair without requiring a seconder . THAT Mayor Johnstone be sustained as the chair of the regular council meeting of April 22, 2024."
2024-04-22,Council Meeting,,"Main motion, as amended (see minutes for text)",Other,Carried,6,0,1,,,In favour,In favour,In favour,In favour,Absent,In favour,In favour,Other,2 of 2,The minutes do not give separate motion text at this point; see the linked minutes.,,https://pub-newwestcity.escribemeetings.com/FileStream.ashx?DocumentId=18532,https://pub-newwestcity.escribemeetings.com/Players/ISIStandAlonePlayer.aspx?Id=12bcf7d6-e3c4-4022-b3a7-41c6f7e99d01,https://councilrecord.ca/newwest.html#vote/63e8hq-2,
2024-04-22,Council Meeting,,Improving the public's access to trees during the City's bi-,Main motion,Carried,6,0,1,,,In favour,In favour,In favour,In favour,Absent,In favour,In favour,Taxes & spending; Environment & climate,,,,https://pub-newwestcity.escribemeetings.com/FileStream.ashx?DocumentId=18532,https://pub-newwestcity.escribemeetings.com/Players/ISIStandAlonePlayer.aspx?Id=12bcf7d6-e3c4-4022-b3a7-41c6f7e99d01,https://councilrecord.ca/newwest.html#vote/i0cxzj,THAT staff be directed to assess whether the Climate Action Reserve Fund decision-making framework can support the purchase of up to an additional 3000 trees over the next three years (2025-2027) to be sold as part of the City’s bi- annual tree sale.
2024-04-22,Council Meeting,,ON TABLE Programs to Serve Isolated Seniors Funded by the United,Main motion,Carried,6,0,1,,,In favour,In favour,In favour,In favour,Absent,In favour,In favour,Transportation; Public services; Business & economy,,,,https://pub-newwestcity.escribemeetings.com/FileStream.ashx?DocumentId=18532,https://pub-newwestcity.escribemeetings.com/Players/ISIStandAlonePlayer.aspx?Id=12bcf7d6-e3c4-4022-b3a7-41c6f7e99d01,https://councilrecord.ca/newwest.html#vote/fal2dl,"THAT Council endorse the implementation of the City’s Social Meals, Community Connector and Volunteer Coordination initiatives to be funded by the United Way of British Columbia as described in this report; and THAT the Chief Administrative Officer and the Director of Parks and Recreation be authorized to enter into the project funding agreement with the United Way of British Columbia substantially in the form as per Attachment 2 and subject to the satisfaction of the City Solicitor."
2024-04-22,Council Meeting,,ON TABLE New Westminster Grant Funding from Bloomberg,Main motion,Carried,4,2,1,,,In favour,In favour,Against,In favour,Absent,Against,In favour,Taxes & spending; Environment & climate; Parks & recreation,,,,https://pub-newwestcity.escribemeetings.com/FileStream.ashx?DocumentId=18532,https://pub-newwestcity.escribemeetings.com/Players/ISIStandAlonePlayer.aspx?Id=12bcf7d6-e3c4-4022-b3a7-41c6f7e99d01,https://councilrecord.ca/newwest.html#vote/1kiracb,"THAT Council accept this report for information announcing $206,000 ($150,000 USD) from the Bloomberg Philanthropies Youth Climate Action Fund for New Westminster Youth Climate Action initiatives."
2024-05-06,Council Meeting,,Reports And Presentations For Council Discussion And,Postponement,Defeated,2,4,1,,,Against,Against,In favour,Against,Absent,In favour,Against,Taxes & spending; Governance & elections,1 of 2,,,https://pub-newwestcity.escribemeetings.com/FileStream.ashx?DocumentId=19108,https://pub-newwestcity.escribemeetings.com/Players/ISIStandAlonePlayer.aspx?Id=6273b1c0-6011-49d9-b5a8-f462e490279d,https://councilrecord.ca/newwest.html#vote/1wa1vi5,"THAT consideration of the City’s financial statements for the year ended December 31, 2023, be deferred to the next Regular Council meeting scheduled for May 27, 2024."
2024-05-06,Council Meeting,,Reports And Presentations For Council Discussion And,Main motion,Carried,4,2,1,,,In favour,In favour,Against,In favour,Absent,Against,In favour,Other,2 of 2,Vote on the main motion after an amendment or referral was dealt with.,,https://pub-newwestcity.escribemeetings.com/FileStream.ashx?DocumentId=19108,https://pub-newwestcity.escribemeetings.com/Players/ISIStandAlonePlayer.aspx?Id=6273b1c0-6011-49d9-b5a8-f462e490279d,https://councilrecord.ca/newwest.html#vote/bjdng1,The question on the motion
2024-05-06,Council Meeting,,That Council Direct Staff To Respond To Each Recommendation –,Amendment,Defeated,2,4,1,,,Against,Against,In favour,Against,Absent,In favour,Against,Other,1 of 3,,,https://pub-newwestcity.escribemeetings.com/FileStream.ashx?DocumentId=19108,https://pub-newwestcity.escribemeetings.com/Players/ISIStandAlonePlayer.aspx?Id=6273b1c0-6011-49d9-b5a8-f462e490279d,https://councilrecord.ca/newwest.html#vote/f8ujik,THAT Part 2 of the motion be amended to read “THAT Council direct staff to work with the Community Advisory Assembly to determine their top five recommendations in order that they can conduct a high-level feasibility review – and report back to Council and the Assembly.”
2024-05-06,Council Meeting,,That Council Direct Staff To Respond To Each Recommendation –,Main motion,Carried,6,0,1,,,In favour,In favour,In favour,In favour,Absent,In favour,In favour,Other,2 of 3,Vote on the main motion after an amendment or referral was dealt with.,,https://pub-newwestcity.escribemeetings.com/FileStream.ashx?DocumentId=19108,https://pub-newwestcity.escribemeetings.com/Players/ISIStandAlonePlayer.aspx?Id=6273b1c0-6011-49d9-b5a8-f462e490279d,https://councilrecord.ca/newwest.html#vote/1y3xtmp,The question on Part 1 of the motion
2024-05-06,Council Meeting,,That Council Direct Staff To Respond To Each Recommendation –,Main motion,Carried,4,2,1,,,In favour,In favour,Against,In favour,Absent,Against,In favour,Other,3 of 3,Vote on the main motion after an amendment or referral was dealt with.,,https://pub-newwestcity.escribemeetings.com/FileStream.ashx?DocumentId=19108,https://pub-newwestcity.escribemeetings.com/Players/ISIStandAlonePlayer.aspx?Id=6273b1c0-6011-49d9-b5a8-f462e490279d,https://councilrecord.ca/newwest.html#vote/58pzol,The question on Part 2 of the motion
2024-05-06,Council Meeting,,Train Whistle Cessation – 2024 – Q1 Update (information report,Main motion,Carried,6,0,1,,,In favour,In favour,In favour,In favour,Absent,In favour,In favour,Transportation,,,,https://pub-newwestcity.escribemeetings.com/FileStream.ashx?DocumentId=19108,https://pub-newwestcity.escribemeetings.com/Players/ISIStandAlonePlayer.aspx?Id=6273b1c0-6011-49d9-b5a8-f462e490279d,https://councilrecord.ca/newwest.html#vote/1bf89va,THAT Council receives this report for information.
2024-05-06,Council Meeting,,That Council Direct Staff To Collaborate With The Downtown Bia For A,Amendment,Carried,6,0,1,,,In favour,In favour,In favour,In favour,Absent,In favour,In favour,Parks & recreation; Public services; Business & economy,1 of 6,,,https://pub-newwestcity.escribemeetings.com/FileStream.ashx?DocumentId=19108,https://pub-newwestcity.escribemeetings.com/Players/ISIStandAlonePlayer.aspx?Id=6273b1c0-6011-49d9-b5a8-f462e490279d,https://councilrecord.ca/newwest.html#vote/1g4n5vj,"THAT Council direct staff to coordinate accessible no-purchase-required family-friendly viewing opportunities at civic facilities where scheduling and feasibility allow, such as Queensborough Community Centre, Youth Centre/ Century House, and/or City Hall.”"
2024-05-06,Council Meeting,,That Council Direct Staff To Collaborate With The Downtown Bia For A,Main motion,Carried,6,0,1,,,In favour,In favour,In favour,In favour,Absent,In favour,In favour,Business & economy,2 of 6,Vote on the main motion after an amendment or referral was dealt with.,,https://pub-newwestcity.escribemeetings.com/FileStream.ashx?DocumentId=19108,https://pub-newwestcity.escribemeetings.com/Players/ISIStandAlonePlayer.aspx?Id=6273b1c0-6011-49d9-b5a8-f462e490279d,https://councilrecord.ca/newwest.html#vote/1m5so00,The question on Part 1 of the motion
2024-05-06,Council Meeting,,That Council Direct Staff To Collaborate With The Downtown Bia For A,Main motion,Carried,6,0,1,,,In favour,In favour,In favour,In favour,Absent,In favour,In favour,Business & economy,3 of 6,Vote on the main motion after an amendment or referral was dealt with.,,https://pub-newwestcity.escribemeetings.com/FileStream.ashx?DocumentId=19108,https://pub-newwestcity.escribemeetings.com/Players/ISIStandAlonePlayer.aspx?Id=6273b1c0-6011-49d9-b5a8-f462e490279d,https://councilrecord.ca/newwest.html#vote/1kowwf6,The question on Part 3 of the motion
2024-05-06,Council Meeting,,That Council Direct Staff To Collaborate With The Downtown Bia For A,Amendment,Defeated,2,4,1,,,Against,Against,In favour,Against,Absent,In favour,Against,Business & economy,4 of 6,,,https://pub-newwestcity.escribemeetings.com/FileStream.ashx?DocumentId=19108,https://pub-newwestcity.escribemeetings.com/Players/ISIStandAlonePlayer.aspx?Id=6273b1c0-6011-49d9-b5a8-f462e490279d,https://councilrecord.ca/newwest.html#vote/176vcgz,THAT the words “associated complementary activities” be deleted from Part 2 of the motion.
2024-05-06,Council Meeting,,That Council Direct Staff To Collaborate With The Downtown Bia For A,Main motion,Carried,5,1,1,,,In favour,Against,In favour,In favour,Absent,In favour,In favour,Business & economy,5 of 6,Vote on the main motion after an amendment or referral was dealt with.,,https://pub-newwestcity.escribemeetings.com/FileStream.ashx?DocumentId=19108,https://pub-newwestcity.escribemeetings.com/Players/ISIStandAlonePlayer.aspx?Id=6273b1c0-6011-49d9-b5a8-f462e490279d,https://councilrecord.ca/newwest.html#vote/1q2dphn,The question on Part 2 of the motion
2024-05-06,Council Meeting,,That Council Direct Staff To Collaborate With The Downtown Bia For A,Main motion,Carried,6,0,1,,,In favour,In favour,In favour,In favour,Absent,In favour,In favour,Business & economy,6 of 6,,,https://pub-newwestcity.escribemeetings.com/FileStream.ashx?DocumentId=19108,https://pub-newwestcity.escribemeetings.com/Players/ISIStandAlonePlayer.aspx?Id=6273b1c0-6011-49d9-b5a8-f462e490279d,https://councilrecord.ca/newwest.html#vote/1pq01a6,"THAT the May 6, 2024 Regular Council meeting continue to 11:30 p.m."
2024-05-06,Council Meeting,,Construction Noise Bylaw Exemption Request: 220 Salter Street,Main motion,Carried,6,0,1,,,In favour,In favour,In favour,In favour,Absent,In favour,In favour,Development; Taxes & spending; Transportation; Neighbourhood character; Governance & elections,,,,https://pub-newwestcity.escribemeetings.com/FileStream.ashx?DocumentId=19108,,https://councilrecord.ca/newwest.html#vote/1g468d3,"THAT Council grant an exemption from Construction Noise Bylaw No. 6063,1992 to Metro Vancouver contractor AquaCoustic Remote Technologies Inc. for two weeknights from Tuesday, May 21, 2024 to Friday, May 31, 2024 from 10:00 PM to 7:00 AM excluding Saturdays, Sundays, and Statutory holidays to perform overnight video and sonar inspections of the sewer lines at 220 Salter Street."
2024-05-06,Council Meeting,,"Tax Rates Bylaw 8445, 2024",Main motion,Carried,6,0,1,,,In favour,In favour,In favour,In favour,Absent,In favour,In favour,Taxes & spending,,,,https://pub-newwestcity.escribemeetings.com/FileStream.ashx?DocumentId=19108,https://pub-newwestcity.escribemeetings.com/Players/ISIStandAlonePlayer.aspx?Id=6273b1c0-6011-49d9-b5a8-f462e490279d,https://councilrecord.ca/newwest.html#vote/y8yedz,"THAT Council adopt Tax Rates Bylaw 8445, 2024."
2024-05-06,Council Meeting,,Code of Conduct for Council Members Amendment Bylaw No.,Main motion,Carried,4,2,1,,,In favour,In favour,Against,In favour,Absent,Against,In favour,Development; Governance & elections,1 of 3,,,https://pub-newwestcity.escribemeetings.com/FileStream.ashx?DocumentId=19108,https://pub-newwestcity.escribemeetings.com/Players/ISIStandAlonePlayer.aspx?Id=6273b1c0-6011-49d9-b5a8-f462e490279d,https://councilrecord.ca/newwest.html#vote/yjht8j,"THAT Council adopt Code of Conduct for Council Members Amendment Bylaw No. 8457, 2024."
2024-05-06,Council Meeting,,Code of Conduct for Council Members Amendment Bylaw No.,Main motion,Carried,6,0,1,,,In favour,In favour,In favour,In favour,Absent,In favour,In favour,Development; Governance & elections,2 of 3,,,https://pub-newwestcity.escribemeetings.com/FileStream.ashx?DocumentId=19108,https://pub-newwestcity.escribemeetings.com/Players/ISIStandAlonePlayer.aspx?Id=6273b1c0-6011-49d9-b5a8-f462e490279d,https://councilrecord.ca/newwest.html#vote/1trf2dn,"THAT Council adopt Riparian Areas Protection Bylaw Amendment Bylaw No 8413, 2024."
2024-05-06,Council Meeting,,Code of Conduct for Council Members Amendment Bylaw No.,Main motion,Carried,6,0,1,,,In favour,In favour,In favour,In favour,Absent,In favour,In favour,Development; Governance & elections,3 of 3,,,https://pub-newwestcity.escribemeetings.com/FileStream.ashx?DocumentId=19108,https://pub-newwestcity.escribemeetings.com/Players/ISIStandAlonePlayer.aspx?Id=6273b1c0-6011-49d9-b5a8-f462e490279d,https://councilrecord.ca/newwest.html#vote/1ezk89k,"THAT Council adopt Bylaw Notice Enforcement Bylaw Amendment Bylaw No 8421, 2024."
2024-05-06,Council Meeting,,Municipal Ticket Information Bylaw Amendment Bylaw No,Main motion,Carried,6,0,1,,,In favour,In favour,In favour,In favour,Absent,In favour,In favour,Neighbourhood character,1 of 2,,,https://pub-newwestcity.escribemeetings.com/FileStream.ashx?DocumentId=19108,https://pub-newwestcity.escribemeetings.com/Players/ISIStandAlonePlayer.aspx?Id=6273b1c0-6011-49d9-b5a8-f462e490279d,https://councilrecord.ca/newwest.html#vote/1h1ql4n,"THAT Council adopt Municipal Ticket Information Bylaw Amendment Bylaw No 8422, 2024."
2024-05-06,Council Meeting,,Municipal Ticket Information Bylaw Amendment Bylaw No,Main motion,Carried,6,0,1,,,In favour,In favour,In favour,In favour,Absent,In favour,In favour,Development; Transportation; Neighbourhood character,2 of 2,,,https://pub-newwestcity.escribemeetings.com/FileStream.ashx?DocumentId=19108,https://pub-newwestcity.escribemeetings.com/Players/ISIStandAlonePlayer.aspx?Id=6273b1c0-6011-49d9-b5a8-f462e490279d,https://councilrecord.ca/newwest.html#vote/dko4pr,"THAT Council adopt Zoning Amendment Bylaw (812 Twentieth Street) No. 8443, 2024."
2024-05-06,Council Meeting,,Official Community Plan Amendment (909-915 Twelfth Street),Main motion,Carried,6,0,1,,,In favour,In favour,In favour,In favour,Absent,In favour,In favour,Housing & density; Development; Transportation,1 of 2,,,https://pub-newwestcity.escribemeetings.com/FileStream.ashx?DocumentId=19108,https://pub-newwestcity.escribemeetings.com/Players/ISIStandAlonePlayer.aspx?Id=6273b1c0-6011-49d9-b5a8-f462e490279d,https://councilrecord.ca/newwest.html#vote/1wvug5o,"THAT Council adopt Official Community Plan Amendment (909-915 Twelfth Street) Bylaw No. 8399, 2023."
2024-05-06,Council Meeting,,Official Community Plan Amendment (909-915 Twelfth Street),Main motion,Carried,6,0,1,,,In favour,In favour,In favour,In favour,Absent,In favour,In favour,Housing & density; Development; Transportation,2 of 2,,,https://pub-newwestcity.escribemeetings.com/FileStream.ashx?DocumentId=19108,https://pub-newwestcity.escribemeetings.com/Players/ISIStandAlonePlayer.aspx?Id=6273b1c0-6011-49d9-b5a8-f462e490279d,https://councilrecord.ca/newwest.html#vote/e7rz78,"THAT Council adopt Zoning Amendment (909-915 Twelfth Street) Bylaw No. 8400, 2023."
2024-05-06,Council Meeting,,"Road Closure, Dedication Removal, and Disposition (909-915",Main motion,Carried,6,0,1,,,In favour,In favour,In favour,In favour,Absent,In favour,In favour,Development; Transportation,,,,https://pub-newwestcity.escribemeetings.com/FileStream.ashx?DocumentId=19108,https://pub-newwestcity.escribemeetings.com/Players/ISIStandAlonePlayer.aspx?Id=6273b1c0-6011-49d9-b5a8-f462e490279d,https://councilrecord.ca/newwest.html#vote/ysftmu,"THAT Council adopt Road Closure, Dedication Removal, and Disposition (909-915 Twelfth Street) Bylaw No. 8401, 2023."
2024-05-06,Council Meeting,,Supporting increased openness and transparency at City Hall,Postponement,Defeated,2,4,1,,,Against,Against,In favour,Against,Absent,In favour,Against,Governance & elections,1 of 2,,,https://pub-newwestcity.escribemeetings.com/FileStream.ashx?DocumentId=19108,https://pub-newwestcity.escribemeetings.com/Players/ISIStandAlonePlayer.aspx?Id=6273b1c0-6011-49d9-b5a8-f462e490279d,https://councilrecord.ca/newwest.html#vote/10oc585,"THAT Item 8.1 a. be deferred to the May 27, 2024 Regular Council meeting."
2024-05-06,Council Meeting,,Supporting increased openness and transparency at City Hall,Amendment,Carried,6,0,1,,,In favour,In favour,In favour,In favour,Absent,In favour,In favour,Governance & elections,2 of 2,,,https://pub-newwestcity.escribemeetings.com/FileStream.ashx?DocumentId=19108,https://pub-newwestcity.escribemeetings.com/Players/ISIStandAlonePlayer.aspx?Id=6273b1c0-6011-49d9-b5a8-f462e490279d,https://councilrecord.ca/newwest.html#vote/1z039mf,THAT the word “minutes” be replaced with the word “resolutions.”
2024-05-06,Council Meeting,,Appointment of new Chair of the Arts Culture and Economic,Main motion,Defeated,2,4,1,,,Against,Against,In favour,Against,Absent,In favour,Against,Parks & recreation; Business & economy; Governance & elections,,,,https://pub-newwestcity.escribemeetings.com/FileStream.ashx?DocumentId=19108,https://pub-newwestcity.escribemeetings.com/Players/ISIStandAlonePlayer.aspx?Id=6273b1c0-6011-49d9-b5a8-f462e490279d,https://councilrecord.ca/newwest.html#vote/1x4xjg4,"THAT Council recommend to the Mayor that Councillor Daniel Fontaine be appointed as the new Chair for the Arts, Culture and Economic Development Committee."
2024-05-06,Council Meeting,,End Of The Meeting,Main motion,Carried,6,0,1,,,In favour,In favour,In favour,In favour,Absent,In favour,In favour,Other,,,,https://pub-newwestcity.escribemeetings.com/FileStream.ashx?DocumentId=19108,https://pub-newwestcity.escribemeetings.com/Players/ISIStandAlonePlayer.aspx?Id=6273b1c0-6011-49d9-b5a8-f462e490279d,https://councilrecord.ca/newwest.html#vote/dmcjgw,"THAT Council terminate the Regular Council meeting of May 6, 2024 (10:49 p.m.)."
2024-05-27,Council Meeting,,"That Council Adopt The May 27, 2024 Regular Council Agenda.",Other,Carried,6,0,1,,,In favour,In favour,In favour,In favour,Absent,In favour,In favour,Other,,The minutes do not give separate motion text at this point; see the linked minutes.,,https://pub-newwestcity.escribemeetings.com/FileStream.ashx?DocumentId=19107,https://pub-newwestcity.escribemeetings.com/Players/ISIStandAlonePlayer.aspx?Id=a131d8e9-39f1-43a8-bd37-1cbbd43695ca,https://councilrecord.ca/newwest.html#vote/r5dlt9,
2024-05-27,Council Meeting,,"Main motion, as amended (see minutes for text)",Other,Carried,6,0,1,,,In favour,In favour,In favour,In favour,Absent,In favour,In favour,Other,,The minutes do not give separate motion text at this point; see the linked minutes.,,https://pub-newwestcity.escribemeetings.com/FileStream.ashx?DocumentId=19107,https://pub-newwestcity.escribemeetings.com/Players/ISIStandAlonePlayer.aspx?Id=a131d8e9-39f1-43a8-bd37-1cbbd43695ca,https://councilrecord.ca/newwest.html#vote/17va8yp,
2024-05-27,Council Meeting,,Construction Noise Bylaw Exemption Request: 330 East Columbia,Main motion,Carried,6,0,1,,,In favour,In favour,In favour,In favour,Absent,In favour,In favour,Development; Taxes & spending; Neighbourhood character; Business & economy,,,,https://pub-newwestcity.escribemeetings.com/FileStream.ashx?DocumentId=19107,,https://councilrecord.ca/newwest.html#vote/11qyvg5,"THAT Council grant a noise exemption to EllisDon Design Build from Construction Noise Bylaw No. 6063, 1992 from 7:00 AM to 9:00 AM on Saturdays starting June 1, 2024 through to May 31, 2025 excluding statutory holidays and Saturday December 28, 2024 to enable work on exterior cladding at Royal Columbian Hospital site at 330 East Columbia Street, New Westminster."
2024-05-27,Council Meeting,,Construction Noise Bylaw Exemption Request: 612 Seventh Avenue,Main motion,Carried,6,0,1,,,In favour,In favour,In favour,In favour,Absent,In favour,In favour,Development; Taxes & spending; Neighbourhood character,,,,https://pub-newwestcity.escribemeetings.com/FileStream.ashx?DocumentId=19107,,https://councilrecord.ca/newwest.html#vote/ewzfc3,"THAT Council grant a noise exemption to Marcon Construction Ltd. from Construction Noise Bylaw No. 6063, 1992 on Saturday June 15, 2024 or Saturday June 22, 2024 from 7:00 AM to 9:00 AM and 6:00 PM to 10:00 PM to enable a large concrete pour at 612 Seventh Avenue, New Westminster."
2024-05-27,Council Meeting,,Development Cost Charge Bylaw – Inflationary Amendment,Main motion,Carried,6,0,1,,,In favour,In favour,In favour,In favour,Absent,In favour,In favour,Development; Taxes & spending,,,,https://pub-newwestcity.escribemeetings.com/FileStream.ashx?DocumentId=19107,,https://councilrecord.ca/newwest.html#vote/1dzqutv,"THAT Council instruct staff to bring forward the Development Cost Charges Amendment Bylaw No. 8456, 2024 for three readings as presented in Attachment #1 of this report."
2024-05-27,Council Meeting,,That Council Direct Staff To Bring Back A Range Of Options For Council’S,Other,Carried,4,2,1,,,In favour,In favour,Against,In favour,Absent,Against,In favour,Other,,The minutes do not give separate motion text at this point; see the linked minutes.,,https://pub-newwestcity.escribemeetings.com/FileStream.ashx?DocumentId=19107,https://pub-newwestcity.escribemeetings.com/Players/ISIStandAlonePlayer.aspx?Id=a131d8e9-39f1-43a8-bd37-1cbbd43695ca,https://councilrecord.ca/newwest.html#vote/pxfuss,
2024-05-27,Council Meeting,,That Council Direct Staff To Amend The Street And Traffic Bylaw (Bylaw,Referral,Carried,6,0,1,,,In favour,In favour,In favour,In favour,Absent,In favour,In favour,Transportation,,,,https://pub-newwestcity.escribemeetings.com/FileStream.ashx?DocumentId=19107,https://pub-newwestcity.escribemeetings.com/Players/ISIStandAlonePlayer.aspx?Id=a131d8e9-39f1-43a8-bd37-1cbbd43695ca,https://councilrecord.ca/newwest.html#vote/898m08,"THAT the staff report titled “Report Back on Provincial Electric Kick Scooter Pilot Program” be referred to the June 3, 2024 Regular Council meeting for Workshop scheduled for 1:00 p.m. in the Council Chamber."
2024-05-27,Council Meeting,,Response to Council Motion: Ensuring that ground level retail,Main motion,Carried,6,0,1,,,In favour,In favour,In favour,In favour,Absent,In favour,In favour,Business & economy,,,,https://pub-newwestcity.escribemeetings.com/FileStream.ashx?DocumentId=19107,https://pub-newwestcity.escribemeetings.com/Players/ISIStandAlonePlayer.aspx?Id=a131d8e9-39f1-43a8-bd37-1cbbd43695ca,https://councilrecord.ca/newwest.html#vote/slxelq,"THAT Council receive this report and confirm that the April 8, 2024 motion is being addressed to its satisfaction."
2024-05-27,Council Meeting,,Response to Council Motion Regarding “Supporting Child Care,Main motion,Carried,6,0,1,,,In favour,In favour,In favour,In favour,Absent,In favour,In favour,Housing & density; Public services,,,,https://pub-newwestcity.escribemeetings.com/FileStream.ashx?DocumentId=19107,https://pub-newwestcity.escribemeetings.com/Players/ISIStandAlonePlayer.aspx?Id=a131d8e9-39f1-43a8-bd37-1cbbd43695ca,https://councilrecord.ca/newwest.html#vote/1rkpmfu,THAT Council direct staff to explore opportunities to amend the City’s single detached residential zones to increase the permitted number of child care spaces as part of the implementation of the Province’s housing legislation.
2024-05-27,Council Meeting,,Rezoning: 88 Tenth Street (Columbia Square) – Introductory Report,Main motion,Carried,4,2,1,,,In favour,In favour,In favour,Against,Absent,In favour,Against,Development; Transportation; Business & economy,,,,https://pub-newwestcity.escribemeetings.com/FileStream.ashx?DocumentId=19107,https://pub-newwestcity.escribemeetings.com/Players/ISIStandAlonePlayer.aspx?Id=a131d8e9-39f1-43a8-bd37-1cbbd43695ca,https://councilrecord.ca/newwest.html#vote/1r12a1p,"THAT Council direct staff to work with the applicant to create an appropriate Zoning Amendment Bylaw for Council’s consideration within 2024, as outlined in this report."
2024-05-27,Council Meeting,,Train Whistle Cessation Resolution at the Furness Street Rail,Main motion,Carried,6,0,1,,,In favour,In favour,In favour,In favour,Absent,In favour,In favour,Transportation,,,,https://pub-newwestcity.escribemeetings.com/FileStream.ashx?DocumentId=19107,https://pub-newwestcity.escribemeetings.com/Players/ISIStandAlonePlayer.aspx?Id=a131d8e9-39f1-43a8-bd37-1cbbd43695ca,https://councilrecord.ca/newwest.html#vote/153fms7,THAT New Westminster City Council directs that train whistles not occur in the area of the Furness Street at-grade crossing near Duncan Street at SRY Queensborough Spur Mile 0.80 in New Westminster.
2024-05-27,Council Meeting,,"Zoning Amendment Bylaw for 310 Blackley Street: Bylaw for First,",Main motion,Carried,6,0,1,,,In favour,In favour,In favour,In favour,Absent,In favour,In favour,Development; Transportation,,,,https://pub-newwestcity.escribemeetings.com/FileStream.ashx?DocumentId=19107,,https://councilrecord.ca/newwest.html#vote/vnc9ir,"THAT Council consider Zoning Amendment Bylaw (310 Blackley Street) No. 8450, 2024 for First, Second, and Third Readings."
2024-05-27,Council Meeting,,"Zoning Amendment Bylaw (310 Blackley Street) No. 8450, 2024",Main motion,Carried,6,0,1,,,In favour,In favour,In favour,In favour,Absent,In favour,In favour,Development; Transportation,1 of 3,,,https://pub-newwestcity.escribemeetings.com/FileStream.ashx?DocumentId=19107,https://pub-newwestcity.escribemeetings.com/Players/ISIStandAlonePlayer.aspx?Id=a131d8e9-39f1-43a8-bd37-1cbbd43695ca,https://councilrecord.ca/newwest.html#vote/1dtcmda,"THAT Council give Zoning Amendment Bylaw (310 Blackley Street) No. 8450, 2024 First reading."
2024-05-27,Council Meeting,,"Zoning Amendment Bylaw (310 Blackley Street) No. 8450, 2024",Main motion,Carried,6,0,1,,,In favour,In favour,In favour,In favour,Absent,In favour,In favour,Development; Transportation,2 of 3,,,https://pub-newwestcity.escribemeetings.com/FileStream.ashx?DocumentId=19107,https://pub-newwestcity.escribemeetings.com/Players/ISIStandAlonePlayer.aspx?Id=a131d8e9-39f1-43a8-bd37-1cbbd43695ca,https://councilrecord.ca/newwest.html#vote/zst8gq,"THAT Council give Zoning Amendment Bylaw (310 Blackley Street) No. 8450, 2024 Second reading."
2024-05-27,Council Meeting,,"Zoning Amendment Bylaw (310 Blackley Street) No. 8450, 2024",Main motion,Carried,6,0,1,,,In favour,In favour,In favour,In favour,Absent,In favour,In favour,Development; Transportation,3 of 3,,,https://pub-newwestcity.escribemeetings.com/FileStream.ashx?DocumentId=19107,https://pub-newwestcity.escribemeetings.com/Players/ISIStandAlonePlayer.aspx?Id=a131d8e9-39f1-43a8-bd37-1cbbd43695ca,https://councilrecord.ca/newwest.html#vote/2b6e5q,"THAT Council give Zoning Amendment Bylaw (310 Blackley Street) No. 8450, 2024 Third reading."
2024-05-27,Council Meeting,,"Zoning Amendment Bylaw (1005 Ewen Avenue) No. 8452, 2024",Main motion,Carried,6,0,1,,,In favour,In favour,In favour,In favour,Absent,In favour,In favour,Development,1 of 3,,,https://pub-newwestcity.escribemeetings.com/FileStream.ashx?DocumentId=19107,https://pub-newwestcity.escribemeetings.com/Players/ISIStandAlonePlayer.aspx?Id=a131d8e9-39f1-43a8-bd37-1cbbd43695ca,https://councilrecord.ca/newwest.html#vote/dycizx,"THAT Council give Zoning Amendment Bylaw (1005 Ewen Avenue) No. 8452, 2024 First reading."
2024-05-27,Council Meeting,,"Zoning Amendment Bylaw (1005 Ewen Avenue) No. 8452, 2024",Main motion,Carried,6,0,1,,,In favour,In favour,In favour,In favour,Absent,In favour,In favour,Development,2 of 3,,,https://pub-newwestcity.escribemeetings.com/FileStream.ashx?DocumentId=19107,https://pub-newwestcity.escribemeetings.com/Players/ISIStandAlonePlayer.aspx?Id=a131d8e9-39f1-43a8-bd37-1cbbd43695ca,https://councilrecord.ca/newwest.html#vote/1g6j94,"THAT Council give Zoning Amendment Bylaw (1005 Ewen Avenue) No. 8452, 2024 Second reading."
2024-05-27,Council Meeting,,"Zoning Amendment Bylaw (1005 Ewen Avenue) No. 8452, 2024",Main motion,Carried,6,0,1,,,In favour,In favour,In favour,In favour,Absent,In favour,In favour,Development,3 of 3,,,https://pub-newwestcity.escribemeetings.com/FileStream.ashx?DocumentId=19107,https://pub-newwestcity.escribemeetings.com/Players/ISIStandAlonePlayer.aspx?Id=a131d8e9-39f1-43a8-bd37-1cbbd43695ca,https://councilrecord.ca/newwest.html#vote/1264119,"THAT Council give Zoning Amendment Bylaw (1005 Ewen Avenue) No. 8452, 2024 Third reading."
2024-05-27,Council Meeting,,"Development Cost Charges Amendment Bylaw No. 8456, 2024",Main motion,Carried,6,0,1,,,In favour,In favour,In favour,In favour,Absent,In favour,In favour,Development; Taxes & spending,1 of 3,,,https://pub-newwestcity.escribemeetings.com/FileStream.ashx?DocumentId=19107,https://pub-newwestcity.escribemeetings.com/Players/ISIStandAlonePlayer.aspx?Id=a131d8e9-39f1-43a8-bd37-1cbbd43695ca,https://councilrecord.ca/newwest.html#vote/1bcxphq,"THAT Council give Development Cost Charges Amendment Bylaw No. 8456, 2024 First reading."
2024-05-27,Council Meeting,,"Development Cost Charges Amendment Bylaw No. 8456, 2024",Main motion,Carried,6,0,1,,,In favour,In favour,In favour,In favour,Absent,In favour,In favour,Development; Taxes & spending,2 of 3,,,https://pub-newwestcity.escribemeetings.com/FileStream.ashx?DocumentId=19107,https://pub-newwestcity.escribemeetings.com/Players/ISIStandAlonePlayer.aspx?Id=a131d8e9-39f1-43a8-bd37-1cbbd43695ca,https://councilrecord.ca/newwest.html#vote/1m0og0s,"THAT Council give Development Cost Charges Amendment Bylaw No. 8456, 2024 Second reading."
2024-05-27,Council Meeting,,"Development Cost Charges Amendment Bylaw No. 8456, 2024",Main motion,Carried,6,0,1,,,In favour,In favour,In favour,In favour,Absent,In favour,In favour,Development; Taxes & spending,3 of 3,,,https://pub-newwestcity.escribemeetings.com/FileStream.ashx?DocumentId=19107,https://pub-newwestcity.escribemeetings.com/Players/ISIStandAlonePlayer.aspx?Id=a131d8e9-39f1-43a8-bd37-1cbbd43695ca,https://councilrecord.ca/newwest.html#vote/4uetem,"THAT Council give Development Cost Charges Amendment Bylaw No. 8456, 2024 Third reading."
2024-05-27,Council Meeting,,"Council adopt Zoning Amendment Bylaw (114-118 Sprice Street) No. 8387, 2023.",Main motion,Carried,6,0,1,,,In favour,In favour,In favour,In favour,Absent,In favour,In favour,Development; Transportation,,,,https://pub-newwestcity.escribemeetings.com/FileStream.ashx?DocumentId=19107,https://pub-newwestcity.escribemeetings.com/Players/ISIStandAlonePlayer.aspx?Id=a131d8e9-39f1-43a8-bd37-1cbbd43695ca,https://councilrecord.ca/newwest.html#vote/1s3i28k,"THAT Council adopt Zoning Amendment Bylaw (114-118 Sprice Street) No. 8387, 2023."
2024-05-27,Council Meeting,,Encouraging the BC Government to Terminate the Failed,Main motion,Defeated,2,4,1,,,Against,Against,In favour,Against,Absent,In favour,Against,Public services; Governance & elections,,,,https://pub-newwestcity.escribemeetings.com/FileStream.ashx?DocumentId=19107,https://pub-newwestcity.escribemeetings.com/Players/ISIStandAlonePlayer.aspx?Id=a131d8e9-39f1-43a8-bd37-1cbbd43695ca,https://councilrecord.ca/newwest.html#vote/p58h0x,THAT the Mayor write a letter to the Premier and Minister of Mental Health and Addictions requesting they immediately halt the failed decriminalization experiment pilot project in BC.
2024-05-27,Council Meeting,,ON TABLE Funding Agreement Authorization for Active,Main motion,Carried,6,0,1,,,In favour,In favour,In favour,In favour,Absent,In favour,In favour,Taxes & spending; Parks & recreation; Public services; Governance & elections,,,,https://pub-newwestcity.escribemeetings.com/FileStream.ashx?DocumentId=19107,https://pub-newwestcity.escribemeetings.com/Players/ISIStandAlonePlayer.aspx?Id=a131d8e9-39f1-43a8-bd37-1cbbd43695ca,https://councilrecord.ca/newwest.html#vote/fu6yj1,THAT the Chief Administrative Officer and the Director of Parks and Recreation be authorized to enter into the funding agreement with BC Alliance for Healthy Living Society as per Attachment 1 to support staff training and the City’s purchase of privacy screening for the creation new safe and inclusive swimming opportunities at the t ə m ə se w̓ t xʷ Aquatic and Community Centre.
2024-06-10,Council Meeting,,"That Council Adopt The June 10, 2024, Regular Council Agenda, As",Other,Carried,6,0,1,,,In favour,In favour,In favour,In favour,Absent,In favour,In favour,Other,,The minutes do not give separate motion text at this point; see the linked minutes.,,https://pub-newwestcity.escribemeetings.com/FileStream.ashx?DocumentId=19386,https://pub-newwestcity.escribemeetings.com/Players/ISIStandAlonePlayer.aspx?Id=a159181c-d510-4aca-a6d7-0b608c265c47,https://councilrecord.ca/newwest.html#vote/1dtbvrz,
2024-06-10,Council Meeting,,That All Future Rezoning Reports Of This Nature Consist Of A Concise And,Main motion,Carried,6,0,1,,,In favour,In favour,In favour,In favour,Absent,In favour,In favour,Development,1 of 2,Vote on the main motion after an amendment or referral was dealt with.,,https://pub-newwestcity.escribemeetings.com/FileStream.ashx?DocumentId=19386,https://pub-newwestcity.escribemeetings.com/Players/ISIStandAlonePlayer.aspx?Id=a159181c-d510-4aca-a6d7-0b608c265c47,https://councilrecord.ca/newwest.html#vote/x02zq0,The question on Part (1) of the motion
2024-06-10,Council Meeting,,That All Future Rezoning Reports Of This Nature Consist Of A Concise And,Main motion,Carried,4,2,1,,,Against,Against,In favour,In favour,Absent,In favour,In favour,Development,2 of 2,Vote on the main motion after an amendment or referral was dealt with.,,https://pub-newwestcity.escribemeetings.com/FileStream.ashx?DocumentId=19386,https://pub-newwestcity.escribemeetings.com/Players/ISIStandAlonePlayer.aspx?Id=a159181c-d510-4aca-a6d7-0b608c265c47,https://councilrecord.ca/newwest.html#vote/sntaz5,The question on Part (2) of the motion
2024-06-10,Council Meeting,,Building Safer Communities Fund Program Update February 2023 to,Main motion,Carried,6,0,1,,,In favour,In favour,In favour,In favour,Absent,In favour,In favour,Other,,Vote on the main motion after an amendment or referral was dealt with.,,https://pub-newwestcity.escribemeetings.com/FileStream.ashx?DocumentId=19386,https://pub-newwestcity.escribemeetings.com/Players/ISIStandAlonePlayer.aspx?Id=a159181c-d510-4aca-a6d7-0b608c265c47,https://councilrecord.ca/newwest.html#vote/pfhf04,The question on the motion as amended
2024-06-10,Council Meeting,,Tenant Protections,Main motion,Defeated,2,4,1,,,Against,Against,In favour,Against,Absent,In favour,Against,Housing & density,1 of 2,,,https://pub-newwestcity.escribemeetings.com/FileStream.ashx?DocumentId=19386,https://pub-newwestcity.escribemeetings.com/Players/ISIStandAlonePlayer.aspx?Id=a159181c-d510-4aca-a6d7-0b608c265c47,https://councilrecord.ca/newwest.html#vote/lgayai,"THAT the City of New Westminster use an evidence-based approach to prioritize the updating of our tenant protection and relocation policies to strengthen current supports for tenants who may be displaced from their homes, including by redevelopment; and BE IT FURTHER RESOLVED THAT staff conduct a best practice review of other cities in British Columbia to determine which may best serve as a model for implementation in New Westminster; and BE IT FURTHER RESOLVED THAT in an effort to have all the facts brought before Council to assist with better decision making prior to the implementation of any updated policies, staff report back regarding how any proposed enhanced tenant protection policies will impact both tenants and private property owners.”"
2024-06-10,Council Meeting,,Tenant Protections,Main motion,Carried,6,0,1,,,In favour,In favour,In favour,In favour,Absent,In favour,In favour,Housing & density,2 of 2,Vote on the main motion after an amendment or referral was dealt with.,,https://pub-newwestcity.escribemeetings.com/FileStream.ashx?DocumentId=19386,https://pub-newwestcity.escribemeetings.com/Players/ISIStandAlonePlayer.aspx?Id=a159181c-d510-4aca-a6d7-0b608c265c47,https://councilrecord.ca/newwest.html#vote/xyy16p,The question on the main motion
2024-06-10,Council Meeting,,Making the Annual State of the City Address More Inclusive to,Main motion,Defeated,3,3,1,,,Against,Against,In favour,Against,Absent,In favour,In favour,Other,,Vote on the main motion after an amendment or referral was dealt with. Defeated on a tied vote.,,https://pub-newwestcity.escribemeetings.com/FileStream.ashx?DocumentId=19386,https://pub-newwestcity.escribemeetings.com/Players/ISIStandAlonePlayer.aspx?Id=a159181c-d510-4aca-a6d7-0b608c265c47,https://councilrecord.ca/newwest.html#vote/9s6i78,The question on the motion
2024-06-10,Council Meeting,,That The Following Be Added As Part (3) To The Main Motion :,Referral,Carried,6,0,1,,,In favour,In favour,In favour,In favour,Absent,In favour,In favour,Public services; Governance & elections,,,,https://pub-newwestcity.escribemeetings.com/FileStream.ashx?DocumentId=19386,https://pub-newwestcity.escribemeetings.com/Players/ISIStandAlonePlayer.aspx?Id=a159181c-d510-4aca-a6d7-0b608c265c47,https://councilrecord.ca/newwest.html#vote/1hmhhz1,THAT the broader conversation of the accessibility of the riverfront be referred to Accessibility Advisory Committee for ongoing discussion.”
2024-06-10,Council Meeting,,Be It Further Resolved That The Broader Conversation Of,Main motion,Carried,6,0,1,,,In favour,In favour,In favour,In favour,Absent,In favour,In favour,Other,,Vote on the main motion after an amendment or referral was dealt with.,,https://pub-newwestcity.escribemeetings.com/FileStream.ashx?DocumentId=19386,https://pub-newwestcity.escribemeetings.com/Players/ISIStandAlonePlayer.aspx?Id=a159181c-d510-4aca-a6d7-0b608c265c47,https://councilrecord.ca/newwest.html#vote/opg60u,"The question on the main motion, as amended"
2024-06-10,Council Meeting,,E - Comm AGM Appointment of Council Member,Main motion,Carried,6,0,1,,,In favour,In favour,In favour,In favour,Absent,In favour,In favour,Public services; Governance & elections,,,,https://pub-newwestcity.escribemeetings.com/FileStream.ashx?DocumentId=19386,https://pub-newwestcity.escribemeetings.com/Players/ISIStandAlonePlayer.aspx?Id=a159181c-d510-4aca-a6d7-0b608c265c47,https://councilrecord.ca/newwest.html#vote/anuvlg,"THAT Councillor Fontaine be appointed as the City of New Westminster’s voting representative at the June 20, 2024 Annual General Meeting of the Shareholders of E-Comm."
2024-06-24,Council Meeting,,"That Council Adopt The June 24, 2024, Regular Council Agenda, As",Other,Carried,6,0,1,,,In favour,In favour,In favour,In favour,Absent,In favour,In favour,Other,,The minutes do not give separate motion text at this point; see the linked minutes.,,https://pub-newwestcity.escribemeetings.com/FileStream.ashx?DocumentId=19494,https://pub-newwestcity.escribemeetings.com/Players/ISIStandAlonePlayer.aspx?Id=9b2a6e96-f614-49fa-958f-82ebd4d6986c,https://councilrecord.ca/newwest.html#vote/1fzdsw0,
2024-06-24,Council Meeting,,Development Variance Permit No. DVP00730 for 602 Agnes Street,Main motion,Carried,4,0,3,,,In favour,In favour,In favour,In favour,Absent,Absent,Absent,Development; Transportation,1 of 2,,,https://pub-newwestcity.escribemeetings.com/FileStream.ashx?DocumentId=19494,https://pub-newwestcity.escribemeetings.com/Players/ISIStandAlonePlayer.aspx?Id=9b2a6e96-f614-49fa-958f-82ebd4d6986c,https://councilrecord.ca/newwest.html#vote/1osrq82,THAT Council receive four pieces of correspondence (Schedule 1) in relation to Development Variance Permit No. DVP00730 for 602 Agnes Street (68 Sixth Street).
2024-06-24,Council Meeting,,Development Variance Permit No. DVP00730 for 602 Agnes Street,Main motion,Carried,4,0,3,,,In favour,In favour,In favour,In favour,Absent,Absent,Absent,Development; Transportation,2 of 2,,,https://pub-newwestcity.escribemeetings.com/FileStream.ashx?DocumentId=19494,https://pub-newwestcity.escribemeetings.com/Players/ISIStandAlonePlayer.aspx?Id=9b2a6e96-f614-49fa-958f-82ebd4d6986c,https://councilrecord.ca/newwest.html#vote/1xzea3y,THAT Council approve issuance of DVP00730.
2024-06-24,Council Meeting,,"That Council Adopt The Recommendations For Items 5.2, 5.3, 5.4, 5.5,",Other,Carried,6,0,1,,,In favour,In favour,In favour,In favour,Absent,In favour,In favour,Other,1 of 2,The minutes do not give separate motion text at this point; see the linked minutes.,,https://pub-newwestcity.escribemeetings.com/FileStream.ashx?DocumentId=19494,https://pub-newwestcity.escribemeetings.com/Players/ISIStandAlonePlayer.aspx?Id=9b2a6e96-f614-49fa-958f-82ebd4d6986c,https://councilrecord.ca/newwest.html#vote/sabph3,
2024-06-24,Council Meeting,,"That Council Adopt The Recommendations For Items 5.2, 5.3, 5.4, 5.5,",Main motion,Carried,6,0,1,,,In favour,In favour,In favour,In favour,Absent,In favour,In favour,Other,2 of 2,Vote on the main motion after an amendment or referral was dealt with.,,https://pub-newwestcity.escribemeetings.com/FileStream.ashx?DocumentId=19494,https://pub-newwestcity.escribemeetings.com/Players/ISIStandAlonePlayer.aspx?Id=9b2a6e96-f614-49fa-958f-82ebd4d6986c,https://councilrecord.ca/newwest.html#vote/r3gkia,The question on the motion
2024-06-24,Council Meeting,,Construction Noise Bylaw Exemption Request: Metro Vancouver,Main motion,Carried,6,0,1,,,In favour,In favour,In favour,In favour,Absent,In favour,In favour,Development; Taxes & spending; Neighbourhood character; Governance & elections,,,,https://pub-newwestcity.escribemeetings.com/FileStream.ashx?DocumentId=19494,,https://councilrecord.ca/newwest.html#vote/1uhwl4f,"THAT Council grant an exemption from Construction Noise Bylaw No. 6063, 1992 to Metro Vancouver and its contractor, Argo Safety Services Ltd. from 10:00 PM to 4:00 AM for one night between Wednesday, June 26, 2024 and Wednesday, July 17, 2024 excluding Saturdays, Sundays and Statutory Holidays to conduct a utility hole hatch upgrade on 1900 block Stewardson Way."
2024-06-24,Council Meeting,,Council Authorization of the Province’s Short Term Rental,Main motion,Carried,6,0,1,,,In favour,In favour,In favour,In favour,Absent,In favour,In favour,Housing & density; Neighbourhood character,,,,https://pub-newwestcity.escribemeetings.com/FileStream.ashx?DocumentId=19494,,https://councilrecord.ca/newwest.html#vote/4xeotg,THAT Council authorize the signing of the Province’s Short Term Rental Information Sharing Agreement.
2024-06-24,Council Meeting,,Fair Wage Policy at the City of New Westminster,Main motion,Carried,6,0,1,,,In favour,In favour,In favour,In favour,Absent,In favour,In favour,Business & economy,,,,https://pub-newwestcity.escribemeetings.com/FileStream.ashx?DocumentId=19494,,https://councilrecord.ca/newwest.html#vote/1vuoigx,THAT Council direct staff to proceed with developing a draft Fair Wage Policy and implementation plan.
2024-06-24,Council Meeting,,That Council Direct Staff To Send A Letter To The School District Which:,Other,Carried,6,0,1,,,In favour,In favour,In favour,In favour,Absent,In favour,In favour,Governance & elections,,The minutes do not give separate motion text at this point; see the linked minutes.,,https://pub-newwestcity.escribemeetings.com/FileStream.ashx?DocumentId=19494,https://pub-newwestcity.escribemeetings.com/Players/ISIStandAlonePlayer.aspx?Id=9b2a6e96-f614-49fa-958f-82ebd4d6986c,https://councilrecord.ca/newwest.html#vote/qda7rt,
2024-06-24,Council Meeting,,That Council Consider Zoning Amendment Bylaw (801 Boyd Street) No.,Other,Carried,5,1,1,,,In favour,In favour,In favour,Against,Absent,In favour,In favour,Development; Transportation,,The minutes do not give separate motion text at this point; see the linked minutes.,,https://pub-newwestcity.escribemeetings.com/FileStream.ashx?DocumentId=19494,https://pub-newwestcity.escribemeetings.com/Players/ISIStandAlonePlayer.aspx?Id=9b2a6e96-f614-49fa-958f-82ebd4d6986c,https://councilrecord.ca/newwest.html#vote/1rgb18a,
2024-06-24,Council Meeting,,Public Hearing Prohibited for Residential Development Applications,Main motion,Carried,4,2,1,,,In favour,In favour,Against,In favour,Absent,Against,In favour,Housing & density; Development; Governance & elections,,,,https://pub-newwestcity.escribemeetings.com/FileStream.ashx?DocumentId=19494,https://pub-newwestcity.escribemeetings.com/Players/ISIStandAlonePlayer.aspx?Id=9b2a6e96-f614-49fa-958f-82ebd4d6986c,https://councilrecord.ca/newwest.html#vote/16cuebi,"THAT Council Procedure Bylaw No. 6910, 2004, Amendment Bylaw No. 8467, 2024, which prohibits delegations on land use applications for which a public hearing is prohibited, be given First, Second and Third readings."
2024-06-24,Council Meeting,,That Council Direct Staff To Seek Corporate And/Or Other Private Sector,Main motion,Carried,6,0,1,,,In favour,In favour,In favour,In favour,Absent,In favour,In favour,Other,1 of 2,,,https://pub-newwestcity.escribemeetings.com/FileStream.ashx?DocumentId=19494,https://pub-newwestcity.escribemeetings.com/Players/ISIStandAlonePlayer.aspx?Id=9b2a6e96-f614-49fa-958f-82ebd4d6986c,https://councilrecord.ca/newwest.html#vote/r6wv4c,THAT Part 1 of the motion be amended by inserting “city-wide” prior to 2026.
2024-06-24,Council Meeting,,That Council Direct Staff To Seek Corporate And/Or Other Private Sector,Main motion,Carried,6,0,1,,,In favour,In favour,In favour,In favour,Absent,In favour,In favour,Other,2 of 2,Vote on the main motion after an amendment or referral was dealt with.,,https://pub-newwestcity.escribemeetings.com/FileStream.ashx?DocumentId=19494,https://pub-newwestcity.escribemeetings.com/Players/ISIStandAlonePlayer.aspx?Id=9b2a6e96-f614-49fa-958f-82ebd4d6986c,https://councilrecord.ca/newwest.html#vote/r8wx88,"The question on the motion, as amended"
2024-06-24,Council Meeting,,Official Community Plan Amendment Bylaw (801 Boyd Street),Main motion,Carried,5,1,1,,,In favour,In favour,In favour,Against,Absent,In favour,In favour,Housing & density; Development; Transportation,,,,https://pub-newwestcity.escribemeetings.com/FileStream.ashx?DocumentId=19494,https://pub-newwestcity.escribemeetings.com/Players/ISIStandAlonePlayer.aspx?Id=9b2a6e96-f614-49fa-958f-82ebd4d6986c,https://councilrecord.ca/newwest.html#vote/i89v32,"THAT Council give Official Community Plan Amendment Bylaw (801 Boyd Street) No. 8448, 2024 First reading."
2024-06-24,Council Meeting,,Official Community Plan Amendment Bylaw (801 Boyd Street),Main motion,Carried,5,1,1,,,In favour,In favour,In favour,Against,Absent,In favour,In favour,Housing & density; Development; Transportation,,,,https://pub-newwestcity.escribemeetings.com/FileStream.ashx?DocumentId=19494,https://pub-newwestcity.escribemeetings.com/Players/ISIStandAlonePlayer.aspx?Id=9b2a6e96-f614-49fa-958f-82ebd4d6986c,https://councilrecord.ca/newwest.html#vote/xizdjn,"THAT Council give Official Community Plan Amendment Bylaw (801 Boyd Street) No. 8448, 2024 Second reading."
2024-06-24,Council Meeting,,Official Community Plan Amendment Bylaw (801 Boyd Street),Main motion,Carried,5,1,1,,,In favour,In favour,In favour,Against,Absent,In favour,In favour,Housing & density; Development; Transportation,,,,https://pub-newwestcity.escribemeetings.com/FileStream.ashx?DocumentId=19494,https://pub-newwestcity.escribemeetings.com/Players/ISIStandAlonePlayer.aspx?Id=9b2a6e96-f614-49fa-958f-82ebd4d6986c,https://councilrecord.ca/newwest.html#vote/1x9df9j,"THAT Council give Zoning Amendment Bylaw (801 Boyd Street) No. 8449, 2024 First reading."
2024-06-24,Council Meeting,,Official Community Plan Amendment Bylaw (801 Boyd Street),Main motion,Carried,5,1,1,,,In favour,In favour,In favour,Against,Absent,In favour,In favour,Housing & density; Development; Transportation,,,,https://pub-newwestcity.escribemeetings.com/FileStream.ashx?DocumentId=19494,https://pub-newwestcity.escribemeetings.com/Players/ISIStandAlonePlayer.aspx?Id=9b2a6e96-f614-49fa-958f-82ebd4d6986c,https://councilrecord.ca/newwest.html#vote/7rx8j1,"THAT Council give Zoning Amendment Bylaw (801 Boyd Street) No. 8449, 2024 Second reading."
2024-06-24,Council Meeting,,Official Community Plan Amendment Bylaw (801 Boyd Street),Main motion,Carried,5,1,1,,,In favour,In favour,Against,In favour,Absent,In favour,In favour,Housing & density; Development; Transportation; Governance & elections,,,,https://pub-newwestcity.escribemeetings.com/FileStream.ashx?DocumentId=19494,https://pub-newwestcity.escribemeetings.com/Players/ISIStandAlonePlayer.aspx?Id=9b2a6e96-f614-49fa-958f-82ebd4d6986c,https://councilrecord.ca/newwest.html#vote/1covx7s,"THAT Council give Council Procedure Bylaw No. 6910, 2004, Amendment Bylaw No. 8467, 2024 First reading."
2024-06-24,Council Meeting,,Official Community Plan Amendment Bylaw (801 Boyd Street),Main motion,Carried,5,1,1,,,In favour,In favour,Against,In favour,Absent,In favour,In favour,Housing & density; Development; Transportation; Governance & elections,,,,https://pub-newwestcity.escribemeetings.com/FileStream.ashx?DocumentId=19494,https://pub-newwestcity.escribemeetings.com/Players/ISIStandAlonePlayer.aspx?Id=9b2a6e96-f614-49fa-958f-82ebd4d6986c,https://councilrecord.ca/newwest.html#vote/i6vh3z,"THAT Council give Council Procedure Bylaw No. 6910, 2004, Amendment Bylaw No. 8467, 2024 Second reading."
2024-06-24,Council Meeting,,Official Community Plan Amendment Bylaw (801 Boyd Street),Main motion,Carried,5,1,1,,,In favour,In favour,Against,In favour,Absent,In favour,In favour,Housing & density; Development; Transportation; Governance & elections,,,,https://pub-newwestcity.escribemeetings.com/FileStream.ashx?DocumentId=19494,https://pub-newwestcity.escribemeetings.com/Players/ISIStandAlonePlayer.aspx?Id=9b2a6e96-f614-49fa-958f-82ebd4d6986c,https://councilrecord.ca/newwest.html#vote/5qa6ew,"THAT Council give Council Procedure Bylaw No. 6910, 2004, Amendment Bylaw No. 8467, 2024 Third reading."
2024-06-24,Council Meeting,,Official Community Plan Amendment Bylaw (801 Boyd Street),Main motion,Carried,6,0,1,,,In favour,In favour,In favour,In favour,Absent,In favour,In favour,Housing & density; Development; Transportation,,,,https://pub-newwestcity.escribemeetings.com/FileStream.ashx?DocumentId=19494,https://pub-newwestcity.escribemeetings.com/Players/ISIStandAlonePlayer.aspx?Id=9b2a6e96-f614-49fa-958f-82ebd4d6986c,https://councilrecord.ca/newwest.html#vote/zh1qep,"THAT Council give Street and Traffic Bylaw Amendment Bylaw No. 8459, 2024 First reading."
2024-06-24,Council Meeting,,Official Community Plan Amendment Bylaw (801 Boyd Street),Main motion,Carried,6,0,1,,,In favour,In favour,In favour,In favour,Absent,In favour,In favour,Housing & density; Development; Transportation,,,,https://pub-newwestcity.escribemeetings.com/FileStream.ashx?DocumentId=19494,https://pub-newwestcity.escribemeetings.com/Players/ISIStandAlonePlayer.aspx?Id=9b2a6e96-f614-49fa-958f-82ebd4d6986c,https://councilrecord.ca/newwest.html#vote/12b4bum,"THAT Council give Street and Traffic Bylaw Amendment Bylaw No. 8459, 2024 Second reading."
2024-06-24,Council Meeting,,Official Community Plan Amendment Bylaw (801 Boyd Street),Main motion,Carried,6,0,1,,,In favour,In favour,In favour,In favour,Absent,In favour,In favour,Housing & density; Development; Transportation,,,,https://pub-newwestcity.escribemeetings.com/FileStream.ashx?DocumentId=19494,https://pub-newwestcity.escribemeetings.com/Players/ISIStandAlonePlayer.aspx?Id=9b2a6e96-f614-49fa-958f-82ebd4d6986c,https://councilrecord.ca/newwest.html#vote/1idwnvl,"THAT Council give Street and Traffic Bylaw Amendment Bylaw No. 8459, 2024 Third reading."
2024-06-24,Council Meeting,,Official Community Plan Amendment Bylaw (801 Boyd Street),Main motion,Carried,6,0,1,,,In favour,In favour,In favour,In favour,Absent,In favour,In favour,Housing & density; Development; Taxes & spending; Transportation,,,,https://pub-newwestcity.escribemeetings.com/FileStream.ashx?DocumentId=19494,https://pub-newwestcity.escribemeetings.com/Players/ISIStandAlonePlayer.aspx?Id=9b2a6e96-f614-49fa-958f-82ebd4d6986c,https://councilrecord.ca/newwest.html#vote/wxbkcs,"THAT Council give Engineering User Fees and Rates Bylaw Amendment Bylaw No. 8458, 2024 First reading."
2024-06-24,Council Meeting,,Official Community Plan Amendment Bylaw (801 Boyd Street),Main motion,Carried,6,0,1,,,In favour,In favour,In favour,In favour,Absent,In favour,In favour,Housing & density; Development; Taxes & spending; Transportation,,,,https://pub-newwestcity.escribemeetings.com/FileStream.ashx?DocumentId=19494,https://pub-newwestcity.escribemeetings.com/Players/ISIStandAlonePlayer.aspx?Id=9b2a6e96-f614-49fa-958f-82ebd4d6986c,https://councilrecord.ca/newwest.html#vote/1me0mob,"THAT Council give Engineering User Fees and Rates Bylaw Amendment Bylaw No. 8458, 2024 Second reading."
2024-06-24,Council Meeting,,Official Community Plan Amendment Bylaw (801 Boyd Street),Main motion,Carried,6,0,1,,,In favour,In favour,In favour,In favour,Absent,In favour,In favour,Housing & density; Development; Taxes & spending; Transportation,,,,https://pub-newwestcity.escribemeetings.com/FileStream.ashx?DocumentId=19494,https://pub-newwestcity.escribemeetings.com/Players/ISIStandAlonePlayer.aspx?Id=9b2a6e96-f614-49fa-958f-82ebd4d6986c,https://councilrecord.ca/newwest.html#vote/1l029r0,"THAT Council give Engineering User Fees and Rates Bylaw Amendment Bylaw No. 8458, 2024 Third reading."
2024-06-24,Council Meeting,,"Council adopt Transit Oriented Area Designation Bylaw No. 8460, 2024",Main motion,Carried,6,0,1,,,In favour,In favour,In favour,In favour,Absent,In favour,In favour,Housing & density; Development; Transportation; Neighbourhood character,,,,https://pub-newwestcity.escribemeetings.com/FileStream.ashx?DocumentId=19494,https://pub-newwestcity.escribemeetings.com/Players/ISIStandAlonePlayer.aspx?Id=9b2a6e96-f614-49fa-958f-82ebd4d6986c,https://councilrecord.ca/newwest.html#vote/1pucb7w,"THAT Council adopt Transit Oriented Area Designation Bylaw No. 8460, 2024."
2024-06-24,Council Meeting,,Council adopt Zoning Amendment Bylaw (Transit Oriented Area and Small-Scale Multi-Uni…,Main motion,Carried,6,0,1,,,In favour,In favour,In favour,In favour,Absent,In favour,In favour,Housing & density; Development; Transportation,,,,https://pub-newwestcity.escribemeetings.com/FileStream.ashx?DocumentId=19494,https://pub-newwestcity.escribemeetings.com/Players/ISIStandAlonePlayer.aspx?Id=9b2a6e96-f614-49fa-958f-82ebd4d6986c,https://councilrecord.ca/newwest.html#vote/1uu4zue,"THAT Council adopt Zoning Amendment Bylaw (Transit Oriented Area and Small-Scale Multi-Unit Housing Amendments) No. 8453, 2024."
2024-06-24,Council Meeting,,Verbal Update: Permanent Free-Standing Toilet,Amendment,Defeated,2,4,1,,,Against,Against,In favour,Against,Absent,In favour,Against,Transportation,1 of 3,,,https://pub-newwestcity.escribemeetings.com/FileStream.ashx?DocumentId=19494,https://pub-newwestcity.escribemeetings.com/Players/ISIStandAlonePlayer.aspx?Id=9b2a6e96-f614-49fa-958f-82ebd4d6986c,https://councilrecord.ca/newwest.html#vote/1y2t0lg,THAT staff be directed to halt the installation of the public toilet at the corner of Begbie Street and Front Street until work has been done on the comprehensive public toilet strategy.
2024-06-24,Council Meeting,,Verbal Update: Permanent Free-Standing Toilet,Referral,Defeated,2,4,1,,,Against,Against,In favour,Against,Absent,In favour,Against,Taxes & spending,2 of 3,,,https://pub-newwestcity.escribemeetings.com/FileStream.ashx?DocumentId=19494,https://pub-newwestcity.escribemeetings.com/Players/ISIStandAlonePlayer.aspx?Id=9b2a6e96-f614-49fa-958f-82ebd4d6986c,https://councilrecord.ca/newwest.html#vote/nwpyih,"THAT consideration of the referral motion to develop a work plan and budget to prepare a city-wide comprehensive public toilet strategy be deferred to the July 8, 2024 Regular Council meeting."
2024-06-24,Council Meeting,,Verbal Update: Permanent Free-Standing Toilet,Amendment,Carried,5,1,1,,,Against,In favour,In favour,In favour,Absent,In favour,In favour,Parks & recreation; Public services; Business & economy,3 of 3,,,https://pub-newwestcity.escribemeetings.com/FileStream.ashx?DocumentId=19494,https://pub-newwestcity.escribemeetings.com/Players/ISIStandAlonePlayer.aspx?Id=9b2a6e96-f614-49fa-958f-82ebd4d6986c,https://councilrecord.ca/newwest.html#vote/s9hd5s,THAT the words “through the downtown core and waterfront” be deleted from the amendment motion.
2024-06-24,Council Meeting,,That Staff Be Directed To Immediately Begin The Installation Of,Main motion,Carried,4,2,1,,,In favour,In favour,Against,In favour,Absent,Against,In favour,Other,,Vote on the main motion after an amendment or referral was dealt with.,,https://pub-newwestcity.escribemeetings.com/FileStream.ashx?DocumentId=19494,https://pub-newwestcity.escribemeetings.com/Players/ISIStandAlonePlayer.aspx?Id=9b2a6e96-f614-49fa-958f-82ebd4d6986c,https://councilrecord.ca/newwest.html#vote/1rb60ef,The question on Part 1 of the main motion
2024-06-24,Council Meeting,,Presentation of the 2023 Annual Report,Main motion,Carried,5,0,2,,,In favour,In favour,Absent,In favour,Absent,In favour,In favour,Other,,,,https://pub-newwestcity.escribemeetings.com/FileStream.ashx?DocumentId=19494,https://pub-newwestcity.escribemeetings.com/Players/ISIStandAlonePlayer.aspx?Id=9b2a6e96-f614-49fa-958f-82ebd4d6986c,https://councilrecord.ca/newwest.html#vote/1khu8w3,THAT Council receive the 2023 Annual Report as presented.
2024-07-08,Council Meeting following Public Hearing,,Official Community Plan Amendment (801 Boyd Street) Bylaw No.,Main motion,Carried,4,1,2,,,In favour,In favour,In favour,Absent,Absent,Against,In favour,Housing & density; Development; Transportation,,Vote on the main motion after an amendment or referral was dealt with.,,https://pub-newwestcity.escribemeetings.com/FileStream.ashx?DocumentId=19497,https://pub-newwestcity.escribemeetings.com/Players/ISIStandAlonePlayer.aspx?Id=df93e0dc-a1d1-4f7a-8827-c5e65bdbd90a,https://councilrecord.ca/newwest.html#vote/dotf5j,The question on the motion
2024-07-08,Council Meeting following Public Hearing,,"Zoning Amendment Bylaw (801 Boyd Street) No. 8449, 2024",Main motion,Carried,4,1,2,,,In favour,In favour,In favour,Absent,Absent,Against,In favour,Development; Transportation,,,,https://pub-newwestcity.escribemeetings.com/FileStream.ashx?DocumentId=19497,https://pub-newwestcity.escribemeetings.com/Players/ISIStandAlonePlayer.aspx?Id=df93e0dc-a1d1-4f7a-8827-c5e65bdbd90a,https://councilrecord.ca/newwest.html#vote/rpemh8,"THAT Council give Zoning Amendment Bylaw (801 Boyd Street) No. 8449, 2024 third reading."
2024-07-08,Council Meeting following Public Hearing,,"Presentation of the 2023 Annual Report (deferred from June 24, 2024",Main motion,Carried,5,0,2,,,In favour,In favour,In favour,Absent,Absent,In favour,In favour,Other,,,,https://pub-newwestcity.escribemeetings.com/FileStream.ashx?DocumentId=19497,https://pub-newwestcity.escribemeetings.com/Players/ISIStandAlonePlayer.aspx?Id=df93e0dc-a1d1-4f7a-8827-c5e65bdbd90a,https://councilrecord.ca/newwest.html#vote/uo1wgw,THAT Council receive the presentation of the 2023 Annual Report for information.
2024-07-08,Council Meeting following Public Hearing,,That Council Authorize The Mayor And Corporate Officer To Execute The,Main motion,Carried,5,0,2,,,In favour,In favour,In favour,Absent,Absent,In favour,In favour,Taxes & spending,,,,https://pub-newwestcity.escribemeetings.com/FileStream.ashx?DocumentId=19497,https://pub-newwestcity.escribemeetings.com/Players/ISIStandAlonePlayer.aspx?Id=df93e0dc-a1d1-4f7a-8827-c5e65bdbd90a,https://councilrecord.ca/newwest.html#vote/383y0q,THAT Council approve the $18.7M 2024 quarterly capital budget adjustments and $199.1M Proposed Revised Multi-Year Capital budget.
2024-07-08,Council Meeting following Public Hearing,,That The Review Of The Policy Include Recommendations Regarding The,Amendment,Carried,3,2,2,,,In favour,In favour,Against,Absent,Absent,Against,In favour,Taxes & spending,1 of 2,,,https://pub-newwestcity.escribemeetings.com/FileStream.ashx?DocumentId=19497,https://pub-newwestcity.escribemeetings.com/Players/ISIStandAlonePlayer.aspx?Id=df93e0dc-a1d1-4f7a-8827-c5e65bdbd90a,https://councilrecord.ca/newwest.html#vote/i1ozva,THAT Part 2 of the motion be amended to delete “to reduce the tax burden on ratepayers.”
2024-07-08,Council Meeting following Public Hearing,,That The Review Of The Policy Include Recommendations Regarding The,Main motion,Carried,5,0,2,,,In favour,In favour,In favour,Absent,Absent,In favour,In favour,Other,2 of 2,Vote on the main motion after an amendment or referral was dealt with.,,https://pub-newwestcity.escribemeetings.com/FileStream.ashx?DocumentId=19497,https://pub-newwestcity.escribemeetings.com/Players/ISIStandAlonePlayer.aspx?Id=df93e0dc-a1d1-4f7a-8827-c5e65bdbd90a,https://councilrecord.ca/newwest.html#vote/1049edz,"The question on the motion, as amended"
2024-07-08,Council Meeting following Public Hearing,,Bus Speed and Reliability Study,Main motion,Defeated,2,3,2,,,Against,Against,In favour,Absent,Absent,In favour,Against,Transportation,1 of 2,Vote on the main motion after an amendment or referral was dealt with.,,https://pub-newwestcity.escribemeetings.com/FileStream.ashx?DocumentId=19497,https://pub-newwestcity.escribemeetings.com/Players/ISIStandAlonePlayer.aspx?Id=df93e0dc-a1d1-4f7a-8827-c5e65bdbd90a,https://councilrecord.ca/newwest.html#vote/1mq8ggv,The question on the motion
2024-07-08,Council Meeting following Public Hearing,,Bus Speed and Reliability Study,Main motion,Carried,3,2,2,,,In favour,In favour,Against,Absent,Absent,Against,In favour,Transportation,2 of 2,,,https://pub-newwestcity.escribemeetings.com/FileStream.ashx?DocumentId=19497,https://pub-newwestcity.escribemeetings.com/Players/ISIStandAlonePlayer.aspx?Id=df93e0dc-a1d1-4f7a-8827-c5e65bdbd90a,https://councilrecord.ca/newwest.html#vote/ztnluk,"THAT Council endorse the implementation of the proposed transit priority measures within the Bus Speed and Reliability Study, as outlined in this report."
2024-07-08,Council Meeting following Public Hearing,,Community Excellence In Service Delivery Award Application,Main motion,Carried,5,0,2,,,In favour,In favour,In favour,Absent,Absent,In favour,In favour,Taxes & spending; Public services; Governance & elections,,,,https://pub-newwestcity.escribemeetings.com/FileStream.ashx?DocumentId=19497,,https://councilrecord.ca/newwest.html#vote/1m4ax2o,THAT Council endorse the submission of the Emergency Monitoring Centre Program to the UBCM 2024 Community Excellence in Service Delivery Award.
2024-07-08,Council Meeting following Public Hearing,,Construction Noise Bylaw Exemption Request: 220 Salter Street,Main motion,Carried,5,0,2,,,In favour,In favour,In favour,Absent,Absent,In favour,In favour,Development; Taxes & spending; Transportation; Neighbourhood character; Governance & elections,,,,https://pub-newwestcity.escribemeetings.com/FileStream.ashx?DocumentId=19497,,https://councilrecord.ca/newwest.html#vote/asvajn,"THAT Council grant an exemption from Construction Noise Bylaw No. 6063,1992 to Metro Vancouver‘s contractor AquaCoustic Remote Technologies Inc. for two weeknights between Wednesday, July 17, 2024 to Wednesday July 31, 2024 from 10:00 PM to 7:00 AM excluding Saturdays and Sundays to perform overnight video and sonar inspections of the sewer lines at 220 Salter Street."
2024-07-08,Council Meeting following Public Hearing,,Construction Noise Bylaw Exemption Request: 252 Brunette Avenue,Main motion,Carried,5,0,2,,,In favour,In favour,In favour,Absent,Absent,In favour,In favour,Development; Taxes & spending; Neighbourhood character,,,,https://pub-newwestcity.escribemeetings.com/FileStream.ashx?DocumentId=19497,,https://councilrecord.ca/newwest.html#vote/1b4p70e,"THAT Council grant an exemption from Construction Noise Bylaw No. 6063, 1992 to TransLink for the period of Monday July 15, 2024 to Saturday August 31, 2025 from 12:00 AM to 6:00 AM, weekdays and including weekends for a maximum of five days per week, including some Sundays and excluding all Statutory Holidays, to install new maintenance walkways, demolish and restore original maintenance walkways and make operational equipment modifications to the Sapperton SkyTrain Station at 252 Brunette Avenue."
2024-07-08,Council Meeting following Public Hearing,,That Council Direct Staff To Initiate A Comprehensive Intersection,Other,Carried,5,0,2,,,In favour,In favour,In favour,Absent,Absent,In favour,In favour,Transportation,,The minutes do not give separate motion text at this point; see the linked minutes.,,https://pub-newwestcity.escribemeetings.com/FileStream.ashx?DocumentId=19497,https://pub-newwestcity.escribemeetings.com/Players/ISIStandAlonePlayer.aspx?Id=df93e0dc-a1d1-4f7a-8827-c5e65bdbd90a,https://councilrecord.ca/newwest.html#vote/1rsabec,
2024-07-08,Council Meeting following Public Hearing,,Grant Review,Main motion,Carried,3,2,2,,,Against,Against,In favour,Absent,Absent,In favour,In favour,Taxes & spending,,,,https://pub-newwestcity.escribemeetings.com/FileStream.ashx?DocumentId=19497,https://pub-newwestcity.escribemeetings.com/Players/ISIStandAlonePlayer.aspx?Id=df93e0dc-a1d1-4f7a-8827-c5e65bdbd90a,https://councilrecord.ca/newwest.html#vote/5n0lur,THAT Council direct staff to seek out internal efficiencies to fund the hiring of a new grants coordinator as outlined in this report.
2024-07-08,Council Meeting following Public Hearing,,That Council Direct The Chief Licence Inspector To Only Approve,Main motion,Defeated,2,3,2,,,Against,Against,In favour,Absent,Absent,In favour,Against,Business & economy,1 of 2,Vote on the main motion after an amendment or referral was dealt with.,,https://pub-newwestcity.escribemeetings.com/FileStream.ashx?DocumentId=19497,https://pub-newwestcity.escribemeetings.com/Players/ISIStandAlonePlayer.aspx?Id=df93e0dc-a1d1-4f7a-8827-c5e65bdbd90a,https://councilrecord.ca/newwest.html#vote/1dougu2,The question on the motion
2024-07-08,Council Meeting following Public Hearing,,That Council Direct The Chief Licence Inspector To Only Approve,Main motion,Carried,3,2,2,,,In favour,In favour,Against,Absent,Absent,Against,In favour,Development; Business & economy,2 of 2,,,https://pub-newwestcity.escribemeetings.com/FileStream.ashx?DocumentId=19497,https://pub-newwestcity.escribemeetings.com/Players/ISIStandAlonePlayer.aspx?Id=df93e0dc-a1d1-4f7a-8827-c5e65bdbd90a,https://councilrecord.ca/newwest.html#vote/1doaxi1,"THAT Council consider Mobile Food Vending Licence Bylaw Amendment (Temporary Locations) Bylaw No. 8471, 2024 for first, second, and third readings."
2024-07-08,Council Meeting following Public Hearing,,New West Pride Municipally Significant Event Designation LCRB,Main motion,Carried,5,0,2,,,In favour,In favour,In favour,Absent,Absent,In favour,In favour,Neighbourhood character; Business & economy,,,,https://pub-newwestcity.escribemeetings.com/FileStream.ashx?DocumentId=19497,,https://councilrecord.ca/newwest.html#vote/fdu6i0,"THAT Council support the declaration of New West Pride, produced by New West Pride Society to be of municipal significance and forward this resolution to the Liquor and Cannabis Regulation Branch."
2024-07-08,Council Meeting following Public Hearing,,"That To Increase Affordability For New Westminster Residents, That Parks",Amendment,Carried,5,0,2,,,In favour,In favour,In favour,Absent,Absent,In favour,In favour,Housing & density; Parks & recreation,1 of 2,,,https://pub-newwestcity.escribemeetings.com/FileStream.ashx?DocumentId=19497,https://pub-newwestcity.escribemeetings.com/Players/ISIStandAlonePlayer.aspx?Id=df93e0dc-a1d1-4f7a-8827-c5e65bdbd90a,https://councilrecord.ca/newwest.html#vote/5a0mqy,THAT Part 2 of the main motion be amended to add “bring forward a proposal” prior to the word “not.”
2024-07-08,Council Meeting following Public Hearing,,"That To Increase Affordability For New Westminster Residents, That Parks",Main motion,Carried,5,0,2,,,In favour,In favour,In favour,Absent,Absent,In favour,In favour,Housing & density; Taxes & spending; Parks & recreation,2 of 2,Vote on the main motion after an amendment or referral was dealt with.,,https://pub-newwestcity.escribemeetings.com/FileStream.ashx?DocumentId=19497,https://pub-newwestcity.escribemeetings.com/Players/ISIStandAlonePlayer.aspx?Id=df93e0dc-a1d1-4f7a-8827-c5e65bdbd90a,https://councilrecord.ca/newwest.html#vote/bokwdk,"The question on the motion, as amended, which now reads: “1. THAT Council consider first, second, and third readings of Parks and Recreation Fees Amendment Bylaw, No. 8465, 2024, a bylaw to amend the Parks and Recreation Fees Bylaw No. 6673, 2001; and 2. THAT to increase affordability for New Westminster residents, that Parks and Recreation bring forward a proposal to not increase fees for one- month and one-year recreation passes until at least 2027.”"
2024-07-08,Council Meeting following Public Hearing,,That Staff Bring Forward A Strategy With Identified Resources To Move,Amendment,Defeated,2,3,2,,,Against,Against,In favour,Absent,Absent,In favour,Against,Business & economy,1 of 3,,,https://pub-newwestcity.escribemeetings.com/FileStream.ashx?DocumentId=19497,https://pub-newwestcity.escribemeetings.com/Players/ISIStandAlonePlayer.aspx?Id=df93e0dc-a1d1-4f7a-8827-c5e65bdbd90a,https://councilrecord.ca/newwest.html#vote/1a1s7d1,THAT Part 3 of the motion be amended to add “once there has been formal dialogue with the Province of British Columbia regarding this matter” following the word “buildings.”
2024-07-08,Council Meeting following Public Hearing,,That Staff Bring Forward A Strategy With Identified Resources To Move,Main motion,Carried,5,0,2,,,In favour,In favour,In favour,Absent,Absent,In favour,In favour,Other,2 of 3,Vote on the main motion after an amendment or referral was dealt with.,,https://pub-newwestcity.escribemeetings.com/FileStream.ashx?DocumentId=19497,https://pub-newwestcity.escribemeetings.com/Players/ISIStandAlonePlayer.aspx?Id=df93e0dc-a1d1-4f7a-8827-c5e65bdbd90a,https://councilrecord.ca/newwest.html#vote/1lfklb3,The question on Part 1 of the motion
2024-07-08,Council Meeting following Public Hearing,,That Staff Bring Forward A Strategy With Identified Resources To Move,Main motion,Carried,5,0,2,,,In favour,In favour,In favour,Absent,Absent,In favour,In favour,Other,3 of 3,Vote on the main motion after an amendment or referral was dealt with.,,https://pub-newwestcity.escribemeetings.com/FileStream.ashx?DocumentId=19497,https://pub-newwestcity.escribemeetings.com/Players/ISIStandAlonePlayer.aspx?Id=df93e0dc-a1d1-4f7a-8827-c5e65bdbd90a,https://councilrecord.ca/newwest.html#vote/1pjucoc,The question on Part 2 of the motion
2024-07-08,Council Meeting following Public Hearing,,Response to Council Motion Regarding Fee Summary for,Main motion,Carried,3,2,2,,,In favour,In favour,Against,Absent,Absent,Against,In favour,Taxes & spending,,,,https://pub-newwestcity.escribemeetings.com/FileStream.ashx?DocumentId=19497,https://pub-newwestcity.escribemeetings.com/Players/ISIStandAlonePlayer.aspx?Id=df93e0dc-a1d1-4f7a-8827-c5e65bdbd90a,https://councilrecord.ca/newwest.html#vote/gaa2um,THAT Council direct staff to develop the digital tools necessary to provide a simple and automated summary of fees as a part of the implementation of the next phase of the E-apply Digital Permitting project.
2024-07-08,Council Meeting following Public Hearing,,That The Mayor And Corporate Officer Be Authorized To Execute The,Other,Carried,5,0,2,,,In favour,In favour,In favour,Absent,Absent,In favour,In favour,Other,,The minutes do not give separate motion text at this point; see the linked minutes.,,https://pub-newwestcity.escribemeetings.com/FileStream.ashx?DocumentId=19497,https://pub-newwestcity.escribemeetings.com/Players/ISIStandAlonePlayer.aspx?Id=df93e0dc-a1d1-4f7a-8827-c5e65bdbd90a,https://councilrecord.ca/newwest.html#vote/r56wm9,
2024-07-08,Council Meeting following Public Hearing,,Zoning Bylaw Amendment: 1923 & 1927 Marine Way – Bylaw for,Main motion,Carried,5,0,2,,,In favour,In favour,In favour,Absent,Absent,In favour,In favour,Development,1 of 2,,,https://pub-newwestcity.escribemeetings.com/FileStream.ashx?DocumentId=19497,https://pub-newwestcity.escribemeetings.com/Players/ISIStandAlonePlayer.aspx?Id=df93e0dc-a1d1-4f7a-8827-c5e65bdbd90a,https://councilrecord.ca/newwest.html#vote/9wk5w0,"THAT Council receive two pieces of correspondence related to Zoning Amendment Bylaw (1923 & 1927 Marine Way) No. 8466, 2024 for information."
2024-07-08,Council Meeting following Public Hearing,,Zoning Bylaw Amendment: 1923 & 1927 Marine Way – Bylaw for,Main motion,Carried,3,2,2,,,In favour,In favour,Against,Absent,Absent,Against,In favour,Development,2 of 2,,,https://pub-newwestcity.escribemeetings.com/FileStream.ashx?DocumentId=19497,https://pub-newwestcity.escribemeetings.com/Players/ISIStandAlonePlayer.aspx?Id=df93e0dc-a1d1-4f7a-8827-c5e65bdbd90a,https://councilrecord.ca/newwest.html#vote/2qo5co,"THAT Council consider Zoning Amendment Bylaw (1923 & 1927 Marine Way) No. 8466, 2024 for First, Second, and Third Readings."
2024-07-08,Council Meeting following Public Hearing,,Zoning Amendment Bylaw (1923 and 1927 Marine Way) No.,Main motion,Carried,3,2,2,,,In favour,In favour,Against,Absent,Absent,Against,In favour,Development,,,,https://pub-newwestcity.escribemeetings.com/FileStream.ashx?DocumentId=19497,https://pub-newwestcity.escribemeetings.com/Players/ISIStandAlonePlayer.aspx?Id=df93e0dc-a1d1-4f7a-8827-c5e65bdbd90a,https://councilrecord.ca/newwest.html#vote/16d15bg,"THAT Council give Zoning Amendment Bylaw (1923 and 1927 Marine Way) No. 8466, 2024 first, second and third readings."
2024-07-08,Council Meeting following Public Hearing,,"Parks and Recreation Fees Amendment Bylaw No. 8465, 2024",Main motion,Carried,5,0,2,,,In favour,In favour,In favour,Absent,Absent,In favour,In favour,Development; Taxes & spending; Parks & recreation,,,,https://pub-newwestcity.escribemeetings.com/FileStream.ashx?DocumentId=19497,https://pub-newwestcity.escribemeetings.com/Players/ISIStandAlonePlayer.aspx?Id=df93e0dc-a1d1-4f7a-8827-c5e65bdbd90a,https://councilrecord.ca/newwest.html#vote/126twd,"THAT Council give Parks and Recreation Fees Amendment Bylaw No. 8465, 2024 first, second and third readings."
2024-07-08,Council Meeting following Public Hearing,,Riparian Areas Protection Miscellaneous Amendment Bylaw No,Main motion,Carried,5,0,2,,,In favour,In favour,In favour,Absent,Absent,In favour,In favour,Other,,,,https://pub-newwestcity.escribemeetings.com/FileStream.ashx?DocumentId=19497,https://pub-newwestcity.escribemeetings.com/Players/ISIStandAlonePlayer.aspx?Id=df93e0dc-a1d1-4f7a-8827-c5e65bdbd90a,https://councilrecord.ca/newwest.html#vote/1tzkycv,"THAT Council give Riparian Areas Protection Miscellaneous Amendment Bylaw No 8468, 2024 first, second and third readings."
2024-07-08,Council Meeting following Public Hearing,,Bylaw Notice Enforcement Miscellaneous Amendment Bylaw No.,Main motion,Carried,5,0,2,,,In favour,In favour,In favour,Absent,Absent,In favour,In favour,Development,,,,https://pub-newwestcity.escribemeetings.com/FileStream.ashx?DocumentId=19497,https://pub-newwestcity.escribemeetings.com/Players/ISIStandAlonePlayer.aspx?Id=df93e0dc-a1d1-4f7a-8827-c5e65bdbd90a,https://councilrecord.ca/newwest.html#vote/1huh1e4,"THAT Council give Bylaw Notice Enforcement Miscellaneous Amendment Bylaw No. 8469, 2024 first, second and third readings."
2024-07-08,Council Meeting following Public Hearing,,Municipal Ticket Information Miscellaneous Amendment Bylaw No.,Main motion,Carried,5,0,2,,,In favour,In favour,In favour,Absent,Absent,In favour,In favour,Development; Neighbourhood character,,,,https://pub-newwestcity.escribemeetings.com/FileStream.ashx?DocumentId=19497,https://pub-newwestcity.escribemeetings.com/Players/ISIStandAlonePlayer.aspx?Id=df93e0dc-a1d1-4f7a-8827-c5e65bdbd90a,https://councilrecord.ca/newwest.html#vote/1v9an3u,"THAT Council give Municipal Ticket Information Miscellaneous Amendment Bylaw No. 8470, 2024 first, second and third readings."
2024-07-08,Council Meeting following Public Hearing,,Mobile Food Vending Licence Bylaw Amendment (Temporary,Main motion,Carried,3,2,2,,,In favour,In favour,Against,Absent,Absent,Against,In favour,Development; Business & economy,,,,https://pub-newwestcity.escribemeetings.com/FileStream.ashx?DocumentId=19497,https://pub-newwestcity.escribemeetings.com/Players/ISIStandAlonePlayer.aspx?Id=df93e0dc-a1d1-4f7a-8827-c5e65bdbd90a,https://councilrecord.ca/newwest.html#vote/1etf3ka,"THAT Council give Mobile Food Vending Licence Bylaw Amendment (Temporary Locations) Bylaw No. 8471, 2024 first, second and third readings."
2024-07-08,Council Meeting following Public Hearing,,"Development Cost Charges Amendment Bylaw No. 8456, 2024",Main motion,Carried,5,0,2,,,In favour,In favour,In favour,Absent,Absent,In favour,In favour,Development; Taxes & spending,,,,https://pub-newwestcity.escribemeetings.com/FileStream.ashx?DocumentId=19497,https://pub-newwestcity.escribemeetings.com/Players/ISIStandAlonePlayer.aspx?Id=df93e0dc-a1d1-4f7a-8827-c5e65bdbd90a,https://councilrecord.ca/newwest.html#vote/16ejnwo,"THAT Council adopt Development Cost Charges Amendment Bylaw No. 8456, 2024."
2024-07-08,Council Meeting following Public Hearing,,"Street and Traffic Bylaw Amendment Bylaw No. 8459, 2024",Main motion,Carried,5,0,2,,,In favour,In favour,In favour,Absent,Absent,In favour,In favour,Development; Transportation,,,,https://pub-newwestcity.escribemeetings.com/FileStream.ashx?DocumentId=19497,https://pub-newwestcity.escribemeetings.com/Players/ISIStandAlonePlayer.aspx?Id=df93e0dc-a1d1-4f7a-8827-c5e65bdbd90a,https://councilrecord.ca/newwest.html#vote/zscpyg,"THAT Council adopt Street and Traffic Bylaw Amendment Bylaw No. 8459, 2024."
2024-07-08,Council Meeting following Public Hearing,,"Engineering User Fees and Rates Amendment Bylaw No. 8458, 2024",Main motion,Carried,5,0,2,,,In favour,In favour,In favour,Absent,Absent,In favour,In favour,Development; Taxes & spending,,,,https://pub-newwestcity.escribemeetings.com/FileStream.ashx?DocumentId=19497,https://pub-newwestcity.escribemeetings.com/Players/ISIStandAlonePlayer.aspx?Id=df93e0dc-a1d1-4f7a-8827-c5e65bdbd90a,https://councilrecord.ca/newwest.html#vote/1c7lm1l,"THAT Council adopt Engineering User Fees and Rates Amendment Bylaw No. 8458, 2024."
2024-07-08,Council Meeting following Public Hearing,,"Zoning Amendment Bylaw (310 Blackley Street) No. 8450, 2024",Main motion,Carried,5,0,2,,,In favour,In favour,In favour,Absent,Absent,In favour,In favour,Development; Transportation,,,,https://pub-newwestcity.escribemeetings.com/FileStream.ashx?DocumentId=19497,https://pub-newwestcity.escribemeetings.com/Players/ISIStandAlonePlayer.aspx?Id=df93e0dc-a1d1-4f7a-8827-c5e65bdbd90a,https://councilrecord.ca/newwest.html#vote/tgj41u,"THAT Council adopt Zoning Amendment Bylaw (310 Blackley Street) No. 8450, 2024."
2024-07-08,Council Meeting following Public Hearing,,Improving Public Safety through a Community Ambassador Pilot,Main motion,Defeated,2,3,2,,,Against,Against,In favour,Absent,Absent,In favour,Against,Public services,,Vote on the main motion after an amendment or referral was dealt with.,,https://pub-newwestcity.escribemeetings.com/FileStream.ashx?DocumentId=19497,https://pub-newwestcity.escribemeetings.com/Players/ISIStandAlonePlayer.aspx?Id=df93e0dc-a1d1-4f7a-8827-c5e65bdbd90a,https://councilrecord.ca/newwest.html#vote/15l60tc,The question on the motion
2024-07-08,Council Meeting following Public Hearing,,International Travel by Members of Council,Main motion,Defeated,2,3,2,,,Against,Against,In favour,Absent,Absent,In favour,Against,Other,1 of 3,,,https://pub-newwestcity.escribemeetings.com/FileStream.ashx?DocumentId=19497,https://pub-newwestcity.escribemeetings.com/Players/ISIStandAlonePlayer.aspx?Id=df93e0dc-a1d1-4f7a-8827-c5e65bdbd90a,https://councilrecord.ca/newwest.html#vote/kx6ocd,"THAT in the case of any sponsored travel, the attendee would be obliged in an open meeting to seek prior approval from Council to receive these funds and this would include full details regarding the source of funds and financials related to the entire sponsorship package being offered.”"
2024-07-08,Council Meeting following Public Hearing,,International Travel by Members of Council,Main motion,Carried,3,2,2,,,In favour,In favour,Against,Absent,Absent,Against,In favour,Other,2 of 3,Vote on the main motion after an amendment or referral was dealt with.,,https://pub-newwestcity.escribemeetings.com/FileStream.ashx?DocumentId=19497,https://pub-newwestcity.escribemeetings.com/Players/ISIStandAlonePlayer.aspx?Id=df93e0dc-a1d1-4f7a-8827-c5e65bdbd90a,https://councilrecord.ca/newwest.html#vote/1y5ma7k,The question on the first amendment motion
2024-07-08,Council Meeting following Public Hearing,,International Travel by Members of Council,Main motion,Carried,3,2,2,,,In favour,In favour,Against,Absent,Absent,Against,In favour,Governance & elections,3 of 3,Vote on the main motion after an amendment or referral was dealt with.,,https://pub-newwestcity.escribemeetings.com/FileStream.ashx?DocumentId=19497,https://pub-newwestcity.escribemeetings.com/Players/ISIStandAlonePlayer.aspx?Id=df93e0dc-a1d1-4f7a-8827-c5e65bdbd90a,https://councilrecord.ca/newwest.html#vote/1lhdbcc,"BE IT RESOLVED THAT international travel by members of Council to attend conferences, events, and meetings on behalf of the City of New Westminster be subject to Council approval which includes a summary of request to Council in an open meeting including: a. projected travel and other expenses related to attendance to be charged to the City; b. name of the attendee(s) and relevance to Council or Committee roles; and #2524287 Minutes c. a statement of expected value to be derived as a result of attending the function from the attendee; and BE IT FURTHER RESOLVED THAT any participation by members of Council at conferences, events, and meetings (aside from LMLGA, UBCM, and FCM), which require overnight accommodations or travel outside of the province but otherwise fall within allowable Council expense limits shall require a written summary to Council by the attendee(s) in an open meeting within 3 months of the completion of travel which includes: a. a summary of actual expenses incurred; and b. a description of participation, learnings, and value derived from participation at the event; and BE IT FURTHER RESOLVED THAT staff be directed to bring back to Council for consideration revised travel policies for Council members that is consistent with the above resolutions, including any recommended changes to existing policies, expense limits, or reporting requirements that recognizes the benefit of Council participation in exchange and learning, and includes considerations for travel funded in part or wholly by the participant themselves or third parties."
2024-07-08,Council Meeting following Public Hearing,,Increasing Council Oversight and Involvement in the Issuance of,Main motion,Defeated,2,3,2,,,Against,Against,In favour,Absent,Absent,In favour,Against,Governance & elections,,,,https://pub-newwestcity.escribemeetings.com/FileStream.ashx?DocumentId=19497,https://pub-newwestcity.escribemeetings.com/Players/ISIStandAlonePlayer.aspx?Id=df93e0dc-a1d1-4f7a-8827-c5e65bdbd90a,https://councilrecord.ca/newwest.html#vote/rbx1w5,"THAT the effective immediately the Mayor and the Communications Division conduct timely, adequate and thorough consultation with all members of Council in advance of the issuance of any public statements, media advisories or media releases that are non- emergency related."
2024-07-08,Council Meeting following Public Hearing,,Shelter Aid for Elderly Renters,Main motion,Carried,5,0,2,,,In favour,In favour,In favour,Absent,Absent,In favour,In favour,Housing & density; Neighbourhood character; Public services; Governance & elections,,,,https://pub-newwestcity.escribemeetings.com/FileStream.ashx?DocumentId=19497,https://pub-newwestcity.escribemeetings.com/Players/ISIStandAlonePlayer.aspx?Id=df93e0dc-a1d1-4f7a-8827-c5e65bdbd90a,https://councilrecord.ca/newwest.html#vote/absf78,"THAT Council write a letter to the Premier of BC, Minister of Housing and Minister of Health asking for immediate financial relief for low-income senior renters by redesigning the Shelter Aid for Elderly Renters program so that seniors’ rents are 30% of their income and rent ceilings are adjusted to reflect the current reality of the rental market."
2024-08-26,Council Meeting,,Application for Grant Funding to the 2024 UBCM Asset Management,Main motion,Carried,5,0,2,,,In favour,In favour,In favour,Absent,Absent,In favour,In favour,Taxes & spending; Business & economy; Governance & elections,,,,https://pub-newwestcity.escribemeetings.com/FileStream.ashx?DocumentId=21748,,https://councilrecord.ca/newwest.html#vote/1ejulty,THAT Council approve the submission of a grant application for the ‘ Implementation and Resource Strategy for further CMMS Integration’ study to the Union of British Columbia Municipalities (UBCM) 2024 Asset Management Planning Program.
2024-08-26,Council Meeting,,Construction Noise Bylaw Exemption Request: 32 Eighth Street,Main motion,Carried,5,0,2,,,In favour,In favour,In favour,Absent,Absent,In favour,In favour,Development; Taxes & spending; Transportation; Neighbourhood character,,,,https://pub-newwestcity.escribemeetings.com/FileStream.ashx?DocumentId=21748,,https://councilrecord.ca/newwest.html#vote/18cxihh,"THAT Council grant an exemption from Construction Noise Bylaw No. 6063, 1992 to TransLink for the period of Tuesday, August 27, 2024 to Saturday, November 30, 2024 from 12:00 AM to 7:00 AM, weekdays and including some Sundays and excluding all statutory holidays, to demolish original maintenance walkways, install new maintenance walkways, and make operational equipment modifications to the New Westminster SkyTrain Station located at 32 Eighth Street."
2024-08-26,Council Meeting,,Construction Noise Bylaw Exemption Request: Metro Vancouver,Main motion,Carried,5,0,2,,,In favour,In favour,In favour,Absent,Absent,In favour,In favour,Development; Taxes & spending; Neighbourhood character; Governance & elections,,,,https://pub-newwestcity.escribemeetings.com/FileStream.ashx?DocumentId=21748,,https://councilrecord.ca/newwest.html#vote/2wfpqi,"THAT Council grant an exemption from Construction Noise Bylaw No. 6063, 1992 to Metro Vancouver between the hours of 8:00 PM to 7:00 AM for any two consecutive nights between Monday September 16, 2024 and Monday October 7, 2024 excluding Saturdays, Sundays and statutory holidays to permit work related to the maintenance, modification, installation and upgrade of sewer pipes and valve chamber at the Metro Vancouver Queensborough Pump Station."
2024-08-26,Council Meeting,,Construction Noise Bylaw Exemption Request: 330 East Columbia,Main motion,Carried,5,0,2,,,In favour,In favour,In favour,Absent,Absent,In favour,In favour,Development; Taxes & spending; Neighbourhood character; Business & economy,,,,https://pub-newwestcity.escribemeetings.com/FileStream.ashx?DocumentId=21748,,https://councilrecord.ca/newwest.html#vote/xfwufe,"THAT Council grant a noise exemption to EllisDon Design Build and sub- contractor Houle Electric from Construction Noise Bylaw No. 6063, 1992 from 8:00 PM to 7:00 AM for one night between Wednesday, September 4, 2024 and Tuesday, September 17, 2024 excluding Saturdays, Sundays and statutory holidays to enable the installation of conduit wires at the Royal Columbian Hospital at 330 East Columbia Street."
2024-08-26,Council Meeting,,Provincial Housing Target Order for New Westminster,Main motion,Carried,5,0,2,,,In favour,In favour,In favour,Absent,Absent,In favour,In favour,Housing & density,,,,https://pub-newwestcity.escribemeetings.com/FileStream.ashx?DocumentId=21748,,https://councilrecord.ca/newwest.html#vote/bxuq7j,THAT Council receive this report for information.
2024-08-26,Council Meeting,,"Council Procedure Bylaw No. 6910, 2004, Amendment Bylaw No.",Main motion,Carried,5,0,2,,,In favour,In favour,In favour,Absent,Absent,In favour,In favour,Development; Governance & elections,,,,https://pub-newwestcity.escribemeetings.com/FileStream.ashx?DocumentId=21748,https://pub-newwestcity.escribemeetings.com/Players/ISIStandAlonePlayer.aspx?Id=2cf5e0ca-fbe7-4329-baf1-ccf9005f467d,https://councilrecord.ca/newwest.html#vote/1rtnxft,"THAT Council adopt Council Procedure Bylaw No. 6910, 2004, Amendment Bylaw No. 8467, 2024."
2024-08-26,Council Meeting,,Heritage Revitalization Agreement (203 Pembina Street) Bylaw No.,Main motion,Carried,5,0,2,,,In favour,In favour,In favour,Absent,Absent,In favour,In favour,Housing & density; Development; Transportation; Neighbourhood character,,,,https://pub-newwestcity.escribemeetings.com/FileStream.ashx?DocumentId=21748,https://pub-newwestcity.escribemeetings.com/Players/ISIStandAlonePlayer.aspx?Id=2cf5e0ca-fbe7-4329-baf1-ccf9005f467d,https://councilrecord.ca/newwest.html#vote/1hojajz,"THAT Council adopt Heritage Revitalization Agreement (203 Pembina Street) Bylaw No. 8425, 2024."
2024-08-26,Council Meeting,,"Heritage Designation Bylaw (203 Pembina Street) No. 8435, 2024",Main motion,Carried,5,0,2,,,In favour,In favour,In favour,Absent,Absent,In favour,In favour,Transportation; Neighbourhood character,,,,https://pub-newwestcity.escribemeetings.com/FileStream.ashx?DocumentId=21748,https://pub-newwestcity.escribemeetings.com/Players/ISIStandAlonePlayer.aspx?Id=2cf5e0ca-fbe7-4329-baf1-ccf9005f467d,https://councilrecord.ca/newwest.html#vote/spz3ic,"THAT Council adopt Heritage Designation Bylaw (203 Pembina Street) No. 8435, 2024."
2024-08-26,Council Meeting,,"Parks and Recreation Fees Amendment Bylaw No. 8465, 2024",Main motion,Carried,5,0,2,,,In favour,In favour,In favour,Absent,Absent,In favour,In favour,Development; Taxes & spending; Parks & recreation,,,,https://pub-newwestcity.escribemeetings.com/FileStream.ashx?DocumentId=21748,https://pub-newwestcity.escribemeetings.com/Players/ISIStandAlonePlayer.aspx?Id=2cf5e0ca-fbe7-4329-baf1-ccf9005f467d,https://councilrecord.ca/newwest.html#vote/gdviv4,"THAT Council adopt Parks and Recreation Fees Amendment Bylaw No. 8465, 2024."
2024-08-26,Council Meeting,,Riparian Areas Protection Bylaw Miscellaneous Amendment Bylaw,Main motion,Carried,5,0,2,,,In favour,In favour,In favour,Absent,Absent,In favour,In favour,Development,,,,https://pub-newwestcity.escribemeetings.com/FileStream.ashx?DocumentId=21748,https://pub-newwestcity.escribemeetings.com/Players/ISIStandAlonePlayer.aspx?Id=2cf5e0ca-fbe7-4329-baf1-ccf9005f467d,https://councilrecord.ca/newwest.html#vote/a6yc8h,"THAT Council adopt Riparian Areas Protection Bylaw Miscellaneous Amendment Bylaw No. 8468, 2024."
2024-08-26,Council Meeting,,"Bylaw Notice Enforcement Bylaw Amendment Bylaw No. 8469, 2024",Main motion,Carried,5,0,2,,,In favour,In favour,In favour,Absent,Absent,In favour,In favour,Development,1 of 2,,,https://pub-newwestcity.escribemeetings.com/FileStream.ashx?DocumentId=21748,https://pub-newwestcity.escribemeetings.com/Players/ISIStandAlonePlayer.aspx?Id=2cf5e0ca-fbe7-4329-baf1-ccf9005f467d,https://councilrecord.ca/newwest.html#vote/1lapxqm,"THAT Council adopt Bylaw Notice Enforcement Bylaw Amendment Bylaw No. 8469, 2024."
2024-08-26,Council Meeting,,"Bylaw Notice Enforcement Bylaw Amendment Bylaw No. 8469, 2024",Main motion,Carried,5,0,2,,,In favour,In favour,In favour,Absent,Absent,In favour,In favour,Development; Neighbourhood character,2 of 2,,,https://pub-newwestcity.escribemeetings.com/FileStream.ashx?DocumentId=21748,https://pub-newwestcity.escribemeetings.com/Players/ISIStandAlonePlayer.aspx?Id=2cf5e0ca-fbe7-4329-baf1-ccf9005f467d,https://councilrecord.ca/newwest.html#vote/1bagk1p,"THAT Council adopt Municipal Ticket Information Bylaw Amendment Bylaw No. 8470, 2024."
2024-08-26,Council Meeting,,"Zoning Amendment Bylaw (1005 Ewen Avenue) No. 8452, 2024",Main motion,Carried,5,0,2,,,In favour,In favour,In favour,Absent,Absent,In favour,In favour,Development,1 of 2,,,https://pub-newwestcity.escribemeetings.com/FileStream.ashx?DocumentId=21748,https://pub-newwestcity.escribemeetings.com/Players/ISIStandAlonePlayer.aspx?Id=2cf5e0ca-fbe7-4329-baf1-ccf9005f467d,https://councilrecord.ca/newwest.html#vote/19t2flz,"THAT Council adopt Zoning Amendment Bylaw (1005 Ewen Avenue) No. 8452, 2024."
2024-08-26,Council Meeting,,"Zoning Amendment Bylaw (1005 Ewen Avenue) No. 8452, 2024",Main motion,Carried,5,0,2,,,In favour,In favour,In favour,Absent,Absent,In favour,In favour,Development,2 of 2,,,https://pub-newwestcity.escribemeetings.com/FileStream.ashx?DocumentId=21748,https://pub-newwestcity.escribemeetings.com/Players/ISIStandAlonePlayer.aspx?Id=2cf5e0ca-fbe7-4329-baf1-ccf9005f467d,https://councilrecord.ca/newwest.html#vote/1tyypx,"THAT Council adopt Zoning amendment Bylaw (1923 and 1927 Marine Way) No. 8466, 2024."
2024-08-26,Council Meeting,,Therefore Be It Resolved That The City Of New Westminster,Other,Carried,5,0,2,,,In favour,In favour,In favour,Absent,Absent,In favour,In favour,Other,,The minutes do not give separate motion text at this point; see the linked minutes.,,https://pub-newwestcity.escribemeetings.com/FileStream.ashx?DocumentId=21748,https://pub-newwestcity.escribemeetings.com/Players/ISIStandAlonePlayer.aspx?Id=2cf5e0ca-fbe7-4329-baf1-ccf9005f467d,https://councilrecord.ca/newwest.html#vote/1yfqqmz,
2024-08-26,Council Meeting,,Be It Further Resolved That This Information Be Incorporated,Main motion,Defeated,2,3,2,,,Against,Against,In favour,Absent,Absent,In favour,Against,Other,,Vote on the main motion after an amendment or referral was dealt with.,,https://pub-newwestcity.escribemeetings.com/FileStream.ashx?DocumentId=21748,https://pub-newwestcity.escribemeetings.com/Players/ISIStandAlonePlayer.aspx?Id=2cf5e0ca-fbe7-4329-baf1-ccf9005f467d,https://councilrecord.ca/newwest.html#vote/cg0b0z,The question on the motion
2024-08-26,Council Meeting,,That Part 7 Of The Motion Be Amended By:,Amendment,Carried,5,0,2,,,In favour,In favour,In favour,Absent,Absent,In favour,In favour,Other,1 of 4,,,https://pub-newwestcity.escribemeetings.com/FileStream.ashx?DocumentId=21748,https://pub-newwestcity.escribemeetings.com/Players/ISIStandAlonePlayer.aspx?Id=2cf5e0ca-fbe7-4329-baf1-ccf9005f467d,https://councilrecord.ca/newwest.html#vote/10sj7y0,The question on Part 1 of the amendment motion
2024-08-26,Council Meeting,,That Part 7 Of The Motion Be Amended By:,Amendment,Carried,3,2,2,,,In favour,In favour,Against,Absent,Absent,Against,In favour,Other,2 of 4,,,https://pub-newwestcity.escribemeetings.com/FileStream.ashx?DocumentId=21748,https://pub-newwestcity.escribemeetings.com/Players/ISIStandAlonePlayer.aspx?Id=2cf5e0ca-fbe7-4329-baf1-ccf9005f467d,https://councilrecord.ca/newwest.html#vote/16x8f4d,The question on Part 2 of the amendment motion
2024-08-26,Council Meeting,,That Part 7 Of The Motion Be Amended By:,Main motion,Carried,3,2,2,,,In favour,In favour,Against,Absent,Absent,Against,In favour,Other,3 of 4,Vote on the main motion after an amendment or referral was dealt with.,,https://pub-newwestcity.escribemeetings.com/FileStream.ashx?DocumentId=21748,https://pub-newwestcity.escribemeetings.com/Players/ISIStandAlonePlayer.aspx?Id=2cf5e0ca-fbe7-4329-baf1-ccf9005f467d,https://councilrecord.ca/newwest.html#vote/6cxahy,The question on Part 3 a. of the amendment motion
2024-08-26,Council Meeting,,That Part 7 Of The Motion Be Amended By:,Main motion,Carried,5,0,2,,,In favour,In favour,In favour,Absent,Absent,In favour,In favour,Other,4 of 4,Vote on the main motion after an amendment or referral was dealt with.,,https://pub-newwestcity.escribemeetings.com/FileStream.ashx?DocumentId=21748,https://pub-newwestcity.escribemeetings.com/Players/ISIStandAlonePlayer.aspx?Id=2cf5e0ca-fbe7-4329-baf1-ccf9005f467d,https://councilrecord.ca/newwest.html#vote/1mqk4oy,The question on Part 3 b. of the amendment motion
2024-08-26,Council Meeting,,Be It Further Resolved That To Reduce The Impact To Residential,Main motion,Carried,5,0,2,,,In favour,In favour,In favour,Absent,Absent,In favour,In favour,Housing & density; Environment & climate,,Vote on the main motion after an amendment or referral was dealt with.,,https://pub-newwestcity.escribemeetings.com/FileStream.ashx?DocumentId=21748,https://pub-newwestcity.escribemeetings.com/Players/ISIStandAlonePlayer.aspx?Id=2cf5e0ca-fbe7-4329-baf1-ccf9005f467d,https://councilrecord.ca/newwest.html#vote/1605sj8,"1. WHEREAS the Walking School Bus program reduces vehicle congestion around schools, greenhouse gas emissions as well as improves air quality in communities; and 2. WHEREAS the Walking School Bus program improves a student’s physical and mental health; creates an opportunity to make new friends through shared experiences; provides an inherent sense of belonging in being a part of a group; and 3. WHEREAS the City of New Westminster has a long-standing commitment to tackle climate change; and 4. WHEREAS the City’s Climate Action Reserve Fund has approximately $42 million as of Dec. 31, 2023; 5. BE IT RESOLVED THAT staff continue to work with the New Westminster District Parent Advisory Council, the Society of Children and Youth of BC, TransLink , and School District No. 40 to seek out opportunities to expand the Walking School Bus program to other neighourhoods throughout New Westminster; and 6. BE IT FURTHER RESOLVED THAT to reduce the impact to residential taxpayers regarding the expansion of this program that the City’s Climate Action Reserve Fund decision-making framework be applied, that the Society of Children and Youth of BC be directed towards the City Grant application process, and that potential partnership funds be sought from the School District, TransLink, and/or senior government(s) before the City commit to long-term funding."
2024-09-09,Council Meeting,,That Council Adopt The Recommendations For Items 3.4 And 3.6 To 3.8,Other,Carried,5,0,2,,,In favour,In favour,In favour,Absent,Absent,In favour,In favour,Other,1 of 2,The minutes do not give separate motion text at this point; see the linked minutes.,,https://pub-newwestcity.escribemeetings.com/FileStream.ashx?DocumentId=19768,https://pub-newwestcity.escribemeetings.com/Players/ISIStandAlonePlayer.aspx?Id=deae1bef-cf3a-4b31-ad33-25d7f4fd59a3,https://councilrecord.ca/newwest.html#vote/111xl45,
2024-09-09,Council Meeting,,That Council Adopt The Recommendations For Items 3.4 And 3.6 To 3.8,Main motion,Carried,5,0,2,,,In favour,In favour,In favour,Absent,Absent,In favour,In favour,Development; Taxes & spending,2 of 2,,,https://pub-newwestcity.escribemeetings.com/FileStream.ashx?DocumentId=19768,https://pub-newwestcity.escribemeetings.com/Players/ISIStandAlonePlayer.aspx?Id=deae1bef-cf3a-4b31-ad33-25d7f4fd59a3,https://councilrecord.ca/newwest.html#vote/l327rc,"THAT Council give 2025 Permissive Property Tax Exemption Bylaw No. 8474, 2024 (Attachment A) first, second and third readings."
2024-09-09,Council Meeting,,That Council Direct Staff To Prepare And Report Back With The Necessary,Other,Carried,5,0,2,,,In favour,In favour,In favour,Absent,Absent,In favour,In favour,Other,,The minutes do not give separate motion text at this point; see the linked minutes.,,https://pub-newwestcity.escribemeetings.com/FileStream.ashx?DocumentId=19768,https://pub-newwestcity.escribemeetings.com/Players/ISIStandAlonePlayer.aspx?Id=deae1bef-cf3a-4b31-ad33-25d7f4fd59a3,https://councilrecord.ca/newwest.html#vote/1cegrm0,
2024-09-09,Council Meeting,,Business Licence Bylaw Modernization Update,Main motion,Carried,4,0,3,,,In favour,In favour,In favour,Absent,Absent,Absent,In favour,Business & economy,,,,https://pub-newwestcity.escribemeetings.com/FileStream.ashx?DocumentId=19768,https://pub-newwestcity.escribemeetings.com/Players/ISIStandAlonePlayer.aspx?Id=deae1bef-cf3a-4b31-ad33-25d7f4fd59a3,https://councilrecord.ca/newwest.html#vote/1yap511,THAT Council endorse the next steps as outlined in this report.
2024-09-09,Council Meeting,,Construction Noise Bylaw Exemption Request: 220 Salter Street,Main motion,Carried,5,0,2,,,In favour,In favour,In favour,Absent,Absent,In favour,In favour,Development; Taxes & spending; Transportation; Neighbourhood character; Governance & elections,,,,https://pub-newwestcity.escribemeetings.com/FileStream.ashx?DocumentId=19768,,https://councilrecord.ca/newwest.html#vote/2h7ih,"THAT Council grant an exemption from Construction Noise Bylaw No. 6063 , 1992 to Metro Vancouver’s contractor AquaCoustic Remote Technologies Inc. for two weeknights between Tuesday, September 24, 2024 and Thursday, October 24, 2024 from 10:00 PM to 7:00 AM excluding Saturdays, Sundays and statutory holidays to perform overnight video and sonar inspections of the sewer lines at 220 Salter Street."
2024-09-09,Council Meeting,,That Council Direct Staff To Pause Work Related To The Homelessness,Other,Carried,5,0,2,,,In favour,In favour,In favour,Absent,Absent,In favour,In favour,Public services,,The minutes do not give separate motion text at this point; see the linked minutes.,,https://pub-newwestcity.escribemeetings.com/FileStream.ashx?DocumentId=19768,https://pub-newwestcity.escribemeetings.com/Players/ISIStandAlonePlayer.aspx?Id=deae1bef-cf3a-4b31-ad33-25d7f4fd59a3,https://councilrecord.ca/newwest.html#vote/13qm96r,
2024-09-09,Council Meeting,,"August 26, 2024 Regular Council Meeting",Main motion,Carried,5,0,2,,,In favour,In favour,In favour,Absent,Absent,In favour,In favour,Other,,,,https://pub-newwestcity.escribemeetings.com/FileStream.ashx?DocumentId=19768,,https://councilrecord.ca/newwest.html#vote/1idqexx,THAT Council authorize the Mayor and Corporate Officer to execute the 2024- 2034 Community Works Fund Agreement included as Attachment 1.
2024-09-09,Council Meeting,,"Council give 2025 Permissive Property Tax Exemption Bylaw No. 8474, 2024 – first, second and third reading",Main motion,Carried,5,0,2,,,In favour,In favour,In favour,Absent,Absent,In favour,In favour,Development; Taxes & spending,,,,https://pub-newwestcity.escribemeetings.com/FileStream.ashx?DocumentId=19768,https://pub-newwestcity.escribemeetings.com/Players/ISIStandAlonePlayer.aspx?Id=deae1bef-cf3a-4b31-ad33-25d7f4fd59a3,https://councilrecord.ca/newwest.html#vote/8zs6b0,"THAT Council give 2025 Permissive Property Tax Exemption Bylaw No. 8474, 2024 first, second and third readings."
2024-09-09,Council Meeting,,That The Following Be Added As Part 3 To The Main Motion: “Be It,Main motion,Carried,5,0,2,,,In favour,In favour,In favour,Absent,Absent,In favour,In favour,Other,,Vote on the main motion after an amendment or referral was dealt with.,,https://pub-newwestcity.escribemeetings.com/FileStream.ashx?DocumentId=19768,https://pub-newwestcity.escribemeetings.com/Players/ISIStandAlonePlayer.aspx?Id=deae1bef-cf3a-4b31-ad33-25d7f4fd59a3,https://councilrecord.ca/newwest.html#vote/1y7ac4,The question on Part 2 of the main motion
2024-09-09,Council Meeting,,Be It Further Resolved That Staff Provide A Legal Opinion To,Other,Carried,5,0,2,,,In favour,In favour,In favour,Absent,Absent,In favour,In favour,Other,1 of 2,The minutes do not give separate motion text at this point; see the linked minutes.,,https://pub-newwestcity.escribemeetings.com/FileStream.ashx?DocumentId=19768,https://pub-newwestcity.escribemeetings.com/Players/ISIStandAlonePlayer.aspx?Id=deae1bef-cf3a-4b31-ad33-25d7f4fd59a3,https://councilrecord.ca/newwest.html#vote/ny9q0u,
2024-09-09,Council Meeting,,Be It Further Resolved That Staff Provide A Legal Opinion To,Main motion,Carried,5,0,2,,,In favour,In favour,In favour,Absent,Absent,In favour,In favour,Other,2 of 2,Vote on the main motion after an amendment or referral was dealt with.,,https://pub-newwestcity.escribemeetings.com/FileStream.ashx?DocumentId=19768,https://pub-newwestcity.escribemeetings.com/Players/ISIStandAlonePlayer.aspx?Id=deae1bef-cf3a-4b31-ad33-25d7f4fd59a3,https://councilrecord.ca/newwest.html#vote/v98o67,"1. THEREFORE BE IT RESOLVED THAT that staff provide council with proposed bylaw amendments to require all print collateral delivered to any premises or distributed to the public that shows, or appear to show, a graphic image of a fetus be delivered in a sealed opaque envelope with a graphic content warning, identify the name and address of the sender, and include measures to ensure individuals are not inadvertently exposed to graphic content on a leaflet, pamphlet, paper, booklet, postcard, or any other printed collateral. 2. AND BE IT FURTHER RESOLVED THAT staff report back to Council regarding the success rate from other Canadian cities who have imposed a similar bylaw; and 3. BE IT FURTHER RESOLVED THAT staff report back on the fines and other enforcement measures imposed by other Canadian jurisdictions; and 4. BE IT FURTHER RESOLVED THAT staff report back on the anticipated enforcement resources required city staff to effectively implement and enforce this by-law; and 5. BE IT FURTHER RESOLVED THAT staff provide a legal opinion to Council regarding the constitutionality of this proposed bylaw."
2024-09-09,Council Meeting,,Lower Mainland Local Government Association Tracking and,Main motion,Carried,5,0,2,,,In favour,In favour,In favour,Absent,Absent,In favour,In favour,Governance & elections,,,,https://pub-newwestcity.escribemeetings.com/FileStream.ashx?DocumentId=19768,https://pub-newwestcity.escribemeetings.com/Players/ISIStandAlonePlayer.aspx?Id=deae1bef-cf3a-4b31-ad33-25d7f4fd59a3,https://councilrecord.ca/newwest.html#vote/w4rl4,"THAT the Lower Mainland Local Government Association begins tracking and reporting how attendees vote on motions and resolutions and that they submit a motion to UBCM and FCM advocating for those organizations to do the same."""
2024-09-09,Council Meeting,,That The Following Be Added To The Main Motion As Part C :,Other,Carried,5,0,2,,,In favour,In favour,In favour,Absent,Absent,In favour,In favour,Other,1 of 2,The minutes do not give separate motion text at this point; see the linked minutes.,,https://pub-newwestcity.escribemeetings.com/FileStream.ashx?DocumentId=19768,https://pub-newwestcity.escribemeetings.com/Players/ISIStandAlonePlayer.aspx?Id=deae1bef-cf3a-4b31-ad33-25d7f4fd59a3,https://councilrecord.ca/newwest.html#vote/10ayxe5,
2024-09-09,Council Meeting,,That The Following Be Added To The Main Motion As Part C :,Amendment,Carried,5,0,2,,,In favour,In favour,In favour,Absent,Absent,In favour,In favour,Other,2 of 2,,,https://pub-newwestcity.escribemeetings.com/FileStream.ashx?DocumentId=19768,https://pub-newwestcity.escribemeetings.com/Players/ISIStandAlonePlayer.aspx?Id=deae1bef-cf3a-4b31-ad33-25d7f4fd59a3,https://councilrecord.ca/newwest.html#vote/yjv8en,"The question on the amendment, as amended"
2024-09-09,Council Meeting,,THAT ALSO BE IT RESOLVED the City’s Ethics Commissioner report,Amendment,Carried,5,0,2,,,In favour,In favour,In favour,Absent,Absent,In favour,In favour,Governance & elections,,,,https://pub-newwestcity.escribemeetings.com/FileStream.ashx?DocumentId=19768,https://pub-newwestcity.escribemeetings.com/Players/ISIStandAlonePlayer.aspx?Id=deae1bef-cf3a-4b31-ad33-25d7f4fd59a3,https://councilrecord.ca/newwest.html#vote/1qoz2b9,THAT ALSO BE IT RESOLVED the City’s Ethics Commissioner report back on potential proactive disclosure procedures on lobbying for members of City Council.
2024-09-09,Council Meeting,,THAT ALSO BE IT RESOLVED the City’s Ethics Commissioner report,Main motion,Carried,5,0,2,,,In favour,In favour,In favour,Absent,Absent,In favour,In favour,Other,,Vote on the main motion after an amendment or referral was dealt with.,,https://pub-newwestcity.escribemeetings.com/FileStream.ashx?DocumentId=19768,https://pub-newwestcity.escribemeetings.com/Players/ISIStandAlonePlayer.aspx?Id=deae1bef-cf3a-4b31-ad33-25d7f4fd59a3,https://councilrecord.ca/newwest.html#vote/ldgtn5,"The question on the main motion, as amended"
2024-09-23,Council Meeting,,That Items 3.2 And 3.8 To 3.10 Be Adopted By General Consent.,Other,Carried,6,0,1,,,In favour,In favour,In favour,Absent,In favour,In favour,In favour,Other,1 of 2,The minutes do not give separate motion text at this point; see the linked minutes.,,https://pub-newwestcity.escribemeetings.com/FileStream.ashx?DocumentId=19821,https://pub-newwestcity.escribemeetings.com/Players/ISIStandAlonePlayer.aspx?Id=c1b34f26-5a2d-4c30-b245-61f81776aed6,https://councilrecord.ca/newwest.html#vote/3ud0d4,
2024-09-23,Council Meeting,,That Items 3.2 And 3.8 To 3.10 Be Adopted By General Consent.,Main motion,Carried,6,0,1,,,In favour,In favour,In favour,Absent,In favour,In favour,In favour,Taxes & spending,2 of 2,,,https://pub-newwestcity.escribemeetings.com/FileStream.ashx?DocumentId=19821,https://pub-newwestcity.escribemeetings.com/Players/ISIStandAlonePlayer.aspx?Id=c1b34f26-5a2d-4c30-b245-61f81776aed6,https://councilrecord.ca/newwest.html#vote/z1z6o6,THAT $0.7M 2024 quarterly capital budget adjustments and $199.8M Proposed Revised Multi-Year Capital budget be approved.
2024-09-23,Council Meeting,,That Subsequent Strategic Priorities Plan Status Updates Be Provided,Amendment,Carried,4,2,1,,,In favour,In favour,Against,Absent,In favour,Against,In favour,Other,1 of 2,,,https://pub-newwestcity.escribemeetings.com/FileStream.ashx?DocumentId=19821,https://pub-newwestcity.escribemeetings.com/Players/ISIStandAlonePlayer.aspx?Id=c1b34f26-5a2d-4c30-b245-61f81776aed6,https://councilrecord.ca/newwest.html#vote/1v0iim7,THAT Part 2 of the motion be amended by deleting the words “an annual” and replacing it with “a semi-annual.”
2024-09-23,Council Meeting,,That Subsequent Strategic Priorities Plan Status Updates Be Provided,Main motion,Carried,4,2,1,,,In favour,In favour,Against,Absent,In favour,Against,In favour,Other,2 of 2,Vote on the main motion after an amendment or referral was dealt with.,,https://pub-newwestcity.escribemeetings.com/FileStream.ashx?DocumentId=19821,https://pub-newwestcity.escribemeetings.com/Players/ISIStandAlonePlayer.aspx?Id=c1b34f26-5a2d-4c30-b245-61f81776aed6,https://councilrecord.ca/newwest.html#vote/mjkktk,"The question on the motion, as amended"
2024-09-23,Council Meeting,,Construction Noise Bylaw Exemption Request: New Westminster,Main motion,Carried,6,0,1,,,In favour,In favour,In favour,Absent,In favour,In favour,In favour,Development; Taxes & spending; Neighbourhood character; Governance & elections,,,,https://pub-newwestcity.escribemeetings.com/FileStream.ashx?DocumentId=19821,https://pub-newwestcity.escribemeetings.com/Players/ISIStandAlonePlayer.aspx?Id=c1b34f26-5a2d-4c30-b245-61f81776aed6,https://councilrecord.ca/newwest.html#vote/1wwizzy,"THAT an exemption to Metro Vancouver contractor Ram Consulting from Construction Noise Bylaw No. 6063, 1992 from 9:00 PM to 7:00 AM for three consecutive nights between and including Tuesday, October 1, 2024 to Thursday, October 10, 2024 excluding Saturdays, Sundays and statutory holidays, to conduct CCTV inspection of New Westminster Interceptor sewer along the 100 Block to 800 Block of Columbia Street be granted."
2024-09-23,Council Meeting,,That The City Of Surrey Be Invited To Delegate To Its Proposed Type 3,Other,Carried,6,0,1,,,In favour,In favour,In favour,Absent,In favour,In favour,In favour,Other,,The minutes do not give separate motion text at this point; see the linked minutes.,,https://pub-newwestcity.escribemeetings.com/FileStream.ashx?DocumentId=19821,https://pub-newwestcity.escribemeetings.com/Players/ISIStandAlonePlayer.aspx?Id=c1b34f26-5a2d-4c30-b245-61f81776aed6,https://councilrecord.ca/newwest.html#vote/315x25,
2024-09-23,Council Meeting,,Report Back on Council Resolution to Develop a City-Wide Public,Main motion,Carried,4,2,1,,,In favour,In favour,Against,Absent,In favour,Against,In favour,Other,,,,https://pub-newwestcity.escribemeetings.com/FileStream.ashx?DocumentId=19821,https://pub-newwestcity.escribemeetings.com/Players/ISIStandAlonePlayer.aspx?Id=c1b34f26-5a2d-4c30-b245-61f81776aed6,https://councilrecord.ca/newwest.html#vote/1qj0okd,"THAT staff be directed to develop a City-wide Public Toilet Strategy as outlined in the staff report titled “Report Back on Council Resolution to Develop a City-Wide Public Toilet Strategy” (dated September 23, 2024 from the Directors, Planning and Development and Engineering)."
2024-09-23,Council Meeting,,"That The Revised Interim Development Review Framework, Included As",Main motion,Carried,3,3,1,,,Against,Against,In favour,Absent,In favour,In favour,Against,Other,1 of 3,Vote on the main motion after an amendment or referral was dealt with.,,https://pub-newwestcity.escribemeetings.com/FileStream.ashx?DocumentId=19821,https://pub-newwestcity.escribemeetings.com/Players/ISIStandAlonePlayer.aspx?Id=c1b34f26-5a2d-4c30-b245-61f81776aed6,https://councilrecord.ca/newwest.html#vote/takgek,The question on Part 1 of the motion
2024-09-23,Council Meeting,,"That The Revised Interim Development Review Framework, Included As",Main motion,Carried,3,3,1,,,Against,Against,In favour,Absent,In favour,In favour,Against,Other,2 of 3,Vote on the main motion after an amendment or referral was dealt with.,,https://pub-newwestcity.escribemeetings.com/FileStream.ashx?DocumentId=19821,https://pub-newwestcity.escribemeetings.com/Players/ISIStandAlonePlayer.aspx?Id=c1b34f26-5a2d-4c30-b245-61f81776aed6,https://councilrecord.ca/newwest.html#vote/y1xm67,The question on Part 2 of the motion
2024-09-23,Council Meeting,,"That The Revised Interim Development Review Framework, Included As",Main motion,Carried,4,2,1,,,Against,Against,In favour,Absent,In favour,In favour,In favour,Other,3 of 3,Vote on the main motion after an amendment or referral was dealt with.,,https://pub-newwestcity.escribemeetings.com/FileStream.ashx?DocumentId=19821,https://pub-newwestcity.escribemeetings.com/Players/ISIStandAlonePlayer.aspx?Id=c1b34f26-5a2d-4c30-b245-61f81776aed6,https://councilrecord.ca/newwest.html#vote/1szjvnx,The question on Part 3 of the motion
2024-09-23,Council Meeting,,"Anvil Theatre Fees and Charges Bylaw No. 8209, 2020, Amendment",Main motion,Carried,6,0,1,,,In favour,In favour,In favour,Absent,In favour,In favour,In favour,Development; Taxes & spending,,,,https://pub-newwestcity.escribemeetings.com/FileStream.ashx?DocumentId=19821,https://pub-newwestcity.escribemeetings.com/Players/ISIStandAlonePlayer.aspx?Id=c1b34f26-5a2d-4c30-b245-61f81776aed6,https://councilrecord.ca/newwest.html#vote/1yp6z9f,"THAT Council give Anvil Theatre Fees and Charges Bylaw No. 8209, 2020, Amendment Bylaw No. 8482, 2024 first, second and third readings."
2024-09-23,Council Meeting,,"Climate Action, Planning & Development Fees and Rates Bylaw No.",Main motion,Carried,6,0,1,,,In favour,In favour,In favour,Absent,In favour,In favour,In favour,Development; Taxes & spending; Environment & climate,1 of 3,,,https://pub-newwestcity.escribemeetings.com/FileStream.ashx?DocumentId=19821,https://pub-newwestcity.escribemeetings.com/Players/ISIStandAlonePlayer.aspx?Id=c1b34f26-5a2d-4c30-b245-61f81776aed6,https://councilrecord.ca/newwest.html#vote/14ninv4,"THAT Council give Climate Action, Planning & Development Fees and Rates Bylaw No. 7683, 2014, Amendment Bylaw No. 8478, 2024 first, second and third readings."
2024-09-23,Council Meeting,,"Climate Action, Planning & Development Fees and Rates Bylaw No.",Main motion,Carried,6,0,1,,,In favour,In favour,In favour,Absent,In favour,In favour,In favour,Development; Taxes & spending; Environment & climate,2 of 3,,,https://pub-newwestcity.escribemeetings.com/FileStream.ashx?DocumentId=19821,https://pub-newwestcity.escribemeetings.com/Players/ISIStandAlonePlayer.aspx?Id=c1b34f26-5a2d-4c30-b245-61f81776aed6,https://councilrecord.ca/newwest.html#vote/s9zuq3,"THAT Council give Cultural Services Fees and Charges Bylaw No. 7875, 2016, Amendment Bylaw No. 8477, 2024 first, second and third readings."
2024-09-23,Council Meeting,,"Climate Action, Planning & Development Fees and Rates Bylaw No.",Main motion,Carried,6,0,1,,,In favour,In favour,In favour,Absent,In favour,In favour,In favour,Development; Taxes & spending; Environment & climate; Public services,3 of 3,,,https://pub-newwestcity.escribemeetings.com/FileStream.ashx?DocumentId=19821,https://pub-newwestcity.escribemeetings.com/Players/ISIStandAlonePlayer.aspx?Id=c1b34f26-5a2d-4c30-b245-61f81776aed6,https://councilrecord.ca/newwest.html#vote/whr4be,"THAT Council give Electrical Utility Bylaw No. 6502, 1998, Amendment Bylaw No. 8476, 2024 first, second and third readings."
2024-09-23,Council Meeting,,"Engineering User Fees and Rates Bylaw No. 7553, 2013, Amendment",Main motion,Carried,6,0,1,,,In favour,In favour,In favour,Absent,In favour,In favour,In favour,Development; Taxes & spending,1 of 3,,,https://pub-newwestcity.escribemeetings.com/FileStream.ashx?DocumentId=19821,https://pub-newwestcity.escribemeetings.com/Players/ISIStandAlonePlayer.aspx?Id=c1b34f26-5a2d-4c30-b245-61f81776aed6,https://councilrecord.ca/newwest.html#vote/14nzrsd,"THAT Council give Engineering User Fees and Rates Bylaw No. 7553, 2013, Amendment Bylaw No. 8472, 2024 first, second and third readings."
2024-09-23,Council Meeting,,"Engineering User Fees and Rates Bylaw No. 7553, 2013, Amendment",Main motion,Carried,6,0,1,,,In favour,In favour,In favour,Absent,In favour,In favour,In favour,Development; Taxes & spending,2 of 3,,,https://pub-newwestcity.escribemeetings.com/FileStream.ashx?DocumentId=19821,https://pub-newwestcity.escribemeetings.com/Players/ISIStandAlonePlayer.aspx?Id=c1b34f26-5a2d-4c30-b245-61f81776aed6,https://councilrecord.ca/newwest.html#vote/lglugg,"THAT Council give Fees Bylaw No. 6186, 1994, Amendment Bylaw No. 8479, 2024 first, second and third readings."
2024-09-23,Council Meeting,,"Engineering User Fees and Rates Bylaw No. 7553, 2013, Amendment",Main motion,Carried,6,0,1,,,In favour,In favour,In favour,Absent,In favour,In favour,In favour,Development; Taxes & spending; Public services,3 of 3,,,https://pub-newwestcity.escribemeetings.com/FileStream.ashx?DocumentId=19821,https://pub-newwestcity.escribemeetings.com/Players/ISIStandAlonePlayer.aspx?Id=c1b34f26-5a2d-4c30-b245-61f81776aed6,https://councilrecord.ca/newwest.html#vote/134k7k9,"THAT Council give Fire Protection Bylaw No. 6940, 2004, Amendment Bylaw No. 8481, 2024 first, second and third readings."
2024-09-23,Council Meeting,,"Council adopt 2025 Permissive Property Tax Exemption Bylaw No. 8474, 2024",Main motion,Carried,6,0,1,,,In favour,In favour,In favour,Absent,In favour,In favour,In favour,Development; Taxes & spending,,,,https://pub-newwestcity.escribemeetings.com/FileStream.ashx?DocumentId=19821,https://pub-newwestcity.escribemeetings.com/Players/ISIStandAlonePlayer.aspx?Id=c1b34f26-5a2d-4c30-b245-61f81776aed6,https://councilrecord.ca/newwest.html#vote/kjdmu4,"THAT Council adopt 2025 Permissive Property Tax Exemption Bylaw No. 8474, 2024."
2024-10-07,Council Meeting,,"That Council Adopt The October 7, 2024 Regular Council Agenda As",Other,Carried,6,0,1,,,In favour,In favour,In favour,Absent,In favour,In favour,In favour,Other,,The minutes do not give separate motion text at this point; see the linked minutes.,,https://pub-newwestcity.escribemeetings.com/FileStream.ashx?DocumentId=19990,https://pub-newwestcity.escribemeetings.com/Players/ISIStandAlonePlayer.aspx?Id=8bb3fffa-de98-4419-a7af-5a3ef299dab2,https://councilrecord.ca/newwest.html#vote/a5mjoy,
2024-10-07,Council Meeting,,That Staff Be Directed To Send A Letter To Metro Vancouver Providing:,Other,Carried,4,2,1,,,Against,In favour,In favour,Absent,In favour,In favour,Against,Governance & elections,,The minutes do not give separate motion text at this point; see the linked minutes.,,https://pub-newwestcity.escribemeetings.com/FileStream.ashx?DocumentId=19990,https://pub-newwestcity.escribemeetings.com/Players/ISIStandAlonePlayer.aspx?Id=8bb3fffa-de98-4419-a7af-5a3ef299dab2,https://councilrecord.ca/newwest.html#vote/pcp9fe,
2024-10-07,Council Meeting,,"That Items 4.1, 4 . 2 , 4.3, 4.5, 4.7 And 4.9 Be Adopted By General",Other,Carried,6,0,1,,,In favour,In favour,In favour,Absent,In favour,In favour,In favour,Other,,The minutes do not give separate motion text at this point; see the linked minutes.,,https://pub-newwestcity.escribemeetings.com/FileStream.ashx?DocumentId=19990,https://pub-newwestcity.escribemeetings.com/Players/ISIStandAlonePlayer.aspx?Id=8bb3fffa-de98-4419-a7af-5a3ef299dab2,https://councilrecord.ca/newwest.html#vote/p2uook,
2024-10-07,Council Meeting,,Construction Noise Bylaw Exemption Extension Request: 330 East,Main motion,Carried,6,0,1,,,In favour,In favour,In favour,Absent,In favour,In favour,In favour,Development; Transportation; Neighbourhood character,,,,https://pub-newwestcity.escribemeetings.com/FileStream.ashx?DocumentId=19990,,https://councilrecord.ca/newwest.html#vote/9zow7y,"THAT an exemption to All Roads Construction Ltd. from Construction Noise Bylaw No. 6063, 1992 from 8:00 PM to 7:00 AM for three nights between Wednesday, October 9, 2024 and Wednesday, October 30, 2024 excluding Saturdays, Sundays and Statutory holidays to complete surface lift paving at the Royal Columbian Hospital on 330 East Columbia Street, be granted."
2024-10-07,Council Meeting,,Construction Noise Bylaw Exemption Request: 100 Braid Street,Main motion,Carried,6,0,1,,,In favour,In favour,In favour,Absent,In favour,In favour,In favour,Development; Taxes & spending; Transportation; Neighbourhood character,,,,https://pub-newwestcity.escribemeetings.com/FileStream.ashx?DocumentId=19990,,https://councilrecord.ca/newwest.html#vote/z1cget,"THAT an exemption to Wesgroup Contracting Ltd. from Construction Noise Bylaw No. 6063, 1992 from 7:00 AM to 9:00 AM on Saturday, October 26, 2024 and for contingency, 9:00 AM to 6:00 PM on Sunday, October 27, 2024 to disassemble a construction tower crane at 100 Braid Street, be granted."
2024-10-07,Council Meeting,,Licence Agreement at 203 Pembina Street,Main motion,Carried,6,0,1,,,In favour,In favour,In favour,Absent,In favour,In favour,In favour,Transportation; Business & economy,,,,https://pub-newwestcity.escribemeetings.com/FileStream.ashx?DocumentId=19990,,https://councilrecord.ca/newwest.html#vote/1igdpea,"THAT the Mayor and Corporate Officer be authorized to execute the Licence Agreement between the City and Prushothaman Palanichamy and Vijaya Deepthi Gopalabhatla, the Owners of 203 Pembina Street, included as Attachment 1 to the staff report titled “Licence Agreement at 203 Pembina Street” dated October 7, 2024 from the Director, Engineering."
2024-10-07,Council Meeting,,That The Designation Of Events Of Municipal Significance Be Provided,Other,Carried,6,0,1,,,In favour,In favour,In favour,Absent,In favour,In favour,In favour,Neighbourhood character,,The minutes do not give separate motion text at this point; see the linked minutes.,,https://pub-newwestcity.escribemeetings.com/FileStream.ashx?DocumentId=19990,https://pub-newwestcity.escribemeetings.com/Players/ISIStandAlonePlayer.aspx?Id=8bb3fffa-de98-4419-a7af-5a3ef299dab2,https://councilrecord.ca/newwest.html#vote/1eqg4gh,
2024-10-07,Council Meeting,,Update Regarding Council Motion Re: Improving the Public’s Access,Procedural,Carried,6,0,1,,,In favour,In favour,In favour,Absent,In favour,In favour,In favour,Environment & climate,,,,https://pub-newwestcity.escribemeetings.com/FileStream.ashx?DocumentId=19990,https://pub-newwestcity.escribemeetings.com/Players/ISIStandAlonePlayer.aspx?Id=8bb3fffa-de98-4419-a7af-5a3ef299dab2,https://councilrecord.ca/newwest.html#vote/o2npsq,"THAT the staff report titled “Update Regarding Council Motion Re: Improving the Public’s Access to Trees during the City’s Biannual Tree Sale” dated October 7, 2024, be received for information."
2024-10-07,Council Meeting,,"Inter-municipal Business Licence Agreement Bylaw No. 8487, 2024",Main motion,Carried,6,0,1,,,In favour,In favour,In favour,Absent,In favour,In favour,In favour,Development; Business & economy,1 of 2,,,https://pub-newwestcity.escribemeetings.com/FileStream.ashx?DocumentId=19990,https://pub-newwestcity.escribemeetings.com/Players/ISIStandAlonePlayer.aspx?Id=8bb3fffa-de98-4419-a7af-5a3ef299dab2,https://councilrecord.ca/newwest.html#vote/448rst,"THAT Inter-municipal Business Licence Agreement Bylaw No. 8487, 2024 be given first, second and third readings."
2024-10-07,Council Meeting,,"Inter-municipal Business Licence Agreement Bylaw No. 8487, 2024",Main motion,Carried,6,0,1,,,In favour,In favour,In favour,Absent,In favour,In favour,In favour,Development; Business & economy,2 of 2,,,https://pub-newwestcity.escribemeetings.com/FileStream.ashx?DocumentId=19990,https://pub-newwestcity.escribemeetings.com/Players/ISIStandAlonePlayer.aspx?Id=8bb3fffa-de98-4419-a7af-5a3ef299dab2,https://councilrecord.ca/newwest.html#vote/1kf3n4y,"THAT Inter-municipal Business Licence Scheme Bylaw No. 8475, 2024 be given first, second and third readings."
2024-10-07,Council Meeting,,"Anvil Theatre Fees and Charges Bylaw No. 8209, 2020, Amendment",Main motion,Carried,6,0,1,,,In favour,In favour,In favour,Absent,In favour,In favour,In favour,Development; Taxes & spending,1 of 4,,,https://pub-newwestcity.escribemeetings.com/FileStream.ashx?DocumentId=19990,https://pub-newwestcity.escribemeetings.com/Players/ISIStandAlonePlayer.aspx?Id=8bb3fffa-de98-4419-a7af-5a3ef299dab2,https://councilrecord.ca/newwest.html#vote/1djcry6,"THAT Anvil Theatre Fees and Charges Bylaw No. 8209, 2020, Amendment Bylaw No. 8482, 2024 be adopted."
2024-10-07,Council Meeting,,"Anvil Theatre Fees and Charges Bylaw No. 8209, 2020, Amendment",Main motion,Carried,6,0,1,,,In favour,In favour,In favour,Absent,In favour,In favour,In favour,Development; Taxes & spending; Environment & climate,2 of 4,,,https://pub-newwestcity.escribemeetings.com/FileStream.ashx?DocumentId=19990,https://pub-newwestcity.escribemeetings.com/Players/ISIStandAlonePlayer.aspx?Id=8bb3fffa-de98-4419-a7af-5a3ef299dab2,https://councilrecord.ca/newwest.html#vote/17zeuzv,"THAT Council give Climate Action, Planning & Development Fees and Rates Bylaw No. 7683, 2014, Amendment Bylaw No. 8478, 2024 first, second and third readings."
2024-10-07,Council Meeting,,"Anvil Theatre Fees and Charges Bylaw No. 8209, 2020, Amendment",Main motion,Carried,6,0,1,,,In favour,In favour,In favour,Absent,In favour,In favour,In favour,Development; Taxes & spending,3 of 4,,,https://pub-newwestcity.escribemeetings.com/FileStream.ashx?DocumentId=19990,https://pub-newwestcity.escribemeetings.com/Players/ISIStandAlonePlayer.aspx?Id=8bb3fffa-de98-4419-a7af-5a3ef299dab2,https://councilrecord.ca/newwest.html#vote/9c7vrf,"THAT Cultural Services Fees and Charges Bylaw No. 7875, 2016, Amendment Bylaw No. 8477, 2024 be adopted."
2024-10-07,Council Meeting,,"Anvil Theatre Fees and Charges Bylaw No. 8209, 2020, Amendment",Main motion,Carried,6,0,1,,,In favour,In favour,In favour,Absent,In favour,In favour,In favour,Development; Taxes & spending; Public services,4 of 4,,,https://pub-newwestcity.escribemeetings.com/FileStream.ashx?DocumentId=19990,https://pub-newwestcity.escribemeetings.com/Players/ISIStandAlonePlayer.aspx?Id=8bb3fffa-de98-4419-a7af-5a3ef299dab2,https://councilrecord.ca/newwest.html#vote/8h7qu3,"THAT Electrical Utility Bylaw No. 6502, 1998, Amendment Bylaw No. 8476, 2024 be adopted."
2024-10-07,Council Meeting,,"Engineering User Fees and Rates Bylaw No. 7553, 2013, Amendment",Main motion,Carried,6,0,1,,,In favour,In favour,In favour,Absent,In favour,In favour,In favour,Development; Taxes & spending,,,,https://pub-newwestcity.escribemeetings.com/FileStream.ashx?DocumentId=19990,https://pub-newwestcity.escribemeetings.com/Players/ISIStandAlonePlayer.aspx?Id=8bb3fffa-de98-4419-a7af-5a3ef299dab2,https://councilrecord.ca/newwest.html#vote/1b5zvi7,"THAT Engineering User Fees and Rates Bylaw No. 7553, 2013, Amendment Bylaw No. 8472, 2024 be adopted."
2024-10-07,Council Meeting,,"Fees Bylaw No. 6186, 1994, Amendment Bylaw No. 8479, 2024",Main motion,Carried,6,0,1,,,In favour,In favour,In favour,Absent,In favour,In favour,In favour,Development; Taxes & spending,1 of 2,,,https://pub-newwestcity.escribemeetings.com/FileStream.ashx?DocumentId=19990,https://pub-newwestcity.escribemeetings.com/Players/ISIStandAlonePlayer.aspx?Id=8bb3fffa-de98-4419-a7af-5a3ef299dab2,https://councilrecord.ca/newwest.html#vote/vqkwff,"THAT Fees Bylaw No. 6186, 1994, Amendment Bylaw No. 8479, 2024 be adopted."
2024-10-07,Council Meeting,,"Fees Bylaw No. 6186, 1994, Amendment Bylaw No. 8479, 2024",Main motion,Carried,6,0,1,,,In favour,In favour,In favour,Absent,In favour,In favour,In favour,Development; Taxes & spending; Public services,2 of 2,,,https://pub-newwestcity.escribemeetings.com/FileStream.ashx?DocumentId=19990,https://pub-newwestcity.escribemeetings.com/Players/ISIStandAlonePlayer.aspx?Id=8bb3fffa-de98-4419-a7af-5a3ef299dab2,https://councilrecord.ca/newwest.html#vote/1g0mscb,"THAT Fire Protection Bylaw No. 6940, 2004, Amendment Bylaw No. 8481, 2024 be adopted."
2024-10-07,Council Meeting,,The Mayor write a letter on behalf of Council to the Premier and request the Province…,Main motion,Carried,6,0,1,,,In favour,In favour,In favour,Absent,In favour,In favour,In favour,Governance & elections,,,,https://pub-newwestcity.escribemeetings.com/FileStream.ashx?DocumentId=19990,https://pub-newwestcity.escribemeetings.com/Players/ISIStandAlonePlayer.aspx?Id=8bb3fffa-de98-4419-a7af-5a3ef299dab2,https://councilrecord.ca/newwest.html#vote/1w56sz9,THAT the Mayor write a letter on behalf of Council to the Premier and request the Province of BC to immediately initiate an independent review of Metro Vancouver's governance structure.
2024-10-07,Council Meeting,,The question on the motion,Main motion,Carried,4,2,1,,,In favour,Against,In favour,Absent,In favour,In favour,Against,Other,,Vote on the main motion after an amendment or referral was dealt with.,,https://pub-newwestcity.escribemeetings.com/FileStream.ashx?DocumentId=19990,https://pub-newwestcity.escribemeetings.com/Players/ISIStandAlonePlayer.aspx?Id=8bb3fffa-de98-4419-a7af-5a3ef299dab2,https://councilrecord.ca/newwest.html#vote/1gnfwzr,The question on the motion
2024-10-07,Council Meeting,,Open Delegations,Main motion,Carried,6,0,1,,,In favour,In favour,In favour,Absent,In favour,In favour,In favour,Other,1 of 4,,,https://pub-newwestcity.escribemeetings.com/FileStream.ashx?DocumentId=19990,https://pub-newwestcity.escribemeetings.com/Players/ISIStandAlonePlayer.aspx?Id=8bb3fffa-de98-4419-a7af-5a3ef299dab2,https://councilrecord.ca/newwest.html#vote/1upethz,THAT the speakers and presentations period be extended past 8:30 p.m.
2024-10-07,Council Meeting,,Open Delegations,Main motion,Carried,6,0,1,,,In favour,In favour,In favour,Absent,In favour,In favour,In favour,Other,2 of 4,Vote on the main motion after an amendment or referral was dealt with.,,https://pub-newwestcity.escribemeetings.com/FileStream.ashx?DocumentId=19990,https://pub-newwestcity.escribemeetings.com/Players/ISIStandAlonePlayer.aspx?Id=8bb3fffa-de98-4419-a7af-5a3ef299dab2,https://councilrecord.ca/newwest.html#vote/stz61k,The question on Part A of the motion
2024-10-07,Council Meeting,,Open Delegations,Main motion,Carried,6,0,1,,,In favour,In favour,In favour,Absent,In favour,In favour,In favour,Other,3 of 4,Vote on the main motion after an amendment or referral was dealt with.,,https://pub-newwestcity.escribemeetings.com/FileStream.ashx?DocumentId=19990,https://pub-newwestcity.escribemeetings.com/Players/ISIStandAlonePlayer.aspx?Id=8bb3fffa-de98-4419-a7af-5a3ef299dab2,https://councilrecord.ca/newwest.html#vote/we9hkb,The question on Part B of the motion
2024-10-07,Council Meeting,,Open Delegations,Main motion,Carried,4,2,1,,,Against,Against,In favour,Absent,In favour,In favour,In favour,Other,4 of 4,Vote on the main motion after an amendment or referral was dealt with.,,https://pub-newwestcity.escribemeetings.com/FileStream.ashx?DocumentId=19990,https://pub-newwestcity.escribemeetings.com/Players/ISIStandAlonePlayer.aspx?Id=8bb3fffa-de98-4419-a7af-5a3ef299dab2,https://councilrecord.ca/newwest.html#vote/193h4uk,The question on Part C of the motion
2024-10-07,Council Meeting,,Be It Further Resolved That The Mayor Write To The Bc Ministry,Amendment,Carried,6,0,1,,,In favour,In favour,In favour,Absent,In favour,In favour,In favour,Other,1 of 3,,,https://pub-newwestcity.escribemeetings.com/FileStream.ashx?DocumentId=19990,https://pub-newwestcity.escribemeetings.com/Players/ISIStandAlonePlayer.aspx?Id=8bb3fffa-de98-4419-a7af-5a3ef299dab2,https://councilrecord.ca/newwest.html#vote/1eh97kl,THAT Part 3 be amended to replace “during our” with “on a.”
2024-10-07,Council Meeting,,Be It Further Resolved That The Mayor Write To The Bc Ministry,Main motion,Defeated,3,4,0,,,Against,Against,In favour,Against,In favour,In favour,Against,Other,2 of 3,Vote on the main motion after an amendment or referral was dealt with.,,https://pub-newwestcity.escribemeetings.com/FileStream.ashx?DocumentId=19990,https://pub-newwestcity.escribemeetings.com/Players/ISIStandAlonePlayer.aspx?Id=8bb3fffa-de98-4419-a7af-5a3ef299dab2,https://councilrecord.ca/newwest.html#vote/mm07fh,The question on Part 1 of the main motion
2024-10-07,Council Meeting,,Be It Further Resolved That The Mayor Write To The Bc Ministry,Main motion,Carried,7,0,0,,,In favour,In favour,In favour,In favour,In favour,In favour,In favour,Other,3 of 3,Vote on the main motion after an amendment or referral was dealt with.,,https://pub-newwestcity.escribemeetings.com/FileStream.ashx?DocumentId=19990,https://pub-newwestcity.escribemeetings.com/Players/ISIStandAlonePlayer.aspx?Id=8bb3fffa-de98-4419-a7af-5a3ef299dab2,https://councilrecord.ca/newwest.html#vote/bna9k9,The question on Part 2 of the main motion
2024-10-07,Council Meeting,,Be It Further Resolved That The Cost Of Joining The Sue Big Oil,Amendment,Carried,5,2,0,,,In favour,In favour,Against,In favour,In favour,Against,In favour,Taxes & spending,1 of 2,,,https://pub-newwestcity.escribemeetings.com/FileStream.ashx?DocumentId=19990,https://pub-newwestcity.escribemeetings.com/Players/ISIStandAlonePlayer.aspx?Id=8bb3fffa-de98-4419-a7af-5a3ef299dab2,https://councilrecord.ca/newwest.html#vote/9h8yqa,THAT the amendment be revised by deleting “or the sale of carbon credits.”
2024-10-07,Council Meeting,,Be It Further Resolved That The Cost Of Joining The Sue Big Oil,Amendment,Carried,7,0,0,,,In favour,In favour,In favour,In favour,In favour,In favour,In favour,Taxes & spending,2 of 2,,,https://pub-newwestcity.escribemeetings.com/FileStream.ashx?DocumentId=19990,https://pub-newwestcity.escribemeetings.com/Players/ISIStandAlonePlayer.aspx?Id=8bb3fffa-de98-4419-a7af-5a3ef299dab2,https://councilrecord.ca/newwest.html#vote/zvi8mk,"The question on the amendment, as amended"
2024-10-07,Council Meeting,,Be It Further Resolved That Council Establish As Policy That,Main motion,Carried,5,2,0,,,In favour,In favour,Against,In favour,In favour,Against,In favour,Taxes & spending,,Vote on the main motion after an amendment or referral was dealt with.,,https://pub-newwestcity.escribemeetings.com/FileStream.ashx?DocumentId=19990,https://pub-newwestcity.escribemeetings.com/Players/ISIStandAlonePlayer.aspx?Id=8bb3fffa-de98-4419-a7af-5a3ef299dab2,https://councilrecord.ca/newwest.html#vote/1siv4ps,"1. BE IT RESOLVED that staff report back on opportunity and cost for New Westminster to join the Sue Big Oil Class Action Lawsuit and present potential cost and staff resource needs as part of the draft 2025 Operating Budget; 2. BE IT FURTHER RESOLVED that the cost of joining the Sue Big Oil class action lawsuit be first assessed via the Climate Action Decision-Making Framework to determine the appropriate funding source; 3. BE IT FURTHER RESOLVED THAT Council establish as policy that effective immediately, the City of New Westminster ban the acceptance of funds from “Big Oil” for any form of sponsorships."
2024-10-07,Council Meeting,,"That The Revised Interim Development Review Framework, Included As",Amendment,Carried,5,2,0,,,In favour,In favour,Against,In favour,In favour,Against,In favour,Other,1 of 2,,,https://pub-newwestcity.escribemeetings.com/FileStream.ashx?DocumentId=19990,https://pub-newwestcity.escribemeetings.com/Players/ISIStandAlonePlayer.aspx?Id=8bb3fffa-de98-4419-a7af-5a3ef299dab2,https://councilrecord.ca/newwest.html#vote/1wgirs2,"THAT the motion be amended by (i) striking Part 1 in its entirety, (ii) striking “as amended under Part 1” in Part 2, and (iii) striking “as amended by Part 1 of this motion” in Part 3."
2024-10-07,Council Meeting,,"That The Revised Interim Development Review Framework, Included As",Main motion,Carried,5,2,0,,,In favour,In favour,Against,In favour,In favour,Against,In favour,Housing & density,2 of 2,Vote on the main motion after an amendment or referral was dealt with.,,https://pub-newwestcity.escribemeetings.com/FileStream.ashx?DocumentId=19990,https://pub-newwestcity.escribemeetings.com/Players/ISIStandAlonePlayer.aspx?Id=8bb3fffa-de98-4419-a7af-5a3ef299dab2,https://councilrecord.ca/newwest.html#vote/1px74xn,"The question on the main motion, as amended, which now reads: “ 1 . T HAT the proposed Interim Density Bonus Policy, included as Attachment 1 to the staff report titled “Interim Density Bonus Policy and Revised Interim Development Review Framework” from the Director, Planning and Development dated September 23, 2024, be approved. 2. THAT the revised Interim Development Review Framework, included as Attachment 2 to the staff report titled “Interim Density Bonus Policy and Revised Interim Development Review Framework” from the Director, Planning and Development dated September 23, 2024, be endorsed.”"
2024-10-21,Council Meeting,,That Items 3.1 And 3.4 Be Adopted By General Consent.,Other,Carried,6,0,1,,,In favour,In favour,In favour,Absent,In favour,In favour,In favour,Other,,The minutes do not give separate motion text at this point; see the linked minutes.,,https://pub-newwestcity.escribemeetings.com/FileStream.ashx?DocumentId=20212,https://pub-newwestcity.escribemeetings.com/Players/ISIStandAlonePlayer.aspx?Id=5e3f4534-2fc6-4109-ad77-8447c230e937,https://councilrecord.ca/newwest.html#vote/7cv508,
2024-10-21,Council Meeting,,Acting Mayor Appointments for November 2024 through October,Main motion,Carried,6,0,1,,,In favour,In favour,In favour,Absent,In favour,In favour,In favour,Governance & elections,,,,https://pub-newwestcity.escribemeetings.com/FileStream.ashx?DocumentId=20212,,https://councilrecord.ca/newwest.html#vote/1f3xyee,"THAT Acting Mayors for November 2024 through October 2025 be appointed as set out in the Schedule of Acting Mayors attached as Attachment 1 to the report “Acting Mayor Appointments for November 2024 through October 2025,” dated October 21, 2024."
2024-10-21,Council Meeting,,"That Business Licence Bylaw No. 8473, 2024 Be Forwarded To An",Other,Carried,5,0,2,,,In favour,In favour,In favour,Absent,In favour,Absent,In favour,Development; Business & economy,,The minutes do not give separate motion text at this point; see the linked minutes.,,https://pub-newwestcity.escribemeetings.com/FileStream.ashx?DocumentId=20212,https://pub-newwestcity.escribemeetings.com/Players/ISIStandAlonePlayer.aspx?Id=5e3f4534-2fc6-4109-ad77-8447c230e937,https://councilrecord.ca/newwest.html#vote/1jc4s9p,
2024-10-21,Council Meeting,,That A Significant Portion Of Density Bonus Funds Obtained From Zoning,Amendment,Defeated,3,4,0,,,Against,Against,In favour,Against,In favour,In favour,Against,Housing & density; Development; Neighbourhood character; Business & economy,1 of 2,,,https://pub-newwestcity.escribemeetings.com/FileStream.ashx?DocumentId=20212,https://pub-newwestcity.escribemeetings.com/Players/ISIStandAlonePlayer.aspx?Id=5e3f4534-2fc6-4109-ad77-8447c230e937,https://councilrecord.ca/newwest.html#vote/10gn0oc,THAT Part 3 be amended to add “which is a primary responsibility of the Province of British Columbia” after the word “housing.”
2024-10-21,Council Meeting,,That A Significant Portion Of Density Bonus Funds Obtained From Zoning,Amendment,Carried,5,2,0,,,In favour,In favour,Against,In favour,In favour,Against,In favour,Housing & density; Development; Neighbourhood character,2 of 2,,,https://pub-newwestcity.escribemeetings.com/FileStream.ashx?DocumentId=20212,https://pub-newwestcity.escribemeetings.com/Players/ISIStandAlonePlayer.aspx?Id=5e3f4534-2fc6-4109-ad77-8447c230e937,https://councilrecord.ca/newwest.html#vote/194xefq,The question on the amendment motion
2024-10-21,Council Meeting,,Rezoning: 88 Tenth Street (Columbia Square) – Zoning,Amendment,Carried,5,2,0,,,In favour,In favour,Against,In favour,In favour,Against,In favour,Housing & density; Development; Transportation; Business & economy,1 of 2,,,https://pub-newwestcity.escribemeetings.com/FileStream.ashx?DocumentId=20212,https://pub-newwestcity.escribemeetings.com/Players/ISIStandAlonePlayer.aspx?Id=5e3f4534-2fc6-4109-ad77-8447c230e937,https://councilrecord.ca/newwest.html#vote/256euj,"THAT a covenant be registered on title to secure 20% of rental floor space as below-market rental at HILS Rates, secured through a housing agreement for 60 years or the life of the building, whichever is longer, with no impact to the density bonus amount and the units to be owned by the Applicant and managed by a third party non-profit manager."
2024-10-21,Council Meeting,,Rezoning: 88 Tenth Street (Columbia Square) – Zoning,Postponement,Carried,7,0,0,,,In favour,In favour,In favour,In favour,In favour,In favour,In favour,Development; Transportation; Business & economy,2 of 2,,,https://pub-newwestcity.escribemeetings.com/FileStream.ashx?DocumentId=20212,https://pub-newwestcity.escribemeetings.com/Players/ISIStandAlonePlayer.aspx?Id=5e3f4534-2fc6-4109-ad77-8447c230e937,https://councilrecord.ca/newwest.html#vote/1rtamce,"THAT consideration of the main motion, as amended, be postponed until a Special Council meeting to be held on October 28, 2024 at 3:30 p.m. in the Council Chamber."
2024-10-21,Council Meeting,,Rezoning and Development Permit: 140 Sixth Street –,Main motion,Carried,7,0,0,,,In favour,In favour,In favour,In favour,In favour,In favour,In favour,Housing & density; Development; Transportation,,,,https://pub-newwestcity.escribemeetings.com/FileStream.ashx?DocumentId=20212,,https://councilrecord.ca/newwest.html#vote/988h63,"THAT Council direct staff to work with the applicant to advance a development proposal for 140 Sixth Street, which may consider towers between 30 to 40 storeys in height."
2024-10-21,Council Meeting,,That Staff Be Directed To Explore With The Applicant Opportunities For,Other,Carried,7,0,0,,,In favour,In favour,In favour,In favour,In favour,In favour,In favour,Other,1 of 3,The minutes do not give separate motion text at this point; see the linked minutes.,,https://pub-newwestcity.escribemeetings.com/FileStream.ashx?DocumentId=20212,https://pub-newwestcity.escribemeetings.com/Players/ISIStandAlonePlayer.aspx?Id=5e3f4534-2fc6-4109-ad77-8447c230e937,https://councilrecord.ca/newwest.html#vote/1mjwg5d,
2024-10-21,Council Meeting,,That Staff Be Directed To Explore With The Applicant Opportunities For,Amendment,Carried,7,0,0,,,In favour,In favour,In favour,In favour,In favour,In favour,In favour,Other,2 of 3,,,https://pub-newwestcity.escribemeetings.com/FileStream.ashx?DocumentId=20212,https://pub-newwestcity.escribemeetings.com/Players/ISIStandAlonePlayer.aspx?Id=5e3f4534-2fc6-4109-ad77-8447c230e937,https://councilrecord.ca/newwest.html#vote/cp8894,THAT the motion be amended by deleting “3:30 p.m.” and replacing it with “12:00 p.m.”
2024-10-21,Council Meeting,,That Staff Be Directed To Explore With The Applicant Opportunities For,Postponement,Carried,7,0,0,,,In favour,In favour,In favour,In favour,In favour,In favour,In favour,Other,3 of 3,,,https://pub-newwestcity.escribemeetings.com/FileStream.ashx?DocumentId=20212,https://pub-newwestcity.escribemeetings.com/Players/ISIStandAlonePlayer.aspx?Id=5e3f4534-2fc6-4109-ad77-8447c230e937,https://councilrecord.ca/newwest.html#vote/7swn5c,"THAT consideration of the main motion, as amended, be postponed until a Special Council meeting to be held on October 28, 2024 at 12:00 p.m. in the Council Chamber."
2024-10-21,Council Meeting,,That Council Waive The Application Fee For The Temporary Use Permit,Other,Carried,5,1,1,,,In favour,In favour,Against,In favour,In favour,Absent,In favour,Development; Taxes & spending,,The minutes do not give separate motion text at this point; see the linked minutes.,,https://pub-newwestcity.escribemeetings.com/FileStream.ashx?DocumentId=20212,https://pub-newwestcity.escribemeetings.com/Players/ISIStandAlonePlayer.aspx?Id=5e3f4534-2fc6-4109-ad77-8447c230e937,https://councilrecord.ca/newwest.html#vote/1h7g7k2,
2024-10-21,Council Meeting,,"Business Licence Bylaw No. 8473, 2024",Main motion,Carried,7,0,0,,,In favour,In favour,In favour,In favour,In favour,In favour,In favour,Development; Business & economy,,,,https://pub-newwestcity.escribemeetings.com/FileStream.ashx?DocumentId=20212,https://pub-newwestcity.escribemeetings.com/Players/ISIStandAlonePlayer.aspx?Id=5e3f4534-2fc6-4109-ad77-8447c230e937,https://councilrecord.ca/newwest.html#vote/o06veo,"THAT Business Licence Bylaw No. 8473, 2024 be given first, second and third readings."
2024-10-21,Council Meeting,,Staff incorporate into the City’s 2025 Operating Budget a temporary one-year eliminat…,Main motion,Defeated,3,4,0,,,Against,Against,In favour,Against,In favour,In favour,Against,Taxes & spending; Environment & climate; Public services,,,,https://pub-newwestcity.escribemeetings.com/FileStream.ashx?DocumentId=20212,https://pub-newwestcity.escribemeetings.com/Players/ISIStandAlonePlayer.aspx?Id=5e3f4534-2fc6-4109-ad77-8447c230e937,https://councilrecord.ca/newwest.html#vote/b93jwv,THAT staff incorporate into the City’s 2025 Operating Budget a temporary one-year elimination of the 3.5% Climate Action Levy imposed by the New Westminster Electrical Utility.
2024-10-21,Council Meeting,,Staff be directed as part of the Budget 2025 process to develop at least one budget s…,Main motion,Carried,7,0,0,,,In favour,In favour,In favour,In favour,In favour,In favour,In favour,Taxes & spending,,,,https://pub-newwestcity.escribemeetings.com/FileStream.ashx?DocumentId=20212,https://pub-newwestcity.escribemeetings.com/Players/ISIStandAlonePlayer.aspx?Id=5e3f4534-2fc6-4109-ad77-8447c230e937,https://councilrecord.ca/newwest.html#vote/vg51xu,THAT staff be directed as part of the Budget 2025 process to develop at least one budget scenario for Council's consideration that incorporates a property tax increase of no more than 4.5%.
2024-10-28,Special Council Meeting,,"That A Covenant Be Registered On Title, To Secure 20% Of Rental Floor",Amendment,Carried,7,0,0,,,In favour,In favour,In favour,In favour,In favour,In favour,In favour,Housing & density,1 of 3,,,https://pub-newwestcity.escribemeetings.com/FileStream.ashx?DocumentId=20107,https://pub-newwestcity.escribemeetings.com/Players/ISIStandAlonePlayer.aspx?Id=95153571-c43d-4537-8ff7-47ac5a0900fa,https://councilrecord.ca/newwest.html#vote/zo2ffu,"THAT Council receive the additional information provided by the applicant and staff in response to the Council comments raised at the October 21, 2024 Council meeting as noted in this report."
2024-10-28,Special Council Meeting,,"That A Covenant Be Registered On Title, To Secure 20% Of Rental Floor",Amendment,Carried,7,0,0,,,In favour,In favour,In favour,In favour,In favour,In favour,In favour,Housing & density,2 of 3,,,https://pub-newwestcity.escribemeetings.com/FileStream.ashx?DocumentId=20107,https://pub-newwestcity.escribemeetings.com/Players/ISIStandAlonePlayer.aspx?Id=95153571-c43d-4537-8ff7-47ac5a0900fa,https://councilrecord.ca/newwest.html#vote/1e5c8jx,THAT Part 3 of the main motion be amended by deleting “Land Acquisition” and replacing it with “Affordable Housing.”
2024-10-28,Special Council Meeting,,"That A Covenant Be Registered On Title, To Secure 20% Of Rental Floor",Amendment,Carried,7,0,0,,,In favour,In favour,In favour,In favour,In favour,In favour,In favour,Housing & density,3 of 3,,,https://pub-newwestcity.escribemeetings.com/FileStream.ashx?DocumentId=20107,https://pub-newwestcity.escribemeetings.com/Players/ISIStandAlonePlayer.aspx?Id=95153571-c43d-4537-8ff7-47ac5a0900fa,https://councilrecord.ca/newwest.html#vote/1id74g7,THAT Council direct staff to actively work with the A pplicant and School District No. 40 to secure a site for a new school.
2024-10-28,Special Council Meeting,,That Council Direct Staff To Actively Work With The Applicant And School,Main motion,Carried,5,2,0,,,In favour,In favour,Against,In favour,In favour,Against,In favour,Development; Business & economy,,Vote on the main motion after an amendment or referral was dealt with.,,https://pub-newwestcity.escribemeetings.com/FileStream.ashx?DocumentId=20107,https://pub-newwestcity.escribemeetings.com/Players/ISIStandAlonePlayer.aspx?Id=95153571-c43d-4537-8ff7-47ac5a0900fa,https://councilrecord.ca/newwest.html#vote/ya70qu,"The question on the main motion, as amended, which now reads: “ 1. THAT Council consider Zoning Amendment Bylaw (Columbia Square) Bylaw No. 8485, 2024 for Three Readings; 2. THAT Council endorse the Columbia Square Policy Statement as a basis for developing a Master Plan for 88 Tenth Street, to be completed prior to Council’s consideration of adoption of the Zoning Amendment Bylaw; 3. THAT a minimum of 80% of density bonus funds obtained from Zoning Amendment Bylaw (Columbia Square) Bylaw No. 8485, 2024 be directed to the City’s Affordable Housing Reserve earmarked for affordable housing; 4. THAT a covenant be registered on title, to secure 20% of rental floor space as below-market rental at HILS Rates, secured through a housing agreement for 60 years or the life of the building whichever is longer with no impact to the density bonus amount and units to be owned by the applicant and managed by a third party non-profit manager; 5. THAT Council receive the additional information provided by the applicant and staff in response to the Council comments raised at the October 21, 2024 Council meeting as noted in this report; and 6. THAT Council direct staff to actively work with the Applicant and School District No. 40 to secure a site for a new school."
2024-10-28,Special Council Meeting,,"Zoning Bylaw 6680, 2001, Amendment Bylaw (88 Tenth Street –",Main motion,Carried,5,2,0,,,In favour,In favour,Against,In favour,In favour,Against,In favour,Development; Transportation; Business & economy,,,,https://pub-newwestcity.escribemeetings.com/FileStream.ashx?DocumentId=20107,https://pub-newwestcity.escribemeetings.com/Players/ISIStandAlonePlayer.aspx?Id=95153571-c43d-4537-8ff7-47ac5a0900fa,https://councilrecord.ca/newwest.html#vote/v3xn8w,"THAT Zoning Bylaw 6680, 2001, Amendment Bylaw (88 Tenth Street - Columbia Square) No. 8485, 2024 be given first, second and third readings."
2024-11-04,Council Meeting,,"Inter - Municipal Business Licence Agreement Bylaw No. 8487, 2024",Main motion,Carried,7,0,0,,,In favour,In favour,In favour,In favour,In favour,In favour,In favour,Development; Business & economy,1 of 2,,,https://pub-newwestcity.escribemeetings.com/FileStream.ashx?DocumentId=20110,https://pub-newwestcity.escribemeetings.com/Players/ISIStandAlonePlayer.aspx?Id=ce7081d9-a693-44bc-b892-363449fd7fe4,https://councilrecord.ca/newwest.html#vote/1anhu8r,"THAT Inter-Municipal Business Licence Agreement Bylaw No. 8487, 2024 be adopted."
2024-11-04,Council Meeting,,"Inter - Municipal Business Licence Agreement Bylaw No. 8487, 2024",Main motion,Carried,7,0,0,,,In favour,In favour,In favour,In favour,In favour,In favour,In favour,Development; Business & economy,2 of 2,,,https://pub-newwestcity.escribemeetings.com/FileStream.ashx?DocumentId=20110,https://pub-newwestcity.escribemeetings.com/Players/ISIStandAlonePlayer.aspx?Id=ce7081d9-a693-44bc-b892-363449fd7fe4,https://councilrecord.ca/newwest.html#vote/oitb6j,"THAT Inter-Municipal Business Licence Scheme Bylaw No. 8475, 2024 be adopted."
2024-11-04,Council Meeting,,"Business Licence Bylaw No. 8473, 2024",Main motion,Carried,6,0,1,,,In favour,In favour,In favour,In favour,In favour,Absent,In favour,Development; Business & economy,,,,https://pub-newwestcity.escribemeetings.com/FileStream.ashx?DocumentId=20110,https://pub-newwestcity.escribemeetings.com/Players/ISIStandAlonePlayer.aspx?Id=ce7081d9-a693-44bc-b892-363449fd7fe4,https://councilrecord.ca/newwest.html#vote/vffqlx,"THAT Business Licence Bylaw No. 8473, 2024 be adopted."
2024-11-04,Council Meeting,,"Temporary Use Permit No. TUP00033 for 28, 32, 34 Sixth Street and",Main motion,Carried,6,0,1,,,In favour,In favour,In favour,In favour,In favour,Absent,In favour,Development; Transportation,,Vote on the main motion after an amendment or referral was dealt with.,,https://pub-newwestcity.escribemeetings.com/FileStream.ashx?DocumentId=20110,https://pub-newwestcity.escribemeetings.com/Players/ISIStandAlonePlayer.aspx?Id=ce7081d9-a693-44bc-b892-363449fd7fe4,https://councilrecord.ca/newwest.html#vote/1ddxx74,The question on the motion
2024-11-04,Council Meeting,,That Councillor Jaimie Mcevoy Be Appointed As Alternate Director To,Other,Carried,5,2,0,,,In favour,In favour,Against,In favour,In favour,Against,In favour,Governance & elections,,The minutes do not give separate motion text at this point; see the linked minutes.,,https://pub-newwestcity.escribemeetings.com/FileStream.ashx?DocumentId=20110,https://pub-newwestcity.escribemeetings.com/Players/ISIStandAlonePlayer.aspx?Id=ce7081d9-a693-44bc-b892-363449fd7fe4,https://councilrecord.ca/newwest.html#vote/139skos,
2024-11-04,Council Meeting,,"That The Recommendations For Items 6.1, 6.3, 6.4, 6.5, 6.6 And 6.7 Be",Other,Carried,7,0,0,,,In favour,In favour,In favour,In favour,In favour,In favour,In favour,Other,,The minutes do not give separate motion text at this point; see the linked minutes.,,https://pub-newwestcity.escribemeetings.com/FileStream.ashx?DocumentId=20110,https://pub-newwestcity.escribemeetings.com/Players/ISIStandAlonePlayer.aspx?Id=ce7081d9-a693-44bc-b892-363449fd7fe4,https://councilrecord.ca/newwest.html#vote/x0yym3,
2024-11-04,Council Meeting,,Amendments – Massey Theatre Working Group Terms of Reference,Main motion,Carried,7,0,0,,,In favour,In favour,In favour,In favour,In favour,In favour,In favour,Parks & recreation; Governance & elections,,,,https://pub-newwestcity.escribemeetings.com/FileStream.ashx?DocumentId=20110,,https://councilrecord.ca/newwest.html#vote/1tg8upi,"THAT the Massey Theatre Working Group Terms of Reference be amended as detailed in Attachment 1 of the staff report titled “Amendments – Massey Theatre Working Group Terms of Reference” from the Acting Director, Community Services, dated November 4, 2024."
2024-11-04,Council Meeting,,That Council Approve The Chief Administrative Officer And The Director,Other,Carried,7,0,0,,,In favour,In favour,In favour,In favour,In favour,In favour,In favour,Governance & elections,,The minutes do not give separate motion text at this point; see the linked minutes.,,https://pub-newwestcity.escribemeetings.com/FileStream.ashx?DocumentId=20110,https://pub-newwestcity.escribemeetings.com/Players/ISIStandAlonePlayer.aspx?Id=ce7081d9-a693-44bc-b892-363449fd7fe4,https://councilrecord.ca/newwest.html#vote/2lpfbx,
2024-11-04,Council Meeting,,Zoning Amendment Bylaw: Electric Vehicle Ready Requirements,Main motion,Carried,7,0,0,,,In favour,In favour,In favour,In favour,In favour,In favour,In favour,Housing & density; Development,,,,https://pub-newwestcity.escribemeetings.com/FileStream.ashx?DocumentId=20110,,https://councilrecord.ca/newwest.html#vote/ixnl5n,"THAT Council consider Zoning Bylaw No. 6680, 2001, Amendment Bylaw (Electric Vehicle Ready Requirements for New, Non-Residential Buildings) No. 8494, 2024 for First, Second and Third Readings."
2024-11-04,Council Meeting,,"Zoning Bylaw No. 6680, 2001, Amendment Bylaw (Family Friendly",Main motion,Carried,7,0,0,,,In favour,In favour,In favour,In favour,In favour,In favour,In favour,Housing & density; Development,,,,https://pub-newwestcity.escribemeetings.com/FileStream.ashx?DocumentId=20110,https://pub-newwestcity.escribemeetings.com/Players/ISIStandAlonePlayer.aspx?Id=ce7081d9-a693-44bc-b892-363449fd7fe4,https://councilrecord.ca/newwest.html#vote/q6snuu,"THAT Zoning Bylaw No. 6680, 2001, Amendment Bylaw (Family Friendly Housing Policy) No. 8486, 2024 be given first, second and third reading."
2024-11-04,Council Meeting,,"Zoning Bylaw No. 6680, 2001, Amendment Bylaw (Electric Vehicle",Main motion,Carried,7,0,0,,,In favour,In favour,In favour,In favour,In favour,In favour,In favour,Housing & density; Development,,,,https://pub-newwestcity.escribemeetings.com/FileStream.ashx?DocumentId=20110,https://pub-newwestcity.escribemeetings.com/Players/ISIStandAlonePlayer.aspx?Id=ce7081d9-a693-44bc-b892-363449fd7fe4,https://councilrecord.ca/newwest.html#vote/zthjdk,"THAT Zoning Bylaw No. 6680, 2001, Amendment Bylaw (Electric Vehicle Ready Requirements for New, Non-Residential Buildings) No. 8494, 2024 be given first, second and third reading."
2024-11-04,Council Meeting,,Be It Further Resolved That The City Promote Placement Of,Other,Carried,7,0,0,,,In favour,In favour,In favour,In favour,In favour,In favour,In favour,Other,,The minutes do not give separate motion text at this point; see the linked minutes.,,https://pub-newwestcity.escribemeetings.com/FileStream.ashx?DocumentId=20110,https://pub-newwestcity.escribemeetings.com/Players/ISIStandAlonePlayer.aspx?Id=ce7081d9-a693-44bc-b892-363449fd7fe4,https://councilrecord.ca/newwest.html#vote/2gneoo,
2024-11-04,Council Meeting,,Be It Further Resolved That Staff Be Directed To Report Back On,Referral,Carried,7,0,0,,,In favour,In favour,In favour,In favour,In favour,In favour,In favour,Environment & climate; Public services,,,,https://pub-newwestcity.escribemeetings.com/FileStream.ashx?DocumentId=20110,https://pub-newwestcity.escribemeetings.com/Players/ISIStandAlonePlayer.aspx?Id=ce7081d9-a693-44bc-b892-363449fd7fe4,https://councilrecord.ca/newwest.html#vote/wd5z3q,THAT the motion titled “Providing Equity in the Delivery of Energy Saving Programs for New West Electrical Customers” be referred to the New Westminster Utility Commission.
2024-11-04,Special Council Meeting,,That The Following Be Added As Part 3 To The Main Motion:,Other,Carried,5,0,2,,,Absent,In favour,In favour,In favour,Absent,In favour,In favour,Other,1 of 4,The minutes do not give separate motion text at this point; see the linked minutes.,,https://pub-newwestcity.escribemeetings.com/FileStream.ashx?DocumentId=20109,https://pub-newwestcity.escribemeetings.com/Players/ISIStandAlonePlayer.aspx?Id=9bb826b4-eb91-4225-b833-ba8a80303d80,https://councilrecord.ca/newwest.html#vote/k2k5zj,
2024-11-04,Special Council Meeting,,That The Following Be Added As Part 3 To The Main Motion:,Amendment,Defeated,2,3,2,,,Absent,Against,In favour,Against,Absent,In favour,Against,Other,2 of 4,,,https://pub-newwestcity.escribemeetings.com/FileStream.ashx?DocumentId=20109,https://pub-newwestcity.escribemeetings.com/Players/ISIStandAlonePlayer.aspx?Id=9bb826b4-eb91-4225-b833-ba8a80303d80,https://councilrecord.ca/newwest.html#vote/2r4li2,The question on the amendment
2024-11-04,Special Council Meeting,,That The Following Be Added As Part 3 To The Main Motion:,Amendment,Carried,5,0,2,,,Absent,In favour,In favour,In favour,Absent,In favour,In favour,Other,3 of 4,,,https://pub-newwestcity.escribemeetings.com/FileStream.ashx?DocumentId=20109,https://pub-newwestcity.escribemeetings.com/Players/ISIStandAlonePlayer.aspx?Id=9bb826b4-eb91-4225-b833-ba8a80303d80,https://councilrecord.ca/newwest.html#vote/1qb3mub,THAT the main motion be amended by inserting the word “individualized” immediately before the word “training.”
2024-11-04,Special Council Meeting,,That The Following Be Added As Part 3 To The Main Motion:,Main motion,Carried,3,2,2,,,Absent,In favour,Against,In favour,Absent,Against,In favour,Development; Governance & elections,4 of 4,Vote on the main motion after an amendment or referral was dealt with.,,https://pub-newwestcity.escribemeetings.com/FileStream.ashx?DocumentId=20109,https://pub-newwestcity.escribemeetings.com/Players/ISIStandAlonePlayer.aspx?Id=9bb826b4-eb91-4225-b833-ba8a80303d80,https://councilrecord.ca/newwest.html#vote/qxouvk,"1. THAT the Ethics Commissioner’s Investigation Report dated September 23, 2024 be accepted; and 2. THAT, having considered the factors set out in section 76 of the Council Code of Conduct Bylaw No. 8408, 2023, the respondent receive individualized training or coaching in the relevant provisions of the Community Charter, SBC 2003, c 26 as per the Ethics Commissioner’s recommendation at paragraph 131 of the Investigation Report dated September 23, 2024."
2024-11-18,Council Meeting,,Temporary Use Permit No. TUP00032 for 502 Columbia Street,Main motion,Defeated,2,5,0,,,Against,Against,In favour,Against,Against,In favour,Against,Development; Transportation; Business & economy,1 of 2,Vote on the main motion after an amendment or referral was dealt with.,,https://pub-newwestcity.escribemeetings.com/FileStream.ashx?DocumentId=20633,https://pub-newwestcity.escribemeetings.com/Players/ISIStandAlonePlayer.aspx?Id=38645e4a-9d5c-4d66-a54d-b6bbdd1b75a1,https://councilrecord.ca/newwest.html#vote/rbpuy0,The question on the motion
2024-11-18,Council Meeting,,Temporary Use Permit No. TUP00032 for 502 Columbia Street,Amendment,Carried,7,0,0,,,In favour,In favour,In favour,In favour,In favour,In favour,In favour,Development; Transportation; Neighbourhood character; Business & economy,2 of 2,,,https://pub-newwestcity.escribemeetings.com/FileStream.ashx?DocumentId=20633,https://pub-newwestcity.escribemeetings.com/Players/ISIStandAlonePlayer.aspx?Id=38645e4a-9d5c-4d66-a54d-b6bbdd1b75a1,https://councilrecord.ca/newwest.html#vote/1opdqt8,THAT the following be added as Part 2 to the main motion “THAT the operator be required to sign a Good Neighbour Agreement within 90 days of issuance of TUP00032.”
2024-11-18,Council Meeting,,That The Operator Be Required To Sign A Good Neighbour Agreement,Main motion,Carried,5,2,0,,,In favour,In favour,Against,In favour,In favour,Against,In favour,Neighbourhood character,,Vote on the main motion after an amendment or referral was dealt with.,,https://pub-newwestcity.escribemeetings.com/FileStream.ashx?DocumentId=20633,https://pub-newwestcity.escribemeetings.com/Players/ISIStandAlonePlayer.aspx?Id=38645e4a-9d5c-4d66-a54d-b6bbdd1b75a1,https://councilrecord.ca/newwest.html#vote/hsf5dk,1. THAT Council approve issuance of TUP00032. 2. THAT the operator be required to sign a Good Neighbour Agreement within 90 days of issuance of TUP00032.
2024-11-18,Council Meeting,,"That The Recommendations For Items 4.1, 4.2 And 4.5 Be Adopted By",Other,Carried,7,0,0,,,In favour,In favour,In favour,In favour,In favour,In favour,In favour,Other,,The minutes do not give separate motion text at this point; see the linked minutes.,,https://pub-newwestcity.escribemeetings.com/FileStream.ashx?DocumentId=20633,https://pub-newwestcity.escribemeetings.com/Players/ISIStandAlonePlayer.aspx?Id=38645e4a-9d5c-4d66-a54d-b6bbdd1b75a1,https://councilrecord.ca/newwest.html#vote/pw7mx7,
2024-11-18,Council Meeting,,Local Government Climate Action Program 2023 Reporting Year,Main motion,Carried,7,0,0,,,In favour,In favour,In favour,In favour,In favour,In favour,In favour,Taxes & spending; Environment & climate,,,,https://pub-newwestcity.escribemeetings.com/FileStream.ashx?DocumentId=20633,,https://councilrecord.ca/newwest.html#vote/cxl3a0,THAT staff be directed to allocate funds received through the Local Government Climate Action Program (LGCAP) as part of the 2025 budgeting process in accordance with requirements of the LGCAP.
2024-11-18,Council Meeting,,That Staff Seek Internal Efficiencies To Fund This Initiative In Order To,Main motion,Carried,4,3,0,,,Against,Against,In favour,In favour,Against,In favour,In favour,Other,1 of 2,Vote on the main motion after an amendment or referral was dealt with.,,https://pub-newwestcity.escribemeetings.com/FileStream.ashx?DocumentId=20633,https://pub-newwestcity.escribemeetings.com/Players/ISIStandAlonePlayer.aspx?Id=38645e4a-9d5c-4d66-a54d-b6bbdd1b75a1,https://councilrecord.ca/newwest.html#vote/1momb0e,The question on Part 2 of the motion
2024-11-18,Council Meeting,,That Staff Seek Internal Efficiencies To Fund This Initiative In Order To,Main motion,Carried,7,0,0,,,In favour,In favour,In favour,In favour,In favour,In favour,In favour,Other,2 of 2,Vote on the main motion after an amendment or referral was dealt with.,,https://pub-newwestcity.escribemeetings.com/FileStream.ashx?DocumentId=20633,https://pub-newwestcity.escribemeetings.com/Players/ISIStandAlonePlayer.aspx?Id=38645e4a-9d5c-4d66-a54d-b6bbdd1b75a1,https://councilrecord.ca/newwest.html#vote/84d5ha,The question on Part 1 of the motion
2024-11-18,Council Meeting,,"Zoning Bylaw No. 6680, 2001, Amendment Bylaw (Family Friendly",Main motion,Carried,7,0,0,,,In favour,In favour,In favour,In favour,In favour,In favour,In favour,Housing & density; Development,,,,https://pub-newwestcity.escribemeetings.com/FileStream.ashx?DocumentId=20633,https://pub-newwestcity.escribemeetings.com/Players/ISIStandAlonePlayer.aspx?Id=38645e4a-9d5c-4d66-a54d-b6bbdd1b75a1,https://councilrecord.ca/newwest.html#vote/1annm9l,"THAT Zoning Bylaw No. 6680, 2001, Amendment Bylaw (Family Friendly Housing Policy) No. 8486, 2024 be adopted."
2024-11-18,Council Meeting,,"Zoning Bylaw No. 6680, 2001, Amendment Bylaw (Electric Vehicle",Main motion,Carried,7,0,0,,,In favour,In favour,In favour,In favour,In favour,In favour,In favour,Housing & density; Development,,,,https://pub-newwestcity.escribemeetings.com/FileStream.ashx?DocumentId=20633,https://pub-newwestcity.escribemeetings.com/Players/ISIStandAlonePlayer.aspx?Id=38645e4a-9d5c-4d66-a54d-b6bbdd1b75a1,https://councilrecord.ca/newwest.html#vote/18lijt0,"THAT Zoning Bylaw No. 6680, 2001, Amendment Bylaw (Electric Vehicle Ready Requirements for New, Non-Residential Buildings) No. 8494, 2024 be adopted."
2024-11-18,Council Meeting,,Proposed 2025 Schedule of Council Meetings and Proposed,Amendment,Carried,7,0,0,,,In favour,In favour,In favour,In favour,In favour,In favour,In favour,Taxes & spending; Governance & elections,1 of 4,,,https://pub-newwestcity.escribemeetings.com/FileStream.ashx?DocumentId=20633,https://pub-newwestcity.escribemeetings.com/Players/ISIStandAlonePlayer.aspx?Id=38645e4a-9d5c-4d66-a54d-b6bbdd1b75a1,https://councilrecord.ca/newwest.html#vote/1c7fys,THAT the following be added after “Centre.” “and that staff report back regarding the costs and logistical needs to holding additional Regular Council meetings in Queensborough.”
2024-11-18,Council Meeting,,Proposed 2025 Schedule of Council Meetings and Proposed,Main motion,Carried,7,0,0,,,In favour,In favour,In favour,In favour,In favour,In favour,In favour,Governance & elections,2 of 4,Vote on the main motion after an amendment or referral was dealt with.,,https://pub-newwestcity.escribemeetings.com/FileStream.ashx?DocumentId=20633,https://pub-newwestcity.escribemeetings.com/Players/ISIStandAlonePlayer.aspx?Id=38645e4a-9d5c-4d66-a54d-b6bbdd1b75a1,https://councilrecord.ca/newwest.html#vote/9pvl1z,"The question on the motion, as amended"
2024-11-18,Council Meeting,,Proposed 2025 Schedule of Council Meetings and Proposed,Main motion,Carried,7,0,0,,,In favour,In favour,In favour,In favour,In favour,In favour,In favour,Governance & elections,3 of 4,,,https://pub-newwestcity.escribemeetings.com/FileStream.ashx?DocumentId=20633,https://pub-newwestcity.escribemeetings.com/Players/ISIStandAlonePlayer.aspx?Id=38645e4a-9d5c-4d66-a54d-b6bbdd1b75a1,https://councilrecord.ca/newwest.html#vote/kra7ol,"THAT the proposed protocol for delegations, as detailed in the staff report titled “Proposed 2025 Schedule of Council Meetings and Proposed Updates to Delegation Protocol and Notice of Motion Process Policy”, dated November 18, 2024 from the Corporate Officer, be approved."
2024-11-18,Council Meeting,,Proposed 2025 Schedule of Council Meetings and Proposed,Main motion,Carried,7,0,0,,,In favour,In favour,In favour,In favour,In favour,In favour,In favour,Development; Governance & elections,4 of 4,,,https://pub-newwestcity.escribemeetings.com/FileStream.ashx?DocumentId=20633,https://pub-newwestcity.escribemeetings.com/Players/ISIStandAlonePlayer.aspx?Id=38645e4a-9d5c-4d66-a54d-b6bbdd1b75a1,https://councilrecord.ca/newwest.html#vote/ymyb7o,"THAT Council Procedure Bylaw No. 6910, 2004, Amendment Bylaw No. 8493, 2024 be considered for first, second, and third readings."
2024-11-18,Council Meeting,,"That The Proposed Notice Of Motion Process Policy, As Revised, Be",Main motion,Carried,6,1,0,,,In favour,Against,In favour,In favour,In favour,In favour,In favour,Governance & elections,,Vote on the main motion after an amendment or referral was dealt with.,,https://pub-newwestcity.escribemeetings.com/FileStream.ashx?DocumentId=20633,https://pub-newwestcity.escribemeetings.com/Players/ISIStandAlonePlayer.aspx?Id=38645e4a-9d5c-4d66-a54d-b6bbdd1b75a1,https://councilrecord.ca/newwest.html#vote/27cmup,"The question on the motion, as amended"
2024-11-18,Council Meeting,,"Council Procedure Bylaw No. 6910, 2004, Amendment Bylaw No.",Main motion,Carried,7,0,0,,,In favour,In favour,In favour,In favour,In favour,In favour,In favour,Development; Governance & elections,,,,https://pub-newwestcity.escribemeetings.com/FileStream.ashx?DocumentId=20633,https://pub-newwestcity.escribemeetings.com/Players/ISIStandAlonePlayer.aspx?Id=38645e4a-9d5c-4d66-a54d-b6bbdd1b75a1,https://councilrecord.ca/newwest.html#vote/vncnyf,"THAT Council Procedure Bylaw No. 6910, 2004, Amendment Bylaw No. 8493, 2024 be given first, second and third readings."
2024-12-02,Council Meeting,,"That The Recommendations For Items 3.1, 3.4 And 3.5 Be Adopted By",Other,Carried,6,0,1,,,In favour,In favour,In favour,In favour,In favour,In favour,Absent,Other,1 of 2,The minutes do not give separate motion text at this point; see the linked minutes.,,https://pub-newwestcity.escribemeetings.com/FileStream.ashx?DocumentId=21099,https://pub-newwestcity.escribemeetings.com/Players/ISIStandAlonePlayer.aspx?Id=eb9135f3-b943-4caa-b4f6-1ba0ee682a4e,https://councilrecord.ca/newwest.html#vote/f4jkmp,
2024-12-02,Council Meeting,,"That The Recommendations For Items 3.1, 3.4 And 3.5 Be Adopted By",Main motion,Carried,6,0,1,,,In favour,In favour,In favour,In favour,In favour,In favour,Absent,Development; Taxes & spending; Neighbourhood character; Business & economy,2 of 2,,,https://pub-newwestcity.escribemeetings.com/FileStream.ashx?DocumentId=21099,,https://councilrecord.ca/newwest.html#vote/kssss1,"THAT Revenue Anticipation Borrowing Amendment Bylaw No. 8480, 2024 be considered for first, second and third readings."
2024-12-02,Council Meeting,,Age - Friendly Community Strategy Update Work Plan,Main motion,Carried,6,0,1,,,In favour,In favour,In favour,In favour,In favour,In favour,Absent,Other,,,,https://pub-newwestcity.escribemeetings.com/FileStream.ashx?DocumentId=21099,https://pub-newwestcity.escribemeetings.com/Players/ISIStandAlonePlayer.aspx?Id=eb9135f3-b943-4caa-b4f6-1ba0ee682a4e,https://councilrecord.ca/newwest.html#vote/kghkr9,"THAT staff be directed to proceed with the proposed work plan to update the City’s Age-Friendly Community Strategy, as outlined in Table 1 of this report."
2024-12-02,Council Meeting,,"That Electrical Utility Bylaw No. 6502, 1998, Amendment Bylaw No.",Other,Carried,4,2,1,,,In favour,In favour,Against,In favour,In favour,Against,Absent,Development; Public services,,The minutes do not give separate motion text at this point; see the linked minutes.,,https://pub-newwestcity.escribemeetings.com/FileStream.ashx?DocumentId=21099,https://pub-newwestcity.escribemeetings.com/Players/ISIStandAlonePlayer.aspx?Id=eb9135f3-b943-4caa-b4f6-1ba0ee682a4e,https://councilrecord.ca/newwest.html#vote/1n0a0d9,
2024-12-02,Council Meeting,,"Official Community Plan Bylaw No. 7925, 2017, Amendment Bylaw",Main motion,Carried,6,0,1,,,In favour,In favour,In favour,In favour,In favour,In favour,Absent,Housing & density; Development; Transportation,1 of 5,,,https://pub-newwestcity.escribemeetings.com/FileStream.ashx?DocumentId=21099,https://pub-newwestcity.escribemeetings.com/Players/ISIStandAlonePlayer.aspx?Id=eb9135f3-b943-4caa-b4f6-1ba0ee682a4e,https://councilrecord.ca/newwest.html#vote/8t5owp,"THAT Official Community Plan Bylaw No. 7925, 2017, Amendment Bylaw (1135 Salter Street) No. 8454, 2024 be given first and second readings."
2024-12-02,Council Meeting,,"Official Community Plan Bylaw No. 7925, 2017, Amendment Bylaw",Main motion,Carried,6,0,1,,,In favour,In favour,In favour,In favour,In favour,In favour,Absent,Housing & density; Development; Transportation,2 of 5,,,https://pub-newwestcity.escribemeetings.com/FileStream.ashx?DocumentId=21099,https://pub-newwestcity.escribemeetings.com/Players/ISIStandAlonePlayer.aspx?Id=eb9135f3-b943-4caa-b4f6-1ba0ee682a4e,https://councilrecord.ca/newwest.html#vote/xbovip,"THAT Zoning Bylaw No. 6680, 2001, Amendment Bylaw (1135 Salter Street) 2618118 Minutes No. 8455, 2024 be given first and second readings."
2024-12-02,Council Meeting,,"Official Community Plan Bylaw No. 7925, 2017, Amendment Bylaw",Main motion,Carried,4,2,1,,,In favour,In favour,Against,In favour,In favour,Against,Absent,Housing & density; Development; Public services,3 of 5,,,https://pub-newwestcity.escribemeetings.com/FileStream.ashx?DocumentId=21099,https://pub-newwestcity.escribemeetings.com/Players/ISIStandAlonePlayer.aspx?Id=eb9135f3-b943-4caa-b4f6-1ba0ee682a4e,https://councilrecord.ca/newwest.html#vote/9wvkdt,"THAT Electrical Utility Bylaw No. 6502, 1998, Amendment Bylaw No. 8497, 2024 be given first, second and third readings."
2024-12-02,Council Meeting,,"Official Community Plan Bylaw No. 7925, 2017, Amendment Bylaw",Main motion,Carried,4,2,1,,,In favour,In favour,Against,In favour,In favour,Against,Absent,Housing & density; Development; Taxes & spending,4 of 5,,,https://pub-newwestcity.escribemeetings.com/FileStream.ashx?DocumentId=21099,https://pub-newwestcity.escribemeetings.com/Players/ISIStandAlonePlayer.aspx?Id=eb9135f3-b943-4caa-b4f6-1ba0ee682a4e,https://councilrecord.ca/newwest.html#vote/1cwld9y,"THAT Engineering User Fees and Rates Bylaw No. 7553, 2013, Amendment Bylaw No. 8496, 2024 be given first, second and third readings."
2024-12-02,Council Meeting,,"Official Community Plan Bylaw No. 7925, 2017, Amendment Bylaw",Main motion,Carried,6,0,1,,,In favour,In favour,In favour,In favour,In favour,In favour,Absent,Housing & density; Development; Taxes & spending; Neighbourhood character; Business & economy,5 of 5,,,https://pub-newwestcity.escribemeetings.com/FileStream.ashx?DocumentId=21099,https://pub-newwestcity.escribemeetings.com/Players/ISIStandAlonePlayer.aspx?Id=eb9135f3-b943-4caa-b4f6-1ba0ee682a4e,https://councilrecord.ca/newwest.html#vote/p0evrl,"THAT Revenue Anticipation Borrowing Amendment Bylaw No. 8480, 2024 be given first, second and third readings."
2024-12-02,Council Meeting,,"Council Procedure Bylaw No. 6910, 2004, Amendment Bylaw No.",Main motion,Carried,6,0,1,,,In favour,In favour,In favour,In favour,In favour,In favour,Absent,Development; Governance & elections,,,,https://pub-newwestcity.escribemeetings.com/FileStream.ashx?DocumentId=21099,https://pub-newwestcity.escribemeetings.com/Players/ISIStandAlonePlayer.aspx?Id=eb9135f3-b943-4caa-b4f6-1ba0ee682a4e,https://councilrecord.ca/newwest.html#vote/pz6cy,"THAT Council Procedure Bylaw No. 6910, 2004, Amendment Bylaw No. 8493, 2024 be adopted."
2024-12-02,Council Meeting,,BE IT RESOLVED that the Province include retail stores used,Main motion,Carried,6,0,1,,,In favour,In favour,In favour,In favour,In favour,In favour,Absent,Neighbourhood character; Parks & recreation; Public services; Business & economy,1 of 2,,,https://pub-newwestcity.escribemeetings.com/FileStream.ashx?DocumentId=21099,https://pub-newwestcity.escribemeetings.com/Players/ISIStandAlonePlayer.aspx?Id=eb9135f3-b943-4caa-b4f6-1ba0ee682a4e,https://councilrecord.ca/newwest.html#vote/1hd4chy,"WHEREAS Health Canada has stated that they share the concerns of parents, educators, youth and public stakeholders regarding the increase of youth vaping in Canada; and b. WHEREAS The Liquor and Cannabis Regulation Branch (LCRB) oversees provincial liquor and cannabis regulations, including the licensing and monitoring of private cannabis retailers; and c. WHEREAS individual municipalities and regional districts can decide to amend local zoning bylaws to exclude vape shops defined as retail stores used primarily for sale of electronic nicotine or e-cigarettes as permitted uses; d. BE IT RESOLVED that the Province include retail stores used primarily for sale of electronic nicotine or e-cigarettes under the Liquor and Cannabis Regulation Branch and thereby include restrictions that regulate where and how many of these retail stores are able to receive business licenses in a community."
2024-12-02,Council Meeting,,BE IT RESOLVED that the Province include retail stores used,Main motion,Carried,6,0,1,,,In favour,In favour,In favour,In favour,In favour,In favour,Absent,Business & economy,2 of 2,Vote on the main motion after an amendment or referral was dealt with.,,https://pub-newwestcity.escribemeetings.com/FileStream.ashx?DocumentId=21099,https://pub-newwestcity.escribemeetings.com/Players/ISIStandAlonePlayer.aspx?Id=eb9135f3-b943-4caa-b4f6-1ba0ee682a4e,https://councilrecord.ca/newwest.html#vote/1nx1x5u,"1. THEREFORE BE IT RESOLVED THAT staff report back regarding what options are within Council’s jurisdiction to limit the overall number and locations of business licences issued for new vape shops. 2. THAT the following resolution be submitted to the Lower Mainland Local Government Association: a. WHEREAS Health Canada has stated that they share the concerns of parents, educators, youth and public stakeholders regarding the increase of youth vaping in Canada; and b. WHEREAS The Liquor and Cannabis Regulation Branch (LCRB) oversees provincial liquor and cannabis regulations, including the licensing and monitoring of private cannabis retailers; and c. WHEREAS individual municipalities and regional districts can decide to amend local zoning bylaws to exclude vape shops defined as retail stores used primarily for sale of electronic nicotine or e-cigarettes as permitted uses; d. BE IT RESOLVED that the Province include retail stores used primarily for sale of electronic nicotine or e-cigarettes under the Liquor and Cannabis Regulation Branch and thereby include restrictions that regulate where and how many of these retail stores are able to receive business licenses in a community."
2024-12-02,Council Meeting,,That “And Youth” Be Inserted After “Community.,Main motion,Carried,4,2,1,,,In favour,Against,In favour,In favour,Against,In favour,Absent,Transportation; Parks & recreation; Governance & elections,1 of 2,,,https://pub-newwestcity.escribemeetings.com/FileStream.ashx?DocumentId=21099,https://pub-newwestcity.escribemeetings.com/Players/ISIStandAlonePlayer.aspx?Id=eb9135f3-b943-4caa-b4f6-1ba0ee682a4e,https://councilrecord.ca/newwest.html#vote/kstak7,THAT Councillor Fontaine be appointed as Council liaison to the Vision Zero task force.
2024-12-02,Council Meeting,,That “And Youth” Be Inserted After “Community.,Amendment,Carried,6,0,1,,,In favour,In favour,In favour,In favour,In favour,In favour,Absent,Parks & recreation,2 of 2,,,https://pub-newwestcity.escribemeetings.com/FileStream.ashx?DocumentId=21099,https://pub-newwestcity.escribemeetings.com/Players/ISIStandAlonePlayer.aspx?Id=eb9135f3-b943-4caa-b4f6-1ba0ee682a4e,https://councilrecord.ca/newwest.html#vote/1oirrd,The question on the amendment motion
2024-12-16,Council Meeting,,"That The Recommendations For Items 4.1, 4.2, 4.5, 4.7, And 4.8 Be Adopted",Other,Carried,7,0,0,,,In favour,In favour,In favour,In favour,In favour,In favour,In favour,Other,,The minutes do not give separate motion text at this point; see the linked minutes.,,https://pub-newwestcity.escribemeetings.com/FileStream.ashx?DocumentId=20714,https://pub-newwestcity.escribemeetings.com/Players/ISIStandAlonePlayer.aspx?Id=d8893237-a249-4db5-a333-130a2afa3180,https://councilrecord.ca/newwest.html#vote/14dxnht,
2024-12-16,Council Meeting,,That Staff Prioritize Making Progress On The Assembly'S Recommendations,Other,Carried,7,0,0,,,In favour,In favour,In favour,In favour,In favour,In favour,In favour,Other,,The minutes do not give separate motion text at this point; see the linked minutes.,,https://pub-newwestcity.escribemeetings.com/FileStream.ashx?DocumentId=20714,https://pub-newwestcity.escribemeetings.com/Players/ISIStandAlonePlayer.aspx?Id=d8893237-a249-4db5-a333-130a2afa3180,https://councilrecord.ca/newwest.html#vote/d9p3wj,
2024-12-16,Council Meeting,,The $0.5M 2024 quarterly capital budget adjustments and $200.3M Proposed Revised Mult…,Main motion,Carried,7,0,0,,,In favour,In favour,In favour,In favour,In favour,In favour,In favour,Taxes & spending,,,,https://pub-newwestcity.escribemeetings.com/FileStream.ashx?DocumentId=20714,,https://councilrecord.ca/newwest.html#vote/2hxg0j,THAT the $0.5M 2024 quarterly capital budget adjustments and $200.3M Proposed Revised Multi-Year Capital budget be approved.
2024-12-16,Council Meeting,,That Staff Be Directed To Proceed With The Planned Review Of The Cannabis,Amendment,Carried,6,1,0,,,Against,In favour,In favour,In favour,In favour,In favour,In favour,Development; Neighbourhood character; Business & economy,1 of 2,,,https://pub-newwestcity.escribemeetings.com/FileStream.ashx?DocumentId=20714,https://pub-newwestcity.escribemeetings.com/Players/ISIStandAlonePlayer.aspx?Id=d8893237-a249-4db5-a333-130a2afa3180,https://councilrecord.ca/newwest.html#vote/1vt9sc7,"THAT the following be added as Part 2 to the amendment “THAT Part 2 be amended by inserting “and that, subject to Council approval, the zoning be removed from the existing location” after “Downtown area.”"
2024-12-16,Council Meeting,,That The Following Be Added As Part 2 To The Amendment “That Part 2 Be,Amendment,Carried,7,0,0,,,In favour,In favour,In favour,In favour,In favour,In favour,In favour,Development,,,,https://pub-newwestcity.escribemeetings.com/FileStream.ashx?DocumentId=20714,https://pub-newwestcity.escribemeetings.com/Players/ISIStandAlonePlayer.aspx?Id=d8893237-a249-4db5-a333-130a2afa3180,https://councilrecord.ca/newwest.html#vote/u8qcd3,"1. THAT Part 1 be amended by inserting “and that, subject to Council approval, the zoning be removed from the existing location” after “Neighbourhood.” 2. THAT the following be added as Part 2 to the amendment “THAT Part 2 be amended by inserting “and that, subject to Council approval, the zoning be removed from the existing location” after “Downtown area."
2024-12-16,Council Meeting,,That Staff Be Directed To Proceed With The Planned Review Of The Cannabis,Main motion,Carried,6,1,0,,,In favour,In favour,Against,In favour,In favour,In favour,In favour,Housing & density; Development; Transportation; Neighbourhood character; Business & economy,2 of 2,Vote on the main motion after an amendment or referral was dealt with.,,https://pub-newwestcity.escribemeetings.com/FileStream.ashx?DocumentId=20714,https://pub-newwestcity.escribemeetings.com/Players/ISIStandAlonePlayer.aspx?Id=d8893237-a249-4db5-a333-130a2afa3180,https://councilrecord.ca/newwest.html#vote/esr9cz,"1. THAT North Root Cannabis Ltd. be advised Council would further consider a rezoning application to relocate their operation to another location along East Columbia Street in the Sapperton Neighbourhood and that, subject to Council approval, the zoning be removed from the existing location; 2. THAT Queensborough Cannabis Co. be advised Council would further consider a rezoning application to relocate their operation to a location within the Downtown area and that, subject to Council approval, the zoning be removed from the existing location; 3. THAT staff be directed to proceed with the planned review of the Cannabis Regulatory Framework."
2024-12-16,Council Meeting,,"That The Bylaw Notice Enforcement Bylaw No. 7318, 2009, Amendment",Other,Carried,7,0,0,,,In favour,In favour,In favour,In favour,In favour,In favour,In favour,Development,,The minutes do not give separate motion text at this point; see the linked minutes.,,https://pub-newwestcity.escribemeetings.com/FileStream.ashx?DocumentId=20714,https://pub-newwestcity.escribemeetings.com/Players/ISIStandAlonePlayer.aspx?Id=d8893237-a249-4db5-a333-130a2afa3180,https://councilrecord.ca/newwest.html#vote/1weptji,
2024-12-16,Council Meeting,,Response to Council motion re: Selecting An Inclusive and,Main motion,Carried,7,0,0,,,In favour,In favour,In favour,In favour,In favour,In favour,In favour,Other,,,,https://pub-newwestcity.escribemeetings.com/FileStream.ashx?DocumentId=20714,https://pub-newwestcity.escribemeetings.com/Players/ISIStandAlonePlayer.aspx?Id=d8893237-a249-4db5-a333-130a2afa3180,https://councilrecord.ca/newwest.html#vote/z9aswo,"THAT staff be directed to proceed with a fulsome public engagement process on Canada Day events in New Westminster for the planning of events for 2026 and beyond, including engagement on the cultural observances recommendations presented by the Community Advisory Assembly."
2024-12-16,Council Meeting,,Update – Temporary Amendment to the Vehicle Procurement Process,Main motion,Carried,7,0,0,,,In favour,In favour,In favour,In favour,In favour,In favour,In favour,Taxes & spending,,,,https://pub-newwestcity.escribemeetings.com/FileStream.ashx?DocumentId=20714,,https://councilrecord.ca/newwest.html#vote/1k9e9a0,"THAT a two-year extension of the temporary amendment to the Vehicle Procurement Policy, which was approved by Council on December 11, 2023, to permit direct purchase of vehicles and operating equipment up to a value of $100,000 until December 31, 2026, be approved."
2024-12-16,Council Meeting,,"Official Community Plan Bylaw No. 7925, 2017, Amendment Bylaw",Main motion,Carried,7,0,0,,,In favour,In favour,In favour,In favour,In favour,In favour,In favour,Housing & density; Development,,,,https://pub-newwestcity.escribemeetings.com/FileStream.ashx?DocumentId=20714,https://pub-newwestcity.escribemeetings.com/Players/ISIStandAlonePlayer.aspx?Id=d8893237-a249-4db5-a333-130a2afa3180,https://councilrecord.ca/newwest.html#vote/5xlvpu,"THAT Official Community Plan Bylaw No. 7925, 2017 , Amendment Bylaw (1085 Tanaka Court) No. 8483, 2024 be given first and second readings."
2024-12-16,Council Meeting,,"Zoning Bylaw No. 6680, 2001, Amendment Bylaw (1084 Tanaka Court)",Main motion,Carried,7,0,0,,,In favour,In favour,In favour,In favour,In favour,In favour,In favour,Development,,,,https://pub-newwestcity.escribemeetings.com/FileStream.ashx?DocumentId=20714,https://pub-newwestcity.escribemeetings.com/Players/ISIStandAlonePlayer.aspx?Id=d8893237-a249-4db5-a333-130a2afa3180,https://councilrecord.ca/newwest.html#vote/ookbbl,"THAT Zoning Bylaw No. 6680, 2001, Amendment Bylaw ( 1084 Tanaka Court) No. 8484, 2024 be given first and second readings."
2024-12-16,Council Meeting,,"Bylaw Notice Enforcement Bylaw No. 7318, 2009 Amendment Bylaw",Main motion,Carried,7,0,0,,,In favour,In favour,In favour,In favour,In favour,In favour,In favour,Development; Business & economy,,,,https://pub-newwestcity.escribemeetings.com/FileStream.ashx?DocumentId=20714,https://pub-newwestcity.escribemeetings.com/Players/ISIStandAlonePlayer.aspx?Id=d8893237-a249-4db5-a333-130a2afa3180,https://councilrecord.ca/newwest.html#vote/ixsazh,"THAT Bylaw Notice Enforcement Bylaw No. 7318, 2009 Amendment Bylaw (Business Licence) No. 8489, 2024 be given first, second and third readings."
2024-12-16,Council Meeting,,"Municipal Ticket Information Bylaw 8077, 2019 Amendment Bylaw",Main motion,Carried,7,0,0,,,In favour,In favour,In favour,In favour,In favour,In favour,In favour,Development; Neighbourhood character; Business & economy,,,,https://pub-newwestcity.escribemeetings.com/FileStream.ashx?DocumentId=20714,https://pub-newwestcity.escribemeetings.com/Players/ISIStandAlonePlayer.aspx?Id=d8893237-a249-4db5-a333-130a2afa3180,https://councilrecord.ca/newwest.html#vote/1ft5t9s,"THAT Municipal Ticket Information Bylaw No. 8077, 2019 Amendment Bylaw (Business Licence) No. 8490, 2024 be given first, second and third readings."
2024-12-16,Council Meeting,,"Graphic Image Delivery Bylaw No. 8488, 2024",Main motion,Carried,7,0,0,,,In favour,In favour,In favour,In favour,In favour,In favour,In favour,Development,1 of 3,,,https://pub-newwestcity.escribemeetings.com/FileStream.ashx?DocumentId=20714,https://pub-newwestcity.escribemeetings.com/Players/ISIStandAlonePlayer.aspx?Id=d8893237-a249-4db5-a333-130a2afa3180,https://councilrecord.ca/newwest.html#vote/1twjo33,"THAT Graphic Image Delivery Bylaw No. 8488, 2024 be given first, second and third readings."
2024-12-16,Council Meeting,,"Graphic Image Delivery Bylaw No. 8488, 2024",Main motion,Carried,7,0,0,,,In favour,In favour,In favour,In favour,In favour,In favour,In favour,Development,2 of 3,,,https://pub-newwestcity.escribemeetings.com/FileStream.ashx?DocumentId=20714,https://pub-newwestcity.escribemeetings.com/Players/ISIStandAlonePlayer.aspx?Id=d8893237-a249-4db5-a333-130a2afa3180,https://councilrecord.ca/newwest.html#vote/m7o1ei,"THAT Bylaw Notice Enforcement Bylaw No. 7318, 2009 , Amendment Bylaw (Graphic Image Delivery) No. 8499, 2024 be given first, second and third readings."
2024-12-16,Council Meeting,,"Graphic Image Delivery Bylaw No. 8488, 2024",Main motion,Carried,7,0,0,,,In favour,In favour,In favour,In favour,In favour,In favour,In favour,Development; Neighbourhood character,3 of 3,,,https://pub-newwestcity.escribemeetings.com/FileStream.ashx?DocumentId=20714,https://pub-newwestcity.escribemeetings.com/Players/ISIStandAlonePlayer.aspx?Id=d8893237-a249-4db5-a333-130a2afa3180,https://councilrecord.ca/newwest.html#vote/1nztqpb,"THAT Municipal Ticket Information Bylaw No. 8077, 2019 , Amendment Bylaw (Graphic Image Delivery) No. 8500, 2024 be given first, second and third readings."
2024-12-16,Council Meeting,,"Electrical Utility Bylaw No. 6502, 1998 – adoption",Main motion,Carried,5,2,0,,,In favour,In favour,Against,In favour,In favour,Against,In favour,Development; Public services,,,,https://pub-newwestcity.escribemeetings.com/FileStream.ashx?DocumentId=20714,https://pub-newwestcity.escribemeetings.com/Players/ISIStandAlonePlayer.aspx?Id=d8893237-a249-4db5-a333-130a2afa3180,https://councilrecord.ca/newwest.html#vote/1j8niss,"THAT Electrical Utility Bylaw No. 6502, 1998, Amendment Bylaw No. 8497 , 2024 be adopted."
2024-12-16,Council Meeting,,"Engineering User Fees and Rates Bylaw No. 7553, 2013, Amendment",Main motion,Carried,5,2,0,,,In favour,In favour,Against,In favour,In favour,Against,In favour,Development; Taxes & spending,,,,https://pub-newwestcity.escribemeetings.com/FileStream.ashx?DocumentId=20714,https://pub-newwestcity.escribemeetings.com/Players/ISIStandAlonePlayer.aspx?Id=d8893237-a249-4db5-a333-130a2afa3180,https://councilrecord.ca/newwest.html#vote/nqea91,"THAT Engineering User Fees and Rates Bylaw No. 7553, 2013, Amendment Bylaw No. 8496, 2024 be adopted."
2024-12-16,Council Meeting,,"Revenue Anticipation Borrowing Amendment Bylaw No. 8489, 2024",Main motion,Carried,7,0,0,,,In favour,In favour,In favour,In favour,In favour,In favour,In favour,Development; Taxes & spending; Neighbourhood character; Business & economy,,,,https://pub-newwestcity.escribemeetings.com/FileStream.ashx?DocumentId=20714,https://pub-newwestcity.escribemeetings.com/Players/ISIStandAlonePlayer.aspx?Id=d8893237-a249-4db5-a333-130a2afa3180,https://councilrecord.ca/newwest.html#vote/1dd27my,"THAT Revenue Anticipation Borrowing Amendment Bylaw No. 8489, 2024 be adopted."
2024-12-16,Council Meeting,,Tin Soldier Time Capsule Opening,Main motion,Carried,7,0,0,,,In favour,In favour,In favour,In favour,In favour,In favour,In favour,Other,,Vote on the main motion after an amendment or referral was dealt with.,,https://pub-newwestcity.escribemeetings.com/FileStream.ashx?DocumentId=20714,https://pub-newwestcity.escribemeetings.com/Players/ISIStandAlonePlayer.aspx?Id=d8893237-a249-4db5-a333-130a2afa3180,https://councilrecord.ca/newwest.html#vote/r82opx,The question on the motion
2024-12-16,Council Meeting,,"That A Part 4 Be Added, Which Reads “Be It Further Resolved That",Other,Carried,7,0,0,,,In favour,In favour,In favour,In favour,In favour,In favour,In favour,Other,,The minutes do not give separate motion text at this point; see the linked minutes.,,https://pub-newwestcity.escribemeetings.com/FileStream.ashx?DocumentId=20714,https://pub-newwestcity.escribemeetings.com/Players/ISIStandAlonePlayer.aspx?Id=d8893237-a249-4db5-a333-130a2afa3180,https://councilrecord.ca/newwest.html#vote/b8l1te,
2024-12-16,Council Meeting,,Be It Further Resolved That Staff Be Directed To Work With Sd40,Main motion,Carried,7,0,0,,,In favour,In favour,In favour,In favour,In favour,In favour,In favour,Transportation; Parks & recreation,,Vote on the main motion after an amendment or referral was dealt with.,,https://pub-newwestcity.escribemeetings.com/FileStream.ashx?DocumentId=20714,https://pub-newwestcity.escribemeetings.com/Players/ISIStandAlonePlayer.aspx?Id=d8893237-a249-4db5-a333-130a2afa3180,https://councilrecord.ca/newwest.html#vote/1a7a48o,1. THEREFORE BE IT RESOLVED THAT staff report back to Council on the opportunity for the City of New Westminster to partner with the Society of Children and Youth BC to explore implementing a safe street initiative around selected schools; and 2. THEREFORE BE IT RESOLVED THAT staff work with School District 40 to identify which schools would be appropriate to launch a School Streets Pilot Program that would reflect the principles of the National and/or BC Active School Streets Initiative; and 3. THEREFORE BE IT RESOLVED THAT staff report back on the capital and operating costs associated with the implementation of a School Streets Pilot Program. 4. BE IT FURTHER RESOLVED that staff be directed to work with SD40 and other partners to update New Westminster’s Active Travel Routes to School maps.
2025-01-13,Council Meeting,,"Main motion, as amended (see minutes for text)",Other,Carried,7,0,0,,,In favour,In favour,In favour,In favour,In favour,In favour,In favour,Other,,The minutes do not give separate motion text at this point; see the linked minutes.,,https://pub-newwestcity.escribemeetings.com/FileStream.ashx?DocumentId=20911,https://pub-newwestcity.escribemeetings.com/Players/ISIStandAlonePlayer.aspx?Id=56cd0f15-f262-4e16-9d29-21cfb4749e94,https://councilrecord.ca/newwest.html#vote/1ax9akg,
2025-01-13,Council Meeting,,"Construction Noise Bylaw Exemption Request: 1031 Quebec Street, New",Main motion,Carried,7,0,0,,,In favour,In favour,In favour,In favour,In favour,In favour,In favour,Development; Taxes & spending; Transportation; Neighbourhood character; Governance & elections,,,,https://pub-newwestcity.escribemeetings.com/FileStream.ashx?DocumentId=20911,,https://councilrecord.ca/newwest.html#vote/1e9kqca,"THAT an exemption be granted to Metro Vancouver contractor Traylor Aecon General Partnership (TAGP) from Construction Noise Bylaw No. 6063, 1992, from Friday January 31, 2025 to Saturday May 10, 2025 on week days from 8:00 PM to 3:00 AM and Saturdays from 6:00 PM to 12:00 AM, excluding Sundays and Statutory Holidays, to construct the Annacis Water Supply Tunnel, Fraser River Crossing (the “Project”)."
2025-01-13,Council Meeting,,That $243.6M For The 2025 Multi-Year Capital Budget Be Approved.,Main motion,Carried,5,2,0,,,In favour,In favour,Against,In favour,In favour,Against,In favour,Taxes & spending,,Vote on the main motion after an amendment or referral was dealt with.,,https://pub-newwestcity.escribemeetings.com/FileStream.ashx?DocumentId=20911,https://pub-newwestcity.escribemeetings.com/Players/ISIStandAlonePlayer.aspx?Id=56cd0f15-f262-4e16-9d29-21cfb4749e94,https://councilrecord.ca/newwest.html#vote/9lhdvy,The question on the motion
2025-01-13,Council Meeting,,Follow - up Report on Council Motion: Strategy and Resources to Require Cooling,Main motion,Carried,7,0,0,,,In favour,In favour,In favour,In favour,In favour,In favour,In favour,Housing & density,,,,https://pub-newwestcity.escribemeetings.com/FileStream.ashx?DocumentId=20911,https://pub-newwestcity.escribemeetings.com/Players/ISIStandAlonePlayer.aspx?Id=56cd0f15-f262-4e16-9d29-21cfb4749e94,https://councilrecord.ca/newwest.html#vote/6e31ox,"THAT staff proceed with the work to bring forward the necessary bylaws and/or policies to require cooling in existing rental buildings, for consideration by Council by end of May 2025, as outlined in the Next Steps section of the January 13, 2025 report titled “Follow- up Report on Council Motion: Strategy and Resources to Require Cooling in Existing Rental Buildings.”"
2025-01-13,Council Meeting,,Response to Council Motion: “Cycling Sundays on Front Street” 2025 Pilot,Main motion,Carried,7,0,0,,,In favour,In favour,In favour,In favour,In favour,In favour,In favour,Taxes & spending; Transportation; Neighbourhood character,,,,https://pub-newwestcity.escribemeetings.com/FileStream.ashx?DocumentId=20911,https://pub-newwestcity.escribemeetings.com/Players/ISIStandAlonePlayer.aspx?Id=56cd0f15-f262-4e16-9d29-21cfb4749e94,https://councilrecord.ca/newwest.html#vote/lsu5gj,"THAT the “Cycling Sundays on Front Street” 2025 Pilot project not be pursued due to significant unbudgeted costs and impacts on high-priority work plans, as outlined in the report titled “Response to Council Motion: “Cycling Sundays on Front Street” 2025 Pilot” dated January 13, 2025."
2025-01-13,Council Meeting,,The question on the amendment,Amendment,Defeated,2,5,0,,,Against,Against,In favour,Against,Against,In favour,Against,Other,,,,https://pub-newwestcity.escribemeetings.com/FileStream.ashx?DocumentId=20911,https://pub-newwestcity.escribemeetings.com/Players/ISIStandAlonePlayer.aspx?Id=56cd0f15-f262-4e16-9d29-21cfb4749e94,https://councilrecord.ca/newwest.html#vote/1myx16h,The question on the amendment
2025-01-13,Council Meeting,,The question on the main motion,Main motion,Carried,5,2,0,,,In favour,In favour,Against,In favour,In favour,Against,In favour,Other,,Vote on the main motion after an amendment or referral was dealt with.,,https://pub-newwestcity.escribemeetings.com/FileStream.ashx?DocumentId=20911,https://pub-newwestcity.escribemeetings.com/Players/ISIStandAlonePlayer.aspx?Id=56cd0f15-f262-4e16-9d29-21cfb4749e94,https://councilrecord.ca/newwest.html#vote/1o2acg7,The question on the main motion
2025-01-13,Council Meeting,,"Municipal Ticket Information Bylaw No. 8077, 2019, Amendment Bylaw (Graphic Image",Other,Carried,7,0,0,,,In favour,In favour,In favour,In favour,In favour,In favour,In favour,Development; Neighbourhood character,,The minutes do not give separate motion text at this point; see the linked minutes.,,https://pub-newwestcity.escribemeetings.com/FileStream.ashx?DocumentId=20911,https://pub-newwestcity.escribemeetings.com/Players/ISIStandAlonePlayer.aspx?Id=56cd0f15-f262-4e16-9d29-21cfb4749e94,https://councilrecord.ca/newwest.html#vote/zsfkns,
2025-01-27,Council Meeting,,"Official Community Plan Bylaw No. 7925, 2017, Amendment Bylaw (1135 Salter",Main motion,Carried,7,0,0,,,In favour,In favour,In favour,In favour,In favour,In favour,In favour,Housing & density; Development; Transportation,,,,https://pub-newwestcity.escribemeetings.com/FileStream.ashx?DocumentId=20918,https://pub-newwestcity.escribemeetings.com/Players/ISIStandAlonePlayer.aspx?Id=6d54bcc8-9db3-4d8b-8085-a2dec18a55aa,https://councilrecord.ca/newwest.html#vote/10qfiu5,"THAT Official Community Plan Bylaw No. 7925, 2017, Amendment Bylaw (1135 Salter Street) No. 8454, 2024 be given third reading."
2025-01-27,Council Meeting,,"Zoning Bylaw No. 6680, 2001, Amendment Bylaw (1135 Salter Street) No. 8455,",Main motion,Carried,7,0,0,,,In favour,In favour,In favour,In favour,In favour,In favour,In favour,Development; Transportation,,,,https://pub-newwestcity.escribemeetings.com/FileStream.ashx?DocumentId=20918,https://pub-newwestcity.escribemeetings.com/Players/ISIStandAlonePlayer.aspx?Id=6d54bcc8-9db3-4d8b-8085-a2dec18a55aa,https://councilrecord.ca/newwest.html#vote/1nsywa2,"THAT Zoning Bylaw No. 6680, 2001, Amendment Bylaw (1135 Salter Street) No. 8455, 2024 be given third reading."
2025-01-27,Council Meeting,,"Official Community Plan Bylaw No. 7925, 2017, Amendment Bylaw (1084 Tanaka",Main motion,Carried,7,0,0,,,In favour,In favour,In favour,In favour,In favour,In favour,In favour,Housing & density; Development,,,,https://pub-newwestcity.escribemeetings.com/FileStream.ashx?DocumentId=20918,https://pub-newwestcity.escribemeetings.com/Players/ISIStandAlonePlayer.aspx?Id=6d54bcc8-9db3-4d8b-8085-a2dec18a55aa,https://councilrecord.ca/newwest.html#vote/115zn37,"THAT Official Community Plan Bylaw No. 7925, 2017, Amendment Bylaw (1084 Tanaka Court) No. 8483, 2024 be given third reading."
2025-01-27,Council Meeting,,"Zoning Bylaw No. 6680, 2001, Amendment Bylaw (1084 Tanaka Court) No. 8484,",Main motion,Carried,7,0,0,,,In favour,In favour,In favour,In favour,In favour,In favour,In favour,Development,,,,https://pub-newwestcity.escribemeetings.com/FileStream.ashx?DocumentId=20918,https://pub-newwestcity.escribemeetings.com/Players/ISIStandAlonePlayer.aspx?Id=6d54bcc8-9db3-4d8b-8085-a2dec18a55aa,https://councilrecord.ca/newwest.html#vote/1hn1gam,"THAT Zoning Bylaw No. 6680, 2001, Amendment Bylaw (1084 Tanaka Court) No. 8484, 2024 be given third reading."
2025-01-27,Council Meeting,,"Items No. 4.1 through No. 4.1 0 be adopted by general consent, with the removal of I…",Main motion,Carried,7,0,0,,,In favour,In favour,In favour,In favour,In favour,In favour,In favour,Other,,,,https://pub-newwestcity.escribemeetings.com/FileStream.ashx?DocumentId=20918,https://pub-newwestcity.escribemeetings.com/Players/ISIStandAlonePlayer.aspx?Id=6d54bcc8-9db3-4d8b-8085-a2dec18a55aa,https://councilrecord.ca/newwest.html#vote/16duacf,"THAT Items No. 4.1 through No. 4.1 0 be adopted by general consent, with the removal of I tems No. 4.2, 4.3, 4.4, 4.6, 4.7 and 4.8."
2025-01-27,Council Meeting,,Construction Noise Bylaw Exemption Request: 2126 Seventh Avenue (22nd Street,Main motion,Carried,7,0,0,,,In favour,In favour,In favour,In favour,In favour,In favour,In favour,Development; Taxes & spending; Transportation; Neighbourhood character,,,,https://pub-newwestcity.escribemeetings.com/FileStream.ashx?DocumentId=20918,,https://councilrecord.ca/newwest.html#vote/zpl7s0,"THAT an exemption be granted from Construction Noise Bylaw No. 6063, 1992 to TransLink from 8:00 PM to 7:00 AM six days per week, not including Thursdays and Statutory Holidays from Friday, January 31, 2025 to Wednesday, April 30, 2025 to complete recoat painting and make operational equipment modifications to the 22nd Street SkyTrain Station located at 2126 Seventh Avenue."
2025-01-27,Council Meeting,,"Zoning Bylaw No. 6680, 2001, Amendment Bylaw (Non - Profit Housing",Main motion,Carried,7,0,0,,,In favour,In favour,In favour,In favour,In favour,In favour,In favour,Housing & density; Development,,,,https://pub-newwestcity.escribemeetings.com/FileStream.ashx?DocumentId=20918,,https://councilrecord.ca/newwest.html#vote/7vgonj,"THAT Zoning Bylaw No. 6680, 2001, Amendment Bylaw (Non - Profit Housing Development) No. 8502, 2025 be introduced and given first, second and third readings."
2025-01-27,Council Meeting,,"Zoning Bylaw Text Amendment: 805 Boyd Street – Bylaw for First, Second, and",Main motion,Carried,7,0,0,,,In favour,In favour,In favour,In favour,In favour,In favour,In favour,Development; Transportation,,,,https://pub-newwestcity.escribemeetings.com/FileStream.ashx?DocumentId=20918,,https://councilrecord.ca/newwest.html#vote/9ch4o2,"THAT Zoning Bylaw No. 6680, 2001, Amendment Bylaw (805 Boyd Street) No. 8411, 2025 be introduced and given first, second, and third readings."
2025-01-27,Council Meeting,,That Staff Continue To Advance The Seven Bold Steps And Environment Progress,Other,Carried,7,0,0,,,In favour,In favour,In favour,In favour,In favour,In favour,In favour,Environment & climate,,The minutes do not give separate motion text at this point; see the linked minutes.,,https://pub-newwestcity.escribemeetings.com/FileStream.ashx?DocumentId=20918,https://pub-newwestcity.escribemeetings.com/Players/ISIStandAlonePlayer.aspx?Id=6d54bcc8-9db3-4d8b-8085-a2dec18a55aa,https://councilrecord.ca/newwest.html#vote/1x7gyp4,
2025-01-27,Council Meeting,,"That Five-Year Financial Plan (2025-2029) Bylaw No. 8501, 2025 Be Introduced",Main motion,Defeated,2,5,0,,,Against,Against,In favour,Against,Against,In favour,Against,Development; Taxes & spending,1 of 4,Vote on the main motion after an amendment or referral was dealt with.,,https://pub-newwestcity.escribemeetings.com/FileStream.ashx?DocumentId=20918,https://pub-newwestcity.escribemeetings.com/Players/ISIStandAlonePlayer.aspx?Id=6d54bcc8-9db3-4d8b-8085-a2dec18a55aa,https://councilrecord.ca/newwest.html#vote/1lgj27y,The question on the motion
2025-01-27,Council Meeting,,"That Five-Year Financial Plan (2025-2029) Bylaw No. 8501, 2025 Be Introduced",Amendment,Carried,7,0,0,,,In favour,In favour,In favour,In favour,In favour,In favour,In favour,Development; Taxes & spending; Neighbourhood character; Parks & recreation,2 of 4,,,https://pub-newwestcity.escribemeetings.com/FileStream.ashx?DocumentId=20918,https://pub-newwestcity.escribemeetings.com/Players/ISIStandAlonePlayer.aspx?Id=6d54bcc8-9db3-4d8b-8085-a2dec18a55aa,https://councilrecord.ca/newwest.html#vote/8w71ou,"THAT a Part 2 be added , which reads “THAT staff re - assign an amount of up to $45 ,000 to fund the current Walking School Bus routes for the 2025-2026 school year, and work with the Society of Children and Youth BC to add an additional route from Victoria Hill to Qayqayt Elementary School.”"
2025-01-27,Council Meeting,,"That Five-Year Financial Plan (2025-2029) Bylaw No. 8501, 2025 Be Introduced",Main motion,Carried,5,2,0,,,In favour,In favour,Against,In favour,In favour,Against,In favour,Development; Taxes & spending,3 of 4,Vote on the main motion after an amendment or referral was dealt with.,,https://pub-newwestcity.escribemeetings.com/FileStream.ashx?DocumentId=20918,https://pub-newwestcity.escribemeetings.com/Players/ISIStandAlonePlayer.aspx?Id=6d54bcc8-9db3-4d8b-8085-a2dec18a55aa,https://councilrecord.ca/newwest.html#vote/10w311b,The question on Part 1 of the main motion
2025-01-27,Council Meeting,,"That Five-Year Financial Plan (2025-2029) Bylaw No. 8501, 2025 Be Introduced",Main motion,Carried,7,0,0,,,In favour,In favour,In favour,In favour,In favour,In favour,In favour,Development; Taxes & spending,4 of 4,Vote on the main motion after an amendment or referral was dealt with.,,https://pub-newwestcity.escribemeetings.com/FileStream.ashx?DocumentId=20918,https://pub-newwestcity.escribemeetings.com/Players/ISIStandAlonePlayer.aspx?Id=6d54bcc8-9db3-4d8b-8085-a2dec18a55aa,https://councilrecord.ca/newwest.html#vote/14jxfek,"The question on Part 2 of the main motion, as amended"
2025-01-27,Council Meeting,,Construction Noise Bylaw Exemption Request: 651 Carnarvon Street (Provincial,Main motion,Carried,7,0,0,,,In favour,In favour,In favour,In favour,In favour,In favour,In favour,Transportation; Neighbourhood character,,Vote on the main motion after an amendment or referral was dealt with.,,https://pub-newwestcity.escribemeetings.com/FileStream.ashx?DocumentId=20918,https://pub-newwestcity.escribemeetings.com/Players/ISIStandAlonePlayer.aspx?Id=6d54bcc8-9db3-4d8b-8085-a2dec18a55aa,https://councilrecord.ca/newwest.html#vote/h9hi78,The question on the motion
2025-01-27,Council Meeting,,"Financial Statements Audit Planning Report for the year ending December 31, 2024",Main motion,Carried,7,0,0,,,In favour,In favour,In favour,In favour,In favour,In favour,In favour,Taxes & spending,,,,https://pub-newwestcity.escribemeetings.com/FileStream.ashx?DocumentId=20918,https://pub-newwestcity.escribemeetings.com/Players/ISIStandAlonePlayer.aspx?Id=6d54bcc8-9db3-4d8b-8085-a2dec18a55aa,https://councilrecord.ca/newwest.html#vote/p2zygz,"THAT the KPMG, LLP Audit Planning Report, included as Attachment 1 to the report titled “Financial Statements Audit Planning Report for the year ending December 31, 2024,” be approved."
2025-01-27,Council Meeting,,Revised Council Travel and Expense Policy,Main motion,Carried,7,0,0,,,In favour,In favour,In favour,In favour,In favour,In favour,In favour,Other,,,,https://pub-newwestcity.escribemeetings.com/FileStream.ashx?DocumentId=20918,https://pub-newwestcity.escribemeetings.com/Players/ISIStandAlonePlayer.aspx?Id=6d54bcc8-9db3-4d8b-8085-a2dec18a55aa,https://councilrecord.ca/newwest.html#vote/p2aehg,"THAT the updated Council Travel and Expense Policy, as provided on table, be approved."
2025-01-27,Council Meeting,,Rezoning: 88 Tenth Street (Columbia Square) – Affordable Housing Legal,Main motion,Carried,7,0,0,,,In favour,In favour,In favour,In favour,In favour,In favour,In favour,Housing & density; Development; Transportation; Business & economy,,Vote on the main motion after an amendment or referral was dealt with.,,https://pub-newwestcity.escribemeetings.com/FileStream.ashx?DocumentId=20918,https://pub-newwestcity.escribemeetings.com/Players/ISIStandAlonePlayer.aspx?Id=6d54bcc8-9db3-4d8b-8085-a2dec18a55aa,https://councilrecord.ca/newwest.html#vote/n0sf1u,The question on the motion
2025-01-27,Council Meeting,,New Westminster Hospice,Main motion,Carried,7,0,0,,,In favour,In favour,In favour,In favour,In favour,In favour,In favour,Other,,Vote on the main motion after an amendment or referral was dealt with.,,https://pub-newwestcity.escribemeetings.com/FileStream.ashx?DocumentId=20918,https://pub-newwestcity.escribemeetings.com/Players/ISIStandAlonePlayer.aspx?Id=6d54bcc8-9db3-4d8b-8085-a2dec18a55aa,https://councilrecord.ca/newwest.html#vote/8tktyx,The question on the motion
2025-01-27,Council Meeting,,"That “Tourism New Westminster, And The New Westminster Police Department",Other,Carried,7,0,0,,,In favour,In favour,In favour,In favour,In favour,In favour,In favour,Public services; Business & economy,1 of 2,The minutes do not give separate motion text at this point; see the linked minutes.,,https://pub-newwestcity.escribemeetings.com/FileStream.ashx?DocumentId=20918,https://pub-newwestcity.escribemeetings.com/Players/ISIStandAlonePlayer.aspx?Id=6d54bcc8-9db3-4d8b-8085-a2dec18a55aa,https://councilrecord.ca/newwest.html#vote/efbmkw,
2025-01-27,Council Meeting,,"That “Tourism New Westminster, And The New Westminster Police Department",Amendment,Carried,7,0,0,,,In favour,In favour,In favour,In favour,In favour,In favour,In favour,Parks & recreation; Public services; Business & economy; Governance & elections,2 of 2,,,https://pub-newwestcity.escribemeetings.com/FileStream.ashx?DocumentId=20918,https://pub-newwestcity.escribemeetings.com/Players/ISIStandAlonePlayer.aspx?Id=6d54bcc8-9db3-4d8b-8085-a2dec18a55aa,https://councilrecord.ca/newwest.html#vote/10o0f8d,"THAT “Arts, Culture and Economic Development Advisory Committee,” be added after “consult with the” in Part 1 of the main motion, as amended."
2025-01-27,Council Meeting,,"That Staff Report Back To Council Prior To March 31, 2025 With The Operational And",Main motion,Carried,7,0,0,,,In favour,In favour,In favour,In favour,In favour,In favour,In favour,Other,,Vote on the main motion after an amendment or referral was dealt with.,,https://pub-newwestcity.escribemeetings.com/FileStream.ashx?DocumentId=20918,https://pub-newwestcity.escribemeetings.com/Players/ISIStandAlonePlayer.aspx?Id=6d54bcc8-9db3-4d8b-8085-a2dec18a55aa,https://councilrecord.ca/newwest.html#vote/1s638n0,"The question on the main motion, as amended"
2025-02-10,Special Council Meeting,,"Memorandum to Council: Community Charter, Section 57 Hearing - 347 Pembina",Other,Carried,7,0,0,,,In favour,In favour,In favour,In favour,In favour,In favour,In favour,Other,,The minutes do not give separate motion text at this point; see the linked minutes.,,https://pub-newwestcity.escribemeetings.com/FileStream.ashx?DocumentId=21143,https://pub-newwestcity.escribemeetings.com/Players/ISIStandAlonePlayer.aspx?Id=18cff29a-c7ff-4e8d-a621-3f47ec7228ac,https://councilrecord.ca/newwest.html#vote/1pp90x8,
2025-02-10,Council Meeting,,That The Order Of The Agenda Be Varied To Consider Item 4.8 Immediately Following Item,Other,Carried,7,0,0,,,In favour,In favour,In favour,In favour,In favour,In favour,In favour,Other,,The minutes do not give separate motion text at this point; see the linked minutes.,,https://pub-newwestcity.escribemeetings.com/FileStream.ashx?DocumentId=21144,https://pub-newwestcity.escribemeetings.com/Players/ISIStandAlonePlayer.aspx?Id=57ed3ac7-63ce-458d-9b61-149715e239a4,https://councilrecord.ca/newwest.html#vote/1ydel4,
2025-02-10,Council Meeting,,"Items No. 4.1 through No. 4. 9 be adopted by general consent, with the removal of I t…",Main motion,Carried,7,0,0,,,In favour,In favour,In favour,In favour,In favour,In favour,In favour,Other,,,,https://pub-newwestcity.escribemeetings.com/FileStream.ashx?DocumentId=21144,https://pub-newwestcity.escribemeetings.com/Players/ISIStandAlonePlayer.aspx?Id=57ed3ac7-63ce-458d-9b61-149715e239a4,https://councilrecord.ca/newwest.html#vote/1f9iky1,"THAT Items No. 4.1 through No. 4. 9 be adopted by general consent, with the removal of I tems No. 4.3, 4.8, and 4.9."
2025-02-10,Council Meeting,,"Dine Kanadiyan, 525 Seventh Street - Application for Patron Participation",Main motion,Carried,7,0,0,,,In favour,In favour,In favour,In favour,In favour,In favour,In favour,Transportation; Neighbourhood character; Business & economy,,,,https://pub-newwestcity.escribemeetings.com/FileStream.ashx?DocumentId=21144,,https://councilrecord.ca/newwest.html#vote/1dpw02y,"WHEREAS New Westminster City Council considered a staff report regarding an application from Dine Kanadiyan located at 525 Seventh Street to amend its Food Primary Liquor License by including a Patron Participation Endorsement, with proposed entertainment hours 5:00 PM to 11:00 PM, Monday to Sunday; WHEREAS a sign has been placed in front of the business for 30 days, two notices circulated in the City’s e-newsletter (Citypage Online), and invitations sent to the Uptown Business Association and the Brow Of The Hill Residents‘ Association, providing details regarding the application and inviting the public to submit comments to the City; WHEREAS the establishment is not anticipated to negatively affect traffic patterns or parking, and any noise is expected to be properly mitigated by the applicant; WHEREAS the requested amendment is consistent with the establishment’s primary purpose as a restaurant; WHEREAS the City did not receive any correspondence related to the application; THEREFORE BE IT RESOLVED THAT New Westminster City Council recommends the approval of Dine Kanadiyan‘s application for a Patron Participation Endorsement to allow patron participation entertainment from 5:00 PM to 11:00 PM, Monday to Sunday."
2025-02-10,Council Meeting,,Extend Licence to Occupy BC Hydro Lands for Pollinator Meadow,Main motion,Carried,7,0,0,,,In favour,In favour,In favour,In favour,In favour,In favour,In favour,Environment & climate; Business & economy,,,,https://pub-newwestcity.escribemeetings.com/FileStream.ashx?DocumentId=21144,,https://councilrecord.ca/newwest.html#vote/1ez0ipd,"THAT the Mayor and Corporate Officer be authorized to execute the Amendment to extend the License to Occupy Agreement for the temporary use of a portion of BC Hydro property, substantially in the form included as Attachment “A” to the staff report titled “Extend License to Occupy BC Hydro Lands for Pollinator Meadow” dated February 10, 2025."
2025-02-10,Council Meeting,,Mobile Food Vending Licence Bylaw Amendment,Main motion,Carried,7,0,0,,,In favour,In favour,In favour,In favour,In favour,In favour,In favour,Development; Business & economy,,,,https://pub-newwestcity.escribemeetings.com/FileStream.ashx?DocumentId=21144,,https://councilrecord.ca/newwest.html#vote/nzo99f,"THAT Mobile Food Vending Licence Bylaw No. 7850, 2016, Amendment Bylaw No. 8498, 2025 be introduced and given first, second, and third readings."
2025-02-10,Council Meeting,,"Shark Fin Regulation Bylaw No. 7564, 2012, Repeal Bylaw No. 8511, 2025",Main motion,Carried,7,0,0,,,In favour,In favour,In favour,In favour,In favour,In favour,In favour,Development,,,,https://pub-newwestcity.escribemeetings.com/FileStream.ashx?DocumentId=21144,,https://councilrecord.ca/newwest.html#vote/4soig1,"THAT Shark Fin Regulation Bylaw No. 7564, 2012, Repeal Bylaw No. 8511, 2025 be introduced and given first, second, and third readings."
2025-02-10,Council Meeting,,"That Staff Be Directed To Work With Resident, Business And Community Groups To",Amendment,Defeated,2,5,0,,,Against,Against,In favour,Against,Against,In favour,Against,Business & economy,,,,https://pub-newwestcity.escribemeetings.com/FileStream.ashx?DocumentId=21144,https://pub-newwestcity.escribemeetings.com/Players/ISIStandAlonePlayer.aspx?Id=57ed3ac7-63ce-458d-9b61-149715e239a4,https://councilrecord.ca/newwest.html#vote/xgwnh4,"THAT the report be referred to the February 24, 2025 Regular Council meeting to provide the public more time to offer feedback to the Council."
2025-02-10,Council Meeting,,That Part 1 Of The Main Motion Be Amended To Read “That Staff Be Directed To,Other,Defeated,2,5,0,,,Against,Against,In favour,Against,Against,In favour,Against,Other,1 of 2,The minutes do not give separate motion text at this point; see the linked minutes.,,https://pub-newwestcity.escribemeetings.com/FileStream.ashx?DocumentId=21144,https://pub-newwestcity.escribemeetings.com/Players/ISIStandAlonePlayer.aspx?Id=57ed3ac7-63ce-458d-9b61-149715e239a4,https://councilrecord.ca/newwest.html#vote/1xop0vc,
2025-02-10,Council Meeting,,That Part 1 Of The Main Motion Be Amended To Read “That Staff Be Directed To,Main motion,Carried,5,2,0,,,In favour,In favour,Against,In favour,In favour,Against,In favour,Other,2 of 2,Vote on the main motion after an amendment or referral was dealt with.,,https://pub-newwestcity.escribemeetings.com/FileStream.ashx?DocumentId=21144,https://pub-newwestcity.escribemeetings.com/Players/ISIStandAlonePlayer.aspx?Id=57ed3ac7-63ce-458d-9b61-149715e239a4,https://councilrecord.ca/newwest.html#vote/10mh6do,The question on the motion
2025-02-10,Council Meeting,,"That The Next Steps Of Assembly Evaluation Activities, Development Of Staff",Other,Carried,5,2,0,,,In favour,In favour,Against,In favour,In favour,Against,In favour,Other,,The minutes do not give separate motion text at this point; see the linked minutes.,,https://pub-newwestcity.escribemeetings.com/FileStream.ashx?DocumentId=21144,https://pub-newwestcity.escribemeetings.com/Players/ISIStandAlonePlayer.aspx?Id=57ed3ac7-63ce-458d-9b61-149715e239a4,https://councilrecord.ca/newwest.html#vote/1r9nx0w,
2025-02-10,Council Meeting,,That Staff Be Directed To Report To Council Prior To Making Significant Purchases,Amendment,Carried,7,0,0,,,In favour,In favour,In favour,In favour,In favour,In favour,In favour,Neighbourhood character,1 of 2,,,https://pub-newwestcity.escribemeetings.com/FileStream.ashx?DocumentId=21144,https://pub-newwestcity.escribemeetings.com/Players/ISIStandAlonePlayer.aspx?Id=57ed3ac7-63ce-458d-9b61-149715e239a4,https://councilrecord.ca/newwest.html#vote/3m3fs4,THAT the following be added as Part 3 to the main motion: “T HAT staff not undertake any non-essential work-related travel to the United States until further notice.”
2025-02-10,Council Meeting,,That Staff Be Directed To Report To Council Prior To Making Significant Purchases,Main motion,Carried,7,0,0,,,In favour,In favour,In favour,In favour,In favour,In favour,In favour,Neighbourhood character,2 of 2,Vote on the main motion after an amendment or referral was dealt with.,,https://pub-newwestcity.escribemeetings.com/FileStream.ashx?DocumentId=21144,https://pub-newwestcity.escribemeetings.com/Players/ISIStandAlonePlayer.aspx?Id=57ed3ac7-63ce-458d-9b61-149715e239a4,https://councilrecord.ca/newwest.html#vote/163chov,"The question on the main motion, as amended"
2025-02-10,Council Meeting,,That Staff Be Directed To Report Back With Information On Desired Centennial,Other,Carried,7,0,0,,,In favour,In favour,In favour,In favour,In favour,In favour,In favour,Parks & recreation,1 of 2,The minutes do not give separate motion text at this point; see the linked minutes.,,https://pub-newwestcity.escribemeetings.com/FileStream.ashx?DocumentId=21144,https://pub-newwestcity.escribemeetings.com/Players/ISIStandAlonePlayer.aspx?Id=57ed3ac7-63ce-458d-9b61-149715e239a4,https://councilrecord.ca/newwest.html#vote/zjrhgq,
2025-02-10,Council Meeting,,That Staff Be Directed To Report Back With Information On Desired Centennial,Main motion,Carried,7,0,0,,,In favour,In favour,In favour,In favour,In favour,In favour,In favour,Parks & recreation,2 of 2,Vote on the main motion after an amendment or referral was dealt with.,,https://pub-newwestcity.escribemeetings.com/FileStream.ashx?DocumentId=21144,https://pub-newwestcity.escribemeetings.com/Players/ISIStandAlonePlayer.aspx?Id=57ed3ac7-63ce-458d-9b61-149715e239a4,https://councilrecord.ca/newwest.html#vote/1otyi9q,"The question on the main motion, as amended"
2025-02-10,Council Meeting,,That The New West Electrical Utility Commission Be Requested To Concurrently,Amendment,Carried,7,0,0,,,In favour,In favour,In favour,In favour,In favour,In favour,In favour,Housing & density; Public services; Governance & elections,,,,https://pub-newwestcity.escribemeetings.com/FileStream.ashx?DocumentId=21144,https://pub-newwestcity.escribemeetings.com/Players/ISIStandAlonePlayer.aspx?Id=57ed3ac7-63ce-458d-9b61-149715e239a4,https://councilrecord.ca/newwest.html#vote/19cw0to,THAT the following be added as Part 3 to the main motion: “THAT the New Westminster Utility Commission include in its ongoing strategic planning and reporting back to Council a pathway to future residential rates that closely match BC Hydro rates while balancing other factors that assure the financial sustainability of the utility.”
2025-02-10,Council Meeting,,That The New Westminster Utility Commission Include In Its Ongoing Strategic,Other,Carried,5,2,0,,,In favour,In favour,Against,In favour,In favour,Against,In favour,Public services,,The minutes do not give separate motion text at this point; see the linked minutes.,,https://pub-newwestcity.escribemeetings.com/FileStream.ashx?DocumentId=21144,https://pub-newwestcity.escribemeetings.com/Players/ISIStandAlonePlayer.aspx?Id=57ed3ac7-63ce-458d-9b61-149715e239a4,https://councilrecord.ca/newwest.html#vote/1upe2vw,
2025-02-10,Council Meeting,,"Five - Year Financial Plan (2025 - 2029) Bylaw No. 8501, 2025",Main motion,Carried,5,2,0,,,In favour,In favour,Against,In favour,In favour,Against,In favour,Development; Taxes & spending,,,,https://pub-newwestcity.escribemeetings.com/FileStream.ashx?DocumentId=21144,https://pub-newwestcity.escribemeetings.com/Players/ISIStandAlonePlayer.aspx?Id=57ed3ac7-63ce-458d-9b61-149715e239a4,https://councilrecord.ca/newwest.html#vote/40uncu,"THAT Five - Year Financial Plan (2025 - 2029) Bylaw No. 8501, 2025 be adopted."
2025-02-10,Council Meeting,,"Zoning Bylaw No. 6680, 2001, Amendment Bylaw (Non - Profit Housing",Main motion,Carried,7,0,0,,,In favour,In favour,In favour,In favour,In favour,In favour,In favour,Housing & density; Development,,,,https://pub-newwestcity.escribemeetings.com/FileStream.ashx?DocumentId=21144,https://pub-newwestcity.escribemeetings.com/Players/ISIStandAlonePlayer.aspx?Id=57ed3ac7-63ce-458d-9b61-149715e239a4,https://councilrecord.ca/newwest.html#vote/yppm7g,"THAT Zoning Bylaw No. 6680, 2001, Amendment Bylaw (Non - Profit Housing Development) No. 8502, 2025 be adopted."
2025-02-10,Council Meeting,,Council - to - Council M eeting,Main motion,Carried,7,0,0,,,In favour,In favour,In favour,In favour,In favour,In favour,In favour,Governance & elections,,,,https://pub-newwestcity.escribemeetings.com/FileStream.ashx?DocumentId=21144,https://pub-newwestcity.escribemeetings.com/Players/ISIStandAlonePlayer.aspx?Id=57ed3ac7-63ce-458d-9b61-149715e239a4,https://councilrecord.ca/newwest.html#vote/hvj14i,"THAT the Special Council meeting scheduled for Wednesday, February 26, 2025 with Coquitlam City Council be held at Coquitlam City Hall, located at 3000 Guildford Way in Coquitlam, BC."
2025-02-24,Council Meeting,,"Items No. 4.1 through No. 4.10 be adopted by general consent, with the removal of Ite…",Main motion,Carried,6,0,1,,,In favour,In favour,In favour,In favour,In favour,In favour,Absent,Other,,,,https://pub-newwestcity.escribemeetings.com/FileStream.ashx?DocumentId=21358,https://pub-newwestcity.escribemeetings.com/Players/ISIStandAlonePlayer.aspx?Id=e2ae9d4c-7f5b-4438-b3ec-67a6702d81c2,https://councilrecord.ca/newwest.html#vote/1q2pbbs,"THAT Items No. 4.1 through No. 4.10 be adopted by general consent, with the removal of Items No. 4.4, 4.6, 4.7, 4.8, and 4.9."
2025-02-24,Council Meeting,,"Development Cost Charges Expenditure Bylaw No. 8513, 2025",Main motion,Carried,6,0,1,,,In favour,In favour,In favour,In favour,In favour,In favour,Absent,Development; Taxes & spending,,,,https://pub-newwestcity.escribemeetings.com/FileStream.ashx?DocumentId=21358,,https://councilrecord.ca/newwest.html#vote/1yy8k8f,"THAT Development Cost Charge Reserve (DCC) Funds Expenditure Bylaw No. 8513, 2025 (Attachment 1) to authorize a total expenditure of $1.53M from the DCC Reserves be introduced and given first, second, and third readings."
2025-02-24,Council Meeting,,Next Generation 911 Implementation and Operation Contract,Main motion,Carried,6,0,1,,,In favour,In favour,In favour,In favour,In favour,In favour,Absent,Taxes & spending; Governance & elections,,,,https://pub-newwestcity.escribemeetings.com/FileStream.ashx?DocumentId=21358,,https://councilrecord.ca/newwest.html#vote/hsg0hy,THAT the Chief Administrative Officer be authorized to execute and deliver the Next Generation 9-1-1 Implementation and Operation Contract with the Metro Vancouver Regional District.
2025-02-24,Council Meeting,,Policy on Routine Release of Closed Council Resolutions,Main motion,Carried,6,0,1,,,In favour,In favour,In favour,In favour,In favour,In favour,Absent,Other,,,,https://pub-newwestcity.escribemeetings.com/FileStream.ashx?DocumentId=21358,https://pub-newwestcity.escribemeetings.com/Players/ISIStandAlonePlayer.aspx?Id=e2ae9d4c-7f5b-4438-b3ec-67a6702d81c2,https://councilrecord.ca/newwest.html#vote/yk48aa,"THAT the policy on the Routine Release of Closed Council Resolutions, as included as Attachment 3 to the staff report titled “Policy on Routine Release of Closed Council Resolutions” dated February 24, 2025 from the Corporate Officer, be adopted."
2025-02-24,Council Meeting,,That The Following Be Added As Part 6 To The Main Motion: “That The Turf And,Other,Carried,6,0,1,,,In favour,In favour,In favour,In favour,In favour,In favour,Absent,Other,,The minutes do not give separate motion text at this point; see the linked minutes.,,https://pub-newwestcity.escribemeetings.com/FileStream.ashx?DocumentId=21358,https://pub-newwestcity.escribemeetings.com/Players/ISIStandAlonePlayer.aspx?Id=e2ae9d4c-7f5b-4438-b3ec-67a6702d81c2,https://councilrecord.ca/newwest.html#vote/k1f0ma,
2025-02-24,Council Meeting,,That The Turf And Track Installation Be Included As An Item For The Inaugural New,Main motion,Carried,6,0,1,,,In favour,In favour,In favour,In favour,In favour,In favour,Absent,Other,,Vote on the main motion after an amendment or referral was dealt with.,,https://pub-newwestcity.escribemeetings.com/FileStream.ashx?DocumentId=21358,https://pub-newwestcity.escribemeetings.com/Players/ISIStandAlonePlayer.aspx?Id=e2ae9d4c-7f5b-4438-b3ec-67a6702d81c2,https://councilrecord.ca/newwest.html#vote/1t1x6o7,"1. THAT staff be directed to continue work that is already underway that relates to furthering the Community Advisory Assembly’s recommendations on belonging and connecting, and to explore potential additional actions where feasible. 2. THAT City of New Westminster send a letter to Tourism, Arts, Culture and Sport Minister Spencer Chandra-Herbert, BC Province to support the urgent renewal of the [name removed], Festivals and Events Fund in support of a coalition of arts and culture organizations. 3. THAT City staff expand the scope of the feasibility study/technical analysis to construct an artificial turf field for the Ryall Park option to additionally include a track, or modified track. 4. THAT the resulting feasibility report include an estimate of the incremental project cost to include a track at the Ryall Park location. 5. THAT, should the Ryall Park site be recommended as the preferred location for the future artificial turf field, staff report back to Council with internal and external options of funding the incremental cost to expand the project scope to include a track. 6. THAT the turf and track installation be included as an item for the inaugural New Westminster Caucus meeting with local Members of the Legislative Assembly and Members of Parliament."
2025-02-24,Council Meeting,,Response to Notice of Motion: Lower Mainland Local Government Association,Main motion,Carried,6,0,1,,,In favour,In favour,In favour,In favour,In favour,In favour,Absent,Governance & elections,,,,https://pub-newwestcity.escribemeetings.com/FileStream.ashx?DocumentId=21358,https://pub-newwestcity.escribemeetings.com/Players/ISIStandAlonePlayer.aspx?Id=e2ae9d4c-7f5b-4438-b3ec-67a6702d81c2,https://councilrecord.ca/newwest.html#vote/18tso8s,"THAT the proposed resolution titled “Tracking and Reporting of Votes on Motions and Resolutions” included as Attachment 1 to the staff report titled “Response to Notice of Motion: Lower Mainland Local Government Association Tracking and Reporting of Votes on Motions and Resolutions” from the Corporate Officer, dated February 24, 2025, be endorsed for submission to the Lower Mainland Local Government Association."
2025-02-24,Council Meeting,,Response to Notice of Motion: Regulating Vape Shops,Main motion,Carried,6,0,1,,,In favour,In favour,In favour,In favour,In favour,In favour,Absent,Governance & elections,,,,https://pub-newwestcity.escribemeetings.com/FileStream.ashx?DocumentId=21358,https://pub-newwestcity.escribemeetings.com/Players/ISIStandAlonePlayer.aspx?Id=e2ae9d4c-7f5b-4438-b3ec-67a6702d81c2,https://councilrecord.ca/newwest.html#vote/uxy772,"THAT the proposed resolution titled “Regulating Vape Shops” included as Attachment 1 to the staff report titled “Response to Notice of Motion: Vape Shops” from the Corporate Officer, dated February 24, 2025, be endorsed for submission to the Lower Mainland Local Government Association."
2025-02-24,Council Meeting,,"That The April 7, 2025 Regular Council Meeting Be Held At Queensborough",Amendment,Carried,6,0,1,,,In favour,In favour,In favour,In favour,In favour,In favour,Absent,Public services,1 of 2,,,https://pub-newwestcity.escribemeetings.com/FileStream.ashx?DocumentId=21358,https://pub-newwestcity.escribemeetings.com/Players/ISIStandAlonePlayer.aspx?Id=e2ae9d4c-7f5b-4438-b3ec-67a6702d81c2,https://councilrecord.ca/newwest.html#vote/hkl3tr,THAT the following be added as Part 3 to the main motion: “THAT efforts be undertaken to ensure full accessibility for all meetings outside of City Hall.”
2025-02-24,Council Meeting,,"That The April 7, 2025 Regular Council Meeting Be Held At Queensborough",Main motion,Carried,6,0,1,,,In favour,In favour,In favour,In favour,In favour,In favour,Absent,Other,2 of 2,Vote on the main motion after an amendment or referral was dealt with.,,https://pub-newwestcity.escribemeetings.com/FileStream.ashx?DocumentId=21358,https://pub-newwestcity.escribemeetings.com/Players/ISIStandAlonePlayer.aspx?Id=e2ae9d4c-7f5b-4438-b3ec-67a6702d81c2,https://councilrecord.ca/newwest.html#vote/1w28ba2,"The question on the main motion, as amended"
2025-02-24,Council Meeting,,That The Following Be Added As Part M. To The Amendment: “That All Peoples,Other,Carried,5,1,1,,,Against,In favour,In favour,In favour,In favour,In favour,Absent,Other,1 of 3,The minutes do not give separate motion text at this point; see the linked minutes.,,https://pub-newwestcity.escribemeetings.com/FileStream.ashx?DocumentId=21358,https://pub-newwestcity.escribemeetings.com/Players/ISIStandAlonePlayer.aspx?Id=e2ae9d4c-7f5b-4438-b3ec-67a6702d81c2,https://councilrecord.ca/newwest.html#vote/1pw0xsv,
2025-02-24,Council Meeting,,That The Following Be Added As Part M. To The Amendment: “That All Peoples,Amendment,Defeated,2,4,1,,,Against,Against,In favour,Against,Against,In favour,Absent,Other,2 of 3,,,https://pub-newwestcity.escribemeetings.com/FileStream.ashx?DocumentId=21358,https://pub-newwestcity.escribemeetings.com/Players/ISIStandAlonePlayer.aspx?Id=e2ae9d4c-7f5b-4438-b3ec-67a6702d81c2,https://councilrecord.ca/newwest.html#vote/107fdxp,THAT Part c. be amended by adding “and faith - ” after “evidence - .”
2025-02-24,Council Meeting,,That The Following Be Added As Part M. To The Amendment: “That All Peoples,Amendment,Carried,4,2,1,,,In favour,In favour,Against,In favour,In favour,Against,Absent,Other,3 of 3,,,https://pub-newwestcity.escribemeetings.com/FileStream.ashx?DocumentId=21358,https://pub-newwestcity.escribemeetings.com/Players/ISIStandAlonePlayer.aspx?Id=e2ae9d4c-7f5b-4438-b3ec-67a6702d81c2,https://councilrecord.ca/newwest.html#vote/14sq7g9,"The question on the amendment, as amended"
2025-02-24,Council Meeting,,"That Part 2 Of The Main Motion, As Amended, Be Amended By Deleting “City Of New",Other,Carried,6,0,1,,,In favour,In favour,In favour,In favour,In favour,In favour,Absent,Other,,The minutes do not give separate motion text at this point; see the linked minutes.,,https://pub-newwestcity.escribemeetings.com/FileStream.ashx?DocumentId=21358,https://pub-newwestcity.escribemeetings.com/Players/ISIStandAlonePlayer.aspx?Id=e2ae9d4c-7f5b-4438-b3ec-67a6702d81c2,https://councilrecord.ca/newwest.html#vote/12ole9r,
2025-02-24,Council Meeting,,"That The Mayor Share The Content Of This Motion To The Provincial Government,",Main motion,Carried,6,0,1,,,In favour,In favour,In favour,In favour,In favour,In favour,Absent,Housing & density; Public services,,Vote on the main motion after an amendment or referral was dealt with.,,https://pub-newwestcity.escribemeetings.com/FileStream.ashx?DocumentId=21358,https://pub-newwestcity.escribemeetings.com/Players/ISIStandAlonePlayer.aspx?Id=e2ae9d4c-7f5b-4438-b3ec-67a6702d81c2,https://councilrecord.ca/newwest.html#vote/qvw7ex,"implement reforms to BC Housing, including providing BC Housing with a new mandate to work urgently and proactively with municipalities, and establishing BC Housing as the leading agency responsible for sheltering and supportive housing solutions in the province. f. Support for Community Safety Plans: That the Ministry of Public Safety and Solicitor General, in collaboration with the Minister of State for Community Safety, to create funding and support for local governments developing or implementing community safety and well-being plans. g. Provincial Urban Safety Improvement: That the Ministry of Public Safety and Solicitor General and the Ministry of State for Community Safety create a provincial urban downtown safety improvement plan, addressing the unique challenges faced by urban centers. h. Bail Reform and Court Efficiency: That the Attorney General act on bail reform, and to immediately increase funding for provincial court services to enhance the speed and efficiency in which violent and repeat offenders are processed through the court system. i. Municipal Infrastructure Funding: That the Ministry of Infrastructure collaborate with the Minister of Housing and Municipal Affairs, and the Ministry of Finance to establish a permanent and predictable municipal infrastructure funding program that supports the development and maintenance of essential infrastructure in communities across BC. j. Collaboration on Social Issues: That the Ministries of Health, Social Development and Poverty Reduction, Housing and Municipal Affairs, and Solicitor General to work collaboratively on the complex issues of poverty, encampments, community well-being, food security, mental health and addictions crises, and street disorder by establishing a roundtable, working group, or committee to address these challenges holistically and effectively. k. Expansion of Mental Health Response Programs: That the Ministry of Health expand the PACT/CLCR programs and advance civilian-led mental health response initiatives across British Columbia to ensure timely, effective, and compassionate responses to mental health crises. l. Cannabis Revenue Sharing: That the Ministry of Finance explore cannabis revenue sharing programs with local governments, ensuring that municipalities benefit from the revenue generated by cannabis sales to reinvest in local services and programs. m. That all peoples charged with crimes are provided with access to justice. 2. THAT the Mayor share the content of this motion to the provincial government, including relevant ministers, with the request for prompt action on these critical issues affecting communities across British Columbia.”"
2025-02-24,Council Meeting,,That The Annual Financial Report Provides A Complete Itemization Of Each Council,Other,Carried,6,0,1,,,In favour,In favour,In favour,In favour,In favour,In favour,Absent,Other,,The minutes do not give separate motion text at this point; see the linked minutes.,,https://pub-newwestcity.escribemeetings.com/FileStream.ashx?DocumentId=21358,https://pub-newwestcity.escribemeetings.com/Players/ISIStandAlonePlayer.aspx?Id=e2ae9d4c-7f5b-4438-b3ec-67a6702d81c2,https://councilrecord.ca/newwest.html#vote/13gb9gb,
2025-02-24,Council Meeting,,"Zoning Bylaw No. 6680, 2001, Amendment Bylaw (805 Boyd Street) No. 8411, 2025",Main motion,Carried,6,0,1,,,In favour,In favour,In favour,In favour,In favour,In favour,Absent,Development; Transportation,,,,https://pub-newwestcity.escribemeetings.com/FileStream.ashx?DocumentId=21358,https://pub-newwestcity.escribemeetings.com/Players/ISIStandAlonePlayer.aspx?Id=e2ae9d4c-7f5b-4438-b3ec-67a6702d81c2,https://councilrecord.ca/newwest.html#vote/1gdc25u,"THAT Zoning Bylaw No. 6680, 2001, Amendment Bylaw (805 Boyd Street) No. 8411, 2025 be adopted."
2025-02-24,Council Meeting,,"Mobile Food Vending Licence Bylaw No. 7850, 2016, Amendment Bylaw No. 8498,",Main motion,Carried,6,0,1,,,In favour,In favour,In favour,In favour,In favour,In favour,Absent,Development; Business & economy,,,,https://pub-newwestcity.escribemeetings.com/FileStream.ashx?DocumentId=21358,https://pub-newwestcity.escribemeetings.com/Players/ISIStandAlonePlayer.aspx?Id=e2ae9d4c-7f5b-4438-b3ec-67a6702d81c2,https://councilrecord.ca/newwest.html#vote/dqwjne,"THAT Mobile Food Vending Licence Bylaw No. 7850, 2016, Amendment Bylaw No. 8498, 2025 be adopted."
2025-02-24,Council Meeting,,"Shark Fin Regulation Bylaw No. 7564, 2012, Repeal Bylaw No. 8511, 2025",Main motion,Carried,6,0,1,,,In favour,In favour,In favour,In favour,In favour,In favour,Absent,Development,,,,https://pub-newwestcity.escribemeetings.com/FileStream.ashx?DocumentId=21358,https://pub-newwestcity.escribemeetings.com/Players/ISIStandAlonePlayer.aspx?Id=e2ae9d4c-7f5b-4438-b3ec-67a6702d81c2,https://councilrecord.ca/newwest.html#vote/zh9dno,"THAT Shark Fin Regulation Bylaw No. 7564, 2012, Repeal Bylaw No. 8511, 2025 be adopted."
2025-02-24,Council Meeting,,That Staff Notify Any Current Applicants Whose Proposal May Be Impacted By The,Other,Carried,4,2,1,,,In favour,In favour,Against,In favour,Against,In favour,Absent,Other,,The minutes do not give separate motion text at this point; see the linked minutes.,,https://pub-newwestcity.escribemeetings.com/FileStream.ashx?DocumentId=21358,https://pub-newwestcity.escribemeetings.com/Players/ISIStandAlonePlayer.aspx?Id=e2ae9d4c-7f5b-4438-b3ec-67a6702d81c2,https://councilrecord.ca/newwest.html#vote/ieuauy,
2025-03-10,Council Meeting,,Items No. 4.1 through No. 4.10 be adopted by general consent with the removal of Item…,Main motion,Carried,7,0,0,,,In favour,In favour,In favour,In favour,In favour,In favour,In favour,Other,,,,https://pub-newwestcity.escribemeetings.com/FileStream.ashx?DocumentId=21582,https://pub-newwestcity.escribemeetings.com/Players/ISIStandAlonePlayer.aspx?Id=d4560c16-054f-40c4-8b1d-a070f26497cd,https://councilrecord.ca/newwest.html#vote/ss74qu,"THAT Items No. 4.1 through No. 4.10 be adopted by general consent with the removal of Items No. 4.4, 4.5 and 4.7."
2025-03-10,Council Meeting,,"Proposed Revised Terms of Reference for the Arts, Culture and Economic",Main motion,Carried,7,0,0,,,In favour,In favour,In favour,In favour,In favour,In favour,In favour,Parks & recreation; Business & economy; Governance & elections,,,,https://pub-newwestcity.escribemeetings.com/FileStream.ashx?DocumentId=21582,,https://councilrecord.ca/newwest.html#vote/r1rr01,"THAT the Terms of Reference of the Arts, Culture and Economic Development Advisory Committee, included as Attachment 2 to the staff report titled “Proposed Revised Terms of Reference for the Arts, Culture and Economic Development Advisory Committee” dated March 10, 2025 from the Acting Director, Community Services, be approved as revised to include a voting member from the Sapperton Business Collective."
2025-03-10,Council Meeting,,"Subdivision and Development Control Bylaw No. 7142, 2007, Miscellaneous",Main motion,Carried,7,0,0,,,In favour,In favour,In favour,In favour,In favour,In favour,In favour,Development,,,,https://pub-newwestcity.escribemeetings.com/FileStream.ashx?DocumentId=21582,,https://councilrecord.ca/newwest.html#vote/1c7t8gb,"THAT Subdivision and Development Control Bylaw No. 7142, 2007, Miscellaneous Amendments Bylaw No. 8515, 2025 be introduced and given first, second and third readings."
2025-03-10,Council Meeting,,That Staff Be Directed To Endorse The Applications Of Establishments With Existing,Other,Carried,7,0,0,,,In favour,In favour,In favour,In favour,In favour,In favour,In favour,Other,,The minutes do not give separate motion text at this point; see the linked minutes.,,https://pub-newwestcity.escribemeetings.com/FileStream.ashx?DocumentId=21582,https://pub-newwestcity.escribemeetings.com/Players/ISIStandAlonePlayer.aspx?Id=d4560c16-054f-40c4-8b1d-a070f26497cd,https://councilrecord.ca/newwest.html#vote/903aey,
2025-03-10,Council Meeting,,New Westminster Awarded $1.466 Million from Health Canada’s Emergency,Main motion,Carried,7,0,0,,,In favour,In favour,In favour,In favour,In favour,In favour,In favour,Taxes & spending; Public services,,,,https://pub-newwestcity.escribemeetings.com/FileStream.ashx?DocumentId=21582,https://pub-newwestcity.escribemeetings.com/Players/ISIStandAlonePlayer.aspx?Id=d4560c16-054f-40c4-8b1d-a070f26497cd,https://councilrecord.ca/newwest.html#vote/zf125j,THAT Council receive this Federal Government funding announcement for information.
2025-03-10,Council Meeting,,That A Letter Be Written To The Minister Of Housing And Municipal Affairs,Main motion,Carried,7,0,0,,,In favour,In favour,In favour,In favour,In favour,In favour,In favour,Housing & density; Governance & elections,,Vote on the main motion after an amendment or referral was dealt with.,,https://pub-newwestcity.escribemeetings.com/FileStream.ashx?DocumentId=21582,https://pub-newwestcity.escribemeetings.com/Players/ISIStandAlonePlayer.aspx?Id=d4560c16-054f-40c4-8b1d-a070f26497cd,https://councilrecord.ca/newwest.html#vote/1616wu3,The question on the motion
2025-03-10,Council Meeting,,That The Following Be Added As Part 2 To The Main Motion: “That Advocacy For,Other,Carried,5,2,0,,,In favour,In favour,Against,In favour,In favour,Against,In favour,Governance & elections,1 of 2,The minutes do not give separate motion text at this point; see the linked minutes.,,https://pub-newwestcity.escribemeetings.com/FileStream.ashx?DocumentId=21582,https://pub-newwestcity.escribemeetings.com/Players/ISIStandAlonePlayer.aspx?Id=d4560c16-054f-40c4-8b1d-a070f26497cd,https://councilrecord.ca/newwest.html#vote/9kbsjq,
2025-03-10,Council Meeting,,That The Following Be Added As Part 2 To The Main Motion: “That Advocacy For,Main motion,Carried,7,0,0,,,In favour,In favour,In favour,In favour,In favour,In favour,In favour,Taxes & spending; Governance & elections,2 of 2,Vote on the main motion after an amendment or referral was dealt with.,,https://pub-newwestcity.escribemeetings.com/FileStream.ashx?DocumentId=21582,https://pub-newwestcity.escribemeetings.com/Players/ISIStandAlonePlayer.aspx?Id=d4560c16-054f-40c4-8b1d-a070f26497cd,https://councilrecord.ca/newwest.html#vote/146z075,1. THAT a letter be written to the Minister of Education in support of School District 40’s capital needs that reflect their Long-Range Facilities Plan. 2. THAT the following be added as Part 2 to the main motion: “THAT advocacy for capital projects be added to the agenda of the next School Board/City Working Group.
2025-03-10,Council Meeting,,"Official Community Plan Bylaw No. 7925, 2017 – adoption",Main motion,Carried,7,0,0,,,In favour,In favour,In favour,In favour,In favour,In favour,In favour,Housing & density; Development,,,,https://pub-newwestcity.escribemeetings.com/FileStream.ashx?DocumentId=21582,https://pub-newwestcity.escribemeetings.com/Players/ISIStandAlonePlayer.aspx?Id=d4560c16-054f-40c4-8b1d-a070f26497cd,https://councilrecord.ca/newwest.html#vote/knh7k6,"THAT Official Community Plan Bylaw No. 7925, 2017, Amendment Bylaw (1084 Tanaka Court) No. 8483, 2024 be adopted"
2025-03-10,Council Meeting,,"Zoning Bylaw No. 6680, 2001 – adoption",Main motion,Carried,7,0,0,,,In favour,In favour,In favour,In favour,In favour,In favour,In favour,Development,,,,https://pub-newwestcity.escribemeetings.com/FileStream.ashx?DocumentId=21582,https://pub-newwestcity.escribemeetings.com/Players/ISIStandAlonePlayer.aspx?Id=d4560c16-054f-40c4-8b1d-a070f26497cd,https://councilrecord.ca/newwest.html#vote/1bf4ybd,"THAT Zoning Bylaw No. 6680, 2001, Amendment Bylaw (1084 Tanaka Court) No. 8484, 2024 be adopted"
2025-03-10,Council Meeting,,"Development Cost Charge Reserve Funds Expenditure Bylaw No. 8513, 2025 – adoption",Main motion,Carried,7,0,0,,,In favour,In favour,In favour,In favour,In favour,In favour,In favour,Development; Taxes & spending,,,,https://pub-newwestcity.escribemeetings.com/FileStream.ashx?DocumentId=21582,https://pub-newwestcity.escribemeetings.com/Players/ISIStandAlonePlayer.aspx?Id=d4560c16-054f-40c4-8b1d-a070f26497cd,https://councilrecord.ca/newwest.html#vote/a30s37,"THAT Development Cost Charge Reserve Funds Expenditure Bylaw No. 8513, 2025 be adopted"
2025-03-24,Council Meeting,,Items No. 4.1 through No. 4.4 be adopted by general consent with the removal of Items…,Main motion,Carried,7,0,0,,,In favour,In favour,In favour,In favour,In favour,In favour,In favour,Other,,,,https://pub-newwestcity.escribemeetings.com/FileStream.ashx?DocumentId=21651,https://pub-newwestcity.escribemeetings.com/Players/ISIStandAlonePlayer.aspx?Id=fe25fb66-5bb0-4939-9d1d-c1a05c2fd1ee,https://councilrecord.ca/newwest.html#vote/1m0pf2,THAT Items No. 4.1 through No. 4.4 be adopted by general consent with the removal of Items No. 4.2 and 4.4.
2025-03-24,Council Meeting,,That Staff Report Back With An Analysis On Opportunities And Consequences Of,Amendment,Carried,7,0,0,,,In favour,In favour,In favour,In favour,In favour,In favour,In favour,Public services,1 of 3,,,https://pub-newwestcity.escribemeetings.com/FileStream.ashx?DocumentId=21651,https://pub-newwestcity.escribemeetings.com/Players/ISIStandAlonePlayer.aspx?Id=fe25fb66-5bb0-4939-9d1d-c1a05c2fd1ee,https://councilrecord.ca/newwest.html#vote/1qre688,THAT the amendment be amended by adding “low - income residents such as” before “seniors.”
2025-03-24,Council Meeting,,That Staff Report Back With An Analysis On Opportunities And Consequences Of,Amendment,Carried,6,1,0,,,In favour,In favour,In favour,In favour,Against,In favour,In favour,Other,2 of 3,,,https://pub-newwestcity.escribemeetings.com/FileStream.ashx?DocumentId=21651,https://pub-newwestcity.escribemeetings.com/Players/ISIStandAlonePlayer.aspx?Id=fe25fb66-5bb0-4939-9d1d-c1a05c2fd1ee,https://councilrecord.ca/newwest.html#vote/1f74vxj,"The question on the amendment, as amended"
2025-03-24,Council Meeting,,That Staff Report Back With An Analysis On Opportunities And Consequences Of,Amendment,Defeated,2,5,0,,,Against,Against,In favour,Against,Against,In favour,Against,Housing & density,3 of 3,,,https://pub-newwestcity.escribemeetings.com/FileStream.ashx?DocumentId=21651,https://pub-newwestcity.escribemeetings.com/Players/ISIStandAlonePlayer.aspx?Id=fe25fb66-5bb0-4939-9d1d-c1a05c2fd1ee,https://councilrecord.ca/newwest.html#vote/1as1h04,"THAT Part 2 be deleted in its entirety and replace d with the following: “THAT staff be directed, where possible, to incorporate a comparable equivalent strategy in the Tenant Relocation Policy moving forward.”"
2025-03-24,Council Meeting,,That Staff Report Back With An Analysis On Higher Compensation For Low-Income,Main motion,Carried,7,0,0,,,In favour,In favour,In favour,In favour,In favour,In favour,In favour,Housing & density,,Vote on the main motion after an amendment or referral was dealt with.,,https://pub-newwestcity.escribemeetings.com/FileStream.ashx?DocumentId=21651,https://pub-newwestcity.escribemeetings.com/Players/ISIStandAlonePlayer.aspx?Id=fe25fb66-5bb0-4939-9d1d-c1a05c2fd1ee,https://councilrecord.ca/newwest.html#vote/158wxo,"The question on the main motion, as amended, which now reads: “1. THAT the principles outlined in the Proposed Principles to Update the City’s Tenant Relocation Policy Section of the March 24, 2025 report titled “Tenant Relocation Policy – Engagement and Policy Update” be used as a basis for the update to the City’s Tenant Relocation Policy; 2. THAT staff report back with an analysis on opportunities and consequences of including larger floor space standards in rental units as part of the Tenant Relocation Policy.; and 3. THAT staff report back with an analysis on higher compensation for low-income residents such as seniors and people living with disabilities.”"
2025-03-24,Council Meeting,,That No Public Hearing Be Held For The Zoning Amendment Bylaw (Storage,Main motion,Carried,4,3,0,,,In favour,In favour,Against,In favour,Against,Against,In favour,Development,,Vote on the main motion after an amendment or referral was dealt with.,,https://pub-newwestcity.escribemeetings.com/FileStream.ashx?DocumentId=21651,https://pub-newwestcity.escribemeetings.com/Players/ISIStandAlonePlayer.aspx?Id=fe25fb66-5bb0-4939-9d1d-c1a05c2fd1ee,https://councilrecord.ca/newwest.html#vote/15r5we1,The question on the motion
2025-03-24,Council Meeting,,That No Further Expansion Of Naturalized Areas On Queen’S Park Neighbourhood,Amendment,Defeated,2,5,0,,,Against,Against,In favour,Against,Against,In favour,Against,Transportation; Parks & recreation,1 of 4,,,https://pub-newwestcity.escribemeetings.com/FileStream.ashx?DocumentId=21651,https://pub-newwestcity.escribemeetings.com/Players/ISIStandAlonePlayer.aspx?Id=fe25fb66-5bb0-4939-9d1d-c1a05c2fd1ee,https://councilrecord.ca/newwest.html#vote/sklies,THAT the Fifth Street boulevard be returned to its previous state prior to the Rewilding Pilot Project.”
2025-03-24,Council Meeting,,That No Further Expansion Of Naturalized Areas On Queen’S Park Neighbourhood,Amendment,Carried,5,2,0,,,In favour,In favour,Against,In favour,In favour,Against,In favour,Parks & recreation,2 of 4,,,https://pub-newwestcity.escribemeetings.com/FileStream.ashx?DocumentId=21651,https://pub-newwestcity.escribemeetings.com/Players/ISIStandAlonePlayer.aspx?Id=fe25fb66-5bb0-4939-9d1d-c1a05c2fd1ee,https://councilrecord.ca/newwest.html#vote/j9bl1h,The question on the amendment
2025-03-24,Council Meeting,,That No Further Expansion Of Naturalized Areas On Queen’S Park Neighbourhood,Main motion,Carried,5,2,0,,,In favour,In favour,Against,In favour,In favour,Against,In favour,Parks & recreation,3 of 4,Vote on the main motion after an amendment or referral was dealt with.,,https://pub-newwestcity.escribemeetings.com/FileStream.ashx?DocumentId=21651,https://pub-newwestcity.escribemeetings.com/Players/ISIStandAlonePlayer.aspx?Id=fe25fb66-5bb0-4939-9d1d-c1a05c2fd1ee,https://councilrecord.ca/newwest.html#vote/1wb1om7,"The question on Part 1, as amended"
2025-03-24,Council Meeting,,That No Further Expansion Of Naturalized Areas On Queen’S Park Neighbourhood,Main motion,Carried,7,0,0,,,In favour,In favour,In favour,In favour,In favour,In favour,In favour,Parks & recreation,4 of 4,Vote on the main motion after an amendment or referral was dealt with.,,https://pub-newwestcity.escribemeetings.com/FileStream.ashx?DocumentId=21651,https://pub-newwestcity.escribemeetings.com/Players/ISIStandAlonePlayer.aspx?Id=fe25fb66-5bb0-4939-9d1d-c1a05c2fd1ee,https://councilrecord.ca/newwest.html#vote/1cctun8,"The question on Part 2, as amended"
2025-03-24,Council Meeting,,That Staff Reach Out To School District 40 To Explore Opportunities For School-,Amendment,Carried,7,0,0,,,In favour,In favour,In favour,In favour,In favour,In favour,In favour,Other,,,,https://pub-newwestcity.escribemeetings.com/FileStream.ashx?DocumentId=21651,https://pub-newwestcity.escribemeetings.com/Players/ISIStandAlonePlayer.aspx?Id=fe25fb66-5bb0-4939-9d1d-c1a05c2fd1ee,https://councilrecord.ca/newwest.html#vote/1kmn44c,The question on the amendment
2025-03-24,Council Meeting,,That Staff Reach Out To School District 40 To Explore Opportunities For School-Aged,Main motion,Carried,7,0,0,,,In favour,In favour,In favour,In favour,In favour,In favour,In favour,Neighbourhood character,,Vote on the main motion after an amendment or referral was dealt with.,,https://pub-newwestcity.escribemeetings.com/FileStream.ashx?DocumentId=21651,https://pub-newwestcity.escribemeetings.com/Players/ISIStandAlonePlayer.aspx?Id=fe25fb66-5bb0-4939-9d1d-c1a05c2fd1ee,https://councilrecord.ca/newwest.html#vote/55ssjc,"The question on the m ain motion , as amended, which now reads: “1. THAT staff report back to Council on existing policies and options for consideration to significantly enhance a “Priority New West” policy that provides local residents and businesses with priority access to City operated programs and services; 2. THAT the report include a comparison of other jurisdictions in our region regarding what initiatives they have implemented to provide their citizens and business owners with priority access; 3. THAT staff report back on opportunities to further increase the accessibility of current recreation programs including exploring options around staggered registration dates for high-demand recreation programs; and 4. THAT staff reach out to School District 40 to explore opportunities for school-aged children to participate in high-demand programs such as swimming or gymnastic lessons during school hours as part of their educational curriculum.”"
2025-03-24,Council Meeting,,"Street and Sidewalk Patio Bylaw No. 8318, 2022, Amendment Bylaw No. 8514, 2025",Main motion,Carried,7,0,0,,,In favour,In favour,In favour,In favour,In favour,In favour,In favour,Development; Transportation; Neighbourhood character; Business & economy,,,,https://pub-newwestcity.escribemeetings.com/FileStream.ashx?DocumentId=21651,https://pub-newwestcity.escribemeetings.com/Players/ISIStandAlonePlayer.aspx?Id=fe25fb66-5bb0-4939-9d1d-c1a05c2fd1ee,https://councilrecord.ca/newwest.html#vote/1esj10m,"THAT Street and Sidewalk Patio Bylaw No. 8318, 2022, Amendment Bylaw No. 8514, 2025 be adopted."
2025-03-24,Council Meeting,,"Subdivision and Development Control Bylaw No. 7142, 2008, Miscellaneous",Main motion,Carried,7,0,0,,,In favour,In favour,In favour,In favour,In favour,In favour,In favour,Development,,,,https://pub-newwestcity.escribemeetings.com/FileStream.ashx?DocumentId=21651,https://pub-newwestcity.escribemeetings.com/Players/ISIStandAlonePlayer.aspx?Id=fe25fb66-5bb0-4939-9d1d-c1a05c2fd1ee,https://councilrecord.ca/newwest.html#vote/1bn7okp,"THAT Subdivision and Development Control Bylaw No. 7142, 2008, Miscellaneous Amendments Bylaw No. 8515, 2025 be adopted."
2025-03-24,Council Meeting,,"The April 28, 2025 Regular Council meeting be rescheduled to May 5, 2025 at 6:00 p.m.…",Main motion,Carried,7,0,0,,,In favour,In favour,In favour,In favour,In favour,In favour,In favour,Other,,,,https://pub-newwestcity.escribemeetings.com/FileStream.ashx?DocumentId=21651,https://pub-newwestcity.escribemeetings.com/Players/ISIStandAlonePlayer.aspx?Id=fe25fb66-5bb0-4939-9d1d-c1a05c2fd1ee,https://councilrecord.ca/newwest.html#vote/g6yxda,"THAT the April 28, 2025 Regular Council meeting be rescheduled to May 5, 2025 at 6:00 p.m. in the Council Chamber at New Westminster City Hall."
2025-04-07,Council Meeting,,Items No. 4.1 through No. 4.11 be adopted by general consent with the removal of Item…,Main motion,Carried,6,0,1,,,In favour,In favour,In favour,In favour,Absent,In favour,In favour,Other,,,,https://pub-newwestcity.escribemeetings.com/FileStream.ashx?DocumentId=21857,https://pub-newwestcity.escribemeetings.com/Players/ISIStandAlonePlayer.aspx?Id=3ab79ae9-10f5-4dd5-8ad3-b48391685c3e,https://councilrecord.ca/newwest.html#vote/7pridu,THAT Items No. 4.1 through No. 4.11 be adopted by general consent with the removal of Items No. 4.3 and 4.8
2025-04-07,Council Meeting,,Construction Noise Bylaw Exemption Request: 330 East Columbia Street (Royal,Main motion,Carried,6,0,1,,,In favour,In favour,In favour,In favour,Absent,In favour,In favour,Development; Transportation; Neighbourhood character; Business & economy,,,,https://pub-newwestcity.escribemeetings.com/FileStream.ashx?DocumentId=21857,,https://councilrecord.ca/newwest.html#vote/1md8424,"THAT an exemption from Construction Noise Bylaw No. 6063, 1992 to All Roads Construction Ltd. from 8:00 PM to 7:00 AM for four nights between Tuesday, April 8, 2025 and Wednesday, April 30, 2025 (excluding Saturdays, Sundays and statutory holidays) at the 300 block East Columbia Street be approved."
2025-04-07,Council Meeting,,"Zoning Bylaw No. 6680, 2001, Miscellaneous Amendments Bylaw No. 8495, 2025",Main motion,Carried,6,0,1,,,In favour,In favour,In favour,In favour,Absent,In favour,In favour,Development,,,,https://pub-newwestcity.escribemeetings.com/FileStream.ashx?DocumentId=21857,,https://councilrecord.ca/newwest.html#vote/1099op2,"THAT Zoning Bylaw No. 6680, 2001, Miscellaneous Amendments Bylaw No. 8495, 2025 be given first, second and third readings."
2025-04-07,Council Meeting,,That The Staff Report Titled “10-Year Anvil Review Recommendations Update” From,Other,Carried,6,0,1,,,In favour,In favour,In favour,In favour,Absent,In favour,In favour,Other,,The minutes do not give separate motion text at this point; see the linked minutes.,,https://pub-newwestcity.escribemeetings.com/FileStream.ashx?DocumentId=21857,https://pub-newwestcity.escribemeetings.com/Players/ISIStandAlonePlayer.aspx?Id=3ab79ae9-10f5-4dd5-8ad3-b48391685c3e,https://councilrecord.ca/newwest.html#vote/112s5db,
2025-04-07,Council Meeting,,"Bylaw No. 8518, 2025",Main motion,Carried,6,0,1,,,In favour,In favour,In favour,In favour,Absent,In favour,In favour,Development,,Vote on the main motion after an amendment or referral was dealt with.,,https://pub-newwestcity.escribemeetings.com/FileStream.ashx?DocumentId=21857,https://pub-newwestcity.escribemeetings.com/Players/ISIStandAlonePlayer.aspx?Id=3ab79ae9-10f5-4dd5-8ad3-b48391685c3e,https://councilrecord.ca/newwest.html#vote/e1xo9e,The question on the motion
2025-04-07,Council Meeting,,"Zoning Bylaw No. 6680, 2001 – first, second and third reading",Main motion,Carried,6,0,1,,,In favour,In favour,In favour,In favour,Absent,In favour,In favour,Housing & density; Development,,,,https://pub-newwestcity.escribemeetings.com/FileStream.ashx?DocumentId=21857,https://pub-newwestcity.escribemeetings.com/Players/ISIStandAlonePlayer.aspx?Id=3ab79ae9-10f5-4dd5-8ad3-b48391685c3e,https://councilrecord.ca/newwest.html#vote/17lvi08,"THAT Zoning Bylaw No. 6680, 2001, Multiple Unit Residential Storage Requirements Amendments Bylaw No. 8519, 2025 be given first, second and third readings."
2025-04-07,Council Meeting,,Inventory of Municipal Arts and Culture Indoor and Outdoor Spaces,Main motion,Carried,6,0,1,,,In favour,In favour,In favour,In favour,Absent,In favour,In favour,Parks & recreation,,Vote on the main motion after an amendment or referral was dealt with.,,https://pub-newwestcity.escribemeetings.com/FileStream.ashx?DocumentId=21857,https://pub-newwestcity.escribemeetings.com/Players/ISIStandAlonePlayer.aspx?Id=3ab79ae9-10f5-4dd5-8ad3-b48391685c3e,https://councilrecord.ca/newwest.html#vote/47bapi,The question on the motion
2025-05-05,Council Meeting,,Presentations & Delegations,Main motion,Carried,7,0,0,,,In favour,In favour,In favour,In favour,In favour,In favour,In favour,Taxes & spending,,,,https://pub-newwestcity.escribemeetings.com/FileStream.ashx?DocumentId=21987,https://pub-newwestcity.escribemeetings.com/Players/ISIStandAlonePlayer.aspx?Id=ba613487-effa-436a-8928-ab5e2451c827,https://councilrecord.ca/newwest.html#vote/s2xgz7,"THAT the City’s financial statements for the fiscal year ended December 31, 2024 be accepted."
2025-05-05,Council Meeting,,"Items No . 4.1 through No. 4.14 be adopted by general consent, with the removal of It…",Main motion,Carried,7,0,0,,,In favour,In favour,In favour,In favour,In favour,In favour,In favour,Other,,,,https://pub-newwestcity.escribemeetings.com/FileStream.ashx?DocumentId=21987,https://pub-newwestcity.escribemeetings.com/Players/ISIStandAlonePlayer.aspx?Id=ba613487-effa-436a-8928-ab5e2451c827,https://councilrecord.ca/newwest.html#vote/wjax9h,"THAT Items No . 4.1 through No. 4.14 be adopted by general consent, with the removal of Items No. 4.2, 4.4, 4.5, 4.8, 4.10 and 4.11."
2025-05-05,Council Meeting,,"Amendment to the Water Shortage Response Bylaw No, 6948, 2004 – Minor",Main motion,Carried,7,0,0,,,In favour,In favour,In favour,In favour,In favour,In favour,In favour,Development; Public services,,,,https://pub-newwestcity.escribemeetings.com/FileStream.ashx?DocumentId=21987,,https://councilrecord.ca/newwest.html#vote/ncvoya,"THAT Water Shortage Response Bylaw No. 6948, 2004, Amendment Bylaw No. 8521, 2025 be introduced and given first, second and third readings."
2025-05-05,Council Meeting,,Response to Council Motion Regarding the City of New Westminster joining the,Main motion,Carried,7,0,0,,,In favour,In favour,In favour,In favour,In favour,In favour,In favour,Other,,,,https://pub-newwestcity.escribemeetings.com/FileStream.ashx?DocumentId=21987,,https://councilrecord.ca/newwest.html#vote/1ef2crf,THAT the City of New Westminster enrol as a member of the Strong Cities Network.
2025-05-05,Council Meeting,,Consideration Of Items Removed From The Consent Agenda,Main motion,Carried,5,2,0,,,In favour,In favour,Against,In favour,In favour,Against,In favour,Development; Taxes & spending,,,,https://pub-newwestcity.escribemeetings.com/FileStream.ashx?DocumentId=21987,https://pub-newwestcity.escribemeetings.com/Players/ISIStandAlonePlayer.aspx?Id=ba613487-effa-436a-8928-ab5e2451c827,https://councilrecord.ca/newwest.html#vote/1jd11wq,"THAT Tax Rate Bylaw No. 8516, 2025 be introduced and given first, second and third readings."
2025-05-05,Council Meeting,,"That Staff Proceed With A Technical Feasibility Study, Focused Solely On The Ryall",Other,Carried,7,0,0,,,In favour,In favour,In favour,In favour,In favour,In favour,In favour,Other,,The minutes do not give separate motion text at this point; see the linked minutes.,,https://pub-newwestcity.escribemeetings.com/FileStream.ashx?DocumentId=21987,https://pub-newwestcity.escribemeetings.com/Players/ISIStandAlonePlayer.aspx?Id=ba613487-effa-436a-8928-ab5e2451c827,https://councilrecord.ca/newwest.html#vote/zaiig8,
2025-05-05,Council Meeting,,City - w ide Toilet Strategy: Interim Progress Report,Main motion,Carried,7,0,0,,,In favour,In favour,In favour,In favour,In favour,In favour,In favour,Other,,,,https://pub-newwestcity.escribemeetings.com/FileStream.ashx?DocumentId=21987,https://pub-newwestcity.escribemeetings.com/Players/ISIStandAlonePlayer.aspx?Id=ba613487-effa-436a-8928-ab5e2451c827,https://councilrecord.ca/newwest.html#vote/l3obg8,"THAT staff implement phases 3 and 4 of the City - wide Toilet Strategy Workplan as outlined in the report titled “City-wide Toilet Strategy: Interim Progress Report” dated May 5, 2025."
2025-05-05,Council Meeting,,That A Meeting Be Requested With The New Chair Of The Board Of Directors For,Other,Carried,7,0,0,,,In favour,In favour,In favour,In favour,In favour,In favour,In favour,Governance & elections,,The minutes do not give separate motion text at this point; see the linked minutes.,,https://pub-newwestcity.escribemeetings.com/FileStream.ashx?DocumentId=21987,https://pub-newwestcity.escribemeetings.com/Players/ISIStandAlonePlayer.aspx?Id=ba613487-effa-436a-8928-ab5e2451c827,https://councilrecord.ca/newwest.html#vote/20zk45,
2025-05-05,Council Meeting,,Update on Response to Council Motion: “Enhancing Commercial Areas and,Main motion,Carried,7,0,0,,,In favour,In favour,In favour,In favour,In favour,In favour,In favour,Business & economy,,,,https://pub-newwestcity.escribemeetings.com/FileStream.ashx?DocumentId=21987,https://pub-newwestcity.escribemeetings.com/Players/ISIStandAlonePlayer.aspx?Id=ba613487-effa-436a-8928-ab5e2451c827,https://councilrecord.ca/newwest.html#vote/1bk57ou,"THAT staff continue to explore identification of potential location(s), operating considerations, resources and community partners on a micro-retailing project using shipping containers or a similar concept, and report back to Council by July 2025."
2025-05-05,Council Meeting,,"Zoning Bylaw No. 6680, 2001, Storage Amendments Bylaw No. 8518, 2025",Main motion,Carried,4,3,0,,,In favour,In favour,Against,In favour,Against,Against,In favour,Development,,Vote on the main motion after an amendment or referral was dealt with.,,https://pub-newwestcity.escribemeetings.com/FileStream.ashx?DocumentId=21987,https://pub-newwestcity.escribemeetings.com/Players/ISIStandAlonePlayer.aspx?Id=ba613487-effa-436a-8928-ab5e2451c827,https://councilrecord.ca/newwest.html#vote/cdzhhx,The question on the motion
2025-05-05,Council Meeting,,Securing Small Business Rebate Funding Renewal,Main motion,Carried,7,0,0,,,In favour,In favour,In favour,In favour,In favour,In favour,In favour,Taxes & spending; Business & economy,,Vote on the main motion after an amendment or referral was dealt with.,,https://pub-newwestcity.escribemeetings.com/FileStream.ashx?DocumentId=21987,https://pub-newwestcity.escribemeetings.com/Players/ISIStandAlonePlayer.aspx?Id=ba613487-effa-436a-8928-ab5e2451c827,https://councilrecord.ca/newwest.html#vote/ci8ilk,The question on the motion
2025-05-05,Council Meeting,,That Staff Explore The Option To Establish An Enhanced Public Notification And,Amendment,Carried,7,0,0,,,In favour,In favour,In favour,In favour,In favour,In favour,In favour,Other,1 of 3,,,https://pub-newwestcity.escribemeetings.com/FileStream.ashx?DocumentId=21987,https://pub-newwestcity.escribemeetings.com/Players/ISIStandAlonePlayer.aspx?Id=ba613487-effa-436a-8928-ab5e2451c827,https://councilrecord.ca/newwest.html#vote/vzl410,THAT Part 1 of the motion be amended by deleting “independent.”
2025-05-05,Council Meeting,,That Staff Explore The Option To Establish An Enhanced Public Notification And,Main motion,Carried,6,1,0,,,In favour,In favour,In favour,In favour,In favour,In favour,Against,Other,2 of 3,Vote on the main motion after an amendment or referral was dealt with.,,https://pub-newwestcity.escribemeetings.com/FileStream.ashx?DocumentId=21987,https://pub-newwestcity.escribemeetings.com/Players/ISIStandAlonePlayer.aspx?Id=ba613487-effa-436a-8928-ab5e2451c827,https://councilrecord.ca/newwest.html#vote/182qaxz,"The question on Part 1 of the main motion, as amended"
2025-05-05,Council Meeting,,That Staff Explore The Option To Establish An Enhanced Public Notification And,Main motion,Carried,7,0,0,,,In favour,In favour,In favour,In favour,In favour,In favour,In favour,Other,3 of 3,Vote on the main motion after an amendment or referral was dealt with.,,https://pub-newwestcity.escribemeetings.com/FileStream.ashx?DocumentId=21987,https://pub-newwestcity.escribemeetings.com/Players/ISIStandAlonePlayer.aspx?Id=ba613487-effa-436a-8928-ab5e2451c827,https://councilrecord.ca/newwest.html#vote/1m7l1d6,The question on Part 2 of the main motion
2025-05-05,Council Meeting,,Removing the 3.5% Climate Action Levy from the 2026 Electricity Bills as part of,Main motion,Defeated,2,5,0,,,Against,Against,In favour,Against,Against,In favour,Against,Taxes & spending; Environment & climate,,,,https://pub-newwestcity.escribemeetings.com/FileStream.ashx?DocumentId=21987,https://pub-newwestcity.escribemeetings.com/Players/ISIStandAlonePlayer.aspx?Id=ba613487-effa-436a-8928-ab5e2451c827,https://councilrecord.ca/newwest.html#vote/wpj663,"THAT staff be directed to permanently eliminate the 3.5% Climate Action Levy as part of the 2026 budget, which will be presented to Council for review and approval."
2025-05-05,Council Meeting,,"Zoning Bylaw No. 6680, 2001, Miscellaneous Amendments Bylaw No. 8495, 2025",Main motion,Carried,7,0,0,,,In favour,In favour,In favour,In favour,In favour,In favour,In favour,Development,,,,https://pub-newwestcity.escribemeetings.com/FileStream.ashx?DocumentId=21987,https://pub-newwestcity.escribemeetings.com/Players/ISIStandAlonePlayer.aspx?Id=ba613487-effa-436a-8928-ab5e2451c827,https://councilrecord.ca/newwest.html#vote/ycdh7w,"THAT Zoning Bylaw No. 6680, 2001, Miscellaneous Amendments Bylaw No. 8495, 2025 be adopted."
2025-05-05,Council Meeting,,"Zoning Bylaw No. 6680, 2001, Multiple Unit Residential Storage Requirements",Main motion,Carried,5,2,0,,,In favour,In favour,Against,In favour,In favour,Against,In favour,Housing & density; Development,,,,https://pub-newwestcity.escribemeetings.com/FileStream.ashx?DocumentId=21987,https://pub-newwestcity.escribemeetings.com/Players/ISIStandAlonePlayer.aspx?Id=ba613487-effa-436a-8928-ab5e2451c827,https://councilrecord.ca/newwest.html#vote/pk4xn,"THAT Zoning Bylaw No. 6680, 2001, Multiple Unit Residential Storage Requirements Amendments Bylaw No. 8519, 2025 be adopted."
2025-05-12,Council Meeting,,That Staff Add $110K And An Additional 0.5 Fte To The 2026 Budget Process.,Main motion,Carried,5,2,0,,,In favour,In favour,Against,In favour,In favour,Against,In favour,Taxes & spending,,Vote on the main motion after an amendment or referral was dealt with.,,https://pub-newwestcity.escribemeetings.com/FileStream.ashx?DocumentId=22006,https://pub-newwestcity.escribemeetings.com/Players/ISIStandAlonePlayer.aspx?Id=8e469e51-2305-481c-851a-b8e694be712e,https://councilrecord.ca/newwest.html#vote/194cayo,The question on the motion
2025-05-12,Council Meeting,,"That Up To $20,000 Be Approved From The Climate Action Reserve Fund To Fund",Other,Carried,7,0,0,,,In favour,In favour,In favour,In favour,In favour,In favour,In favour,Taxes & spending; Environment & climate,,The minutes do not give separate motion text at this point; see the linked minutes.,,https://pub-newwestcity.escribemeetings.com/FileStream.ashx?DocumentId=22006,https://pub-newwestcity.escribemeetings.com/Players/ISIStandAlonePlayer.aspx?Id=8e469e51-2305-481c-851a-b8e694be712e,https://councilrecord.ca/newwest.html#vote/sihqpa,
2025-05-12,Council Meeting,,"Items No. 4.1 through No. 4.9 be adopted by general c onsent, with the removal of Ite…",Main motion,Carried,7,0,0,,,In favour,In favour,In favour,In favour,In favour,In favour,In favour,Other,,,,https://pub-newwestcity.escribemeetings.com/FileStream.ashx?DocumentId=22006,https://pub-newwestcity.escribemeetings.com/Players/ISIStandAlonePlayer.aspx?Id=8e469e51-2305-481c-851a-b8e694be712e,https://councilrecord.ca/newwest.html#vote/18mlu4y,"THAT Items No. 4.1 through No. 4.9 be adopted by general c onsent, with the removal of Item No. 4.2."
2025-05-12,Council Meeting,,Easement Agreement for the Encroachment on the Lan e Adjacent to 614 Fourth,Main motion,Carried,7,0,0,,,In favour,In favour,In favour,In favour,In favour,In favour,In favour,Taxes & spending; Governance & elections,,,,https://pub-newwestcity.escribemeetings.com/FileStream.ashx?DocumentId=22006,,https://councilrecord.ca/newwest.html#vote/br5sju,"THAT an easement (the “Easement Agreement”) be granted to the Owners of 614 Fourth Avenue (the “Owner”) for a nominal amount, and on terms and conditions acceptable to the Manager of Legal Services, the Director of Engineering, and the Director of Planning and Development over a portion of Lane described as Facility ID: 540 within the City of New Westminster Road Network (the “City Lane”) to permit the encroachment thereon of a retaining wall and stair landing on the adjacent property at 614 Fourth Avenue, legally described as PID: 009-295-241 Lot 11 Plan NWP2620 (the “Property”), and to authorize the Manager of Legal Services to negotiate, conclude and execute an Easement Agreement on behalf of the City in accordance with the provisions in this report."
2025-05-12,Council Meeting,,Licence Agreement with SOCAN and RE:SOUND,Main motion,Carried,7,0,0,,,In favour,In favour,In favour,In favour,In favour,In favour,In favour,Parks & recreation; Business & economy; Governance & elections,,,,https://pub-newwestcity.escribemeetings.com/FileStream.ashx?DocumentId=22006,,https://councilrecord.ca/newwest.html#vote/955t54,"THAT the Director of Parks and Recreation be authorized to execute licence agreements with SOCAN and RE:SOUND as appended to the May 12, 2025 staff report titled Licence Agreement with SOCAN and RE:SOUND."
2025-05-12,Council Meeting,,New Westminster Grant Funding Summary from Bloomberg Philanthropies Youth,Procedural,Carried,7,0,0,,,In favour,In favour,In favour,In favour,In favour,In favour,In favour,Taxes & spending; Environment & climate; Parks & recreation; Public services,,,,https://pub-newwestcity.escribemeetings.com/FileStream.ashx?DocumentId=22006,,https://councilrecord.ca/newwest.html#vote/e3r4ro,"THAT the report titled “New Westminster Grant Funding Summary from Bloomberg Philanthropies Youth Climate Action Fund Program” dated May 12, 2025 from the Manager, Intergovernmental Relations and Community Relations, be received for information."
2025-05-12,Council Meeting,,That Three Regular Full Time Positions Be Created In 2026 Through The Reallocation,Amendment,Carried,5,2,0,,,In favour,In favour,Against,In favour,In favour,Against,In favour,Housing & density; Taxes & spending,1 of 3,,,https://pub-newwestcity.escribemeetings.com/FileStream.ashx?DocumentId=22006,https://pub-newwestcity.escribemeetings.com/Players/ISIStandAlonePlayer.aspx?Id=8e469e51-2305-481c-851a-b8e694be712e,https://councilrecord.ca/newwest.html#vote/12zc9so,"THAT Part 2 of the main motion be deleted and replaced with the following: “THAT an operating budget enhancement for three regular full-time positions to support tenant- related enforcement, support and life-safety work be included for consideration as part of the 2026 Budget process.”"
2025-05-12,Council Meeting,,That Three Regular Full Time Positions Be Created In 2026 Through The Reallocation,Main motion,Carried,7,0,0,,,In favour,In favour,In favour,In favour,In favour,In favour,In favour,Other,2 of 3,Vote on the main motion after an amendment or referral was dealt with.,,https://pub-newwestcity.escribemeetings.com/FileStream.ashx?DocumentId=22006,https://pub-newwestcity.escribemeetings.com/Players/ISIStandAlonePlayer.aspx?Id=8e469e51-2305-481c-851a-b8e694be712e,https://councilrecord.ca/newwest.html#vote/190sy0b,The question on Part 1 of the main motion
2025-05-12,Council Meeting,,That Three Regular Full Time Positions Be Created In 2026 Through The Reallocation,Main motion,Carried,5,2,0,,,In favour,In favour,Against,In favour,In favour,Against,In favour,Other,3 of 3,Vote on the main motion after an amendment or referral was dealt with.,,https://pub-newwestcity.escribemeetings.com/FileStream.ashx?DocumentId=22006,https://pub-newwestcity.escribemeetings.com/Players/ISIStandAlonePlayer.aspx?Id=8e469e51-2305-481c-851a-b8e694be712e,https://councilrecord.ca/newwest.html#vote/15ckhz1,"The question on Part 2 of the main motion, as amended"
2025-05-12,Council Meeting,,That The Finalized Methodology And Project Cost Breakdowns Be Published On The,Main motion,Defeated,2,5,0,,,Against,Against,In favour,Against,Against,In favour,Against,Taxes & spending,,Vote on the main motion after an amendment or referral was dealt with.,,https://pub-newwestcity.escribemeetings.com/FileStream.ashx?DocumentId=22006,https://pub-newwestcity.escribemeetings.com/Players/ISIStandAlonePlayer.aspx?Id=8e469e51-2305-481c-851a-b8e694be712e,https://councilrecord.ca/newwest.html#vote/c6qo2l,The question on the motion
2025-05-12,Council Meeting,,That New Westminster City Council Reaffirms Its Commitment To Collaborating With,Amendment,Defeated,2,5,0,,,Against,Against,In favour,Against,Against,In favour,Against,Taxes & spending; Governance & elections,1 of 2,,,https://pub-newwestcity.escribemeetings.com/FileStream.ashx?DocumentId=22006,https://pub-newwestcity.escribemeetings.com/Players/ISIStandAlonePlayer.aspx?Id=8e469e51-2305-481c-851a-b8e694be712e,https://councilrecord.ca/newwest.html#vote/14qptjs,"THAT the following be added as Part 3: “THAT this new, stable funding source not come from congestion pricing, tolls, vehicle levies or other new forms of taxation on New Westminster and Metro Vancouver residents.”"
2025-05-12,Council Meeting,,That New Westminster City Council Reaffirms Its Commitment To Collaborating With,Main motion,Carried,7,0,0,,,In favour,In favour,In favour,In favour,In favour,In favour,In favour,Other,2 of 2,Vote on the main motion after an amendment or referral was dealt with.,,https://pub-newwestcity.escribemeetings.com/FileStream.ashx?DocumentId=22006,https://pub-newwestcity.escribemeetings.com/Players/ISIStandAlonePlayer.aspx?Id=8e469e51-2305-481c-851a-b8e694be712e,https://councilrecord.ca/newwest.html#vote/1t1vm89,The question on the main motion
2025-05-12,Council Meeting,,"Tax Rate Bylaw No. 8516, 2025",Main motion,Carried,5,2,0,,,In favour,In favour,Against,In favour,In favour,Against,In favour,Development; Taxes & spending,,,,https://pub-newwestcity.escribemeetings.com/FileStream.ashx?DocumentId=22006,https://pub-newwestcity.escribemeetings.com/Players/ISIStandAlonePlayer.aspx?Id=8e469e51-2305-481c-851a-b8e694be712e,https://councilrecord.ca/newwest.html#vote/1q2nvn1,"THAT Tax Rate Bylaw No. 8516, 2025 be adopted."
2025-05-12,Council Meeting,,"Water Shortage Response Bylaw No. 6948, 2004, Amendment Bylaw No. 8521,",Main motion,Carried,7,0,0,,,In favour,In favour,In favour,In favour,In favour,In favour,In favour,Development; Public services,,,,https://pub-newwestcity.escribemeetings.com/FileStream.ashx?DocumentId=22006,https://pub-newwestcity.escribemeetings.com/Players/ISIStandAlonePlayer.aspx?Id=8e469e51-2305-481c-851a-b8e694be712e,https://councilrecord.ca/newwest.html#vote/f4f02j,"THAT Water Shortage Response Bylaw No. 6948, 2004, Amendment Bylaw No. 8521, 2025 be adopted."
2025-05-26,Council Meeting,,"Heritage Revitalization Agreement Bylaw (318 Sixth Avenue) No. 8509, 2025",Main motion,Carried,5,2,0,,,In favour,In favour,Against,In favour,In favour,Against,In favour,Housing & density; Development; Neighbourhood character,,,,https://pub-newwestcity.escribemeetings.com/FileStream.ashx?DocumentId=22135,https://pub-newwestcity.escribemeetings.com/Players/ISIStandAlonePlayer.aspx?Id=40324ede-a8b1-4a29-8063-5d01110644e0,https://councilrecord.ca/newwest.html#vote/1edo2uj,"THAT Heritage Revitalization Agreement Bylaw (318 Sixth Avenue) No. 8509, 2025 be given third reading."
2025-05-26,Council Meeting,,"Heritage Designation Bylaw (318 Sixth Avenue) No. 8510, 2025",Main motion,Carried,5,2,0,,,In favour,In favour,Against,In favour,In favour,Against,In favour,Neighbourhood character,,,,https://pub-newwestcity.escribemeetings.com/FileStream.ashx?DocumentId=22135,https://pub-newwestcity.escribemeetings.com/Players/ISIStandAlonePlayer.aspx?Id=40324ede-a8b1-4a29-8063-5d01110644e0,https://councilrecord.ca/newwest.html#vote/w0q2ie,"THAT Heritage Designation Bylaw (318 Sixth Avenue) No. 8510, 2025 be given third reading."
2025-05-26,Council Meeting,,"Items No. 4.1 through No. 4.9 be adopted by general consent, with the removal of Item…",Main motion,Carried,7,0,0,,,In favour,In favour,In favour,In favour,In favour,In favour,In favour,Other,,,,https://pub-newwestcity.escribemeetings.com/FileStream.ashx?DocumentId=22135,https://pub-newwestcity.escribemeetings.com/Players/ISIStandAlonePlayer.aspx?Id=40324ede-a8b1-4a29-8063-5d01110644e0,https://councilrecord.ca/newwest.html#vote/1cflajf,"THAT Items No. 4.1 through No. 4.9 be adopted by general consent, with the removal of Items No. 4.3, 4.4, 4.5, 4.7, and 4.8."
2025-05-26,Council Meeting,,Response to Council Motion: School Zone Time Limits,Main motion,Carried,7,0,0,,,In favour,In favour,In favour,In favour,In favour,In favour,In favour,Other,,,,https://pub-newwestcity.escribemeetings.com/FileStream.ashx?DocumentId=22135,,https://councilrecord.ca/newwest.html#vote/gjm5sj,"THAT the school zone enforcement hours for New Westminster schools be aligned with Burnaby’s schedule, operating between 7:00 AM and 10:00 PM on school days, as outlined in the report titled “Response to Council Motion: School Zone Time Limits” dated May 26, 2025."
2025-05-26,Council Meeting,,That The City’S Three Grant Committees Terms Of Reference Be Updated As,Amendment,Carried,5,2,0,,,In favour,In favour,Against,In favour,In favour,Against,In favour,Taxes & spending; Parks & recreation; Governance & elections,1 of 2,,,https://pub-newwestcity.escribemeetings.com/FileStream.ashx?DocumentId=22135,https://pub-newwestcity.escribemeetings.com/Players/ISIStandAlonePlayer.aspx?Id=40324ede-a8b1-4a29-8063-5d01110644e0,https://councilrecord.ca/newwest.html#vote/1rj7la2,"THAT Parts 1, 2, and 3 of the main motion be deleted."
2025-05-26,Council Meeting,,That The City’S Three Grant Committees Terms Of Reference Be Updated As,Main motion,Carried,7,0,0,,,In favour,In favour,In favour,In favour,In favour,In favour,In favour,Taxes & spending; Governance & elections,2 of 2,Vote on the main motion after an amendment or referral was dealt with.,,https://pub-newwestcity.escribemeetings.com/FileStream.ashx?DocumentId=22135,https://pub-newwestcity.escribemeetings.com/Players/ISIStandAlonePlayer.aspx?Id=40324ede-a8b1-4a29-8063-5d01110644e0,https://councilrecord.ca/newwest.html#vote/1egzivn,"1. THAT the report titled “Community Grants Program Update and Updated Terms of Reference for Grants Advisory Committees,” dated May 26, 2025 from the Director, Community Services be received for information; 2. THAT the City’s Grants Policy as specified in Attachment A of the report titled “Community Grants Program Update and Updated Terms of Reference for Grants Advisory Committees,” dated May 26, 2025 from the Director, Community Services be approved; and 3. THAT the City’s three Grant Committees Terms of Reference be updated as specified in Attachments C, D, and E of the report titled “Community Grants Program Update and Updated Terms of Reference for Grants Advisory Committees,” dated May 26, 2025 from the Director, Community Services be approved."
2025-05-26,Council Meeting,,Construction Noise Bylaw Exemption Request: 330 Columbia Street – Royal,Main motion,Carried,5,2,0,,,In favour,In favour,Against,In favour,In favour,Against,In favour,Development; Taxes & spending; Transportation; Neighbourhood character; Business & economy,,,,https://pub-newwestcity.escribemeetings.com/FileStream.ashx?DocumentId=22135,https://pub-newwestcity.escribemeetings.com/Players/ISIStandAlonePlayer.aspx?Id=40324ede-a8b1-4a29-8063-5d01110644e0,https://councilrecord.ca/newwest.html#vote/1vhw00i,"THAT Council grant a noise exemption to EllisDon Design Build from Construction Noise Bylaw No. 6063, 1992 from 7:00 AM to 9:00 AM on Saturdays starting Saturday June 7, 2025 through to Saturday September 27, 2025 (excluding Saturdays that occur during statutory long weekends) to complete exterior cladding work at Royal Columbian Hospital site at 330 East Columbia Street, New Westminster."
2025-05-26,Council Meeting,,Response to Council Motion: School Streets Pilot Program,Amendment,Defeated,2,5,0,,,Against,Against,In favour,Against,Against,In favour,Against,Transportation; Governance & elections,1 of 2,,,https://pub-newwestcity.escribemeetings.com/FileStream.ashx?DocumentId=22135,https://pub-newwestcity.escribemeetings.com/Players/ISIStandAlonePlayer.aspx?Id=40324ede-a8b1-4a29-8063-5d01110644e0,https://councilrecord.ca/newwest.html#vote/gngd1c,"THAT the motion be amended to read as follows: “THAT the report titled “Response to Council Motion: “School Streets Pilot Program” dated May 26, 2025 from the Director, Engineering, be received for information.”"
2025-05-26,Council Meeting,,Response to Council Motion: School Streets Pilot Program,Main motion,Carried,5,2,0,,,In favour,In favour,Against,In favour,In favour,Against,In favour,Transportation,2 of 2,Vote on the main motion after an amendment or referral was dealt with.,,https://pub-newwestcity.escribemeetings.com/FileStream.ashx?DocumentId=22135,https://pub-newwestcity.escribemeetings.com/Players/ISIStandAlonePlayer.aspx?Id=40324ede-a8b1-4a29-8063-5d01110644e0,https://councilrecord.ca/newwest.html#vote/23q7qj,The question on the referral motion
2025-05-26,Council Meeting,,That Part 2 Of The Amendment Motion Be Deleted.,Other,Defeated,2,5,0,,,Against,Against,In favour,Against,Against,In favour,Against,Other,1 of 2,The minutes do not give separate motion text at this point; see the linked minutes.,,https://pub-newwestcity.escribemeetings.com/FileStream.ashx?DocumentId=22135,https://pub-newwestcity.escribemeetings.com/Players/ISIStandAlonePlayer.aspx?Id=40324ede-a8b1-4a29-8063-5d01110644e0,https://councilrecord.ca/newwest.html#vote/4qin5k,
2025-05-26,Council Meeting,,That Part 2 Of The Amendment Motion Be Deleted.,Amendment,Carried,5,2,0,,,In favour,In favour,Against,In favour,In favour,Against,In favour,Other,2 of 2,,,https://pub-newwestcity.escribemeetings.com/FileStream.ashx?DocumentId=22135,https://pub-newwestcity.escribemeetings.com/Players/ISIStandAlonePlayer.aspx?Id=40324ede-a8b1-4a29-8063-5d01110644e0,https://councilrecord.ca/newwest.html#vote/4p5ukp,The question on the amendment
2025-05-26,Council Meeting,,That The Operators And Funders Commit To Making Every Effort To Ensure That The,Main motion,Carried,5,2,0,,,In favour,In favour,Against,In favour,In favour,Against,In favour,Development; Transportation; Public services,,Vote on the main motion after an amendment or referral was dealt with.,,https://pub-newwestcity.escribemeetings.com/FileStream.ashx?DocumentId=22135,https://pub-newwestcity.escribemeetings.com/Players/ISIStandAlonePlayer.aspx?Id=40324ede-a8b1-4a29-8063-5d01110644e0,https://councilrecord.ca/newwest.html#vote/1kmmssj,"1. THAT notice be provided that Council will consider the issuance of a Temporary Use Permit (TUP00038) for overdose prevention services at the Health Contact Centre at 40 Begbie Street for a maximum of 18 months or when an alternate is opened; 2. THAT the issuance of the permit be subject to the signing of a Good Neighbour Agreement between the City of New Westminster and the operators, which includes provisions for on-site security during their regular operating hours; and 3. THAT the operators and funders commit to making every effort to ensure that the issues of public disorder and illegal consumption of illicit drugs directly adjacent to their establishment are regularly monitored and reduced to a minimum to reduce the impact to neighbouring businesses and residents."
2025-05-26,Council Meeting,,"Proclamation: Menstrual Health Day, May 28, 2025",Main motion,Carried,7,0,0,,,In favour,In favour,In favour,In favour,In favour,In favour,In favour,Public services,,,,https://pub-newwestcity.escribemeetings.com/FileStream.ashx?DocumentId=22135,https://pub-newwestcity.escribemeetings.com/Players/ISIStandAlonePlayer.aspx?Id=40324ede-a8b1-4a29-8063-5d01110644e0,https://councilrecord.ca/newwest.html#vote/c47lns,"THAT May 28, 2025 be proclaimed as Menstrual Health Day."
2025-05-26,Council Meeting,,That Staff Be Authorized To Temporarily Reinstall The American Flag If It Is Required,Other,Carried,7,0,0,,,In favour,In favour,In favour,In favour,In favour,In favour,In favour,Other,,The minutes do not give separate motion text at this point; see the linked minutes.,,https://pub-newwestcity.escribemeetings.com/FileStream.ashx?DocumentId=22135,https://pub-newwestcity.escribemeetings.com/Players/ISIStandAlonePlayer.aspx?Id=40324ede-a8b1-4a29-8063-5d01110644e0,https://councilrecord.ca/newwest.html#vote/nffv7z,
2025-05-26,Council Meeting,,"Zoning Bylaw No. 6680, 2001, Storage Amendments Bylaw No. 8518, 2025",Main motion,Carried,5,2,0,,,In favour,In favour,Against,In favour,In favour,Against,In favour,Development,,,,https://pub-newwestcity.escribemeetings.com/FileStream.ashx?DocumentId=22135,https://pub-newwestcity.escribemeetings.com/Players/ISIStandAlonePlayer.aspx?Id=40324ede-a8b1-4a29-8063-5d01110644e0,https://councilrecord.ca/newwest.html#vote/aql9kn,"THAT Zoning Bylaw No. 6680, 2001, Storage Amendments Bylaw No. 8518, 2025 be adopted."
2025-06-09,Council Meeting,,That The Order Of The Agenda Be Varied To Consider Item 3.2 Prior To Item 3.1.,Other,Carried,7,0,0,,,In favour,In favour,In favour,In favour,In favour,In favour,In favour,Other,,The minutes do not give separate motion text at this point; see the linked minutes.,,https://pub-newwestcity.escribemeetings.com/FileStream.ashx?DocumentId=22280,https://pub-newwestcity.escribemeetings.com/Players/ISIStandAlonePlayer.aspx?Id=4f07cc58-b69c-45ba-8c0c-1987ff6d8832,https://councilrecord.ca/newwest.html#vote/1s5b4b9,
2025-06-09,Council Meeting,,New City Logo,Main motion,Defeated,2,5,0,,,Against,Against,In favour,Against,Against,In favour,Against,Governance & elections,,,,https://pub-newwestcity.escribemeetings.com/FileStream.ashx?DocumentId=22280,https://pub-newwestcity.escribemeetings.com/Players/ISIStandAlonePlayer.aspx?Id=4f07cc58-b69c-45ba-8c0c-1987ff6d8832,https://councilrecord.ca/newwest.html#vote/bu2bdj,THAT Council delay the implementation of the new logo until November 2026.
2025-06-09,Council Meeting,,"Items No. 4.1 through No. 4.10 be adopted by general consent, with the removal of Ite…",Main motion,Carried,7,0,0,,,In favour,In favour,In favour,In favour,In favour,In favour,In favour,Other,,,,https://pub-newwestcity.escribemeetings.com/FileStream.ashx?DocumentId=22280,https://pub-newwestcity.escribemeetings.com/Players/ISIStandAlonePlayer.aspx?Id=4f07cc58-b69c-45ba-8c0c-1987ff6d8832,https://councilrecord.ca/newwest.html#vote/10fbz6p,"THAT Items No. 4.1 through No. 4.10 be adopted by general consent, with the removal of Items. No. 4.4, 4.6, and 4.7."
2025-06-09,Council Meeting,,Construction Noise Bylaw Exemption Req uest: 2126 Seventh Avenue (22 Street,Main motion,Carried,7,0,0,,,In favour,In favour,In favour,In favour,In favour,In favour,In favour,Development; Taxes & spending; Transportation; Neighbourhood character,,,,https://pub-newwestcity.escribemeetings.com/FileStream.ashx?DocumentId=22280,,https://councilrecord.ca/newwest.html#vote/1hngd3r,"THAT an exemption be granted from Construction Noise Bylaw No. 6063, 1992 to TransLink from 11:00 PM to 6:00 AM on Fridays, Saturdays and Sundays, from Friday June 13, 2025 to Sunday July 20, 2025 to complete re-installation of wind screens, completion of deficiency work, and removal of crew and storage trailers from the 22nd Street SkyTrain Station located at 2126 Seventh Avenue."
2025-06-09,Council Meeting,,Surety Development Bond Pilot Program,Main motion,Carried,7,0,0,,,In favour,In favour,In favour,In favour,In favour,In favour,In favour,Development; Taxes & spending,,,,https://pub-newwestcity.escribemeetings.com/FileStream.ashx?DocumentId=22280,,https://councilrecord.ca/newwest.html#vote/1h12249,THAT staff bring forward amending bylaws necessary to implement a Surety Bond pilot program for Works and Service Agreements and payment of Development and Amenity Cost Charges for Council’s consideration.
2025-06-09,Council Meeting,,Consideration Of Items Removed From The Consent Agenda,Main motion,Carried,7,0,0,,,In favour,In favour,In favour,In favour,In favour,In favour,In favour,Taxes & spending,,,,https://pub-newwestcity.escribemeetings.com/FileStream.ashx?DocumentId=22280,https://pub-newwestcity.escribemeetings.com/Players/ISIStandAlonePlayer.aspx?Id=4f07cc58-b69c-45ba-8c0c-1987ff6d8832,https://councilrecord.ca/newwest.html#vote/1ncxhcq,THAT the $12.4M 2025 quarterly capital budget adjustments and $256.0M Proposed Revised Multi-Year Capital budget be approved.
2025-06-09,Council Meeting,,That Staff Be Directed To Develop A Programming Plan To Support Activation At The,Main motion,Carried,7,0,0,,,In favour,In favour,In favour,In favour,In favour,In favour,In favour,Other,,Vote on the main motion after an amendment or referral was dealt with.,,https://pub-newwestcity.escribemeetings.com/FileStream.ashx?DocumentId=22280,https://pub-newwestcity.escribemeetings.com/Players/ISIStandAlonePlayer.aspx?Id=4f07cc58-b69c-45ba-8c0c-1987ff6d8832,https://councilrecord.ca/newwest.html#vote/8s07zf,The question on the motion
2025-06-09,Council Meeting,,That Staff Continue To Develop A Partnership Approach With Bc Hydro To Deliver A,Other,Carried,7,0,0,,,In favour,In favour,In favour,In favour,In favour,In favour,In favour,Other,,The minutes do not give separate motion text at this point; see the linked minutes.,,https://pub-newwestcity.escribemeetings.com/FileStream.ashx?DocumentId=22280,https://pub-newwestcity.escribemeetings.com/Players/ISIStandAlonePlayer.aspx?Id=4f07cc58-b69c-45ba-8c0c-1987ff6d8832,https://councilrecord.ca/newwest.html#vote/1br08kw,
2025-06-09,Council Meeting,,"That “Secure Care Measures — Including, Where Clinically Appropriate And Legally",Amendment,Carried,5,2,0,,,In favour,In favour,Against,In favour,In favour,Against,In favour,Other,,,,https://pub-newwestcity.escribemeetings.com/FileStream.ashx?DocumentId=22280,https://pub-newwestcity.escribemeetings.com/Players/ISIStandAlonePlayer.aspx?Id=4f07cc58-b69c-45ba-8c0c-1987ff6d8832,https://councilrecord.ca/newwest.html#vote/jatvvu,The question on the amendment
2025-06-09,Council Meeting,,"That The Mayor, On Behalf Of Council, Write To The Premier Of British Columbia And",Main motion,Carried,7,0,0,,,In favour,In favour,In favour,In favour,In favour,In favour,In favour,Public services; Business & economy,,Vote on the main motion after an amendment or referral was dealt with.,,https://pub-newwestcity.escribemeetings.com/FileStream.ashx?DocumentId=22280,https://pub-newwestcity.escribemeetings.com/Players/ISIStandAlonePlayer.aspx?Id=4f07cc58-b69c-45ba-8c0c-1987ff6d8832,https://councilrecord.ca/newwest.html#vote/b9mkvc,"1. THAT Council recognize the urgent need to address the challenges faced by individuals experiencing acute drug addiction and serious mental illness, and continue to formally advocate for the Province of British Columbia to implement comprehensive, evidence-based, and adequately funded systems of care that support safety, well-being, and long-term recovery. 2. THAT Council call on the Province to define and prioritize the implementation of a spectrum of publicly funded and culturally appropriate care options with clear safeguards to uphold individual rights medical oversight, accountability, and that balance confidentiality with providing information to family members. 3. THAT Council express concern that ongoing underinvestment by successive provincial governments has contributed directly to the widespread lack of access to critical mental health and addiction services across British Columbia. 4. THAT Council urge the Province to take emergency-level action to address the provincial mental health and addiction crisis, including consideration of declaring a public health emergency or enacting an equivalent coordinated response to mobilize resources, improve system integration, and protect public safety. 5. THAT the Mayor, on behalf of Council, write to the Premier of British Columbia and relevant Ministers to communicate Council’s position and recommendations."
2025-06-09,Council Meeting,,That The City Of New Westminster Acknowledge Sikh Heritage Month With An,Other,Carried,7,0,0,,,In favour,In favour,In favour,In favour,In favour,In favour,In favour,Neighbourhood character,,The minutes do not give separate motion text at this point; see the linked minutes.,,https://pub-newwestcity.escribemeetings.com/FileStream.ashx?DocumentId=22280,https://pub-newwestcity.escribemeetings.com/Players/ISIStandAlonePlayer.aspx?Id=4f07cc58-b69c-45ba-8c0c-1987ff6d8832,https://councilrecord.ca/newwest.html#vote/mni9ka,
2025-06-09,Council Meeting,,"That Part 6 Of The Main Motion Be Deleted And Referred To The Arts, Culture And",Amendment,Carried,6,1,0,,,In favour,In favour,In favour,In favour,In favour,In favour,Against,Parks & recreation; Business & economy; Governance & elections,1 of 3,,,https://pub-newwestcity.escribemeetings.com/FileStream.ashx?DocumentId=22280,https://pub-newwestcity.escribemeetings.com/Players/ISIStandAlonePlayer.aspx?Id=4f07cc58-b69c-45ba-8c0c-1987ff6d8832,https://councilrecord.ca/newwest.html#vote/16zbojo,"The question on Part 1 of the amendment to refer Part 3 of the main motion to the Arts, Culture and Economic Development Advisory Committee"
2025-06-09,Council Meeting,,"That Part 6 Of The Main Motion Be Deleted And Referred To The Arts, Culture And",Amendment,Carried,7,0,0,,,In favour,In favour,In favour,In favour,In favour,In favour,In favour,Parks & recreation; Business & economy; Governance & elections,2 of 3,,,https://pub-newwestcity.escribemeetings.com/FileStream.ashx?DocumentId=22280,https://pub-newwestcity.escribemeetings.com/Players/ISIStandAlonePlayer.aspx?Id=4f07cc58-b69c-45ba-8c0c-1987ff6d8832,https://councilrecord.ca/newwest.html#vote/7ll9vd,"The question on Part 2 of the amendment to refer Part 5 of the main motion to the Arts, Culture and Economic Development Advisory Committee"
2025-06-09,Council Meeting,,"That Part 6 Of The Main Motion Be Deleted And Referred To The Arts, Culture And",Amendment,Defeated,2,5,0,,,Against,Against,In favour,Against,Against,In favour,Against,Parks & recreation; Business & economy; Governance & elections,3 of 3,,,https://pub-newwestcity.escribemeetings.com/FileStream.ashx?DocumentId=22280,https://pub-newwestcity.escribemeetings.com/Players/ISIStandAlonePlayer.aspx?Id=4f07cc58-b69c-45ba-8c0c-1987ff6d8832,https://councilrecord.ca/newwest.html#vote/10j4rwh,"The question on Part 3 of the amendment to refer Part 6 of the main motion to the Arts, Culture and Economic Development Advisory Committee"
2025-06-09,Council Meeting,,That The Following Be Added As A New Part To The Main Motion: “That Council,Amendment,Defeated,2,5,0,,,Against,Against,In favour,Against,Against,In favour,Against,Other,1 of 3,,,https://pub-newwestcity.escribemeetings.com/FileStream.ashx?DocumentId=22280,https://pub-newwestcity.escribemeetings.com/Players/ISIStandAlonePlayer.aspx?Id=4f07cc58-b69c-45ba-8c0c-1987ff6d8832,https://councilrecord.ca/newwest.html#vote/3as6gf,The question on Part 1 of the amendment
2025-06-09,Council Meeting,,That The Following Be Added As A New Part To The Main Motion: “That Council,Amendment,Defeated,2,5,0,,,Against,Against,In favour,Against,Against,In favour,Against,Other,2 of 3,,,https://pub-newwestcity.escribemeetings.com/FileStream.ashx?DocumentId=22280,https://pub-newwestcity.escribemeetings.com/Players/ISIStandAlonePlayer.aspx?Id=4f07cc58-b69c-45ba-8c0c-1987ff6d8832,https://councilrecord.ca/newwest.html#vote/zkpynq,The question on Part 2 of the amendment
2025-06-09,Council Meeting,,That The Following Be Added As A New Part To The Main Motion: “That Council,Amendment,Carried,7,0,0,,,In favour,In favour,In favour,In favour,In favour,In favour,In favour,Other,3 of 3,,,https://pub-newwestcity.escribemeetings.com/FileStream.ashx?DocumentId=22280,https://pub-newwestcity.escribemeetings.com/Players/ISIStandAlonePlayer.aspx?Id=4f07cc58-b69c-45ba-8c0c-1987ff6d8832,https://councilrecord.ca/newwest.html#vote/1n1y4aq,The question on Part 3 of the amendment
2025-06-09,Council Meeting,,That Council Commit To Keeping Future Tax Increases On Local Commercial,Main motion,Carried,7,0,0,,,In favour,In favour,In favour,In favour,In favour,In favour,In favour,Taxes & spending; Business & economy,1 of 5,Vote on the main motion after an amendment or referral was dealt with.,,https://pub-newwestcity.escribemeetings.com/FileStream.ashx?DocumentId=22280,https://pub-newwestcity.escribemeetings.com/Players/ISIStandAlonePlayer.aspx?Id=4f07cc58-b69c-45ba-8c0c-1987ff6d8832,https://councilrecord.ca/newwest.html#vote/bk9ofa,The question on Part 1 of the motion
2025-06-09,Council Meeting,,That Council Commit To Keeping Future Tax Increases On Local Commercial,Main motion,Carried,7,0,0,,,In favour,In favour,In favour,In favour,In favour,In favour,In favour,Taxes & spending; Business & economy,2 of 5,Vote on the main motion after an amendment or referral was dealt with.,,https://pub-newwestcity.escribemeetings.com/FileStream.ashx?DocumentId=22280,https://pub-newwestcity.escribemeetings.com/Players/ISIStandAlonePlayer.aspx?Id=4f07cc58-b69c-45ba-8c0c-1987ff6d8832,https://councilrecord.ca/newwest.html#vote/g8iw0l,The question on Part 2 of the motion
2025-06-09,Council Meeting,,That Council Commit To Keeping Future Tax Increases On Local Commercial,Main motion,Carried,7,0,0,,,In favour,In favour,In favour,In favour,In favour,In favour,In favour,Taxes & spending; Business & economy,3 of 5,Vote on the main motion after an amendment or referral was dealt with.,,https://pub-newwestcity.escribemeetings.com/FileStream.ashx?DocumentId=22280,https://pub-newwestcity.escribemeetings.com/Players/ISIStandAlonePlayer.aspx?Id=4f07cc58-b69c-45ba-8c0c-1987ff6d8832,https://councilrecord.ca/newwest.html#vote/ejaedg,The question on Part 3 of the motion
2025-06-09,Council Meeting,,That Council Commit To Keeping Future Tax Increases On Local Commercial,Main motion,Carried,5,2,0,,,In favour,In favour,Against,In favour,In favour,Against,In favour,Taxes & spending; Business & economy,4 of 5,Vote on the main motion after an amendment or referral was dealt with.,,https://pub-newwestcity.escribemeetings.com/FileStream.ashx?DocumentId=22280,https://pub-newwestcity.escribemeetings.com/Players/ISIStandAlonePlayer.aspx?Id=4f07cc58-b69c-45ba-8c0c-1987ff6d8832,https://councilrecord.ca/newwest.html#vote/1qmjlpg,The question on Part 4 of the motion
2025-06-09,Council Meeting,,That Council Commit To Keeping Future Tax Increases On Local Commercial,Main motion,Carried,7,0,0,,,In favour,In favour,In favour,In favour,In favour,In favour,In favour,Taxes & spending; Business & economy,5 of 5,Vote on the main motion after an amendment or referral was dealt with.,,https://pub-newwestcity.escribemeetings.com/FileStream.ashx?DocumentId=22280,https://pub-newwestcity.escribemeetings.com/Players/ISIStandAlonePlayer.aspx?Id=4f07cc58-b69c-45ba-8c0c-1987ff6d8832,https://councilrecord.ca/newwest.html#vote/51siaq,The question on Part 5 of the motion
2025-06-23,Council Meeting,,"Business Regulations and Licensing (Rental Units) Amendment Bylaw No. 8525,",Amendment,Carried,7,0,0,,,In favour,In favour,In favour,In favour,In favour,In favour,In favour,Housing & density; Development; Business & economy,1 of 2,,,https://pub-newwestcity.escribemeetings.com/FileStream.ashx?DocumentId=22873,https://pub-newwestcity.escribemeetings.com/Players/ISIStandAlonePlayer.aspx?Id=ca156fe1-f0d4-4b52-be68-27bad0dec62e,https://councilrecord.ca/newwest.html#vote/1lgax8m,THAT the following be added to the end of the proposed amendment: “and the City undertake discussion with School District No. 40.”
2025-06-23,Council Meeting,,"Business Regulations and Licensing (Rental Units) Amendment Bylaw No. 8525,",Amendment,Carried,7,0,0,,,In favour,In favour,In favour,In favour,In favour,In favour,In favour,Housing & density; Development; Business & economy,2 of 2,,,https://pub-newwestcity.escribemeetings.com/FileStream.ashx?DocumentId=22873,https://pub-newwestcity.escribemeetings.com/Players/ISIStandAlonePlayer.aspx?Id=ca156fe1-f0d4-4b52-be68-27bad0dec62e,https://councilrecord.ca/newwest.html#vote/6dwa7p,"The question on the amendment, as amended"
2025-06-23,Council Meeting,,That The Issue Of Potentially Expanding This Bylaw To Incorporate School Portables,Main motion,Carried,7,0,0,,,In favour,In favour,In favour,In favour,In favour,In favour,In favour,Housing & density; Development; Business & economy,,Vote on the main motion after an amendment or referral was dealt with.,,https://pub-newwestcity.escribemeetings.com/FileStream.ashx?DocumentId=22873,https://pub-newwestcity.escribemeetings.com/Players/ISIStandAlonePlayer.aspx?Id=ca156fe1-f0d4-4b52-be68-27bad0dec62e,https://councilrecord.ca/newwest.html#vote/15p3bjs,"1. THAT Business Regulations and Licensing (Rental Units) Amendment Bylaw No. 8525, 2025 be adopted. 2. THAT the issue of potentially expanding this Bylaw to incorporate school portables be sent to the City Solicitor for analysis and feedback to Council, and the City undertake discussion with School District No. 40."
2025-06-23,Council Meeting,,Open Delegations,Main motion,Carried,7,0,0,,,In favour,In favour,In favour,In favour,In favour,In favour,In favour,Other,,,,https://pub-newwestcity.escribemeetings.com/FileStream.ashx?DocumentId=22873,https://pub-newwestcity.escribemeetings.com/Players/ISIStandAlonePlayer.aspx?Id=ca156fe1-f0d4-4b52-be68-27bad0dec62e,https://councilrecord.ca/newwest.html#vote/184u9x8,THAT Open Delegations proceed past 7:30 p.m.
2025-06-23,Council Meeting,,"Items No. 5.1 through No. 5.12 be adopted by general consent, with the removal of Ite…",Main motion,Carried,7,0,0,,,In favour,In favour,In favour,In favour,In favour,In favour,In favour,Other,,,,https://pub-newwestcity.escribemeetings.com/FileStream.ashx?DocumentId=22873,https://pub-newwestcity.escribemeetings.com/Players/ISIStandAlonePlayer.aspx?Id=ca156fe1-f0d4-4b52-be68-27bad0dec62e,https://councilrecord.ca/newwest.html#vote/4dkuk5,"THAT Items No. 5.1 through No. 5.12 be adopted by general consent, with the removal of Items No. 5.2, 5.3, 5.6, 5.7, and 5.8."
2025-06-23,Council Meeting,,"Construction Noise Bylaw Exemption Request: 1031 Quebec Street, New",Main motion,Carried,7,0,0,,,In favour,In favour,In favour,In favour,In favour,In favour,In favour,Development; Taxes & spending; Transportation; Neighbourhood character; Governance & elections,,,,https://pub-newwestcity.escribemeetings.com/FileStream.ashx?DocumentId=22873,,https://councilrecord.ca/newwest.html#vote/bkuzp4,"THAT an exemption be granted to Metro Vancouver’s contractor, Traylor Aecon General Partnership (TAGP), from Construction Noise Bylaw No. 6063, 1992, for a period of four consecutive weeks between Wednesday, July 2, 2025, and Saturday, November 1, 2025 on week days from 8:00 PM to 3:00 AM and Saturdays from 6:00 PM to 12:00 AM, excluding Sundays and Statutory Holidays, to remove the Tunnel Boring Machine as part of the Annacis Water Supply Tunnel, Fraser River Crossing."
2025-06-23,Council Meeting,,Update of Section 72 Remedial Action Requirement for 1823 Hamilton Street,Main motion,Carried,7,0,0,,,In favour,In favour,In favour,In favour,In favour,In favour,In favour,Transportation; Neighbourhood character,,,,https://pub-newwestcity.escribemeetings.com/FileStream.ashx?DocumentId=22873,,https://councilrecord.ca/newwest.html#vote/1vnifqt,"THAT the next steps outlined in the June 23, 2025 report titled “Update of Section 72 Remedial Action Requirement for 1823 Hamilton Street” be endorsed."
2025-06-23,Council Meeting,,That Staff Provide An Update On The Signing And Operationalization Of The Good,Amendment,Carried,7,0,0,,,In favour,In favour,In favour,In favour,In favour,In favour,In favour,Neighbourhood character; Public services,1 of 6,,,https://pub-newwestcity.escribemeetings.com/FileStream.ashx?DocumentId=22873,https://pub-newwestcity.escribemeetings.com/Players/ISIStandAlonePlayer.aspx?Id=ca156fe1-f0d4-4b52-be68-27bad0dec62e,https://councilrecord.ca/newwest.html#vote/gvodp4,THAT Part 1 of the amendment be amended by (a) adding “or Fraser Health Authority - led” after “party” and deleting “unredacted.”
2025-06-23,Council Meeting,,That Staff Provide An Update On The Signing And Operationalization Of The Good,Main motion,Carried,7,0,0,,,In favour,In favour,In favour,In favour,In favour,In favour,In favour,Neighbourhood character,2 of 6,,,https://pub-newwestcity.escribemeetings.com/FileStream.ashx?DocumentId=22873,https://pub-newwestcity.escribemeetings.com/Players/ISIStandAlonePlayer.aspx?Id=ca156fe1-f0d4-4b52-be68-27bad0dec62e,https://councilrecord.ca/newwest.html#vote/1puyw5z,THAT Part 3 of the amendment be amended by inserting the following after “eliminate” “and adding “within the reasonable limits clause on congregating and the right to assembly within the Canadian Charter of Rights and Freedoms” after “sheltering.”
2025-06-23,Council Meeting,,That Staff Provide An Update On The Signing And Operationalization Of The Good,Amendment,Carried,7,0,0,,,In favour,In favour,In favour,In favour,In favour,In favour,In favour,Neighbourhood character,3 of 6,,,https://pub-newwestcity.escribemeetings.com/FileStream.ashx?DocumentId=22873,https://pub-newwestcity.escribemeetings.com/Players/ISIStandAlonePlayer.aspx?Id=ca156fe1-f0d4-4b52-be68-27bad0dec62e,https://councilrecord.ca/newwest.html#vote/1xbnhoy,"The question on Part 1 of the amendment, as amended, to Part 2 of the Good Neighbour Agreement"
2025-06-23,Council Meeting,,That Staff Provide An Update On The Signing And Operationalization Of The Good,Amendment,Carried,7,0,0,,,In favour,In favour,In favour,In favour,In favour,In favour,In favour,Neighbourhood character,4 of 6,,,https://pub-newwestcity.escribemeetings.com/FileStream.ashx?DocumentId=22873,https://pub-newwestcity.escribemeetings.com/Players/ISIStandAlonePlayer.aspx?Id=ca156fe1-f0d4-4b52-be68-27bad0dec62e,https://councilrecord.ca/newwest.html#vote/hipeg1,The question on Part 2 of the amendment to Part 5 of the Good Neighbour Agreement
2025-06-23,Council Meeting,,That Staff Provide An Update On The Signing And Operationalization Of The Good,Amendment,Defeated,3,4,0,,,Against,Against,In favour,Against,In favour,In favour,Against,Neighbourhood character,5 of 6,,,https://pub-newwestcity.escribemeetings.com/FileStream.ashx?DocumentId=22873,https://pub-newwestcity.escribemeetings.com/Players/ISIStandAlonePlayer.aspx?Id=ca156fe1-f0d4-4b52-be68-27bad0dec62e,https://councilrecord.ca/newwest.html#vote/robx7m,"The question on Part 3 of the amendment, as amended, to Part 8 of the Good Neighbour Agreement"
2025-06-23,Council Meeting,,That Staff Provide An Update On The Signing And Operationalization Of The Good,Amendment,Carried,4,3,0,,,Against,Against,In favour,Against,In favour,In favour,In favour,Neighbourhood character,6 of 6,,,https://pub-newwestcity.escribemeetings.com/FileStream.ashx?DocumentId=22873,https://pub-newwestcity.escribemeetings.com/Players/ISIStandAlonePlayer.aspx?Id=ca156fe1-f0d4-4b52-be68-27bad0dec62e,https://councilrecord.ca/newwest.html#vote/ezth9y,The question on Part 4 of the amendment to Part 11 of the Good Neighbour Agreement
2025-06-23,Council Meeting,,That The Good Neighbour Agreement For The Health Contact Centre Be Amended,Main motion,Carried,5,2,0,,,In favour,In favour,Against,In favour,In favour,Against,In favour,Transportation; Public services,1 of 2,Vote on the main motion after an amendment or referral was dealt with.,,https://pub-newwestcity.escribemeetings.com/FileStream.ashx?DocumentId=22873,https://pub-newwestcity.escribemeetings.com/Players/ISIStandAlonePlayer.aspx?Id=ca156fe1-f0d4-4b52-be68-27bad0dec62e,https://councilrecord.ca/newwest.html#vote/1u4q591,"1. THAT the Good Neighbour Agreement for the Health Contact Centre at 40 Begbie Street be endorsed as included as Attachment 1 to the report titled “40 Begbie Street: Good Neighbour Agreement and Issuance of Temporary Use Permit for Health Contract Centre” dated June 23, 2025 from the Director, Planning and Development, including the provision of a peer-driven safety and security model during regular operating hours. 2. THAT Temporary Use Permit (TUP00038), included as Attachment 2, for overdose prevention services at the Health Contact Centre at 40 Begbie Street be issued for 18 months, or until an alternate overdose prevention service is operational, whichever is sooner, subject to the signing of the Good Neighbour Agreement by Fraser Health and Purpose Society. 3. THAT staff provide an update on the signing and operationalization of the Good Neighbour Agreement for the Health Contact Centre at the Council meeting on July 14, 2025. 4. THAT the Good Neighbour Agreement for the Health Contact Centre be amended by: a. replacing Part 2 with the following: “That there will be an independent, third party or Fraser Health Authority-led review of the security model funded by Fraser Health Authority, after three months as to its effectiveness, and that changes will be made and implemented within 60 days if concerns are identified. Furthermore, that Mayor and Council and the public be provided with a copy of the security review at the earliest practicable time possible.” b. replacing Part 5 with the following: “That Purpose Society, based on the findings of the monitoring, will work to resolve identified issues, including related to cleanliness, safety and security, and that it will record incidents and actions taken, including related to disorderly conduct and criminal or illegal activity. If issues cannot be resolved, that Purpose Society will bring these issues to the attention of Fraser Health Authority, the City and the Downtown Business Improvement Association, and that all parties will have the opportunity to work collectively to resolve them.” c. replacing Part 11 with the following: “That this Temporary Use Permit can be revoked with 30 days notice should the City determine there have been significant, ongoing and unresolved breaches of the Good Neighbour Agreement."
2025-06-23,Council Meeting,,That The Good Neighbour Agreement For The Health Contact Centre Be Amended,Main motion,Carried,7,0,0,,,In favour,In favour,In favour,In favour,In favour,In favour,In favour,Taxes & spending; Public services,2 of 2,,,https://pub-newwestcity.escribemeetings.com/FileStream.ashx?DocumentId=22873,https://pub-newwestcity.escribemeetings.com/Players/ISIStandAlonePlayer.aspx?Id=ca156fe1-f0d4-4b52-be68-27bad0dec62e,https://councilrecord.ca/newwest.html#vote/19953wc,"THAT the 2024 Statement of Financial Information Report, included in Attachment 2 to this report, be approved."
2025-06-23,Council Meeting,,That Engineering Services Proceed With Phases One And Two While Working With,Referral,Defeated,2,5,0,,,Against,Against,In favour,Against,Against,In favour,Against,Transportation; Neighbourhood character; Parks & recreation,1 of 4,,,https://pub-newwestcity.escribemeetings.com/FileStream.ashx?DocumentId=22873,https://pub-newwestcity.escribemeetings.com/Players/ISIStandAlonePlayer.aspx?Id=ca156fe1-f0d4-4b52-be68-27bad0dec62e,https://councilrecord.ca/newwest.html#vote/1gm66pw,THAT the matter of the Massey Victory Heights Street Lighting Replacement Project be referred to the Community Heritage Commission and that the Commission provide its feedback to Council prior to works beginning.
2025-06-23,Council Meeting,,That Engineering Services Proceed With Phases One And Two While Working With,Main motion,Carried,6,1,0,,,In favour,In favour,In favour,In favour,In favour,Against,In favour,Neighbourhood character,2 of 4,,,https://pub-newwestcity.escribemeetings.com/FileStream.ashx?DocumentId=22873,https://pub-newwestcity.escribemeetings.com/Players/ISIStandAlonePlayer.aspx?Id=ca156fe1-f0d4-4b52-be68-27bad0dec62e,https://councilrecord.ca/newwest.html#vote/16kll9k,THAT Part 1 of the main motion be amended by adding “in collaboration with the Community Heritage Commission” after “assessment.”
2025-06-23,Council Meeting,,That Engineering Services Proceed With Phases One And Two While Working With,Main motion,Carried,7,0,0,,,In favour,In favour,In favour,In favour,In favour,In favour,In favour,Other,3 of 4,Vote on the main motion after an amendment or referral was dealt with.,,https://pub-newwestcity.escribemeetings.com/FileStream.ashx?DocumentId=22873,https://pub-newwestcity.escribemeetings.com/Players/ISIStandAlonePlayer.aspx?Id=ca156fe1-f0d4-4b52-be68-27bad0dec62e,https://councilrecord.ca/newwest.html#vote/edv5v4,"The question on Part 1 of the main motion, as amended"
2025-06-23,Council Meeting,,That Engineering Services Proceed With Phases One And Two While Working With,Main motion,Carried,4,3,0,,,In favour,In favour,Against,In favour,Against,Against,In favour,Other,4 of 4,Vote on the main motion after an amendment or referral was dealt with.,,https://pub-newwestcity.escribemeetings.com/FileStream.ashx?DocumentId=22873,https://pub-newwestcity.escribemeetings.com/Players/ISIStandAlonePlayer.aspx?Id=ca156fe1-f0d4-4b52-be68-27bad0dec62e,https://councilrecord.ca/newwest.html#vote/640hlz,The question on Part 2 of the main motion
2025-06-23,Council Meeting,,"That The Application Continue To Include A Minimum Of Two Storeys, Approximately",Amendment,Carried,7,0,0,,,In favour,In favour,In favour,In favour,In favour,In favour,In favour,Housing & density,1 of 2,,,https://pub-newwestcity.escribemeetings.com/FileStream.ashx?DocumentId=22873,https://pub-newwestcity.escribemeetings.com/Players/ISIStandAlonePlayer.aspx?Id=ca156fe1-f0d4-4b52-be68-27bad0dec62e,https://councilrecord.ca/newwest.html#vote/rkbx1l,THAT the following be added as Part 3 to the main motion: “THAT staff be directed to reduce the required amount of office space and seek opportunities to increase the level of affordable housing.”
2025-06-23,Council Meeting,,"That The Application Continue To Include A Minimum Of Two Storeys, Approximately",Main motion,Carried,7,0,0,,,In favour,In favour,In favour,In favour,In favour,In favour,In favour,Housing & density,2 of 2,Vote on the main motion after an amendment or referral was dealt with.,,https://pub-newwestcity.escribemeetings.com/FileStream.ashx?DocumentId=22873,https://pub-newwestcity.escribemeetings.com/Players/ISIStandAlonePlayer.aspx?Id=ca156fe1-f0d4-4b52-be68-27bad0dec62e,https://councilrecord.ca/newwest.html#vote/yua80y,"The question on the main motion, as amended"
2025-06-23,Council Meeting,,That Future Rezoning Reports And Staff Reports Pertaining To Significant New,Main motion,Carried,7,0,0,,,In favour,In favour,In favour,In favour,In favour,In favour,In favour,Housing & density; Development; Taxes & spending; Neighbourhood character,1 of 3,,,https://pub-newwestcity.escribemeetings.com/FileStream.ashx?DocumentId=22873,https://pub-newwestcity.escribemeetings.com/Players/ISIStandAlonePlayer.aspx?Id=ca156fe1-f0d4-4b52-be68-27bad0dec62e,https://councilrecord.ca/newwest.html#vote/1ff7m9q,"THAT staff work with the applicant to identify the quickest path forward to achieve the City approvals necessary in support of the applicant meeting BC Housing funding requirements for Phase A (market and affordable rental buildings) of the master plan proposal for 140 Sixth Street (Royal Towers), which would include strong legal encumbrances on the property or properties to ensure that all requirements of the City can be met, with the understanding that the master planning process for 140 Sixth Street would not be able to achieve the timeline identified by staff in the June 23, 2025 staff report titled “Rezoning Application: 140 Sixth Street (Royal Towers) – Preliminary Report” due to prioritization of Phase A, and the need to provide for meaningful public consultation as part of that work."
2025-06-23,Council Meeting,,That Future Rezoning Reports And Staff Reports Pertaining To Significant New,Referral,Carried,7,0,0,,,In favour,In favour,In favour,In favour,In favour,In favour,In favour,Development; Neighbourhood character,2 of 3,,,https://pub-newwestcity.escribemeetings.com/FileStream.ashx?DocumentId=22873,https://pub-newwestcity.escribemeetings.com/Players/ISIStandAlonePlayer.aspx?Id=ca156fe1-f0d4-4b52-be68-27bad0dec62e,https://councilrecord.ca/newwest.html#vote/f0oasc,THAT the notion that fu ture r ezoning reports and staff reports pertaining to significant new developments always include a section titled “School District 40 Input” in order to provide Council a better understanding of the development impacts on neighbourhood school capacity at an early stage be referred to the Council / School Board Working Group for discussion.
2025-06-23,Council Meeting,,That Future Rezoning Reports And Staff Reports Pertaining To Significant New,Main motion,Carried,7,0,0,,,In favour,In favour,In favour,In favour,In favour,In favour,In favour,Development; Neighbourhood character,3 of 3,,,https://pub-newwestcity.escribemeetings.com/FileStream.ashx?DocumentId=22873,https://pub-newwestcity.escribemeetings.com/Players/ISIStandAlonePlayer.aspx?Id=ca156fe1-f0d4-4b52-be68-27bad0dec62e,https://councilrecord.ca/newwest.html#vote/w28uts,THAT the 2024 Annual Report be considered and received for information.
2025-06-23,Council Meeting,,Transparency in Business Improvement Area Levy Communication,Main motion,Defeated,2,5,0,,,Against,Against,In favour,Against,Against,In favour,Against,Housing & density; Taxes & spending; Business & economy; Governance & elections,,,,https://pub-newwestcity.escribemeetings.com/FileStream.ashx?DocumentId=22873,https://pub-newwestcity.escribemeetings.com/Players/ISIStandAlonePlayer.aspx?Id=ca156fe1-f0d4-4b52-be68-27bad0dec62e,https://councilrecord.ca/newwest.html#vote/hgfh37,"THAT the City of New Westminster develop and implement a process to proactively inform all commercial property owners and business tenants, on an annual basis, of the amount of property taxes allocated to Business Improvement Area levies, including a clear breakdown with their property tax notices or through other direct communication methods."
2025-07-07,Council Meeting,,Exploring the Implementation of Quiet Zones in New Westminster (Item Postponed,Amendment,Carried,5,0,2,,,In favour,In favour,In favour,Absent,Absent,In favour,In favour,Other,1 of 2,,,https://pub-newwestcity.escribemeetings.com/FileStream.ashx?DocumentId=22930,https://pub-newwestcity.escribemeetings.com/Players/ISIStandAlonePlayer.aspx?Id=3b8cebb7-5a5b-4505-85ce-ac17cf0f56c9,https://councilrecord.ca/newwest.html#vote/797xa4,The question on the amendment
2025-07-07,Council Meeting,,Exploring the Implementation of Quiet Zones in New Westminster (Item Postponed,Main motion,Carried,5,0,2,,,In favour,In favour,In favour,Absent,Absent,In favour,In favour,Other,2 of 2,Vote on the main motion after an amendment or referral was dealt with.,,https://pub-newwestcity.escribemeetings.com/FileStream.ashx?DocumentId=22930,https://pub-newwestcity.escribemeetings.com/Players/ISIStandAlonePlayer.aspx?Id=3b8cebb7-5a5b-4505-85ce-ac17cf0f56c9,https://councilrecord.ca/newwest.html#vote/w2by3,"The question on the main motion, as amended"
2025-07-07,Council Meeting,,"Heritage Revitalization Agreement Bylaw (318 Sixth Avenue) No. 8509, 2025",Main motion,Carried,5,0,2,,,In favour,In favour,In favour,Absent,Absent,In favour,In favour,Housing & density; Development; Neighbourhood character,,,,https://pub-newwestcity.escribemeetings.com/FileStream.ashx?DocumentId=22930,https://pub-newwestcity.escribemeetings.com/Players/ISIStandAlonePlayer.aspx?Id=3b8cebb7-5a5b-4505-85ce-ac17cf0f56c9,https://councilrecord.ca/newwest.html#vote/5xqc0q,"THAT Heritage Revitalization Agreement Bylaw (318 Sixth Avenue) No. 8509, 2025 be adopted."
2025-07-07,Council Meeting,,"Heritage Designation Bylaw (318 Sixth Avenue) No. 8510, 2025 (Item Postponed",Main motion,Carried,5,0,2,,,In favour,In favour,In favour,Absent,Absent,In favour,In favour,Neighbourhood character,,,,https://pub-newwestcity.escribemeetings.com/FileStream.ashx?DocumentId=22930,https://pub-newwestcity.escribemeetings.com/Players/ISIStandAlonePlayer.aspx?Id=3b8cebb7-5a5b-4505-85ce-ac17cf0f56c9,https://councilrecord.ca/newwest.html#vote/fx08e,"THAT Heritage Designation Bylaw (318 Sixth Avenue) No. 8510, 2025 be adopted."
2025-07-07,Council Meeting,,"Bylaw Notice Enforcement Bylaw No. 7318, 2009, Amendment Bylaw No. 8526,",Main motion,Carried,5,0,2,,,In favour,In favour,In favour,Absent,Absent,In favour,In favour,Development,,,,https://pub-newwestcity.escribemeetings.com/FileStream.ashx?DocumentId=22930,https://pub-newwestcity.escribemeetings.com/Players/ISIStandAlonePlayer.aspx?Id=3b8cebb7-5a5b-4505-85ce-ac17cf0f56c9,https://councilrecord.ca/newwest.html#vote/1fgjdup,"THAT Bylaw Notice Enforcement Bylaw No. 7318, 2009, Amendment Bylaw No. 8526, 2025 be adopted."
2025-07-07,Council Meeting,,"Municipal Ticket Information Bylaw No. 8077, 2019, Amendment Bylaw No. 8527,",Main motion,Carried,5,0,2,,,In favour,In favour,In favour,Absent,Absent,In favour,In favour,Development; Neighbourhood character,,,,https://pub-newwestcity.escribemeetings.com/FileStream.ashx?DocumentId=22930,https://pub-newwestcity.escribemeetings.com/Players/ISIStandAlonePlayer.aspx?Id=3b8cebb7-5a5b-4505-85ce-ac17cf0f56c9,https://councilrecord.ca/newwest.html#vote/vqtx8f,"THAT Municipal Ticket Information Bylaw No. 8077, 2019, Amendment Bylaw No. 8527, 2025 be adopted."
2025-07-07,Council Meeting,,"Items No. 5.1 through No. 5.18 be adopted by general consent, with the removal of Ite…",Main motion,Carried,5,0,2,,,In favour,In favour,In favour,Absent,Absent,In favour,In favour,Other,,,,https://pub-newwestcity.escribemeetings.com/FileStream.ashx?DocumentId=22930,https://pub-newwestcity.escribemeetings.com/Players/ISIStandAlonePlayer.aspx?Id=3b8cebb7-5a5b-4505-85ce-ac17cf0f56c9,https://councilrecord.ca/newwest.html#vote/1k20qrk,"THAT Items No. 5.1 through No. 5.18 be adopted by general consent, with the removal of Items No. 5.2, 5.4, 5.6, 5.9, 5.10, 5.11, 5.12, 5.15, and 5.17."
2025-07-07,Council Meeting,,"Parks and Recreation Fees Bylaw No. 6673, 2001, Amendment Bylaw No. 8531,",Main motion,Carried,5,0,2,,,In favour,In favour,In favour,Absent,Absent,In favour,In favour,Development; Taxes & spending; Parks & recreation,,,,https://pub-newwestcity.escribemeetings.com/FileStream.ashx?DocumentId=22930,,https://councilrecord.ca/newwest.html#vote/1dadfak,"THAT Parks and Recreation Fees Bylaw No. 6673, 2001, Amendment Bylaw No. 8531, 2025 be given first, second, and third readings."
2025-07-07,Council Meeting,,Memorandum: Participation at the Canadian Centre on Substance Use and,Procedural,Carried,5,0,2,,,In favour,In favour,In favour,Absent,Absent,In favour,In favour,Neighbourhood character; Business & economy,,,,https://pub-newwestcity.escribemeetings.com/FileStream.ashx?DocumentId=22930,,https://councilrecord.ca/newwest.html#vote/wueu8o,"THAT the memorandum from Councillor Nakagawa titled ""Participation at the Canadian Centre on Substance Use and Addiction Municipal Leaders Table - April 13 to 16, 2025"" be received for information."
2025-07-07,Council Meeting,,Summary of Historical and Current Funding and In - Kind Support for Hyack,Procedural,Carried,5,0,2,,,In favour,In favour,In favour,Absent,Absent,In favour,In favour,Taxes & spending; Parks & recreation,,,,https://pub-newwestcity.escribemeetings.com/FileStream.ashx?DocumentId=22930,,https://councilrecord.ca/newwest.html#vote/qvtji8,"THAT the report titled “Summary of Historical and Current Funding and In - Kind Support for Hyack Festival Association and May Day Community Association“ dated July 7, 2025 be received for information."
2025-07-07,Council Meeting,,Zoning Amendment (102 - 128 East Eighth Avenue and 721 Cumberland Street):,Main motion,Carried,5,0,2,,,In favour,In favour,In favour,Absent,Absent,In favour,In favour,Development; Transportation,,,,https://pub-newwestcity.escribemeetings.com/FileStream.ashx?DocumentId=22930,,https://councilrecord.ca/newwest.html#vote/1lejy9g,"THAT Zoning Bylaw No. 6680, 2001, Amendment Bylaw (102 - 128 East Eighth Avenue and 721 Cumberland Street) No. 8394, 2025 be introduced and given first, second, and third readings."
2025-07-07,Council Meeting,,Consideration Of Items Removed From The Consent Agenda,Procedural,Carried,5,0,2,,,In favour,In favour,In favour,Absent,Absent,In favour,In favour,Governance & elections,,,,https://pub-newwestcity.escribemeetings.com/FileStream.ashx?DocumentId=22930,https://pub-newwestcity.escribemeetings.com/Players/ISIStandAlonePlayer.aspx?Id=3b8cebb7-5a5b-4505-85ce-ac17cf0f56c9,https://councilrecord.ca/newwest.html#vote/1jkw03u,"THAT the report titled “2024 Consolidation of Public Compensation for Council Members” dated July 7, 2025 from the Director, Finance, be received for information."
2025-07-07,Council Meeting,,That Staff Provide A Further Update To Council In Q4 2025.,Other,Carried,5,0,2,,,In favour,In favour,In favour,Absent,Absent,In favour,In favour,Other,,The minutes do not give separate motion text at this point; see the linked minutes.,,https://pub-newwestcity.escribemeetings.com/FileStream.ashx?DocumentId=22930,https://pub-newwestcity.escribemeetings.com/Players/ISIStandAlonePlayer.aspx?Id=3b8cebb7-5a5b-4505-85ce-ac17cf0f56c9,https://councilrecord.ca/newwest.html#vote/1cqbeoe,
2025-07-07,Council Meeting,,"That Staff Proceed With The Option 1 Revised Timeline Option, With Public Hearing /",Other,Defeated,1,3,3,,,Against,Against,In favour,Absent,Absent,Absent,Against,Development,1 of 4,The minutes do not give separate motion text at this point; see the linked minutes.,,https://pub-newwestcity.escribemeetings.com/FileStream.ashx?DocumentId=22930,https://pub-newwestcity.escribemeetings.com/Players/ISIStandAlonePlayer.aspx?Id=3b8cebb7-5a5b-4505-85ce-ac17cf0f56c9,https://councilrecord.ca/newwest.html#vote/r35yyi,
2025-07-07,Council Meeting,,"That Staff Proceed With The Option 1 Revised Timeline Option, With Public Hearing /",Other,Carried,3,1,3,,,In favour,In favour,Against,Absent,Absent,Absent,In favour,Development,2 of 4,The minutes do not give separate motion text at this point; see the linked minutes.,,https://pub-newwestcity.escribemeetings.com/FileStream.ashx?DocumentId=22930,https://pub-newwestcity.escribemeetings.com/Players/ISIStandAlonePlayer.aspx?Id=3b8cebb7-5a5b-4505-85ce-ac17cf0f56c9,https://councilrecord.ca/newwest.html#vote/1otvn36,
2025-07-07,Council Meeting,,"That Staff Proceed With The Option 1 Revised Timeline Option, With Public Hearing /",Amendment,Carried,3,1,3,,,In favour,In favour,Against,Absent,Absent,Absent,In favour,Development,3 of 4,,,https://pub-newwestcity.escribemeetings.com/FileStream.ashx?DocumentId=22930,https://pub-newwestcity.escribemeetings.com/Players/ISIStandAlonePlayer.aspx?Id=3b8cebb7-5a5b-4505-85ce-ac17cf0f56c9,https://councilrecord.ca/newwest.html#vote/1rvdc27,"THAT “with public hearing / consideration of third reading on or around October 1, 2025 and consideration of bylaw adoption on or around February 1, 2026” be deleted from Part 2 of the main motion."
2025-07-07,Council Meeting,,That Staff Proceed With The Option 1 Revised Timeline Option Included In The Revised,Main motion,Carried,3,1,3,,,In favour,In favour,Against,Absent,Absent,Absent,In favour,Housing & density,1 of 2,Vote on the main motion after an amendment or referral was dealt with.,,https://pub-newwestcity.escribemeetings.com/FileStream.ashx?DocumentId=22930,https://pub-newwestcity.escribemeetings.com/Players/ISIStandAlonePlayer.aspx?Id=3b8cebb7-5a5b-4505-85ce-ac17cf0f56c9,https://councilrecord.ca/newwest.html#vote/4y38ye,"1. THAT staff proceed with Option A in the Structuring Materials section of the report titled “Our City, Our Homes: Implementation of Housing Legislation and Housing Accelerator Fund Initiatives – Next Steps” dated July 7, 2025 that would re-forward the omnibus report for Council-consideration; and 2. THAT staff proceed with the Option 1 revised timeline option included in the Revised Timelines section of the report titled “Our City, Our Homes: Implementation of Housing Legislation and Housing Accelerator Fund Initiatives – Next Steps” dated July 7, 2025."
2025-07-07,Council Meeting,,That Staff Continue To Participate And Engage In Opportunities To Provide Feedback,Other,Carried,5,0,2,,,In favour,In favour,In favour,Absent,Absent,In favour,In favour,Other,,The minutes do not give separate motion text at this point; see the linked minutes.,,https://pub-newwestcity.escribemeetings.com/FileStream.ashx?DocumentId=22930,https://pub-newwestcity.escribemeetings.com/Players/ISIStandAlonePlayer.aspx?Id=3b8cebb7-5a5b-4505-85ce-ac17cf0f56c9,https://councilrecord.ca/newwest.html#vote/c24zcj,
2025-07-07,Council Meeting,,"That Staff Proceed With The Option 1 Revised Timeline Option, With Public Hearing /",Amendment,Carried,3,1,3,,,In favour,In favour,Against,Absent,Absent,Absent,In favour,Development,4 of 4,,,https://pub-newwestcity.escribemeetings.com/FileStream.ashx?DocumentId=22930,https://pub-newwestcity.escribemeetings.com/Players/ISIStandAlonePlayer.aspx?Id=3b8cebb7-5a5b-4505-85ce-ac17cf0f56c9,https://councilrecord.ca/newwest.html#vote/1rvdc27-2,"THAT “with public hearing / consideration of third reading on or around October 1, 2025 and consideration of bylaw adoption on or around February 1, 2026” be deleted from Part 2 of the main motion."
2025-07-07,Council Meeting,,That Staff Proceed With The Option 1 Revised Timeline Option Included In The Revised,Main motion,Carried,3,1,3,,,In favour,In favour,Against,Absent,Absent,Absent,In favour,Housing & density,2 of 2,Vote on the main motion after an amendment or referral was dealt with.,,https://pub-newwestcity.escribemeetings.com/FileStream.ashx?DocumentId=22930,https://pub-newwestcity.escribemeetings.com/Players/ISIStandAlonePlayer.aspx?Id=3b8cebb7-5a5b-4505-85ce-ac17cf0f56c9,https://councilrecord.ca/newwest.html#vote/4y38ye-2,"1. THAT staff proceed with Option A in the Structuring Materials section of the report titled “Our City, Our Homes: Implementation of Housing Legislation and Housing Accelerator Fund Initiatives – Next Steps” dated July 7, 2025 that would re-forward the omnibus report for Council-consideration; and 2. THAT staff proceed with the Option 1 revised timeline option included in the Revised Timelines section of the report titled “Our City, Our Homes: Implementation of Housing Legislation and Housing Accelerator Fund Initiatives – Next Steps” dated July 7, 2025."
2025-07-07,Council Meeting,,That If The Owner Fails To Comply With All Or Part Of The Remedial Action,Other,Carried,5,0,2,,,In favour,In favour,In favour,Absent,Absent,In favour,In favour,Neighbourhood character,,The minutes do not give separate motion text at this point; see the linked minutes.,,https://pub-newwestcity.escribemeetings.com/FileStream.ashx?DocumentId=22930,https://pub-newwestcity.escribemeetings.com/Players/ISIStandAlonePlayer.aspx?Id=3b8cebb7-5a5b-4505-85ce-ac17cf0f56c9,https://councilrecord.ca/newwest.html#vote/ehua4c,
2025-07-07,Council Meeting,,Rezoning Application: 912 Queens Avenue and 129 - 137 Tenth Street – Application,Main motion,Carried,5,0,2,,,In favour,In favour,In favour,Absent,Absent,In favour,In favour,Housing & density; Development; Transportation,,,,https://pub-newwestcity.escribemeetings.com/FileStream.ashx?DocumentId=22930,https://pub-newwestcity.escribemeetings.com/Players/ISIStandAlonePlayer.aspx?Id=3b8cebb7-5a5b-4505-85ce-ac17cf0f56c9,https://councilrecord.ca/newwest.html#vote/1t551w9,"THAT any subsequent development application for 912 Queens Avenue and 129 - 137 Tenth Street be required to: (1) also include 124 McInnes Street; (2) provide community benefits including but, depending on the scale of any future development proposal, not necessarily limited to, affordable rental housing units; and, (3) include a tenant assistance package that applies to tenants of all subject properties, including all former and/or current residents of 912 Queens Avenue and 124 McInnes Street, consistent with the City’s endorsed policy and/or policy provisions for tenant assistance, including providing a legal right of first refusal to equivalent new units at the rents the tenants were charged at the time they vacate(d) their units, plus increases in rent permitted through the Residential Tenancy Act."
2025-07-07,Council Meeting,,That Staff Further Work On Site Access To Address Potential Safety Or Other Concerns,Main motion,Carried,5,0,2,,,In favour,In favour,In favour,Absent,Absent,In favour,In favour,Other,,Vote on the main motion after an amendment or referral was dealt with.,,https://pub-newwestcity.escribemeetings.com/FileStream.ashx?DocumentId=22930,https://pub-newwestcity.escribemeetings.com/Players/ISIStandAlonePlayer.aspx?Id=3b8cebb7-5a5b-4505-85ce-ac17cf0f56c9,https://councilrecord.ca/newwest.html#vote/1ni33r4,The question on the motion
2025-07-07,Council Meeting,,Westminster Pier Park – Activation and Community Re - Engagement,Procedural,Carried,5,0,2,,,In favour,In favour,In favour,Absent,Absent,In favour,In favour,Parks & recreation,,,,https://pub-newwestcity.escribemeetings.com/FileStream.ashx?DocumentId=22930,https://pub-newwestcity.escribemeetings.com/Players/ISIStandAlonePlayer.aspx?Id=3b8cebb7-5a5b-4505-85ce-ac17cf0f56c9,https://councilrecord.ca/newwest.html#vote/gnpwy4,"THAT the staff report titled “Westminster Pier Park – Activation and Community Re - Engagement” dated July 7, 2025 be received for information."
2025-07-07,Council Meeting,,"Zoning Bylaw No. 6680, 2001, Retail Sale of Cannabis (416 East Columbia Street)",Referral,Defeated,2,3,2,,,Against,Against,In favour,Absent,Absent,In favour,Against,Development; Transportation; Neighbourhood character; Business & economy,1 of 3,,,https://pub-newwestcity.escribemeetings.com/FileStream.ashx?DocumentId=22930,https://pub-newwestcity.escribemeetings.com/Players/ISIStandAlonePlayer.aspx?Id=3b8cebb7-5a5b-4505-85ce-ac17cf0f56c9,https://councilrecord.ca/newwest.html#vote/1wd2djx,"THAT Zoning Bylaw No. 6680, 2001, Retail Sale of Cannabis (416 East Columbia Street) Amendment Bylaw No. 8520, 2025 be referred to a future Regular Council meeting."
2025-07-07,Council Meeting,,"Zoning Bylaw No. 6680, 2001, Retail Sale of Cannabis (416 East Columbia Street)",Referral,Defeated,2,3,2,,,Against,Against,In favour,Absent,Absent,In favour,Against,Development; Transportation; Neighbourhood character; Business & economy,2 of 3,,,https://pub-newwestcity.escribemeetings.com/FileStream.ashx?DocumentId=22930,https://pub-newwestcity.escribemeetings.com/Players/ISIStandAlonePlayer.aspx?Id=3b8cebb7-5a5b-4505-85ce-ac17cf0f56c9,https://councilrecord.ca/newwest.html#vote/1wd2djx-2,"THAT Zoning Bylaw No. 6680, 2001, Retail Sale of Cannabis (416 East Columbia Street) Amendment Bylaw No. 8520, 2025 be referred to the September 15, 2025 Regular Council meeting."
2025-07-07,Council Meeting,,"Zoning Bylaw No. 6680, 2001, Retail Sale of Cannabis (416 East Columbia Street)",Main motion,Carried,3,2,2,,,In favour,In favour,Against,Absent,Absent,Against,In favour,Development; Transportation; Neighbourhood character; Business & economy,3 of 3,Vote on the main motion after an amendment or referral was dealt with.,,https://pub-newwestcity.escribemeetings.com/FileStream.ashx?DocumentId=22930,https://pub-newwestcity.escribemeetings.com/Players/ISIStandAlonePlayer.aspx?Id=3b8cebb7-5a5b-4505-85ce-ac17cf0f56c9,https://councilrecord.ca/newwest.html#vote/njlsbr,The question on the motion
2025-07-07,Council Meeting,,That The Bus Stop Adjacent To The Queensborough Connector Be Set As A Priority,Other,Carried,5,0,2,,,In favour,In favour,In favour,Absent,Absent,In favour,In favour,Transportation,,The minutes do not give separate motion text at this point; see the linked minutes.,,https://pub-newwestcity.escribemeetings.com/FileStream.ashx?DocumentId=22930,https://pub-newwestcity.escribemeetings.com/Players/ISIStandAlonePlayer.aspx?Id=3b8cebb7-5a5b-4505-85ce-ac17cf0f56c9,https://councilrecord.ca/newwest.html#vote/1riinwq,
2025-08-25,Council Meeting,,That The Report Titled “Building Safer Communities Fund Program – At-Risk Youth,Other,Carried,6,0,1,,,In favour,Absent,In favour,In favour,In favour,In favour,In favour,Parks & recreation,,The minutes do not give separate motion text at this point; see the linked minutes.,,https://pub-newwestcity.escribemeetings.com/FileStream.ashx?DocumentId=23192,https://pub-newwestcity.escribemeetings.com/Players/ISIStandAlonePlayer.aspx?Id=a73f907b-1705-45d3-8e73-0a4d9b064b0a,https://councilrecord.ca/newwest.html#vote/76eeri,
2025-08-25,Council Meeting,,"That The City Continue To Actively Advocate To The Minister Of Tourism, Arts, Culture",Other,Carried,6,0,1,,,In favour,Absent,In favour,In favour,In favour,In favour,In favour,Parks & recreation; Business & economy,1 of 5,The minutes do not give separate motion text at this point; see the linked minutes.,,https://pub-newwestcity.escribemeetings.com/FileStream.ashx?DocumentId=23192,https://pub-newwestcity.escribemeetings.com/Players/ISIStandAlonePlayer.aspx?Id=a73f907b-1705-45d3-8e73-0a4d9b064b0a,https://councilrecord.ca/newwest.html#vote/1r06rmg,
2025-08-25,Council Meeting,,"That The City Continue To Actively Advocate To The Minister Of Tourism, Arts, Culture",Main motion,Defeated,3,3,1,,,Against,Absent,In favour,Against,In favour,In favour,Against,Parks & recreation; Business & economy,2 of 5,Vote on the main motion after an amendment or referral was dealt with. Defeated on a tied vote.,,https://pub-newwestcity.escribemeetings.com/FileStream.ashx?DocumentId=23192,https://pub-newwestcity.escribemeetings.com/Players/ISIStandAlonePlayer.aspx?Id=a73f907b-1705-45d3-8e73-0a4d9b064b0a,https://councilrecord.ca/newwest.html#vote/17596za,"The question on Part 1 of the main motion, as amended"
2025-08-25,Council Meeting,,"That The City Continue To Actively Advocate To The Minister Of Tourism, Arts, Culture",Main motion,Carried,4,2,1,,,Against,Absent,In favour,In favour,In favour,In favour,Against,Parks & recreation; Business & economy,3 of 5,Vote on the main motion after an amendment or referral was dealt with.,,https://pub-newwestcity.escribemeetings.com/FileStream.ashx?DocumentId=23192,https://pub-newwestcity.escribemeetings.com/Players/ISIStandAlonePlayer.aspx?Id=a73f907b-1705-45d3-8e73-0a4d9b064b0a,https://councilrecord.ca/newwest.html#vote/hz4jp3,"The question on Part 2 of the main motion, as amended"
2025-08-25,Council Meeting,,"That The City Continue To Actively Advocate To The Minister Of Tourism, Arts, Culture",Main motion,Carried,6,0,1,,,In favour,Absent,In favour,In favour,In favour,In favour,In favour,Parks & recreation; Business & economy,4 of 5,Vote on the main motion after an amendment or referral was dealt with.,,https://pub-newwestcity.escribemeetings.com/FileStream.ashx?DocumentId=23192,https://pub-newwestcity.escribemeetings.com/Players/ISIStandAlonePlayer.aspx?Id=a73f907b-1705-45d3-8e73-0a4d9b064b0a,https://councilrecord.ca/newwest.html#vote/aqvsjq,"The question on Part 3 of the main motion, as amended"
2025-08-25,Council Meeting,,"That The City Continue To Actively Advocate To The Minister Of Tourism, Arts, Culture",Main motion,Carried,6,0,1,,,In favour,Absent,In favour,In favour,In favour,In favour,In favour,Parks & recreation; Business & economy,5 of 5,Vote on the main motion after an amendment or referral was dealt with.,,https://pub-newwestcity.escribemeetings.com/FileStream.ashx?DocumentId=23192,https://pub-newwestcity.escribemeetings.com/Players/ISIStandAlonePlayer.aspx?Id=a73f907b-1705-45d3-8e73-0a4d9b064b0a,https://councilrecord.ca/newwest.html#vote/15t4qxe,"The question on Part 4 of the main motion, as amended"
2025-08-25,Council Meeting,,"Review of City's Speed Hump Installation Policy (Item Postponed from July 7, 2025",Main motion,Carried,6,0,1,,,In favour,Absent,In favour,In favour,In favour,In favour,In favour,Transportation,,,,https://pub-newwestcity.escribemeetings.com/FileStream.ashx?DocumentId=23192,https://pub-newwestcity.escribemeetings.com/Players/ISIStandAlonePlayer.aspx?Id=a73f907b-1705-45d3-8e73-0a4d9b064b0a,https://councilrecord.ca/newwest.html#vote/18536ot,"THAT Council direct staff to undertake a review of the City’s Speed Hump Installation Policy, with a focus on improving equity in access, standardizing implementation practices, and incorporating data-driven criteria for identifying priority locations, and report back with findings and recommendations."
2025-08-25,Council Meeting,,Riverfront Vision Update – Westminster Pier Park to Sapperton Landing Park (Item,Referral,Carried,6,0,1,,,In favour,Absent,In favour,In favour,In favour,In favour,In favour,Parks & recreation,,,,https://pub-newwestcity.escribemeetings.com/FileStream.ashx?DocumentId=23192,https://pub-newwestcity.escribemeetings.com/Players/ISIStandAlonePlayer.aspx?Id=a73f907b-1705-45d3-8e73-0a4d9b064b0a,https://councilrecord.ca/newwest.html#vote/uc5key,"THAT “ Riverfront Vision Update – Westminster Pier Park to Sapperton Landing Park” be referred to the September 15, 2025 Regular Council meeting."
2025-08-25,Council Meeting,,"Items No. 5.1 through No. 5.16 be adopted by general co nsent, with the removal of It…",Main motion,Carried,6,0,1,,,In favour,Absent,In favour,In favour,In favour,In favour,In favour,Other,,,,https://pub-newwestcity.escribemeetings.com/FileStream.ashx?DocumentId=23192,https://pub-newwestcity.escribemeetings.com/Players/ISIStandAlonePlayer.aspx?Id=a73f907b-1705-45d3-8e73-0a4d9b064b0a,https://councilrecord.ca/newwest.html#vote/17xvh87,"THAT Items No. 5.1 through No. 5.16 be adopted by general co nsent, with the removal of Item No. 5.11."
2025-08-25,Council Meeting,,Construction Noise Bylaw Variance Request: 252 Brunette Avenue (Sapperton,Main motion,Carried,6,0,1,,,In favour,Absent,In favour,In favour,In favour,In favour,In favour,Development; Neighbourhood character,,,,https://pub-newwestcity.escribemeetings.com/FileStream.ashx?DocumentId=23192,,https://councilrecord.ca/newwest.html#vote/eg8rcp,"THAT a variance from Construction Noise Bylaw No. 6063, 1992 to TransLink from 10:00 PM to 6:00 AM on weekdays and weekends for a maximum of five days per week Tuesday September 2, 2025 to Saturday February 28, 2026, (excluding all Statutory Holidays and Wednesday, December 24, 2025 to Thursday, January 1, 2026) be granted to install new maintenance walkways, demolish and restore original maintenance walkways and make operational equipment modifications to the Sapperton SkyTrain Station at 252 Brunette Avenue."
2025-08-25,Council Meeting,,Provincial Housing Target Order – Year One Progress Report,Main motion,Carried,6,0,1,,,In favour,Absent,In favour,In favour,In favour,In favour,In favour,Housing & density,,,,https://pub-newwestcity.escribemeetings.com/FileStream.ashx?DocumentId=23192,,https://councilrecord.ca/newwest.html#vote/1j8rc3b,"THAT the Housing Target Order Year One Progress Report, as contained in Attachment 1: Housing Target Order Year One Progress Report of the report titled “Provincial Housing Target Order – Year One Progress Report” from the Acting Director of Planning and Development, dated August 25, 2025, be received for information."
2025-08-25,Council Meeting,,Temporary Use Permit Extension for Royal Columbian Hospital Phase Two,Main motion,Carried,6,0,1,,,In favour,Absent,In favour,In favour,In favour,In favour,In favour,Development; Transportation; Public services,,,,https://pub-newwestcity.escribemeetings.com/FileStream.ashx?DocumentId=23192,,https://councilrecord.ca/newwest.html#vote/1b4k3jc,"THAT Temporary Use Permit 00028 be extended for a period of one year to September 19, 2026 for a portion of the property located at 97 Braid Street for the purpose of providing temporary off-site parking for Royal Columbian Hospital staff and construction workers during the second phase of Royal Columbian Hospital redevelopment."
2025-08-25,Council Meeting,,Updated Terms of Reference for Community Advisory Assembly,Main motion,Carried,4,2,1,,,In favour,Absent,Against,In favour,In favour,Against,In favour,Governance & elections,,,,https://pub-newwestcity.escribemeetings.com/FileStream.ashx?DocumentId=23192,https://pub-newwestcity.escribemeetings.com/Players/ISIStandAlonePlayer.aspx?Id=a73f907b-1705-45d3-8e73-0a4d9b064b0a,https://councilrecord.ca/newwest.html#vote/ehys0c,"THAT the updated Terms of Reference for the Community Advisory Assembly, included as Attachment 1 to the report titled “Updated Terms of Reference for Community Advisory Assembly” from the Acting Director of Community Services dated August 25, 2025, be adopted, following updates to reflect feedback from the pilot Assembly members and review by the Assembly Steering Committee."
2025-08-25,Council Meeting,,Ukrainian Sister City Proposal,Amendment,Carried,6,0,1,,,In favour,Absent,In favour,In favour,In favour,In favour,In favour,Other,1 of 2,,,https://pub-newwestcity.escribemeetings.com/FileStream.ashx?DocumentId=23192,https://pub-newwestcity.escribemeetings.com/Players/ISIStandAlonePlayer.aspx?Id=a73f907b-1705-45d3-8e73-0a4d9b064b0a,https://councilrecord.ca/newwest.html#vote/iz7pp5,"THAT the following be added as Part 2: “THAT staff report back to Council on the status of New Westminster's current Sister Cities in terms of our overall level of engagement, interactions and opportunities for education, ideas exchange and business development.”"
2025-08-25,Council Meeting,,Ukrainian Sister City Proposal,Main motion,Carried,6,0,1,,,In favour,Absent,In favour,In favour,In favour,In favour,In favour,Other,2 of 2,Vote on the main motion after an amendment or referral was dealt with.,,https://pub-newwestcity.escribemeetings.com/FileStream.ashx?DocumentId=23192,https://pub-newwestcity.escribemeetings.com/Players/ISIStandAlonePlayer.aspx?Id=a73f907b-1705-45d3-8e73-0a4d9b064b0a,https://councilrecord.ca/newwest.html#vote/cgette,"The question on the main motion, as amended"
2025-08-25,Council Meeting,,London Street Active Transportation Route,Main motion,Carried,6,0,1,,,In favour,Absent,In favour,In favour,In favour,In favour,In favour,Transportation; Parks & recreation,,,,https://pub-newwestcity.escribemeetings.com/FileStream.ashx?DocumentId=23192,https://pub-newwestcity.escribemeetings.com/Players/ISIStandAlonePlayer.aspx?Id=a73f907b-1705-45d3-8e73-0a4d9b064b0a,https://councilrecord.ca/newwest.html#vote/ge6zin,THAT staff report back to City Council with London Street Route public engagement results prior to tendering any work.
2025-08-25,Council Meeting,,"That It Become City Policy Moving Forward That All Public Surveys, Where",Main motion,Defeated,3,3,1,,,Against,Absent,In favour,Against,In favour,In favour,Against,Other,1 of 3,Vote on the main motion after an amendment or referral was dealt with. Defeated on a tied vote.,,https://pub-newwestcity.escribemeetings.com/FileStream.ashx?DocumentId=23192,https://pub-newwestcity.escribemeetings.com/Players/ISIStandAlonePlayer.aspx?Id=a73f907b-1705-45d3-8e73-0a4d9b064b0a,https://councilrecord.ca/newwest.html#vote/1b0eacj,The question on Part 1 of the motion
2025-08-25,Council Meeting,,"That It Become City Policy Moving Forward That All Public Surveys, Where",Main motion,Defeated,2,4,1,,,Against,Absent,In favour,Against,Against,In favour,Against,Other,2 of 3,Vote on the main motion after an amendment or referral was dealt with.,,https://pub-newwestcity.escribemeetings.com/FileStream.ashx?DocumentId=23192,https://pub-newwestcity.escribemeetings.com/Players/ISIStandAlonePlayer.aspx?Id=a73f907b-1705-45d3-8e73-0a4d9b064b0a,https://councilrecord.ca/newwest.html#vote/s3akm1,The question on Part 2 of the motion
2025-08-25,Council Meeting,,"That It Become City Policy Moving Forward That All Public Surveys, Where",Main motion,Carried,6,0,1,,,In favour,Absent,In favour,In favour,In favour,In favour,In favour,Other,3 of 3,Vote on the main motion after an amendment or referral was dealt with.,,https://pub-newwestcity.escribemeetings.com/FileStream.ashx?DocumentId=23192,https://pub-newwestcity.escribemeetings.com/Players/ISIStandAlonePlayer.aspx?Id=a73f907b-1705-45d3-8e73-0a4d9b064b0a,https://councilrecord.ca/newwest.html#vote/wqpgmo,The question on Part 3 of the motion
2025-08-25,Council Meeting,,"Housing Agreement Bylaw (1923 & 1927 Marine Way) No. 8507, 2025",Main motion,Carried,6,0,1,,,In favour,Absent,In favour,In favour,In favour,In favour,In favour,Housing & density,,,,https://pub-newwestcity.escribemeetings.com/FileStream.ashx?DocumentId=23192,https://pub-newwestcity.escribemeetings.com/Players/ISIStandAlonePlayer.aspx?Id=a73f907b-1705-45d3-8e73-0a4d9b064b0a,https://councilrecord.ca/newwest.html#vote/15uwttz,"THAT Housing Agreement Bylaw (1923 & 1927 Marine Way) No. 8507, 2025 be adopted."
2025-09-15,Council Meeting,,Riverfront Vison Update - Westminster Pier Park to Sapperton Landing Park (Item,Main motion,Carried,7,0,0,,,In favour,In favour,In favour,In favour,In favour,In favour,In favour,Transportation; Parks & recreation,,,,https://pub-newwestcity.escribemeetings.com/FileStream.ashx?DocumentId=23257,https://pub-newwestcity.escribemeetings.com/Players/ISIStandAlonePlayer.aspx?Id=c160092f-23c7-450f-8631-d58fc8498434,https://councilrecord.ca/newwest.html#vote/1cr79pk,"THAT staff provide Council with an update on the implementation status and overview of the logistical considerations, and challenges that need to be addressed in order to complete the riverfront pedestrian connection between Westminster Pier Park and Sapperton Landing Park."
2025-09-15,Council Meeting,,"Items No. 5.1 through No. 5.7 be adopted by general consent , with the removal of Ite…",Main motion,Carried,7,0,0,,,In favour,In favour,In favour,In favour,In favour,In favour,In favour,Other,,,,https://pub-newwestcity.escribemeetings.com/FileStream.ashx?DocumentId=23257,https://pub-newwestcity.escribemeetings.com/Players/ISIStandAlonePlayer.aspx?Id=c160092f-23c7-450f-8631-d58fc8498434,https://councilrecord.ca/newwest.html#vote/1q15tvm,"THAT Items No. 5.1 through No. 5.7 be adopted by general consent , with the removal of Items No. 5.2, 5.4, 5.5."
2025-09-15,Council Meeting,,Minutes,Main motion,Carried,7,0,0,,,In favour,In favour,In favour,In favour,In favour,In favour,In favour,Development; Taxes & spending,,,,https://pub-newwestcity.escribemeetings.com/FileStream.ashx?DocumentId=23257,,https://councilrecord.ca/newwest.html#vote/11r1n8i,"THAT 2026 Permissive Property Tax Exemption Bylaw No. 8542, 2025 be introduced and given first, second and third readings."
2025-09-15,Council Meeting,,Consideration Of Items Removed From The Consent Agenda,Main motion,Carried,7,0,0,,,In favour,In favour,In favour,In favour,In favour,In favour,In favour,Taxes & spending,,,,https://pub-newwestcity.escribemeetings.com/FileStream.ashx?DocumentId=23257,https://pub-newwestcity.escribemeetings.com/Players/ISIStandAlonePlayer.aspx?Id=c160092f-23c7-450f-8631-d58fc8498434,https://councilrecord.ca/newwest.html#vote/fzb1a,THAT the $1.0M 2025 quarterly capital budget adjustments and $257.0M Proposed Revised Multi-Year Capital budget be approved.
2025-09-15,Council Meeting,,"Budget 2026: Fees and Rates Review, Amendment Bylaws",Other,Carried,7,0,0,,,In favour,In favour,In favour,In favour,In favour,In favour,In favour,Taxes & spending,1 of 3,The minutes do not give separate motion text at this point; see the linked minutes.,,https://pub-newwestcity.escribemeetings.com/FileStream.ashx?DocumentId=23257,https://pub-newwestcity.escribemeetings.com/Players/ISIStandAlonePlayer.aspx?Id=c160092f-23c7-450f-8631-d58fc8498434,https://councilrecord.ca/newwest.html#vote/12hdyuy,
2025-09-15,Council Meeting,,"Budget 2026: Fees and Rates Review, Amendment Bylaws",Other,Carried,4,3,0,,,In favour,In favour,Against,Against,In favour,Against,In favour,Taxes & spending,2 of 3,The minutes do not give separate motion text at this point; see the linked minutes.,,https://pub-newwestcity.escribemeetings.com/FileStream.ashx?DocumentId=23257,https://pub-newwestcity.escribemeetings.com/Players/ISIStandAlonePlayer.aspx?Id=c160092f-23c7-450f-8631-d58fc8498434,https://councilrecord.ca/newwest.html#vote/1sxnkk4,
2025-09-15,Council Meeting,,"Budget 2026: Fees and Rates Review, Amendment Bylaws",Main motion,Carried,5,2,0,,,In favour,In favour,Against,In favour,In favour,Against,In favour,Development; Taxes & spending,3 of 3,Vote on the main motion after an amendment or referral was dealt with.,,https://pub-newwestcity.escribemeetings.com/FileStream.ashx?DocumentId=23257,https://pub-newwestcity.escribemeetings.com/Players/ISIStandAlonePlayer.aspx?Id=c160092f-23c7-450f-8631-d58fc8498434,https://councilrecord.ca/newwest.html#vote/mqbem,"The question on first, second, and third readings of Engineering User Fees and Rates Bylaw No. 7553, 2013, Amendment Bylaw No. 8534, 2025, as presented on table, as amended"
2025-09-15,Council Meeting,,That 0% And 2.5% Property Tax Implication Scenarios Also Be Prepared For Council-,Other,Carried,7,0,0,,,In favour,In favour,In favour,In favour,In favour,In favour,In favour,Taxes & spending,,The minutes do not give separate motion text at this point; see the linked minutes.,,https://pub-newwestcity.escribemeetings.com/FileStream.ashx?DocumentId=23257,https://pub-newwestcity.escribemeetings.com/Players/ISIStandAlonePlayer.aspx?Id=c160092f-23c7-450f-8631-d58fc8498434,https://councilrecord.ca/newwest.html#vote/1i5jpte,
2025-09-15,Council Meeting,,"Title to Highway (Portion of Keary Street) Bylaw No. 8533, 2025",Main motion,Carried,7,0,0,,,In favour,In favour,In favour,In favour,In favour,In favour,In favour,Development; Transportation,,,,https://pub-newwestcity.escribemeetings.com/FileStream.ashx?DocumentId=23257,https://pub-newwestcity.escribemeetings.com/Players/ISIStandAlonePlayer.aspx?Id=c160092f-23c7-450f-8631-d58fc8498434,https://councilrecord.ca/newwest.html#vote/17nmodw,"THAT Title to Highway (Portion of Keary Street) Bylaw No. 8533, 2025 be adopted."
2025-09-29,Council Meeting,,"Items No. 4.1 through No. 4.1 2 be adopted by general consent , w ith the removal of…",Main motion,Carried,5,0,2,,,In favour,In favour,In favour,Absent,In favour,Absent,In favour,Other,,,,https://pub-newwestcity.escribemeetings.com/FileStream.ashx?DocumentId=23450,https://pub-newwestcity.escribemeetings.com/Players/ISIStandAlonePlayer.aspx?Id=06e57b51-32dd-480c-bb1e-f82d423dc7fe,https://councilrecord.ca/newwest.html#vote/1p2h2pz,"THAT Items No. 4.1 through No. 4.1 2 be adopted by general consent , w ith the removal of I tems No. 4.4. and 4.5."
2025-09-29,Council Meeting,,Licence Agreement with BC Transportation Financing Authority for Construction,Main motion,Carried,5,0,2,,,In favour,In favour,In favour,Absent,In favour,Absent,In favour,Transportation; Parks & recreation; Business & economy,,,,https://pub-newwestcity.escribemeetings.com/FileStream.ashx?DocumentId=23450,,https://councilrecord.ca/newwest.html#vote/9lns5e,"THAT the Mayor and Corporate Officer, on behalf of the City of New Westminster, execute the Licence Agreement for construction of a multi-use path in Grimston Park between the City of New Westminster and BC Transportation Financing Authority as provided in Attachment 1 to the report titled “Licence Agreement with BC Transportation Financing Authority for Construction of a Multi-Use Path in Grimston Park” dated September 29, 2025 from the Director, Engineering Services."
2025-09-29,Council Meeting,,Local Government Climate Action Program 2024 Reporting Year and Corporate,Procedural,Carried,5,0,2,,,In favour,In favour,In favour,Absent,In favour,Absent,In favour,Environment & climate; Governance & elections,,,,https://pub-newwestcity.escribemeetings.com/FileStream.ashx?DocumentId=23450,,https://councilrecord.ca/newwest.html#vote/2c8xsd,"THAT the report titled “Local Government Climate Action Program 2024 Reporting Year and Corporate Emissions Inventory Update”, dated September 29, 2025 from the Director, Energy and Climate Action, be received for information."
2025-09-29,Council Meeting,,Report Back on School Streets and NASSI Opportunity,Main motion,Carried,5,0,2,,,In favour,In favour,In favour,Absent,In favour,Absent,In favour,Transportation; Neighbourhood character; Parks & recreation,,,,https://pub-newwestcity.escribemeetings.com/FileStream.ashx?DocumentId=23450,,https://councilrecord.ca/newwest.html#vote/15090l2,"THAT the School Streets Pilot Program, and opportunity presented to participate in the National Active School Streets Initiative Pop-up program led by the Society of Children and Youth BC, not be pursued due to significant impacts on high-priority work plans and potential for unbudgeted costs, as outlined in the report titled “Response to Council Motion: School Streets Pilot Program” dated May 26, 2025 and the report titled “Report Back on School Streets and NASSI Opportunity” dated September 29, 2025, from the Director, Engineering Services."
2025-09-29,Council Meeting,,Temporary Use Permit: 30 Capilano Way (Amusement Arcade),Main motion,Carried,5,0,2,,,In favour,In favour,In favour,Absent,In favour,Absent,In favour,Development,,,,https://pub-newwestcity.escribemeetings.com/FileStream.ashx?DocumentId=23450,,https://councilrecord.ca/newwest.html#vote/1i0lg4g,"THAT Council issue notice that it will consider issuance of Temporary Use Permit TUP00035 with an expiry date of July 13, 2027, for the property located at #8-30 Capilano Way for the purpose of allowing an accessory Amusement Arcade use to augment existing industrial business operations in an existing industrial building."
2025-09-29,Council Meeting,,Housing and Land Use Planning 2025 - 2026 Work Program,Main motion,Carried,5,0,2,,,In favour,In favour,In favour,Absent,In favour,Absent,In favour,Housing & density; Development; Governance & elections,,,,https://pub-newwestcity.escribemeetings.com/FileStream.ashx?DocumentId=23450,https://pub-newwestcity.escribemeetings.com/Players/ISIStandAlonePlayer.aspx?Id=06e57b51-32dd-480c-bb1e-f82d423dc7fe,https://councilrecord.ca/newwest.html#vote/1cf880i,"THAT the proposed Housing and Land Use Planning Work Program for 2025 and 2026 as set out in the report titled “Housing and Land Use Planning 2025-2026 Work Program” dated September 29, 2025 from the Director, Planning and Development, be endorsed in principle."
2025-09-29,Council Meeting,,That The Next Steps Outlined In The Report Titled “Implications Of Housing,Amendment,Carried,5,0,2,,,In favour,In favour,In favour,Absent,In favour,Absent,In favour,Housing & density; Parks & recreation,,,,https://pub-newwestcity.escribemeetings.com/FileStream.ashx?DocumentId=23450,https://pub-newwestcity.escribemeetings.com/Players/ISIStandAlonePlayer.aspx?Id=06e57b51-32dd-480c-bb1e-f82d423dc7fe,https://councilrecord.ca/newwest.html#vote/a1h86s,"THAT “staff report back on resources required and implications of implementing the following” be added as Part 2, and Parts (a) through (h) of the main motion be listed under the new Part 2."
2025-09-29,Council Meeting,,That Staff Report Back On Resources Required And Implications Of Implementing The,Main motion,Carried,4,1,2,,,In favour,In favour,In favour,Absent,Against,Absent,In favour,Other,1 of 10,Vote on the main motion after an amendment or referral was dealt with.,,https://pub-newwestcity.escribemeetings.com/FileStream.ashx?DocumentId=23450,https://pub-newwestcity.escribemeetings.com/Players/ISIStandAlonePlayer.aspx?Id=06e57b51-32dd-480c-bb1e-f82d423dc7fe,https://councilrecord.ca/newwest.html#vote/njwwfj,"The question on Part 1 of the main motion, as amended"
2025-09-29,Council Meeting,,That Staff Report Back On Resources Required And Implications Of Implementing The,Main motion,Carried,4,1,2,,,In favour,Against,In favour,Absent,In favour,Absent,In favour,Other,2 of 10,Vote on the main motion after an amendment or referral was dealt with.,,https://pub-newwestcity.escribemeetings.com/FileStream.ashx?DocumentId=23450,https://pub-newwestcity.escribemeetings.com/Players/ISIStandAlonePlayer.aspx?Id=06e57b51-32dd-480c-bb1e-f82d423dc7fe,https://councilrecord.ca/newwest.html#vote/2worcm,"The question on Part 2 of the main motion, as amended"
2025-09-29,Council Meeting,,That Staff Report Back On Resources Required And Implications Of Implementing The,Main motion,Carried,3,2,2,,,In favour,Against,In favour,Absent,Against,Absent,In favour,Other,3 of 10,Vote on the main motion after an amendment or referral was dealt with.,,https://pub-newwestcity.escribemeetings.com/FileStream.ashx?DocumentId=23450,https://pub-newwestcity.escribemeetings.com/Players/ISIStandAlonePlayer.aspx?Id=06e57b51-32dd-480c-bb1e-f82d423dc7fe,https://councilrecord.ca/newwest.html#vote/1v18fsa,"The question on Part 2 (a) of the main motion, as amended"
2025-09-29,Council Meeting,,That Staff Report Back On Resources Required And Implications Of Implementing The,Main motion,Defeated,1,4,2,,,Against,Against,In favour,Absent,Against,Absent,Against,Other,4 of 10,Vote on the main motion after an amendment or referral was dealt with.,,https://pub-newwestcity.escribemeetings.com/FileStream.ashx?DocumentId=23450,https://pub-newwestcity.escribemeetings.com/Players/ISIStandAlonePlayer.aspx?Id=06e57b51-32dd-480c-bb1e-f82d423dc7fe,https://councilrecord.ca/newwest.html#vote/1avarhn,"The question on Part 2 (b) of the main motion, as amended"
2025-09-29,Council Meeting,,That Staff Report Back On Resources Required And Implications Of Implementing The,Main motion,Carried,4,1,2,,,In favour,Against,In favour,Absent,In favour,Absent,In favour,Other,5 of 10,Vote on the main motion after an amendment or referral was dealt with.,,https://pub-newwestcity.escribemeetings.com/FileStream.ashx?DocumentId=23450,https://pub-newwestcity.escribemeetings.com/Players/ISIStandAlonePlayer.aspx?Id=06e57b51-32dd-480c-bb1e-f82d423dc7fe,https://councilrecord.ca/newwest.html#vote/dmc26g,"The question on Part 2 (c) of the main motion, as amended"
2025-09-29,Council Meeting,,That Staff Report Back On Resources Required And Implications Of Implementing The,Main motion,Defeated,1,4,2,,,Against,Against,In favour,Absent,Against,Absent,Against,Other,6 of 10,Vote on the main motion after an amendment or referral was dealt with.,,https://pub-newwestcity.escribemeetings.com/FileStream.ashx?DocumentId=23450,https://pub-newwestcity.escribemeetings.com/Players/ISIStandAlonePlayer.aspx?Id=06e57b51-32dd-480c-bb1e-f82d423dc7fe,https://councilrecord.ca/newwest.html#vote/1usqof,"The question on Part 2 (d) of the main motion, as amended"
2025-09-29,Council Meeting,,That Staff Report Back On Resources Required And Implications Of Implementing The,Main motion,Carried,5,0,2,,,In favour,In favour,In favour,Absent,In favour,Absent,In favour,Other,7 of 10,Vote on the main motion after an amendment or referral was dealt with.,,https://pub-newwestcity.escribemeetings.com/FileStream.ashx?DocumentId=23450,https://pub-newwestcity.escribemeetings.com/Players/ISIStandAlonePlayer.aspx?Id=06e57b51-32dd-480c-bb1e-f82d423dc7fe,https://councilrecord.ca/newwest.html#vote/1fd7ejc,"The question on Part 2 (e) of the main motion, as amended"
2025-09-29,Council Meeting,,That Staff Report Back On Resources Required And Implications Of Implementing The,Main motion,Carried,5,0,2,,,In favour,In favour,In favour,Absent,In favour,Absent,In favour,Other,8 of 10,Vote on the main motion after an amendment or referral was dealt with.,,https://pub-newwestcity.escribemeetings.com/FileStream.ashx?DocumentId=23450,https://pub-newwestcity.escribemeetings.com/Players/ISIStandAlonePlayer.aspx?Id=06e57b51-32dd-480c-bb1e-f82d423dc7fe,https://councilrecord.ca/newwest.html#vote/1vmgd9o,"The question on Part 2 (f) of the main motion, as amended"
2025-09-29,Council Meeting,,That Staff Report Back On Resources Required And Implications Of Implementing The,Main motion,Defeated,1,4,2,,,Against,Against,In favour,Absent,Against,Absent,Against,Other,9 of 10,Vote on the main motion after an amendment or referral was dealt with.,,https://pub-newwestcity.escribemeetings.com/FileStream.ashx?DocumentId=23450,https://pub-newwestcity.escribemeetings.com/Players/ISIStandAlonePlayer.aspx?Id=06e57b51-32dd-480c-bb1e-f82d423dc7fe,https://councilrecord.ca/newwest.html#vote/mmmc0t,"The question on Part 2 (g) of the main motion, as amended"
2025-09-29,Council Meeting,,That Staff Report Back On Resources Required And Implications Of Implementing The,Main motion,Defeated,2,3,2,,,Against,Against,In favour,Absent,Against,Absent,In favour,Other,10 of 10,Vote on the main motion after an amendment or referral was dealt with.,,https://pub-newwestcity.escribemeetings.com/FileStream.ashx?DocumentId=23450,https://pub-newwestcity.escribemeetings.com/Players/ISIStandAlonePlayer.aspx?Id=06e57b51-32dd-480c-bb1e-f82d423dc7fe,https://councilrecord.ca/newwest.html#vote/8nmug5,"The question on Part 2 (h) of the main motion, as amended"
2025-09-29,Council Meeting,,Sustainable Housing for Seniors Experiencing Homelessness,Referral,Carried,5,0,2,,,In favour,In favour,In favour,Absent,In favour,Absent,In favour,Housing & density; Public services,,,,https://pub-newwestcity.escribemeetings.com/FileStream.ashx?DocumentId=23450,https://pub-newwestcity.escribemeetings.com/Players/ISIStandAlonePlayer.aspx?Id=06e57b51-32dd-480c-bb1e-f82d423dc7fe,https://councilrecord.ca/newwest.html#vote/wqoa0n,"THAT “Sustainable Housing for Seniors Experiencing Homelessness” be referred to the October 6, 2025 Regular Council meeting."
2025-09-29,Council Meeting,,"Construction Noise Bylaw No. 6063, 1992, Amendment Bylaw No. 8491, 2025",Main motion,Carried,5,0,2,,,In favour,In favour,In favour,Absent,In favour,Absent,In favour,Development; Neighbourhood character,,,,https://pub-newwestcity.escribemeetings.com/FileStream.ashx?DocumentId=23450,https://pub-newwestcity.escribemeetings.com/Players/ISIStandAlonePlayer.aspx?Id=06e57b51-32dd-480c-bb1e-f82d423dc7fe,https://councilrecord.ca/newwest.html#vote/1i3qa3w,"THAT Construction Noise Bylaw No. 6063, 1992, Amendment Bylaw No. 8491, 2025 be adopted."
2025-09-29,Council Meeting,,"Community Services Fees and Charges Bylaw No. 8529, 2025",Main motion,Carried,5,0,2,,,In favour,In favour,In favour,Absent,In favour,Absent,In favour,Development; Taxes & spending,,,,https://pub-newwestcity.escribemeetings.com/FileStream.ashx?DocumentId=23450,https://pub-newwestcity.escribemeetings.com/Players/ISIStandAlonePlayer.aspx?Id=06e57b51-32dd-480c-bb1e-f82d423dc7fe,https://councilrecord.ca/newwest.html#vote/pkthg4,"THAT Community Services Fees and Charges Bylaw No. 8529, 2025 be adopted."
2025-09-29,Council Meeting,,"Engineering User Fees and Rates Bylaw No. 7553, 2013, Amendment Bylaw No.",Main motion,Carried,5,0,2,,,In favour,In favour,In favour,Absent,In favour,Absent,In favour,Development; Taxes & spending,,,,https://pub-newwestcity.escribemeetings.com/FileStream.ashx?DocumentId=23450,https://pub-newwestcity.escribemeetings.com/Players/ISIStandAlonePlayer.aspx?Id=06e57b51-32dd-480c-bb1e-f82d423dc7fe,https://councilrecord.ca/newwest.html#vote/1aq3ghf,"THAT Engineering User Fees and Rates Bylaw No. 7553, 2013, Amendment Bylaw No. 8534, 2025 be adopted."
2025-09-29,Council Meeting,,"Fire Protection Bylaw No. 6940, 2004, Amendment Bylaw No. 8535, 2025",Main motion,Carried,5,0,2,,,In favour,In favour,In favour,Absent,In favour,Absent,In favour,Development; Public services,,,,https://pub-newwestcity.escribemeetings.com/FileStream.ashx?DocumentId=23450,https://pub-newwestcity.escribemeetings.com/Players/ISIStandAlonePlayer.aspx?Id=06e57b51-32dd-480c-bb1e-f82d423dc7fe,https://councilrecord.ca/newwest.html#vote/1r03b3,"THAT Fire Protection Bylaw No. 6940, 2004, Amendment Bylaw No. 8535, 2025 be adopted."
2025-09-29,Council Meeting,,"Planning & Development Fees and Rates Bylaw No. 7683, 2014, Amendment Bylaw",Main motion,Carried,5,0,2,,,In favour,In favour,In favour,Absent,In favour,Absent,In favour,Development; Taxes & spending,1 of 2,,,https://pub-newwestcity.escribemeetings.com/FileStream.ashx?DocumentId=23450,https://pub-newwestcity.escribemeetings.com/Players/ISIStandAlonePlayer.aspx?Id=06e57b51-32dd-480c-bb1e-f82d423dc7fe,https://councilrecord.ca/newwest.html#vote/qwnjdf,"THAT Planning & Development Fees and Rates Bylaw No. 7683, 2014, Amendment Bylaw No. 8541, 2025 be adopted."
2025-09-29,Council Meeting,,"Planning & Development Fees and Rates Bylaw No. 7683, 2014, Amendment Bylaw",Main motion,Carried,5,0,2,,,In favour,In favour,In favour,Absent,In favour,Absent,In favour,Development; Taxes & spending,2 of 2,,,https://pub-newwestcity.escribemeetings.com/FileStream.ashx?DocumentId=23450,https://pub-newwestcity.escribemeetings.com/Players/ISIStandAlonePlayer.aspx?Id=06e57b51-32dd-480c-bb1e-f82d423dc7fe,https://councilrecord.ca/newwest.html#vote/viofpm,"THAT 2026 Permissive Property Tax Exemption Bylaw No. 8542, 2025 be adopted."
2025-09-29,Council Meeting,,"Electrical Utility Bylaw No. 6502, 1998, Amendment Bylaw No. 8546, 2025",Main motion,Carried,5,0,2,,,In favour,In favour,In favour,Absent,In favour,Absent,In favour,Development; Public services,,,,https://pub-newwestcity.escribemeetings.com/FileStream.ashx?DocumentId=23450,https://pub-newwestcity.escribemeetings.com/Players/ISIStandAlonePlayer.aspx?Id=06e57b51-32dd-480c-bb1e-f82d423dc7fe,https://councilrecord.ca/newwest.html#vote/n7hp2r,"THAT Electrical Utility Bylaw No. 6502, 1998, Amendment Bylaw No. 8546, 2025 be adopted."
2025-10-06,Council Meeting,,Sustainable Housing for Seniors Experiencing Homelessness,Main motion,Carried,7,0,0,,,In favour,In favour,In favour,In favour,In favour,In favour,In favour,Housing & density; Taxes & spending; Public services; Governance & elections,,,,https://pub-newwestcity.escribemeetings.com/FileStream.ashx?DocumentId=23459,https://pub-newwestcity.escribemeetings.com/Players/ISIStandAlonePlayer.aspx?Id=c0428aee-121d-4a73-8dae-6910107c6cbf,https://councilrecord.ca/newwest.html#vote/fct612,"THAT the Mayor, on behalf of Council, send a letter of support for sustainable funding for the SHINE program to the Minister of Health and the Minister of Housing and Municipal Affairs."
2025-10-06,Council Meeting,,"Items No. 5.1 through No. 5.11 be ado pted by general consent , with the removal of I…",Main motion,Carried,7,0,0,,,In favour,In favour,In favour,In favour,In favour,In favour,In favour,Other,,,,https://pub-newwestcity.escribemeetings.com/FileStream.ashx?DocumentId=23459,https://pub-newwestcity.escribemeetings.com/Players/ISIStandAlonePlayer.aspx?Id=c0428aee-121d-4a73-8dae-6910107c6cbf,https://councilrecord.ca/newwest.html#vote/13zpjse,"THAT Items No. 5.1 through No. 5.11 be ado pted by general consent , with the removal of I tems No. 5.1, 5.2, 5.5, 5.6 and 5.7."
2025-10-06,Council Meeting,,Fenton Streetscape Project – Sole Sourcing of Eagle Valley Excavating,Main motion,Carried,7,0,0,,,In favour,In favour,In favour,In favour,In favour,In favour,In favour,Transportation,,,,https://pub-newwestcity.escribemeetings.com/FileStream.ashx?DocumentId=23459,https://pub-newwestcity.escribemeetings.com/Players/ISIStandAlonePlayer.aspx?Id=c0428aee-121d-4a73-8dae-6910107c6cbf,https://councilrecord.ca/newwest.html#vote/9l7kh9,"THAT a competitive purchasing exemption sole source in the amount of $551,932.62 to Eagle Valley Excavating Inc., as presented in the staff report titled “Fenton Street Streetscape Project – Sole Sourcing of Eagle Valley Excavating” dated October 6, 2025 from the Director, Engineering and Deputy CAO and Director, Finance, be approved."
2025-10-06,Council Meeting,,Licence of Occupation of a Portion of Brunette Avenue with BC Transportation,Main motion,Carried,7,0,0,,,In favour,In favour,In favour,In favour,In favour,In favour,In favour,Transportation; Neighbourhood character; Parks & recreation; Business & economy,,,,https://pub-newwestcity.escribemeetings.com/FileStream.ashx?DocumentId=23459,,https://councilrecord.ca/newwest.html#vote/1826nm9,"THAT the Mayor and Corporate Officer, on behalf of the City of New Westminster, be authorized to execute the Licence of Occupation Agreement for a portion of Brunette Avenue for the construction and use of a pedestrian bridge connection structure between the City of New Westminster and the BC Transportation Financing Authority as provided in Attachment 1 to the report titled “Licence of Occupation of a Portion of Brunette Avenue with BC Transportation Financing Authority for Construction and Use of a Pedestrian Bridge Connection to Sapperton Station” from the Director, Engineering and Deputy CAO, dated October 6, 2025 ."
2025-10-06,Council Meeting,,Temporary Licence Agreement with MRSL (New Westminster) Nominee Ltd. for,Main motion,Carried,7,0,0,,,In favour,In favour,In favour,In favour,In favour,In favour,In favour,Transportation; Business & economy,,,,https://pub-newwestcity.escribemeetings.com/FileStream.ashx?DocumentId=23459,,https://councilrecord.ca/newwest.html#vote/1pkfe0w,"THAT the Mayor and Corporate Officer be authorized to execute the Temporary Licence Agreement for the construction of dike shoreline rehabilitation at 350 Gifford Street between the City of New Westminster and MRSL (New Westminster) Nominee Ltd. as provided in Attachment 1 to the staff report titled “Temporary Licence Agreement with MRSL (New Westminster) Nominee Ltd. for Construction of Dike Shoreline Rehabilitation at 350 Gifford Street” from the Director, Engineering and Deputy CAO, dated October 6, 2025."
2025-10-06,Council Meeting,,That Staff Report Back With A Draft Accessibility Policy That Allows Councillors To,Main motion,Defeated,2,5,0,,,Against,Against,In favour,Against,Against,In favour,Against,Public services,1 of 3,Vote on the main motion after an amendment or referral was dealt with.,,https://pub-newwestcity.escribemeetings.com/FileStream.ashx?DocumentId=23459,https://pub-newwestcity.escribemeetings.com/Players/ISIStandAlonePlayer.aspx?Id=c0428aee-121d-4a73-8dae-6910107c6cbf,https://councilrecord.ca/newwest.html#vote/1c94et1,The question on the referral motion
2025-10-06,Council Meeting,,That Staff Report Back With A Draft Accessibility Policy That Allows Councillors To,Amendment,Carried,4,3,0,,,In favour,Against,In favour,In favour,Against,In favour,Against,Taxes & spending; Public services,2 of 3,,,https://pub-newwestcity.escribemeetings.com/FileStream.ashx?DocumentId=23459,https://pub-newwestcity.escribemeetings.com/Players/ISIStandAlonePlayer.aspx?Id=c0428aee-121d-4a73-8dae-6910107c6cbf,https://councilrecord.ca/newwest.html#vote/q6hizh,THAT Part 2 of the motion be amended by deleting “ be indexed to the cost of a monthly ” and replacing it with “incorporate a one-month.”
2025-10-06,Council Meeting,,That Staff Report Back With A Draft Accessibility Policy That Allows Councillors To,Other,Defeated,2,5,0,,,Against,Against,In favour,Against,Against,In favour,Against,Public services,3 of 3,The minutes do not give separate motion text at this point; see the linked minutes.,,https://pub-newwestcity.escribemeetings.com/FileStream.ashx?DocumentId=23459,https://pub-newwestcity.escribemeetings.com/Players/ISIStandAlonePlayer.aspx?Id=c0428aee-121d-4a73-8dae-6910107c6cbf,https://councilrecord.ca/newwest.html#vote/1aemsz7,
2025-10-06,Council Meeting,,That Human Resources Report Back With A Draft Accessibility Policy That Allows,Main motion,Carried,5,2,0,,,In favour,In favour,Against,In favour,In favour,Against,In favour,Taxes & spending; Transportation; Parks & recreation; Public services; Governance & elections,,Vote on the main motion after an amendment or referral was dealt with.,,https://pub-newwestcity.escribemeetings.com/FileStream.ashx?DocumentId=23459,https://pub-newwestcity.escribemeetings.com/Players/ISIStandAlonePlayer.aspx?Id=c0428aee-121d-4a73-8dae-6910107c6cbf,https://councilrecord.ca/newwest.html#vote/14c2bx,1. THAT Council remuneration continue to reflect the CPI - based annual adjustment; 2. THAT the Transportation allowance for the Mayor and Councillors incorporate a one-month transit pass from TransLink; and 3. THAT Human Resources report back with a draft accessibility policy that allows members of Council to request an additional transportation allowance based on individual need related to their accessibility needs.
2025-10-06,Council Meeting,,"Targeted safety improvements such as crosswalk upgrades, curb ramps, and",Main motion,Defeated,2,5,0,,,Against,Against,In favour,Against,Against,In favour,Against,Transportation,,Vote on the main motion after an amendment or referral was dealt with.,,https://pub-newwestcity.escribemeetings.com/FileStream.ashx?DocumentId=23459,https://pub-newwestcity.escribemeetings.com/Players/ISIStandAlonePlayer.aspx?Id=c0428aee-121d-4a73-8dae-6910107c6cbf,https://councilrecord.ca/newwest.html#vote/17416gf,The question on the motion
2025-10-06,Council Meeting,,"That Next Steps, As Outlined In The Report Titled “Active Transportation Network",Other,Carried,5,2,0,,,In favour,In favour,Against,In favour,In favour,Against,In favour,Transportation; Parks & recreation,,The minutes do not give separate motion text at this point; see the linked minutes.,,https://pub-newwestcity.escribemeetings.com/FileStream.ashx?DocumentId=23459,https://pub-newwestcity.escribemeetings.com/Players/ISIStandAlonePlayer.aspx?Id=c0428aee-121d-4a73-8dae-6910107c6cbf,https://councilrecord.ca/newwest.html#vote/1ih29nt,
2025-10-06,Council Meeting,,That Council Urge The Province Of Bc To Require An Independent Audit And Full,Other,Carried,4,3,0,,,Against,Against,In favour,In favour,In favour,In favour,Against,Other,,The minutes do not give separate motion text at this point; see the linked minutes.,,https://pub-newwestcity.escribemeetings.com/FileStream.ashx?DocumentId=23459,https://pub-newwestcity.escribemeetings.com/Players/ISIStandAlonePlayer.aspx?Id=c0428aee-121d-4a73-8dae-6910107c6cbf,https://councilrecord.ca/newwest.html#vote/bg00g8,
2025-10-06,Council Meeting,,That City Staff Work With The New Westminster Police Department And School,Amendment,Carried,4,3,0,,,Against,Against,In favour,In favour,In favour,In favour,Against,Public services,1 of 2,,,https://pub-newwestcity.escribemeetings.com/FileStream.ashx?DocumentId=23459,https://pub-newwestcity.escribemeetings.com/Players/ISIStandAlonePlayer.aspx?Id=c0428aee-121d-4a73-8dae-6910107c6cbf,https://councilrecord.ca/newwest.html#vote/e1wj9f,THAT Part 4 of the mot ion be amended by inserting “and enforcement” after the word “education.”
2025-10-06,Council Meeting,,That City Staff Work With The New Westminster Police Department And School,Main motion,Carried,7,0,0,,,In favour,In favour,In favour,In favour,In favour,In favour,In favour,Public services,2 of 2,Vote on the main motion after an amendment or referral was dealt with.,,https://pub-newwestcity.escribemeetings.com/FileStream.ashx?DocumentId=23459,https://pub-newwestcity.escribemeetings.com/Players/ISIStandAlonePlayer.aspx?Id=c0428aee-121d-4a73-8dae-6910107c6cbf,https://councilrecord.ca/newwest.html#vote/32pe7e,"The question on the main motion, as amended"
2025-10-06,Council Meeting,,"That For The 2026 Grants Intake Timelines, Staff Prepare A Contingency Plan So",Other,Defeated,2,5,0,,,Against,Against,In favour,Against,Against,In favour,Against,Taxes & spending,,The minutes do not give separate motion text at this point; see the linked minutes.,,https://pub-newwestcity.escribemeetings.com/FileStream.ashx?DocumentId=23459,https://pub-newwestcity.escribemeetings.com/Players/ISIStandAlonePlayer.aspx?Id=c0428aee-121d-4a73-8dae-6910107c6cbf,https://councilrecord.ca/newwest.html#vote/198uw7m,
2025-10-06,Council Meeting,,"That Staff Be Directed To Include An Additional $489,225 For Community Grants",Main motion,Carried,5,2,0,,,In favour,In favour,Against,In favour,In favour,Against,In favour,Taxes & spending,,Vote on the main motion after an amendment or referral was dealt with.,,https://pub-newwestcity.escribemeetings.com/FileStream.ashx?DocumentId=23459,https://pub-newwestcity.escribemeetings.com/Players/ISIStandAlonePlayer.aspx?Id=c0428aee-121d-4a73-8dae-6910107c6cbf,https://councilrecord.ca/newwest.html#vote/1hyvyum,The question on the motion
2025-10-06,Council Meeting,,Community Policing Office in Queensborough,Amendment,Carried,6,1,0,,,In favour,In favour,In favour,Against,In favour,In favour,In favour,Public services,1 of 2,,,https://pub-newwestcity.escribemeetings.com/FileStream.ashx?DocumentId=23459,https://pub-newwestcity.escribemeetings.com/Players/ISIStandAlonePlayer.aspx?Id=c0428aee-121d-4a73-8dae-6910107c6cbf,https://councilrecord.ca/newwest.html#vote/10p0fbq,THAT staff report back regarding the circumstances which led to the closure of the satellite policing office in Queensborough.”
2025-10-06,Council Meeting,,Community Policing Office in Queensborough,Main motion,Carried,6,1,0,,,In favour,In favour,In favour,Against,In favour,In favour,In favour,Public services,2 of 2,Vote on the main motion after an amendment or referral was dealt with.,,https://pub-newwestcity.escribemeetings.com/FileStream.ashx?DocumentId=23459,https://pub-newwestcity.escribemeetings.com/Players/ISIStandAlonePlayer.aspx?Id=c0428aee-121d-4a73-8dae-6910107c6cbf,https://councilrecord.ca/newwest.html#vote/x5w5td,"The question on the main motion, as amended"
2025-10-06,Special Council Meeting,,Presentation & Report,Procedural,Carried,7,0,0,,,In favour,In favour,In favour,In favour,In favour,In favour,In favour,Taxes & spending; Public services,,,,https://pub-newwestcity.escribemeetings.com/FileStream.ashx?DocumentId=23451,,https://councilrecord.ca/newwest.html#vote/1oh3qih,"THAT the 2026 Draft Provision Budget report from the New Westminster Police Department, included as Attachment 1 to the staff report titled “2026 Draft New Westminster Police Department Provisional Budget” dated October 6, 2025, from the Director, Finance, be received for information."
2025-10-20,Council Meeting,,That This Report Include Consultation Feedback From Affected Residents And Local,Amendment,Carried,5,2,0,,,In favour,In favour,Against,In favour,In favour,Against,In favour,Other,1 of 2,,,https://pub-newwestcity.escribemeetings.com/FileStream.ashx?DocumentId=24760,https://pub-newwestcity.escribemeetings.com/Players/ISIStandAlonePlayer.aspx?Id=8139fad4-94ec-4386-a904-632765f3143d,https://councilrecord.ca/newwest.html#vote/2o2bqm,The question on the amendment
2025-10-20,Council Meeting,,That This Report Include Consultation Feedback From Affected Residents And Local,Amendment,Carried,7,0,0,,,In favour,In favour,In favour,In favour,In favour,In favour,In favour,Transportation; Public services,2 of 2,,,https://pub-newwestcity.escribemeetings.com/FileStream.ashx?DocumentId=24760,https://pub-newwestcity.escribemeetings.com/Players/ISIStandAlonePlayer.aspx?Id=8139fad4-94ec-4386-a904-632765f3143d,https://councilrecord.ca/newwest.html#vote/9u0o7u,"THAT Part 2 of the main motion, as amended, be amended by inserting “transit users, people with disabilities” after “affected residents.”"
2025-10-20,Council Meeting,,"That This Report Include Consultation Feedback From Affected Residents, Transit",Main motion,Carried,7,0,0,,,In favour,In favour,In favour,In favour,In favour,In favour,In favour,Transportation,1 of 2,Vote on the main motion after an amendment or referral was dealt with.,,https://pub-newwestcity.escribemeetings.com/FileStream.ashx?DocumentId=24760,https://pub-newwestcity.escribemeetings.com/Players/ISIStandAlonePlayer.aspx?Id=8139fad4-94ec-4386-a904-632765f3143d,https://councilrecord.ca/newwest.html#vote/1l76c5o,"The question on Part 1 of the main motion, as amended"
2025-10-20,Council Meeting,,"That This Report Include Consultation Feedback From Affected Residents, Transit",Main motion,Defeated,0,7,0,,,Against,Against,Against,Against,Against,Against,Against,Transportation,2 of 2,Vote on the main motion after an amendment or referral was dealt with.,,https://pub-newwestcity.escribemeetings.com/FileStream.ashx?DocumentId=24760,https://pub-newwestcity.escribemeetings.com/Players/ISIStandAlonePlayer.aspx?Id=8139fad4-94ec-4386-a904-632765f3143d,https://councilrecord.ca/newwest.html#vote/t6oioj,"The question on Part 2 of the main motion, as amended"
2025-10-20,Council Meeting,,"Items No. 5.1 through No. 5.9 be adopted by general consent , with the removal of Ite…",Main motion,Carried,7,0,0,,,In favour,In favour,In favour,In favour,In favour,In favour,In favour,Other,,,,https://pub-newwestcity.escribemeetings.com/FileStream.ashx?DocumentId=24760,https://pub-newwestcity.escribemeetings.com/Players/ISIStandAlonePlayer.aspx?Id=8139fad4-94ec-4386-a904-632765f3143d,https://councilrecord.ca/newwest.html#vote/4ixmha,"THAT Items No. 5.1 through No. 5.9 be adopted by general consent , with the removal of Items No. 5.1, 5.7 and 5.8."
2025-10-20,Council Meeting,,Response to Council Motion – Limiting Business Licences for Vape Stores,Main motion,Carried,7,0,0,,,In favour,In favour,In favour,In favour,In favour,In favour,In favour,Development; Business & economy,,,,https://pub-newwestcity.escribemeetings.com/FileStream.ashx?DocumentId=24760,https://pub-newwestcity.escribemeetings.com/Players/ISIStandAlonePlayer.aspx?Id=8139fad4-94ec-4386-a904-632765f3143d,https://councilrecord.ca/newwest.html#vote/mwicme,THAT staff prepare the necessary Zoning Bylaw amendment that would prohibit age - restricted vape retail as a use .
2025-10-20,Council Meeting,,Rezoning and Special Development Permit Applications: 801 Columbia Street,Postponement,Defeated,3,4,0,,,In favour,Against,Against,Against,In favour,Against,In favour,Development; Transportation; Business & economy; Governance & elections,,,,https://pub-newwestcity.escribemeetings.com/FileStream.ashx?DocumentId=24760,https://pub-newwestcity.escribemeetings.com/Players/ISIStandAlonePlayer.aspx?Id=8139fad4-94ec-4386-a904-632765f3143d,https://councilrecord.ca/newwest.html#vote/366mv2,"THAT the report titled “Rezoning and Special Development Permit Applications: 801 Columbia Street” dated October 20, 2025 from the Director, Planning and Development be tabled."
2025-10-20,Council Meeting,,That Staff Prepare Potential Recommendations Based On Feedback From Council,Main motion,Carried,5,1,1,,,In favour,In favour,In favour,Against,In favour,Absent,In favour,Other,,Vote on the main motion after an amendment or referral was dealt with.,,https://pub-newwestcity.escribemeetings.com/FileStream.ashx?DocumentId=24760,https://pub-newwestcity.escribemeetings.com/Players/ISIStandAlonePlayer.aspx?Id=8139fad4-94ec-4386-a904-632765f3143d,https://councilrecord.ca/newwest.html#vote/r31x4e,The question on the motion
2025-11-03,Council Meeting,,Knowledge Keeper and taw âw,Procedural,Carried,6,0,1,,,In favour,In favour,Absent,In favour,In favour,In favour,In favour,Other,,,,https://pub-newwestcity.escribemeetings.com/FileStream.ashx?DocumentId=23738,https://pub-newwestcity.escribemeetings.com/Players/ISIStandAlonePlayer.aspx?Id=25132416-1901-4b9b-9c7d-48adcc36526a,https://councilrecord.ca/newwest.html#vote/3tx4iw,THAT Jessica Tailfeathers’ thesis paper titled “The impacts of tawâw on public administration and policy in the City of New Westminster; Indigenous Ways of Knowing are dismantling silos and transforming policy in a Canadian Municipality” be received for information.
2025-11-03,Council Meeting,,The applicant prepare and provide prior to Council consideration of First,Other,Carried,6,0,1,,,In favour,In favour,Absent,In favour,In favour,In favour,In favour,Other,,The minutes do not give separate motion text at this point; see the linked minutes.,,https://pub-newwestcity.escribemeetings.com/FileStream.ashx?DocumentId=23738,https://pub-newwestcity.escribemeetings.com/Players/ISIStandAlonePlayer.aspx?Id=25132416-1901-4b9b-9c7d-48adcc36526a,https://councilrecord.ca/newwest.html#vote/1lnvfhz,
2025-11-03,Council Meeting,,"Items No. 5.1 through No. 5.10 be adopted by general consent, with the removal of Ite…",Main motion,Carried,6,0,1,,,In favour,In favour,Absent,In favour,In favour,In favour,In favour,Other,,,,https://pub-newwestcity.escribemeetings.com/FileStream.ashx?DocumentId=23738,https://pub-newwestcity.escribemeetings.com/Players/ISIStandAlonePlayer.aspx?Id=25132416-1901-4b9b-9c7d-48adcc36526a,https://councilrecord.ca/newwest.html#vote/14x7p2m,"THAT Items No. 5.1 through No. 5.10 be adopted by general consent, with the removal of Items No. 5.8 and 5.10."
2025-11-03,Council Meeting,,Minutes – Regular Council,Main motion,Carried,6,0,1,,,In favour,In favour,Absent,In favour,In favour,In favour,In favour,Other,,,,https://pub-newwestcity.escribemeetings.com/FileStream.ashx?DocumentId=23738,,https://councilrecord.ca/newwest.html#vote/6flnvp,"THAT the Minute s of the Regular Council meeting held on October 20, 2025 be adopted as circulated."
2025-11-03,Council Meeting,,Application Review Framework for Instream Development Applications,Main motion,Carried,6,0,1,,,In favour,In favour,Absent,In favour,In favour,In favour,In favour,Housing & density; Development; Neighbourhood character,,,,https://pub-newwestcity.escribemeetings.com/FileStream.ashx?DocumentId=23738,,https://councilrecord.ca/newwest.html#vote/7tz6is,"THAT staff process instream rezoning applications that include strata residential housing in buildings with six or more storeys, excluding Heritage Revitalization Agreements, as outlined in the Instream Development Application Review Process section of the report titled “Application Review Framework for Instream Development Applications” dated November 3, 2025 from the Director, Planning and Development."
2025-11-03,Council Meeting,,"Development Approvals Procedures Bylaw No. 5658, 1987 Amendment Bylaw No.",Main motion,Carried,6,0,1,,,In favour,In favour,Absent,In favour,In favour,In favour,In favour,Development; Governance & elections,,,,https://pub-newwestcity.escribemeetings.com/FileStream.ashx?DocumentId=23738,,https://councilrecord.ca/newwest.html#vote/1fjqk20,"THAT D evelopment Approvals Procedures Bylaw No. 5658, 1987 Amendment Bylaw No. 8512, 2025 be introduced and given first, second and third readings."
2025-11-03,Council Meeting,,"That The March 23, 2026 Regular Council Meeting Be Rescheduled To March 30,",Amendment,Carried,5,1,1,,,In favour,In favour,Absent,In favour,In favour,Against,In favour,Governance & elections,1 of 2,,,https://pub-newwestcity.escribemeetings.com/FileStream.ashx?DocumentId=23738,https://pub-newwestcity.escribemeetings.com/Players/ISIStandAlonePlayer.aspx?Id=25132416-1901-4b9b-9c7d-48adcc36526a,https://councilrecord.ca/newwest.html#vote/mcr5xx,THAT staff report back on a cting m ayor schedules during an election year .
2025-11-03,Council Meeting,,"That The March 23, 2026 Regular Council Meeting Be Rescheduled To March 30,",Referral,Carried,4,2,1,,,In favour,Against,Absent,In favour,In favour,In favour,Against,Governance & elections,2 of 2,,,https://pub-newwestcity.escribemeetings.com/FileStream.ashx?DocumentId=23738,https://pub-newwestcity.escribemeetings.com/Players/ISIStandAlonePlayer.aspx?Id=25132416-1901-4b9b-9c7d-48adcc36526a,https://councilrecord.ca/newwest.html#vote/1ojymzp,"THAT the report titled “Proposed 2026 Council Meeting Schedule & Appointment of Acting Mayors” dated November 3, 2025 be referred back to staff."
2025-11-03,Council Meeting,,That The Next Steps To Close Priority Gaps In The Pedestrian Network In,Other,Carried,6,0,1,,,In favour,In favour,Absent,In favour,In favour,In favour,In favour,Transportation,,The minutes do not give separate motion text at this point; see the linked minutes.,,https://pub-newwestcity.escribemeetings.com/FileStream.ashx?DocumentId=23738,https://pub-newwestcity.escribemeetings.com/Players/ISIStandAlonePlayer.aspx?Id=25132416-1901-4b9b-9c7d-48adcc36526a,https://councilrecord.ca/newwest.html#vote/1qqy768,
2025-11-03,Council Meeting,,Addition of Massey Victory Heights Streetlights to Heritage Register,Main motion,Carried,6,0,1,,,In favour,In favour,Absent,In favour,In favour,In favour,In favour,Transportation; Neighbourhood character; Parks & recreation,,,,https://pub-newwestcity.escribemeetings.com/FileStream.ashx?DocumentId=23738,https://pub-newwestcity.escribemeetings.com/Players/ISIStandAlonePlayer.aspx?Id=25132416-1901-4b9b-9c7d-48adcc36526a,https://councilrecord.ca/newwest.html#vote/2r984q,THAT the Commission request that the streetlights and their associated historic heritage values as described in the “Massey Victory Heights Streetlight Heritage Values Assessment” completed by Schueck Heritage Consulting be added to the Heritage Register.”
2025-11-03,Council Meeting,,Providing recommendation to Council regarding an annual proclamation,Other,Carried,6,0,1,,,In favour,In favour,Absent,In favour,In favour,In favour,In favour,Other,,The minutes do not give separate motion text at this point; see the linked minutes.,,https://pub-newwestcity.escribemeetings.com/FileStream.ashx?DocumentId=23738,https://pub-newwestcity.escribemeetings.com/Players/ISIStandAlonePlayer.aspx?Id=25132416-1901-4b9b-9c7d-48adcc36526a,https://councilrecord.ca/newwest.html#vote/10epnrp,
2025-11-03,Council Meeting,,Inpu t from School District No. 40 on New Development Applications,Main motion,Carried,6,0,1,,,In favour,In favour,Absent,In favour,In favour,In favour,In favour,Governance & elections,,,,https://pub-newwestcity.escribemeetings.com/FileStream.ashx?DocumentId=23738,https://pub-newwestcity.escribemeetings.com/Players/ISIStandAlonePlayer.aspx?Id=25132416-1901-4b9b-9c7d-48adcc36526a,https://councilrecord.ca/newwest.html#vote/ckopnn,THAT the relevant City Directors provide process refinements that enable the School District to provide input regarding school implications within new developments and City initiatives.
2025-11-03,Council Meeting,,Public Post Service,Other,Carried,5,1,1,,,In favour,In favour,Absent,In favour,In favour,Against,In favour,Other,,The minutes do not give separate motion text at this point; see the linked minutes.,,https://pub-newwestcity.escribemeetings.com/FileStream.ashx?DocumentId=23738,https://pub-newwestcity.escribemeetings.com/Players/ISIStandAlonePlayer.aspx?Id=25132416-1901-4b9b-9c7d-48adcc36526a,https://councilrecord.ca/newwest.html#vote/15nrw2x,
2025-11-03,Council Meeting,,Progress Reports on Truth and Reconciliation,Amendment,Defeated,1,5,1,,,Against,Against,Absent,Against,Against,In favour,Against,Governance & elections,1 of 2,,,https://pub-newwestcity.escribemeetings.com/FileStream.ashx?DocumentId=23738,https://pub-newwestcity.escribemeetings.com/Players/ISIStandAlonePlayer.aspx?Id=25132416-1901-4b9b-9c7d-48adcc36526a,https://councilrecord.ca/newwest.html#vote/5c0wlw,The question on the amendment
2025-11-03,Council Meeting,,Progress Reports on Truth and Reconciliation,Main motion,Carried,5,1,1,,,In favour,In favour,Absent,In favour,In favour,Against,In favour,Governance & elections,2 of 2,Vote on the main motion after an amendment or referral was dealt with.,,https://pub-newwestcity.escribemeetings.com/FileStream.ashx?DocumentId=23738,https://pub-newwestcity.escribemeetings.com/Players/ISIStandAlonePlayer.aspx?Id=25132416-1901-4b9b-9c7d-48adcc36526a,https://councilrecord.ca/newwest.html#vote/l46uxz,The question on the main motion
2025-11-03,Council Meeting,,"Business Lic ence Bylaw No. 8473, 2024, Amendment Bylaw No. 8537, 2025",Main motion,Carried,6,0,1,,,In favour,In favour,Absent,In favour,In favour,In favour,In favour,Development; Business & economy,,,,https://pub-newwestcity.escribemeetings.com/FileStream.ashx?DocumentId=23738,https://pub-newwestcity.escribemeetings.com/Players/ISIStandAlonePlayer.aspx?Id=25132416-1901-4b9b-9c7d-48adcc36526a,https://councilrecord.ca/newwest.html#vote/1r681fz,"THAT the Business Licence Bylaw No. 8473, 2024, Amendment Bylaw No. 8537, 2025 be adopted."
2025-11-03,Council Meeting,,"Mobile Food Vending Licence Bylaw No. 7850, 2016, Amendment Byla w No. 8538,",Main motion,Carried,6,0,1,,,In favour,In favour,Absent,In favour,In favour,In favour,In favour,Development; Business & economy,,,,https://pub-newwestcity.escribemeetings.com/FileStream.ashx?DocumentId=23738,https://pub-newwestcity.escribemeetings.com/Players/ISIStandAlonePlayer.aspx?Id=25132416-1901-4b9b-9c7d-48adcc36526a,https://councilrecord.ca/newwest.html#vote/17g3g2w,"THAT the Mobile Food Vending Licence Bylaw No. 7850, 2016, Amendment Bylaw No. 8538, 2025 be adopted."
2025-11-17,Council Meeting,,"That The Agenda For The November 17, 2025 Regular Council Meeting, As Amended, Be",Other,Carried,6,0,1,,,In favour,In favour,In favour,In favour,Absent,In favour,In favour,Other,,The minutes do not give separate motion text at this point; see the linked minutes.,,https://pub-newwestcity.escribemeetings.com/FileStream.ashx?DocumentId=23834,https://pub-newwestcity.escribemeetings.com/Players/ISIStandAlonePlayer.aspx?Id=ee7ca27c-4913-4443-9df4-458be595f709,https://councilrecord.ca/newwest.html#vote/13tudma,
2025-11-17,Council Meeting,,"Business Regulations and Licensing (Rental Units) Bylaw No. 6926, 2004,",Main motion,Carried,6,0,1,,,In favour,In favour,In favour,In favour,Absent,In favour,In favour,Housing & density; Development; Business & economy,,,,https://pub-newwestcity.escribemeetings.com/FileStream.ashx?DocumentId=23834,https://pub-newwestcity.escribemeetings.com/Players/ISIStandAlonePlayer.aspx?Id=ee7ca27c-4913-4443-9df4-458be595f709,https://councilrecord.ca/newwest.html#vote/qg6ar2,"THAT Business Regulations and Licensing (Rental Units) Bylaw No. 6926, 2004, Amendment Bylaw No. 8536, 2025 be adopted."
2025-11-17,Council Meeting,,Crises Response Pilot Project – Independent Evaluation: Round One Update,Main motion,Carried,6,0,1,,,In favour,In favour,In favour,In favour,Absent,In favour,In favour,Other,,,,https://pub-newwestcity.escribemeetings.com/FileStream.ashx?DocumentId=23834,https://pub-newwestcity.escribemeetings.com/Players/ISIStandAlonePlayer.aspx?Id=ee7ca27c-4913-4443-9df4-458be595f709,https://councilrecord.ca/newwest.html#vote/up93t0,"THAT staff report back on the implementation of all recommendations from the Round One Independent Evaluation Report included as Attachment 2 to the report titled “Crises Response Pilot Project – Independent Evaluation: Round One Update” from the Chief Administrative Officer, Director, Engineering, and Director, Planning and Development dated November 17, 2025, including consideration of Council’s feedback provided at the meeting, as part of the next regular update report on the Crises Response Pilot Project."
2025-11-17,Council Meeting,,"Items No. 5.1 through No. 5.6 be adopted by general consent , with the removal of Ite…",Main motion,Carried,6,0,1,,,In favour,In favour,In favour,In favour,Absent,In favour,In favour,Other,,,,https://pub-newwestcity.escribemeetings.com/FileStream.ashx?DocumentId=23834,https://pub-newwestcity.escribemeetings.com/Players/ISIStandAlonePlayer.aspx?Id=ee7ca27c-4913-4443-9df4-458be595f709,https://councilrecord.ca/newwest.html#vote/1wovhif,"THAT Items No. 5.1 through No. 5.6 be adopted by general consent , with the removal of Items No. 5.4, 5.5 and 5.6."
2025-11-17,Council Meeting,,Issuance of Temporary Use Permit TUP00035 for 8 – 30 Capilano Way,Main motion,Carried,6,0,1,,,In favour,In favour,In favour,In favour,Absent,In favour,In favour,Development,,,,https://pub-newwestcity.escribemeetings.com/FileStream.ashx?DocumentId=23834,,https://councilrecord.ca/newwest.html#vote/a25zux,THAT Temporary Use Permit TUP00035 for 8 – 30 Capilano Way be issued.
2025-11-17,Council Meeting,,September 2026 to October 2026 – Councillor Fontaine.,Other,Carried,6,0,1,,,In favour,In favour,In favour,In favour,Absent,In favour,In favour,Other,,The minutes do not give separate motion text at this point; see the linked minutes.,,https://pub-newwestcity.escribemeetings.com/FileStream.ashx?DocumentId=23834,https://pub-newwestcity.escribemeetings.com/Players/ISIStandAlonePlayer.aspx?Id=ee7ca27c-4913-4443-9df4-458be595f709,https://councilrecord.ca/newwest.html#vote/xel73g,
2025-11-17,Council Meeting,,Response to Council Motion: “Conducting a Review of the City's Community and,Main motion,Carried,6,0,1,,,In favour,In favour,In favour,In favour,Absent,In favour,In favour,Other,,Vote on the main motion after an amendment or referral was dealt with.,,https://pub-newwestcity.escribemeetings.com/FileStream.ashx?DocumentId=23834,https://pub-newwestcity.escribemeetings.com/Players/ISIStandAlonePlayer.aspx?Id=ee7ca27c-4913-4443-9df4-458be595f709,https://councilrecord.ca/newwest.html#vote/83lh5a,The question on the motion
2025-11-17,Council Meeting,,Senior Government Costs Download Review Work Plan - Response to the Council,Main motion,Carried,4,2,1,,,In favour,In favour,Against,In favour,Absent,Against,In favour,Taxes & spending,,Vote on the main motion after an amendment or referral was dealt with.,,https://pub-newwestcity.escribemeetings.com/FileStream.ashx?DocumentId=23834,https://pub-newwestcity.escribemeetings.com/Players/ISIStandAlonePlayer.aspx?Id=ee7ca27c-4913-4443-9df4-458be595f709,https://councilrecord.ca/newwest.html#vote/6mle2t,The question on the motion
2025-11-17,Council Meeting,,"Strong Cities Network Sixth Global Summit: December 9 - 11, 2025",Main motion,Carried,4,2,1,,,In favour,In favour,Against,In favour,Absent,Against,In favour,Other,,Vote on the main motion after an amendment or referral was dealt with.,,https://pub-newwestcity.escribemeetings.com/FileStream.ashx?DocumentId=23834,https://pub-newwestcity.escribemeetings.com/Players/ISIStandAlonePlayer.aspx?Id=ee7ca27c-4913-4443-9df4-458be595f709,https://councilrecord.ca/newwest.html#vote/1khp8lp,The question on the motion
2025-11-17,Council Meeting,,"Zoning Bylaw No. 6680, 2001, Amendment Bylaw (102 - 128 East Eighth Avenue and",Main motion,Carried,6,0,1,,,In favour,In favour,In favour,In favour,Absent,In favour,In favour,Development; Transportation,,,,https://pub-newwestcity.escribemeetings.com/FileStream.ashx?DocumentId=23834,https://pub-newwestcity.escribemeetings.com/Players/ISIStandAlonePlayer.aspx?Id=ee7ca27c-4913-4443-9df4-458be595f709,https://councilrecord.ca/newwest.html#vote/1fmnlrl,"THAT the Zoning Bylaw No. 6680, 2001, Amendment Bylaw (102 - 128 East Eighth Avenue and 721 Cumberland Street) No. 8394, 2024 be adopted."
2025-11-17,Council Meeting,,"Development Approval Procedures Bylaw No. 5658, 1987, Amendment Bylaw No.",Main motion,Carried,6,0,1,,,In favour,In favour,In favour,In favour,Absent,In favour,In favour,Development; Governance & elections,,,,https://pub-newwestcity.escribemeetings.com/FileStream.ashx?DocumentId=23834,https://pub-newwestcity.escribemeetings.com/Players/ISIStandAlonePlayer.aspx?Id=ee7ca27c-4913-4443-9df4-458be595f709,https://councilrecord.ca/newwest.html#vote/1a39xdr,"THAT the Development Approval Procedures Bylaw No. 5658, 1987, Amendment Bylaw No. 8512, 2025 be adopted."
2025-12-01,Council Meeting,,That Staff Be Directed To Execute The Phase Two Tasks Of The Vulnerable Buildings,Other,Carried,6,0,1,,,In favour,Absent,In favour,In favour,In favour,In favour,In favour,Other,,The minutes do not give separate motion text at this point; see the linked minutes.,,https://pub-newwestcity.escribemeetings.com/FileStream.ashx?DocumentId=24014,https://pub-newwestcity.escribemeetings.com/Players/ISIStandAlonePlayer.aspx?Id=8487f737-414a-4dc4-a314-568a5a06a140,https://councilrecord.ca/newwest.html#vote/10aevwq,
2025-12-01,Council Meeting,,"Items No. 4.1 through No. 4. 1 3 be adopted by general consent , with the removal of…",Main motion,Carried,6,0,1,,,In favour,Absent,In favour,In favour,In favour,In favour,In favour,Other,,,,https://pub-newwestcity.escribemeetings.com/FileStream.ashx?DocumentId=24014,https://pub-newwestcity.escribemeetings.com/Players/ISIStandAlonePlayer.aspx?Id=8487f737-414a-4dc4-a314-568a5a06a140,https://councilrecord.ca/newwest.html#vote/bb689w,"THAT Items No. 4.1 through No. 4. 1 3 be adopted by general consent , with the removal of Items No. 4.4, 4.5, 4.6, 4.7, 4.9, and 4.12."
2025-12-01,Council Meeting,,Development Variance Permit (1125 Fifth Avenue): Permit to Vary Off - Street,Main motion,Carried,6,0,1,,,In favour,Absent,In favour,In favour,In favour,In favour,In favour,Development; Transportation,,,,https://pub-newwestcity.escribemeetings.com/FileStream.ashx?DocumentId=24014,,https://councilrecord.ca/newwest.html#vote/18v1j1b,THAT notice be provided that Council will consider issuance of a Development Variance Permit (DVP00750) to reduce the required off-street loading spaces from one to zero for a multi-family development at 1125 Fifth Avenue.
2025-12-01,Council Meeting,,"Revenue Anticipation Borrowing Bylaw 7412, 2010, Amendment Bylaw 8567, 2025",Main motion,Carried,6,0,1,,,In favour,Absent,In favour,In favour,In favour,In favour,In favour,Development; Taxes & spending; Neighbourhood character; Business & economy,,,,https://pub-newwestcity.escribemeetings.com/FileStream.ashx?DocumentId=24014,,https://councilrecord.ca/newwest.html#vote/dbyxt6,"THAT Revenue Anticipation Borrowing Bylaw No. 7412, 2010, Amendment Bylaw No. 8567, 2025 be given first, second and third readings."
2025-12-01,Council Meeting,,"Rezoning for Infill Development: 647 East Columbia Street – Bylaw for First,",Main motion,Carried,6,0,1,,,In favour,Absent,In favour,In favour,In favour,In favour,In favour,Housing & density; Development; Transportation; Business & economy,,,,https://pub-newwestcity.escribemeetings.com/FileStream.ashx?DocumentId=24014,,https://councilrecord.ca/newwest.html#vote/arltse,"THAT Zoning Amendment Bylaw (647 East Columbia Street) No. 8552, 2025 be introduced and given first, second, and third readings."
2025-12-01,Council Meeting,,That The Report Titled “2025 Capital And Operating Q3 Performance Report,Other,Carried,6,0,1,,,In favour,Absent,In favour,In favour,In favour,In favour,In favour,Taxes & spending,,The minutes do not give separate motion text at this point; see the linked minutes.,,https://pub-newwestcity.escribemeetings.com/FileStream.ashx?DocumentId=24014,https://pub-newwestcity.escribemeetings.com/Players/ISIStandAlonePlayer.aspx?Id=8487f737-414a-4dc4-a314-568a5a06a140,https://councilrecord.ca/newwest.html#vote/wq5i3b,
2025-12-01,Council Meeting,,That The Report Titled “2025 Capital And Operating Q3 Performance Report,Main motion,Carried,5,1,1,,,In favour,Absent,In favour,In favour,In favour,In favour,Against,Taxes & spending; Public services,,,,https://pub-newwestcity.escribemeetings.com/FileStream.ashx?DocumentId=24014,https://pub-newwestcity.escribemeetings.com/Players/ISIStandAlonePlayer.aspx?Id=8487f737-414a-4dc4-a314-568a5a06a140,https://councilrecord.ca/newwest.html#vote/ba843k,"THAT the 2026 Provisional Budget report from the New Westminster Police Department, included as Attachments 1 and 2 to the staff report titled “2026 Final New Westminster Police Department Operating and Capital Budgets” dated December 1, 2025 from the Director, Finance be included in the City’s 2026 Operating and Capital Budgets."
2025-12-01,Council Meeting,,Affordable Housing Development Approval Policy Work Plan,Main motion,Carried,6,0,1,,,In favour,Absent,In favour,In favour,In favour,In favour,In favour,Housing & density; Governance & elections,,,,https://pub-newwestcity.escribemeetings.com/FileStream.ashx?DocumentId=24014,https://pub-newwestcity.escribemeetings.com/Players/ISIStandAlonePlayer.aspx?Id=8487f737-414a-4dc4-a314-568a5a06a140,https://councilrecord.ca/newwest.html#vote/1f110kz,"THAT staff proceed with the next steps outlined in the Table 1 of the report titled “Affordable Housing Development Approval Policy Work Plan,” dated December 1, 2025 from the Director, Planning and Development, which will facilitate the streamlining of affordable housing development applications."
2025-12-01,Council Meeting,,"That Electrical Utility Bylaw No. 6502, 1998, Amendment Bylaw No. 8569, 2025",Other,Carried,4,2,1,,,In favour,Absent,Against,In favour,In favour,Against,In favour,Development; Public services,,The minutes do not give separate motion text at this point; see the linked minutes.,,https://pub-newwestcity.escribemeetings.com/FileStream.ashx?DocumentId=24014,https://pub-newwestcity.escribemeetings.com/Players/ISIStandAlonePlayer.aspx?Id=8487f737-414a-4dc4-a314-568a5a06a140,https://councilrecord.ca/newwest.html#vote/963emj,
2025-12-01,Council Meeting,,"Implications of Professional Reliance Act Bill M216, 2025",Main motion,Carried,6,0,1,,,In favour,Absent,In favour,In favour,In favour,In favour,In favour,Housing & density; Governance & elections,,,,https://pub-newwestcity.escribemeetings.com/FileStream.ashx?DocumentId=24014,https://pub-newwestcity.escribemeetings.com/Players/ISIStandAlonePlayer.aspx?Id=8487f737-414a-4dc4-a314-568a5a06a140,https://councilrecord.ca/newwest.html#vote/e3xse2,"THAT a letter be sent to the Minister of Housing and Municipal Affairs from the Mayor (Attachment 5), and submission be completed to the Select Standing Committee on Bills and Private Members’ Bills, regarding Bill M 216, based on the report dated December 1, 2025 titled “Implications of Professional Reliance Act Bill M 216, 2025,"" prior to the December 2, 2025 deadline."
2025-12-01,Council Meeting,,Tenant Assistance Policy Update – Additional Analysis on Replacement Unit Floor,Main motion,Carried,6,0,1,,,In favour,Absent,In favour,In favour,In favour,In favour,In favour,Housing & density,,,,https://pub-newwestcity.escribemeetings.com/FileStream.ashx?DocumentId=24014,https://pub-newwestcity.escribemeetings.com/Players/ISIStandAlonePlayer.aspx?Id=8487f737-414a-4dc4-a314-568a5a06a140,https://councilrecord.ca/newwest.html#vote/1knkyjh,"THAT the principles outlined in Attachment 7: Proposed Principles to Update the City’s Tenant Assistance Policy as attached to the report titled “Tenant Assistance Policy Update – Additional Analysis on Replacement Unit Floor Space Standards and Compensation, and Updated Principles” dated December 1, 2025 from the Director, Planning and Development be used as a basis for the overall update to the City’s Tenant Assistance Policy."
2025-12-01,Council Meeting,,"New Westminster Amenity Cost Charges Bylaw No. 8540, 2025",Main motion,Carried,6,0,1,,,In favour,Absent,In favour,In favour,In favour,In favour,In favour,Development; Taxes & spending,,,,https://pub-newwestcity.escribemeetings.com/FileStream.ashx?DocumentId=24014,https://pub-newwestcity.escribemeetings.com/Players/ISIStandAlonePlayer.aspx?Id=8487f737-414a-4dc4-a314-568a5a06a140,https://councilrecord.ca/newwest.html#vote/x30dug,"THAT New Westminster Amenity Cost Charges Bylaw No. 8540, 2025 be adopted."
2025-12-15,Council Meeting,,"Items No. 4.1 through No. 4.19 be adopted by general consent , w i th the removal of…",Main motion,Carried,7,0,0,,,In favour,In favour,In favour,In favour,In favour,In favour,In favour,Other,,,,https://pub-newwestcity.escribemeetings.com/FileStream.ashx?DocumentId=24092,https://pub-newwestcity.escribemeetings.com/Players/ISIStandAlonePlayer.aspx?Id=efa86030-cff6-469f-94cb-99612aef5f2e,https://councilrecord.ca/newwest.html#vote/16a6qpc,"THAT Items No. 4.1 through No. 4.19 be adopted by general consent , w i th the removal of Items No. 4.4, 4.9, 4.10, 4.13, 4.14, and 4.15."
2025-12-15,Council Meeting,,Food Security and Systems Plan,Main motion,Carried,7,0,0,,,In favour,In favour,In favour,In favour,In favour,In favour,In favour,Governance & elections,,,,https://pub-newwestcity.escribemeetings.com/FileStream.ashx?DocumentId=24092,,https://councilrecord.ca/newwest.html#vote/1rddf00,"THAT the proposed Food Security and Systems Plan included as Attachment 1 to the report titled “Food Security and Systems Plan” dated December 15, 2025 from the Director, Planning and Development be endorsed, and staff proceed with implementation."
2025-12-15,Council Meeting,,"Indigenous Relations Response to November 3, 2025 Council Motion",Main motion,Carried,7,0,0,,,In favour,In favour,In favour,In favour,In favour,In favour,In favour,Other,,,,https://pub-newwestcity.escribemeetings.com/FileStream.ashx?DocumentId=24092,,https://councilrecord.ca/newwest.html#vote/1t5t08s,"THAT the report titled, “Indigenous Relations Response to November 3, 2025 Council Motion” regarding City progress on activating mandates outlined in the “United Nations Declaration on the Rights of Indigenous Peoples”, the “Truth and Reconciliation Commission Calls to Action”, and “Reclaiming Power and Place: The Final Report of the National Inquiry into Missing and Murdered Indigenous Women and Girls” be received for information."
2025-12-15,Council Meeting,,Issuance of Development Variance Permit DVP00750 for 1125 Fifth Avenue,Main motion,Carried,7,0,0,,,In favour,In favour,In favour,In favour,In favour,In favour,In favour,Development,,,,https://pub-newwestcity.escribemeetings.com/FileStream.ashx?DocumentId=24092,,https://councilrecord.ca/newwest.html#vote/1vb7x2x,THAT Development Variance Permit DVP00750 for 1125 Fifth Avenue be issued.
2025-12-15,Council Meeting,,Solid Waste Master Plan,Main motion,Carried,7,0,0,,,In favour,In favour,In favour,In favour,In favour,In favour,In favour,Development; Public services; Governance & elections,,,,https://pub-newwestcity.escribemeetings.com/FileStream.ashx?DocumentId=24092,,https://councilrecord.ca/newwest.html#vote/19gb2zj,"THAT the Solid Waste Master Plan, included in Attachment 1 of the report titled “ Solid Waste Master Plan” dated December 15, 2025 from the Director, Engineering & Deputy Chief Administrative Officer, be endorsed."
2025-12-15,Council Meeting,,"Subdivision and Development Control Bylaw No. 7142, 2007, Amendment Bylaw",Main motion,Carried,7,0,0,,,In favour,In favour,In favour,In favour,In favour,In favour,In favour,Development,,,,https://pub-newwestcity.escribemeetings.com/FileStream.ashx?DocumentId=24092,,https://councilrecord.ca/newwest.html#vote/13ra0mk,"THAT Subdivision and Development Control Bylaw No. 7142, 2007, Amendment Bylaw No. 8564, 2025 be introduced and given first, second, and third reading."
2025-12-15,Council Meeting,,"Zoning Bylaw No. 6680, 2001, Amendment Bylaw No. 8543, 2025 [A Bylaw to",Main motion,Carried,7,0,0,,,In favour,In favour,In favour,In favour,In favour,In favour,In favour,Development,,,,https://pub-newwestcity.escribemeetings.com/FileStream.ashx?DocumentId=24092,,https://councilrecord.ca/newwest.html#vote/asvbf1,"THAT Zoning Bylaw No. 6680, 2001, Amendment Bylaw No. 8543, 2025 be given first, second and third readings."
2025-12-15,Council Meeting,,Consideration Of Items Removed From The Consent Agenda,Main motion,Carried,7,0,0,,,In favour,In favour,In favour,In favour,In favour,In favour,In favour,Other,,,,https://pub-newwestcity.escribemeetings.com/FileStream.ashx?DocumentId=24092,https://pub-newwestcity.escribemeetings.com/Players/ISIStandAlonePlayer.aspx?Id=efa86030-cff6-469f-94cb-99612aef5f2e,https://councilrecord.ca/newwest.html#vote/1rtovjl,THAT the order of the items removed from the Consent Agenda be varied to consider Item No. 4.15 first.
2025-12-15,Council Meeting,,That The Implementation Plan Described In The Staff Report Titled “Sixth Avenue And,Main motion,Carried,7,0,0,,,In favour,In favour,In favour,In favour,In favour,In favour,In favour,Other,,Vote on the main motion after an amendment or referral was dealt with.,,https://pub-newwestcity.escribemeetings.com/FileStream.ashx?DocumentId=24092,https://pub-newwestcity.escribemeetings.com/Players/ISIStandAlonePlayer.aspx?Id=efa86030-cff6-469f-94cb-99612aef5f2e,https://councilrecord.ca/newwest.html#vote/11psyps,The question on the motion
2025-12-15,Council Meeting,,That The $161.4 Million 2026 Multi-Year Capital Budget And Funding Strategy,Main motion,Carried,5,2,0,,,In favour,In favour,Against,In favour,In favour,Against,In favour,Taxes & spending,,Vote on the main motion after an amendment or referral was dealt with.,,https://pub-newwestcity.escribemeetings.com/FileStream.ashx?DocumentId=24092,https://pub-newwestcity.escribemeetings.com/Players/ISIStandAlonePlayer.aspx?Id=efa86030-cff6-469f-94cb-99612aef5f2e,https://councilrecord.ca/newwest.html#vote/13ttlop,The question on the motion
2025-12-15,Council Meeting,,"That Zoning Bylaw No. 6680, 2001, Amendment Bylaw No. 8530, 2025 Be",Other,Carried,5,0,2,,,In favour,In favour,In favour,Absent,In favour,Absent,In favour,Development,,The minutes do not give separate motion text at this point; see the linked minutes.,,https://pub-newwestcity.escribemeetings.com/FileStream.ashx?DocumentId=24092,https://pub-newwestcity.escribemeetings.com/Players/ISIStandAlonePlayer.aspx?Id=efa86030-cff6-469f-94cb-99612aef5f2e,https://councilrecord.ca/newwest.html#vote/mipxsw,
2025-12-15,Council Meeting,,"That Zoning Bylaw No. 6680, 2001, Amendment Bylaw No. 8524, 2025 Be Given",Other,Carried,7,0,0,,,In favour,In favour,In favour,In favour,In favour,In favour,In favour,Development,,The minutes do not give separate motion text at this point; see the linked minutes.,,https://pub-newwestcity.escribemeetings.com/FileStream.ashx?DocumentId=24092,https://pub-newwestcity.escribemeetings.com/Players/ISIStandAlonePlayer.aspx?Id=efa86030-cff6-469f-94cb-99612aef5f2e,https://councilrecord.ca/newwest.html#vote/5kcpsv,
2025-12-15,Council Meeting,,That Staff Working On The Arts Strategy Update Consider Ways To Collaborate With,Other,Carried,7,0,0,,,In favour,In favour,In favour,In favour,In favour,In favour,In favour,Parks & recreation,,The minutes do not give separate motion text at this point; see the linked minutes.,,https://pub-newwestcity.escribemeetings.com/FileStream.ashx?DocumentId=24092,https://pub-newwestcity.escribemeetings.com/Players/ISIStandAlonePlayer.aspx?Id=efa86030-cff6-469f-94cb-99612aef5f2e,https://councilrecord.ca/newwest.html#vote/7tow3t,
2025-12-15,Council Meeting,,That Staff Be Directed To Work With The Chc And Heritage New Westminster To,Other,Carried,7,0,0,,,In favour,In favour,In favour,In favour,In favour,In favour,In favour,Neighbourhood character,,The minutes do not give separate motion text at this point; see the linked minutes.,,https://pub-newwestcity.escribemeetings.com/FileStream.ashx?DocumentId=24092,https://pub-newwestcity.escribemeetings.com/Players/ISIStandAlonePlayer.aspx?Id=efa86030-cff6-469f-94cb-99612aef5f2e,https://councilrecord.ca/newwest.html#vote/b3boe5,
2025-12-15,Council Meeting,,That The Mayor Write To The Premier Requesting That As Part Of The 2026 Budget He,Main motion,Defeated,2,5,0,,,Against,Against,In favour,Against,Against,In favour,Against,Taxes & spending,1 of 3,Vote on the main motion after an amendment or referral was dealt with.,,https://pub-newwestcity.escribemeetings.com/FileStream.ashx?DocumentId=24092,https://pub-newwestcity.escribemeetings.com/Players/ISIStandAlonePlayer.aspx?Id=efa86030-cff6-469f-94cb-99612aef5f2e,https://councilrecord.ca/newwest.html#vote/1jbctcg,The question on Part 1 of the motion
2025-12-15,Council Meeting,,That The Mayor Write To The Premier Requesting That As Part Of The 2026 Budget He,Main motion,Defeated,2,5,0,,,Against,Against,In favour,Against,Against,In favour,Against,Taxes & spending,2 of 3,Vote on the main motion after an amendment or referral was dealt with.,,https://pub-newwestcity.escribemeetings.com/FileStream.ashx?DocumentId=24092,https://pub-newwestcity.escribemeetings.com/Players/ISIStandAlonePlayer.aspx?Id=efa86030-cff6-469f-94cb-99612aef5f2e,https://councilrecord.ca/newwest.html#vote/3yguun,The question on Part 2 of the motion
2025-12-15,Council Meeting,,That The Mayor Write To The Premier Requesting That As Part Of The 2026 Budget He,Main motion,Carried,4,3,0,,,Against,Against,In favour,Against,In favour,In favour,In favour,Taxes & spending,3 of 3,Vote on the main motion after an amendment or referral was dealt with.,,https://pub-newwestcity.escribemeetings.com/FileStream.ashx?DocumentId=24092,https://pub-newwestcity.escribemeetings.com/Players/ISIStandAlonePlayer.aspx?Id=efa86030-cff6-469f-94cb-99612aef5f2e,https://councilrecord.ca/newwest.html#vote/vdy5dj,The question on Part 3 of the motion
2025-12-15,Council Meeting,,That Downtown New Westminster Business Improvement Area (Secondary Area),Other,Carried,7,0,0,,,In favour,In favour,In favour,In favour,In favour,In favour,In favour,Business & economy,,The minutes do not give separate motion text at this point; see the linked minutes.,,https://pub-newwestcity.escribemeetings.com/FileStream.ashx?DocumentId=24092,https://pub-newwestcity.escribemeetings.com/Players/ISIStandAlonePlayer.aspx?Id=efa86030-cff6-469f-94cb-99612aef5f2e,https://councilrecord.ca/newwest.html#vote/1109fyf,
2025-12-15,Council Meeting,,New Westminster Amenity Cost Charges Reserve Fund Establishment Bylaw No.,Main motion,Carried,7,0,0,,,In favour,In favour,In favour,In favour,In favour,In favour,In favour,Development; Taxes & spending,,,,https://pub-newwestcity.escribemeetings.com/FileStream.ashx?DocumentId=24092,https://pub-newwestcity.escribemeetings.com/Players/ISIStandAlonePlayer.aspx?Id=efa86030-cff6-469f-94cb-99612aef5f2e,https://councilrecord.ca/newwest.html#vote/km9gkk,"THAT the New Westminster Amenity Cost Charges Reserve Fund Establishment Bylaw No. 8560, 2025 be adopted."
2025-12-15,Council Meeting,,"Revenue Anticipation Borrowing Bylaw No. 7142, 2010, Amendment Bylaw No.",Main motion,Carried,7,0,0,,,In favour,In favour,In favour,In favour,In favour,In favour,In favour,Development; Taxes & spending; Neighbourhood character; Business & economy,,,,https://pub-newwestcity.escribemeetings.com/FileStream.ashx?DocumentId=24092,https://pub-newwestcity.escribemeetings.com/Players/ISIStandAlonePlayer.aspx?Id=efa86030-cff6-469f-94cb-99612aef5f2e,https://councilrecord.ca/newwest.html#vote/vhrcrk,"THAT the Revenue Anticipation Borrowing Bylaw No. 7142, 2010, Amendment Bylaw No. 8567, 2025 be adopted."
2025-12-15,Council Meeting,,"Engineering User Fees and Rates Bylaw No. 7553, 2013, Amendment Bylaw No.",Main motion,Carried,5,2,0,,,In favour,In favour,Against,In favour,In favour,Against,In favour,Development; Taxes & spending,,,,https://pub-newwestcity.escribemeetings.com/FileStream.ashx?DocumentId=24092,https://pub-newwestcity.escribemeetings.com/Players/ISIStandAlonePlayer.aspx?Id=efa86030-cff6-469f-94cb-99612aef5f2e,https://councilrecord.ca/newwest.html#vote/1phj9tg,"THAT the Engineering User Fees and Rates Bylaw No. 7553, 2013, Amendment Bylaw No. 8568, 2025 be adopted."
2025-12-15,Council Meeting,,"Electrical Utility Bylaw No. 6502, 1998, Amendment Bylaw No. 8569, 2025",Main motion,Carried,5,2,0,,,In favour,In favour,Against,In favour,In favour,Against,In favour,Development; Public services,,,,https://pub-newwestcity.escribemeetings.com/FileStream.ashx?DocumentId=24092,https://pub-newwestcity.escribemeetings.com/Players/ISIStandAlonePlayer.aspx?Id=efa86030-cff6-469f-94cb-99612aef5f2e,https://councilrecord.ca/newwest.html#vote/fzir6f,"THAT the Electrical Utility Bylaw No. 6502, 1998, Amendment Bylaw No. 8569, 2025 be adopted."
2026-01-12,Council Meeting,,That The City Work With Bc Housing And The Fraser Health Authority On A City - Wide,Other,Carried,6,0,1,,,In favour,In favour,In favour,Absent,In favour,In favour,In favour,Housing & density; Public services,,The minutes do not give separate motion text at this point; see the linked minutes.,,https://pub-newwestcity.escribemeetings.com/FileStream.ashx?DocumentId=24245,https://pub-newwestcity.escribemeetings.com/Players/ISIStandAlonePlayer.aspx?Id=a04e73a2-7d00-434c-8626-67025fd7dce7,https://councilrecord.ca/newwest.html#vote/1rykdg8,
2026-01-12,Council Meeting,,"Items No. 4.1 through No. 4.9 be adopted by general consent , w ith the removal of It…",Main motion,Carried,6,0,1,,,In favour,In favour,In favour,Absent,In favour,In favour,In favour,Other,,,,https://pub-newwestcity.escribemeetings.com/FileStream.ashx?DocumentId=24245,https://pub-newwestcity.escribemeetings.com/Players/ISIStandAlonePlayer.aspx?Id=a04e73a2-7d00-434c-8626-67025fd7dce7,https://councilrecord.ca/newwest.html#vote/1msya6x,"THAT Items No. 4.1 through No. 4.9 be adopted by general consent , w ith the removal of Item No. 4.7."
2026-01-12,Council Meeting,,That Staff Proceed With The Next Steps Outlined In The Report Titled “Ryall Park South,Other,Carried,6,0,1,,,In favour,In favour,In favour,Absent,In favour,In favour,In favour,Parks & recreation,,The minutes do not give separate motion text at this point; see the linked minutes.,,https://pub-newwestcity.escribemeetings.com/FileStream.ashx?DocumentId=24245,https://pub-newwestcity.escribemeetings.com/Players/ISIStandAlonePlayer.aspx?Id=a04e73a2-7d00-434c-8626-67025fd7dce7,https://councilrecord.ca/newwest.html#vote/1448g2v,
2026-01-12,Council Meeting,,Increasing the Canada Summer Jobs Wage Subsidy,Main motion,Carried,6,0,1,,,In favour,In favour,In favour,Absent,In favour,In favour,In favour,Taxes & spending; Governance & elections,,,,https://pub-newwestcity.escribemeetings.com/FileStream.ashx?DocumentId=24245,https://pub-newwestcity.escribemeetings.com/Players/ISIStandAlonePlayer.aspx?Id=a04e73a2-7d00-434c-8626-67025fd7dce7,https://councilrecord.ca/newwest.html#vote/13mfz51,"THAT a letter be sent to Jake Sawatzky, MP, requesting that funding for the Canada Summer Jobs Wage Subsidy be increased in order to support local organizations in hiring students for summer employment that contributes to independent businesses, the arts and culture sector, and overall economic growth in New Westminster."
2026-01-12,Council Meeting,,"Development Cost Charges Bylaw No. 8327, 2022, Amendment Bylaw No. 8539,",Main motion,Carried,6,0,1,,,In favour,In favour,In favour,Absent,In favour,In favour,In favour,Development; Taxes & spending,,,,https://pub-newwestcity.escribemeetings.com/FileStream.ashx?DocumentId=24245,https://pub-newwestcity.escribemeetings.com/Players/ISIStandAlonePlayer.aspx?Id=a04e73a2-7d00-434c-8626-67025fd7dce7,https://councilrecord.ca/newwest.html#vote/gij2tc,"THAT the Development Cost Charges Bylaw No. 8327, 2022, Amendment Bylaw No. 8539, 2025 be adopted."
2026-01-12,Council Meeting,,"Zoning Bylaw No. 6680, 2001, Amendment Bylaw No. 8543, 2025",Main motion,Carried,6,0,1,,,In favour,In favour,In favour,Absent,In favour,In favour,In favour,Development,,,,https://pub-newwestcity.escribemeetings.com/FileStream.ashx?DocumentId=24245,https://pub-newwestcity.escribemeetings.com/Players/ISIStandAlonePlayer.aspx?Id=a04e73a2-7d00-434c-8626-67025fd7dce7,https://councilrecord.ca/newwest.html#vote/u7qqts,"THAT the Zoning Bylaw No. 6680, 2001, Amendment Bylaw No. 8543, 2025 be adopted."
2026-01-12,Council Meeting,,Development Cost Charges Fire Protection Reserve Fund Establishment Bylaw,Main motion,Carried,6,0,1,,,In favour,In favour,In favour,Absent,In favour,In favour,In favour,Development; Taxes & spending; Public services,,,,https://pub-newwestcity.escribemeetings.com/FileStream.ashx?DocumentId=24245,https://pub-newwestcity.escribemeetings.com/Players/ISIStandAlonePlayer.aspx?Id=a04e73a2-7d00-434c-8626-67025fd7dce7,https://councilrecord.ca/newwest.html#vote/i73p85,"THAT the Development Cost Charges Fire Protection Reserve Fund Establishment Bylaw No. 8559, 2025 be adopted."
2026-01-12,Council Meeting,,Development Cost Charges Parkland Acquisition and Development Reserve Fund,Main motion,Carried,6,0,1,,,In favour,In favour,In favour,Absent,In favour,In favour,In favour,Development; Taxes & spending,,,,https://pub-newwestcity.escribemeetings.com/FileStream.ashx?DocumentId=24245,https://pub-newwestcity.escribemeetings.com/Players/ISIStandAlonePlayer.aspx?Id=a04e73a2-7d00-434c-8626-67025fd7dce7,https://councilrecord.ca/newwest.html#vote/ygccsa,"THAT the Development Cost Charges Parkland Acquisition and Development Reserve Fund Establishment Bylaw No. 8561, 2025 be adopted."
2026-01-12,Council Meeting,,"Development Cost Charges Reserve Fund Establishment Bylaw No. 7172, 2008,",Main motion,Carried,6,0,1,,,In favour,In favour,In favour,Absent,In favour,In favour,In favour,Development; Taxes & spending,,,,https://pub-newwestcity.escribemeetings.com/FileStream.ashx?DocumentId=24245,https://pub-newwestcity.escribemeetings.com/Players/ISIStandAlonePlayer.aspx?Id=a04e73a2-7d00-434c-8626-67025fd7dce7,https://councilrecord.ca/newwest.html#vote/y2z4x5,"THAT the Development Cost Charges Reserve Fund Establishment Bylaw No. 7172, 2008, Amendment Bylaw No. 8562, 2025 be adopted."
2026-01-12,Council Meeting,,"Subdivision and Development Control Bylaw No. 7142, 2007, Amendment Bylaw",Main motion,Carried,6,0,1,,,In favour,In favour,In favour,Absent,In favour,In favour,In favour,Development,,,,https://pub-newwestcity.escribemeetings.com/FileStream.ashx?DocumentId=24245,https://pub-newwestcity.escribemeetings.com/Players/ISIStandAlonePlayer.aspx?Id=a04e73a2-7d00-434c-8626-67025fd7dce7,https://councilrecord.ca/newwest.html#vote/uebw4g,"THAT the Subdivision and Development Control Bylaw No. 7142, 2007, Amendment Bylaw No. 8564, 2025 be adopted."
2026-01-12,Council Meeting,,"Officers Establishment and Indemnity Bylaw No. 7175, 2007, Amendment Bylaw",Main motion,Carried,6,0,1,,,In favour,In favour,In favour,Absent,In favour,In favour,In favour,Development; Governance & elections,,,,https://pub-newwestcity.escribemeetings.com/FileStream.ashx?DocumentId=24245,https://pub-newwestcity.escribemeetings.com/Players/ISIStandAlonePlayer.aspx?Id=a04e73a2-7d00-434c-8626-67025fd7dce7,https://councilrecord.ca/newwest.html#vote/1igeltu,"THAT the Officers Establishment and Indemnity Bylaw No. 7175, 2007, Amendment Bylaw No. 8565, 2025 be adopted."
2026-01-12,Council Meeting,,"Delegation Bylaw No. 7176, 2015, Amendment Bylaw No. 8566, 2025",Main motion,Carried,6,0,1,,,In favour,In favour,In favour,Absent,In favour,In favour,In favour,Development,,,,https://pub-newwestcity.escribemeetings.com/FileStream.ashx?DocumentId=24245,https://pub-newwestcity.escribemeetings.com/Players/ISIStandAlonePlayer.aspx?Id=a04e73a2-7d00-434c-8626-67025fd7dce7,https://councilrecord.ca/newwest.html#vote/z7craq,"THAT the Delegation Bylaw No. 7176, 2015, Amendment Bylaw No. 8566, 2025 be adopted."
2026-01-12,Council Meeting,,Modernizing Federal Small Business Policy to Support Local Economic Stability,Amendment,Defeated,2,4,1,,,Against,Against,In favour,Absent,Against,In favour,Against,Taxes & spending; Neighbourhood character; Public services; Business & economy,1 of 2,,,https://pub-newwestcity.escribemeetings.com/FileStream.ashx?DocumentId=24245,https://pub-newwestcity.escribemeetings.com/Players/ISIStandAlonePlayer.aspx?Id=a04e73a2-7d00-434c-8626-67025fd7dce7,https://councilrecord.ca/newwest.html#vote/1e48uft,WHEREAS the impact of increasing property taxes significantly above the rate of inflation has detrimental impacts regarding the viability of small businesses.”
2026-01-12,Council Meeting,,Modernizing Federal Small Business Policy to Support Local Economic Stability,Main motion,Carried,6,0,1,,,In favour,In favour,In favour,Absent,In favour,In favour,In favour,Business & economy,2 of 2,Vote on the main motion after an amendment or referral was dealt with.,,https://pub-newwestcity.escribemeetings.com/FileStream.ashx?DocumentId=24245,https://pub-newwestcity.escribemeetings.com/Players/ISIStandAlonePlayer.aspx?Id=a04e73a2-7d00-434c-8626-67025fd7dce7,https://councilrecord.ca/newwest.html#vote/f7nt46,The question on the motion
2026-01-26,Council Meeting,,"Zoning Bylaw No. 6680, 2001, Amendment Bylaw (Non-Profit Housing",Main motion,Carried,4,1,2,,,In favour,In favour,Against,Absent,In favour,Absent,In favour,Housing & density; Development,1 of 3,,,https://pub-newwestcity.escribemeetings.com/FileStream.ashx?DocumentId=24951,https://pub-newwestcity.escribemeetings.com/Players/ISIStandAlonePlayer.aspx?Id=dc704c5f-e1a3-455c-973b-ca4e756e868a,https://councilrecord.ca/newwest.html#vote/1g1o0s5,"THAT Official Community Plan Bylaw No. 7925, 2017, Amendment Bylaw No. 8522, 2025 be given third reading."
2026-01-26,Council Meeting,,"Zoning Bylaw No. 6680, 2001, Amendment Bylaw (Non-Profit Housing",Main motion,Carried,5,0,2,,,In favour,In favour,In favour,Absent,In favour,Absent,In favour,Housing & density; Development,2 of 3,,,https://pub-newwestcity.escribemeetings.com/FileStream.ashx?DocumentId=24951,https://pub-newwestcity.escribemeetings.com/Players/ISIStandAlonePlayer.aspx?Id=dc704c5f-e1a3-455c-973b-ca4e756e868a,https://councilrecord.ca/newwest.html#vote/1l927jy,"THAT Zoning Bylaw No. 6680, 2001, Amendment Bylaw No. 8528, 2025 be given third reading."
2026-01-26,Council Meeting,,"Zoning Bylaw No. 6680, 2001, Amendment Bylaw (Non-Profit Housing",Main motion,Carried,5,0,2,,,In favour,In favour,In favour,Absent,In favour,Absent,In favour,Housing & density; Development,3 of 3,,,https://pub-newwestcity.escribemeetings.com/FileStream.ashx?DocumentId=24951,https://pub-newwestcity.escribemeetings.com/Players/ISIStandAlonePlayer.aspx?Id=dc704c5f-e1a3-455c-973b-ca4e756e868a,https://councilrecord.ca/newwest.html#vote/43uaq0,"THAT Zoning Bylaw No. 6680, 2001, Amendment Bylaw No. 8530, 2025 be given third reading."
2026-01-26,Council Meeting,,"Zoning Bylaw No. 6680, 2001, Amendment Bylaw (Townhouse Zoning",Main motion,Carried,5,2,0,,,In favour,In favour,Against,In favour,In favour,Against,In favour,Housing & density; Development,1 of 2,,,https://pub-newwestcity.escribemeetings.com/FileStream.ashx?DocumentId=24951,https://pub-newwestcity.escribemeetings.com/Players/ISIStandAlonePlayer.aspx?Id=dc704c5f-e1a3-455c-973b-ca4e756e868a,https://councilrecord.ca/newwest.html#vote/1wgzv65,"THAT Official Community Plan Bylaw No. 7925, 2017, Amendment Bylaw No. 8547, 2025 be given third reading."
2026-01-26,Council Meeting,,"Zoning Bylaw No. 6680, 2001, Amendment Bylaw (Townhouse Zoning",Main motion,Carried,5,2,0,,,In favour,In favour,Against,In favour,In favour,Against,In favour,Housing & density; Development,2 of 2,,,https://pub-newwestcity.escribemeetings.com/FileStream.ashx?DocumentId=24951,https://pub-newwestcity.escribemeetings.com/Players/ISIStandAlonePlayer.aspx?Id=dc704c5f-e1a3-455c-973b-ca4e756e868a,https://councilrecord.ca/newwest.html#vote/1iblfxm,"THAT Zoning Bylaw No. 6680, 2001, Amendment Bylaw No. 8524, 2025 be given third reading."
2026-01-26,Council Meeting,,"Development Cost Charges Police Reserve Fund Establishment Bylaw No. 8570,",Main motion,Carried,7,0,0,,,In favour,In favour,In favour,In favour,In favour,In favour,In favour,Development; Taxes & spending; Public services,,,,https://pub-newwestcity.escribemeetings.com/FileStream.ashx?DocumentId=24951,https://pub-newwestcity.escribemeetings.com/Players/ISIStandAlonePlayer.aspx?Id=dc704c5f-e1a3-455c-973b-ca4e756e868a,https://councilrecord.ca/newwest.html#vote/1wq80ki,"THAT Development Cost Charges Police Reserve Fund Establishment Bylaw No. 8570, 2025 be adopted."
2026-02-09,Council Meeting,,"Items No. 4.1 through No. 4.14 be adopted by general consent , w ith the removal of I…",Main motion,Carried,7,0,0,,,In favour,In favour,In favour,In favour,In favour,In favour,In favour,Other,,,,https://pub-newwestcity.escribemeetings.com/FileStream.ashx?DocumentId=24686,https://pub-newwestcity.escribemeetings.com/Players/ISIStandAlonePlayer.aspx?Id=eb7edecd-d964-46cf-aad7-0ba2a38c4d49,https://councilrecord.ca/newwest.html#vote/heti4a,"THAT Items No. 4.1 through No. 4.14 be adopted by general consent , w ith the removal of Items No. 4.2, 4.3, 4.4, 4.5, 4.8, and 4.13."
2026-02-09,Council Meeting,,Construction Noise Bylaw Exemption Request: 808 Royal Avenue (Douglas,Main motion,Carried,7,0,0,,,In favour,In favour,In favour,In favour,In favour,In favour,In favour,Development; Taxes & spending; Neighbourhood character,,,,https://pub-newwestcity.escribemeetings.com/FileStream.ashx?DocumentId=24686,,https://councilrecord.ca/newwest.html#vote/1jn9a6p,"THAT an exemption be granted to Graham Construction Ltd. from Construction Noise Bylaw No. 6063, 1992 on alternate Fridays from February 13, 2026 to May 29, 2026 from 8:00 PM to 11:59 PM to enable high polish finishing following a concrete pour at Douglas College located at 808 Royal Avenue, New Westminster."
2026-02-09,Council Meeting,,Council Strategic Priorities Plan – First Semi - Annual Report for 2026,Procedural,Carried,7,0,0,,,In favour,In favour,In favour,In favour,In favour,In favour,In favour,Other,,,,https://pub-newwestcity.escribemeetings.com/FileStream.ashx?DocumentId=24686,,https://councilrecord.ca/newwest.html#vote/a5m60p,"THAT the report titled “Council Strategic Priorities Plan – First Semi - Annual Report for 2026” from the Deputy Chief Administrative Officer dated February 9, 2026 be received for information."
2026-02-09,Council Meeting,,"Kelly O’ Bryan’s, 800 Columbia Street – Application for Patron Participation",Main motion,Carried,7,0,0,,,In favour,In favour,In favour,In favour,In favour,In favour,In favour,Transportation; Neighbourhood character; Business & economy,,,,https://pub-newwestcity.escribemeetings.com/FileStream.ashx?DocumentId=24686,,https://councilrecord.ca/newwest.html#vote/1yvoy04,"THAT New Westminster City Council approves Kelly O’Bryan’s application for a Patron Participation Entertainment Endorsement to allow patron participation entertainment from 5:00 PM to 12:00 AM, Sundays to Saturdays (seven days per week)."
2026-02-09,Council Meeting,,"That The 2026 Multi-Year Capital Budget For $220.0M, Included As Attachment 6",Other,Carried,5,2,0,,,In favour,In favour,Against,In favour,In favour,Against,In favour,Taxes & spending,,The minutes do not give separate motion text at this point; see the linked minutes.,,https://pub-newwestcity.escribemeetings.com/FileStream.ashx?DocumentId=24686,https://pub-newwestcity.escribemeetings.com/Players/ISIStandAlonePlayer.aspx?Id=eb7edecd-d964-46cf-aad7-0ba2a38c4d49,https://councilrecord.ca/newwest.html#vote/zqndx8,
2026-02-09,Council Meeting,,Cannabis Store Relocation Request – North Root Cannabis Ltd. (Update) and Next,Referral,Carried,7,0,0,,,In favour,In favour,In favour,In favour,In favour,In favour,In favour,Development; Transportation; Neighbourhood character; Business & economy,,,,https://pub-newwestcity.escribemeetings.com/FileStream.ashx?DocumentId=24686,https://pub-newwestcity.escribemeetings.com/Players/ISIStandAlonePlayer.aspx?Id=eb7edecd-d964-46cf-aad7-0ba2a38c4d49,https://councilrecord.ca/newwest.html#vote/1h97jrp,"THAT Zoning Bylaw No. 6680, 2001, Retail Sale of Cannabis (416 East Columbia Street) Amendment Bylaw No. 8520, 2025, be referred to the next Regular Council meeting for adoption."
2026-02-09,Council Meeting,,That Staff Proceed With Phase Three Of The Climate Change Adaptation And,Other,Carried,7,0,0,,,In favour,In favour,In favour,In favour,In favour,In favour,In favour,Environment & climate,,The minutes do not give separate motion text at this point; see the linked minutes.,,https://pub-newwestcity.escribemeetings.com/FileStream.ashx?DocumentId=24686,https://pub-newwestcity.escribemeetings.com/Players/ISIStandAlonePlayer.aspx?Id=eb7edecd-d964-46cf-aad7-0ba2a38c4d49,https://councilrecord.ca/newwest.html#vote/qach49,
2026-02-09,Council Meeting,,Construction Noise Bylaw Variance Request: 602 Agnes Street (BC Housing,Main motion,Carried,5,0,2,,,In favour,In favour,In favour,In favour,In favour,Absent,Absent,Housing & density; Development; Taxes & spending; Transportation; Neighbourhood character,,,,https://pub-newwestcity.escribemeetings.com/FileStream.ashx?DocumentId=24686,https://pub-newwestcity.escribemeetings.com/Players/ISIStandAlonePlayer.aspx?Id=eb7edecd-d964-46cf-aad7-0ba2a38c4d49,https://councilrecord.ca/newwest.html#vote/132b7iy,"THAT an exemption be granted to BC Housing contractor, Keller Construction Ltd, from Construction Noise Bylaw No. 6063, 1992 for a period of two consecutive nights from 8:00 PM to 7:00 AM on Wednesday February 11, 2026 and Thursday February 12, 2026 to install a new water main tie-in from 602 Agnes Street to the City’s water main on Agnes Street."
2026-02-09,Council Meeting,,"Financial Statements Audit Planning Report for the year ending December 31, 2025",Main motion,Carried,7,0,0,,,In favour,In favour,In favour,In favour,In favour,In favour,In favour,Taxes & spending,,Vote on the main motion after an amendment or referral was dealt with.,,https://pub-newwestcity.escribemeetings.com/FileStream.ashx?DocumentId=24686,https://pub-newwestcity.escribemeetings.com/Players/ISIStandAlonePlayer.aspx?Id=eb7edecd-d964-46cf-aad7-0ba2a38c4d49,https://councilrecord.ca/newwest.html#vote/1w2hpnh,The question on the motion
2026-02-09,Council Meeting,,"Participation at the Strong Cities' Sixth Global Summit: December 9 - 11, 2025",Other,Carried,7,0,0,,,In favour,In favour,In favour,In favour,In favour,In favour,In favour,Neighbourhood character; Business & economy,,The minutes do not give separate motion text at this point; see the linked minutes.,,https://pub-newwestcity.escribemeetings.com/FileStream.ashx?DocumentId=24686,https://pub-newwestcity.escribemeetings.com/Players/ISIStandAlonePlayer.aspx?Id=eb7edecd-d964-46cf-aad7-0ba2a38c4d49,https://councilrecord.ca/newwest.html#vote/13cgw8p,
2026-02-09,Council Meeting,,Developing a City - Wide AI Policy,Amendment,Carried,7,0,0,,,In favour,In favour,In favour,In favour,In favour,In favour,In favour,Other,1 of 2,,,https://pub-newwestcity.escribemeetings.com/FileStream.ashx?DocumentId=24686,https://pub-newwestcity.escribemeetings.com/Players/ISIStandAlonePlayer.aspx?Id=eb7edecd-d964-46cf-aad7-0ba2a38c4d49,https://councilrecord.ca/newwest.html#vote/17b6b9o,The question on the amendment
2026-02-09,Council Meeting,,Developing a City - Wide AI Policy,Main motion,Carried,7,0,0,,,In favour,In favour,In favour,In favour,In favour,In favour,In favour,Other,2 of 2,Vote on the main motion after an amendment or referral was dealt with.,,https://pub-newwestcity.escribemeetings.com/FileStream.ashx?DocumentId=24686,https://pub-newwestcity.escribemeetings.com/Players/ISIStandAlonePlayer.aspx?Id=eb7edecd-d964-46cf-aad7-0ba2a38c4d49,https://councilrecord.ca/newwest.html#vote/qxgk82,"The question on the main motion, as amended"
2026-02-23,Council Meeting,,That A Good Neighbour Agreement Be Required For The Bc Housing Tiny Homes,Amendment,Carried,5,2,0,,,In favour,In favour,Against,In favour,In favour,Against,In favour,Housing & density,1 of 3,,,https://pub-newwestcity.escribemeetings.com/FileStream.ashx?DocumentId=24853,https://pub-newwestcity.escribemeetings.com/Players/ISIStandAlonePlayer.aspx?Id=096c7ece-4eb6-4d07-bece-17e3929d940a,https://councilrecord.ca/newwest.html#vote/11auycb,The question on the amendment
2026-02-23,Council Meeting,,That A Good Neighbour Agreement Be Required For The Bc Housing Tiny Homes,Main motion,Carried,7,0,0,,,In favour,In favour,In favour,In favour,In favour,In favour,In favour,Housing & density,2 of 3,Vote on the main motion after an amendment or referral was dealt with.,,https://pub-newwestcity.escribemeetings.com/FileStream.ashx?DocumentId=24853,https://pub-newwestcity.escribemeetings.com/Players/ISIStandAlonePlayer.aspx?Id=096c7ece-4eb6-4d07-bece-17e3929d940a,https://councilrecord.ca/newwest.html#vote/3pvcb9,The question on Part (1)
2026-02-23,Council Meeting,,That A Good Neighbour Agreement Be Required For The Bc Housing Tiny Homes,Main motion,Carried,5,2,0,,,In favour,In favour,Against,In favour,In favour,Against,In favour,Housing & density,3 of 3,Vote on the main motion after an amendment or referral was dealt with.,,https://pub-newwestcity.escribemeetings.com/FileStream.ashx?DocumentId=24853,https://pub-newwestcity.escribemeetings.com/Players/ISIStandAlonePlayer.aspx?Id=096c7ece-4eb6-4d07-bece-17e3929d940a,https://councilrecord.ca/newwest.html#vote/7cr6ow,The question on Part (2)
2026-02-23,Council Meeting,,"Items No. 4.1 through No. 4.8 be adopted by general consent , w i th the removal of I…",Main motion,Carried,7,0,0,,,In favour,In favour,In favour,In favour,In favour,In favour,In favour,Other,,,,https://pub-newwestcity.escribemeetings.com/FileStream.ashx?DocumentId=24853,https://pub-newwestcity.escribemeetings.com/Players/ISIStandAlonePlayer.aspx?Id=096c7ece-4eb6-4d07-bece-17e3929d940a,https://councilrecord.ca/newwest.html#vote/11bli4q,"THAT Items No. 4.1 through No. 4.8 be adopted by general consent , w i th the removal of Items No. 4.3, and 4.4."
2026-02-23,Council Meeting,,Consideration Of Items Removed From The Consent Agenda,Amendment,Carried,5,2,0,,,In favour,In favour,Against,In favour,In favour,Against,In favour,Business & economy,1 of 3,,,https://pub-newwestcity.escribemeetings.com/FileStream.ashx?DocumentId=24853,https://pub-newwestcity.escribemeetings.com/Players/ISIStandAlonePlayer.aspx?Id=096c7ece-4eb6-4d07-bece-17e3929d940a,https://councilrecord.ca/newwest.html#vote/1kqxyyl,THAT a Part 2 be added to read as follows “ THAT staff report back on practices in other municipalities regarding the allocation and use of filming revenue.”
2026-02-23,Council Meeting,,Consideration Of Items Removed From The Consent Agenda,Main motion,Carried,7,0,0,,,In favour,In favour,In favour,In favour,In favour,In favour,In favour,Other,2 of 3,Vote on the main motion after an amendment or referral was dealt with.,,https://pub-newwestcity.escribemeetings.com/FileStream.ashx?DocumentId=24853,https://pub-newwestcity.escribemeetings.com/Players/ISIStandAlonePlayer.aspx?Id=096c7ece-4eb6-4d07-bece-17e3929d940a,https://councilrecord.ca/newwest.html#vote/1l2m4u5,The question on Part (1)
2026-02-23,Council Meeting,,Consideration Of Items Removed From The Consent Agenda,Main motion,Carried,5,2,0,,,In favour,In favour,Against,In favour,In favour,Against,In favour,Other,3 of 3,Vote on the main motion after an amendment or referral was dealt with.,,https://pub-newwestcity.escribemeetings.com/FileStream.ashx?DocumentId=24853,https://pub-newwestcity.escribemeetings.com/Players/ISIStandAlonePlayer.aspx?Id=096c7ece-4eb6-4d07-bece-17e3929d940a,https://councilrecord.ca/newwest.html#vote/1okwdhk,The question on Part (2)
2026-02-23,Council Meeting,,Community Grant Program Update 2025 - 2026,Procedural,Carried,7,0,0,,,In favour,In favour,In favour,In favour,In favour,In favour,In favour,Taxes & spending; Governance & elections,,,,https://pub-newwestcity.escribemeetings.com/FileStream.ashx?DocumentId=24853,https://pub-newwestcity.escribemeetings.com/Players/ISIStandAlonePlayer.aspx?Id=096c7ece-4eb6-4d07-bece-17e3929d940a,https://councilrecord.ca/newwest.html#vote/8xkiwu,"THAT the report titled “Community Grant Program Update 2025 - 2026” dated February 23, 2026, from the Director, Community Services, be received for information."
2026-02-23,Council Meeting,,Memorandum of Understanding with Century House Association,Main motion,Carried,7,0,0,,,In favour,In favour,In favour,In favour,In favour,In favour,In favour,Other,,,,https://pub-newwestcity.escribemeetings.com/FileStream.ashx?DocumentId=24853,https://pub-newwestcity.escribemeetings.com/Players/ISIStandAlonePlayer.aspx?Id=096c7ece-4eb6-4d07-bece-17e3929d940a,https://councilrecord.ca/newwest.html#vote/lio2b8,THAT staff engage with leadership of the Century House Association to explore updating the current Memorandum of Understanding between the City and Century House Association with the intent to strengthen collaboration in delivering services to an increasing diverse older adult population in the City.
2026-02-23,Council Meeting,,Advancing a Vision Zero Approach to Road Safety,Other,Carried,7,0,0,,,In favour,In favour,In favour,In favour,In favour,In favour,In favour,Transportation,,The minutes do not give separate motion text at this point; see the linked minutes.,,https://pub-newwestcity.escribemeetings.com/FileStream.ashx?DocumentId=24853,https://pub-newwestcity.escribemeetings.com/Players/ISIStandAlonePlayer.aspx?Id=096c7ece-4eb6-4d07-bece-17e3929d940a,https://councilrecord.ca/newwest.html#vote/r57t0e,
2026-02-23,Council Meeting,,Triple Net Lease Reform,Main motion,Carried,5,2,0,,,In favour,In favour,Against,In favour,In favour,Against,In favour,Business & economy,,,,https://pub-newwestcity.escribemeetings.com/FileStream.ashx?DocumentId=24853,https://pub-newwestcity.escribemeetings.com/Players/ISIStandAlonePlayer.aspx?Id=096c7ece-4eb6-4d07-bece-17e3929d940a,https://councilrecord.ca/newwest.html#vote/1i0n7as,"THAT the City of New Westminster submit a resolution to the Lower Mainland Local Government Association calling on the Province of BC to review and reform commercial leasing legislation, including the use of triple net leases, to improve transparency, fairness, and protections for commercial tenants, particularly small and locally-owned businesses."
2026-02-23,Council Meeting,,Enhanced Mental Health Supports Following Infant Loss,Main motion,Carried,7,0,0,,,In favour,In favour,In favour,In favour,In favour,In favour,In favour,Taxes & spending; Public services,,,,https://pub-newwestcity.escribemeetings.com/FileStream.ashx?DocumentId=24853,https://pub-newwestcity.escribemeetings.com/Players/ISIStandAlonePlayer.aspx?Id=096c7ece-4eb6-4d07-bece-17e3929d940a,https://councilrecord.ca/newwest.html#vote/1hrzns4,"THAT the City of New Westminster submit a resolution to the Lower Mainland Local Government Association calling on the Province of BC to ensure ongoing provincial funding for research related to pregnancy loss and bereavement care, to provide standardized education and training for health care providers on how to deliver trauma- informed, evidence-based care, and to fund bereavement support programs for families who experience pregnancy loss, infant loss, embryo loss, or failed fertility and IVF treatments."
2026-02-23,Council Meeting,,"Zoning Bylaw No. 6680, 2001, Retail Sale of Cannabis (416 East Columbia Street)",Main motion,Carried,4,3,0,,,In favour,In favour,Against,In favour,Against,Against,In favour,Development; Transportation; Neighbourhood character; Business & economy,,Vote on the main motion after an amendment or referral was dealt with.,,https://pub-newwestcity.escribemeetings.com/FileStream.ashx?DocumentId=24853,https://pub-newwestcity.escribemeetings.com/Players/ISIStandAlonePlayer.aspx?Id=096c7ece-4eb6-4d07-bece-17e3929d940a,https://councilrecord.ca/newwest.html#vote/1n11ym5,The question on the motion
2026-02-23,Council Meeting,,"Official Community Plan Bylaw No. 7925, 2017, Amendment Bylaw (Provincial",Main motion,Carried,4,1,2,,,In favour,In favour,Against,Absent,In favour,Absent,In favour,Housing & density; Development,,,,https://pub-newwestcity.escribemeetings.com/FileStream.ashx?DocumentId=24853,https://pub-newwestcity.escribemeetings.com/Players/ISIStandAlonePlayer.aspx?Id=096c7ece-4eb6-4d07-bece-17e3929d940a,https://councilrecord.ca/newwest.html#vote/1s1vai8,"THAT the Official Community Plan Bylaw No. 7925, 2017, Amendment Bylaw (Provincial Housing Legislation Integration) No. 8522, 2025 be adopted."
2026-02-23,Council Meeting,,"Zoning Bylaw No. 6680, 2001, Amendment Bylaw (Non-Profit Housing",Main motion,Carried,5,0,2,,,In favour,In favour,In favour,Absent,In favour,Absent,In favour,Housing & density; Development,,,,https://pub-newwestcity.escribemeetings.com/FileStream.ashx?DocumentId=24853,https://pub-newwestcity.escribemeetings.com/Players/ISIStandAlonePlayer.aspx?Id=096c7ece-4eb6-4d07-bece-17e3929d940a,https://councilrecord.ca/newwest.html#vote/1kqgwlt,"THAT the Zoning Bylaw No. 6680, 2001, Amendment Bylaw (Non - Profit Housing Development, Phase 2) No. 8528, 2025 be adopted."
2026-02-23,Council Meeting,,"Zoning Bylaw No. 6680, 2001, Amendment Bylaw (Land Use Designation",Main motion,Carried,5,0,2,,,In favour,In favour,In favour,Absent,In favour,Absent,In favour,Development; Neighbourhood character,,,,https://pub-newwestcity.escribemeetings.com/FileStream.ashx?DocumentId=24853,https://pub-newwestcity.escribemeetings.com/Players/ISIStandAlonePlayer.aspx?Id=096c7ece-4eb6-4d07-bece-17e3929d940a,https://councilrecord.ca/newwest.html#vote/d10ybw,"THAT the Zoning Bylaw No. 6680, 2001, Amendment Bylaw (Land Use Designation Alignments) No. 8530, 2025 be adopted."
2026-02-23,Council Meeting,,"Official Community Plan Bylaw No. 7925, 2017, Amendment Bylaw (Townhouse",Main motion,Carried,4,2,1,,,In favour,Absent,Against,In favour,In favour,Against,In favour,Housing & density; Development,,,,https://pub-newwestcity.escribemeetings.com/FileStream.ashx?DocumentId=24853,https://pub-newwestcity.escribemeetings.com/Players/ISIStandAlonePlayer.aspx?Id=096c7ece-4eb6-4d07-bece-17e3929d940a,https://councilrecord.ca/newwest.html#vote/13zk1le,"THAT the Official Community Plan Bylaw No. 7925, 2017, Amendment Bylaw (Townhouse Accelerator Initiative) No. 8547, 2025 be adopted."
2026-02-23,Council Meeting,,"Zoning Bylaw No. 6680, 2001, Amendment Bylaw (Townhouse Zoning Update) No.",Main motion,Carried,4,2,1,,,In favour,Absent,Against,In favour,In favour,Against,In favour,Housing & density; Development,,,,https://pub-newwestcity.escribemeetings.com/FileStream.ashx?DocumentId=24853,https://pub-newwestcity.escribemeetings.com/Players/ISIStandAlonePlayer.aspx?Id=096c7ece-4eb6-4d07-bece-17e3929d940a,https://councilrecord.ca/newwest.html#vote/xtw8u4,"THAT the Zoning Bylaw No. 6680, 2001, Amendment Bylaw (Townhouse Zoning Update) No. 8524, 2025 be adopted."
2026-02-23,Council Meeting,,"Five - Year Financial Plan (2026 - 2030) Bylaw No. 8571, 2026",Main motion,Carried,5,2,0,,,In favour,In favour,Against,In favour,In favour,Against,In favour,Development; Taxes & spending,,,,https://pub-newwestcity.escribemeetings.com/FileStream.ashx?DocumentId=24853,https://pub-newwestcity.escribemeetings.com/Players/ISIStandAlonePlayer.aspx?Id=096c7ece-4eb6-4d07-bece-17e3929d940a,https://councilrecord.ca/newwest.html#vote/1t6q1yb,"THAT the Five - Year Financial Plan (2026 - 2030) Bylaw No. 8571, 2026 be adopted."
2026-03-09,Council Meeting,,"Heritage Revitalization Agreement (1121 Eighth Avenue) Bylaw No. 8550, 2026",Main motion,Carried,7,0,0,,,In favour,In favour,In favour,In favour,In favour,In favour,In favour,Housing & density; Development; Neighbourhood character,,,,https://pub-newwestcity.escribemeetings.com/FileStream.ashx?DocumentId=24995,https://pub-newwestcity.escribemeetings.com/Players/ISIStandAlonePlayer.aspx?Id=183d79b3-1da1-44c9-b2b3-b254481ab43c,https://councilrecord.ca/newwest.html#vote/12s8cg6,"THAT Heritage Revitalization Agreement (1121 Eighth Avenue) Bylaw No. 8550, 2026 be given third reading."
2026-03-09,Council Meeting,,"Heritage Designation (1121 Eighth Avenue) Bylaw No. 8551, 2026",Main motion,Carried,7,0,0,,,In favour,In favour,In favour,In favour,In favour,In favour,In favour,Development; Neighbourhood character,,,,https://pub-newwestcity.escribemeetings.com/FileStream.ashx?DocumentId=24995,https://pub-newwestcity.escribemeetings.com/Players/ISIStandAlonePlayer.aspx?Id=183d79b3-1da1-44c9-b2b3-b254481ab43c,https://councilrecord.ca/newwest.html#vote/qo4m8v,"THAT Heritage Designation (1121 Eighth Avenue) Bylaw No. 8551, 2026 be given third reading."
2026-03-09,Council Meeting,,"Items No. 4.1 through No. 4.7 be adopted by general consent , w i th the removal of I…",Main motion,Carried,7,0,0,,,In favour,In favour,In favour,In favour,In favour,In favour,In favour,Other,,,,https://pub-newwestcity.escribemeetings.com/FileStream.ashx?DocumentId=24995,https://pub-newwestcity.escribemeetings.com/Players/ISIStandAlonePlayer.aspx?Id=183d79b3-1da1-44c9-b2b3-b254481ab43c,https://councilrecord.ca/newwest.html#vote/8mra8l,"THAT Items No. 4.1 through No. 4.7 be adopted by general consent , w i th the removal of Items No. 4.5, 4.6, and 4.7."
2026-03-09,Council Meeting,,Appointment of Acting Financial Officer,Main motion,Carried,7,0,0,,,In favour,In favour,In favour,In favour,In favour,In favour,In favour,Governance & elections,,,,https://pub-newwestcity.escribemeetings.com/FileStream.ashx?DocumentId=24995,,https://councilrecord.ca/newwest.html#vote/17z2x8i,"THAT Gary So, Senior Manager, Financial Services, be appointed as Acting Financial Officer for the purposes of carrying out statutory duties prescribed in section 149 of the Community Charter until a successor is appointed."
2026-03-09,Council Meeting,,Official Community Plan Amendment and Rezoning Application: 807 - 823 Sangster,Main motion,Carried,7,0,0,,,In favour,In favour,In favour,In favour,In favour,In favour,In favour,Housing & density; Development,,Vote on the main motion after an amendment or referral was dealt with.,,https://pub-newwestcity.escribemeetings.com/FileStream.ashx?DocumentId=24995,https://pub-newwestcity.escribemeetings.com/Players/ISIStandAlonePlayer.aspx?Id=183d79b3-1da1-44c9-b2b3-b254481ab43c,https://councilrecord.ca/newwest.html#vote/kadb7v,The question on the motion
2026-03-09,Council Meeting,,That An Official Community Plan Bylaw Amendment Be Drafted To Implement The,Other,Carried,6,0,1,,,In favour,Absent,In favour,In favour,In favour,In favour,In favour,Housing & density; Development,,The minutes do not give separate motion text at this point; see the linked minutes.,,https://pub-newwestcity.escribemeetings.com/FileStream.ashx?DocumentId=24995,https://pub-newwestcity.escribemeetings.com/Players/ISIStandAlonePlayer.aspx?Id=183d79b3-1da1-44c9-b2b3-b254481ab43c,https://councilrecord.ca/newwest.html#vote/1s3yv98,
2026-03-09,Council Meeting,,The New Westminster Age - Friendly Strategy,Main motion,Carried,7,0,0,,,In favour,In favour,In favour,In favour,In favour,In favour,In favour,Governance & elections,,,,https://pub-newwestcity.escribemeetings.com/FileStream.ashx?DocumentId=24995,https://pub-newwestcity.escribemeetings.com/Players/ISIStandAlonePlayer.aspx?Id=183d79b3-1da1-44c9-b2b3-b254481ab43c,https://councilrecord.ca/newwest.html#vote/1m012xu,"THAT the New Westminster Age - Friendly Strategy, included as Attachment 1 to the report titled “The New Westminster Age-Friendly Strategy” dated March 9, 2026 from the Director, Planning and Development, be endorsed, and that staff be directed to proceed with its implementation."
2026-03-09,Council Meeting,,That The Mayor Write To The Minister Of Education And Child Care Requesting That,Main motion,Carried,7,0,0,,,In favour,In favour,In favour,In favour,In favour,In favour,In favour,Public services,,Vote on the main motion after an amendment or referral was dealt with.,,https://pub-newwestcity.escribemeetings.com/FileStream.ashx?DocumentId=24995,https://pub-newwestcity.escribemeetings.com/Players/ISIStandAlonePlayer.aspx?Id=183d79b3-1da1-44c9-b2b3-b254481ab43c,https://councilrecord.ca/newwest.html#vote/1fnoh0u,The question on the motion
2026-03-09,Council Meeting,,"Development Cost Charge Reserve Funds Expenditure Bylaw No. 8572, 2026",Main motion,Carried,7,0,0,,,In favour,In favour,In favour,In favour,In favour,In favour,In favour,Development; Taxes & spending,,,,https://pub-newwestcity.escribemeetings.com/FileStream.ashx?DocumentId=24995,https://pub-newwestcity.escribemeetings.com/Players/ISIStandAlonePlayer.aspx?Id=183d79b3-1da1-44c9-b2b3-b254481ab43c,https://councilrecord.ca/newwest.html#vote/si8vkm,"THAT Development Cost Charge Reserve Funds Expenditure Bylaw No. 8572, 2026 be adopted."
2026-03-30,Council Meeting,,That Staff Report Back To Council On Timelines And Resource Requirements To Begin,Other,Carried,5,0,2,,,In favour,In favour,Absent,In favour,Absent,In favour,In favour,Other,,The minutes do not give separate motion text at this point; see the linked minutes.,,https://pub-newwestcity.escribemeetings.com/FileStream.ashx?DocumentId=25181,https://pub-newwestcity.escribemeetings.com/Players/ISIStandAlonePlayer.aspx?Id=40846ede-33d2-4926-a954-0483c2a9389e,https://councilrecord.ca/newwest.html#vote/1b34vj2,
2026-03-30,Council Meeting,,"Items No. 4.1 through No. 4.12 be adopted by general consent, with the removal of Ite…",Main motion,Carried,5,0,2,,,In favour,In favour,Absent,In favour,Absent,In favour,In favour,Other,,,,https://pub-newwestcity.escribemeetings.com/FileStream.ashx?DocumentId=25181,https://pub-newwestcity.escribemeetings.com/Players/ISIStandAlonePlayer.aspx?Id=40846ede-33d2-4926-a954-0483c2a9389e,https://councilrecord.ca/newwest.html#vote/vinzgh,"THAT Items No. 4.1 through No. 4.12 be adopted by general consent, with the removal of Items No. 4.4, 4.5, 4.7, and 4.8."
2026-03-30,Council Meeting,,Advisory Group Minutes,Main motion,Carried,5,0,2,,,In favour,In favour,Absent,In favour,Absent,In favour,In favour,Taxes & spending,,,,https://pub-newwestcity.escribemeetings.com/FileStream.ashx?DocumentId=25181,,https://councilrecord.ca/newwest.html#vote/1sjuch5,"THAT the meeting of the 2026 Parcel Tax Roll Review Panel be scheduled for Monday, April 20, 2026 at 1:00 p.m. in the Council Chamber, Second Floor, at New Westminster City Hall, 511 Royal Avenue and by Zoom electronic or other communication facilities."
2026-03-30,Council Meeting,,Response to Council Motion: Municipal Practices for Allocation of Filming,Referral,Carried,5,0,2,,,In favour,In favour,Absent,In favour,Absent,In favour,In favour,Parks & recreation; Business & economy; Governance & elections,,,,https://pub-newwestcity.escribemeetings.com/FileStream.ashx?DocumentId=25181,,https://councilrecord.ca/newwest.html#vote/7sbeir,"THAT the report titled “Response to Council Motion: Municipal Practices for Allocation of Filming Revenue” dated March 30, 2026 from the Director, Community Services, be referred to the Arts, Culture and Economic Development Advisory Committee for information."
2026-03-30,Council Meeting,,Westminster Pier Park Westward Expansion- Additional Fee Request from PFS,Main motion,Carried,5,0,2,,,In favour,In favour,Absent,In favour,Absent,In favour,In favour,Taxes & spending; Parks & recreation,,,,https://pub-newwestcity.escribemeetings.com/FileStream.ashx?DocumentId=25181,,https://councilrecord.ca/newwest.html#vote/wawza5,"THAT a competitive purchasing exemption in the amount of $704,357.14 to PFS Studio, as presented in the staff report titled “Westminster Pier Park Westward Expansion- Additional Fee Request from PFS Studio,” dated March 30, 2026 from the Director, Parks and Recreation and Acting Director, Finance, be approved."
2026-03-30,Council Meeting,,Budget 2027 Public Opinion Survey Methodology,Main motion,Carried,5,0,2,,,In favour,In favour,Absent,In favour,Absent,In favour,In favour,Taxes & spending,,,,https://pub-newwestcity.escribemeetings.com/FileStream.ashx?DocumentId=25181,https://pub-newwestcity.escribemeetings.com/Players/ISIStandAlonePlayer.aspx?Id=40846ede-33d2-4926-a954-0483c2a9389e,https://councilrecord.ca/newwest.html#vote/c1so5c,THAT staff proceed with the Budget 2027 Public Opinion Survey incorporating Council’s feedback.
2026-03-30,Council Meeting,,Business Regulations and Licensing (Rental Units) Bylaw Cooling Amendments,Other,Carried,5,0,2,,,In favour,In favour,Absent,In favour,Absent,In favour,In favour,Housing & density; Business & economy,,The minutes do not give separate motion text at this point; see the linked minutes.,,https://pub-newwestcity.escribemeetings.com/FileStream.ashx?DocumentId=25181,https://pub-newwestcity.escribemeetings.com/Players/ISIStandAlonePlayer.aspx?Id=40846ede-33d2-4926-a954-0483c2a9389e,https://councilrecord.ca/newwest.html#vote/aq6518,
2026-03-30,Council Meeting,,That Staff Proceed As Identified In The Next Steps Section Of The Report Titled,Other,Carried,4,1,2,,,In favour,In favour,Absent,In favour,Absent,Against,In favour,Other,,The minutes do not give separate motion text at this point; see the linked minutes.,,https://pub-newwestcity.escribemeetings.com/FileStream.ashx?DocumentId=25181,https://pub-newwestcity.escribemeetings.com/Players/ISIStandAlonePlayer.aspx?Id=40846ede-33d2-4926-a954-0483c2a9389e,https://councilrecord.ca/newwest.html#vote/1hf7tvm,
2026-03-30,Council Meeting,,That The Report Titled “Planning For The 2026 General Local Elections” Dated March,Main motion,Carried,4,1,2,,,In favour,In favour,Absent,In favour,Absent,Against,In favour,Governance & elections,,Vote on the main motion after an amendment or referral was dealt with.,,https://pub-newwestcity.escribemeetings.com/FileStream.ashx?DocumentId=25181,https://pub-newwestcity.escribemeetings.com/Players/ISIStandAlonePlayer.aspx?Id=40846ede-33d2-4926-a954-0483c2a9389e,https://councilrecord.ca/newwest.html#vote/mzvwna,The question on the motion
2026-04-13,Council Meeting,,"Items No. 4.1 through No. 4.10 be adopted by general consent, with the removal of Ite…",Main motion,Carried,5,0,2,,,In favour,Absent,In favour,Absent,In favour,In favour,In favour,Other,,,,https://pub-newwestcity.escribemeetings.com/FileStream.ashx?DocumentId=25274,https://pub-newwestcity.escribemeetings.com/Players/ISIStandAlonePlayer.aspx?Id=e7b474ab-1279-4983-bf41-bbeb0431ae8c,https://councilrecord.ca/newwest.html#vote/16j9on1,"THAT Items No. 4.1 through No. 4.10 be adopted by general consent, with the removal of Items No. 4.5 and 4.6."
2026-04-13,Council Meeting,,Appointment of Interim Corporate Officer,Main motion,Carried,5,0,2,,,In favour,Absent,In favour,Absent,In favour,In favour,In favour,Governance & elections,,,,https://pub-newwestcity.escribemeetings.com/FileStream.ashx?DocumentId=25274,,https://councilrecord.ca/newwest.html#vote/zk4dxv,"THAT Sarah Goddard, Assistant Corporate Officer, be appointed as Interim Corporate Officer for the purposes of carrying out statutory duties as prescribed in section 148 of the Community Charter, effective April 18, 2026 until a successor is appointed."
2026-04-13,Council Meeting,,Community Advisory Assembly Updates and Recommendations on the Future,Procedural,Carried,5,0,2,,,In favour,Absent,In favour,Absent,In favour,In favour,In favour,Governance & elections,,,,https://pub-newwestcity.escribemeetings.com/FileStream.ashx?DocumentId=25274,,https://councilrecord.ca/newwest.html#vote/r0u0yd,"THAT the report titled “Community Advisory Assembly Updates and Recommendations on the Future Role of Libraries” dated April 13, 2026 from the Director, Community Services be received for information."
2026-04-13,Council Meeting,,Issuance of Development Variance Permit for 430 Ninth Street,Main motion,Carried,5,0,2,,,In favour,Absent,In favour,Absent,In favour,In favour,In favour,Development; Transportation,,,,https://pub-newwestcity.escribemeetings.com/FileStream.ashx?DocumentId=25274,,https://councilrecord.ca/newwest.html#vote/1yipuyk,THAT Development Variance Permit DVP00739 for 430 Ninth Street be issued.
2026-04-13,Council Meeting,,"Retail Strategy Implementation: Active Streets Initiative – Bylaw for First, Second",Main motion,Carried,5,0,2,,,In favour,Absent,In favour,Absent,In favour,In favour,In favour,Development; Transportation; Business & economy,,,,https://pub-newwestcity.escribemeetings.com/FileStream.ashx?DocumentId=25274,,https://councilrecord.ca/newwest.html#vote/1jzg553,"THAT Zoning Bylaw No. 6680, 2001, Amendment Bylaw No. 8575, 2026 be introduced and given first, second and third readings."
2026-04-13,Council Meeting,,TransLink.,Other,Carried,5,0,2,,,In favour,Absent,In favour,Absent,In favour,In favour,In favour,Other,,The minutes do not give separate motion text at this point; see the linked minutes.,,https://pub-newwestcity.escribemeetings.com/FileStream.ashx?DocumentId=25274,https://pub-newwestcity.escribemeetings.com/Players/ISIStandAlonePlayer.aspx?Id=e7b474ab-1279-4983-bf41-bbeb0431ae8c,https://councilrecord.ca/newwest.html#vote/1uwhixl,
2026-04-13,Council Meeting,,Development Variance Permit for 800 Queens Avenue (Simcoe Elementary):,Main motion,Carried,5,0,2,,,In favour,Absent,In favour,Absent,In favour,In favour,In favour,Development; Environment & climate; Parks & recreation,,,,https://pub-newwestcity.escribemeetings.com/FileStream.ashx?DocumentId=25274,https://pub-newwestcity.escribemeetings.com/Players/ISIStandAlonePlayer.aspx?Id=e7b474ab-1279-4983-bf41-bbeb0431ae8c,https://councilrecord.ca/newwest.html#vote/1ovkt45,"THAT the requirement that a site specific joint use agreement for the Simcoe Park, Simcoe Elementary School, and Fraser River Middle School be completed prior to Council’s consideration of a development variance permit for 800 Queens Avenue (Simcoe Elementary) be replaced with a requirement for a Joint Use Agreement Framework, endorsed by Council, which would be applied to Simcoe Park, Simcoe Elementary School, and Fraser River Middle School."
2026-04-13,Council Meeting,,"Housing Agreement Bylaw (430 Ninth Street) No. 8532, 2026",Main motion,Carried,5,0,2,,,In favour,Absent,In favour,Absent,In favour,In favour,In favour,Housing & density; Transportation,,,,https://pub-newwestcity.escribemeetings.com/FileStream.ashx?DocumentId=25274,https://pub-newwestcity.escribemeetings.com/Players/ISIStandAlonePlayer.aspx?Id=e7b474ab-1279-4983-bf41-bbeb0431ae8c,https://councilrecord.ca/newwest.html#vote/u3a6ks,"THAT Housing Agreement Bylaw (430 Ninth Street) No. 8532, 2026 be adopted."
2026-04-13,Council Meeting,,"Sign Bylaw No. 7867, 2017, Amendment Bylaw No. 8577, 2026",Main motion,Carried,5,0,2,,,In favour,Absent,In favour,Absent,In favour,In favour,In favour,Development; Neighbourhood character,,,,https://pub-newwestcity.escribemeetings.com/FileStream.ashx?DocumentId=25274,https://pub-newwestcity.escribemeetings.com/Players/ISIStandAlonePlayer.aspx?Id=e7b474ab-1279-4983-bf41-bbeb0431ae8c,https://councilrecord.ca/newwest.html#vote/12336d7,"THAT Sign Bylaw No. 7867, 2017, Amendment Bylaw No. 8577, 2026 be adopted."
2026-04-13,Council Meeting,,"Elections Procedures Bylaw No. 7985, 2018, Amendment Bylaw No. 8579, 2026",Main motion,Carried,3,2,2,,,In favour,Absent,Against,Absent,In favour,Against,In favour,Development; Governance & elections,,,,https://pub-newwestcity.escribemeetings.com/FileStream.ashx?DocumentId=25274,https://pub-newwestcity.escribemeetings.com/Players/ISIStandAlonePlayer.aspx?Id=e7b474ab-1279-4983-bf41-bbeb0431ae8c,https://councilrecord.ca/newwest.html#vote/vmfvee,"THAT Elections Procedures Bylaw No. 7985, 2018, Amendment Bylaw No. 8579, 2026 be adopted."
2026-04-27,Council Meeting,,"Items No. 4.1 through No. 4 .11 be adopted by general consent , w ith the removal of…",Main motion,Carried,7,0,0,,,In favour,In favour,In favour,In favour,In favour,In favour,In favour,Other,,,,https://pub-newwestcity.escribemeetings.com/FileStream.ashx?DocumentId=25646,https://pub-newwestcity.escribemeetings.com/Players/ISIStandAlonePlayer.aspx?Id=83d3649f-f8d6-47c4-842e-5ad3576672c0,https://councilrecord.ca/newwest.html#vote/11hb0ls,"THAT Items No. 4.1 through No. 4 .11 be adopted by general consent , w ith the removal of Items No. 4.2., 4.5, and 4.6."
2026-04-27,Council Meeting,,Appointment of Financial Officer,Main motion,Carried,7,0,0,,,In favour,In favour,In favour,In favour,In favour,In favour,In favour,Governance & elections,,,,https://pub-newwestcity.escribemeetings.com/FileStream.ashx?DocumentId=25646,,https://councilrecord.ca/newwest.html#vote/ko2mtc,"THAT Natalie Froehlich be appointed as Financial Officer effective May 11, 2026 for the purposes of carrying out statutory duties prescribed in section 149 of the Community Charter."
2026-04-27,Council Meeting,,Consideration Of Items Removed From The Consent Agenda,Main motion,Carried,5,2,0,,,In favour,In favour,Against,In favour,In favour,Against,In favour,Development; Taxes & spending,,,,https://pub-newwestcity.escribemeetings.com/FileStream.ashx?DocumentId=25646,https://pub-newwestcity.escribemeetings.com/Players/ISIStandAlonePlayer.aspx?Id=83d3649f-f8d6-47c4-842e-5ad3576672c0,https://councilrecord.ca/newwest.html#vote/1n9rph5,"THAT 2026 Tax Rate Bylaw No. 8576, 2026 be introduced and given first, second and third readings."
2026-04-27,Council Meeting,,That Staff Examine The Feasibility Of Implementing The Medical Health Officer’S,Main motion,Carried,7,0,0,,,In favour,In favour,In favour,In favour,In favour,In favour,In favour,Public services,,Vote on the main motion after an amendment or referral was dealt with.,,https://pub-newwestcity.escribemeetings.com/FileStream.ashx?DocumentId=25646,https://pub-newwestcity.escribemeetings.com/Players/ISIStandAlonePlayer.aspx?Id=83d3649f-f8d6-47c4-842e-5ad3576672c0,https://councilrecord.ca/newwest.html#vote/1wk52r6,The question on the motion
2026-04-27,Council Meeting,,Update to the 2026 General Local Elections Plan,Main motion,Carried,7,0,0,,,In favour,In favour,In favour,In favour,In favour,In favour,In favour,Governance & elections,,,,https://pub-newwestcity.escribemeetings.com/FileStream.ashx?DocumentId=25646,https://pub-newwestcity.escribemeetings.com/Players/ISIStandAlonePlayer.aspx?Id=83d3649f-f8d6-47c4-842e-5ad3576672c0,https://councilrecord.ca/newwest.html#vote/275brj,THAT the 2026 General Local Election voting place plan be maintained at 15 locations.
2026-04-27,Council Meeting,,Rezoning Application: 140 Sixth Street (Royal Towers) - Density Bonus,Other,Carried,7,0,0,,,In favour,In favour,In favour,In favour,In favour,In favour,In favour,Housing & density; Development; Transportation,,The minutes do not give separate motion text at this point; see the linked minutes.,,https://pub-newwestcity.escribemeetings.com/FileStream.ashx?DocumentId=25646,https://pub-newwestcity.escribemeetings.com/Players/ISIStandAlonePlayer.aspx?Id=83d3649f-f8d6-47c4-842e-5ad3576672c0,https://councilrecord.ca/newwest.html#vote/156j0x3,
2026-05-11,Council Meeting,,"Items No . 5.1 through No. 5.18 be adopted by general consent , with the removal of I…",Main motion,Carried,7,0,0,,,In favour,In favour,In favour,In favour,In favour,In favour,In favour,Other,,,,https://pub-newwestcity.escribemeetings.com/FileStream.ashx?DocumentId=25718,https://pub-newwestcity.escribemeetings.com/Players/ISIStandAlonePlayer.aspx?Id=bfde10cc-b392-4199-a6c2-346472fbae42,https://councilrecord.ca/newwest.html#vote/1i1q3oc,"THAT Items No . 5.1 through No. 5.18 be adopted by general consent , with the removal of Items No. 5.4., 5.8., and 5.9."
2026-05-11,Council Meeting,,Council Minutes,Main motion,Carried,7,0,0,,,In favour,In favour,In favour,In favour,In favour,In favour,In favour,Taxes & spending,,,,https://pub-newwestcity.escribemeetings.com/FileStream.ashx?DocumentId=25718,,https://councilrecord.ca/newwest.html#vote/oppbg2,"THAT the City’s financial statements for the fiscal year ended December 31, 2025 be accepted."
2026-05-11,Council Meeting,,"That Official Community Plan Bylaw No. 7925, 2017, Amendment Bylaw No.",Other,Carried,5,0,2,,,In favour,Absent,In favour,In favour,In favour,Absent,In favour,Housing & density; Development,,The minutes do not give separate motion text at this point; see the linked minutes.,,https://pub-newwestcity.escribemeetings.com/FileStream.ashx?DocumentId=25718,https://pub-newwestcity.escribemeetings.com/Players/ISIStandAlonePlayer.aspx?Id=bfde10cc-b392-4199-a6c2-346472fbae42,https://councilrecord.ca/newwest.html#vote/ns9wz,
2026-05-11,Council Meeting,,Response to Council Motion: Implications of Housing Legislation on Curbside,Main motion,Carried,7,0,0,,,In favour,In favour,In favour,In favour,In favour,In favour,In favour,Housing & density; Transportation,,,,https://pub-newwestcity.escribemeetings.com/FileStream.ashx?DocumentId=25718,https://pub-newwestcity.escribemeetings.com/Players/ISIStandAlonePlayer.aspx?Id=bfde10cc-b392-4199-a6c2-346472fbae42,https://councilrecord.ca/newwest.html#vote/p52u4m,"THAT staff proceed with review of the residential permit parking program, incorporating the elements outlined in the report titled “Response to Council Motion: Implications of Housing Legislation on Curbside Management”, dated May 11, 2026, from the Director, Engineering & Public Works and Deputy Chief Administrative Officer, and subject to Council approval of funding for this review through future budget cycles."
2026-05-11,Council Meeting,,New Media Gallery Environmental Scan Results and Next Steps for Exhibition,Main motion,Carried,7,0,0,,,In favour,In favour,In favour,In favour,In favour,In favour,In favour,Environment & climate; Parks & recreation; Public services,,Vote on the main motion after an amendment or referral was dealt with.,,https://pub-newwestcity.escribemeetings.com/FileStream.ashx?DocumentId=25718,https://pub-newwestcity.escribemeetings.com/Players/ISIStandAlonePlayer.aspx?Id=bfde10cc-b392-4199-a6c2-346472fbae42,https://councilrecord.ca/newwest.html#vote/1nz6v9d,The question on the motion
2026-05-11,Council Meeting,,New West Schools and City of New Westminster Joint Working Group Terms of,Main motion,Carried,7,0,0,,,In favour,In favour,In favour,In favour,In favour,In favour,In favour,Governance & elections,,,,https://pub-newwestcity.escribemeetings.com/FileStream.ashx?DocumentId=25718,https://pub-newwestcity.escribemeetings.com/Players/ISIStandAlonePlayer.aspx?Id=bfde10cc-b392-4199-a6c2-346472fbae42,https://councilrecord.ca/newwest.html#vote/q6lxdb,THAT the working group Terms of Reference be amended to include three representatives from the School Board in alignment with the three representatives from the City.
2026-05-11,Council Meeting,,Consultation with Railway Association of Canada: 502 Twentieth Street,Amendment,Carried,7,0,0,,,In favour,In favour,In favour,In favour,In favour,In favour,In favour,Transportation,1 of 3,,,https://pub-newwestcity.escribemeetings.com/FileStream.ashx?DocumentId=25718,https://pub-newwestcity.escribemeetings.com/Players/ISIStandAlonePlayer.aspx?Id=bfde10cc-b392-4199-a6c2-346472fbae42,https://councilrecord.ca/newwest.html#vote/16j3pb2,THAT “within 60 days” be added after “coordinate a public meeting”.
2026-05-11,Council Meeting,,Consultation with Railway Association of Canada: 502 Twentieth Street,Amendment,Carried,5,2,0,,,In favour,In favour,Against,In favour,In favour,Against,In favour,Transportation,2 of 3,,,https://pub-newwestcity.escribemeetings.com/FileStream.ashx?DocumentId=25718,https://pub-newwestcity.escribemeetings.com/Players/ISIStandAlonePlayer.aspx?Id=bfde10cc-b392-4199-a6c2-346472fbae42,https://councilrecord.ca/newwest.html#vote/1upfs2m,"The question on the amendment, as amended"
2026-05-11,Council Meeting,,Consultation with Railway Association of Canada: 502 Twentieth Street,Amendment,Carried,7,0,0,,,In favour,In favour,In favour,In favour,In favour,In favour,In favour,Housing & density; Transportation; Governance & elections,3 of 3,,,https://pub-newwestcity.escribemeetings.com/FileStream.ashx?DocumentId=25718,https://pub-newwestcity.escribemeetings.com/Players/ISIStandAlonePlayer.aspx?Id=bfde10cc-b392-4199-a6c2-346472fbae42,https://councilrecord.ca/newwest.html#vote/2l2izs,THAT BC Housing notify the public if they were aware of the Feder ation of Canadian Municipalities approved protocol of placing housing projects within 100 feet of an active railway prior to approaching the city.
2026-05-11,Council Meeting,,That Bc Housing Notify The Public If They Were Aware Of The Federation Of,Main motion,Carried,7,0,0,,,In favour,In favour,In favour,In favour,In favour,In favour,In favour,Housing & density; Transportation,,Vote on the main motion after an amendment or referral was dealt with.,,https://pub-newwestcity.escribemeetings.com/FileStream.ashx?DocumentId=25718,https://pub-newwestcity.escribemeetings.com/Players/ISIStandAlonePlayer.aspx?Id=bfde10cc-b392-4199-a6c2-346472fbae42,https://councilrecord.ca/newwest.html#vote/1ftwsw0,"The question on the main motion, as amended, which reads as follows : “1. THAT Council request BC Housing on an urgent basis to coordinate a public meeting within 60 days whereby we invite the Railway Association of Canada and other affected rail operators to present their concerns regarding safety issues pertaining to the installation of the new Tiny Home village in our West End. 2. THAT BC Housing notify the public if they were aware of the Federation of Canadian Municipalities approved protocol of placing housing projects within 100 feet of an active railway prior to approaching the city.”"
2026-05-11,Council Meeting,,"Tax Rate Bylaw No. 8576, 2026",Main motion,Carried,5,2,0,,,In favour,In favour,Against,In favour,In favour,Against,In favour,Development; Taxes & spending,,,,https://pub-newwestcity.escribemeetings.com/FileStream.ashx?DocumentId=25718,https://pub-newwestcity.escribemeetings.com/Players/ISIStandAlonePlayer.aspx?Id=bfde10cc-b392-4199-a6c2-346472fbae42,https://councilrecord.ca/newwest.html#vote/y1t8mx,"THAT Tax Rate Bylaw No. 8576, 2026 be adopted."
2026-05-11,Council Meeting,,Reconsideration of Development Variance Permit for 800 Queens Avenue (Simcoe,Amendment,Carried,7,0,0,,,In favour,In favour,In favour,In favour,In favour,In favour,In favour,Development; Environment & climate; Parks & recreation,1 of 2,,,https://pub-newwestcity.escribemeetings.com/FileStream.ashx?DocumentId=25718,https://pub-newwestcity.escribemeetings.com/Players/ISIStandAlonePlayer.aspx?Id=bfde10cc-b392-4199-a6c2-346472fbae42,https://councilrecord.ca/newwest.html#vote/dd24va,"THAT the motion be amended by deleting the words “be replaced with a requirement for a Joint Use Agreement Framework, endorsed by Council, which would be applied to Simcoe Park, Simcoe Elementary School, and Fraser River Middle School” and replacing them with “be removed, and that no Joint Use Agreement or Joint Use Agreement Framework be required in relation to Council’s consideration of the Development Variance Permit for 800 Queens Avenue (Simcoe Elementary).”"
2026-05-11,Council Meeting,,Reconsideration of Development Variance Permit for 800 Queens Avenue (Simcoe,Main motion,Carried,7,0,0,,,In favour,In favour,In favour,In favour,In favour,In favour,In favour,Development; Environment & climate; Parks & recreation,2 of 2,Vote on the main motion after an amendment or referral was dealt with.,,https://pub-newwestcity.escribemeetings.com/FileStream.ashx?DocumentId=25718,https://pub-newwestcity.escribemeetings.com/Players/ISIStandAlonePlayer.aspx?Id=bfde10cc-b392-4199-a6c2-346472fbae42,https://councilrecord.ca/newwest.html#vote/lefzzz,"The question on the motion, as amended, which reads as follows: THAT the requirement that a site specific joint use agreement for the Simcoe Park, Simcoe Elementary School, and Fraser River Middle School be completed prior to Council’s consideration of a development variance permit for 800 Queens Avenue (Simcoe Elementary) be removed, and that no Joint Use Agreement or Joint Use Agreement Framework be required in relation to Council’s consideration of the Development Variance Permit for 800 Queens Avenue (Simcoe Elementary)."
2026-05-25,Council Meeting,,That A Motion Be Submitted To The Union Of Bc Municipalities Aligned With The,Other,Carried,4,1,2,,,In favour,Absent,Absent,In favour,In favour,Against,In favour,Other,,The minutes do not give separate motion text at this point; see the linked minutes.,,https://pub-newwestcity.escribemeetings.com/FileStream.ashx?DocumentId=25756,https://pub-newwestcity.escribemeetings.com/Players/ISIStandAlonePlayer.aspx?Id=87cd9830-33c1-46cd-ad3a-284dbcb3611e,https://councilrecord.ca/newwest.html#vote/14oeee3,
2026-05-25,Council Meeting,,"Official Community Plan Bylaw No. 7925, 2017, Amendment Bylaw (Transit",Main motion,Carried,4,0,3,,,In favour,Absent,Absent,In favour,In favour,Absent,In favour,Housing & density; Development; Transportation,,Vote on the main motion after an amendment or referral was dealt with.,,https://pub-newwestcity.escribemeetings.com/FileStream.ashx?DocumentId=25756,https://pub-newwestcity.escribemeetings.com/Players/ISIStandAlonePlayer.aspx?Id=87cd9830-33c1-46cd-ad3a-284dbcb3611e,https://councilrecord.ca/newwest.html#vote/r3w7eg,The question on the motion
2026-05-25,Council Meeting,,"Items No. 4.1 through No. 4. 4 be adopted by general consent , with the removal of It…",Main motion,Carried,6,0,1,,,In favour,In favour,Absent,In favour,In favour,In favour,In favour,Other,,,,https://pub-newwestcity.escribemeetings.com/FileStream.ashx?DocumentId=25756,https://pub-newwestcity.escribemeetings.com/Players/ISIStandAlonePlayer.aspx?Id=87cd9830-33c1-46cd-ad3a-284dbcb3611e,https://councilrecord.ca/newwest.html#vote/116zwkt,"THAT Items No. 4.1 through No. 4. 4 be adopted by general consent , with the removal of Item No. 4.5."
2026-05-25,Council Meeting,,"Balai in the Borough, T115 - 805 Boyd Street – Application for Patron Participation",Main motion,Carried,6,0,1,,,In favour,In favour,Absent,In favour,In favour,In favour,In favour,Transportation; Neighbourhood character; Business & economy,,,,https://pub-newwestcity.escribemeetings.com/FileStream.ashx?DocumentId=25756,,https://councilrecord.ca/newwest.html#vote/1lu9icw,"WHEREAS New Westminster City Council considered a staff report regarding an application from Balai in the Borough located at T115-805 Boyd Street to amend its Food Primary Liquor License by including a Patron Participation Endorsement, with proposed entertainment hours 5:00 PM to 12:00 AM, Friday to Sundays; WHEREAS a sign has been placed in front of the business for 30 days, two notices circulated in the City’s e-newsletter, and an invitation was sent to the Queensborough Residents Association providing details regarding the application and inviting the public to submit comments to the City; WHEREAS the establishment is not anticipated to negatively affect traffic patterns or parking, and any noise is expected to be properly mitigated by the applicant; WHEREAS the requested amendment is consistent with the establishment’s primary purpose as a restaurant; WHEREAS the City did not receive any correspondence related to the application; THEREFORE BE IT RESOLVED THAT Balai in the Borough’s application for a Patron Participation Entertainment Endorsement be approved, to allow patron participation entertainment activities such as live music, singing, dancing and karaoke, from 5:00 PM to 12:00 AM on Fridays, Saturdays and Sundays."
2026-05-25,Council Meeting,,Temporary Use Permit: 102 – 128 East Eighth Avenue and 721 Cumberland Street,Main motion,Carried,6,0,1,,,In favour,In favour,Absent,In favour,In favour,In favour,In favour,Development; Transportation,,,,https://pub-newwestcity.escribemeetings.com/FileStream.ashx?DocumentId=25756,,https://councilrecord.ca/newwest.html#vote/bcakpj,"THAT Council issue notice that it will consider issuance of a Temporary Use Permit TUP00040 with an expiration date of June 9, 2029, for the property located at 102-128 East Eighth Avenue and 721 Cumberland Street to temporarily permit a commercial use (sales centre)."
2026-05-25,Council Meeting,,Update on FIFA Budget and Activities,Procedural,Carried,6,0,1,,,In favour,In favour,Absent,In favour,In favour,In favour,In favour,Taxes & spending; Governance & elections,,,,https://pub-newwestcity.escribemeetings.com/FileStream.ashx?DocumentId=25756,https://pub-newwestcity.escribemeetings.com/Players/ISIStandAlonePlayer.aspx?Id=87cd9830-33c1-46cd-ad3a-284dbcb3611e,https://councilrecord.ca/newwest.html#vote/uqiyfu,"THAT the report titled “Update on FIFA Budget and Activities”, dated May 25, 2026, from the Director, Community Services, be received for information."
2026-05-25,Council Meeting,,"Heritage Revitalization Agreement (1121 Eighth Avenue) Bylaw No. 8550, 2026",Main motion,Carried,6,0,1,,,In favour,In favour,Absent,In favour,In favour,In favour,In favour,Housing & density; Development; Neighbourhood character,,,,https://pub-newwestcity.escribemeetings.com/FileStream.ashx?DocumentId=25756,https://pub-newwestcity.escribemeetings.com/Players/ISIStandAlonePlayer.aspx?Id=87cd9830-33c1-46cd-ad3a-284dbcb3611e,https://councilrecord.ca/newwest.html#vote/1hw7kpa,"THAT Heritage Revitalization Agreement (1121 Eighth Avenue) Bylaw No. 8550, 2026 be adopted."
2026-05-25,Council Meeting,,"Heritage Designation (1121 Eighth Avenue) Bylaw No. 8551, 2026",Main motion,Carried,6,0,1,,,In favour,In favour,Absent,In favour,In favour,In favour,In favour,Development; Neighbourhood character,,,,https://pub-newwestcity.escribemeetings.com/FileStream.ashx?DocumentId=25756,https://pub-newwestcity.escribemeetings.com/Players/ISIStandAlonePlayer.aspx?Id=87cd9830-33c1-46cd-ad3a-284dbcb3611e,https://councilrecord.ca/newwest.html#vote/1z9lq0,"THAT Heritage Designation (1121 Eighth Avenue) Bylaw No. 8551, 2026 be adopted."
2026-06-08,Council Meeting,,"Business Regulations and Licensing (Rental Units) Bylaw No. 6926, 2004,",Main motion,Carried,7,0,0,,,In favour,In favour,In favour,In favour,In favour,In favour,In favour,Housing & density; Development; Business & economy,1 of 2,,,https://pub-newwestcity.escribemeetings.com/FileStream.ashx?DocumentId=26098,https://pub-newwestcity.escribemeetings.com/Players/ISIStandAlonePlayer.aspx?Id=c3ae1d1f-cc28-42e7-818e-6b3b2a1b4ade,https://councilrecord.ca/newwest.html#vote/15wc4rk,"THAT Business Regulations and Licensing (Rental Units) Bylaw No. 6926, 2004, Amendment Bylaw No. 8585, 2026 be adopted."
2026-06-08,Council Meeting,,Public Art Plan,Main motion,Carried,7,0,0,,,In favour,In favour,In favour,In favour,In favour,In favour,In favour,Neighbourhood character; Parks & recreation; Governance & elections,,,,https://pub-newwestcity.escribemeetings.com/FileStream.ashx?DocumentId=26098,https://pub-newwestcity.escribemeetings.com/Players/ISIStandAlonePlayer.aspx?Id=c3ae1d1f-cc28-42e7-818e-6b3b2a1b4ade,https://councilrecord.ca/newwest.html#vote/1tcijbb,"THAT the Public Art Plan, included as Attachment 1 to the report titled “Public Art Plan 2026-2036” dated June 8, 2026, from the Director, Community Services, be endorsed, and that staff be directed to proceed with implementation."
2026-06-08,Council Meeting,,"Items No. 5.1 through No. 5.1 8 be adopted by general consent , with the removal of I…",Main motion,Carried,7,0,0,,,In favour,In favour,In favour,In favour,In favour,In favour,In favour,Other,,,,https://pub-newwestcity.escribemeetings.com/FileStream.ashx?DocumentId=26098,https://pub-newwestcity.escribemeetings.com/Players/ISIStandAlonePlayer.aspx?Id=c3ae1d1f-cc28-42e7-818e-6b3b2a1b4ade,https://councilrecord.ca/newwest.html#vote/16nqhuf,"THAT Items No. 5.1 through No. 5.1 8 be adopted by general consent , with the removal of Items No. 5.3, 5.6, 5.7, 5.8, 5.12, 5.13."
2026-06-08,Council Meeting,,"Regular Council – May 25, 2026",Main motion,Carried,7,0,0,,,In favour,In favour,In favour,In favour,In favour,In favour,In favour,Taxes & spending,,,,https://pub-newwestcity.escribemeetings.com/FileStream.ashx?DocumentId=26098,,https://councilrecord.ca/newwest.html#vote/18azq9a,"THAT the $24.7M 2026 quarterly capital budget adjustments and $244.7M Proposed Revised Multi-Year Capital budget as outlined in the report titled “2026 Capital and Operating Q1 Performance Report” dated June 8, 2026, from the Director, Finance and IT, be approved."
2026-06-08,Council Meeting,,"Erosion and Sediment Control Bylaw No. 7754, 2016, Amendment Bylaw No. 8586,",Main motion,Carried,7,0,0,,,In favour,In favour,In favour,In favour,In favour,In favour,In favour,Development,,,,https://pub-newwestcity.escribemeetings.com/FileStream.ashx?DocumentId=26098,,https://councilrecord.ca/newwest.html#vote/aicab,"THAT Erosion and Sediment Control Bylaw No. 7754, 2016, Amendment Bylaw No. 8586, 2026 be introduced and given first, second, and third readings."
2026-06-08,Council Meeting,,Issuance of Temporary Use Permit TUP00040 for 102 - 128 East Eighth Avenue and,Main motion,Carried,7,0,0,,,In favour,In favour,In favour,In favour,In favour,In favour,In favour,Development; Transportation,,,,https://pub-newwestcity.escribemeetings.com/FileStream.ashx?DocumentId=26098,,https://councilrecord.ca/newwest.html#vote/13f0ogq,THAT Temporary Use Permit TUP00040 for 102 - 128 East Eighth Avenue and 721 Cumberland Street (Sales Centre) be issued.
2026-06-08,Council Meeting,,Letter of Commitment Signing Authority: 800 Queens Avenue (Simcoe,Main motion,Carried,7,0,0,,,In favour,In favour,In favour,In favour,In favour,In favour,In favour,Neighbourhood character; Parks & recreation; Governance & elections,,,,https://pub-newwestcity.escribemeetings.com/FileStream.ashx?DocumentId=26098,,https://councilrecord.ca/newwest.html#vote/od2ayw,THAT Council authorize the Director of Engineering and Public Works and the Director of Parks and Recreation to sign a letter of commitment with School District 40 regarding development of Simcoe Elementary School at 800 Queens Avenue.
2026-06-08,Council Meeting,,Development Variance Permit for 230 Keary Street (Brewery District Building 8):,Main motion,Carried,7,0,0,,,In favour,In favour,In favour,In favour,In favour,In favour,In favour,Development; Transportation; Business & economy,,,,https://pub-newwestcity.escribemeetings.com/FileStream.ashx?DocumentId=26098,,https://councilrecord.ca/newwest.html#vote/1qldsge,THAT notice be provided that Council will consider issuance of a Development Variance Permit (DVP00759) for 230 Keary Street to vary Zoning Bylaw provisions related to maximum allowable off-street parking for office and retail uses.
2026-06-08,Council Meeting,,Development Variance Permit for 800 Queens Avenue (Simcoe Elementary,Main motion,Carried,7,0,0,,,In favour,In favour,In favour,In favour,In favour,In favour,In favour,Development,,,,https://pub-newwestcity.escribemeetings.com/FileStream.ashx?DocumentId=26098,,https://councilrecord.ca/newwest.html#vote/uqjr1n,"THAT notice be provided that Council will consider issuance of a Development Variance Permit (DVP00745) for 800 Queens Avenue (Simcoe Elementary School) to vary Zoning Bylaw provisions related to building height, setbacks, site coverage, above-grade parking setbacks, and off-street transportation requirements."
2026-06-08,Council Meeting,,Construction Noise Bylaw Exemption Request: 330 East Columbia Street (Royal,Main motion,Carried,6,0,1,,,In favour,Absent,In favour,In favour,In favour,In favour,In favour,Development; Taxes & spending; Transportation; Neighbourhood character; Business & economy,1 of 2,,,https://pub-newwestcity.escribemeetings.com/FileStream.ashx?DocumentId=26098,https://pub-newwestcity.escribemeetings.com/Players/ISIStandAlonePlayer.aspx?Id=c3ae1d1f-cc28-42e7-818e-6b3b2a1b4ade,https://councilrecord.ca/newwest.html#vote/3ydq09,"THAT an exemption from Construction Noise Bylaw No. 6063, 1992 be granted to EllisDon Design Build for work occurring between 8:00 PM and 7:00 AM from Friday, June 12, 2026, to Friday, July 24, 2026, excluding Saturdays, Sundays, and statutory holidays, to allow demolition on the south side of 330 East Columbia Street (Royal Columbian Hospital) and installation of a temporary hoarding wall to connect access to 230 Keary Street."
2026-06-08,Council Meeting,,Construction Noise Bylaw Exemption Request: 330 East Columbia Street (Royal,Main motion,Carried,6,0,1,,,In favour,Absent,In favour,In favour,In favour,In favour,In favour,Taxes & spending; Transportation; Neighbourhood character; Parks & recreation; Business & economy,2 of 2,,,https://pub-newwestcity.escribemeetings.com/FileStream.ashx?DocumentId=26098,https://pub-newwestcity.escribemeetings.com/Players/ISIStandAlonePlayer.aspx?Id=c3ae1d1f-cc28-42e7-818e-6b3b2a1b4ade,https://councilrecord.ca/newwest.html#vote/12qc8og,"THAT Option 2: Split GCF Funding Allocation for Community Sport Priorities and Grimston Park, as outlined in the report titled “‘Growing Communities Fund’: Allocating Remaining Funds for New Recreation Amenities Investment” dated June 8, 2026, from the Director, Parks and Recreation, be endorsed."
2026-06-08,Council Meeting,,"People, Parks and Play: Resource and Timeline Analysis for Accelerating Four",Other,Carried,6,0,1,,,In favour,Absent,In favour,In favour,In favour,In favour,In favour,Parks & recreation,,The minutes do not give separate motion text at this point; see the linked minutes.,,https://pub-newwestcity.escribemeetings.com/FileStream.ashx?DocumentId=26098,https://pub-newwestcity.escribemeetings.com/Players/ISIStandAlonePlayer.aspx?Id=c3ae1d1f-cc28-42e7-818e-6b3b2a1b4ade,https://councilrecord.ca/newwest.html#vote/19hnlq,
2026-06-08,Council Meeting,,West End Utilities and Green Infrastructure Project Budget Funding Reallocation,Main motion,Carried,6,0,1,,,In favour,Absent,In favour,In favour,In favour,In favour,In favour,Taxes & spending; Environment & climate; Public services,,,,https://pub-newwestcity.escribemeetings.com/FileStream.ashx?DocumentId=26098,https://pub-newwestcity.escribemeetings.com/Players/ISIStandAlonePlayer.aspx?Id=c3ae1d1f-cc28-42e7-818e-6b3b2a1b4ade,https://councilrecord.ca/newwest.html#vote/13hotk3,"THAT the reallocation of capital funding within the approved 2026 - 2030 water and sewer utilities capital plan funds, to facilitate the advancing of works and additional paving required for the West End Utilities and Green Infrastructure Project, as described in the report titled ""West End Utilities and Green Infrastructure Project Budget Funding Reallocation Request"" dated June 8, 2026 from the Director, Engineering & Public Works, and Deputy Chief Administrative Officer, be approved."
2026-06-08,Council Meeting,,Zoning Amendment Bylaw and Special Development Permit: 809 - 811 Carnarvon,Main motion,Carried,4,2,1,,,In favour,Absent,Against,In favour,In favour,Against,In favour,Development,,Vote on the main motion after an amendment or referral was dealt with.,,https://pub-newwestcity.escribemeetings.com/FileStream.ashx?DocumentId=26098,https://pub-newwestcity.escribemeetings.com/Players/ISIStandAlonePlayer.aspx?Id=c3ae1d1f-cc28-42e7-818e-6b3b2a1b4ade,https://councilrecord.ca/newwest.html#vote/1mlf5rd,The question on the referral
2026-06-08,Council Meeting,,Zoning Amendment Bylaw and Cannabis Retail Store Licence Relocation: From,Main motion,Carried,5,1,1,,,In favour,Absent,Against,In favour,In favour,In favour,In favour,Development; Neighbourhood character; Business & economy,,,,https://pub-newwestcity.escribemeetings.com/FileStream.ashx?DocumentId=26098,https://pub-newwestcity.escribemeetings.com/Players/ISIStandAlonePlayer.aspx?Id=c3ae1d1f-cc28-42e7-818e-6b3b2a1b4ade,https://councilrecord.ca/newwest.html#vote/a0dtl2,"THAT Zoning Bylaw No 6680, 2001, Amendment Bylaw (800 Carnarvon St Cannabis Retail) No. 8594, 2026 be introduced and given first, second and third readings."
2026-06-08,Council Meeting,,That Staff Report Back To Council With Findings And Recommendations Arising From,Amendment,Carried,6,0,1,,,In favour,Absent,In favour,In favour,In favour,In favour,In favour,Other,1 of 4,The minutes do not give separate motion text at this point; see the linked minutes.,,https://pub-newwestcity.escribemeetings.com/FileStream.ashx?DocumentId=26098,https://pub-newwestcity.escribemeetings.com/Players/ISIStandAlonePlayer.aspx?Id=c3ae1d1f-cc28-42e7-818e-6b3b2a1b4ade,https://councilrecord.ca/newwest.html#vote/1vpai0y,
2026-06-08,Council Meeting,,That Staff Report Back To Council With Findings And Recommendations Arising From,Main motion,Carried,6,0,1,,,In favour,Absent,In favour,In favour,In favour,In favour,In favour,Other,2 of 4,Vote on the main motion after an amendment or referral was dealt with.,,https://pub-newwestcity.escribemeetings.com/FileStream.ashx?DocumentId=26098,https://pub-newwestcity.escribemeetings.com/Players/ISIStandAlonePlayer.aspx?Id=c3ae1d1f-cc28-42e7-818e-6b3b2a1b4ade,https://councilrecord.ca/newwest.html#vote/6638tl,The question on Part 1 of the main motion
2026-06-08,Council Meeting,,That Staff Report Back To Council With Findings And Recommendations Arising From,Main motion,Carried,4,3,0,,,In favour,Against,In favour,Against,In favour,In favour,Against,Other,3 of 4,Vote on the main motion after an amendment or referral was dealt with.,,https://pub-newwestcity.escribemeetings.com/FileStream.ashx?DocumentId=26098,https://pub-newwestcity.escribemeetings.com/Players/ISIStandAlonePlayer.aspx?Id=c3ae1d1f-cc28-42e7-818e-6b3b2a1b4ade,https://councilrecord.ca/newwest.html#vote/nryori,The question on Part 2 of the main motion
2026-06-08,Council Meeting,,That Staff Report Back To Council With Findings And Recommendations Arising From,Main motion,Carried,6,1,0,,,In favour,In favour,In favour,Against,In favour,In favour,In favour,Other,4 of 4,Vote on the main motion after an amendment or referral was dealt with.,,https://pub-newwestcity.escribemeetings.com/FileStream.ashx?DocumentId=26098,https://pub-newwestcity.escribemeetings.com/Players/ISIStandAlonePlayer.aspx?Id=c3ae1d1f-cc28-42e7-818e-6b3b2a1b4ade,https://councilrecord.ca/newwest.html#vote/1y04tg2,"The question on Part 3 of the main motion, as amended"
2026-06-08,Council Meeting,,Local Government Climate Action Funding,Main motion,Carried,7,0,0,,,In favour,In favour,In favour,In favour,In favour,In favour,In favour,Taxes & spending; Environment & climate,,,,https://pub-newwestcity.escribemeetings.com/FileStream.ashx?DocumentId=26098,https://pub-newwestcity.escribemeetings.com/Players/ISIStandAlonePlayer.aspx?Id=c3ae1d1f-cc28-42e7-818e-6b3b2a1b4ade,https://councilrecord.ca/newwest.html#vote/1gdy4p5,"WHEREAS the Ministry of Energy and Climate Solutions 2026/27 – 2028/29 Service Plan does not include renewed funding for the Local Government Climate Action Program, despite increasing climate-related impacts such as wildfire, flooding and extreme weather affecting communities across British Columbia; AND WHEREAS stable, ongoing, and non - competitive funding since 2009 through the Local Government Climate Action Program and its predecessor has enabled communities such as the City of New Westminster to directly advance emissions- reduction infrastructure and climate resilience projects that enhance life safety and maintain essential services, contributing to measurable progress toward provincial greenhouse gas reduction targets and improved resilience; THEREFORE BE IT RESOLVED THAT UBCM call on the Province of British Columbia to immediately renew and continue direct to local government climate action funding as a long-term, predictable and non-competitive program at funding levels no less than current levels."
2026-06-08,Council Meeting,,"Creating an Indigenous - Led, Cross - Sector Housing Alliance",Main motion,Carried,7,0,0,,,In favour,In favour,In favour,In favour,In favour,In favour,In favour,Housing & density; Public services; Business & economy,,,,https://pub-newwestcity.escribemeetings.com/FileStream.ashx?DocumentId=26098,https://pub-newwestcity.escribemeetings.com/Players/ISIStandAlonePlayer.aspx?Id=c3ae1d1f-cc28-42e7-818e-6b3b2a1b4ade,https://councilrecord.ca/newwest.html#vote/1focsu8,"WHEREAS the lack of safe, adequate, and affordable housing remains a foundational barrier to progress on persistent health, public safety, and social challenges across British Columbia; AND WHEREAS siloed approaches across the health, justice, social, and housing sectors have limited the effectiveness of interventions addressing complex, interrelated social issues; AND WHEREAS the Province of British Columbia (the ‘Province’) and the Union of British Columbia Municipalities (‘UBCM’) renewed a Memorandum of Understanding (2021) committing the Province to communicate with UBCM and local governments on key Indigenous issues as an extension of its unanimous adoption of the UN Declaration on the Rights of Indigenous Peoples (2019), which lists 89 actions, 24 of which either impact housing or should be considered in the context of housing; AND WHEREAS Indigenous peoples are 13 times more likely than non- Indigenous people to experience homelessness, and 40 to 80% of those experiencing homelessness in municipalities across British Columbia are Indigenous; THEREFORE BE IT RESOLVED THAT the UBCM call on the Province to establish an ‘Indigenous-Led, Cross-Sectoral Housing Alliance’ composed of senior representatives from the health, justice, social services, and housing sectors, with strong and equitable urban, rural and northern Indigenous representation; AND BE IT FURTHER RESOLVED THAT the mandate of this alliance include the development of a provincial framework recognizing safe and adequate housing as essential infrastructure, and to coordinate sector-wide adoption and public endorsement of this position by professional, service, advocacy, academic, and industry associations and their member agencies."
2026-06-08,Council Meeting,,Calling for a Cumulative Health Impact Assessment of the BC’s LNG industry,Main motion,Carried,7,0,0,,,In favour,In favour,In favour,In favour,In favour,In favour,In favour,Public services; Business & economy,1 of 3,,,https://pub-newwestcity.escribemeetings.com/FileStream.ashx?DocumentId=26098,https://pub-newwestcity.escribemeetings.com/Players/ISIStandAlonePlayer.aspx?Id=c3ae1d1f-cc28-42e7-818e-6b3b2a1b4ade,https://councilrecord.ca/newwest.html#vote/1ibscpj,THAT the above resolution be forwarded to the Union of British Columbia Municipalities.
2026-06-08,Council Meeting,,Calling for a Cumulative Health Impact Assessment of the BC’s LNG industry,Referral,Defeated,3,4,0,,,Against,Against,In favour,Against,In favour,In favour,Against,Public services,2 of 3,,,https://pub-newwestcity.escribemeetings.com/FileStream.ashx?DocumentId=26098,https://pub-newwestcity.escribemeetings.com/Players/ISIStandAlonePlayer.aspx?Id=c3ae1d1f-cc28-42e7-818e-6b3b2a1b4ade,https://councilrecord.ca/newwest.html#vote/1xy8upr,THAT the matter be referred back to staff to undertake adequate consultation with local First Nations.
2026-06-08,Council Meeting,,Calling for a Cumulative Health Impact Assessment of the BC’s LNG industry,Main motion,Carried,7,0,0,,,In favour,In favour,In favour,In favour,In favour,In favour,In favour,Public services,3 of 3,Vote on the main motion after an amendment or referral was dealt with.,,https://pub-newwestcity.escribemeetings.com/FileStream.ashx?DocumentId=26098,https://pub-newwestcity.escribemeetings.com/Players/ISIStandAlonePlayer.aspx?Id=c3ae1d1f-cc28-42e7-818e-6b3b2a1b4ade,https://councilrecord.ca/newwest.html#vote/bfk0if,"The question on the main motion, as amended"
2026-06-08,Council Meeting,,Therefore Be It Resolved That Ubcm Request That The Province Of British,Other,Carried,7,0,0,,,In favour,In favour,In favour,In favour,In favour,In favour,In favour,Governance & elections,,The minutes do not give separate motion text at this point; see the linked minutes.,,https://pub-newwestcity.escribemeetings.com/FileStream.ashx?DocumentId=26098,https://pub-newwestcity.escribemeetings.com/Players/ISIStandAlonePlayer.aspx?Id=c3ae1d1f-cc28-42e7-818e-6b3b2a1b4ade,https://councilrecord.ca/newwest.html#vote/llzfx0,
2026-06-08,Council Meeting,,"Business Regulations and Licensing (Rental Units) Bylaw No. 6926, 2004,",Main motion,Carried,7,0,0,,,In favour,In favour,In favour,In favour,In favour,In favour,In favour,Housing & density; Development; Business & economy,2 of 2,,,https://pub-newwestcity.escribemeetings.com/FileStream.ashx?DocumentId=26098,https://pub-newwestcity.escribemeetings.com/Players/ISIStandAlonePlayer.aspx?Id=c3ae1d1f-cc28-42e7-818e-6b3b2a1b4ade,https://councilrecord.ca/newwest.html#vote/o56843,"THAT Business Regulations and Licensing (Rental Units) Bylaw No. 6926, 2004, Amendment Bylaw No. 8556 be adopted."
2026-06-08,Council Meeting,,"Official Community Plan Bylaw No.7925, 2017, Amendment Bylaw (Infill Housing",Main motion,Carried,4,2,1,,,In favour,Absent,Against,In favour,In favour,Against,In favour,Housing & density; Development,,,,https://pub-newwestcity.escribemeetings.com/FileStream.ashx?DocumentId=26098,https://pub-newwestcity.escribemeetings.com/Players/ISIStandAlonePlayer.aspx?Id=c3ae1d1f-cc28-42e7-818e-6b3b2a1b4ade,https://councilrecord.ca/newwest.html#vote/kzxcni,"THAT Official Community Plan Bylaw No.7925, 2017, Amendment Bylaw (Infill Housing Program) No. 8573, 2026 be adopted."
2026-06-08,Council Meeting,,"Zoning Bylaw No. 6680, 2001, Amendment Bylaw (Infill Housing Program) No. 8578,",Main motion,Carried,4,2,1,,,In favour,Absent,Against,In favour,In favour,Against,In favour,Housing & density; Development,,,,https://pub-newwestcity.escribemeetings.com/FileStream.ashx?DocumentId=26098,https://pub-newwestcity.escribemeetings.com/Players/ISIStandAlonePlayer.aspx?Id=c3ae1d1f-cc28-42e7-818e-6b3b2a1b4ade,https://councilrecord.ca/newwest.html#vote/1kdxshn,"THAT Zoning Bylaw No. 6680, 2001, Amendment Bylaw (Infill Housing Program) No. 8578, 2026 be adopted."
2026-06-08,Council Meeting,,"Planning & Development Fees and Rates Bylaw No. 7683, 2014, Amendment Bylaw",Main motion,Carried,6,0,1,,,In favour,Absent,In favour,In favour,In favour,In favour,In favour,Development; Taxes & spending,,,,https://pub-newwestcity.escribemeetings.com/FileStream.ashx?DocumentId=26098,https://pub-newwestcity.escribemeetings.com/Players/ISIStandAlonePlayer.aspx?Id=c3ae1d1f-cc28-42e7-818e-6b3b2a1b4ade,https://councilrecord.ca/newwest.html#vote/8ak6xl,"THAT Planning & Development Fees and Rates Bylaw No. 7683, 2014, Amendment Bylaw No. 8580, 2026 be adopted."
2026-06-08,Council Meeting,,"Bylaw Notice Enforcement Bylaw No. 7318, 2009, Amendment Bylaw No. 8582,",Main motion,Carried,6,0,1,,,In favour,Absent,In favour,In favour,In favour,In favour,In favour,Development,,,,https://pub-newwestcity.escribemeetings.com/FileStream.ashx?DocumentId=26098,https://pub-newwestcity.escribemeetings.com/Players/ISIStandAlonePlayer.aspx?Id=c3ae1d1f-cc28-42e7-818e-6b3b2a1b4ade,https://councilrecord.ca/newwest.html#vote/1c6ryfo,"THAT Bylaw Notice Enforcement Bylaw No. 7318, 2009, Amendment Bylaw No. 8582, 2026 be adopted."
2026-06-08,Council Meeting,,"Municipal Ticket Information Bylaw No. 8077, 2019, Amendment Bylaw No. 8583,",Main motion,Carried,6,0,1,,,In favour,Absent,In favour,In favour,In favour,In favour,In favour,Development; Neighbourhood character,,,,https://pub-newwestcity.escribemeetings.com/FileStream.ashx?DocumentId=26098,https://pub-newwestcity.escribemeetings.com/Players/ISIStandAlonePlayer.aspx?Id=c3ae1d1f-cc28-42e7-818e-6b3b2a1b4ade,https://councilrecord.ca/newwest.html#vote/2p9yra,"THAT Municipal Ticket Information Bylaw No. 8077, 2019, Amendment Bylaw No. 8583, 2026 be adopted."
2026-06-08,Council Meeting,,"Zoning Bylaw No. 6680, 2001, Amendment Bylaw No. 8575, 2026",Main motion,Carried,7,0,0,,,In favour,In favour,In favour,In favour,In favour,In favour,In favour,Development,,,,https://pub-newwestcity.escribemeetings.com/FileStream.ashx?DocumentId=26098,https://pub-newwestcity.escribemeetings.com/Players/ISIStandAlonePlayer.aspx?Id=c3ae1d1f-cc28-42e7-818e-6b3b2a1b4ade,https://councilrecord.ca/newwest.html#vote/15uq049,"THAT Zoning Bylaw No. 6680, 2001, Amendment Bylaw No. 8575, 2026 be adopted."
2026-06-22,Council Meeting,,Metro West Inter - Municipal Business Licence (IMBL) – Expanding to include the,Main motion,Carried,7,0,0,,,In favour,In favour,In favour,In favour,In favour,In favour,In favour,Development; Business & economy,1 of 2,,,https://pub-newwestcity.escribemeetings.com/FileStream.ashx?DocumentId=26134,https://pub-newwestcity.escribemeetings.com/Players/ISIStandAlonePlayer.aspx?Id=040a6f82-6718-4181-926c-be538aaf8830,https://councilrecord.ca/newwest.html#vote/ghfkux,"THAT the Inter - Municipal Business Licence Agreement Bylaw No. 8590, 2026 be adopted."
2026-06-22,Council Meeting,,Metro West Inter - Municipal Business Licence (IMBL) – Expanding to include the,Main motion,Carried,7,0,0,,,In favour,In favour,In favour,In favour,In favour,In favour,In favour,Development; Business & economy,2 of 2,,,https://pub-newwestcity.escribemeetings.com/FileStream.ashx?DocumentId=26134,https://pub-newwestcity.escribemeetings.com/Players/ISIStandAlonePlayer.aspx?Id=040a6f82-6718-4181-926c-be538aaf8830,https://councilrecord.ca/newwest.html#vote/1rr84br,"THAT the Inter - Municipal Business Licence Scheme Bylaw No. 8591, 2026 be adopted."
2026-06-22,Council Meeting,,"Items No. 5.1 through No. 5.19 be adopted by general consent , with the removal of It…",Main motion,Carried,7,0,0,,,In favour,In favour,In favour,In favour,In favour,In favour,In favour,Other,,,,https://pub-newwestcity.escribemeetings.com/FileStream.ashx?DocumentId=26134,https://pub-newwestcity.escribemeetings.com/Players/ISIStandAlonePlayer.aspx?Id=040a6f82-6718-4181-926c-be538aaf8830,https://councilrecord.ca/newwest.html#vote/p57t1h,"THAT Items No. 5.1 through No. 5.19 be adopted by general consent , with the removal of Items No. 5.10, 5.12, and 5.17."
2026-06-22,Council Meeting,,Council Minutes,Procedural,Carried,7,0,0,,,In favour,In favour,In favour,In favour,In favour,In favour,In favour,Public services; Governance & elections,,,,https://pub-newwestcity.escribemeetings.com/FileStream.ashx?DocumentId=26134,,https://councilrecord.ca/newwest.html#vote/1tpj68p,"THAT the report titled “2025 Annual Water Quality Monitoring Report” dated June 22, 2026 from the Director, Engineering & Public Works, and Deputy Chief Administrative Officer be received for information."
2026-06-22,Council Meeting,,Fenton Street Streetscape – Community Engagement and Project Update,Main motion,Carried,7,0,0,,,In favour,In favour,In favour,In favour,In favour,In favour,In favour,Transportation; Governance & elections,,,,https://pub-newwestcity.escribemeetings.com/FileStream.ashx?DocumentId=26134,,https://councilrecord.ca/newwest.html#vote/5ywgiu,"THAT Option 1A as described in the report titled “Fenton Street Streetscape – Community Engagement and Project Update” dated June 22, 2026 from the Director, Engineering & Public Works and Deputy Chief Administrative Officer be approved."
2026-06-22,Council Meeting,,Research Findings: Placement Strategies for Drinking Water and Cooling Stations,Procedural,Carried,7,0,0,,,In favour,In favour,In favour,In favour,In favour,In favour,In favour,Public services; Governance & elections,,,,https://pub-newwestcity.escribemeetings.com/FileStream.ashx?DocumentId=26134,,https://councilrecord.ca/newwest.html#vote/1e2x1zp,"THAT the report titled “Research Findings: Placement Strategies for Drinking Water and Cooling Stations” dated June 22, 2026 from the Director, Engineering & Public Works, and Deputy Chief Administrative Officer and Director, Parks & Recreation, be received for information."
2026-06-22,Council Meeting,,Massey Victory Heights Streetlight – Update after Consultation and Re - Design,Main motion,Carried,7,0,0,,,In favour,In favour,In favour,In favour,In favour,In favour,In favour,Taxes & spending; Transportation; Neighbourhood character; Parks & recreation,1 of 2,,,https://pub-newwestcity.escribemeetings.com/FileStream.ashx?DocumentId=26134,,https://councilrecord.ca/newwest.html#vote/rvt0qi,"THAT the interim funding strategy for Areas 1 and 2 of the Massey Victory Heights Street Lighting Replacement Program, as described in the report titled ""Massey Victory Heights Streetlight Update"" dated June 22, 2026, from the Director, Engineering & Public Works, and Deputy Chief Administrative Officer, be endorsed."
2026-06-22,Council Meeting,,Massey Victory Heights Streetlight – Update after Consultation and Re - Design,Main motion,Carried,7,0,0,,,In favour,In favour,In favour,In favour,In favour,In favour,In favour,Taxes & spending; Transportation; Neighbourhood character; Parks & recreation; Governance & elections,2 of 2,,,https://pub-newwestcity.escribemeetings.com/FileStream.ashx?DocumentId=26134,,https://councilrecord.ca/newwest.html#vote/1tijcqq,"THAT the 2025 Statement of Financial Information Report, included in Attachment 2 to the report titled “2025 Statement of Financial Information”, dated June 22, 2026, from the Director, Finance, be approved."
2026-06-22,Council Meeting,,Interim Development Review Framework Update,Main motion,Carried,7,0,0,,,In favour,In favour,In favour,In favour,In favour,In favour,In favour,Governance & elections,,,,https://pub-newwestcity.escribemeetings.com/FileStream.ashx?DocumentId=26134,,https://councilrecord.ca/newwest.html#vote/1yce4cb,"THAT the updated Interim Development Review Framework, included in Attachment 1 to the report titled “Interim Development Review Framework Update” dated June 22, 2026 from the Director, Planning & Development, be endorsed."
2026-06-22,Council Meeting,,Issuance of Development Variance Permit for 230 Keary Street (Brewery District,Main motion,Carried,7,0,0,,,In favour,In favour,In favour,In favour,In favour,In favour,In favour,Development; Transportation; Business & economy,,,,https://pub-newwestcity.escribemeetings.com/FileStream.ashx?DocumentId=26134,,https://councilrecord.ca/newwest.html#vote/fyavvp,THAT Development Variance Permit (DVP00759) for 230 Keary Street be issued.
2026-06-22,Council Meeting,,Issuance of Development Variance Permit for 800 Queens Avenue (Simcoe,Main motion,Carried,7,0,0,,,In favour,In favour,In favour,In favour,In favour,In favour,In favour,Development,,,,https://pub-newwestcity.escribemeetings.com/FileStream.ashx?DocumentId=26134,,https://councilrecord.ca/newwest.html#vote/1lsfp7g,THAT Development Variance Permit (DVP00745) for 800 Queens Avenue (Simcoe Elementary School) be issued.
2026-06-22,Council Meeting,,Metro 2050 Type 2 Amendment: Special Study Areas,Main motion,Carried,7,0,0,,,In favour,In favour,In favour,In favour,In favour,In favour,In favour,Governance & elections,,,,https://pub-newwestcity.escribemeetings.com/FileStream.ashx?DocumentId=26134,,https://councilrecord.ca/newwest.html#vote/15ug430,"THAT a letter be sent to Metro Vancouver providing feedback on the proposed amendments to the Regional Growth Strategy, Metro 2050, in response to the South of the Fraser Mayors’ letter as outlined in the “Recommended Feedback” section of the report titled “Metro 2050 Type 2 Amendment: Special Study Areas” dated June 22, 2026, from the Director, Planning and Development."
2026-06-22,Council Meeting,,Funding Received from Senior Levels of Government 2020 to 2026 (to date),Procedural,Carried,7,0,0,,,In favour,In favour,In favour,In favour,In favour,In favour,In favour,Taxes & spending; Public services,1 of 2,,,https://pub-newwestcity.escribemeetings.com/FileStream.ashx?DocumentId=26134,,https://councilrecord.ca/newwest.html#vote/m42npj,"THAT the report titled “Funding Received from Senior Levels of Government 2020 to 2026 (to date)”, dated June 22, 2026, from the Manager, Intergovernmental and Community Relations, be received for information."
2026-06-22,Council Meeting,,Funding Received from Senior Levels of Government 2020 to 2026 (to date),Main motion,Carried,7,0,0,,,In favour,In favour,In favour,In favour,In favour,In favour,In favour,Taxes & spending,2 of 2,,,https://pub-newwestcity.escribemeetings.com/FileStream.ashx?DocumentId=26134,,https://councilrecord.ca/newwest.html#vote/18ekgin,THAT the 2025 Annual Report be approved.
2026-06-22,Council Meeting,,THAT the Owner may request that Council reconsider the terms of this,Main motion,Carried,7,0,0,,,In favour,In favour,In favour,In favour,In favour,In favour,In favour,Neighbourhood character,,,,https://pub-newwestcity.escribemeetings.com/FileStream.ashx?DocumentId=26134,https://pub-newwestcity.escribemeetings.com/Players/ISIStandAlonePlayer.aspx?Id=040a6f82-6718-4181-926c-be538aaf8830,https://councilrecord.ca/newwest.html#vote/1snvhl1,"THAT the Owner of the Property, within 30 days of the date this Resolution is sent to the Owner, do all things necessary to apply for a demolition permit for the Building in accordance with the City’s Building Bylaw 8125, 2019 (the “Building Bylaw”); and ii. THAT the Owner, within 30 days of receiving a demolition permit applied for under Section 3(a) of this Resolution, must demolish the Building above the existing foundation, remove all resulting debris, and comply with all applicable requirements of the Building Bylaw; d. THAT Council direct City staff to send the notice of this requirement to all affected persons as required by Section 77 of the Community Charter; and e. THAT the Owner may request that Council reconsider the terms of this Resolution by providing the City with written notice within 30 days of the date on which notice of this Resolution is sent to the Owner under Section 77 of the Community Charter."
2026-06-22,Council Meeting,,That Staff Provide Council With A Report Indicating Which Specific Projects Could Be,Amendment,Carried,5,2,0,,,In favour,In favour,Against,In favour,In favour,Against,In favour,Other,1 of 2,,,https://pub-newwestcity.escribemeetings.com/FileStream.ashx?DocumentId=26134,https://pub-newwestcity.escribemeetings.com/Players/ISIStandAlonePlayer.aspx?Id=040a6f82-6718-4181-926c-be538aaf8830,https://councilrecord.ca/newwest.html#vote/5547x,The question on the amendment
2026-06-22,Council Meeting,,That Staff Provide Council With A Report Indicating Which Specific Projects Could Be,Main motion,Carried,7,0,0,,,In favour,In favour,In favour,In favour,In favour,In favour,In favour,Other,2 of 2,Vote on the main motion after an amendment or referral was dealt with.,,https://pub-newwestcity.escribemeetings.com/FileStream.ashx?DocumentId=26134,https://pub-newwestcity.escribemeetings.com/Players/ISIStandAlonePlayer.aspx?Id=040a6f82-6718-4181-926c-be538aaf8830,https://councilrecord.ca/newwest.html#vote/3fqan6,"The question on the main motion, as amended"
2026-06-22,Council Meeting,,"That Council Direct Staff To Bring Forward, Prior To Adoption Of Bylaw No 6680,",Other,Carried,4,3,0,,,In favour,In favour,Against,In favour,In favour,Against,Against,Other,,The minutes do not give separate motion text at this point; see the linked minutes.,,https://pub-newwestcity.escribemeetings.com/FileStream.ashx?DocumentId=26134,https://pub-newwestcity.escribemeetings.com/Players/ISIStandAlonePlayer.aspx?Id=040a6f82-6718-4181-926c-be538aaf8830,https://councilrecord.ca/newwest.html#vote/12gcvtx,
2026-06-22,Council Meeting,,And That Staff Report Back To Council With:,Main motion,Carried,7,0,0,,,In favour,In favour,In favour,In favour,In favour,In favour,In favour,Other,,Vote on the main motion after an amendment or referral was dealt with.,,https://pub-newwestcity.escribemeetings.com/FileStream.ashx?DocumentId=26134,https://pub-newwestcity.escribemeetings.com/Players/ISIStandAlonePlayer.aspx?Id=040a6f82-6718-4181-926c-be538aaf8830,https://councilrecord.ca/newwest.html#vote/tiufbx,The question on the motion
2026-06-22,Council Meeting,,Strategies to maximize participation and equitable access across the,Amendment,Carried,7,0,0,,,In favour,In favour,In favour,In favour,In favour,In favour,In favour,Neighbourhood character; Business & economy,1 of 2,The minutes do not give separate motion text at this point; see the linked minutes.,,https://pub-newwestcity.escribemeetings.com/FileStream.ashx?DocumentId=26134,https://pub-newwestcity.escribemeetings.com/Players/ISIStandAlonePlayer.aspx?Id=040a6f82-6718-4181-926c-be538aaf8830,https://councilrecord.ca/newwest.html#vote/ajbq6v,
2026-06-22,Council Meeting,,Strategies to maximize participation and equitable access across the,Main motion,Carried,7,0,0,,,In favour,In favour,In favour,In favour,In favour,In favour,In favour,Neighbourhood character; Business & economy,2 of 2,Vote on the main motion after an amendment or referral was dealt with.,,https://pub-newwestcity.escribemeetings.com/FileStream.ashx?DocumentId=26134,https://pub-newwestcity.escribemeetings.com/Players/ISIStandAlonePlayer.aspx?Id=040a6f82-6718-4181-926c-be538aaf8830,https://councilrecord.ca/newwest.html#vote/117s0t3,"The question on the main motion, as amended"
2026-06-22,Council Meeting,,FIFA Viewing Parties Update,Main motion,Carried,6,1,0,,,In favour,In favour,In favour,In favour,In favour,Against,In favour,Taxes & spending,,,,https://pub-newwestcity.escribemeetings.com/FileStream.ashx?DocumentId=26134,https://pub-newwestcity.escribemeetings.com/Players/ISIStandAlonePlayer.aspx?Id=040a6f82-6718-4181-926c-be538aaf8830,https://councilrecord.ca/newwest.html#vote/1hmad8a,"THAT the Chief Administrative Officer be authorized to allocate funds, from available funding sources, for additional FIFA World Cup watch parties should Team Canada advance in the tournament, provided that expenditures for any individual event do not exceed the amount spent on previous watch parties."
2026-06-30,Special Council Meeting,,That The Respondent Remove The Offending Social Media Post And Issue A Formal,Main motion,Carried,4,0,3,,,Absent,In favour,Absent,Absent,In favour,In favour,In favour,Public services,,Vote on the main motion after an amendment or referral was dealt with.,,https://pub-newwestcity.escribemeetings.com/FileStream.ashx?DocumentId=26359,https://pub-newwestcity.escribemeetings.com/Players/ISIStandAlonePlayer.aspx?Id=1eeb9eb9-cf05-468a-ade5-ca1b4338acb5,https://councilrecord.ca/newwest.html#vote/1dzhpop,The question on the motion
2026-07-13,Council Meeting,,"Items No. 4.1 through No. 4.17 be adopted by general consent , with the removal of It…",Main motion,Carried,6,0,1,,,In favour,In favour,In favour,In favour,Absent,In favour,In favour,Other,,,,https://pub-newwestcity.escribemeetings.com/FileStream.ashx?DocumentId=26361,https://pub-newwestcity.escribemeetings.com/Players/ISIStandAlonePlayer.aspx?Id=e1e230da-f5fe-44e8-b932-df295cd686db,https://councilrecord.ca/newwest.html#vote/hgdyu0,"THAT Items No. 4.1 through No. 4.17 be adopted by general consent , with the removal of Items No. 4.3., 4.4., 4.6, 4.7, 4.10, 4.11, 4.12, and 4.15."
2026-07-13,Council Meeting,,Climate Change Adaptation and Resilience Plan – Phase 4 Update,Main motion,Carried,6,0,1,,,In favour,In favour,In favour,In favour,Absent,In favour,In favour,Environment & climate; Governance & elections,,,,https://pub-newwestcity.escribemeetings.com/FileStream.ashx?DocumentId=26361,,https://councilrecord.ca/newwest.html#vote/11y3lq2,"THAT the report titled “Climate Change Adaptation and Resilience Plan – Phase 4 Update” dated July 13, 2026 from the Director, Energy & Climate Action, be endorsed."
2026-07-13,Council Meeting,,That The Staff And Financial Enhancement Requests Be Included As Part Of The 2027,Other,Carried,6,0,1,,,In favour,In favour,In favour,In favour,Absent,In favour,In favour,Other,,The minutes do not give separate motion text at this point; see the linked minutes.,,https://pub-newwestcity.escribemeetings.com/FileStream.ashx?DocumentId=26361,https://pub-newwestcity.escribemeetings.com/Players/ISIStandAlonePlayer.aspx?Id=e1e230da-f5fe-44e8-b932-df295cd686db,https://councilrecord.ca/newwest.html#vote/s7dlqs,
2026-07-13,Council Meeting,,Endorsement of the Tenant Assistance Policy,Main motion,Carried,6,0,1,,,In favour,In favour,In favour,In favour,Absent,In favour,In favour,Housing & density; Governance & elections,,,,https://pub-newwestcity.escribemeetings.com/FileStream.ashx?DocumentId=26361,,https://councilrecord.ca/newwest.html#vote/h6cwdf,"THAT the Tenant Assistance Policy (2026), included in Attachment 1 in the report titled “Endorsement of the Tenant Assistance Policy"" from the Director of Planning and Development dated July 13, 2026, be endorsed."
2026-07-13,Council Meeting,,Zoning Bylaw Text Amendment: 805 Boyd Street – Electric Vehicle Charging,Main motion,Carried,6,0,1,,,In favour,In favour,In favour,In favour,Absent,In favour,In favour,Development; Transportation,,,,https://pub-newwestcity.escribemeetings.com/FileStream.ashx?DocumentId=26361,,https://councilrecord.ca/newwest.html#vote/1u8w6vu,"THAT Zoning Bylaw No. 6680, 2001, Amendment Bylaw (EV Charging Service Station) No. 8581, 2026 be given first, second, and third readings."
2026-07-13,Council Meeting,,Simcoe Park and Toronto Place Park Master Plan,Main motion,Carried,6,0,1,,,In favour,In favour,In favour,In favour,Absent,In favour,In favour,Development; Parks & recreation; Governance & elections,,,,https://pub-newwestcity.escribemeetings.com/FileStream.ashx?DocumentId=26361,,https://councilrecord.ca/newwest.html#vote/53ie31,"THAT the Simcoe Park and Toronto Place Park Master Plan, as described in the report titled “Simcoe Park and Toronto Place Park Master Plan” dated July 13, 2026 from the Director of Parks & Recreation, be endorsed."
2026-07-13,Council Meeting,,AI Policy Development Report,Procedural,Carried,6,0,1,,,In favour,In favour,In favour,In favour,Absent,In favour,In favour,Governance & elections,,,,https://pub-newwestcity.escribemeetings.com/FileStream.ashx?DocumentId=26361,https://pub-newwestcity.escribemeetings.com/Players/ISIStandAlonePlayer.aspx?Id=e1e230da-f5fe-44e8-b932-df295cd686db,https://councilrecord.ca/newwest.html#vote/jksioi,"THAT the report titled “AI Policy Development Report” dated July 13, 2026 from the Director of Finance and IT be received for information."
2026-07-13,Council Meeting,,That Staff Share The Assembly’S Discussion Summary With Relevant City,Other,Carried,6,0,1,,,In favour,In favour,In favour,In favour,Absent,In favour,In favour,Other,,The minutes do not give separate motion text at this point; see the linked minutes.,,https://pub-newwestcity.escribemeetings.com/FileStream.ashx?DocumentId=26361,https://pub-newwestcity.escribemeetings.com/Players/ISIStandAlonePlayer.aspx?Id=e1e230da-f5fe-44e8-b932-df295cd686db,https://councilrecord.ca/newwest.html#vote/1vo7xuf,
2026-07-13,Council Meeting,,Train Whistle Cessation Resolution at the Braid Street Rail Crossings,Main motion,Carried,6,0,1,,,In favour,In favour,In favour,In favour,Absent,In favour,In favour,Transportation,,,,https://pub-newwestcity.escribemeetings.com/FileStream.ashx?DocumentId=26361,https://pub-newwestcity.escribemeetings.com/Players/ISIStandAlonePlayer.aspx?Id=e1e230da-f5fe-44e8-b932-df295cd686db,https://councilrecord.ca/newwest.html#vote/cqix9l,"THAT in accordance with section 23.1 of the Railway Safety Act (Canada), a formal resolution be passed to direct that train whistles should not be used in the area of Braid Street at-grade rail crossings at Canadian National Railway Company New Westminster Subdivision Mile 145.05 near Brunette Avenue and Canadian Pacific Kansas City‘s Westminster Subdivision Mile 5.87 near Vulcan Street, as detailed in the report titled 'Train Whistle Cessation Resolution at the Braid Street Rail Crossings' dated July 13, 2026 by the Director, Engineering & Public Works, and Deputy Chief Administrative Officer."
2026-07-13,Council Meeting,,"That Should Housing Agreement Amendment Bylaw No. 8596, 2026 Be Adopted,",Other,Carried,6,0,1,,,In favour,In favour,In favour,In favour,Absent,In favour,In favour,Housing & density; Development,,The minutes do not give separate motion text at this point; see the linked minutes.,,https://pub-newwestcity.escribemeetings.com/FileStream.ashx?DocumentId=26361,https://pub-newwestcity.escribemeetings.com/Players/ISIStandAlonePlayer.aspx?Id=e1e230da-f5fe-44e8-b932-df295cd686db,https://councilrecord.ca/newwest.html#vote/pfcfz6,
2026-07-13,Council Meeting,,"That The Purchase Of And Installation Of The Permanent, Free-Standing Public Toilet",Other,Carried,6,0,1,,,In favour,In favour,In favour,In favour,Absent,In favour,In favour,Other,,The minutes do not give separate motion text at this point; see the linked minutes.,,https://pub-newwestcity.escribemeetings.com/FileStream.ashx?DocumentId=26361,https://pub-newwestcity.escribemeetings.com/Players/ISIStandAlonePlayer.aspx?Id=e1e230da-f5fe-44e8-b932-df295cd686db,https://councilrecord.ca/newwest.html#vote/121ampd,
2026-07-13,Council Meeting,,That Staff Explore Applying School Site Acquisition Charges To Infill Housing,Other,Carried,6,0,1,,,In favour,In favour,In favour,In favour,Absent,In favour,In favour,Housing & density,,The minutes do not give separate motion text at this point; see the linked minutes.,,https://pub-newwestcity.escribemeetings.com/FileStream.ashx?DocumentId=26361,https://pub-newwestcity.escribemeetings.com/Players/ISIStandAlonePlayer.aspx?Id=e1e230da-f5fe-44e8-b932-df295cd686db,https://councilrecord.ca/newwest.html#vote/dc9jwu,
2026-07-13,Council Meeting,,"That Housing Agreement Bylaw (611 Agnes Street) No. 8593, 2026 Be Introduced",Other,Carried,3,1,3,,,In favour,In favour,Against,In favour,Absent,Absent,Absent,Housing & density; Transportation,,The minutes do not give separate motion text at this point; see the linked minutes.,,https://pub-newwestcity.escribemeetings.com/FileStream.ashx?DocumentId=26361,https://pub-newwestcity.escribemeetings.com/Players/ISIStandAlonePlayer.aspx?Id=e1e230da-f5fe-44e8-b932-df295cd686db,https://councilrecord.ca/newwest.html#vote/jztrxn,
2026-07-13,Council Meeting,,"That A Letter Be Written To The City’S Local Member Of Parliament, The Minister Of",Other,Carried,6,0,1,,,In favour,In favour,In favour,In favour,Absent,In favour,In favour,Governance & elections,,The minutes do not give separate motion text at this point; see the linked minutes.,,https://pub-newwestcity.escribemeetings.com/FileStream.ashx?DocumentId=26361,https://pub-newwestcity.escribemeetings.com/Players/ISIStandAlonePlayer.aspx?Id=e1e230da-f5fe-44e8-b932-df295cd686db,https://councilrecord.ca/newwest.html#vote/57qs20,
2026-07-13,Council Meeting,,"That Copies Of This Motion Be Forwarded To The Inspector Of Municipalities, Metro",Other,Carried,6,0,1,,,In favour,In favour,In favour,In favour,Absent,In favour,In favour,Other,,The minutes do not give separate motion text at this point; see the linked minutes.,,https://pub-newwestcity.escribemeetings.com/FileStream.ashx?DocumentId=26361,https://pub-newwestcity.escribemeetings.com/Players/ISIStandAlonePlayer.aspx?Id=e1e230da-f5fe-44e8-b932-df295cd686db,https://councilrecord.ca/newwest.html#vote/tvuwwx,
2026-07-13,Council Meeting,,Training to Support the Rights of Older Adults and Preventing Elder Abuse,Main motion,Carried,6,0,1,,,In favour,In favour,In favour,In favour,Absent,In favour,In favour,Other,,,,https://pub-newwestcity.escribemeetings.com/FileStream.ashx?DocumentId=26361,https://pub-newwestcity.escribemeetings.com/Players/ISIStandAlonePlayer.aspx?Id=e1e230da-f5fe-44e8-b932-df295cd686db,https://councilrecord.ca/newwest.html#vote/5qrp1o,"THAT the City offer opportunities for staff training and professional development related to elder abuse prevention, age-friendly practices, and the promotion of the rights of older adults to ensure that municipal services are responsive, informed, and inclusive."
2026-07-13,Council Meeting,,"Bylaw Notice Enforcement Bylaw No. 7318, 2009, Amendment Bylaw No. 8557,",Main motion,Carried,6,0,1,,,In favour,In favour,In favour,In favour,Absent,In favour,In favour,Development,,,,https://pub-newwestcity.escribemeetings.com/FileStream.ashx?DocumentId=26361,https://pub-newwestcity.escribemeetings.com/Players/ISIStandAlonePlayer.aspx?Id=e1e230da-f5fe-44e8-b932-df295cd686db,https://councilrecord.ca/newwest.html#vote/bd069r,"THAT Bylaw Notice Enforcement Bylaw No. 7318, 2009, Amendment Bylaw No. 8557, 2026 be adopted."
2026-07-13,Council Meeting,,"Municipal Ticket Information Bylaw No. 8077, 2019, Amendment Bylaw No. 8558,",Main motion,Carried,6,0,1,,,In favour,In favour,In favour,In favour,Absent,In favour,In favour,Development; Neighbourhood character,,,,https://pub-newwestcity.escribemeetings.com/FileStream.ashx?DocumentId=26361,https://pub-newwestcity.escribemeetings.com/Players/ISIStandAlonePlayer.aspx?Id=e1e230da-f5fe-44e8-b932-df295cd686db,https://councilrecord.ca/newwest.html#vote/1x6rex2,"THAT Municipal Ticket Information Bylaw No. 8077, 2019, Amendment Bylaw No. 8558, 2026 be adopted."
2026-08-31,Council Meeting,,"Items No. 4.1 through No. 4.17 be adopted by general consent , with the removal of It…",Main motion,Carried,7,0,0,,,In favour,In favour,In favour,In favour,In favour,In favour,In favour,Other,,,,https://pub-newwestcity.escribemeetings.com/FileStream.ashx?DocumentId=26631,https://pub-newwestcity.escribemeetings.com/Players/ISIStandAlonePlayer.aspx?Id=f70ef6d5-3296-4d1f-b214-544760725b50,https://councilrecord.ca/newwest.html#vote/29gfa8,"THAT Items No. 4.1 through No. 4.17 be adopted by general consent , with the removal of Items No. 4.9., 4.10., and 4.11."
2026-08-31,Council Meeting,,Licence Agreement (NEW327 - 11367F - 001) with Vancouver Fraser Port Authority,Main motion,Carried,7,0,0,,,In favour,In favour,In favour,In favour,In favour,In favour,In favour,Business & economy,,,,https://pub-newwestcity.escribemeetings.com/FileStream.ashx?DocumentId=26631,,https://councilrecord.ca/newwest.html#vote/l8rpon,"THAT the Mayor and Corporate Officer be authorized, on behalf of the City of New Westminster, to execute the Licence Agreement (NEW327-11367F-001) with Vancouver Fraser Port Authority to allow the City to continue the operation, maintenance and repair of the City’s dike, including shoreline protection works, as described in the report titled “Licence Agreement (NEW327-11367F-001) with Vancouver Fraser Port Authority” dated August 31, 2026 from the Acting Director of Engineering and Public Works."
2026-08-31,Council Meeting,,Licence Agreement Amendment with BC Transportation Financing Authority for,Main motion,Carried,7,0,0,,,In favour,In favour,In favour,In favour,In favour,In favour,In favour,Transportation; Parks & recreation; Business & economy,,,,https://pub-newwestcity.escribemeetings.com/FileStream.ashx?DocumentId=26631,,https://councilrecord.ca/newwest.html#vote/1r6ac04,"THAT the Mayor and Corporate Officer be authorized, on behalf of the City of New Westminster, to execute the Amending Licence Agreement for construction of a multi- use path in Grimston Park between the City of New Westminster and BC Transportation Financing Authority, as outlined in the report entitled “Licence Agreement Amendment with BC Transportation Financing Authority for Construction of a Multi-Use Path in Grimston Park”, dated August 31, 2026, from the Acting Director of Engineering and Public Works."
2026-08-31,Council Meeting,,"Subdivision and Development Control Bylaw No. 7142, 2007, Amendment Bylaw",Main motion,Carried,7,0,0,,,In favour,In favour,In favour,In favour,In favour,In favour,In favour,Development,,,,https://pub-newwestcity.escribemeetings.com/FileStream.ashx?DocumentId=26631,,https://councilrecord.ca/newwest.html#vote/dalxsk,"THAT Subdivision and Development Control Bylaw No. 7142, 2007, Amendment Bylaw No. 8602, 2026 be introduced and given first, second, and third reading."
2026-08-31,Council Meeting,,Easement Agreement for Encroachment on Westminster Pier Park (1 Sixth Street),Main motion,Carried,7,0,0,,,In favour,In favour,In favour,In favour,In favour,In favour,In favour,Taxes & spending; Transportation; Parks & recreation,,,,https://pub-newwestcity.escribemeetings.com/FileStream.ashx?DocumentId=26631,,https://councilrecord.ca/newwest.html#vote/l2si2i,"THAT Council authorize the granting to the owner (the “City”) for a nominal amount, an easement (the “Easement Agreement”) over a portion of the park property located at 1 Sixth Street legally described as PID:015-186-474, Parcel A District Lot 3979 and 3982 Group 1 New Westminster District Reference Plan 83324 (“Westminster Pier Park”) to permit the encroachment of two freestanding public toilets on the adjacent park property at 600 Quayside Drive, legally described as Airspace Parcel A District Lots 3979 and 3982 Group 1 Airspace Plan LMP29059 (“Westward Expansion of Westminster Pier Park”), of which the City is the registered owner."
2026-08-31,Council Meeting,,Budget 2027 Outlook and Schedule,Procedural,Carried,7,0,0,,,In favour,In favour,In favour,In favour,In favour,In favour,In favour,Taxes & spending; Governance & elections,1 of 2,,,https://pub-newwestcity.escribemeetings.com/FileStream.ashx?DocumentId=26631,,https://councilrecord.ca/newwest.html#vote/xczczr,"THAT the report titled “Budget 2027 Outlook and Schedule” dated August 31, 2026 from the Director, Finance, be received for information."
2026-08-31,Council Meeting,,Budget 2027 Outlook and Schedule,Main motion,Carried,7,0,0,,,In favour,In favour,In favour,In favour,In favour,In favour,In favour,Development; Taxes & spending,2 of 2,,,https://pub-newwestcity.escribemeetings.com/FileStream.ashx?DocumentId=26631,,https://councilrecord.ca/newwest.html#vote/1mw5kh8,"THAT 2027 Permissive Property Tax Exemption Bylaw No. 8592, 2026 be given first, second and third readings."
2026-08-31,Council Meeting,,Proposed 2027 Community Services Rates – Community Services Fees and,Main motion,Carried,7,0,0,,,In favour,In favour,In favour,In favour,In favour,In favour,In favour,Taxes & spending,,Vote on the main motion after an amendment or referral was dealt with.,,https://pub-newwestcity.escribemeetings.com/FileStream.ashx?DocumentId=26631,https://pub-newwestcity.escribemeetings.com/Players/ISIStandAlonePlayer.aspx?Id=f70ef6d5-3296-4d1f-b214-544760725b50,https://councilrecord.ca/newwest.html#vote/ux5ig8,The question on the motion
2026-08-31,Council Meeting,,"That Title To Highway (Portion Of Blackie Street) Bylaw No. 8545, 2026 Be",Other,Carried,7,0,0,,,In favour,In favour,In favour,In favour,In favour,In favour,In favour,Development; Transportation,1 of 2,The minutes do not give separate motion text at this point; see the linked minutes.,,https://pub-newwestcity.escribemeetings.com/FileStream.ashx?DocumentId=26631,https://pub-newwestcity.escribemeetings.com/Players/ISIStandAlonePlayer.aspx?Id=f70ef6d5-3296-4d1f-b214-544760725b50,https://councilrecord.ca/newwest.html#vote/198ftga,
2026-08-31,Council Meeting,,"That Title To Highway (Portion Of Blackie Street) Bylaw No. 8545, 2026 Be",Procedural,Carried,7,0,0,,,In favour,In favour,In favour,In favour,In favour,In favour,In favour,Development; Transportation; Governance & elections,2 of 2,,,https://pub-newwestcity.escribemeetings.com/FileStream.ashx?DocumentId=26631,https://pub-newwestcity.escribemeetings.com/Players/ISIStandAlonePlayer.aspx?Id=f70ef6d5-3296-4d1f-b214-544760725b50,https://councilrecord.ca/newwest.html#vote/1dewrc9,"THAT the report titled “2025 Consolidation of Public Compensation for Council Members”, including attachment 1 to this report, dated August 31, 2026, from the Director, Finance, be received for information."
2026-08-31,Council Meeting,,"Arts, Culture and Economic Development Advisory Committee Structure",Referral,Carried,7,0,0,,,In favour,In favour,In favour,In favour,In favour,In favour,In favour,Parks & recreation; Business & economy; Governance & elections,,,,https://pub-newwestcity.escribemeetings.com/FileStream.ashx?DocumentId=26631,https://pub-newwestcity.escribemeetings.com/Players/ISIStandAlonePlayer.aspx?Id=f70ef6d5-3296-4d1f-b214-544760725b50,https://councilrecord.ca/newwest.html#vote/doxv5z,"THAT the motion regarding Arts, Culture and Economic Development Advisory Committee Structure be referred to the December 14, 2026 Regular Council meeting."
2026-08-31,Council Meeting,,That Staff Report Back To Council About Potential Options For Funding And Partnership,Other,Carried,6,0,1,,,In favour,In favour,In favour,In favour,Absent,In favour,In favour,Taxes & spending,,The minutes do not give separate motion text at this point; see the linked minutes.,,https://pub-newwestcity.escribemeetings.com/FileStream.ashx?DocumentId=26631,https://pub-newwestcity.escribemeetings.com/Players/ISIStandAlonePlayer.aspx?Id=f70ef6d5-3296-4d1f-b214-544760725b50,https://councilrecord.ca/newwest.html#vote/ro77yz,
2026-08-31,Council Meeting,,"Official Community Plan Bylaw No. 7925, 2017, Amendment Bylaw (Transit",Main motion,Carried,5,0,2,,,In favour,Absent,In favour,In favour,In favour,Absent,In favour,Housing & density; Development; Transportation,,,,https://pub-newwestcity.escribemeetings.com/FileStream.ashx?DocumentId=26631,https://pub-newwestcity.escribemeetings.com/Players/ISIStandAlonePlayer.aspx?Id=f70ef6d5-3296-4d1f-b214-544760725b50,https://councilrecord.ca/newwest.html#vote/ady4rj,"THAT Official Community Plan Bylaw No. 7925, 2017, Amendment Bylaw (Transit Oriented Development Area Extensions and Regional Planning) No. 8574, 2026 be adopted."
2026-08-31,Council Meeting,,"Zoning Bylaw No. 6680, 2001, Amendment Bylaw (Electrical Vehicle Charging",Main motion,Carried,7,0,0,,,In favour,In favour,In favour,In favour,In favour,In favour,In favour,Development,,,,https://pub-newwestcity.escribemeetings.com/FileStream.ashx?DocumentId=26631,https://pub-newwestcity.escribemeetings.com/Players/ISIStandAlonePlayer.aspx?Id=f70ef6d5-3296-4d1f-b214-544760725b50,https://councilrecord.ca/newwest.html#vote/1b4670s,"THAT Zoning Bylaw No. 6680, 2001, Amendment Bylaw (Electrical Vehicle Charging Service Station) No. 8581, 2026 be adopted."
2026-08-31,Council Meeting,,"Housing Agreement Amendment Bylaw (612 Seventh Avenue) No. 8596, 2026",Main motion,Carried,6,0,1,,,In favour,In favour,Absent,In favour,In favour,In favour,In favour,Housing & density,,,,https://pub-newwestcity.escribemeetings.com/FileStream.ashx?DocumentId=26631,https://pub-newwestcity.escribemeetings.com/Players/ISIStandAlonePlayer.aspx?Id=f70ef6d5-3296-4d1f-b214-544760725b50,https://councilrecord.ca/newwest.html#vote/1f7p1jk,"THAT Housing Agreement Amendment Bylaw (612 Seventh Avenue) No. 8596, 2026 be adopted."
2026-09-21,Council Meeting,,"Items No. 4.1 through No. 4.1 3 be adopted by general consent , with the removal of I…",Main motion,Carried,6,0,1,,,In favour,In favour,In favour,In favour,In favour,In favour,Absent,Other,,,,https://pub-newwestcity.escribemeetings.com/FileStream.ashx?DocumentId=26733,https://pub-newwestcity.escribemeetings.com/Players/ISIStandAlonePlayer.aspx?Id=03bb8863-3cd2-4ee5-9b5c-ee8b9adbd33b,https://councilrecord.ca/newwest.html#vote/1qotwaj,"THAT Items No. 4.1 through No. 4.1 3 be adopted by general consent , with the removal of Item No. 4.5."
2026-09-21,Council Meeting,,Appointment of Corporate Officer,Main motion,Carried,6,0,1,,,In favour,In favour,In favour,In favour,In favour,In favour,Absent,Governance & elections,,,,https://pub-newwestcity.escribemeetings.com/FileStream.ashx?DocumentId=26733,,https://councilrecord.ca/newwest.html#vote/90tt68,"THAT Katrina Leckovic be appointed as Corporate Officer for the City of New Westminster for the purposes of carrying out statutory duties as prescribed in Section 148 of the Community Charter, effective September 22, 2026."
2026-09-21,Council Meeting,,Cultural Observances and Acknowledgements Policy,Main motion,Carried,6,0,1,,,In favour,In favour,In favour,In favour,In favour,In favour,Absent,Governance & elections,,,,https://pub-newwestcity.escribemeetings.com/FileStream.ashx?DocumentId=26733,,https://councilrecord.ca/newwest.html#vote/1f6you0,"THAT the Cultural Observances and Recognition Policy, included as Attachment 1 to the report titled “Cultural Observances and Recognition Policy” dated September 21, 2026, from the Director, Community Services, and the Acting Director, Human Resources, be adopted."
2026-09-21,Council Meeting,,Grimston Park Master Plan,Main motion,Carried,6,0,1,,,In favour,In favour,In favour,In favour,In favour,In favour,Absent,Development; Taxes & spending; Parks & recreation,1 of 2,,,https://pub-newwestcity.escribemeetings.com/FileStream.ashx?DocumentId=26733,,https://councilrecord.ca/newwest.html#vote/1owprtp,"THAT the $2.5M 2026 quarterly capital budget adjustments and $247.2M Proposed Revised Multi-Year Capital budget as outlined in the report titled “2026 Capital and Operating Q2 Performance Report” dated September 21, 2026, from the Director, Finance and IT, be approved."
2026-09-21,Council Meeting,,Local Government Climate Action Program 2025 Reporting Year and Corporate,Procedural,Carried,6,0,1,,,In favour,In favour,In favour,In favour,In favour,In favour,Absent,Environment & climate; Governance & elections,,,,https://pub-newwestcity.escribemeetings.com/FileStream.ashx?DocumentId=26733,,https://councilrecord.ca/newwest.html#vote/1dv0po5,"THAT the report titled “Local Government Climate Action Program 2025 Reporting Year and Corporate Emissions Inventory Update”, dated September 21, 2026 from the Director, Energy and Climate Action, be received for information."
2026-09-21,Council Meeting,,Digitally Accelerated Standardized Housing (DASH) Program,Main motion,Carried,6,0,1,,,In favour,In favour,In favour,In favour,In favour,In favour,Absent,Housing & density; Neighbourhood character; Business & economy,,,,https://pub-newwestcity.escribemeetings.com/FileStream.ashx?DocumentId=26733,,https://councilrecord.ca/newwest.html#vote/13h7kmn,"THAT Council endorse staff proceeding with the City’s consideration of participation in BC Housing’s Digital Accelerated Standardized Housing (DASH) Program – First Cohort, including submission of an expression of interest by the September 30, 2026 deadline, should staff determine that participation is appropriate following the September 23 information session."
2026-09-21,Council Meeting,,Grimston Park Master Plan,Main motion,Carried,5,1,1,,,In favour,Against,In favour,In favour,In favour,In favour,Absent,Development; Parks & recreation,2 of 2,Vote on the main motion after an amendment or referral was dealt with.,,https://pub-newwestcity.escribemeetings.com/FileStream.ashx?DocumentId=26733,https://pub-newwestcity.escribemeetings.com/Players/ISIStandAlonePlayer.aspx?Id=03bb8863-3cd2-4ee5-9b5c-ee8b9adbd33b,https://councilrecord.ca/newwest.html#vote/nzx1ol,The question on the referral motion
2026-09-21,Council Meeting,,"Community Services Fees and Charges Bylaw No. 8529, 2025 Amendment Bylaw",Main motion,Carried,6,0,1,,,In favour,In favour,In favour,In favour,In favour,In favour,Absent,Development; Taxes & spending,1 of 2,,,https://pub-newwestcity.escribemeetings.com/FileStream.ashx?DocumentId=26733,https://pub-newwestcity.escribemeetings.com/Players/ISIStandAlonePlayer.aspx?Id=03bb8863-3cd2-4ee5-9b5c-ee8b9adbd33b,https://councilrecord.ca/newwest.html#vote/xr74ea,"THAT Community Services Fees and Charges Bylaw No. 8529, 2025 Amendment Bylaw No. 8589, 2026 be adopted."
2026-09-21,Council Meeting,,"Community Services Fees and Charges Bylaw No. 8529, 2025 Amendment Bylaw",Main motion,Carried,6,0,1,,,In favour,In favour,In favour,In favour,In favour,In favour,Absent,Development; Taxes & spending,2 of 2,,,https://pub-newwestcity.escribemeetings.com/FileStream.ashx?DocumentId=26733,https://pub-newwestcity.escribemeetings.com/Players/ISIStandAlonePlayer.aspx?Id=03bb8863-3cd2-4ee5-9b5c-ee8b9adbd33b,https://councilrecord.ca/newwest.html#vote/1rtclfd,"THAT 2027 Permissive Property Tax Exemption Bylaw No. 8592, 2026 be adopted."
2026-09-21,Council Meeting,,"Bylaw Notice Enforcement Bylaw No. 7318, 2009, Amendment Bylaw [Erosion and",Main motion,Carried,6,0,1,,,In favour,In favour,In favour,In favour,In favour,In favour,Absent,Development,,,,https://pub-newwestcity.escribemeetings.com/FileStream.ashx?DocumentId=26733,https://pub-newwestcity.escribemeetings.com/Players/ISIStandAlonePlayer.aspx?Id=03bb8863-3cd2-4ee5-9b5c-ee8b9adbd33b,https://councilrecord.ca/newwest.html#vote/1hukpyw,"THAT Bylaw Notice Enforcement Bylaw No. 7318, 2009, Amendment Bylaw [Erosion and Sediment Control Bylaw No. 8600, 2026] No. 8598, 2026 be adopted."
2026-09-21,Council Meeting,,"Municipal Ticket Information Bylaw No. 8077, 2019, Amendment Bylaw [Erosion",Main motion,Carried,6,0,1,,,In favour,In favour,In favour,In favour,In favour,In favour,Absent,Development; Neighbourhood character,,,,https://pub-newwestcity.escribemeetings.com/FileStream.ashx?DocumentId=26733,https://pub-newwestcity.escribemeetings.com/Players/ISIStandAlonePlayer.aspx?Id=03bb8863-3cd2-4ee5-9b5c-ee8b9adbd33b,https://councilrecord.ca/newwest.html#vote/9pil2q,"THAT Municipal Ticket Information Bylaw No. 8077, 2019, Amendment Bylaw [Erosion and Sediment Control Bylaw No. 8600, 2026] No. 8599, 2026 be adopted."
2026-09-21,Council Meeting,,"Erosion and Sediment Control Bylaw No. 8600, 2026",Main motion,Carried,6,0,1,,,In favour,In favour,In favour,In favour,In favour,In favour,Absent,Development,,,,https://pub-newwestcity.escribemeetings.com/FileStream.ashx?DocumentId=26733,https://pub-newwestcity.escribemeetings.com/Players/ISIStandAlonePlayer.aspx?Id=03bb8863-3cd2-4ee5-9b5c-ee8b9adbd33b,https://councilrecord.ca/newwest.html#vote/5hotta,"THAT Erosion and Sediment Control Bylaw No. 8600, 2026 be adopted."
2026-09-21,Council Meeting,,"Subdivision and Development Control Bylaw No. 7142, 2007, Amendment Bylaw",Main motion,Carried,6,0,1,,,In favour,In favour,In favour,In favour,In favour,In favour,Absent,Development,,,,https://pub-newwestcity.escribemeetings.com/FileStream.ashx?DocumentId=26733,https://pub-newwestcity.escribemeetings.com/Players/ISIStandAlonePlayer.aspx?Id=03bb8863-3cd2-4ee5-9b5c-ee8b9adbd33b,https://councilrecord.ca/newwest.html#vote/1qkqbnv,"THAT Subdivision and Development Control Bylaw No. 7142, 2007, Amendment Bylaw No. 8602, 2026 be adopted."
