Date,Meeting,Agenda item,Title,Type of motion,Result,In favour,Against,Absent,Moved by,Seconded by,Nicole MacDonald,Tracy Elke,Alison Evans,Mike Hayes,Mike Manion,Bob Meachen,Gwen O'Connell,Topics,Vote number under this heading,Note,Source discrepancy,Official record,Meeting video,Link to this vote,Motion text
2023-01-17,Public Council,J,CONSENT AGENDA,Main motion,Carried,7,0,0,,,In favour,In favour,In favour,In favour,In favour,In favour,In favour,Development; Business & economy; Governance & elections,,,,https://pub-pittmeadows.escribemeetings.com/filestream.ashx?DocumentId=13580,https://pub-pittmeadows.escribemeetings.com/Players/ISIStandAlonePlayer.aspx?Id=47f78bf4-894c-499a-80e3-ed52808a6362,https://councilrecord.ca/pittmeadows.html#vote/149d7nl,"THAT the following items be received into the record: J.1 City Letter to the Agricultural Land Commission [""ALC""] regarding the Otter Co- op J.2 Premier David Eby's Mandate Letter J.3 2023 Metro Vancouver Committee Appointments J.4 Air Quality Monitoring Report for 2019 J.5 Applications Open for Metro Vancouver Youth Education and Advisory Panel Items J.1, J.2 and J.3 were pulled for discussion. Following the discussion, the question was called on the main motion and it was:"
2023-01-17,Public Council,K.1,2023 Capital Project Pre-Approval,Main motion,Carried,7,0,0,,,In favour,In favour,In favour,In favour,In favour,In favour,In favour,Taxes & spending,,,,https://pub-pittmeadows.escribemeetings.com/filestream.ashx?DocumentId=13580,https://pub-pittmeadows.escribemeetings.com/Players/ISIStandAlonePlayer.aspx?Id=47f78bf4-894c-499a-80e3-ed52808a6362,https://councilrecord.ca/pittmeadows.html#vote/1wwvun3,"THAT Council: A. Approve the select 2023 capital projects as presented to Council in the ‘2023 Capital Project Pre - Approval’ staff report dated December 9, 2022."
2023-01-17,Public Council,K.2,2022 Food Truck Pilot Project Update,Main motion,Carried,7,0,0,,,In favour,In favour,In favour,In favour,In favour,In favour,In favour,Transportation; Environment & climate; Parks & recreation; Public services,,,,https://pub-pittmeadows.escribemeetings.com/filestream.ashx?DocumentId=13580,https://pub-pittmeadows.escribemeetings.com/Players/ISIStandAlonePlayer.aspx?Id=47f78bf4-894c-499a-80e3-ed52808a6362,https://councilrecord.ca/pittmeadows.html#vote/1oossio,"THAT Council: A. Endorse food truck vendors to operate in the designated spots at Harris Road Park, Pitt Meadows Athletic Park, and šxʷhék̓ ʷnə s (Spirit Square); AND B. Endorse food truck vendors at City sanctioned events, as well as private events being held on City owned lands where a rental agreement is in place; AND C. Endorse food truck vendors on private and residential properties for private events; AND D. Endorse food truck vendors on commercial property by a business owner/operator, assuming all parking requirements are met and emergency access is not hindered; AND E. Direct staff to charge $22.50 for a single day business license, until such time as the applicable bylaws can be updated; AND F. Direct staff to prepare amendments to the zoning bylaw, bylaw notice enforcement bylaw, and business license bylaw accordingly, for Council’s consideration."
2023-01-17,Public Council,K.3,Janitorial Services – Recommendation to Award,Main motion,Carried,7,0,0,,,In favour,In favour,In favour,In favour,In favour,In favour,In favour,Taxes & spending,,,,https://pub-pittmeadows.escribemeetings.com/filestream.ashx?DocumentId=13580,https://pub-pittmeadows.escribemeetings.com/Players/ISIStandAlonePlayer.aspx?Id=47f78bf4-894c-499a-80e3-ed52808a6362,https://councilrecord.ca/pittmeadows.html#vote/mw3f7k,"THAT Council: A. Direct staff to award the janitorial services contract to Hallmark Facility Services Inc. in the amount of $698,400.00."
2023-01-17,Public Council,K.4,Pitt Meadows 2021 Census of Population Profile,Main motion,Carried,7,0,0,,,In favour,In favour,In favour,In favour,In favour,In favour,In favour,Environment & climate,,,,https://pub-pittmeadows.escribemeetings.com/filestream.ashx?DocumentId=13580,https://pub-pittmeadows.escribemeetings.com/Players/ISIStandAlonePlayer.aspx?Id=47f78bf4-894c-499a-80e3-ed52808a6362,https://councilrecord.ca/pittmeadows.html#vote/19ywezq,THAT Council: A. Receive for information the staff report entitled “Pitt Meadows 2021 Census of Population Profile”.
2023-01-17,Public Council,K.5,Q1 2023 Strategic Priorities Quarterly Report,Main motion,Carried,7,0,0,,,In favour,In favour,In favour,In favour,In favour,In favour,In favour,Other,,,,https://pub-pittmeadows.escribemeetings.com/filestream.ashx?DocumentId=13580,https://pub-pittmeadows.escribemeetings.com/Players/ISIStandAlonePlayer.aspx?Id=47f78bf4-894c-499a-80e3-ed52808a6362,https://councilrecord.ca/pittmeadows.html#vote/f44gtf,"THAT Council: A. Approve the operational strategies for Q1 2023 as presented to Council on January 17, 2023."
2023-01-17,Public Council,L.1,Third Reading Extension for 19072 Advent Road,Main motion,Carried,7,0,0,,,In favour,In favour,In favour,In favour,In favour,In favour,In favour,Housing & density; Development; Taxes & spending,,,,https://pub-pittmeadows.escribemeetings.com/filestream.ashx?DocumentId=13580,https://pub-pittmeadows.escribemeetings.com/Players/ISIStandAlonePlayer.aspx?Id=47f78bf4-894c-499a-80e3-ed52808a6362,https://councilrecord.ca/pittmeadows.html#vote/ab2bnu,"THAT Council: A. Grant a final six month extension to the completion period for Official Community Plan Amendment Bylaw No. 2895, 2021 and Zoning Amendment Bylaw No. 2894, 2021 for 19072 Advent Road as permitted under Part 11 Section 49 of the City’s Development Procedures Bylaw No. 2740, 2016."
2023-01-17,Public Council,L.2,"Parks, Recreation and Culture Fees and Charges – Bylaw and Policy Updates",Amendment,Carried,7,0,0,,,In favour,In favour,In favour,In favour,In favour,In favour,In favour,Taxes & spending; Parks & recreation,1 of 2,,,https://pub-pittmeadows.escribemeetings.com/filestream.ashx?DocumentId=13580,https://pub-pittmeadows.escribemeetings.com/Players/ISIStandAlonePlayer.aspx?Id=47f78bf4-894c-499a-80e3-ed52808a6362,https://councilrecord.ca/pittmeadows.html#vote/c88nzz,"THAT Council AMEND the Parks, Recreation and Culture Fees and Charges Bylaw No. 2935, 2023 to include reference to hourly rates on Schedules B and C."
2023-01-17,Public Council,L.2,"Parks, Recreation and Culture Fees and Charges – Bylaw and Policy Updates",Main motion,Carried,7,0,0,,,In favour,In favour,In favour,In favour,In favour,In favour,In favour,Taxes & spending; Parks & recreation,2 of 2,,,https://pub-pittmeadows.escribemeetings.com/filestream.ashx?DocumentId=13580,https://pub-pittmeadows.escribemeetings.com/Players/ISIStandAlonePlayer.aspx?Id=47f78bf4-894c-499a-80e3-ed52808a6362,https://councilrecord.ca/pittmeadows.html#vote/34k93n,"THAT Council grant second and third readings to the Parks, Recreation and Culture Fees and Charges Bylaw No. 2935, 2023 as amended."
2023-01-24,Public Council,J.1,Civic Centre Access and Parking,Main motion,Carried,7,0,0,,,In favour,In favour,In favour,In favour,In favour,In favour,In favour,Transportation,,,,https://pub-pittmeadows.escribemeetings.com/filestream.ashx?DocumentId=13574,https://pub-pittmeadows.escribemeetings.com/Players/ISIStandAlonePlayer.aspx?Id=24f26a07-da2f-49b1-bf4e-cdea446daabb,https://councilrecord.ca/pittmeadows.html#vote/5s4ult,"THAT Council: A. Endorse the proposed changes to parking and access in the Civic Centre, as outlined in the staff report titled “Civic Centre Access and Parking” and dated January 17, 2023; AND B. Direct staff to prepare an implementation plan, including a communications strategy, to be incorporated into the 2024 business planning and budgeting cycle; AND C. Approve for implementation in 2023, the proposed changes to parking and access in the Civic Centre as identified under initial strategies, numbers 7, 10 and 11."
2023-01-24,Public Council,J.2,Metro Vancouver Non-Market Housing and Childcare Project at 19085 119B Avenue Update,Main motion,Carried,7,0,0,,,In favour,In favour,In favour,In favour,In favour,In favour,In favour,Housing & density; Public services; Governance & elections,,,,https://pub-pittmeadows.escribemeetings.com/filestream.ashx?DocumentId=13574,https://pub-pittmeadows.escribemeetings.com/Players/ISIStandAlonePlayer.aspx?Id=24f26a07-da2f-49b1-bf4e-cdea446daabb,https://councilrecord.ca/pittmeadows.html#vote/1wb249f,"THAT Council: A. Receive for information the ‘Metro Vancouver Non -market Housing and Childcare Project at 19085 119B Avenue Update’ staff report as presented at the January 24, 2023 Public Meeting of Council; AND B. REFER the project to the Advisory Design Panel for their feedback on design elements."
2023-01-24,Public Council,K.1,"Updates to the Discharge of Firearms Bylaw No. 647, 1975",Main motion,Carried,7,0,0,,,In favour,In favour,In favour,In favour,In favour,In favour,In favour,Taxes & spending; Public services,,,,https://pub-pittmeadows.escribemeetings.com/filestream.ashx?DocumentId=13574,https://pub-pittmeadows.escribemeetings.com/Players/ISIStandAlonePlayer.aspx?Id=24f26a07-da2f-49b1-bf4e-cdea446daabb,https://councilrecord.ca/pittmeadows.html#vote/d78bva,"THAT Council: A. Grant first, second, and third readings to the Discharge of Firearms Amendment Bylaw No. 2938, 2023; AND B. Direct Staff to amend the Bylaw Notice Enforcement Bylaw No. 2439, 2009, to include fines for offences pertaining to the Discharge of Firearms Bylaw; AND C. Direct Staff to include a review of the hunting areas on the dikes, as part of the 2024 Business Plan."
2023-01-24,Public Council,K.2,"Parks, Recreation and Culture Fees and Charges Bylaw No. 2935, 2023",Main motion,Carried,7,0,0,,,In favour,In favour,In favour,In favour,In favour,In favour,In favour,Taxes & spending; Parks & recreation,,,,https://pub-pittmeadows.escribemeetings.com/filestream.ashx?DocumentId=13574,https://pub-pittmeadows.escribemeetings.com/Players/ISIStandAlonePlayer.aspx?Id=24f26a07-da2f-49b1-bf4e-cdea446daabb,https://councilrecord.ca/pittmeadows.html#vote/1vxwl7p,"THAT Council: A. Adopt Parks, Recreation and Culture Fees and Charges Bylaw No. 2935, 2023."
2023-02-07,Public Council,J.1,2022 Fourth Quarter Report to the Community,Main motion,Carried,7,0,0,,,In favour,In favour,In favour,In favour,In favour,In favour,In favour,Other,,,,https://pub-pittmeadows.escribemeetings.com/filestream.ashx?DocumentId=13579,https://pub-pittmeadows.escribemeetings.com/Players/ISIStandAlonePlayer.aspx?Id=279a15ac-7bd3-4a09-b1c1-fe6dd4ddb95e,https://councilrecord.ca/pittmeadows.html#vote/xq8qui,"THAT Council: A. Receive for information the 2022 Fourth Quarter Report to the Community highlighting the work and accomplishments of the City between October 1 and December 31, 2022."
2023-02-07,Public Council,K.1,Official Community Plan and Zoning Amendment Application for 19049 Mitchell Road,Main motion,Defeated,0,0,0,,,No recorded vote,No recorded vote,No recorded vote,No recorded vote,No recorded vote,No recorded vote,No recorded vote,Housing & density; Development; Taxes & spending,,"The minutes record this motion as defeated without naming who voted against it, so individual votes are not shown.",,https://pub-pittmeadows.escribemeetings.com/filestream.ashx?DocumentId=13579,https://pub-pittmeadows.escribemeetings.com/Players/ISIStandAlonePlayer.aspx?Id=279a15ac-7bd3-4a09-b1c1-fe6dd4ddb95e,https://councilrecord.ca/pittmeadows.html#vote/akzfwa,"THAT Council: A. Grant third reading to Official Community Plan Amendment Bylaw No. 2930, 2022; AND B. Grant third reading to Zoning Amendment Bylaw No. 2929, 2022; AND C. Require the following conditions be fulfilled prior to adoption of Zoning Amendment Bylaw No. 2929, 2022; 1. Payment of $4,500 Residential Amenity Contribution as offered by the developer."
2023-02-07,Public Council,K.2,Rezoning Application for 11898 Baynes Road,Main motion,Carried,6,1,0,,,In favour,In favour,In favour,In favour,Against,In favour,In favour,Housing & density; Development,,,,https://pub-pittmeadows.escribemeetings.com/filestream.ashx?DocumentId=13579,https://pub-pittmeadows.escribemeetings.com/Players/ISIStandAlonePlayer.aspx?Id=279a15ac-7bd3-4a09-b1c1-fe6dd4ddb95e,https://councilrecord.ca/pittmeadows.html#vote/15u9kni,"THAT Council: A. Approve amendments to Zoning Amendment Bylaw No. 2932, 2022 as presented at the February 7, 2023 meeting."
2023-02-07,Public Council,M,NOTICE OF CLOSED MEETING,Main motion,Carried,7,0,0,,,In favour,In favour,In favour,In favour,In favour,In favour,In favour,Governance & elections,,,,https://pub-pittmeadows.escribemeetings.com/filestream.ashx?DocumentId=13579,https://pub-pittmeadows.escribemeetings.com/Players/ISIStandAlonePlayer.aspx?Id=279a15ac-7bd3-4a09-b1c1-fe6dd4ddb95e,https://councilrecord.ca/pittmeadows.html#vote/1m1i1j8,"THAT the Strategic Planning Session for City Council scheduled for February 23-24, 2023 be closed to the public as the subject matter being considered relates to labour relations, land improvements, the proposed provision of municipal services, and inter-governmental negotiations under sections 90.1 (c), (e), (k) and 90.2 (b) of the Community Charter."
2023-02-28,Public Council,H.1,RCMP Update,Main motion,Carried,6,0,1,,,In favour,In favour,In favour,In favour,In favour,Absent,In favour,Environment & climate; Public services; Governance & elections,,,,https://pub-pittmeadows.escribemeetings.com/filestream.ashx?DocumentId=13785,https://pub-pittmeadows.escribemeetings.com/Players/ISIStandAlonePlayer.aspx?Id=2b13a52c-06ca-4ce3-9e79-71ca4c8046b9,https://councilrecord.ca/pittmeadows.html#vote/18xr3nl,"THAT Council: A. Direct staff to submit a written Approval in Principle Letter to the RCMP “E” D ivision, by June 15, 2023, approving one additional resource (24th position) for Pitt Meadows RCMP, to commence in 2025."
2023-02-28,Public Council,J,CONSENT AGENDA,Main motion,Carried,6,0,1,,,In favour,In favour,In favour,In favour,In favour,Absent,In favour,Public services; Business & economy; Governance & elections,,,,https://pub-pittmeadows.escribemeetings.com/filestream.ashx?DocumentId=13785,https://pub-pittmeadows.escribemeetings.com/Players/ISIStandAlonePlayer.aspx?Id=2b13a52c-06ca-4ce3-9e79-71ca4c8046b9,https://councilrecord.ca/pittmeadows.html#vote/7bkj43,THAT the following items be received into the record: J.1 Nomination to Metro Vancouver Agricultural Advisory Committee J.2 New Federal Electoral District Boundaries J.3 UBCM Meeting with BC RCMP
2023-02-28,Public Council,K.1,Building Permit Awareness Campaign,Main motion,Carried,6,0,1,,,In favour,In favour,In favour,In favour,In favour,Absent,In favour,Other,,,,https://pub-pittmeadows.escribemeetings.com/filestream.ashx?DocumentId=13785,https://pub-pittmeadows.escribemeetings.com/Players/ISIStandAlonePlayer.aspx?Id=2b13a52c-06ca-4ce3-9e79-71ca4c8046b9,https://councilrecord.ca/pittmeadows.html#vote/1lnpph1,"THAT Council: A. Receive for information the staff report entitled “Building Permit Awareness Campaign” dated February 3, 2023."
2023-02-28,Public Council,K.2,"Summary of Annual Renewal, Leases and Licenses to Occupy Municipally Owned Property and Park Caretaker Agreements",Main motion,Carried,6,0,1,,,In favour,In favour,In favour,In favour,In favour,Absent,In favour,Parks & recreation; Business & economy,,,,https://pub-pittmeadows.escribemeetings.com/filestream.ashx?DocumentId=13785,https://pub-pittmeadows.escribemeetings.com/Players/ISIStandAlonePlayer.aspx?Id=2b13a52c-06ca-4ce3-9e79-71ca4c8046b9,https://councilrecord.ca/pittmeadows.html#vote/e2zxhe,"THAT Council: A. Direct staff to pursue or renew agreements as outlined in Attachment A of the Summary of Annual Renewal Leases, Licences to Occupy Municipally Owned Property and Park Caretaker Agreements report dated February 17, 2023 ; AND B. Approve a 6.8% CPI increase to agreements that have an annual CPI increase stated within the existing agreement terms; AND C. Approve the reclamation of space in the Annex Building currently occupied by BC Emergency Health Services to create additional office space for City staff."
2023-02-28,Public Council,K.3,Updates to Agricultural Land Commission Policies,Main motion,Carried,4,2,1,,,In favour,In favour,In favour,Against,In favour,Absent,Against,Development; Business & economy,,,,https://pub-pittmeadows.escribemeetings.com/filestream.ashx?DocumentId=13785,https://pub-pittmeadows.escribemeetings.com/Players/ISIStandAlonePlayer.aspx?Id=2b13a52c-06ca-4ce3-9e79-71ca4c8046b9,https://councilrecord.ca/pittmeadows.html#vote/1htpo33,"THAT Council: A. Receive for information the report titled, “Updates to Agricultural Land Commission Policies” presented at the February 28, 2023 Public Council Meeting; AND B. Resolve that all requests to exclude land from the Agricultural Land Reserve by private landowners be deferred until a Council Policy is developed to address these requests and plan for creation of a policy in the 2024 Business Plan; AND C. Direct staff to prepare bylaws to limit farm retail sales area to a maximum gross floor area of 300 m²; AND D. Direct staff to include in the forthcoming Council policy for Cannabis Retail Stores the preference that cannabis retail stores be located within the urban area."
2023-02-28,Public Council,L.1,Development Variance Permit Application for Signage at 12150 Golden Ears Way,Main motion,Carried,6,0,1,,,In favour,In favour,In favour,In favour,In favour,Absent,In favour,Development,,,,https://pub-pittmeadows.escribemeetings.com/filestream.ashx?DocumentId=13785,https://pub-pittmeadows.escribemeetings.com/Players/ISIStandAlonePlayer.aspx?Id=2b13a52c-06ca-4ce3-9e79-71ca4c8046b9,https://councilrecord.ca/pittmeadows.html#vote/13u6qos,"THAT Council: A. Approve the issuance of Development Variance Permit No. 2023-002 for th 12150 Golden Ears Way as presented at the February 28 , 2023 Regular Meeting of Council."
2023-02-28,Public Council,L.2,Metro Vancouver Non-market Housing and Childcare Project at 19085 119B Avenue,Main motion,Carried,6,0,1,,,In favour,In favour,In favour,In favour,In favour,Absent,In favour,Housing & density; Development; Taxes & spending; Public services; Governance & elections,,,,https://pub-pittmeadows.escribemeetings.com/filestream.ashx?DocumentId=13785,https://pub-pittmeadows.escribemeetings.com/Players/ISIStandAlonePlayer.aspx?Id=2b13a52c-06ca-4ce3-9e79-71ca4c8046b9,https://councilrecord.ca/pittmeadows.html#vote/16t2su7,"THAT Council: A. Grant third reading and adopt Zoning Amendment Bylaw No. 2927, 2022, which if adopted would permit the rezoning of the property at 19085 119B Ave to facilitate development of Metro Vancouver’s non -market housing and childcare project; AND B. Adopt Development Cost Charges Reduction Bylaw No. 2928, 2022."
2023-02-28,Public Council,L.3,"Discharge of Firearms Bylaw Amendment No. 2938, 2023",Main motion,Carried,6,0,1,,,In favour,In favour,In favour,In favour,In favour,Absent,In favour,Public services,,,,https://pub-pittmeadows.escribemeetings.com/filestream.ashx?DocumentId=13785,https://pub-pittmeadows.escribemeetings.com/Players/ISIStandAlonePlayer.aspx?Id=2b13a52c-06ca-4ce3-9e79-71ca4c8046b9,https://councilrecord.ca/pittmeadows.html#vote/1ot8gmn,"THAT Council: A. Adopt the Discharge of Firearms Amendment Bylaw No. 2938, 2023."
2023-03-07,Public Council,K.1,2022 Investment Update,Main motion,Carried,7,0,0,,,In favour,In favour,In favour,In favour,In favour,In favour,In favour,Other,,,,https://pub-pittmeadows.escribemeetings.com/filestream.ashx?DocumentId=13916,https://pub-pittmeadows.escribemeetings.com/Players/ISIStandAlonePlayer.aspx?Id=de8be385-d7ab-4e2c-b95e-b6776731ac14,https://councilrecord.ca/pittmeadows.html#vote/1bkge1u,"THAT Council: A. Receive for information the 2022 Investment Update staff report dated February 27, 2023."
2023-03-07,Public Council,K.2,Agricultural Plan Update Scoping Report,Main motion,Carried,7,0,0,,,In favour,In favour,In favour,In favour,In favour,In favour,In favour,Business & economy,,,,https://pub-pittmeadows.escribemeetings.com/filestream.ashx?DocumentId=13916,https://pub-pittmeadows.escribemeetings.com/Players/ISIStandAlonePlayer.aspx?Id=de8be385-d7ab-4e2c-b95e-b6776731ac14,https://councilrecord.ca/pittmeadows.html#vote/13gflxd,"THAT Council: A. Receive for information the report titled “Agricultural Plan Update Scoping Report” dated February 27, 2023, providing the project scope for the Agricultural Plan Update."
2023-03-07,Public Council,L.1,Council Policy and Bylaw Amendments for Cannabis Retail Licence Applications,Main motion,Carried,6,1,0,,,In favour,In favour,In favour,In favour,In favour,In favour,Against,Taxes & spending; Neighbourhood character; Business & economy; Governance & elections,,,,https://pub-pittmeadows.escribemeetings.com/filestream.ashx?DocumentId=13916,https://pub-pittmeadows.escribemeetings.com/Players/ISIStandAlonePlayer.aspx?Id=de8be385-d7ab-4e2c-b95e-b6776731ac14,https://councilrecord.ca/pittmeadows.html#vote/16islpd,"THAT Council: A. Approve Council Policy No. C108; AND B. Grant first, second and third readings to Business Licensing and Regulation Amendment Bylaw No. 2933, 2023; AND C. Grant first, second and third readings to Development Application Fee Amendment Bylaw No. 2934, 2023."
2023-03-07,Public Council,L.2,Council Procedure Bylaw,Main motion,Carried,7,0,0,,,In favour,In favour,In favour,In favour,In favour,In favour,In favour,Taxes & spending; Governance & elections,,,,https://pub-pittmeadows.escribemeetings.com/filestream.ashx?DocumentId=13916,https://pub-pittmeadows.escribemeetings.com/Players/ISIStandAlonePlayer.aspx?Id=de8be385-d7ab-4e2c-b95e-b6776731ac14,https://councilrecord.ca/pittmeadows.html#vote/qyuvtd,"THAT Council: A. Grant first, second and third readings to Council Procedure Bylaw No. 2939, 2023; AND B. Direct staff to give public notice pursuant to section 124.3 the Community Charter that Council will consider adoption of their new Procedure Bylaw at the April 4, 2023 regular meeting of Council."
2023-03-28,Public Council,H.1,2023 Financial Plan and Utility Fees Bylaws,Main motion,Carried,7,0,0,,,In favour,In favour,In favour,In favour,In favour,In favour,In favour,Taxes & spending; Public services,,,,https://pub-pittmeadows.escribemeetings.com/filestream.ashx?DocumentId=13985,https://pub-pittmeadows.escribemeetings.com/Players/ISIStandAlonePlayer.aspx?Id=aaccf630-8012-4285-9fca-566b9f4396ff,https://councilrecord.ca/pittmeadows.html#vote/1tz1wy7,"THAT Council: A. Approve updated Policy C049 – Revenue and Taxation for inclusion as an attachment in the 2023 to 2027 Financial Plan Bylaw No. 2949, 2023 as required by the Community Charter; AND B. Grant first, second, and third readings to the 2023 – 2027 Financial Plan Bylaw No. 2949, 2023; AND C. Grant first, second and third readings to the Drainage System Protection Amendment Bylaw No. 2947, 2023; AND D. Grant first, second and third readings to the Sanitary Sewer and Drainage Amendment Bylaw No. 2945, 2023; AND E. Grant first, second and third readings to the Solid Waste Collection and Disposal Amendment Bylaw No. 2946, 2023; AND F. Grant first, second and third readings to the Waterworks Amendment Bylaw No. 2944, 2023."
2023-03-28,Public Council,H.2,Rezoning Application for 12051 Bonson Road,Main motion,Carried,7,0,0,,,In favour,In favour,In favour,In favour,In favour,In favour,In favour,Housing & density; Development; Taxes & spending,,,,https://pub-pittmeadows.escribemeetings.com/filestream.ashx?DocumentId=13985,https://pub-pittmeadows.escribemeetings.com/Players/ISIStandAlonePlayer.aspx?Id=aaccf630-8012-4285-9fca-566b9f4396ff,https://councilrecord.ca/pittmeadows.html#vote/1odph4r,"THAT Council: A. Grant first and second readings to Zoning Amendment Bylaw No. 2941, 2023 to rezone the property at 12051 Bonson Road from R-1 (Medium Lot Residential) to R-2 (Small Lot Residential); AND B. Direct Staff to schedule a Public Hearing for an upcoming Meeting of Council."
2023-03-28,Public Council,H.3,Official Community Plan and Zoning Bylaw Amendments for the New RCMP Site,Main motion,Carried,7,0,0,,,In favour,In favour,In favour,In favour,In favour,In favour,In favour,Housing & density; Development; Taxes & spending; Public services,,,,https://pub-pittmeadows.escribemeetings.com/filestream.ashx?DocumentId=13985,https://pub-pittmeadows.escribemeetings.com/Players/ISIStandAlonePlayer.aspx?Id=aaccf630-8012-4285-9fca-566b9f4396ff,https://councilrecord.ca/pittmeadows.html#vote/1wkkmks,"THAT Council: A. Waive the requirement for a Development Information Meeting related to the new RCMP detachment site; AND B. Grant first and second readings to Official Community Plan Amendment Bylaw No. 2942, 2023; AND C. Grant first and second readings to Zoning Amendment Bylaw No. 2943, 2023; AND D. Schedule a public hearing for an upcoming public Council meeting."
2023-03-28,Public Council,H.4,Rezoning Application for 11898 Baynes Road,Main motion,Carried,6,1,0,,,In favour,In favour,In favour,In favour,Against,In favour,In favour,Housing & density; Development; Taxes & spending,,,,https://pub-pittmeadows.escribemeetings.com/filestream.ashx?DocumentId=13985,https://pub-pittmeadows.escribemeetings.com/Players/ISIStandAlonePlayer.aspx?Id=aaccf630-8012-4285-9fca-566b9f4396ff,https://councilrecord.ca/pittmeadows.html#vote/f0a3kk,"THAT Council: A. Grant third reading, as amended, and adopt Zoning Amendment Bylaw No. 2932, 2022, which if adopted would permit the rezoning of the property at 11898 Baynes Road to facilitate construction of an additional residence in the Agricultural Land Reserve."
2023-04-04,Public Council,H,CONSENT AGENDA,Main motion,Carried,7,0,0,,,In favour,In favour,In favour,In favour,In favour,In favour,In favour,Business & economy; Governance & elections,,,,https://pub-pittmeadows.escribemeetings.com/filestream.ashx?DocumentId=14158,https://pub-pittmeadows.escribemeetings.com/Players/ISIStandAlonePlayer.aspx?Id=4c30aa23-89d5-4132-8313-d2ebbac9943f,https://councilrecord.ca/pittmeadows.html#vote/1kpl1r0,THAT the following item be received into the record: H.1 Appointment to the 2023 – 2027 Metro Vancouver Agricultural Advisory Committee
2023-04-04,Public Council,I.1,Pitt Meadows Economic Development Corporation – Annual Business,Main motion,Carried,7,0,0,,,In favour,In favour,In favour,In favour,In favour,In favour,In favour,Environment & climate; Business & economy; Governance & elections,,,,https://pub-pittmeadows.escribemeetings.com/filestream.ashx?DocumentId=14158,https://pub-pittmeadows.escribemeetings.com/Players/ISIStandAlonePlayer.aspx?Id=4c30aa23-89d5-4132-8313-d2ebbac9943f,https://councilrecord.ca/pittmeadows.html#vote/hmn1pq,"THAT Council: A. Authorize the City, being the sole shareholder of the Pitt Meadows Economic Development Corporation (the “Company”), to consent to the written resolutions of the Company, as presented to Council at the April 4, 2023 public meeting, in lieu of holding an annual general meeting; AND B. Direct the City’s authorized signatories to sign the resolutions of the Company on behalf of the City of Pitt Meadows."
2023-04-04,Public Council,I.2,Q2 2023 Strategic Priorities Quarterly Report,Main motion,Carried,7,0,0,,,In favour,In favour,In favour,In favour,In favour,In favour,In favour,Other,,,,https://pub-pittmeadows.escribemeetings.com/filestream.ashx?DocumentId=14158,https://pub-pittmeadows.escribemeetings.com/Players/ISIStandAlonePlayer.aspx?Id=4c30aa23-89d5-4132-8313-d2ebbac9943f,https://councilrecord.ca/pittmeadows.html#vote/1elf4gz,"THAT Council: A. Approve the operational strategies for Q2 2023 as presented to Council on April 4, 2023."
2023-04-04,Public Council,J.1,2023 Financial Plan and Utility Fees Bylaws,Main motion,Carried,7,0,0,,,In favour,In favour,In favour,In favour,In favour,In favour,In favour,Taxes & spending; Public services,,,,https://pub-pittmeadows.escribemeetings.com/filestream.ashx?DocumentId=14158,https://pub-pittmeadows.escribemeetings.com/Players/ISIStandAlonePlayer.aspx?Id=4c30aa23-89d5-4132-8313-d2ebbac9943f,https://councilrecord.ca/pittmeadows.html#vote/s6hj0m,"THAT Council: A. Adopt the 2023 – 2027 Financial Plan Bylaw No. 2949, 2023; AND B. Adopt the Drainage System Protection Amendment Bylaw No. 2947, 2023; AND C. Adopt the Sanitary Sewer and Drainage Amendment Bylaw No. 2945, 2023; AND D. Adopt the Solid Waste Collection and Disposal Amendment Bylaw No. 2946, 2023; AND E. Adopt the Waterworks Amendment Bylaw No. 2944, 2023."
2023-04-04,Public Council,J.2,Bylaw Updates for Cannabis Retail Sales,Main motion,Carried,6,1,0,,,In favour,In favour,In favour,In favour,In favour,In favour,Against,Neighbourhood character; Business & economy,,,,https://pub-pittmeadows.escribemeetings.com/filestream.ashx?DocumentId=14158,https://pub-pittmeadows.escribemeetings.com/Players/ISIStandAlonePlayer.aspx?Id=4c30aa23-89d5-4132-8313-d2ebbac9943f,https://councilrecord.ca/pittmeadows.html#vote/gazc0e,"THAT Council: A. Adopt Business Licensing and Regulation Amendment Bylaw No. 2933, 2023; AND B. Adopt Development Application Fee Amendment Bylaw No. 2934, 2023."
2023-04-04,Public Council,J.3,"Council Procedure Bylaw No. 2939, 2023",Main motion,Carried,7,0,0,,,In favour,In favour,In favour,In favour,In favour,In favour,In favour,Governance & elections,,,,https://pub-pittmeadows.escribemeetings.com/filestream.ashx?DocumentId=14158,https://pub-pittmeadows.escribemeetings.com/Players/ISIStandAlonePlayer.aspx?Id=4c30aa23-89d5-4132-8313-d2ebbac9943f,https://councilrecord.ca/pittmeadows.html#vote/jia5x2,"THAT Council: A. Adopt Council Procedure Bylaw No. 2939, 2023."
2023-04-25,Public Council,I,CONSENT AGENDA,Main motion,Carried,6,0,1,,,In favour,Absent,In favour,In favour,In favour,In favour,In favour,Taxes & spending; Governance & elections,,,,https://pub-pittmeadows.escribemeetings.com/filestream.ashx?DocumentId=14223,https://pub-pittmeadows.escribemeetings.com/Players/ISIStandAlonePlayer.aspx?Id=8569f453-a027-47c4-a256-65fe50a2edf3,https://councilrecord.ca/pittmeadows.html#vote/vpktb5,"THAT the following items be received into the record: I.1 CAMA Long Service Recognition Award I.2 Adoption of Metro 2050, the Updated Regional Growth Strategy I.3 2023 Committee Membership Update I.4 City's Response Letter to Vancouver Fraser Port Authority Items I.1 and I.4 were PULLED for discussion. Following the discussion, the question was then called on the main motion and it was:"
2023-04-25,Public Council,J.1,2023 Annual Tax Rates Bylaw,Main motion,Carried,6,0,1,,,In favour,Absent,In favour,In favour,In favour,In favour,In favour,Taxes & spending,,,,https://pub-pittmeadows.escribemeetings.com/filestream.ashx?DocumentId=14223,https://pub-pittmeadows.escribemeetings.com/Players/ISIStandAlonePlayer.aspx?Id=8569f453-a027-47c4-a256-65fe50a2edf3,https://councilrecord.ca/pittmeadows.html#vote/a296vn,"THAT Council: A. Grant first, second and third readings to the 2023 Annual Tax Rates Bylaw No. 2948, 2023."
2023-04-25,Public Council,J.2,Business Licensing and Regulation Amendment Bylaw,Main motion,Carried,5,0,2,,,In favour,Absent,Absent,In favour,In favour,In favour,In favour,Taxes & spending; Business & economy,,,,https://pub-pittmeadows.escribemeetings.com/filestream.ashx?DocumentId=14223,https://pub-pittmeadows.escribemeetings.com/Players/ISIStandAlonePlayer.aspx?Id=8569f453-a027-47c4-a256-65fe50a2edf3,https://councilrecord.ca/pittmeadows.html#vote/stvk9i,"THAT Council: A. Grant first, second and third readings as amended to the Business Licensing and Regulation Amendment Bylaw No. 2950, 2023; AND B. Direct Staff to provide notice to the public via the City’s website following third reading and prior to adoption; AND C. Direct Staff to amend the Bylaw Notice Enforcement Bylaw No. 2439, 2009, to include fines for offences pertaining to Mobile Food Trucks."
2023-05-02,Public Council,B,LATE ITEMS,Main motion,Carried,7,0,0,,,In favour,In favour,In favour,In favour,In favour,In favour,In favour,Taxes & spending,,,,https://pub-pittmeadows.escribemeetings.com/filestream.ashx?DocumentId=14382,https://pub-pittmeadows.escribemeetings.com/Players/ISIStandAlonePlayer.aspx?Id=15b87f60-5d9f-4400-a844-86ac9b384124,https://councilrecord.ca/pittmeadows.html#vote/2qdpnh,THAT Council approve the addition of the following late items to the agenda:  I.3 - EOC Grant Approval; AND  J.2 - 2023 Tax Rate Bylaw
2023-05-02,Public Council,H,CONSENT AGENDA,Main motion,Carried,7,0,0,,,In favour,In favour,In favour,In favour,In favour,In favour,In favour,Other,,,,https://pub-pittmeadows.escribemeetings.com/filestream.ashx?DocumentId=14382,https://pub-pittmeadows.escribemeetings.com/Players/ISIStandAlonePlayer.aspx?Id=15b87f60-5d9f-4400-a844-86ac9b384124,https://councilrecord.ca/pittmeadows.html#vote/1dnhkne,THAT the following item be received into the record: H.1 Guillain-Barré Syndrome/Chronic Inflammatory Demyelinating Polyneuropathy Month
2023-05-02,Public Council,I.1,2022 Financial Statements and Audit Results,Main motion,Carried,7,0,0,,,In favour,In favour,In favour,In favour,In favour,In favour,In favour,Taxes & spending,,,,https://pub-pittmeadows.escribemeetings.com/filestream.ashx?DocumentId=14382,https://pub-pittmeadows.escribemeetings.com/Players/ISIStandAlonePlayer.aspx?Id=15b87f60-5d9f-4400-a844-86ac9b384124,https://councilrecord.ca/pittmeadows.html#vote/3u0eq8,"THAT Council: A. Accept the City’s 2022 financial statements and dire ct the Mayor and Director of Financial Services to sign the Consolidated Statement of Financial Position and forward the completed financial statements to the province as required by May 15, 2023; AND B. Direct staff to do a presentation of the City’s 2022 fi nancial statements along with the 2022 annual report at the June 20, 2023 Council meeting."
2023-05-02,Public Council,I.2,Council Code of Conduct,Main motion,Carried,7,0,0,,,In favour,In favour,In favour,In favour,In favour,In favour,In favour,Governance & elections,,,,https://pub-pittmeadows.escribemeetings.com/filestream.ashx?DocumentId=14382,https://pub-pittmeadows.escribemeetings.com/Players/ISIStandAlonePlayer.aspx?Id=15b87f60-5d9f-4400-a844-86ac9b384124,https://councilrecord.ca/pittmeadows.html#vote/1wae7a,"THAT Council: A. Affirm their consideration of the following principles prescribed by provincial regulation pertaining to council codes of conduct: 1. Council members must carry out their duties with integrity; 2. Council members are accountable for the decisions that they make, and the actions that they take, in the course of their duties; 3. Council members must be respectful of others; and 4. Council members must demonstrate leadership and collaboration; AND B. Approve revisions to Council Code of Conduct Policy C100 as presented at the May 2, 2023 regular meeting of Council."
2023-05-02,Public Council,I.3,Emergency Operations Centre [“EOC”] – UBCM Grant Opportunity [Late Item],Main motion,Carried,7,0,0,,,In favour,In favour,In favour,In favour,In favour,In favour,In favour,Taxes & spending; Environment & climate; Public services; Governance & elections,,,,https://pub-pittmeadows.escribemeetings.com/filestream.ashx?DocumentId=14382,https://pub-pittmeadows.escribemeetings.com/Players/ISIStandAlonePlayer.aspx?Id=15b87f60-5d9f-4400-a844-86ac9b384124,https://councilrecord.ca/pittmeadows.html#vote/xxra2a,"THAT Council: A. Approve the Pitt Meadows Emergency Operations Centre project and grant application to UBCM for $30,000 towards the purchase and installation of communication equipment to support radio operations during an emergency; AND B. Affirm the City’s willingness to provide overall gran t management for the project."
2023-05-02,Public Council,J.1,Soil Removal & Fill Deposit Application - 13991 Harris Road,Main motion,Carried,7,0,0,,,In favour,In favour,In favour,In favour,In favour,In favour,In favour,Development,,,,https://pub-pittmeadows.escribemeetings.com/filestream.ashx?DocumentId=14382,https://pub-pittmeadows.escribemeetings.com/Players/ISIStandAlonePlayer.aspx?Id=15b87f60-5d9f-4400-a844-86ac9b384124,https://councilrecord.ca/pittmeadows.html#vote/apazr0,"THAT Council: A. Approve the issuance of a Soil Removal and Fill Deposit Permit Application to import structural and preload fill for the construction of a single family dwelling at 13991 Harris Road, with the following conditions: 1. Issuance of a Highway Use Permit for hauling of fill, prohibiting roadside parking or staging; AND 2. The proposed fill placement activities must be conducted in compliance with all applicable requirements as outlined in the City of Pitt Meadows Soil Removal and Fill Deposit Bylaw; AND 3. The proposed fill placement activities are restricted to the 862 m area as shown in Attachment B of the Staff Report; AND 4. The total allowed volume of material to be placed is limited to 1734 3 3 m of temporary preload fill and 433 m of permanent structural fill; AND 5. All existing topsoil should be salvaged for use on the property where appropriate; AND 6. Execution and monitoring of Erosion and Sediment Control (ESC) measures as prescribed by the qualified professional and as required per best management practices; AND 7. Implementation of all geotechnical recommendations for site preparation, foundation design and field review as recommended by Geocan Engineering Inc."
2023-05-02,Public Council,J.2,2023 Tax Rate Bylaw [Late Item],Main motion,Carried,7,0,0,,,In favour,In favour,In favour,In favour,In favour,In favour,In favour,Taxes & spending,,,,https://pub-pittmeadows.escribemeetings.com/filestream.ashx?DocumentId=14382,https://pub-pittmeadows.escribemeetings.com/Players/ISIStandAlonePlayer.aspx?Id=15b87f60-5d9f-4400-a844-86ac9b384124,https://councilrecord.ca/pittmeadows.html#vote/cw3f2d,"THAT Council: A. Adopt the 2023 Annual Tax Rate Bylaw No. 2948, 2023."
2023-05-30,Public Council,H,CONSENT AGENDA,Main motion,Carried,6,0,1,,,Absent,In favour,In favour,In favour,In favour,In favour,In favour,Public services; Governance & elections,,,,https://pub-pittmeadows.escribemeetings.com/filestream.ashx?DocumentId=14459,https://pub-pittmeadows.escribemeetings.com/Players/ISIStandAlonePlayer.aspx?Id=22e4cd01-a90b-4de8-bcf7-8e3cfbe78e1e,https://councilrecord.ca/pittmeadows.html#vote/1ahzywx,THAT the following item be received into the record: H.1 E-Comm Board of Directors Designate - 2023 to 2024 Term
2023-05-30,Public Council,I.2,Corporate Strategic Plan 2023-2026,Main motion,Carried,6,0,1,,,Absent,In favour,In favour,In favour,In favour,In favour,In favour,Governance & elections,,,,https://pub-pittmeadows.escribemeetings.com/filestream.ashx?DocumentId=14459,https://pub-pittmeadows.escribemeetings.com/Players/ISIStandAlonePlayer.aspx?Id=22e4cd01-a90b-4de8-bcf7-8e3cfbe78e1e,https://councilrecord.ca/pittmeadows.html#vote/gmde4o,"THAT Council: A. Approve the Corporate Strategic Plan 2023 – 2026 as presented at the May 30, 2023 Council Meeting."
2023-05-30,Public Council,I.3,Accessible British Columbia Act and New Municipal Requirements,Main motion,Carried,6,0,1,,,Absent,In favour,In favour,In favour,In favour,In favour,In favour,Public services; Business & economy; Governance & elections,,,,https://pub-pittmeadows.escribemeetings.com/filestream.ashx?DocumentId=14459,https://pub-pittmeadows.escribemeetings.com/Players/ISIStandAlonePlayer.aspx?Id=22e4cd01-a90b-4de8-bcf7-8e3cfbe78e1e,https://councilrecord.ca/pittmeadows.html#vote/1dzsouj,"THAT Council: A. Approve the following changes to the Community Support Select Committee: 1. Change the name to the Community Support and Accessibility Committee; 2. Add accessibility to the Committee’s mandate to meet the requirements established by the Accessible British Columbia Act ; 3. Approve the transition of the Committee to an advisory committee as defined by the City Committees Policy C102, delegating authority to the CAO to appoint committee members and amend the Terms of Reference as required; B. Endorse the process for the development of an Accessibility Plan as outlined in the May 22, 2023 report titled “Accessible British Columbia Act and New Municipal Requirements”; AND C. Direct staff to return to a future Council meeting with the draft Accessibility Plan for Council approval."
2023-05-30,Public Council,I.4,2023 First Quarter Report to the Community,Main motion,Carried,6,0,1,,,Absent,In favour,In favour,In favour,In favour,In favour,In favour,Other,,,,https://pub-pittmeadows.escribemeetings.com/filestream.ashx?DocumentId=14459,https://pub-pittmeadows.escribemeetings.com/Players/ISIStandAlonePlayer.aspx?Id=22e4cd01-a90b-4de8-bcf7-8e3cfbe78e1e,https://councilrecord.ca/pittmeadows.html#vote/17ven6m,"THAT Council: A. Receive for information the 2023 First Quarter Report to the Community highlighting the work and accomplishments of the City from January 1 to March 31, 2023."
2023-05-30,Public Council,J.1,Rezoning Application to Permit a Retail Cannabis Outlet at 725 – 19800 Lougheed Highway,Main motion,Carried,5,1,1,,,Absent,In favour,In favour,In favour,In favour,In favour,Against,Housing & density; Development; Taxes & spending; Neighbourhood character; Business & economy,,,,https://pub-pittmeadows.escribemeetings.com/filestream.ashx?DocumentId=14459,https://pub-pittmeadows.escribemeetings.com/Players/ISIStandAlonePlayer.aspx?Id=22e4cd01-a90b-4de8-bcf7-8e3cfbe78e1e,https://councilrecord.ca/pittmeadows.html#vote/mgketi,"THAT Council: A. Grant first and second readings to Zoning Amendment Bylaw No. 2936, 2023, to permit a retail cannabis outlet at 725 – 19800 Lougheed Highway; AND B. Direct staff to schedule a public hearing for an upcoming meeting of Council."
2023-05-30,Public Council,J.2,Rezoning Application for 18601 Lougheed Highway,Main motion,Defeated,3,3,1,,,Absent,In favour,In favour,Against,Against,In favour,Against,Housing & density; Development; Taxes & spending,,Defeated on a tied vote.,,https://pub-pittmeadows.escribemeetings.com/filestream.ashx?DocumentId=14459,https://pub-pittmeadows.escribemeetings.com/Players/ISIStandAlonePlayer.aspx?Id=22e4cd01-a90b-4de8-bcf7-8e3cfbe78e1e,https://councilrecord.ca/pittmeadows.html#vote/tw13yh,"THAT Council: A. Grant first and second readings to Zoning Amendment Bylaw No. 2952, 2023; AND B. Direct Staff to schedule a public hearing for Zoning Amendment Bylaw No. 2952, 2023 for an upcoming public Council Meeting."
2023-06-06,Public Council,H,CONSENT AGENDA,Main motion,Carried,6,0,1,,,In favour,In favour,In favour,In favour,In favour,Absent,In favour,Governance & elections,,,,https://pub-pittmeadows.escribemeetings.com/filestream.ashx?DocumentId=14505,https://pub-pittmeadows.escribemeetings.com/Players/ISIStandAlonePlayer.aspx?Id=e46dd2ae-e759-4fb6-a5ac-f460fcd9ea22,https://councilrecord.ca/pittmeadows.html#vote/zueye9,THAT the following item be received into the record: H.1 Petition Against CP Rail Track Expansion H.2 Letters in Opposition of CP Rail's Track Expansion
2023-06-06,Public Council,I.1,2023 UBCM Convention – Meetings with Provincial Ministers,Main motion,Carried,6,0,1,,,In favour,In favour,In favour,In favour,In favour,Absent,In favour,Governance & elections,,,,https://pub-pittmeadows.escribemeetings.com/filestream.ashx?DocumentId=14505,https://pub-pittmeadows.escribemeetings.com/Players/ISIStandAlonePlayer.aspx?Id=e46dd2ae-e759-4fb6-a5ac-f460fcd9ea22,https://councilrecord.ca/pittmeadows.html#vote/ms22pj,"THAT Council: A. Direct staff to submit the following prioritized requests for meetings with Provincial Cabinet Ministers during the 2023 UBCM Convention: 1. The Hon. Murray Rankin, Minister of Indigenous Relations and Reconciliation, regarding the importance of the Harris Road underpass/overpass construction project for the well - being of the q̓ic̓əy̓ (Katzie) First Nation; AND 2. The Hon. Pam Alexis, Minister of Agriculture and Food, regarding local agriculture challenges; AND 3. The Hon. Selina Robinson, Minister of Post Secondary Education and Future Skills, requesting support and investment for tertiary education and employment skills training in the Pitt Meadows and Maple Ridge area; AND 4. The Hon. Brenda Bailey, Minister of Jobs, Economic Development and Innovation, regarding challenges and opportunities to strengthen the local economy; AND 5. The Hon. Rob Fleming, Minister of Transportation and Infrastructure, regarding joint strategies and next steps to ensure the Harris Road underpass construction project proceeds; AND 6. The Hon. Anne Kang, Minister of Municipal Affairs, regarding joint strategies and next steps to ensure the Harris Road underpass construction project proceeds; AND B. Direct staff to prepare discussion papers for each requested meeting outlining relevant background information and any specific requests; AND C. Direct staff to invite representation from q̓ic̓əy̓ (Katzie) First Nation to join Council for the above meetings as available; AND D. Direct staff to invite Minister Lisa Beare to join Council for the above meetings as available. The discussion continued and there was general consent amongst Council to amend the main motion by adding a seventh meeting request with Ministry of Housing, the Hon. Ravi Kahlon, and adjusting the priority of Ministry meetings to prioritize the meeting with the Ministry of Transportation. The amended motion reads as follows: A. Direct staff to submit the following prioritized requests for meetings with Provincial Cabinet Ministers during the 2023 UBCM Convention: 1. The Hon. Rob Fleming, Minister of Transportation and Infrastructure, regarding joint strategies and next steps to ensure the Harris Road underpass construction project proceeds; AND 2. The Hon. Murray Rankin, Minister of Indigenous Relations and Reconciliation, regarding the importance of the Harris Road underpass/overpass construction project for the well - being of the q̓ic̓əy̓ (Katzie) First Nation; AND 3. The Hon. Pam Alexis, Minister of Agriculture and Food, regarding local agriculture challenges; AND 4. The Hon. Selina Robinson, Minister of Post Secondary Education and Future Skills, requesting support and investment for tertiary education and employment skills training in the Pitt Meadows and Maple Ridge area; AND 5. The Hon. Brenda Bailey, Minister of Jobs, Economic Development and Innovation, regarding challenges and opportunities to strengthen the local economy; AND 6. The Hon. Anne Kang, Minister of Municipal Affairs, regarding joint strategies and next steps to ensure the Harris Road underpass construction project proceeds; AND 7. The Hon. Ravi Kahlon, Minister of Housing, regarding housing stock and strategy in Pitt Meadows; AND B. Direct staff to prepare discussion papers for each requested meeting outlining relevant background information and any specific requests; AND C. Direct staff to invite representation from q̓ic̓əy̓ (Katzie) First Nation to join Council for the above meetings as available; AND D. Direct staff to invite Minister Lisa Beare to join Council for the above meetings as available. The question was then called on the motion as AMENDED and it was:"
2023-06-06,Public Council,J.1,Official Community Plan and Zoning Bylaw Amendments for the New RCMP Site,Main motion,Carried,6,0,1,,,In favour,In favour,In favour,In favour,In favour,Absent,In favour,Housing & density; Development; Taxes & spending; Public services,,,,https://pub-pittmeadows.escribemeetings.com/filestream.ashx?DocumentId=14505,https://pub-pittmeadows.escribemeetings.com/Players/ISIStandAlonePlayer.aspx?Id=e46dd2ae-e759-4fb6-a5ac-f460fcd9ea22,https://councilrecord.ca/pittmeadows.html#vote/mfsxbx,"THAT Council: A. Grant third reading to Official Community Plan Amendment Bylaw No. 2942, 2023 and Zoning Amendment Bylaw No. 2943, 2023."
2023-06-06,Public Council,J.2,Rezoning Application for 12051 Bonson Road,Main motion,Carried,6,0,1,,,In favour,In favour,In favour,In favour,In favour,Absent,In favour,Housing & density; Development; Taxes & spending,,,,https://pub-pittmeadows.escribemeetings.com/filestream.ashx?DocumentId=14505,https://pub-pittmeadows.escribemeetings.com/Players/ISIStandAlonePlayer.aspx?Id=e46dd2ae-e759-4fb6-a5ac-f460fcd9ea22,https://councilrecord.ca/pittmeadows.html#vote/1kb5ne2,"THAT Council: A. Grant third reading to Zoning Amendment Bylaw No. 2941, 2023 to rezone the property at 12051 Bonson Road from R-1 (Medium Lot Residential) to R-2 (Small Lot Residential); AND B. Require the following condition be fulfilled prior to adoption of Zoning Amendment Bylaw No. 2941, 2023: 1. Payment of $9,000 as Residential Amenity Contribution as offered by the developer."
2023-06-06,Public Council,J.3,Soil Removal & Fill Deposit Application - 19394 Fenton Road,Main motion,Carried,6,0,1,,,In favour,In favour,In favour,In favour,In favour,Absent,In favour,Development,,,,https://pub-pittmeadows.escribemeetings.com/filestream.ashx?DocumentId=14505,https://pub-pittmeadows.escribemeetings.com/Players/ISIStandAlonePlayer.aspx?Id=e46dd2ae-e759-4fb6-a5ac-f460fcd9ea22,https://councilrecord.ca/pittmeadows.html#vote/10zm0ha,"THAT Council: A. Approve the issuance of a Soil Removal and Fill Deposit Permit Application to import structural and preload fill totalling 978m for the construction of a single family dwelling at 19394 Fenton Road, with the following conditions: 1. Fill placement activities are completed in compliance with all applicable requirements as outlined in the City of Pitt Meadows Soil Removal and Fill Deposit Bylaw; AND 2. Fill placement activities are restricted to an area of 644m ; AND 3. Submission of a report prepared and sealed by a qualified professional to include: i. the total cumulative quantity of soil removed and/or fill deposited; ii. topographic survey illustrating finished surface elevations and slopes; AND 4. Payment of all soil levies associated with all imported and exported soil."
2023-06-06,Public Council,J.4,"Waterworks Amendment Bylaw No. 2956, 2023",Main motion,Carried,6,0,1,,,In favour,In favour,In favour,In favour,In favour,Absent,In favour,Taxes & spending; Public services,,,,https://pub-pittmeadows.escribemeetings.com/filestream.ashx?DocumentId=14505,https://pub-pittmeadows.escribemeetings.com/Players/ISIStandAlonePlayer.aspx?Id=e46dd2ae-e759-4fb6-a5ac-f460fcd9ea22,https://councilrecord.ca/pittmeadows.html#vote/1ukkkv5,"THAT Council: A. Grant first, second and third readings to Waterworks Amendment Bylaw No. 2956, 2023."
2023-06-06,Public Council,J.5,Bylaw Notice Enforcement Amendment,Main motion,Carried,6,0,1,,,In favour,In favour,In favour,In favour,In favour,Absent,In favour,Taxes & spending,,,,https://pub-pittmeadows.escribemeetings.com/filestream.ashx?DocumentId=14505,https://pub-pittmeadows.escribemeetings.com/Players/ISIStandAlonePlayer.aspx?Id=e46dd2ae-e759-4fb6-a5ac-f460fcd9ea22,https://councilrecord.ca/pittmeadows.html#vote/rye29t,"THAT Council: A. Grant first, second and third readings to the Bylaw Notice Enforcement Amendment Bylaw No. 2951, 2023 as presented at the June 6, 2023 Council Meeting."
2023-06-06,Public Council,J.6,"Business Licensing and Regulation Amendment Bylaw No. 2950, 2023",Main motion,Carried,6,0,1,,,In favour,In favour,In favour,In favour,In favour,Absent,In favour,Business & economy,,,,https://pub-pittmeadows.escribemeetings.com/filestream.ashx?DocumentId=14505,https://pub-pittmeadows.escribemeetings.com/Players/ISIStandAlonePlayer.aspx?Id=e46dd2ae-e759-4fb6-a5ac-f460fcd9ea22,https://councilrecord.ca/pittmeadows.html#vote/1m8zess,"THAT Council: A. Adopt the Business Licensing and Regulation Amendment Bylaw No. 2950, 2023."
2023-06-13,Public Council,F,CONSENT AGENDA,Main motion,Carried,7,0,0,,,In favour,In favour,In favour,In favour,In favour,In favour,In favour,Transportation; Parks & recreation; Governance & elections,,,,https://pub-pittmeadows.escribemeetings.com/filestream.ashx?DocumentId=14549,https://pub-pittmeadows.escribemeetings.com/Players/ISIStandAlonePlayer.aspx?Id=dff5583d-696e-4cc8-8679-574d77abaf49,https://councilrecord.ca/pittmeadows.html#vote/11wk2lc,"THAT the following item be received into the record: F.1 Letter to Minister of Transport - Harris Road Underpass Letters of Support Item F.1 was pulled for discussion. Following the discussion, the question was then called on the main motion and it was:"
2023-06-13,Public Council,G.1,2022 Statement of Financial Information (SOFI),Main motion,Carried,7,0,0,,,In favour,In favour,In favour,In favour,In favour,In favour,In favour,Taxes & spending,,,,https://pub-pittmeadows.escribemeetings.com/filestream.ashx?DocumentId=14549,https://pub-pittmeadows.escribemeetings.com/Players/ISIStandAlonePlayer.aspx?Id=dff5583d-696e-4cc8-8679-574d77abaf49,https://councilrecord.ca/pittmeadows.html#vote/wr3yb4,"THAT Council: A. Approve the City’s 2022 Statement of Financial Information as presented at the June 13, 2023 Public Council Meeting for submission to the Ministry of Municipal Affairs by June 30, 2023 and for availability to the public."
2023-06-13,Public Council,G.2,2024 Business Plan Guidelines and Timeline,Main motion,Carried,7,0,0,,,In favour,In favour,In favour,In favour,In favour,In favour,In favour,Business & economy,,,,https://pub-pittmeadows.escribemeetings.com/filestream.ashx?DocumentId=14549,https://pub-pittmeadows.escribemeetings.com/Players/ISIStandAlonePlayer.aspx?Id=dff5583d-696e-4cc8-8679-574d77abaf49,https://councilrecord.ca/pittmeadows.html#vote/8gcb6z,"THAT Council: A. Approve the 2024 Business Plan Guidelines and Timeline as presented at the June 13, 2023 public Council Meeting."
2023-06-13,Public Council,G.3,UBCM Complete Communities Program,Main motion,Carried,7,0,0,,,In favour,In favour,In favour,In favour,In favour,In favour,In favour,Taxes & spending; Governance & elections,,,,https://pub-pittmeadows.escribemeetings.com/filestream.ashx?DocumentId=14549,https://pub-pittmeadows.escribemeetings.com/Players/ISIStandAlonePlayer.aspx?Id=dff5583d-696e-4cc8-8679-574d77abaf49,https://councilrecord.ca/pittmeadows.html#vote/b9omi5,"THAT Council: A. Authorize the submission of an application to the UBCM Complete Communities Program for $150,000 in grant funding and indicate support for the Complete Communities Assessment project."
2023-06-13,Public Council,G.4,Zoning Bylaw Review Update,Amendment,Carried,7,0,0,,,In favour,In favour,In favour,In favour,In favour,In favour,In favour,Development; Business & economy,,,,https://pub-pittmeadows.escribemeetings.com/filestream.ashx?DocumentId=14549,https://pub-pittmeadows.escribemeetings.com/Players/ISIStandAlonePlayer.aspx?Id=dff5583d-696e-4cc8-8679-574d77abaf49,https://councilrecord.ca/pittmeadows.html#vote/16m8nib,"THAT Council AMEND the motion to include item B to direct staff to review the commercial zone in the Zoning Bylaw and provide recommendations for improving language pertaining to vehicle repairs and inspections, especially as they relate to government required inspections for out of province vehicles."
2023-06-13,Public Council,G.5,2023 E-Comm Annual General Meeting,Main motion,Carried,7,0,0,,,In favour,In favour,In favour,In favour,In favour,In favour,In favour,Public services; Governance & elections,,,,https://pub-pittmeadows.escribemeetings.com/filestream.ashx?DocumentId=14549,https://pub-pittmeadows.escribemeetings.com/Players/ISIStandAlonePlayer.aspx?Id=dff5583d-696e-4cc8-8679-574d77abaf49,https://councilrecord.ca/pittmeadows.html#vote/d1vmxq,"THAT Council: A. As a shareholder of E-Comm, affirm their vote in favour of all proposed resolutions for the June 22, 2023 Annual General Meeting of E-Comm, as outlined in the Notice of AGM and as presented to Council at the June 13, 2023 Council Meeting; AND B. Appoint CAO Mark Roberts as the City’s authorized representative for the purposes of the E-Comm AGM, and direct Mr. Roberts to sign and submit the Form of Proxy indicating Council’s endorsement of all recommended motions and appointing Doug Campbell, E-Comm Board Chair, as the City’s proxyholder ."
2023-06-13,Public Council,H.1,Development Permit Application for 11812 Blakely Road,Main motion,Carried,7,0,0,,,In favour,In favour,In favour,In favour,In favour,In favour,In favour,Housing & density; Development,,,,https://pub-pittmeadows.escribemeetings.com/filestream.ashx?DocumentId=14549,https://pub-pittmeadows.escribemeetings.com/Players/ISIStandAlonePlayer.aspx?Id=dff5583d-696e-4cc8-8679-574d77abaf49,https://councilrecord.ca/pittmeadows.html#vote/fud5h,"THAT Council: A. Approve issuance of Development Permit No. 2022-002, to permit development of a four-unit townhouse building at 11812 Blakely Road."
2023-06-13,Public Council,H.2,Inter-municipal Transportation Network Services Business Licence Bylaw,Main motion,Carried,7,0,0,,,In favour,In favour,In favour,In favour,In favour,In favour,In favour,Transportation; Parks & recreation; Business & economy,,,,https://pub-pittmeadows.escribemeetings.com/filestream.ashx?DocumentId=14549,https://pub-pittmeadows.escribemeetings.com/Players/ISIStandAlonePlayer.aspx?Id=dff5583d-696e-4cc8-8679-574d77abaf49,https://councilrecord.ca/pittmeadows.html#vote/8aympq,"THAT Council: A. Give first, second, and third readings to the Inter-municipal Transportation Network Services Business Licence Agreement Bylaw No. 2955, 2023 to enable the Districts of Kent and Hope, and the City of Mission, to participate in the Partnering Agreement related to ride- hailing services in the region."
2023-06-13,Public Council,H.3,Waterworks Amendment Bylaw,Main motion,Carried,7,0,0,,,In favour,In favour,In favour,In favour,In favour,In favour,In favour,Public services,,,,https://pub-pittmeadows.escribemeetings.com/filestream.ashx?DocumentId=14549,https://pub-pittmeadows.escribemeetings.com/Players/ISIStandAlonePlayer.aspx?Id=dff5583d-696e-4cc8-8679-574d77abaf49,https://councilrecord.ca/pittmeadows.html#vote/gzy3rs,"THAT Council: A. Adopt the Waterworks Amendment Bylaw No. 2956, 2023 as presented at the June 13, 2023 Public Council Meeting."
2023-06-13,Public Council,H.4,Bylaw Notice Enforcement Amendment,Main motion,Carried,7,0,0,,,In favour,In favour,In favour,In favour,In favour,In favour,In favour,Other,,,,https://pub-pittmeadows.escribemeetings.com/filestream.ashx?DocumentId=14549,https://pub-pittmeadows.escribemeetings.com/Players/ISIStandAlonePlayer.aspx?Id=dff5583d-696e-4cc8-8679-574d77abaf49,https://councilrecord.ca/pittmeadows.html#vote/1rq409,"THAT Council: A. Adopt the Bylaw Notice Enforcement Amendment Bylaw No. 2951, 2023 as presented at the June 13, 2023 Public Council Meeting."
2023-06-20,Public Council,J.2,"Rezoning Application for 19261, 19267, 19275, 19285, and 19293 Hammond Road",Main motion,Carried,7,0,0,,,In favour,In favour,In favour,In favour,In favour,In favour,In favour,Housing & density; Development,,,,https://pub-pittmeadows.escribemeetings.com/filestream.ashx?DocumentId=14583,https://pub-pittmeadows.escribemeetings.com/Players/ISIStandAlonePlayer.aspx?Id=4be68448-19b2-4625-9470-a7d4bc683851,https://councilrecord.ca/pittmeadows.html#vote/1azjljh,"THAT Council: A. Direct staff to prepare a bylaw to rezone the properties at 19261, 19267, 19275, 19285 and 19293 Hammond Road to permit development of 57 strata townhouse units."
2023-06-20,Public Council,J.4,Pitt Meadows Art Gallery Update,Main motion,Carried,7,0,0,,,In favour,In favour,In favour,In favour,In favour,In favour,In favour,Environment & climate; Governance & elections,,,,https://pub-pittmeadows.escribemeetings.com/filestream.ashx?DocumentId=14583,https://pub-pittmeadows.escribemeetings.com/Players/ISIStandAlonePlayer.aspx?Id=4be68448-19b2-4625-9470-a7d4bc683851,https://councilrecord.ca/pittmeadows.html#vote/idyip3,"THAT Council: A. Rescind Council’s decision as captured in Resolution B for Item K.1 of the Minutes for the July 12, 2022 Regular Meeting of Council regarding the preferred location of the temporary Art Gallery; AND B. Approve Activity Room 1 in the South Bonson Community Centre as the preferred location for the Art Gallery; AND C. Direct staff to commence with the work pertaining to the relocation of the Art Gallery to the South Bonson Community Centre; D. Direct Staff to commit to regular reviews with the artist community on the success of the Art Gallery relocation to South Bonson Community Centre, with the first review being after one year of operation at the new location."
2023-06-20,Public Council,K.1,2022 – 2026 Financial Plan Bylaw Amendment,Main motion,Carried,7,0,0,,,In favour,In favour,In favour,In favour,In favour,In favour,In favour,Taxes & spending,,,,https://pub-pittmeadows.escribemeetings.com/filestream.ashx?DocumentId=14583,https://pub-pittmeadows.escribemeetings.com/Players/ISIStandAlonePlayer.aspx?Id=4be68448-19b2-4625-9470-a7d4bc683851,https://councilrecord.ca/pittmeadows.html#vote/17rid1l,"THAT Council: A. Grant first, second and third readings to the 2022 – 2026 Financial Plan Amendment Bylaw No. 2957, 2023."
2023-06-20,Public Council,K.2,Soil Removal & Fill Deposit Application - Lot 38 McNeil Rd & Harris Rd,Main motion,Carried,7,0,0,,,In favour,In favour,In favour,In favour,In favour,In favour,In favour,Development; Transportation,,,,https://pub-pittmeadows.escribemeetings.com/filestream.ashx?DocumentId=14583,https://pub-pittmeadows.escribemeetings.com/Players/ISIStandAlonePlayer.aspx?Id=4be68448-19b2-4625-9470-a7d4bc683851,https://councilrecord.ca/pittmeadows.html#vote/1jjh66b,"THAT Council: A. Approve the issuance of a Soil Removal and Fill Deposit Permit to import structural and preload fill for the construction of a single family dwelling at Lot 38 McNeil Road and Harris Road, with the following conditions: 1. Issuance of a Highway Use Permit for hauling of fill, prohibiting roadside parking or staging; AND 2. The proposed fill placement activities must be conducted in compliance with all applicable requirements as outlined in the City of Pitt Meadows Soil Removal and Fill Deposit Bylaw; AND 3. The permanent fill placement activities are restricted to an area of 818 m ; AND 4. The total allowed volume of material to be placed is limited to 1344 3 3 m of temporary preload fill and 1312 m of permanent structural fill; AND 5. All existing topsoil should be salvaged for use on the property where appropriate; AND 6. Execution and monitoring of Erosion and Sediment Control (ESC) measures as prescribed by the qualified professional and as required per best management practices; AND 7. Implementation of all geotechnical recommendations for site preparation, foundation design and field review as recommended by Braun Geotechnical Ltd."
2023-06-20,Public Council,K.3,"Inter-municipal Transportation Network Services Business Licence Agreement Bylaw No. 2955, 2023",Main motion,Carried,7,0,0,,,In favour,In favour,In favour,In favour,In favour,In favour,In favour,Transportation; Parks & recreation; Business & economy,,,,https://pub-pittmeadows.escribemeetings.com/filestream.ashx?DocumentId=14583,https://pub-pittmeadows.escribemeetings.com/Players/ISIStandAlonePlayer.aspx?Id=4be68448-19b2-4625-9470-a7d4bc683851,https://councilrecord.ca/pittmeadows.html#vote/1hpkkcz,"THAT Council: A. Adopt the Inter-municipal Business Licence Agreement Bylaw No. 2955, 2023 to enable the Districts of Kent and Hope, and the City of Mission, to participate in the Partnering Agreement related to ride-hailing services in the region."
2023-07-11,Public Council,G.1,Q3 2023 Strategic Priorities Quarterly Report,Main motion,Carried,4,0,3,,,In favour,In favour,Absent,In favour,Absent,In favour,Absent,Other,,,,https://pub-pittmeadows.escribemeetings.com/filestream.ashx?DocumentId=14626,https://pub-pittmeadows.escribemeetings.com/Players/ISIStandAlonePlayer.aspx?Id=22198045-e786-4241-a0b6-d3e9d54c6c63,https://councilrecord.ca/pittmeadows.html#vote/rle15h,"THAT Council: A. Approve the operational strategies for Q3 2023 as presented to Council on July 11, 2023."
2023-07-11,Public Council,G.2,Update on Filming in Pitt Meadows,Main motion,Carried,4,0,3,,,In favour,In favour,Absent,In favour,Absent,In favour,Absent,Environment & climate; Business & economy,,,,https://pub-pittmeadows.escribemeetings.com/filestream.ashx?DocumentId=14626,https://pub-pittmeadows.escribemeetings.com/Players/ISIStandAlonePlayer.aspx?Id=22198045-e786-4241-a0b6-d3e9d54c6c63,https://councilrecord.ca/pittmeadows.html#vote/1g038xi,"THAT Council: A. Receive for information the Staff Report titled “Update on Filming in Pitt Meadows” as presented at the July 11, 2023 Council meeting."
2023-07-11,Public Council,G.3,Amendments to Council Correspondence Policy C051,Main motion,Carried,4,0,3,,,In favour,In favour,Absent,In favour,Absent,In favour,Absent,Other,,,,https://pub-pittmeadows.escribemeetings.com/filestream.ashx?DocumentId=14626,https://pub-pittmeadows.escribemeetings.com/Players/ISIStandAlonePlayer.aspx?Id=22198045-e786-4241-a0b6-d3e9d54c6c63,https://councilrecord.ca/pittmeadows.html#vote/1i7wnk4,"THAT Council: A. Approve the amended Council Correspondence Policy C051 as presented at the July 11, 2023 Council meeting."
2023-07-11,Public Council,G.4,Active Transportation Network Review,Main motion,Carried,4,0,3,,,In favour,In favour,Absent,In favour,Absent,In favour,Absent,Transportation; Environment & climate; Parks & recreation,,,,https://pub-pittmeadows.escribemeetings.com/filestream.ashx?DocumentId=14626,https://pub-pittmeadows.escribemeetings.com/Players/ISIStandAlonePlayer.aspx?Id=22198045-e786-4241-a0b6-d3e9d54c6c63,https://councilrecord.ca/pittmeadows.html#vote/15jtchd,"THAT Council: A. Endorse the City of Pitt Meadows' Active Transportation Plan as presented at the July 11, 2023 Regular Council Meeting."
2023-07-11,Public Council,H.1,2022-2026 Financial Plan Bylaw Amendment,Main motion,Carried,4,0,3,,,In favour,In favour,Absent,In favour,Absent,In favour,Absent,Taxes & spending,,,,https://pub-pittmeadows.escribemeetings.com/filestream.ashx?DocumentId=14626,https://pub-pittmeadows.escribemeetings.com/Players/ISIStandAlonePlayer.aspx?Id=22198045-e786-4241-a0b6-d3e9d54c6c63,https://councilrecord.ca/pittmeadows.html#vote/8o4ix0,"THAT Council: A. Adopt the 2022 – 2026 Financial Plan Amendment Bylaw No. 2957, 2023."
2023-07-18,Public Council,F,CONSENT AGENDA,Main motion,Carried,7,0,0,,,In favour,In favour,In favour,In favour,In favour,In favour,In favour,Environment & climate; Governance & elections,,,,https://pub-pittmeadows.escribemeetings.com/filestream.ashx?DocumentId=14673,https://pub-pittmeadows.escribemeetings.com/Players/ISIStandAlonePlayer.aspx?Id=6e05799d-ea38-4c6a-8bd1-61144325efb4,https://councilrecord.ca/pittmeadows.html#vote/12kq94a,"THAT the following items be received into the record: F.1 Minutes from the May 11, 2023 Pitt Meadows Day Advisory Committee Meeting F.2 Minutes from the May 24, 2023 Pitt Meadows Day Advisory Committee Meeting F.3 Draft Minutes from the May 18, 2023 Agricultural Advisory Committee Meeting F.4 Draft Minutes from the June 1, 2023 Economic Development Advisory Committee Meeting F.5 Draft Minutes from the June 12, 2023 Active Transportation Advisory Committee Meeting F.6 Draft Minutes from the June 15, 2023 Parks, Recreation & Culture Advisory Committee Meeting F.7 Draft Minutes from the June 21, 2023 Pitt Meadows Day Advisory Committee Meeting F.8 Draft Minutes from the June 28, 2023 Community Support Select Committee Meeting Item F.8 was PULLED for discussion. Following the discussion, the question was then called on the main motion and it was:"
2023-07-18,Public Council,G.1,Agricultural Plan Update,Main motion,Carried,7,0,0,,,In favour,In favour,In favour,In favour,In favour,In favour,In favour,Business & economy,,,,https://pub-pittmeadows.escribemeetings.com/filestream.ashx?DocumentId=14673,https://pub-pittmeadows.escribemeetings.com/Players/ISIStandAlonePlayer.aspx?Id=6e05799d-ea38-4c6a-8bd1-61144325efb4,https://councilrecord.ca/pittmeadows.html#vote/19xgfra,"THAT Council: A. Receive for information the report titled “Agricultural Plan Update” dated July 5, 2023, providing an update on the Agricultural Plan work to date."
2023-07-18,Public Council,G.2,Kennedy Rd Pump Station Upgrades Project - DMAF Grant Application,Main motion,Carried,7,0,0,,,In favour,In favour,In favour,In favour,In favour,In favour,In favour,Taxes & spending,,,,https://pub-pittmeadows.escribemeetings.com/filestream.ashx?DocumentId=14673,https://pub-pittmeadows.escribemeetings.com/Players/ISIStandAlonePlayer.aspx?Id=6e05799d-ea38-4c6a-8bd1-61144325efb4,https://councilrecord.ca/pittmeadows.html#vote/qrb4ss,"THAT Council: A. Support the modifications to the Kennedy Rd Pump Station Upgrades Project as outlined in the July 10, 2023 Staff Report; AND B. Endorse Staff’s submission of a grant application to Canada’s Disaster Mitigation and Adaptation Fund to invest in the Kennedy Rd Pump Station Upgrades Project."
2023-07-18,Public Council,H.1,Rezoning Application at 725 – 19800 Lougheed Highway,Main motion,Carried,6,1,0,,,In favour,In favour,In favour,In favour,In favour,In favour,Against,Housing & density; Development; Taxes & spending; Neighbourhood character; Business & economy,,,,https://pub-pittmeadows.escribemeetings.com/filestream.ashx?DocumentId=14673,https://pub-pittmeadows.escribemeetings.com/Players/ISIStandAlonePlayer.aspx?Id=6e05799d-ea38-4c6a-8bd1-61144325efb4,https://councilrecord.ca/pittmeadows.html#vote/3hxco8,"THAT Council: A. Grant third reading to Zoning Amendment Bylaw No. 2936, 2023 to permit a cannabis retail store at 725 – 19800 Lougheed Highway."
2023-07-18,Public Council,H.2,Rezoning Application for 12357 189A St,Main motion,Carried,7,0,0,,,In favour,In favour,In favour,In favour,In favour,In favour,In favour,Housing & density; Development; Taxes & spending,,,,https://pub-pittmeadows.escribemeetings.com/filestream.ashx?DocumentId=14673,https://pub-pittmeadows.escribemeetings.com/Players/ISIStandAlonePlayer.aspx?Id=6e05799d-ea38-4c6a-8bd1-61144325efb4,https://councilrecord.ca/pittmeadows.html#vote/14mpjfo,"THAT Council: A. Grant third reading to Zoning Amendment Bylaw No. 2905, 2021 to rezone the property at 12357 189A St. from R-1 (Medium Lot Residential) to R-2 (Small Lot Residential); AND B. Require the following condition be fulfilled prior to adoption of Zoning Amendment Bylaw No. 2905, 2021: 1. Payment of $4,500 as a Residential Community Amenity Contribution as offered by the developer."
2023-07-18,Public Council,H.3,Parks and Community Facilities Regulations Bylaw,Main motion,Carried,7,0,0,,,In favour,In favour,In favour,In favour,In favour,In favour,In favour,Taxes & spending; Parks & recreation,,,,https://pub-pittmeadows.escribemeetings.com/filestream.ashx?DocumentId=14673,https://pub-pittmeadows.escribemeetings.com/Players/ISIStandAlonePlayer.aspx?Id=6e05799d-ea38-4c6a-8bd1-61144325efb4,https://councilrecord.ca/pittmeadows.html#vote/cdr2kc,"THAT Council: A. Grant first, second and third readings to the Parks and Community Facilities Regulations Bylaw No. 2954, 2023; AND B. Grant first, second and third readings to the Bylaw Notice Enforcement Bylaw Amendment No. 2959, 2023."
2023-07-25,Public Council,H,CONSENT AGENDA,Main motion,Carried,7,0,0,,,In favour,In favour,In favour,In favour,In favour,In favour,In favour,Other,,,,https://pub-pittmeadows.escribemeetings.com/filestream.ashx?DocumentId=14746,https://pub-pittmeadows.escribemeetings.com/Players/ISIStandAlonePlayer.aspx?Id=c0381cab-6e68-4374-bcc4-fd16c6c031f8,https://councilrecord.ca/pittmeadows.html#vote/18hs39e,THAT the following item be received into the record: H.1 Office of the Ombudsperson Quarterly Report
2023-07-25,Public Council,I.1,City of Pitt Meadows Economic Development Strategy Final Report,Main motion,Carried,7,0,0,,,In favour,In favour,In favour,In favour,In favour,In favour,In favour,Environment & climate; Business & economy,,,,https://pub-pittmeadows.escribemeetings.com/filestream.ashx?DocumentId=14746,https://pub-pittmeadows.escribemeetings.com/Players/ISIStandAlonePlayer.aspx?Id=c0381cab-6e68-4374-bcc4-fd16c6c031f8,https://councilrecord.ca/pittmeadows.html#vote/1g5lavv,"THAT Council: A. Endorse the City of Pitt Meadows Economic Development Strategy as presented at the July 25, 2023 Regular Council Meeting; AND B. Authorize Staff to engage rights holders q̓ic̓əy̓ (Katzie) First Nation to collaborate on joint economic development opportunities; AND C. Authorize staff to engage the Ridge Meadows Chamber of Commerce and WorkBC on economic development partnership opportunities."
2023-07-25,Public Council,I.2,School District 42 Eligible School Sites Proposal,Main motion,Carried,7,0,0,,,In favour,In favour,In favour,In favour,In favour,In favour,In favour,Governance & elections,,,,https://pub-pittmeadows.escribemeetings.com/filestream.ashx?DocumentId=14746,https://pub-pittmeadows.escribemeetings.com/Players/ISIStandAlonePlayer.aspx?Id=c0381cab-6e68-4374-bcc4-fd16c6c031f8,https://councilrecord.ca/pittmeadows.html#vote/xeqh2d,"THAT Council: A. Accept School District 42 Board of Education’s resolution of proposed eligible school site requirements as outlined in their correspondence dated June 22, 2023."
2023-07-25,Public Council,I.3,Airport Way Noise Barrier – Updated Feasibility Study,Postponement,Defeated,0,0,0,,,No recorded vote,No recorded vote,No recorded vote,No recorded vote,No recorded vote,No recorded vote,No recorded vote,Neighbourhood character,1 of 2,"The minutes record this motion as defeated without naming who voted against it, so individual votes are not shown.",,https://pub-pittmeadows.escribemeetings.com/filestream.ashx?DocumentId=14746,https://pub-pittmeadows.escribemeetings.com/Players/ISIStandAlonePlayer.aspx?Id=c0381cab-6e68-4374-bcc4-fd16c6c031f8,https://councilrecord.ca/pittmeadows.html#vote/1td51rb,"THAT Council: A. DEFER any decision on sound attenuation along Airport Way to a future Council meeting; AND B. Direct Staff to bring back to Council for consideration at a future council meeting when: 1. all phases of the Golden Ears Business Park [""GEBP""] are fully completed and occupied; AND 2. at an appropriate time, implement a noise study to establish post construction levels of noise, using the same noise measurement/level formulas; AND 3. provide a final recommendation on the need or otherwise for an attenuation/acoustic wall barrier along the southside of Airport Way, using current engineering recommendations as to a suitable location for such work to be completed."
2023-07-25,Public Council,I.3,Airport Way Noise Barrier – Updated Feasibility Study,Main motion,Carried,5,2,0,,,In favour,In favour,Against,In favour,In favour,Against,In favour,Neighbourhood character,2 of 2,,,https://pub-pittmeadows.escribemeetings.com/filestream.ashx?DocumentId=14746,https://pub-pittmeadows.escribemeetings.com/Players/ISIStandAlonePlayer.aspx?Id=c0381cab-6e68-4374-bcc4-fd16c6c031f8,https://councilrecord.ca/pittmeadows.html#vote/1wr7mc9,"THAT Council: A. Oppose the installation of a noise barrier along the south side of Airport Way, east of Bonson Rd; AND B. Direct staff to inform the residents surveyed along Airport Way of their decision."
2023-07-25,Public Council,I.4,"Municipal Insurance Association of BC's [""MIABC""] Voting Delegates",Main motion,Carried,7,0,0,,,In favour,In favour,In favour,In favour,In favour,In favour,In favour,Governance & elections,,,,https://pub-pittmeadows.escribemeetings.com/filestream.ashx?DocumentId=14746,https://pub-pittmeadows.escribemeetings.com/Players/ISIStandAlonePlayer.aspx?Id=c0381cab-6e68-4374-bcc4-fd16c6c031f8,https://councilrecord.ca/pittmeadows.html#vote/b499sf,THAT Council: A. Appoint the following delegates to represent and vote the interests of the City at any meeting of the Subscribers of the Municipal Insurance Association of BC (MIABC): 1. Primary Delegate - Mayor Nicole MacDonald; 2. First Alternate – Councillor Tracy Elke; 3. Second Alternate – Councillor Mike Hayes.
2023-07-25,Public Council,I.5,Investment Policy and Surplus Policy Update,Main motion,Carried,7,0,0,,,In favour,In favour,In favour,In favour,In favour,In favour,In favour,Taxes & spending; Governance & elections,,,,https://pub-pittmeadows.escribemeetings.com/filestream.ashx?DocumentId=14746,https://pub-pittmeadows.escribemeetings.com/Players/ISIStandAlonePlayer.aspx?Id=c0381cab-6e68-4374-bcc4-fd16c6c031f8,https://councilrecord.ca/pittmeadows.html#vote/1gt3fm6,"THAT Council: A. Approve the amendments to Council policy C055 ‘Investment Policy’ as presented at the July 25, 2023 Public Meeting of Council; AND th B. Reaffirm Council policy C094 ‘Surplus Policy’ as presented at the July 25 , 2023 Public Meeting of Council."
2023-07-25,Public Council,J.1,Delegation of Authority Amendment Bylaw and Purchasing and Procurement Policy Revisions,Main motion,Carried,7,0,0,,,In favour,In favour,In favour,In favour,In favour,In favour,In favour,Taxes & spending; Governance & elections,,,,https://pub-pittmeadows.escribemeetings.com/filestream.ashx?DocumentId=14746,https://pub-pittmeadows.escribemeetings.com/Players/ISIStandAlonePlayer.aspx?Id=c0381cab-6e68-4374-bcc4-fd16c6c031f8,https://councilrecord.ca/pittmeadows.html#vote/10cfqps,"THAT Council: A. Grant first, second and third readings to the Delegation of Authority Amendment Bylaw No. 2960, 2023; AND B. Direct staff to bring forward amended Council Policy C012 Purchasing and Procurement as presented at the July 25, 2023 Public Meeting of Council for consideration of approval following adoption of Delegation of Authority Amendment Bylaw No. 2960, 2023."
2023-07-25,Public Council,J.2,Rezoning Application for 11749 Harris Road,Main motion,Carried,7,0,0,,,In favour,In favour,In favour,In favour,In favour,In favour,In favour,Housing & density; Development; Taxes & spending,,,,https://pub-pittmeadows.escribemeetings.com/filestream.ashx?DocumentId=14746,https://pub-pittmeadows.escribemeetings.com/Players/ISIStandAlonePlayer.aspx?Id=c0381cab-6e68-4374-bcc4-fd16c6c031f8,https://councilrecord.ca/pittmeadows.html#vote/iljxkj,"THAT Council: A. Grant first and second readings to Zoning Amendment Bylaw No. 2940, 2023 to rezone the property at 11749 Harris Road from RS (Large Lot Residential) to R-2 (Small Lot Residential) in order to subdivide the property into two lots; AND B. Direct Staff to schedule a Public Hearing for an upcoming Meeting of Council."
2023-07-25,Public Council,J.3,Parks and Community Facilities Regulations Bylaw,Main motion,Carried,7,0,0,,,In favour,In favour,In favour,In favour,In favour,In favour,In favour,Parks & recreation,,,,https://pub-pittmeadows.escribemeetings.com/filestream.ashx?DocumentId=14746,https://pub-pittmeadows.escribemeetings.com/Players/ISIStandAlonePlayer.aspx?Id=c0381cab-6e68-4374-bcc4-fd16c6c031f8,https://councilrecord.ca/pittmeadows.html#vote/1q38j08,"THAT Council: A. Adopt the Parks and Community Facilities Regulations Bylaw No. 2954, 2023; AND B. Adopt the Bylaw Notice Enforcement Bylaw Amendment No. 2959, 2023."
2023-09-12,Public Council,H.2,New Autonomous RCMP Detachment and Harris Road Park Washroom Project Update,Main motion,Carried,7,0,0,,,In favour,In favour,In favour,In favour,In favour,In favour,In favour,Transportation; Parks & recreation; Public services,,,,https://pub-pittmeadows.escribemeetings.com/filestream.ashx?DocumentId=14792,https://pub-pittmeadows.escribemeetings.com/Players/ISIStandAlonePlayer.aspx?Id=29539a05-6581-47cb-b723-f36e624d31aa,https://councilrecord.ca/pittmeadows.html#vote/ke08y8,"THAT Council: A. Receive for information the Staff Report titled “New Autonomous RCMP Detachment and Harris Road Park Washroom Project Update” as presented at the September 12, 2023 Council Meeting."
2023-09-12,Public Council,H.3,2023 Second Quarter Report to the Community,Main motion,Carried,7,0,0,,,In favour,In favour,In favour,In favour,In favour,In favour,In favour,Other,,,,https://pub-pittmeadows.escribemeetings.com/filestream.ashx?DocumentId=14792,https://pub-pittmeadows.escribemeetings.com/Players/ISIStandAlonePlayer.aspx?Id=29539a05-6581-47cb-b723-f36e624d31aa,https://councilrecord.ca/pittmeadows.html#vote/9ge2ft,"THAT Council: A. Receive for information the 2023 Second Quarter Report to the Community highlighting the work and accomplishments of the City from April 1 to June 30, 2023."
2023-09-12,Public Council,I.1,Rezoning Application and Cannabis Retail Store Licence for 725 – 19800 Lougheed Highway,Main motion,Carried,6,1,0,,,In favour,In favour,In favour,In favour,In favour,In favour,Against,Housing & density; Development; Neighbourhood character; Business & economy,,,,https://pub-pittmeadows.escribemeetings.com/filestream.ashx?DocumentId=14792,https://pub-pittmeadows.escribemeetings.com/Players/ISIStandAlonePlayer.aspx?Id=29539a05-6581-47cb-b723-f36e624d31aa,https://councilrecord.ca/pittmeadows.html#vote/1rf1voq,"THAT Council: A. Adopt Zoning Amendment Bylaw No. 2936, 2023 to permit a new cannabis retail store at 725 - 19800 Lougheed Hwy; AND B. Recommend to the Liquor and Cannabis Regulation Branch that the Cannabis Retail Store licence for Seed & Stone at 725 – 19800 Lougheed Highway be issued; AND C. Direct staff to forward to the Liquor and Cannabis Regulation Branch the written comments attached to the “Rezoning Application and Cannabis Retail Store Licence for 725 – 19800 Lougheed Highway” report dat ed September 1, 2023."
2023-09-12,Public Council,I.2,Rezoning and Development Permit Application for 19072 Advent Road,Main motion,Carried,7,0,0,,,In favour,In favour,In favour,In favour,In favour,In favour,In favour,Development,,,,https://pub-pittmeadows.escribemeetings.com/filestream.ashx?DocumentId=14792,https://pub-pittmeadows.escribemeetings.com/Players/ISIStandAlonePlayer.aspx?Id=29539a05-6581-47cb-b723-f36e624d31aa,https://councilrecord.ca/pittmeadows.html#vote/msx2bq,"THAT Council: A. Approve issuance of Development Permit No. 2022-001, to permit the development of six single family dwellings in a bare land strata subdivision at 19072 Advent Road; AND B. Adopt Zoning Amendment Bylaw No. 2894, 2021; AND C. Direct staff to include the property at 19072 Advent Road in the Residential – Low Density land use designation, as part of a future update to Official Community Plan Bylaw No. 2864, 2020."
2023-09-12,Public Council,I.3,Rezoning Application for 12051 Bonson Road,Main motion,Carried,7,0,0,,,In favour,In favour,In favour,In favour,In favour,In favour,In favour,Housing & density; Development,,,,https://pub-pittmeadows.escribemeetings.com/filestream.ashx?DocumentId=14792,https://pub-pittmeadows.escribemeetings.com/Players/ISIStandAlonePlayer.aspx?Id=29539a05-6581-47cb-b723-f36e624d31aa,https://councilrecord.ca/pittmeadows.html#vote/5sx0jh,"THAT Council: A. Adopt Zoning Amendment Bylaw No. 2941, 2023 to permit the subdivision of the property at 12051 Bonson Road into three single family lots."
2023-09-26,Public Council,B,LATE ITEMS,Main motion,Carried,6,0,1,,,In favour,Absent,In favour,In favour,In favour,In favour,In favour,Public services,,,,https://pub-pittmeadows.escribemeetings.com/filestream.ashx?DocumentId=14899,https://pub-pittmeadows.escribemeetings.com/Players/ISIStandAlonePlayer.aspx?Id=1dcee263-f442-4ca3-b510-3ff38191acdb,https://councilrecord.ca/pittmeadows.html#vote/1yq966x,"THAT Council add the following item to the agenda: D.2 Recognition of RCMP Officer, Constabl e Rick O’Brien"
2023-09-26,Public Council,I,CONSENT AGENDA,Main motion,Carried,6,0,1,,,In favour,Absent,In favour,In favour,In favour,In favour,In favour,Other,,,,https://pub-pittmeadows.escribemeetings.com/filestream.ashx?DocumentId=14899,https://pub-pittmeadows.escribemeetings.com/Players/ISIStandAlonePlayer.aspx?Id=1dcee263-f442-4ca3-b510-3ff38191acdb,https://councilrecord.ca/pittmeadows.html#vote/bcq26l,THAT the following item be received into the record: I.1 Wrongful Conviction Day
2023-09-26,Public Council,J.1,2023 Asset Management Plan Update,Main motion,Carried,6,0,1,,,In favour,Absent,In favour,In favour,In favour,In favour,In favour,Taxes & spending,,,,https://pub-pittmeadows.escribemeetings.com/filestream.ashx?DocumentId=14899,https://pub-pittmeadows.escribemeetings.com/Players/ISIStandAlonePlayer.aspx?Id=1dcee263-f442-4ca3-b510-3ff38191acdb,https://councilrecord.ca/pittmeadows.html#vote/1jt497h,"THAT Council: A. Receive for information the report titled ‘2023 Asset Management Plan Update’ as pr esented at the September 26, 2023 Council Meeting."
2023-09-26,Public Council,J.2,City Committees Policy C102 - Amendments,Main motion,Carried,6,0,1,,,In favour,Absent,In favour,In favour,In favour,In favour,In favour,Governance & elections,,,,https://pub-pittmeadows.escribemeetings.com/filestream.ashx?DocumentId=14899,https://pub-pittmeadows.escribemeetings.com/Players/ISIStandAlonePlayer.aspx?Id=1dcee263-f442-4ca3-b510-3ff38191acdb,https://councilrecord.ca/pittmeadows.html#vote/rpc3el,"THAT Council: A. Approve the amendments to ‘City Committees Policy C102’ as presented at the September 26, 2023 Council Meeting."
2023-09-26,Public Council,J.3,Purchasing and Procurement Policy C012,Main motion,Carried,6,0,1,,,In favour,Absent,In favour,In favour,In favour,In favour,In favour,Taxes & spending; Governance & elections,,,,https://pub-pittmeadows.escribemeetings.com/filestream.ashx?DocumentId=14899,https://pub-pittmeadows.escribemeetings.com/Players/ISIStandAlonePlayer.aspx?Id=1dcee263-f442-4ca3-b510-3ff38191acdb,https://councilrecord.ca/pittmeadows.html#vote/18xxxf5,"THAT Council: A. Approve amendments to Purchasing and Procurement Council Policy C012 as presented at the September 26, 2023 Council Meeting."
2023-10-17,Public Council,G,CONSENT AGENDA,Main motion,Carried,6,0,1,,,In favour,In favour,In favour,In favour,In favour,Absent,In favour,Other,,,,https://pub-pittmeadows.escribemeetings.com/filestream.ashx?DocumentId=14982,https://pub-pittmeadows.escribemeetings.com/Players/ISIStandAlonePlayer.aspx?Id=36d17d7d-87ce-4f5c-8d3e-7acd3fe4b0a9,https://councilrecord.ca/pittmeadows.html#vote/1s6oleg,THAT the following item be received into the record: G.1 Foster Family Month G.2 Closed Items Released to the Public
2023-10-17,Public Council,H.1,Community Resiliency Investment Program – FireSmart Community Funding & Support Grant Application Approval,Main motion,Carried,6,0,1,,,In favour,In favour,In favour,In favour,In favour,Absent,In favour,Taxes & spending; Public services,,,,https://pub-pittmeadows.escribemeetings.com/filestream.ashx?DocumentId=14982,https://pub-pittmeadows.escribemeetings.com/Players/ISIStandAlonePlayer.aspx?Id=36d17d7d-87ce-4f5c-8d3e-7acd3fe4b0a9,https://councilrecord.ca/pittmeadows.html#vote/zeu03j,"THAT Council: A. Direct staff to make an application to the Community Resiliency Investment Program - FireSmart Community Funding & Supports, in the amount of $100,000, to enhance the City’s Emergency Program."
2023-10-17,Public Council,H.4,Golden Ears Business Park Trail Naming,Main motion,Carried,6,0,1,,,In favour,In favour,In favour,In favour,In favour,Absent,In favour,Neighbourhood character; Parks & recreation; Business & economy,,,,https://pub-pittmeadows.escribemeetings.com/filestream.ashx?DocumentId=14982,https://pub-pittmeadows.escribemeetings.com/Players/ISIStandAlonePlayer.aspx?Id=36d17d7d-87ce-4f5c-8d3e-7acd3fe4b0a9,https://councilrecord.ca/pittmeadows.html#vote/1rln7er,"THAT Council: A. Approve the naming of the new and extended trail sections surrounding Golden Ears Business Park Phases 3 and 4 as presented at the October 17, 2023 Council Meeting."
2023-10-17,Public Council,H.5,Development Application for Sheridan Hill,Main motion,Carried,6,0,1,,,In favour,In favour,In favour,In favour,In favour,Absent,In favour,Housing & density,,,,https://pub-pittmeadows.escribemeetings.com/filestream.ashx?DocumentId=14982,https://pub-pittmeadows.escribemeetings.com/Players/ISIStandAlonePlayer.aspx?Id=36d17d7d-87ce-4f5c-8d3e-7acd3fe4b0a9,https://councilrecord.ca/pittmeadows.html#vote/s7o2x2,"THAT Council: A. Direct staff to advise the applicant of the Sheridan Hill development application, as described in the report dated October 5, 2023, to revise the application to be consistent with a density of one unit per net hectare as outlined in the Official Community Plan; AND B. Direct staff to review the rural area land use policies in the City’s Regional Context Statement and Official Community Plan, to ensure consistency with the Regional Growth Strategy and the overall intent of the Official Community Plan."
2023-10-17,Public Council,H.6,Request for Municipal Support for Bus Rapid Transit (BRT),Main motion,Carried,6,0,1,,,In favour,In favour,In favour,In favour,In favour,Absent,In favour,Transportation,,,,https://pub-pittmeadows.escribemeetings.com/filestream.ashx?DocumentId=14982,https://pub-pittmeadows.escribemeetings.com/Players/ISIStandAlonePlayer.aspx?Id=36d17d7d-87ce-4f5c-8d3e-7acd3fe4b0a9,https://councilrecord.ca/pittmeadows.html#vote/q6yuqs,"THAT Council: A. Support, in principle, a BRT line along the Lougheed Corridor as outlined in the TransLink Briefing Note dated September 7, 2023; AND B. Direct staff to continue to work with TransLink, the Ministry of Transportation & Infrastructure, and adjacent municipalities on the details of the Lougheed Corridor BRT line; AND C. Request that the Mayors’ Council prioritize the Lough eed BRT Corridor as a BRT project, subject to the outcomes of the assessment, planning and design stages."
2023-10-17,Public Council,I.1,Rezoning Application for 11749 Harris Road,Main motion,Carried,6,0,1,,,In favour,In favour,In favour,In favour,In favour,Absent,In favour,Housing & density; Development; Taxes & spending,,,,https://pub-pittmeadows.escribemeetings.com/filestream.ashx?DocumentId=14982,https://pub-pittmeadows.escribemeetings.com/Players/ISIStandAlonePlayer.aspx?Id=36d17d7d-87ce-4f5c-8d3e-7acd3fe4b0a9,https://councilrecord.ca/pittmeadows.html#vote/1ysqd6q,"THAT Council: A. Grant third reading to Zoning Amendment Bylaw No. 2940, 2023 to rezone the property at 11749 Harris Rd from RS (Large Lot Residential) to R-2 (Small Lot Residential) in order to subdivide the property into two lots; AND B. Require the following conditions be fulfilled prior to adoption of Zoning Amendment Bylaw No. 2940, 2023; 1. Payment of $4,500 as Residential Community Amenity Contribution as offered by the developer; AND 2. Registration of a tree protection covenant."
2023-10-17,Public Council,I.2,Rezoning Application for 19506 Hammond Road,Main motion,Carried,6,0,1,,,In favour,In favour,In favour,In favour,In favour,Absent,In favour,Housing & density; Development; Taxes & spending,,,,https://pub-pittmeadows.escribemeetings.com/filestream.ashx?DocumentId=14982,https://pub-pittmeadows.escribemeetings.com/Players/ISIStandAlonePlayer.aspx?Id=36d17d7d-87ce-4f5c-8d3e-7acd3fe4b0a9,https://councilrecord.ca/pittmeadows.html#vote/xdtri9,"THAT Council: A. Grant third reading to Zoning Amendment Bylaw No. 2925, 2022 to rezone the property at 19506 Hammond Rd from R-1 (Medium Lot Residential) to R-2 (Small Lot Residential); AND B. Require the following condition be fulfilled prior to adoption of Zoning Amendment Bylaw No. 2925, 2022: 1. Payment of the $4,500 as Residential Community Amenity Contribution as offered by the developer."
2023-10-17,Public Council,I.3,Inter-municipal Business Licence Amendment Bylaw,Main motion,Carried,6,0,1,,,In favour,In favour,In favour,In favour,In favour,Absent,In favour,Taxes & spending; Business & economy,,,,https://pub-pittmeadows.escribemeetings.com/filestream.ashx?DocumentId=14982,https://pub-pittmeadows.escribemeetings.com/Players/ISIStandAlonePlayer.aspx?Id=36d17d7d-87ce-4f5c-8d3e-7acd3fe4b0a9,https://councilrecord.ca/pittmeadows.html#vote/1pef3de,"THAT Council: A. Grant first, second and third readings to Inter-municipal Business Licence Amendment Bylaw No. 2965, 2023 to remove reference of the City of Merritt as a participating municipality."
2023-10-17,Public Council,I.4,OCP and Zoning Amendment Bylaw for New RCMP Site at 12486 Harris Road,Main motion,Carried,6,0,1,,,In favour,In favour,In favour,In favour,In favour,Absent,In favour,Housing & density; Development; Public services,,,,https://pub-pittmeadows.escribemeetings.com/filestream.ashx?DocumentId=14982,https://pub-pittmeadows.escribemeetings.com/Players/ISIStandAlonePlayer.aspx?Id=36d17d7d-87ce-4f5c-8d3e-7acd3fe4b0a9,https://councilrecord.ca/pittmeadows.html#vote/4djf7u,"THAT Council: A. Adopt Official Community Plan Amendment Bylaw No. 2942, 2023; AND B. Adopt Zoning Amendment Bylaw No. 2943, 2023."
2023-10-24,Public Council,G,CONSENT AGENDA,Main motion,Carried,7,0,0,,,In favour,In favour,In favour,In favour,In favour,In favour,In favour,Housing & density; Environment & climate; Public services; Governance & elections,,,,https://pub-pittmeadows.escribemeetings.com/filestream.ashx?DocumentId=15031,https://pub-pittmeadows.escribemeetings.com/Players/ISIStandAlonePlayer.aspx?Id=f8c5ac88-0d2e-46aa-841c-6127561d6a0d,https://councilrecord.ca/pittmeadows.html#vote/1qn3bf7,"THAT the following items be received into the record: G.1 Ridge Meadows RCMP - An Open Letter from the Officer-In-Charge G.2 Letter to the Minister of Housing, Infrastructure and Communities G.3 Letter to the Minister of Transport G.4 Letter to the Ministry of Transportation and Infrastructure (""MOTI"") G.5 Letter to the Vancouver Fraser Port Authority Items G.2, G.3, G.4 and G.5 were PULLED for discussion. Following the discussion, the question was called on the main motion and it was:"
2023-10-24,Public Council,H.1,Community Emergency Preparedness Fund – Volunteer and Composite Fire Departments Equipment and Training Grant Application Approval,Main motion,Carried,7,0,0,,,In favour,In favour,In favour,In favour,In favour,In favour,In favour,Taxes & spending; Public services,,,,https://pub-pittmeadows.escribemeetings.com/filestream.ashx?DocumentId=15031,https://pub-pittmeadows.escribemeetings.com/Players/ISIStandAlonePlayer.aspx?Id=f8c5ac88-0d2e-46aa-841c-6127561d6a0d,https://councilrecord.ca/pittmeadows.html#vote/gmk1br,"THAT Council: A. Direct Staff to make an application to the Community Emergency Preparedness Fund – Volunteer and Composite Fire Departments Equipment and Training Grant, in the amount of $30,000 to deliver specialized training and equipment to members of Pitt Meadows Fire & Rescue Service."
2023-10-24,Public Council,H.2,Rezoning Application to Permit a New Cannabis Retail Store at 112 – 19150 Lougheed Highway,Main motion,Carried,5,2,0,,,In favour,In favour,In favour,Against,In favour,In favour,Against,Housing & density; Development; Neighbourhood character; Business & economy,,,,https://pub-pittmeadows.escribemeetings.com/filestream.ashx?DocumentId=15031,https://pub-pittmeadows.escribemeetings.com/Players/ISIStandAlonePlayer.aspx?Id=f8c5ac88-0d2e-46aa-841c-6127561d6a0d,https://councilrecord.ca/pittmeadows.html#vote/at1uct,THAT Council: A. Direct the applicant to host a Development Information Meeting regarding the application to permit retail cannabis sales at 112 – 19150 Lougheed Highway.
2023-10-24,Public Council,H.3,Introductory Report - Rezoning Text Amendment at 17430 Kennedy Road,Main motion,Carried,7,0,0,,,In favour,In favour,In favour,In favour,In favour,In favour,In favour,Housing & density; Development,,,,https://pub-pittmeadows.escribemeetings.com/filestream.ashx?DocumentId=15031,https://pub-pittmeadows.escribemeetings.com/Players/ISIStandAlonePlayer.aspx?Id=f8c5ac88-0d2e-46aa-841c-6127561d6a0d,https://councilrecord.ca/pittmeadows.html#vote/htzpcj,THAT Council: A. Reject the application to rezone the property at 17430 Kennedy Road to allow for residential use.
2023-10-24,Public Council,H.4,Presentation Schedule for the 2024 Corporate Business Plan,Main motion,Carried,7,0,0,,,In favour,In favour,In favour,In favour,In favour,In favour,In favour,Business & economy,,,,https://pub-pittmeadows.escribemeetings.com/filestream.ashx?DocumentId=15031,https://pub-pittmeadows.escribemeetings.com/Players/ISIStandAlonePlayer.aspx?Id=f8c5ac88-0d2e-46aa-841c-6127561d6a0d,https://councilrecord.ca/pittmeadows.html#vote/1bi33nm,"THAT Council: A. Receive for information the October 3, 2023 Staff Report titled “Presentation Sche dule for the 2 024 Corporate Business Plan”."
2023-10-24,Public Council,H.5,Q4 2023 Strategic Priorities Quarterly Report,Main motion,Carried,7,0,0,,,In favour,In favour,In favour,In favour,In favour,In favour,In favour,Other,,,,https://pub-pittmeadows.escribemeetings.com/filestream.ashx?DocumentId=15031,https://pub-pittmeadows.escribemeetings.com/Players/ISIStandAlonePlayer.aspx?Id=f8c5ac88-0d2e-46aa-841c-6127561d6a0d,https://councilrecord.ca/pittmeadows.html#vote/lrivr7,"THAT Council: A. Approve the operational strategies for Q4 2023 as presented to Council on October 24, 2023."
2023-10-24,Public Council,H.6,2024 Council Meeting Schedule,Main motion,Carried,7,0,0,,,In favour,In favour,In favour,In favour,In favour,In favour,In favour,Governance & elections,,,,https://pub-pittmeadows.escribemeetings.com/filestream.ashx?DocumentId=15031,https://pub-pittmeadows.escribemeetings.com/Players/ISIStandAlonePlayer.aspx?Id=f8c5ac88-0d2e-46aa-841c-6127561d6a0d,https://councilrecord.ca/pittmeadows.html#vote/1i49u62,"THAT Council: A. Approve the 2024 Council Meeting Schedule as presented at the October 24, 2023 Council meeting; AND B. Direct staff to publish the 2024 Council Meeting Schedule and give notice of the availability of the schedule as per section 127 of the Community Charter."
2023-10-24,Public Council,I.1,Inter-municipal Business Licence Amendment Bylaw,Main motion,Carried,7,0,0,,,In favour,In favour,In favour,In favour,In favour,In favour,In favour,Business & economy,,,,https://pub-pittmeadows.escribemeetings.com/filestream.ashx?DocumentId=15031,https://pub-pittmeadows.escribemeetings.com/Players/ISIStandAlonePlayer.aspx?Id=f8c5ac88-0d2e-46aa-841c-6127561d6a0d,https://councilrecord.ca/pittmeadows.html#vote/72nck9,"THAT Council: A. Adopt Inter-municipal Business Licence Amendment Bylaw No. 2965, 2023; AND B. Authorize the Corporate Officer to execute the Inter-municipal Business Licence Agreement."
2023-11-07,Public Council,G.1,Adoption Awareness Month,Main motion,Carried,7,0,0,,,In favour,In favour,In favour,In favour,In favour,In favour,In favour,Other,,,,https://pub-pittmeadows.escribemeetings.com/filestream.ashx?DocumentId=15438,https://pub-pittmeadows.escribemeetings.com/Players/ISIStandAlonePlayer.aspx?Id=841f6506-2ca6-4745-afe7-f169a76742df,https://councilrecord.ca/pittmeadows.html#vote/1oae1kr,THAT the following item be received into the record:  G.1 Adoption Awareness Month
2023-11-07,Public Council,H.1,Municipal Approving Officer,Main motion,Carried,7,0,0,,,In favour,In favour,In favour,In favour,In favour,In favour,In favour,Environment & climate,,,,https://pub-pittmeadows.escribemeetings.com/filestream.ashx?DocumentId=15438,https://pub-pittmeadows.escribemeetings.com/Players/ISIStandAlonePlayer.aspx?Id=841f6506-2ca6-4745-afe7-f169a76742df,https://councilrecord.ca/pittmeadows.html#vote/13hf4dt,"THAT Council: A. Appoint Patrick Ward, Director of Planning and Development, as the Municipal Approving Officer for the City of Pitt Meadows pursuant to Section 77 of the Land Title Act ."
2023-11-07,Public Council,H.2,2023 Third Quarter Report to the Community,Main motion,Carried,7,0,0,,,In favour,In favour,In favour,In favour,In favour,In favour,In favour,Other,,,,https://pub-pittmeadows.escribemeetings.com/filestream.ashx?DocumentId=15438,https://pub-pittmeadows.escribemeetings.com/Players/ISIStandAlonePlayer.aspx?Id=841f6506-2ca6-4745-afe7-f169a76742df,https://councilrecord.ca/pittmeadows.html#vote/19i54o2,"THAT Council: A. Receive for information the 2023 Third Quarter Report to the Community highlighting the work and accomplishments of the City from July 1 to September 30, 2023."
2023-11-07,Public Council,H.3,Good Governance Policy C109,Main motion,Carried,7,0,0,,,In favour,In favour,In favour,In favour,In favour,In favour,In favour,Governance & elections,,,,https://pub-pittmeadows.escribemeetings.com/filestream.ashx?DocumentId=15438,https://pub-pittmeadows.escribemeetings.com/Players/ISIStandAlonePlayer.aspx?Id=841f6506-2ca6-4745-afe7-f169a76742df,https://councilrecord.ca/pittmeadows.html#vote/1w0mdmg,"THAT Council: A. Approve the ‘Good Governance’ Policy C109 as presented at the November 7, 2023 Council Meeting; AND B. Repeal ‘Policy Administration & Evaluation’ Policy C065."
2023-11-07,Public Council,H.4,2023 Eight (8) Month Budget Variance Review,Main motion,Carried,7,0,0,,,In favour,In favour,In favour,In favour,In favour,In favour,In favour,Taxes & spending,,,,https://pub-pittmeadows.escribemeetings.com/filestream.ashx?DocumentId=15438,https://pub-pittmeadows.escribemeetings.com/Players/ISIStandAlonePlayer.aspx?Id=841f6506-2ca6-4745-afe7-f169a76742df,https://councilrecord.ca/pittmeadows.html#vote/xnq972,"THAT Council: A. Direct staff to prepare an amended 2023 – 2027 Financial Plan Bylaw reflective of the information contained in the ‘2023 Eight Month Budget Variance Review’ report dated October 30, 2023."
2023-11-07,Public Council,H.5,Leases and Licenses to Occupy Municipally Owned Property Update,Main motion,Carried,7,0,0,,,In favour,In favour,In favour,In favour,In favour,In favour,In favour,Business & economy; Governance & elections,,,,https://pub-pittmeadows.escribemeetings.com/filestream.ashx?DocumentId=15438,https://pub-pittmeadows.escribemeetings.com/Players/ISIStandAlonePlayer.aspx?Id=841f6506-2ca6-4745-afe7-f169a76742df,https://councilrecord.ca/pittmeadows.html#vote/u55s7y,"THAT Council: A. Approve the amendments to Council Policy C040 ‘Leases and Licenses to Occupy Municipally Owned Property’ as presented at the November 7, 2023 Council meeting."
2023-11-07,Public Council,I.1,Growing Communities Reserve Fund Establishment Bylaw,Main motion,Carried,7,0,0,,,In favour,In favour,In favour,In favour,In favour,In favour,In favour,Taxes & spending,,,,https://pub-pittmeadows.escribemeetings.com/filestream.ashx?DocumentId=15438,https://pub-pittmeadows.escribemeetings.com/Players/ISIStandAlonePlayer.aspx?Id=841f6506-2ca6-4745-afe7-f169a76742df,https://councilrecord.ca/pittmeadows.html#vote/1q2jh1r,"THAT Council: A. Grant first, second, and third readings to the Growing Communities Reserve Fund Bylaw No. 2967, 2023 as presented at the November 7, 2023 Council Meeting."
2023-11-07,Public Council,I.2,Development Application Fee Bylaw and Residential Community Amenity Contribution Policy Update,Main motion,Carried,7,0,0,,,In favour,In favour,In favour,In favour,In favour,In favour,In favour,Housing & density; Development; Taxes & spending,,,,https://pub-pittmeadows.escribemeetings.com/filestream.ashx?DocumentId=15438,https://pub-pittmeadows.escribemeetings.com/Players/ISIStandAlonePlayer.aspx?Id=841f6506-2ca6-4745-afe7-f169a76742df,https://councilrecord.ca/pittmeadows.html#vote/1jlf6u0,"THAT Council: A. Grant first, second and third readings to Development Application Fee Bylaw Amendment Bylaw No. 2963, 2023 as presented at the November 7, 2023 Council Meeting; AND B. Approve the amendments to ‘Council Policy C091 Residential Community Amenity Contributions’ as presented at the November 7, 2023 Council Meeting."
2023-11-07,Public Council,I.3,Development Permit Amendment for Meadowtown Shopping Centre,Postponement,Carried,7,0,0,,,In favour,In favour,In favour,In favour,In favour,In favour,In favour,Development; Environment & climate,,,,https://pub-pittmeadows.escribemeetings.com/filestream.ashx?DocumentId=15438,https://pub-pittmeadows.escribemeetings.com/Players/ISIStandAlonePlayer.aspx?Id=841f6506-2ca6-4745-afe7-f169a76742df,https://councilrecord.ca/pittmeadows.html#vote/1cem1vw,"THAT Council: A. Defer consideration of the Development Permit Amendment No. 2002- 005-014, to the December 5, 2023 Regular Council Meeting to allow Staff an opportunity to research options related to the building orientation, light pollution, tree screening and berm considerations."
2023-11-27,Public Council,E.3,2024 Financial Plan Overview,Main motion,Carried,7,0,0,,,In favour,In favour,In favour,In favour,In favour,In favour,In favour,Taxes & spending,,,,https://pub-pittmeadows.escribemeetings.com/filestream.ashx?DocumentId=15184,https://pub-pittmeadows.escribemeetings.com/Players/ISIStandAlonePlayer.aspx?Id=7fbe54d4-24bb-4ee8-88c9-73b39f70971d,https://councilrecord.ca/pittmeadows.html#vote/u0y0m2,"THAT Council: A. Receive for information the 2024 Financial Plan Overview and Staff Report as presented at the November 27, 2023 meeting of Council."
2023-11-27,Public Council,E.4,2024 Business Plan - Offices of the City Council and Chief Administrative Officer,Main motion,Carried,7,0,0,,,In favour,In favour,In favour,In favour,In favour,In favour,In favour,Business & economy,,,,https://pub-pittmeadows.escribemeetings.com/filestream.ashx?DocumentId=15184,https://pub-pittmeadows.escribemeetings.com/Players/ISIStandAlonePlayer.aspx?Id=7fbe54d4-24bb-4ee8-88c9-73b39f70971d,https://councilrecord.ca/pittmeadows.html#vote/ukuub5,"THAT Council: A. Receive for information the Council and CAO 2024 Draft Business Plan and Staff Report as presented at the November 27, 2023 meeting of Council."
2023-11-27,Public Council,E.5,2024 Draft Business Plan - Administrative Services,Main motion,Carried,7,0,0,,,In favour,In favour,In favour,In favour,In favour,In favour,In favour,Business & economy,,,,https://pub-pittmeadows.escribemeetings.com/filestream.ashx?DocumentId=15184,https://pub-pittmeadows.escribemeetings.com/Players/ISIStandAlonePlayer.aspx?Id=7fbe54d4-24bb-4ee8-88c9-73b39f70971d,https://councilrecord.ca/pittmeadows.html#vote/1w6emri,"THAT Council: A. Receive for information the Administrative Services 2024 Draft Business Plan and Staff Report as presented at the November 27, 2023 meeting of Council."
2023-11-27,Public Council,E.6,2024 Draft Business Plan - Financial Services,Main motion,Carried,7,0,0,,,In favour,In favour,In favour,In favour,In favour,In favour,In favour,Business & economy,,,,https://pub-pittmeadows.escribemeetings.com/filestream.ashx?DocumentId=15184,https://pub-pittmeadows.escribemeetings.com/Players/ISIStandAlonePlayer.aspx?Id=7fbe54d4-24bb-4ee8-88c9-73b39f70971d,https://councilrecord.ca/pittmeadows.html#vote/pj4k72,"THAT Council: A. Receive for information the Financial Services 2024 Draft Business Plan and Staff Report as presented at the November 27, 2023 meeting of Council."
2023-11-27,Public Council,E.7,2024 Draft Business Plan - Planning and Development,Main motion,Carried,7,0,0,,,In favour,In favour,In favour,In favour,In favour,In favour,In favour,Business & economy,,,,https://pub-pittmeadows.escribemeetings.com/filestream.ashx?DocumentId=15184,https://pub-pittmeadows.escribemeetings.com/Players/ISIStandAlonePlayer.aspx?Id=7fbe54d4-24bb-4ee8-88c9-73b39f70971d,https://councilrecord.ca/pittmeadows.html#vote/sjsivd,"THAT Council: A. Receive for information the Planning and Development 2024 Draft Business Plan and Staff Report as presented at the November 27, 2023 meeting of Council."
2023-11-27,Public Council,E.8,2024 Draft Business Plan - Human Resources,Main motion,Carried,7,0,0,,,In favour,In favour,In favour,In favour,In favour,In favour,In favour,Business & economy,,,,https://pub-pittmeadows.escribemeetings.com/filestream.ashx?DocumentId=15184,https://pub-pittmeadows.escribemeetings.com/Players/ISIStandAlonePlayer.aspx?Id=7fbe54d4-24bb-4ee8-88c9-73b39f70971d,https://councilrecord.ca/pittmeadows.html#vote/1942h9w,"THAT Council: A. Receive for information the Human Resources 2024 Draft Business Plan and Staff Report as presented at the November 27, 2023 meeting of Council."
2023-11-27,Public Council,E.9,2024 Draft Business Plan - Information Technology,Main motion,Carried,7,0,0,,,In favour,In favour,In favour,In favour,In favour,In favour,In favour,Business & economy,,,,https://pub-pittmeadows.escribemeetings.com/filestream.ashx?DocumentId=15184,https://pub-pittmeadows.escribemeetings.com/Players/ISIStandAlonePlayer.aspx?Id=7fbe54d4-24bb-4ee8-88c9-73b39f70971d,https://councilrecord.ca/pittmeadows.html#vote/1g2cksv,"THAT Council: A. Receive for information the Information Technology 2024 Draft Business Plan and Staff Report as presented at the November 27, 2023 meeting of Council."
2023-11-27,Public Council,E.10,2024 Draft Business Plan - Communications & Community Engagement,Main motion,Carried,7,0,0,,,In favour,In favour,In favour,In favour,In favour,In favour,In favour,Business & economy,,,,https://pub-pittmeadows.escribemeetings.com/filestream.ashx?DocumentId=15184,https://pub-pittmeadows.escribemeetings.com/Players/ISIStandAlonePlayer.aspx?Id=7fbe54d4-24bb-4ee8-88c9-73b39f70971d,https://councilrecord.ca/pittmeadows.html#vote/1wrlkbz,"THAT Council: A. Receive for information the Communications & Community Engagement 2024 Draft Business Plan and Staff Report as presented at the November 27, 2023 meeting of Council."
2023-11-27,Public Council,E.11,2024 Draft Business Plan - Emergency Program,Main motion,Carried,7,0,0,,,In favour,In favour,In favour,In favour,In favour,In favour,In favour,Public services; Business & economy,,,,https://pub-pittmeadows.escribemeetings.com/filestream.ashx?DocumentId=15184,https://pub-pittmeadows.escribemeetings.com/Players/ISIStandAlonePlayer.aspx?Id=7fbe54d4-24bb-4ee8-88c9-73b39f70971d,https://councilrecord.ca/pittmeadows.html#vote/qgsn0j,"THAT Council: A. Receive for information the Emergency Program 2024 Draft Business Plan and Staff Report as presented at the November 27, 2023 meeting of Council."
2023-11-27,Public Council,E.12,2024 Draft Business Plan - Fire & Rescue Service,Main motion,Carried,7,0,0,,,In favour,In favour,In favour,In favour,In favour,In favour,In favour,Public services; Business & economy,,,,https://pub-pittmeadows.escribemeetings.com/filestream.ashx?DocumentId=15184,https://pub-pittmeadows.escribemeetings.com/Players/ISIStandAlonePlayer.aspx?Id=7fbe54d4-24bb-4ee8-88c9-73b39f70971d,https://councilrecord.ca/pittmeadows.html#vote/71heza,"THAT Council: A. Receive for information the Fire & Rescue Service 2024 Draft Business Plan and Staff Report as presented at the November 27, 2023 meeting of Council."
2023-11-28,Public Council,E.2,2024 Draft Business Plan - RCMP & Police Services,Main motion,Carried,7,0,0,,,In favour,In favour,In favour,In favour,In favour,In favour,In favour,Public services; Business & economy,,,,https://pub-pittmeadows.escribemeetings.com/filestream.ashx?DocumentId=15185,https://pub-pittmeadows.escribemeetings.com/Players/ISIStandAlonePlayer.aspx?Id=ab1e0243-d6f9-4414-94c5-e7ff5cf7ffd1,https://councilrecord.ca/pittmeadows.html#vote/1na1x8r,"THAT Council: A. Receive for information the RCMP & Police Services 2024 Draft Business Plan and Staff Report as presented at the November 28, 2023 meeting of Council."
2023-11-28,Public Council,E.3,2024 Business Plan - Parks Division,Main motion,Carried,7,0,0,,,In favour,In favour,In favour,In favour,In favour,In favour,In favour,Parks & recreation; Business & economy,,,,https://pub-pittmeadows.escribemeetings.com/filestream.ashx?DocumentId=15185,https://pub-pittmeadows.escribemeetings.com/Players/ISIStandAlonePlayer.aspx?Id=ab1e0243-d6f9-4414-94c5-e7ff5cf7ffd1,https://councilrecord.ca/pittmeadows.html#vote/3r8eer,"THAT Council: A. Receive for information the Parks Division 2024 Draft Business Plan and Staff Report as presented at the November 28, 2023 meeting of Council."
2023-11-28,Public Council,E.4,2024 Draft Business Plan - Recreation Division,Main motion,Carried,7,0,0,,,In favour,In favour,In favour,In favour,In favour,In favour,In favour,Parks & recreation; Business & economy,,,,https://pub-pittmeadows.escribemeetings.com/filestream.ashx?DocumentId=15185,https://pub-pittmeadows.escribemeetings.com/Players/ISIStandAlonePlayer.aspx?Id=ab1e0243-d6f9-4414-94c5-e7ff5cf7ffd1,https://councilrecord.ca/pittmeadows.html#vote/101iv2g,"THAT Council: A. Receive for information the Recreation Division 2024 Draft Business Plan and Staff Report as presented at the November 28, 2023 meeting of Council."
2023-11-28,Public Council,E.5,2024 Draft Business Plan - Culture Division,Main motion,Carried,7,0,0,,,In favour,In favour,In favour,In favour,In favour,In favour,In favour,Parks & recreation; Business & economy,,,,https://pub-pittmeadows.escribemeetings.com/filestream.ashx?DocumentId=15185,https://pub-pittmeadows.escribemeetings.com/Players/ISIStandAlonePlayer.aspx?Id=ab1e0243-d6f9-4414-94c5-e7ff5cf7ffd1,https://councilrecord.ca/pittmeadows.html#vote/1geyc5e,"THAT Council: A. Receive for information the Culture Division 2024 Draft Business Plan and Staff Report as presented at the November 28, 2023 meeting of Council."
2023-11-28,Public Council,E.6,2024 Draft Business Plan - Library Services,Main motion,Carried,7,0,0,,,In favour,In favour,In favour,In favour,In favour,In favour,In favour,Parks & recreation; Business & economy,,,,https://pub-pittmeadows.escribemeetings.com/filestream.ashx?DocumentId=15185,https://pub-pittmeadows.escribemeetings.com/Players/ISIStandAlonePlayer.aspx?Id=ab1e0243-d6f9-4414-94c5-e7ff5cf7ffd1,https://councilrecord.ca/pittmeadows.html#vote/bfi58p,"THAT Council: A. Receive for information the Library Services 2024 Draft Business Plan and Staff Report as presented at the November 28, 2023 meeting of Council."
2023-11-28,Public Council,E.7,2024 Draft Business Plan - Engineering Division,Main motion,Carried,7,0,0,,,In favour,In favour,In favour,In favour,In favour,In favour,In favour,Business & economy,,,,https://pub-pittmeadows.escribemeetings.com/filestream.ashx?DocumentId=15185,https://pub-pittmeadows.escribemeetings.com/Players/ISIStandAlonePlayer.aspx?Id=ab1e0243-d6f9-4414-94c5-e7ff5cf7ffd1,https://councilrecord.ca/pittmeadows.html#vote/17rp1ow,"THAT Council: A. Receive for information the Engineering Division 2024 Draft Business Plan and Staff Report as presented at the November 28, 2023 meeting of Council."
2023-11-28,Public Council,E.8,2024 Draft Business Plan - Facilities Division,Main motion,Carried,7,0,0,,,In favour,In favour,In favour,In favour,In favour,In favour,In favour,Business & economy,,,,https://pub-pittmeadows.escribemeetings.com/filestream.ashx?DocumentId=15185,https://pub-pittmeadows.escribemeetings.com/Players/ISIStandAlonePlayer.aspx?Id=ab1e0243-d6f9-4414-94c5-e7ff5cf7ffd1,https://councilrecord.ca/pittmeadows.html#vote/72jrij,"THAT Council: A. Receive for information the Facilities Division 2024 Draft Business Plan and Staff Report as presented at the November 28, 2023 meeting of Council."
2023-11-28,Public Council,E.9,2024 Draft Business Plan - Major Projects Division,Main motion,Carried,7,0,0,,,In favour,In favour,In favour,In favour,In favour,In favour,In favour,Business & economy,,,,https://pub-pittmeadows.escribemeetings.com/filestream.ashx?DocumentId=15185,https://pub-pittmeadows.escribemeetings.com/Players/ISIStandAlonePlayer.aspx?Id=ab1e0243-d6f9-4414-94c5-e7ff5cf7ffd1,https://councilrecord.ca/pittmeadows.html#vote/8wvcur,"THAT Council: A. Receive for information the Major Projects Division 2024 Draft Business Plan and Staff Report as presented at the November 28, 2023 meeting of Council."
2023-11-28,Public Council,E.10,2024 Draft Business Plan - Operations Division,Main motion,Carried,7,0,0,,,In favour,In favour,In favour,In favour,In favour,In favour,In favour,Business & economy,,,,https://pub-pittmeadows.escribemeetings.com/filestream.ashx?DocumentId=15185,https://pub-pittmeadows.escribemeetings.com/Players/ISIStandAlonePlayer.aspx?Id=ab1e0243-d6f9-4414-94c5-e7ff5cf7ffd1,https://councilrecord.ca/pittmeadows.html#vote/1571cin,"THAT Council: A. Receive for information the Operations Division 2024 Draft Business Plan and Staff Report as presented at the November 28, 2023 meeting of Council"
2023-12-05,Public Council,G,CONSENT AGENDA,Main motion,Carried,7,0,0,,,In favour,In favour,In favour,In favour,In favour,In favour,In favour,Governance & elections,,,,https://pub-pittmeadows.escribemeetings.com/filestream.ashx?DocumentId=15412,https://pub-pittmeadows.escribemeetings.com/Players/ISIStandAlonePlayer.aspx?Id=eee182c1-d9db-4c97-9e93-875e202e58b5,https://councilrecord.ca/pittmeadows.html#vote/11affec,THAT the following item be received into the record: G.1 Letter from the Ministry of Post-Secondary Education & Future Skills G.2 Vancouver Fraser Port Authority Announcement
2023-12-05,Public Council,H.1,Agricultural Viability Strategy,Main motion,Carried,7,0,0,,,In favour,In favour,In favour,In favour,In favour,In favour,In favour,Environment & climate; Business & economy,,,,https://pub-pittmeadows.escribemeetings.com/filestream.ashx?DocumentId=15412,https://pub-pittmeadows.escribemeetings.com/Players/ISIStandAlonePlayer.aspx?Id=eee182c1-d9db-4c97-9e93-875e202e58b5,https://councilrecord.ca/pittmeadows.html#vote/1t34431,"THAT Council: A. Endorse the “Grown in Pitt Meadows – Our Agricultural Viability Strategy” as presented at the December 5, 2023 Regular Council Meeting."
2023-12-05,Public Council,H.2,Update on Provincial Housing Legislation,Main motion,Carried,7,0,0,,,In favour,In favour,In favour,In favour,In favour,In favour,In favour,Housing & density,,,,https://pub-pittmeadows.escribemeetings.com/filestream.ashx?DocumentId=15412,https://pub-pittmeadows.escribemeetings.com/Players/ISIStandAlonePlayer.aspx?Id=eee182c1-d9db-4c97-9e93-875e202e58b5,https://councilrecord.ca/pittmeadows.html#vote/e8nnfi,"THAT Council: A. Receive for information the report entitled “Update on Provincial Housing Legislation”, as presented at the December 5, 2023 Regular Council Meeting."
2023-12-05,Public Council,M,"Roberts, Chief Administrative Officer, provided an overview of the grant opportunity.",Main motion,Carried,7,0,0,,,In favour,In favour,In favour,In favour,In favour,In favour,In favour,Taxes & spending; Governance & elections,,,,https://pub-pittmeadows.escribemeetings.com/filestream.ashx?DocumentId=15412,https://pub-pittmeadows.escribemeetings.com/Players/ISIStandAlonePlayer.aspx?Id=eee182c1-d9db-4c97-9e93-875e202e58b5,https://councilrecord.ca/pittmeadows.html#vote/kbb9q3,"THAT Council: A. Approve the submission of an application to the UBCM Community to Community [C2C] Program for $10,000 in grant funding to support the development of a joint Memorandum of Understanding (MOU) and enhanced relationship agreement between the Katzie First Nation and the City of Pitt Meadows; AND B. Agree to participation in the proposed activities as outlined in the grant application."
2023-12-05,Public Council,I.1,Fill Deposit Application - 19675 Meadow Gardens Way,Main motion,Carried,7,0,0,,,In favour,In favour,In favour,In favour,In favour,In favour,In favour,Other,,,,https://pub-pittmeadows.escribemeetings.com/filestream.ashx?DocumentId=15412,https://pub-pittmeadows.escribemeetings.com/Players/ISIStandAlonePlayer.aspx?Id=eee182c1-d9db-4c97-9e93-875e202e58b5,https://councilrecord.ca/pittmeadows.html#vote/cd4nyq,"THAT Council: A. Does not support the issuance of a Fill Deposit Permit Application to retroactively approve the import of 15,600 m of structural fill."
2023-12-05,Public Council,I.2,"Development Permit Delegation Bylaw No. 2962, 2023",Main motion,Carried,7,0,0,,,In favour,In favour,In favour,In favour,In favour,In favour,In favour,Development; Taxes & spending; Governance & elections,,,,https://pub-pittmeadows.escribemeetings.com/filestream.ashx?DocumentId=15412,https://pub-pittmeadows.escribemeetings.com/Players/ISIStandAlonePlayer.aspx?Id=eee182c1-d9db-4c97-9e93-875e202e58b5,https://councilrecord.ca/pittmeadows.html#vote/1wt2aif,"THAT Council: A. Grant first, second and third readings to Development Permit Delegation Bylaw No. 2962, 2023 as presented at the December 5, 2023 Council Meeting."
2023-12-05,Public Council,I.3,"Dog Control Bylaw No. 2968, 2023 Update",Main motion,Carried,7,0,0,,,In favour,In favour,In favour,In favour,In favour,In favour,In favour,Taxes & spending; Public services,,,,https://pub-pittmeadows.escribemeetings.com/filestream.ashx?DocumentId=15412,https://pub-pittmeadows.escribemeetings.com/Players/ISIStandAlonePlayer.aspx?Id=eee182c1-d9db-4c97-9e93-875e202e58b5,https://councilrecord.ca/pittmeadows.html#vote/wyn99j,"THAT Council: A. Grant first, second and third readings to Dog Control Bylaw No. 2968, 2023 as presented at the December 5, 2023 Regular Council Meeting."
2023-12-05,Public Council,I.4,"Growing Communities Reserve Fund Bylaw No. 2967, 2023",Main motion,Carried,7,0,0,,,In favour,In favour,In favour,In favour,In favour,In favour,In favour,Taxes & spending,,,,https://pub-pittmeadows.escribemeetings.com/filestream.ashx?DocumentId=15412,https://pub-pittmeadows.escribemeetings.com/Players/ISIStandAlonePlayer.aspx?Id=eee182c1-d9db-4c97-9e93-875e202e58b5,https://councilrecord.ca/pittmeadows.html#vote/o44hy0,"THAT Council: A. Adopt the Growing Communities Reserve Fund Bylaw No. 2967, 2023."
2023-12-05,Public Council,I.5,"Development Application Fee Amendment Bylaw No. 2963, 2023",Main motion,Carried,7,0,0,,,In favour,In favour,In favour,In favour,In favour,In favour,In favour,Other,,,,https://pub-pittmeadows.escribemeetings.com/filestream.ashx?DocumentId=15412,https://pub-pittmeadows.escribemeetings.com/Players/ISIStandAlonePlayer.aspx?Id=eee182c1-d9db-4c97-9e93-875e202e58b5,https://councilrecord.ca/pittmeadows.html#vote/1392ob,"THAT Council: A. Adopt the Development Application Fee Amendment Bylaw No. 2963, 2023."
2023-12-11,Public Council,E.1.2,Review of Decision Packages,Main motion,Carried,7,0,0,,,In favour,In favour,In favour,In favour,In favour,In favour,In favour,Taxes & spending; Environment & climate,1 of 11,,,https://pub-pittmeadows.escribemeetings.com/filestream.ashx?DocumentId=15414,https://pub-pittmeadows.escribemeetings.com/Players/ISIStandAlonePlayer.aspx?Id=9a7219c9-4fb0-47a4-b51e-d9839b02c1e1,https://councilrecord.ca/pittmeadows.html#vote/1m337l9,"THAT Council: A. Approve a $150,000 expenditure from the Local Government Climate Action Program Provincial (LGCAP) Grant Fund to support the development of a Climate Action Plan."
2023-12-11,Public Council,E.1.2,Review of Decision Packages,Main motion,Carried,7,0,0,,,In favour,In favour,In favour,In favour,In favour,In favour,In favour,Taxes & spending; Environment & climate,2 of 11,,,https://pub-pittmeadows.escribemeetings.com/filestream.ashx?DocumentId=15414,https://pub-pittmeadows.escribemeetings.com/Players/ISIStandAlonePlayer.aspx?Id=9a7219c9-4fb0-47a4-b51e-d9839b02c1e1,https://councilrecord.ca/pittmeadows.html#vote/110bi8f,"THAT Council: A. Approve a $21,500 expenditure from the Local Government Climate Action Program Provincial Grant Fund for the development of an Invasive Species Management Plan."
2023-12-11,Public Council,E.1.2,Review of Decision Packages,Main motion,Carried,7,0,0,,,In favour,In favour,In favour,In favour,In favour,In favour,In favour,Taxes & spending,3 of 11,,,https://pub-pittmeadows.escribemeetings.com/filestream.ashx?DocumentId=15414,https://pub-pittmeadows.escribemeetings.com/Players/ISIStandAlonePlayer.aspx?Id=9a7219c9-4fb0-47a4-b51e-d9839b02c1e1,https://councilrecord.ca/pittmeadows.html#vote/n7yavx,"THAT Council: A. Approve a $130,000 expenditure from the General Operating Reserve to hire a consultant to prepare a masterplan that will guide the future redevelopment of the civic centre area."
2023-12-11,Public Council,E.1.2,Review of Decision Packages,Main motion,Carried,7,0,0,,,In favour,In favour,In favour,In favour,In favour,In favour,In favour,Taxes & spending; Public services,4 of 11,,,https://pub-pittmeadows.escribemeetings.com/filestream.ashx?DocumentId=15414,https://pub-pittmeadows.escribemeetings.com/Players/ISIStandAlonePlayer.aspx?Id=9a7219c9-4fb0-47a4-b51e-d9839b02c1e1,https://councilrecord.ca/pittmeadows.html#vote/kerfub,"THAT Council: A. Approve a $30,000 expenditure from the General Operating Reserve to support the development of an Accessibility Plan."
2023-12-11,Public Council,E.1.2,Review of Decision Packages,Main motion,Carried,7,0,0,,,In favour,In favour,In favour,In favour,In favour,In favour,In favour,Taxes & spending; Public services,5 of 11,,,https://pub-pittmeadows.escribemeetings.com/filestream.ashx?DocumentId=15414,https://pub-pittmeadows.escribemeetings.com/Players/ISIStandAlonePlayer.aspx?Id=9a7219c9-4fb0-47a4-b51e-d9839b02c1e1,https://councilrecord.ca/pittmeadows.html#vote/f3j1wl,"THAT Council: A. Direct staff to undertake the multi-year Irrigation Study with $200,000 funded from the drainage reserve, and $100,000 expected to be funded by a provincial grant."
2023-12-11,Public Council,E.1.2,Review of Decision Packages,Main motion,Carried,7,0,0,,,In favour,In favour,In favour,In favour,In favour,In favour,In favour,Taxes & spending,6 of 11,,,https://pub-pittmeadows.escribemeetings.com/filestream.ashx?DocumentId=15414,https://pub-pittmeadows.escribemeetings.com/Players/ISIStandAlonePlayer.aspx?Id=9a7219c9-4fb0-47a4-b51e-d9839b02c1e1,https://councilrecord.ca/pittmeadows.html#vote/19ggsau,"THAT Council: A. Approve the expenditure of $30,000 from the General Operating Reserve to hire a consultant to prepare a Community Risk Assessment."
2023-12-11,Public Council,E.1.2,Review of Decision Packages,Main motion,Carried,7,0,0,,,In favour,In favour,In favour,In favour,In favour,In favour,In favour,Taxes & spending; Transportation; Parks & recreation,7 of 11,,,https://pub-pittmeadows.escribemeetings.com/filestream.ashx?DocumentId=15414,https://pub-pittmeadows.escribemeetings.com/Players/ISIStandAlonePlayer.aspx?Id=9a7219c9-4fb0-47a4-b51e-d9839b02c1e1,https://councilrecord.ca/pittmeadows.html#vote/fa5jal,"THAT Council: A. Direct staff to proceed with the detailed design and construction of a Double Artificial Field, inclusive of lighting, grandstands, landscaping and additional parking with funding in the amount of $5,230,000 from the Community Amenity Reserve and $5,370,000 from the “Growing Communities Fund” Provincial Grant, and an annual Operating Budget of $56,000 funded by taxation at the time of completion."
2023-12-11,Public Council,E.1.2,Review of Decision Packages,Main motion,Carried,7,0,0,,,In favour,In favour,In favour,In favour,In favour,In favour,In favour,Taxes & spending; Transportation; Parks & recreation,8 of 11,,,https://pub-pittmeadows.escribemeetings.com/filestream.ashx?DocumentId=15414,https://pub-pittmeadows.escribemeetings.com/Players/ISIStandAlonePlayer.aspx?Id=9a7219c9-4fb0-47a4-b51e-d9839b02c1e1,https://councilrecord.ca/pittmeadows.html#vote/1b63ea6,"THAT Council: A. Direct staff to proceed with the detailed design and construction of a Covered Multi-Sport Box, inclusive of a field house and additional parking with funding in the amount of $8,100,000 from the Community Amenity Reserve which would include $3,400,000 borrowed from the Sewer Reserve, and an annual Operating Budget of $49,000 funded by taxation at the time of completion."
2023-12-11,Public Council,E.1.2,Review of Decision Packages,Main motion,Carried,7,0,0,,,In favour,In favour,In favour,In favour,In favour,In favour,In favour,Transportation,9 of 11,,,https://pub-pittmeadows.escribemeetings.com/filestream.ashx?DocumentId=15414,https://pub-pittmeadows.escribemeetings.com/Players/ISIStandAlonePlayer.aspx?Id=9a7219c9-4fb0-47a4-b51e-d9839b02c1e1,https://councilrecord.ca/pittmeadows.html#vote/kkg88j,"THAT Council: A. Approve a one year trial of pausing the use of cross-street banners on Harris Road commencing January 1, 2024 and as presented at the November 27, 2023 Council Meeting."
2023-12-11,Public Council,E.1.2,Review of Decision Packages,Main motion,Carried,7,0,0,,,In favour,In favour,In favour,In favour,In favour,In favour,In favour,Business & economy; Governance & elections,10 of 11,,,https://pub-pittmeadows.escribemeetings.com/filestream.ashx?DocumentId=15414,https://pub-pittmeadows.escribemeetings.com/Players/ISIStandAlonePlayer.aspx?Id=9a7219c9-4fb0-47a4-b51e-d9839b02c1e1,https://councilrecord.ca/pittmeadows.html#vote/fwmvfz,"THAT Council: A. Approve an annual $20,000 expenditure to facilitate implementation of initiatives identified in the City’s Economic Development Strategy and as endorsed by the City’s Economic Development Advisory Committee."
2023-12-11,Public Council,E.1.2,Review of Decision Packages,Main motion,Carried,6,1,0,,,In favour,In favour,Against,In favour,In favour,In favour,In favour,Taxes & spending; Transportation; Parks & recreation,11 of 11,,,https://pub-pittmeadows.escribemeetings.com/filestream.ashx?DocumentId=15414,https://pub-pittmeadows.escribemeetings.com/Players/ISIStandAlonePlayer.aspx?Id=9a7219c9-4fb0-47a4-b51e-d9839b02c1e1,https://councilrecord.ca/pittmeadows.html#vote/goqkw4,"THAT Council: A. Direct Staff to maintain the existing annual Active Transportation capital budget of 100,000, funded from the Transportation Reserve."
2023-12-11,Public Council,E.1.3,Review of Parking Lot Item,Main motion,Carried,7,0,0,,,In favour,In favour,In favour,In favour,In favour,In favour,In favour,Taxes & spending; Transportation; Public services,1 of 2,,,https://pub-pittmeadows.escribemeetings.com/filestream.ashx?DocumentId=15414,https://pub-pittmeadows.escribemeetings.com/Players/ISIStandAlonePlayer.aspx?Id=9a7219c9-4fb0-47a4-b51e-d9839b02c1e1,https://councilrecord.ca/pittmeadows.html#vote/17sein1,THAT Council: A. Approve additional funding by a 2024 tax increase to increase the 0.5 FTE Fire and Emergency Program Administrative Clerk position to 1.0 FTE.
2023-12-11,Public Council,E.1.3,Review of Parking Lot Item,Main motion,Carried,5,2,0,,,In favour,In favour,In favour,Against,Against,In favour,In favour,Transportation; Public services,2 of 2,,,https://pub-pittmeadows.escribemeetings.com/filestream.ashx?DocumentId=15414,https://pub-pittmeadows.escribemeetings.com/Players/ISIStandAlonePlayer.aspx?Id=9a7219c9-4fb0-47a4-b51e-d9839b02c1e1,https://councilrecord.ca/pittmeadows.html#vote/9w1nqa,"THAT Council: A. Approve the hiring of (4) flex firefighters in 2024 with the start date no later than July 1, 2024; AND B. In the event the City is successful in recruitment and these positions are filled prior to July 1, 2024, the positions would be funded through the operating reserves."
2023-12-11,Public Council,E.1.6,2024 Budget Recommendations,Main motion,Carried,5,2,0,,,In favour,In favour,In favour,Against,Against,In favour,In favour,Taxes & spending; Public services,,,,https://pub-pittmeadows.escribemeetings.com/filestream.ashx?DocumentId=15414,https://pub-pittmeadows.escribemeetings.com/Players/ISIStandAlonePlayer.aspx?Id=9a7219c9-4fb0-47a4-b51e-d9839b02c1e1,https://councilrecord.ca/pittmeadows.html#vote/12qrjy,"THAT Council: A. Approve the operating and capital budgets presented on November 27 and 28, 2023; AND B. Direct staff to prepare the consolidated 2024 to 2028 Financial Plan Bylaw and Utility Fee Bylaws based on the budgets presented on November 27, 2023, November 28, 2023, and decisions made on December 11, 2023."
2024-01-09,Public Council,H,CONSENT AGENDA,Main motion,Carried,7,0,0,,,In favour,In favour,In favour,In favour,In favour,In favour,In favour,Environment & climate; Business & economy; Governance & elections,,,,https://pub-pittmeadows.escribemeetings.com/filestream.ashx?DocumentId=15437,https://pub-pittmeadows.escribemeetings.com/Players/ISIStandAlonePlayer.aspx?Id=34b72ced-8096-4ffc-9613-1127d5981668,https://councilrecord.ca/pittmeadows.html#vote/1s26gfk,"THAT the following items be received into the record: H.1 Union of BC Municipalities (""UBCM"") Meeting 2023 H.2 Regional Manager Contact for Economic Development Priorities H.3 Pitt Meadows Named the Ninth Most Livable City in Canada H.4 Canada's Outstanding Young Farmers Award"
2024-01-09,Public Council,I.1,2024 Capital Project Pre-Approval,Main motion,Carried,7,0,0,,,In favour,In favour,In favour,In favour,In favour,In favour,In favour,Taxes & spending,,,,https://pub-pittmeadows.escribemeetings.com/filestream.ashx?DocumentId=15437,https://pub-pittmeadows.escribemeetings.com/Players/ISIStandAlonePlayer.aspx?Id=34b72ced-8096-4ffc-9613-1127d5981668,https://councilrecord.ca/pittmeadows.html#vote/12p4wd3,"THAT Council: A. Approve the select 2024 capital projects as presented to Council in the ‘2024 Capital Project Pre - Approval’ staff report dated January 2, 2024."
2024-01-09,Public Council,I.2,Cannabis Producer Retail Store Licence Application for 19038 Old Dewdney Trunk Road,Main motion,Carried,6,1,0,,,In favour,In favour,In favour,In favour,In favour,In favour,Against,Neighbourhood character; Business & economy,,,,https://pub-pittmeadows.escribemeetings.com/filestream.ashx?DocumentId=15437,https://pub-pittmeadows.escribemeetings.com/Players/ISIStandAlonePlayer.aspx?Id=34b72ced-8096-4ffc-9613-1127d5981668,https://councilrecord.ca/pittmeadows.html#vote/1xdzl7i,"THAT Council: A. Direct staff to mail out notices to surrounding property owners and occupiers within 488 m of 19038 Old Dewdney Trunk Road, inviting written submissions regarding a Producer Retail Store licence, in advance of Council consideration of a resolution to submit to the Liquor and Cannabis Regulation Branch."
2024-01-09,Public Council,J.1,"Building Bylaw Amendment Bylaw No. 2970, 2024",Main motion,Carried,7,0,0,,,In favour,In favour,In favour,In favour,In favour,In favour,In favour,Taxes & spending,,,,https://pub-pittmeadows.escribemeetings.com/filestream.ashx?DocumentId=15437,https://pub-pittmeadows.escribemeetings.com/Players/ISIStandAlonePlayer.aspx?Id=34b72ced-8096-4ffc-9613-1127d5981668,https://councilrecord.ca/pittmeadows.html#vote/19gfs02,"THAT Council: A. Grant first, second and third readings to Building Bylaw Amendment Bylaw No. 2970, 2024 as presented at the January 9, 2024 Council Meeting."
2024-01-09,Public Council,J.2,Development Permit with a Variance for 12412 193B Street,Main motion,Carried,7,0,0,,,In favour,In favour,In favour,In favour,In favour,In favour,In favour,Development,,,,https://pub-pittmeadows.escribemeetings.com/filestream.ashx?DocumentId=15437,https://pub-pittmeadows.escribemeetings.com/Players/ISIStandAlonePlayer.aspx?Id=34b72ced-8096-4ffc-9613-1127d5981668,https://councilrecord.ca/pittmeadows.html#vote/f6o4vt,THAT Council: A. Approve issuance of Development Permit with a Variance No. 2023-004 to permit construction of a garden suite at 12412 193B Street.
2024-01-09,Public Council,J.3,Rezoning Application to Permit a Cannabis Retail Store at 112 – 19150 Lougheed Highway,Main motion,Carried,6,1,0,,,In favour,In favour,In favour,In favour,In favour,In favour,Against,Housing & density; Development; Taxes & spending; Neighbourhood character; Business & economy,,,,https://pub-pittmeadows.escribemeetings.com/filestream.ashx?DocumentId=15437,https://pub-pittmeadows.escribemeetings.com/Players/ISIStandAlonePlayer.aspx?Id=34b72ced-8096-4ffc-9613-1127d5981668,https://councilrecord.ca/pittmeadows.html#vote/vlsg9n,"THAT Council: A. Grant first and second readings to Zoning Amendment Bylaw No. 2966, 2024, to permit a retail cannabis store at 112 – 19150 Lougheed Highway; AND B. Direct staff to schedule a public hearing for an upcoming meeting of Council."
2024-01-09,Public Council,J.4,"Development Permit Delegation Bylaw No. 2962, 2023",Main motion,Carried,7,0,0,,,In favour,In favour,In favour,In favour,In favour,In favour,In favour,Development; Governance & elections,,,,https://pub-pittmeadows.escribemeetings.com/filestream.ashx?DocumentId=15437,https://pub-pittmeadows.escribemeetings.com/Players/ISIStandAlonePlayer.aspx?Id=34b72ced-8096-4ffc-9613-1127d5981668,https://councilrecord.ca/pittmeadows.html#vote/ajxpea,"THAT Council: A. Adopt the Development Permit Delegation Bylaw No. 2962, 2023."
2024-01-09,Public Council,J.5,"Dog Control Bylaw No. 2968, 2023",Main motion,Carried,7,0,0,,,In favour,In favour,In favour,In favour,In favour,In favour,In favour,Public services,,,,https://pub-pittmeadows.escribemeetings.com/filestream.ashx?DocumentId=15437,https://pub-pittmeadows.escribemeetings.com/Players/ISIStandAlonePlayer.aspx?Id=34b72ced-8096-4ffc-9613-1127d5981668,https://councilrecord.ca/pittmeadows.html#vote/1kmdfla,"THAT Council: A. Adopt the Dog Control Bylaw No. 2968, 2023."
2024-01-23,Public Council,I,CONSENT AGENDA,Main motion,Carried,7,0,0,,,In favour,In favour,In favour,In favour,In favour,In favour,In favour,Other,,,,https://pub-pittmeadows.escribemeetings.com/filestream.ashx?DocumentId=15530,https://pub-pittmeadows.escribemeetings.com/Players/ISIStandAlonePlayer.aspx?Id=84634769-42b2-442a-a56a-ce3f9a531552,https://councilrecord.ca/pittmeadows.html#vote/nf4hl6,"THAT the following item be received into the record: I.1 2020 Lower Fraser Valley Air Quality Monitor Report Item I.1 was PULLED for discussion. Following the discussion, the question was called on the main motion and it was:"
2024-01-23,Public Council,J.1,Q1 2024 Strategic Priorities Quarterly Report,Main motion,Carried,7,0,0,,,In favour,In favour,In favour,In favour,In favour,In favour,In favour,Other,,,,https://pub-pittmeadows.escribemeetings.com/filestream.ashx?DocumentId=15530,https://pub-pittmeadows.escribemeetings.com/Players/ISIStandAlonePlayer.aspx?Id=84634769-42b2-442a-a56a-ce3f9a531552,https://councilrecord.ca/pittmeadows.html#vote/12y6hx7,"THAT Council: A. Approve the operational strategies for Q1 2024 as presented to Council on January 23, 2024."
2024-01-23,Public Council,J.3,9-8-8 Crisis Line Information Poster,Main motion,Carried,7,0,0,,,In favour,In favour,In favour,In favour,In favour,In favour,In favour,Other,,,,https://pub-pittmeadows.escribemeetings.com/filestream.ashx?DocumentId=15530,https://pub-pittmeadows.escribemeetings.com/Players/ISIStandAlonePlayer.aspx?Id=84634769-42b2-442a-a56a-ce3f9a531552,https://councilrecord.ca/pittmeadows.html#vote/1v6oq5x,"THAT Council: A. Endorse the 9-8-8 crisis line initiative as presented at the January 23, 2024 Council Meeting; AND B. Direct Staff to determine which civic facilities or properties are suitable for displaying the 9-8-8 information poster."
2024-01-23,Public Council,J.4,Federation of Canadian Municipalities [FCM] Grant Approval Application [Late Item],Main motion,Carried,7,0,0,,,In favour,In favour,In favour,In favour,In favour,In favour,In favour,Taxes & spending; Governance & elections,,,,https://pub-pittmeadows.escribemeetings.com/filestream.ashx?DocumentId=15530,https://pub-pittmeadows.escribemeetings.com/Players/ISIStandAlonePlayer.aspx?Id=84634769-42b2-442a-a56a-ce3f9a531552,https://councilrecord.ca/pittmeadows.html#vote/bibwlp,THAT Council: A. Endorse staff's submission of a grant application to the Federation of Canadian Municipalities (FCM) Green Municipal Fund (GMF) for the Harris Rd Complete Street Feasibility Study; AND B. Commit to financially supporting up to 50% of the project costs from the City's Active Transportation Capital Budget.
2024-01-23,Public Council,K.1,Development Variance Permit Application for 19265 Airport Way,Main motion,Carried,7,0,0,,,In favour,In favour,In favour,In favour,In favour,In favour,In favour,Development,,,,https://pub-pittmeadows.escribemeetings.com/filestream.ashx?DocumentId=15530,https://pub-pittmeadows.escribemeetings.com/Players/ISIStandAlonePlayer.aspx?Id=84634769-42b2-442a-a56a-ce3f9a531552,https://councilrecord.ca/pittmeadows.html#vote/1acqd8w,"THAT Council: A. Authorize issuance of the Development Variance Permit no. 2024-001, to permit restaurant uses to be located anywhere within Building 300 at 19265 Airport Way (GEBP Phase 3); AND B. Direct Staff to further explore and encourage restaurant uses on the east side of Building 300 at 19265 Airport Way."
2024-01-23,Public Council,K.2,"Building Bylaw Amendment Bylaw No. 2970, 2024",Main motion,Carried,7,0,0,,,In favour,In favour,In favour,In favour,In favour,In favour,In favour,Other,,,,https://pub-pittmeadows.escribemeetings.com/filestream.ashx?DocumentId=15530,https://pub-pittmeadows.escribemeetings.com/Players/ISIStandAlonePlayer.aspx?Id=84634769-42b2-442a-a56a-ce3f9a531552,https://councilrecord.ca/pittmeadows.html#vote/1l283qq,"THAT Council: A. Adopt the Building Bylaw Amendment Bylaw No. 2970, 2024."
2024-02-06,Public Council,H.1,UBCM Grant Opportunity - Emergency Support Services [ESS] Equipment and Training Grant,Main motion,Carried,7,0,0,,,In favour,In favour,In favour,In favour,In favour,In favour,In favour,Taxes & spending; Public services; Governance & elections,,,,https://pub-pittmeadows.escribemeetings.com/filestream.ashx?DocumentId=15689,https://pub-pittmeadows.escribemeetings.com/Players/ISIStandAlonePlayer.aspx?Id=7a69bcea-a278-4670-97b4-ffb3c3ff30d3,https://councilrecord.ca/pittmeadows.html#vote/187phko,"THAT Council: A. Endorse Staff’s application to the UBCM ESS Equipment & Training grant for $19,579 in funding to support ESS training initiatives and equipment purchases."
2024-02-06,Public Council,H.2,Aquatics Feasibility Study Update,Main motion,Carried,7,0,0,,,In favour,In favour,In favour,In favour,In favour,In favour,In favour,Environment & climate; Parks & recreation,,,,https://pub-pittmeadows.escribemeetings.com/filestream.ashx?DocumentId=15689,https://pub-pittmeadows.escribemeetings.com/Players/ISIStandAlonePlayer.aspx?Id=7a69bcea-a278-4670-97b4-ffb3c3ff30d3,https://councilrecord.ca/pittmeadows.html#vote/1k6kvc9,THAT Council: A. Direct staff to discontinue further investigation or consideration for a new aquatics facility in Pitt Meadows at this time.
2024-02-06,Public Council,H.3,Home-based Business Regulations Update,Main motion,Carried,7,0,0,,,In favour,In favour,In favour,In favour,In favour,In favour,In favour,Development; Taxes & spending; Business & economy,,,,https://pub-pittmeadows.escribemeetings.com/filestream.ashx?DocumentId=15689,https://pub-pittmeadows.escribemeetings.com/Players/ISIStandAlonePlayer.aspx?Id=7a69bcea-a278-4670-97b4-ffb3c3ff30d3,https://councilrecord.ca/pittmeadows.html#vote/144pf0v,"THAT Council: A. Grant first and second readings to Zoning Amendment Bylaw No. 2961, 2024, regarding updates to the home-based business section; AND B. Direct staff to schedule a public hearing for an upcoming Council Meeting."
2024-02-06,Public Council,H.4,Update on Provincial Housing Legislation,Main motion,Carried,7,0,0,,,In favour,In favour,In favour,In favour,In favour,In favour,In favour,Housing & density,,,,https://pub-pittmeadows.escribemeetings.com/filestream.ashx?DocumentId=15689,https://pub-pittmeadows.escribemeetings.com/Players/ISIStandAlonePlayer.aspx?Id=7a69bcea-a278-4670-97b4-ffb3c3ff30d3,https://councilrecord.ca/pittmeadows.html#vote/1p4ph3y,"THAT Council: A. Receive for information the report titled “Update on Provincial Housing Legislation”, as pres ented at the February 6, 2024 Regular Council Meeting."
2024-02-06,Public Council,H.5,2023 Fourth Quarter Report to the Community,Main motion,Carried,7,0,0,,,In favour,In favour,In favour,In favour,In favour,In favour,In favour,Other,,,,https://pub-pittmeadows.escribemeetings.com/filestream.ashx?DocumentId=15689,https://pub-pittmeadows.escribemeetings.com/Players/ISIStandAlonePlayer.aspx?Id=7a69bcea-a278-4670-97b4-ffb3c3ff30d3,https://councilrecord.ca/pittmeadows.html#vote/kqjt9q,"THAT Council: A. Receive for information the 2023 Fourth Quarter Report to the Community highlighting the work and accomplishments of the City from October 1 to December 31, 2023 as presented at the February 6, 2024 Council Meeting."
2024-02-27,Public Council,J,CONSENT AGENDA,Main motion,Carried,7,0,0,,,In favour,In favour,In favour,In favour,In favour,In favour,In favour,Environment & climate,,,,https://pub-pittmeadows.escribemeetings.com/filestream.ashx?DocumentId=15768,https://pub-pittmeadows.escribemeetings.com/Players/ISIStandAlonePlayer.aspx?Id=8b368dd1-965a-4aec-84a8-19c7f417384c,https://councilrecord.ca/pittmeadows.html#vote/5zxa1j,THAT the following items be received into the record: J.1 Celebrating 211 Day J.2 Katzie First Nation and City of Pitt Meadows Joint Media Release.
2024-02-27,Public Council,K.1,2023 Investment Update,Main motion,Carried,7,0,0,,,In favour,In favour,In favour,In favour,In favour,In favour,In favour,Other,,,,https://pub-pittmeadows.escribemeetings.com/filestream.ashx?DocumentId=15768,https://pub-pittmeadows.escribemeetings.com/Players/ISIStandAlonePlayer.aspx?Id=8b368dd1-965a-4aec-84a8-19c7f417384c,https://councilrecord.ca/pittmeadows.html#vote/138ovm7,"THAT Council: A. Receive for information the Staff Report titled ‘2023 Investment Update’ as presented at the February 27, 2024 Regular Council Meeting."
2024-02-27,Public Council,K.2,Request for Reclassification to AOE/15 at Pitt Meadows Regional Airport,Main motion,Carried,7,0,0,,,In favour,In favour,In favour,In favour,In favour,In favour,In favour,Environment & climate; Governance & elections,,,,https://pub-pittmeadows.escribemeetings.com/filestream.ashx?DocumentId=15768,https://pub-pittmeadows.escribemeetings.com/Players/ISIStandAlonePlayer.aspx?Id=8b368dd1-965a-4aec-84a8-19c7f417384c,https://councilrecord.ca/pittmeadows.html#vote/cj7d2g,"THAT Council: A. Approve a letter of endorsement outlining the City's support for the Pitt Meadows Regional Airport request for CBSA reclassification to AOE/15 as presented at the February 27, 2024 Council Meeting; AND B. Direct the Mayor and CAO to finalize and execute the letter."
2024-02-27,Public Council,K.4,Urban Forest Strategy Update,Main motion,Carried,7,0,0,,,In favour,In favour,In favour,In favour,In favour,In favour,In favour,Environment & climate,,,,https://pub-pittmeadows.escribemeetings.com/filestream.ashx?DocumentId=15768,https://pub-pittmeadows.escribemeetings.com/Players/ISIStandAlonePlayer.aspx?Id=8b368dd1-965a-4aec-84a8-19c7f417384c,https://councilrecord.ca/pittmeadows.html#vote/1je9hui,"THAT Council: A. Receive for information the report titled “Urban Forest Strategy Update” as presented at the February 27, 2024 Council meeting."
2024-02-27,Public Council,K.5,Proposed UBCM Farm Property Tax Reform Resolutions,Main motion,Carried,6,1,0,,,In favour,In favour,In favour,In favour,In favour,Against,In favour,Taxes & spending; Business & economy; Governance & elections,,,,https://pub-pittmeadows.escribemeetings.com/filestream.ashx?DocumentId=15768,https://pub-pittmeadows.escribemeetings.com/Players/ISIStandAlonePlayer.aspx?Id=8b368dd1-965a-4aec-84a8-19c7f417384c,https://councilrecord.ca/pittmeadows.html#vote/i970uw,"THAT Council: A. Endorse the proposed resolutions and background documents for an Unfarmed Land Tax, School Tax Exemption and Minimum Income Requirements for Farm Classification as identified in the Staff Report [Attachment G] and as presented at the February 27, 2024 Council Meeting; AND B. Direct staff to forward the proposed resolutions and background documents to the Lower Mainland Local Government Association for consideration at its 2024 Conference."
2024-02-27,Public Council,L.1,Rezoning Application to Permit a Cannabis Retail Store at #112 – 19150 Lougheed Highway,Main motion,Carried,6,1,0,,,In favour,In favour,In favour,In favour,In favour,In favour,Against,Housing & density; Development; Taxes & spending; Neighbourhood character; Business & economy,,,,https://pub-pittmeadows.escribemeetings.com/filestream.ashx?DocumentId=15768,https://pub-pittmeadows.escribemeetings.com/Players/ISIStandAlonePlayer.aspx?Id=8b368dd1-965a-4aec-84a8-19c7f417384c,https://councilrecord.ca/pittmeadows.html#vote/1avlgwq,"THAT Council: A. Grant third reading to Zoning Amendment Bylaw No. 2966, 2024 to permit a cannabis retail store at 112 – 19150 Lougheed Highway."
2024-03-05,Public Council,G,CONSENT AGENDA,Main motion,Carried,7,0,0,,,In favour,In favour,In favour,In favour,In favour,In favour,In favour,Other,,,,https://pub-pittmeadows.escribemeetings.com/filestream.ashx?DocumentId=15804,https://pub-pittmeadows.escribemeetings.com/Players/ISIStandAlonePlayer.aspx?Id=07664645-7c81-40bb-863f-e3eeea509ec6,https://councilrecord.ca/pittmeadows.html#vote/acc6u4,"THAT the following item be received into the record: G.1 Petition Against the Installation of Backflow Preventers Item G.1 was PULLED for discussion. Following the discussion, the question was called on the main motion and it was:"
2024-03-05,Public Council,H.3,Rezoning Application to Permit a Cannabis Retail Store at 19167 Ford Road,Main motion,Carried,5,2,0,,,In favour,In favour,In favour,Against,Against,In favour,In favour,Housing & density; Development; Neighbourhood character; Business & economy,,,,https://pub-pittmeadows.escribemeetings.com/filestream.ashx?DocumentId=15804,https://pub-pittmeadows.escribemeetings.com/Players/ISIStandAlonePlayer.aspx?Id=07664645-7c81-40bb-863f-e3eeea509ec6,https://councilrecord.ca/pittmeadows.html#vote/o59tkv,THAT Council: A. Direct the applicant to host a Development Information Meeting regarding the application to permit retail cannabis sales at 19167 Ford Road.
2024-03-05,Public Council,I.1,Zoning Amendment Bylaw for the Pitt Meadows Airport,Main motion,Carried,7,0,0,,,In favour,In favour,In favour,In favour,In favour,In favour,In favour,Development; Taxes & spending; Environment & climate,,,,https://pub-pittmeadows.escribemeetings.com/filestream.ashx?DocumentId=15804,https://pub-pittmeadows.escribemeetings.com/Players/ISIStandAlonePlayer.aspx?Id=07664645-7c81-40bb-863f-e3eeea509ec6,https://councilrecord.ca/pittmeadows.html#vote/1col8jx,"THAT Council: A. Grant first and second readings to Zoning Text Amendment Bylaw No. 2971, 2024, to permit expanded uses at the Pitt Meadows Regional Airport; AND B. Direct staff to schedule a public hearing for an upcoming meeting of Council."
2024-03-05,Public Council,I.2,Development Permit Amendment for Meadowtown Shopping Centre,Main motion,Carried,7,0,0,,,In favour,In favour,In favour,In favour,In favour,In favour,In favour,Development; Environment & climate,,,,https://pub-pittmeadows.escribemeetings.com/filestream.ashx?DocumentId=15804,https://pub-pittmeadows.escribemeetings.com/Players/ISIStandAlonePlayer.aspx?Id=07664645-7c81-40bb-863f-e3eeea509ec6,https://councilrecord.ca/pittmeadows.html#vote/1g46yzi,"THAT Council: A. Approve issuance of Development Permit Amendment No. 2002-005- 014, to permit an expansion to Meadowtown Shopping Centre."
2024-03-12,Public Council,H,CONSENT AGENDA,Main motion,Carried,7,0,0,,,In favour,In favour,In favour,In favour,In favour,In favour,In favour,Governance & elections,,,,https://pub-pittmeadows.escribemeetings.com/filestream.ashx?DocumentId=15878,https://pub-pittmeadows.escribemeetings.com/Players/ISIStandAlonePlayer.aspx?Id=51ae9889-d745-4999-a20b-f05091a9324e,https://councilrecord.ca/pittmeadows.html#vote/dneo1e,THAT the following item be received into the record: H.1 Metro 2050 Type 2 Proposed Amendment - City of Maple Ridge (Yennadon Lands)
2024-03-12,Public Council,I.1,"Equity, Diversity and Inclusion Assessment and Strategy",Main motion,Carried,7,0,0,,,In favour,In favour,In favour,In favour,In favour,In favour,In favour,Other,,,,https://pub-pittmeadows.escribemeetings.com/filestream.ashx?DocumentId=15878,https://pub-pittmeadows.escribemeetings.com/Players/ISIStandAlonePlayer.aspx?Id=51ae9889-d745-4999-a20b-f05091a9324e,https://councilrecord.ca/pittmeadows.html#vote/kgatk0,"THAT Council: A. Receive for Information the report titled “Equity, Di versity and Inclusion Assessment and Strategy” as presented at the March 12, 2024 Council Meeting."
2024-03-12,Public Council,I.2,Development Cost Charges [DCC] – Program and Rates Update,Main motion,Carried,7,0,0,,,In favour,In favour,In favour,In favour,In favour,In favour,In favour,Development; Taxes & spending,,,,https://pub-pittmeadows.escribemeetings.com/filestream.ashx?DocumentId=15878,https://pub-pittmeadows.escribemeetings.com/Players/ISIStandAlonePlayer.aspx?Id=51ae9889-d745-4999-a20b-f05091a9324e,https://councilrecord.ca/pittmeadows.html#vote/t0cqey,"THAT Council: A. Receive for information the staff report titled ‘Development Cost Charges – Program and Rates Update’ dated March 4, 2024."
2024-03-12,Public Council,S,"Maki, Director of Engineering & Operations, provided an overview of the Staff",Main motion,Carried,7,0,0,,,In favour,In favour,In favour,In favour,In favour,In favour,In favour,Taxes & spending; Public services; Business & economy; Governance & elections,,,,https://pub-pittmeadows.escribemeetings.com/filestream.ashx?DocumentId=15878,https://pub-pittmeadows.escribemeetings.com/Players/ISIStandAlonePlayer.aspx?Id=51ae9889-d745-4999-a20b-f05091a9324e,https://councilrecord.ca/pittmeadows.html#vote/1p30sb4,"THAT Council: A. Endorse staff’s submission of an application to the Union of British Columbia Municipalities (UBCM) Community Emergency Preparedness Fund (CEPF) for up to $150,000 in grant funding; AND B. Endorse support for the disaster risk reduction project, including installation of monitoring equipment throughout the City’s drainage network and supplemental works."
2024-03-12,Public Council,J.1,Bylaw Notice Enforcement Bylaw Amendment,Main motion,Carried,7,0,0,,,In favour,In favour,In favour,In favour,In favour,In favour,In favour,Taxes & spending,,,,https://pub-pittmeadows.escribemeetings.com/filestream.ashx?DocumentId=15878,https://pub-pittmeadows.escribemeetings.com/Players/ISIStandAlonePlayer.aspx?Id=51ae9889-d745-4999-a20b-f05091a9324e,https://councilrecord.ca/pittmeadows.html#vote/yckgnv,"THAT Council: A. Grant first, second and third readings to the Bylaw Notice Enforcement Amendment Bylaw No. 2974, 2024 as presented at the March 12, 2024 Council Meeting; AND B. Endorse a more direct enforcement approach to water restriction violations, as described in the “Bylaw Notice Enforcement Bylaw Update” report presented at the March 12, 2024 Council Meeting."
2024-03-12,Public Council,J.2,Home-based Business Regulations Update - Zoning Text Amendment Bylaw No.,Main motion,Carried,7,0,0,,,In favour,In favour,In favour,In favour,In favour,In favour,In favour,Development; Taxes & spending; Business & economy,,,,https://pub-pittmeadows.escribemeetings.com/filestream.ashx?DocumentId=15878,https://pub-pittmeadows.escribemeetings.com/Players/ISIStandAlonePlayer.aspx?Id=51ae9889-d745-4999-a20b-f05091a9324e,https://councilrecord.ca/pittmeadows.html#vote/xrq7,"THAT Council: A. Grant third reading to Zoning Text Amendment Bylaw No. 2961, 2024, as amended, regarding updates to the home-based business section."
2024-04-09,Public Council,I,CONSENT AGENDA,Main motion,Carried,7,0,0,,,In favour,In favour,In favour,In favour,In favour,In favour,In favour,Environment & climate,,,,https://pub-pittmeadows.escribemeetings.com/filestream.ashx?DocumentId=16014,https://pub-pittmeadows.escribemeetings.com/Players/ISIStandAlonePlayer.aspx?Id=ed37f353-9126-4521-afef-a17e4d9e0bc1,https://councilrecord.ca/pittmeadows.html#vote/itqkza,THAT the following item be received into the record: I.1 Post-Secondary Education in Ridge Meadows
2024-04-09,Public Council,J.1,"UBCM Grant Opportunity - Emergency Operations Centre [""EOC""]",Main motion,Carried,7,0,0,,,In favour,In favour,In favour,In favour,In favour,In favour,In favour,Taxes & spending; Public services; Governance & elections,,,,https://pub-pittmeadows.escribemeetings.com/filestream.ashx?DocumentId=16014,https://pub-pittmeadows.escribemeetings.com/Players/ISIStandAlonePlayer.aspx?Id=ed37f353-9126-4521-afef-a17e4d9e0bc1,https://councilrecord.ca/pittmeadows.html#vote/1dvz24b,"THAT Council: A. Endorse Staff’s application to the UBCM Emergency Operation Centre (EOC) Training and EOC Mobile Supplies grant for $28,625 in funding in order to financially support the relocation of the EOC from the Fire Hall in the event of an emergency."
2024-04-09,Public Council,J.2,Provincial Housing Legislation - Communication Strategy,Main motion,Carried,7,0,0,,,In favour,In favour,In favour,In favour,In favour,In favour,In favour,Housing & density,,,,https://pub-pittmeadows.escribemeetings.com/filestream.ashx?DocumentId=16014,https://pub-pittmeadows.escribemeetings.com/Players/ISIStandAlonePlayer.aspx?Id=ed37f353-9126-4521-afef-a17e4d9e0bc1,https://councilrecord.ca/pittmeadows.html#vote/1juooff,"THAT Council: A. Receive for information the presentation on “New B.C. Housing Legislation: Communications Strategy –Approach”, as delivered at the April 9, 2024 Regular Council Meeting."
2024-04-09,Public Council,J.4,Pitt Meadows Economic Development Corporation – Annual Business,Main motion,Carried,7,0,0,,,In favour,In favour,In favour,In favour,In favour,In favour,In favour,Environment & climate; Business & economy; Governance & elections,,,,https://pub-pittmeadows.escribemeetings.com/filestream.ashx?DocumentId=16014,https://pub-pittmeadows.escribemeetings.com/Players/ISIStandAlonePlayer.aspx?Id=ed37f353-9126-4521-afef-a17e4d9e0bc1,https://councilrecord.ca/pittmeadows.html#vote/7912ci,"THAT Council: A. Authorize the City, being the sole shareholder of the Pitt Meadows Economic Development Corporation (the “Company”), to consent to the written resolutions of the Company, as presented to Council at the April 9, 2024 public meeting, in lieu of holding an annual general meeting; AND B. Direct the City’s authorized signatories to sign the resolutions of the Company on behalf of the City of Pitt Meadows."
2024-04-09,Public Council,J.5,Rezoning Application for 12469 191B St,Main motion,Carried,6,1,0,,,In favour,In favour,In favour,Against,In favour,In favour,In favour,Housing & density; Development,,,,https://pub-pittmeadows.escribemeetings.com/filestream.ashx?DocumentId=16014,https://pub-pittmeadows.escribemeetings.com/Players/ISIStandAlonePlayer.aspx?Id=ed37f353-9126-4521-afef-a17e4d9e0bc1,https://councilrecord.ca/pittmeadows.html#vote/z1aah4,"THAT Council: A. Direct staff to advise the applicant of the proposed townhouse development at 12469 191B Street, to host a development information meeting as outlined in the Staff Report dated March 21, 2024."
2024-04-09,Public Council,J.6,Localized Truck Route Feasibility Study - Overview,Main motion,Carried,7,0,0,,,In favour,In favour,In favour,In favour,In favour,In favour,In favour,Transportation,,,,https://pub-pittmeadows.escribemeetings.com/filestream.ashx?DocumentId=16014,https://pub-pittmeadows.escribemeetings.com/Players/ISIStandAlonePlayer.aspx?Id=ed37f353-9126-4521-afef-a17e4d9e0bc1,https://councilrecord.ca/pittmeadows.html#vote/14x4iek,"THAT Council: A. Receive for information the summary report titled “Localized Truck Route Feasibility Study - Overview” as presented at the April 9, 2024 Council Meeting; AND B. Support implementation of the recommended improvements as outlined in Option 1 – Upgrade the Existing Truck Route; AND C. Direct staff to share progress of the improvements and any additional recommendations for this localized truck route as part of the next Transportation Master Plan."
2024-04-09,Public Council,J.7,Backflow Device Installation,Main motion,Carried,7,0,0,,,In favour,In favour,In favour,In favour,In favour,In favour,In favour,Other,,,,https://pub-pittmeadows.escribemeetings.com/filestream.ashx?DocumentId=16014,https://pub-pittmeadows.escribemeetings.com/Players/ISIStandAlonePlayer.aspx?Id=ed37f353-9126-4521-afef-a17e4d9e0bc1,https://councilrecord.ca/pittmeadows.html#vote/147rm5o,"THAT Council: A. Endorse the approach to addressing the requirement for installation of backflow devices and continued implementation of the City’s Cross - Connection Control Program, as presented at the April 9, 2024 Regular Council Meeting."
2024-04-09,Public Council,K.1,"Waterworks Amendment Bylaw No. 2984, 2024",Main motion,Carried,7,0,0,,,In favour,In favour,In favour,In favour,In favour,In favour,In favour,Taxes & spending; Public services,,,,https://pub-pittmeadows.escribemeetings.com/filestream.ashx?DocumentId=16014,https://pub-pittmeadows.escribemeetings.com/Players/ISIStandAlonePlayer.aspx?Id=ed37f353-9126-4521-afef-a17e4d9e0bc1,https://councilrecord.ca/pittmeadows.html#vote/huio5u,"THAT Council: A. Grant first, second, and third readings to the Waterworks Amendment Bylaw No. 2984, 2024 as presented at the April 9, 2024 Council meeting."
2024-04-09,Public Council,K.2,Rezoning Application and Cannabis Retail Store Licence for 112 – 19150 Lougheed Highway,Main motion,Carried,6,1,0,,,In favour,In favour,In favour,In favour,In favour,In favour,Against,Housing & density; Development; Neighbourhood character; Business & economy,,,,https://pub-pittmeadows.escribemeetings.com/filestream.ashx?DocumentId=16014,https://pub-pittmeadows.escribemeetings.com/Players/ISIStandAlonePlayer.aspx?Id=ed37f353-9126-4521-afef-a17e4d9e0bc1,https://councilrecord.ca/pittmeadows.html#vote/w84oi1,"THAT Council: A. Adopt Zoning Text Amendment Bylaw No. 2966, 2024, to permit a new cannabis retail store at 112 – 19150 Lougheed Highway; AND B. Recommend to the Liquor and Cannabis Regulation Branch that the Cannabis Retail Store licence for Kelo Cannabis at 112 – 19150 Lougheed Highway be issued; AND C. Direct staff to forward to the Liquor and Cannabis Regulation Branch the written comments attached to the report titled “Rezoning Application and Cannabis Retail Store Licence for 112 – 19150 Lougheed Highway” as presented to Council on April 9, 2024."
2024-04-09,Public Council,K.3,Bylaw Notice Enforcement Bylaw Update (Home-based Business Regulations),Main motion,Carried,7,0,0,,,In favour,In favour,In favour,In favour,In favour,In favour,In favour,Taxes & spending; Business & economy,,,,https://pub-pittmeadows.escribemeetings.com/filestream.ashx?DocumentId=16014,https://pub-pittmeadows.escribemeetings.com/Players/ISIStandAlonePlayer.aspx?Id=ed37f353-9126-4521-afef-a17e4d9e0bc1,https://councilrecord.ca/pittmeadows.html#vote/mpdu3w,"THAT Council: A. Grant first, second and third readings to the Bylaw Notice Enforcement Amendment Bylaw No. 2981, 2024 as presented at the April 9, 2024 Council Meeting."
2024-04-09,Public Council,K.4,"Bylaw Notice Enforcement Amendment Bylaw No. 2974, 2024",Main motion,Carried,7,0,0,,,In favour,In favour,In favour,In favour,In favour,In favour,In favour,Other,,,,https://pub-pittmeadows.escribemeetings.com/filestream.ashx?DocumentId=16014,https://pub-pittmeadows.escribemeetings.com/Players/ISIStandAlonePlayer.aspx?Id=ed37f353-9126-4521-afef-a17e4d9e0bc1,https://councilrecord.ca/pittmeadows.html#vote/3us6ve,"THAT Council: A. Adopt Bylaw Notice Enforcement Amendment Bylaw No. 2974, 2024 as presented at the April 9, 2024 Council Meeting."
2024-04-30,Public Council,G,CONSENT AGENDA,Main motion,Carried,7,0,0,,,In favour,In favour,In favour,In favour,In favour,In favour,In favour,Housing & density; Development; Governance & elections,,,,https://pub-pittmeadows.escribemeetings.com/filestream.ashx?DocumentId=16057,https://pub-pittmeadows.escribemeetings.com/Players/ISIStandAlonePlayer.aspx?Id=985e8a82-2ab2-49d5-be29-77ad43ff7d45,https://councilrecord.ca/pittmeadows.html#vote/1ushvql,THAT the following items be received into the record: G.1 Metro 2050 Type 3 Proposed Amendment G.2 Metro 2050 Proposed Amendments to Reflect the Electoral Area A Official Community Plan G.3 Urgent Appeal - Deny Parole for Robert Pickton
2024-04-30,Public Council,H.1,Policy C073 Community Service Awards and Civic Recognition Policy Update,Main motion,Carried,7,0,0,,,In favour,In favour,In favour,In favour,In favour,In favour,In favour,Taxes & spending; Governance & elections,,,,https://pub-pittmeadows.escribemeetings.com/filestream.ashx?DocumentId=16057,https://pub-pittmeadows.escribemeetings.com/Players/ISIStandAlonePlayer.aspx?Id=985e8a82-2ab2-49d5-be29-77ad43ff7d45,https://councilrecord.ca/pittmeadows.html#vote/158wjxf,"THAT Council: A. Repeal Council Policy C002 Freedom of the City; AND B. Approve amendments to Council Policy C073 Community Service Awards and Civic Recognition as presented at the April 30, 2024 Council meeting."
2024-04-30,Public Council,H.2,Air Quality Monitoring Study Update,Main motion,Carried,7,0,0,,,In favour,In favour,In favour,In favour,In favour,In favour,In favour,Other,,,,https://pub-pittmeadows.escribemeetings.com/filestream.ashx?DocumentId=16057,https://pub-pittmeadows.escribemeetings.com/Players/ISIStandAlonePlayer.aspx?Id=985e8a82-2ab2-49d5-be29-77ad43ff7d45,https://councilrecord.ca/pittmeadows.html#vote/12hvuqw,"THAT Council: A. Receive for information the report titled “Air Quality Moni toring Study Update” as presented at the April 30, 2024 Council meeting."
2024-04-30,Public Council,H.3,Public Hearing Procedures Amending Package,Main motion,Carried,7,0,0,,,In favour,In favour,In favour,In favour,In favour,In favour,In favour,Development; Taxes & spending; Governance & elections,,,,https://pub-pittmeadows.escribemeetings.com/filestream.ashx?DocumentId=16057,https://pub-pittmeadows.escribemeetings.com/Players/ISIStandAlonePlayer.aspx?Id=985e8a82-2ab2-49d5-be29-77ad43ff7d45,https://councilrecord.ca/pittmeadows.html#vote/1tvm375,"THAT Council: A. Grant first, second, and third readings to Development Procedures Amendment Bylaw No. 2988, 2024; AND B. Approve amendments to the Delegations Before Council Policy C010 as presented at the April 30, 2024 Council meeting; AND C. Approve amendments to the Public Engagement at Council Meetings Policy C107 as presented at the April 30, 2024 Council meeting."
2024-04-30,Public Council,H.4,Q2 2024 Strategic Priorities Quarterly Report,Main motion,Carried,7,0,0,,,In favour,In favour,In favour,In favour,In favour,In favour,In favour,Other,,,,https://pub-pittmeadows.escribemeetings.com/filestream.ashx?DocumentId=16057,https://pub-pittmeadows.escribemeetings.com/Players/ISIStandAlonePlayer.aspx?Id=985e8a82-2ab2-49d5-be29-77ad43ff7d45,https://councilrecord.ca/pittmeadows.html#vote/szxbg6,"THAT Council: A. Approve the operational strategies for Q2 2024 as presented to Council on April 30, 2024."
2024-04-30,Public Council,I.1,2024 Financial Plan and Utility Fees Bylaws,Main motion,Carried,7,0,0,,,In favour,In favour,In favour,In favour,In favour,In favour,In favour,Taxes & spending; Public services,,,,https://pub-pittmeadows.escribemeetings.com/filestream.ashx?DocumentId=16057,https://pub-pittmeadows.escribemeetings.com/Players/ISIStandAlonePlayer.aspx?Id=985e8a82-2ab2-49d5-be29-77ad43ff7d45,https://councilrecord.ca/pittmeadows.html#vote/i49esh,"THAT Council: A. Approve updated Policy C049 – Revenue and Taxation for inclusion as an attachment in the 2024 – 2028 Financial Plan Bylaw No. 2979, 2024 as required by the Community Charter ; AND B. Grant first, second, and third readings to the 2024 – 2028 Financial Plan Bylaw No. 2979, 2024; AND C. Grant first, second and third readings to the Drainage System Protection Amendment Bylaw No. 2978, 2024; AND D. Grant first, second and third readings to the Sanitary Sewer and Drainage Amendment Bylaw No. 2976, 2024; AND E. Grant first, second and third readings to the Solid Waste Collection and Disposal Amendment Bylaw No. 2977, 2024; AND F. Grant first, second and third readings to the Waterworks Amendment Bylaw No. 2975, 2024."
2024-04-30,Public Council,I.2,2024 Annual Tax Rates Bylaw,Main motion,Carried,7,0,0,,,In favour,In favour,In favour,In favour,In favour,In favour,In favour,Taxes & spending,,,,https://pub-pittmeadows.escribemeetings.com/filestream.ashx?DocumentId=16057,https://pub-pittmeadows.escribemeetings.com/Players/ISIStandAlonePlayer.aspx?Id=985e8a82-2ab2-49d5-be29-77ad43ff7d45,https://councilrecord.ca/pittmeadows.html#vote/70llgx,"THAT Council: A. Grant first, second and third readings to the 2024 Annual Tax Rates Bylaw No. 2980, 2024."
2024-04-30,Public Council,I.3,Third Reading Extension for 19476 Hammond Road,Main motion,Carried,7,0,0,,,In favour,In favour,In favour,In favour,In favour,In favour,In favour,Development; Taxes & spending,,,,https://pub-pittmeadows.escribemeetings.com/filestream.ashx?DocumentId=16057,https://pub-pittmeadows.escribemeetings.com/Players/ISIStandAlonePlayer.aspx?Id=985e8a82-2ab2-49d5-be29-77ad43ff7d45,https://councilrecord.ca/pittmeadows.html#vote/1o4br7h,"THAT Council: A. Grant an extension to the completion period for Zoning Amendment Bylaw No. 2899, 2021 for 19476 Hammond Road until the City has amended Zoning Bylaw No. 2505, 2011 to align with the new provincial housing legislation as mandated through Bill 44 Housing Statutes (Residential Development) Amendment Act; AND B. Include as a condition prior to adoption of Zoning Amendment Bylaw No. 2899, 2021 a restrictive covenant on title limiting the number of units to one per lot as offered by the developer."
2024-04-30,Public Council,I.4,Zoning Amendment Bylaw for the Pitt Meadows Airport,Main motion,Carried,7,0,0,,,In favour,In favour,In favour,In favour,In favour,In favour,In favour,Development; Taxes & spending; Environment & climate,,,,https://pub-pittmeadows.escribemeetings.com/filestream.ashx?DocumentId=16057,https://pub-pittmeadows.escribemeetings.com/Players/ISIStandAlonePlayer.aspx?Id=985e8a82-2ab2-49d5-be29-77ad43ff7d45,https://councilrecord.ca/pittmeadows.html#vote/n1mr4x,"THAT Council: A. Grant third reading and adopt Zoning Text Amendment Bylaw No. 2971, 2024, to permit expanded uses at the Pitt Meadows Regional Airport."
2024-04-30,Public Council,I.5,"Bylaw Notice Enforcement Amendment Bylaw No. 2981, 2024",Main motion,Carried,7,0,0,,,In favour,In favour,In favour,In favour,In favour,In favour,In favour,Other,,,,https://pub-pittmeadows.escribemeetings.com/filestream.ashx?DocumentId=16057,https://pub-pittmeadows.escribemeetings.com/Players/ISIStandAlonePlayer.aspx?Id=985e8a82-2ab2-49d5-be29-77ad43ff7d45,https://councilrecord.ca/pittmeadows.html#vote/1wd8800,"THAT Council: A. Adopt Bylaw Notice Enforcement Amendment Bylaw No. 2981, 2024 as presented at the April 30, 2024 Council Meeting."
2024-04-30,Public Council,I.6,"Waterworks Amendment Bylaw No. 2984, 2024",Main motion,Carried,7,0,0,,,In favour,In favour,In favour,In favour,In favour,In favour,In favour,Public services,,,,https://pub-pittmeadows.escribemeetings.com/filestream.ashx?DocumentId=16057,https://pub-pittmeadows.escribemeetings.com/Players/ISIStandAlonePlayer.aspx?Id=985e8a82-2ab2-49d5-be29-77ad43ff7d45,https://councilrecord.ca/pittmeadows.html#vote/zhr87t,"THAT Council: A. Adopt Waterworks Amendment Bylaw No. 2984, 2024 as presented at the April 30, 2024 Council Meeting."
2024-04-30,Public Council,I.7,"Zoning Text Amendment Bylaw No. 2961, 2024 [Late Item]",Main motion,Carried,7,0,0,,,In favour,In favour,In favour,In favour,In favour,In favour,In favour,Development; Business & economy,,,,https://pub-pittmeadows.escribemeetings.com/filestream.ashx?DocumentId=16057,https://pub-pittmeadows.escribemeetings.com/Players/ISIStandAlonePlayer.aspx?Id=985e8a82-2ab2-49d5-be29-77ad43ff7d45,https://councilrecord.ca/pittmeadows.html#vote/1e1u83z,"THAT Council: A. Adopt Zoning Text Amendment Bylaw No. 2961, 2024, regarding amendments to the home-based business section of the City’s Zoning Bylaw."
2024-05-07,Public Council,H.1,2023 Financial Statements and Audit Results,Main motion,Carried,7,0,0,,,In favour,In favour,In favour,In favour,In favour,In favour,In favour,Taxes & spending,,,,https://pub-pittmeadows.escribemeetings.com/filestream.ashx?DocumentId=16086,https://pub-pittmeadows.escribemeetings.com/Players/ISIStandAlonePlayer.aspx?Id=d20d3cb6-56a8-4bc3-8de9-52f7cd29d6e7,https://councilrecord.ca/pittmeadows.html#vote/kwmnqk,"THAT Council: A. Accept the City’s 2023 financial statements and direct the Mayor and Director of Financial Services to sign the Consolidated Statement of Financial Position and forward the completed financial statements to the province as required by May 15, 2024; AND B. Di rect staff to present the City’s 2023 financial statements along with the 2023 annual report at the June 25, 2024 Council meeting."
2024-05-07,Public Council,I,CONSENT AGENDA,Main motion,Carried,7,0,0,,,In favour,In favour,In favour,In favour,In favour,In favour,In favour,Governance & elections,,,,https://pub-pittmeadows.escribemeetings.com/filestream.ashx?DocumentId=16086,https://pub-pittmeadows.escribemeetings.com/Players/ISIStandAlonePlayer.aspx?Id=d20d3cb6-56a8-4bc3-8de9-52f7cd29d6e7,https://councilrecord.ca/pittmeadows.html#vote/12736f,"THAT the following items be received into the record: I.1 2024 Committee Recruitment Summary I.2 Closed Items Released to the Public I.3 Draft EDAC Minutes - April 4, 2024 I.4 Draft ATAC Minutes - April 8, 2024 I.5 Draft PRC Minutes - April 18, 2024 I.6 Draft AAC Minutes - April 25, 2024"
2024-05-07,Public Council,J.1,Policy Update – C059 Sponsorship and Advertising of City Owned or City Managed Assets,Main motion,Carried,7,0,0,,,In favour,In favour,In favour,In favour,In favour,In favour,In favour,Taxes & spending; Governance & elections,,,,https://pub-pittmeadows.escribemeetings.com/filestream.ashx?DocumentId=16086,https://pub-pittmeadows.escribemeetings.com/Players/ISIStandAlonePlayer.aspx?Id=d20d3cb6-56a8-4bc3-8de9-52f7cd29d6e7,https://councilrecord.ca/pittmeadows.html#vote/1w0ukq3,"THAT Council: A. Approve the amendments to Council Policy C059 - Sponsorship and Advertising of City Owned or City Managed Assets, as presented at the May 7, 2024 meeting of Council."
2024-05-07,Public Council,J.2,Policy Update – C084 Naming of City Owned or City Managed Assets,Main motion,Carried,6,1,0,,,In favour,In favour,Against,In favour,In favour,In favour,In favour,Neighbourhood character; Governance & elections,,,,https://pub-pittmeadows.escribemeetings.com/filestream.ashx?DocumentId=16086,https://pub-pittmeadows.escribemeetings.com/Players/ISIStandAlonePlayer.aspx?Id=d20d3cb6-56a8-4bc3-8de9-52f7cd29d6e7,https://councilrecord.ca/pittmeadows.html#vote/5jv507,"THAT Council: A. Approve the amendments to Council Policy C084 - Naming of City Owned or City Managed Assets, as presented at the May 7, 2024 meeting of Council."
2024-05-07,Public Council,J.3,2025 Business Plan Guidelines and Timeline,Main motion,Carried,7,0,0,,,In favour,In favour,In favour,In favour,In favour,In favour,In favour,Business & economy; Governance & elections,,,,https://pub-pittmeadows.escribemeetings.com/filestream.ashx?DocumentId=16086,https://pub-pittmeadows.escribemeetings.com/Players/ISIStandAlonePlayer.aspx?Id=d20d3cb6-56a8-4bc3-8de9-52f7cd29d6e7,https://councilrecord.ca/pittmeadows.html#vote/7gh2fq,"THAT Council: A. Approve the 2025 Business Plan Guidelines and Timeline as presented at the May 7, 2024 Regular Council meeting; AND B. Approve the amendment to the 2024 Council Meeting Schedule to reflect Business Plan presentation dates of November 25 and 26, 2024."
2024-05-07,Public Council,K.1,Fill Deposit Application – Lot 39 McNeil Road,Main motion,Carried,7,0,0,,,In favour,In favour,In favour,In favour,In favour,In favour,In favour,Development; Transportation; Business & economy,,,,https://pub-pittmeadows.escribemeetings.com/filestream.ashx?DocumentId=16086,https://pub-pittmeadows.escribemeetings.com/Players/ISIStandAlonePlayer.aspx?Id=d20d3cb6-56a8-4bc3-8de9-52f7cd29d6e7,https://councilrecord.ca/pittmeadows.html#vote/1x8v9ur,"THAT Council: A. Approve the issuance of a Soil Removal and Fill Deposit Permit to import structural and preload fill for the construction of a single family dwelling and auxiliary farm structure at Lot 39 McNeil Road, as presented at the May 7, 2024 Regular Council meeting, with the following conditions: 1. Issuance of a Highway Use Permit for hauling of fill, prohibiting roadside parking or staging; AND 2. The proposed fill placement activities must be conducted in compliance with all applicable requirements as outlined in the City of Pitt Meadows Soil Removal and Fill Deposit Bylaw; AND 3. The permanent fill placement activities are restricted to an area of 1488 m ; AND 4. The total allowed volume of material to be placed is limited to 1290 3 3 m of temporary preload fill and 1457.5 m of permanent structural fill; AND 5. All existing topsoil should be salvaged for use on the property where appropriate; AND 6. Execution and monitoring of Erosion and Sediment Control (ESC) measures as prescribed by the qualified professional and as required per best management practices; AND B. Implementation of all geotechnical recommendations for site preparation, foundation design and field review as recommended by Able Geotechnical Ltd."
2024-05-07,Public Council,K.2,2024 Financial Plan and Utility Fees Bylaws,Main motion,Carried,7,0,0,,,In favour,In favour,In favour,In favour,In favour,In favour,In favour,Taxes & spending; Public services,,,,https://pub-pittmeadows.escribemeetings.com/filestream.ashx?DocumentId=16086,https://pub-pittmeadows.escribemeetings.com/Players/ISIStandAlonePlayer.aspx?Id=d20d3cb6-56a8-4bc3-8de9-52f7cd29d6e7,https://councilrecord.ca/pittmeadows.html#vote/17xgjh3,"THAT Council: A. Adopt 2024 – 2028 Financial Plan Bylaw No. 2979, 2024;AND B. Adopt the Drainage System Protection Amendment Bylaw No. 2978, 2024; AND C. Adopt the Sanitary Sewer and Drainage Amendment Bylaw No. 2976, 2024; AND D. Adopt the Solid Waste Collection and Disposal Amendment Bylaw No. 2977, 2024; AND E. Adopt the Waterworks Amendment Bylaw No. 2975, 2024."
2024-05-07,Public Council,K.3,2024 Annual Tax Rates Bylaw,Main motion,Carried,7,0,0,,,In favour,In favour,In favour,In favour,In favour,In favour,In favour,Taxes & spending,,,,https://pub-pittmeadows.escribemeetings.com/filestream.ashx?DocumentId=16086,https://pub-pittmeadows.escribemeetings.com/Players/ISIStandAlonePlayer.aspx?Id=d20d3cb6-56a8-4bc3-8de9-52f7cd29d6e7,https://councilrecord.ca/pittmeadows.html#vote/194cu59,"THAT Council: A. Adopt the 2024 Annual Tax Rates Bylaw No. 2980, 2024."
2024-05-07,Public Council,K.4,"Development Procedures Amendment Bylaw No. 2988, 2024",Main motion,Carried,7,0,0,,,In favour,In favour,In favour,In favour,In favour,In favour,In favour,Development; Governance & elections,,,,https://pub-pittmeadows.escribemeetings.com/filestream.ashx?DocumentId=16086,https://pub-pittmeadows.escribemeetings.com/Players/ISIStandAlonePlayer.aspx?Id=d20d3cb6-56a8-4bc3-8de9-52f7cd29d6e7,https://councilrecord.ca/pittmeadows.html#vote/1phqo1x,"THAT Council: A. Adopt Development Procedures Amendment Bylaw No. 2988, 2024."
2024-05-14,Public Council,P,"Ward, Director of Planning & Development provided an overview of the Staff",Main motion,Carried,7,0,0,,,In favour,In favour,In favour,In favour,In favour,In favour,In favour,Development; Taxes & spending,,,,https://pub-pittmeadows.escribemeetings.com/filestream.ashx?DocumentId=16145,https://pub-pittmeadows.escribemeetings.com/Players/ISIStandAlonePlayer.aspx?Id=69247a82-f5f7-4fd0-a482-d2598f6713a4,https://councilrecord.ca/pittmeadows.html#vote/1vrl5f7,"THAT Council: A. Consider the consultation as outlined in the “Amenity Cost Charges” Staff Report, presented at the May 14, 2024 Public Council Meeting, to be appropriate pursuant to Section 570.3 of the Local Government Act."
2024-05-14,Public Council,J.1,Zoning Amendment Bylaw to Implement Provincial Small-Scale Multi-Unit Housing and Transit-Oriented Areas Parking Requirements,Main motion,Carried,7,0,0,,,In favour,In favour,In favour,In favour,In favour,In favour,In favour,Housing & density; Development; Transportation,,,,https://pub-pittmeadows.escribemeetings.com/filestream.ashx?DocumentId=16145,https://pub-pittmeadows.escribemeetings.com/Players/ISIStandAlonePlayer.aspx?Id=69247a82-f5f7-4fd0-a482-d2598f6713a4,https://councilrecord.ca/pittmeadows.html#vote/b80g14,"THAT Council: A. Has, pursuant to Section 481.3(7) of the Local Government Act, considered the Provincial Policy Manual and Site Standards for Small- Scale Multi- Unit Housing, as outlined in the “Zoning Amendment Bylaw to Implement Provincial Small-Scale Multi-Unit Housing and Transit- Oriented Areas Parking Requirements” report presented at the May 14, 2024 Council meeting, and, in that regard, considers that no further consideration of the Provincial Policy Manual and Site Standards is required at this time; AND B. Has, pursuant to Section 479(6) and 525.1(4) of the Local Government Act , considered the Provincial Policy Manual: Transit-Oriented Areas, as outlined in the “Zoning Amendment Bylaw to Implement Provincial Small-Scale Multi-Unit Housing and Transit-Oriented Areas Parking Requirements” report presented at the May 14, 2024 Council meeting, and, in that regard, considers that no further consideration of the Provincial Policy Manual is required at this time; AND C. Grant first, second, and third readings to Zoning Amendment Bylaw No. 2986, 2024, to implement the Provincial small-scale multi-unit housing and transit-oriented areas legislation."
2024-05-14,Public Council,J.2,Amendments to City of Pitt Meadows Official Community Plan Development Permit Areas,Main motion,Carried,7,0,0,,,In favour,In favour,In favour,In favour,In favour,In favour,In favour,Housing & density; Development; Environment & climate,,,,https://pub-pittmeadows.escribemeetings.com/filestream.ashx?DocumentId=16145,https://pub-pittmeadows.escribemeetings.com/Players/ISIStandAlonePlayer.aspx?Id=69247a82-f5f7-4fd0-a482-d2598f6713a4,https://councilrecord.ca/pittmeadows.html#vote/838kgq,"THAT Council: A. Has, pursuant to Section 475(2) of the Local Government Act , considered whether opportunities for consultation should be early and ongoing, and specifically whether consultation is required with: 1. The board of the regional district in which the area covered by the plan is located, in the case of a municipal official community plan; 2. The board of any regional district that is adjacent to the area covered by the plan; 3. The council of any municipality that is adjacent to the area covered by the plan; 4. First Nations; 5. Boards of education, greater boards and improvement district boards, and 6. The Provincial and Federal governments and their agencies; 7. and in that regard, considers it unnecessary to provide further consultation opportunities, except by way of holding a public hearing on the Bylaw; AND B. Has, pursuant to Section 473(4) of the Local Government Act, considered the Provincial Policy Manual and Site Standards for Small-Scale Multi- Unit Housing and the Provincial Policy Manual: Transit-Oriented Areas, as outlined in the “Amendments to City of Pitt Meadows Official Community Plan Development Permit Areas” report presented at the May 14, 2024 Council meeting, and, in that regard, considers that no further consideration of the Provincial Policy Manuals is required at this time; AND C. Grant first and second readings to Official Community Plan Amendment Bylaw No. 2990, 2024; AND D. Has, pursuant to Section 477(3) of the Local Government Act, considered Official Community Plan Amendment Bylaw No. 2990, 2024 in conjunction with the City’s financial plan and waste management plans, as outlined in the “Amendments to City of Pitt Meadows Official Community Plan Development Permit Areas” report presented at the May 14, 2024 Council meeting, and, in that regard, considers that no further consideration of the financial plan and waste management plans is required at this time; AND E. Direct staff to schedule a public hearing for an upcoming meeting of Council."
2024-05-14,Public Council,J.3,Transit-Oriented Area Designation Bylaw to Implement Provincial Transit- Oriented Areas Requirements,Main motion,Carried,7,0,0,,,In favour,In favour,In favour,In favour,In favour,In favour,In favour,Housing & density; Transportation,,,,https://pub-pittmeadows.escribemeetings.com/filestream.ashx?DocumentId=16145,https://pub-pittmeadows.escribemeetings.com/Players/ISIStandAlonePlayer.aspx?Id=69247a82-f5f7-4fd0-a482-d2598f6713a4,https://councilrecord.ca/pittmeadows.html#vote/1mr7576,"THAT Council: A. Has, pursuant to Section 585.52(3) of the Local Government Act , considered the Provincial Policy Manual: Transit-Oriented Areas, as outlined in the “Transit -Oriented Area Designation Bylaw to Implement Provincial Transit- Oriented Areas Requirements” report presented at the May 14, 2024 Council meeting, and, in that regard, considers that no further consideration of the Provincial Policy Manual is required at this time; AND B. Grant first, second, and third readings to Transit-Oriented Area Designation Bylaw No. 2989, 2024, to implement the Provincial transit- oriented areas legislation."
2024-05-28,Public Council,G.1,2024 Report under the Fighting Against Forced Labour and Child Labour in Supply Chains Act,Main motion,Carried,7,0,0,,,In favour,In favour,In favour,In favour,In favour,In favour,In favour,Governance & elections,,,,https://pub-pittmeadows.escribemeetings.com/filestream.ashx?DocumentId=16189,https://pub-pittmeadows.escribemeetings.com/Players/ISIStandAlonePlayer.aspx?Id=f3ae213f-d495-415e-adb0-52ab921ee4d8,https://councilrecord.ca/pittmeadows.html#vote/39rup3,"THAT Council: A. Approve the ‘2024 Report under the Fighting Against Forced Labour and Child Labour in Supply Chains Act’ as presented at the Regular Council meeting held on May 28, 2024; AND B. Authorize the Mayor to sign the Report on behalf of the City of Pitt Meadows."
2024-05-28,Public Council,G.2,Pitt Meadows Library Sorter Refurbishment,Main motion,Carried,7,0,0,,,In favour,In favour,In favour,In favour,In favour,In favour,In favour,Taxes & spending; Environment & climate; Parks & recreation,,,,https://pub-pittmeadows.escribemeetings.com/filestream.ashx?DocumentId=16189,https://pub-pittmeadows.escribemeetings.com/Players/ISIStandAlonePlayer.aspx?Id=f3ae213f-d495-415e-adb0-52ab921ee4d8,https://councilrecord.ca/pittmeadows.html#vote/1krbohh,"THAT Council: A. Approve the refurbishment of the Pitt Meadows Library Sorter for a total cost of up to $110,000, to be fully funded by available funds in the City’s FVRL Member Salary & Benefit Reserve."
2024-05-28,Public Council,G.3,Non-adhering Residential Use Application for 12405 McTavish Road,Main motion,Carried,7,0,0,,,In favour,In favour,In favour,In favour,In favour,In favour,In favour,Housing & density; Business & economy,,,,https://pub-pittmeadows.escribemeetings.com/filestream.ashx?DocumentId=16189,https://pub-pittmeadows.escribemeetings.com/Players/ISIStandAlonePlayer.aspx?Id=f3ae213f-d495-415e-adb0-52ab921ee4d8,https://councilrecord.ca/pittmeadows.html#vote/119wn6f,"THAT Council: A. Direct Staff to forward to the ALC, with a recommendation of support, the application for a non-adhering residential use application at 12405 McTavish Road, to permit temporary farm worker housing."
2024-05-28,Public Council,G.4,2024 First Quarter Report to the Community,Main motion,Carried,7,0,0,,,In favour,In favour,In favour,In favour,In favour,In favour,In favour,Other,,,,https://pub-pittmeadows.escribemeetings.com/filestream.ashx?DocumentId=16189,https://pub-pittmeadows.escribemeetings.com/Players/ISIStandAlonePlayer.aspx?Id=f3ae213f-d495-415e-adb0-52ab921ee4d8,https://councilrecord.ca/pittmeadows.html#vote/1l59nxv,"THAT Council: A. Receive for information the “2024 First Quarter Report to the Community” staff report as presented at the May 28, 2024 public meeting of Council."
2024-06-04,Public Council,M,"Roberts, Chief Administrative Officer, provided an overview of the Staff",Main motion,Carried,7,0,0,,,In favour,In favour,In favour,In favour,In favour,In favour,In favour,Public services; Governance & elections,,,,https://pub-pittmeadows.escribemeetings.com/filestream.ashx?DocumentId=16293,https://pub-pittmeadows.escribemeetings.com/Players/ISIStandAlonePlayer.aspx?Id=5df773a8-bdf7-402e-a439-eafde4e94919,https://councilrecord.ca/pittmeadows.html#vote/rwxhaz,"THAT Council: A. Direct staff to submit the following prioritized requests for meetings with Provincial Cabinet Ministers during the 2024 UBCM Convention: 1. The Hon. Nathan Cullen, Minister of Water, Land and Resource Stewardship, regarding advocacy and support (budget and resources) for the water licensing program and streamlining the process to help meet water needs of the agricultural community; AND 2. The Hon. Rob Fleming, Minister of Transportation and Infrastructure, regarding continued support and advocacy for funding for the Harris Road Underpass to ensure its implementation; as well as continued support and progression of the infrastructure improvements at the Lougheed Highway/Harris Rd. intersection; AND 3. The Hon. Pam Alexis, Minister of Agriculture and Food, regarding agricultural viability in Pitt Meadows; AND 4. The Hon. Katrine Conroy, Minister of Finance, regarding farm property tax reform; AND 5. The Hon. Ravi Kahlon, Minister of Housing, regarding implications arising from the new Provincial Homes for People legislation; AND 6. The Hon. Anne Kang, Minister of Municipal Affairs, to provide an overview of all topics being discussed with the other Ministers; AND B. Direct staff to prepare discussion papers for each requested meeting outlining relevant background information and any specific requests; AND C. Direct staff to invite representation from q̓ic̓əy̓ (Katzie) First Nation to join Council for the above meetings as available; AND D. Direct staff to invite Minister Lisa Beare to join Council for the above meetings as available."
2024-06-04,Public Council,H.2,2024 E-Comm Annual General Meeting of Shareholders,Main motion,Carried,7,0,0,,,In favour,In favour,In favour,In favour,In favour,In favour,In favour,Public services; Governance & elections,,,,https://pub-pittmeadows.escribemeetings.com/filestream.ashx?DocumentId=16293,https://pub-pittmeadows.escribemeetings.com/Players/ISIStandAlonePlayer.aspx?Id=5df773a8-bdf7-402e-a439-eafde4e94919,https://councilrecord.ca/pittmeadows.html#vote/b9uu00,"THAT Council: A. As a shareholder of E-Comm, affirm their vote in favour of all proposed resolutions for the June 20, 2024 E-Comm Annual General Meeting of Shareholders, as outlined in the Notice of AGM and as presented to Council at the June 4, 2024 Council Meeting; AND B. Appoint CAO Mark Roberts as the City’s authorized representative for the purposes of the E-Comm AGM, and direct Mr. Roberts to sign and submit the Form of Proxy indicating Council’s en dorsement of all recommended motions and appointing Doug Campbell, E-Comm Board Chair, as the City’s proxyholder."
2024-06-04,Public Council,I.1,Land Use Contracts and Meadow Highlands Co-operative Mobile Home Park,Main motion,Carried,7,0,0,,,In favour,In favour,In favour,In favour,In favour,In favour,In favour,Housing & density; Development; Taxes & spending; Environment & climate,,,,https://pub-pittmeadows.escribemeetings.com/filestream.ashx?DocumentId=16293,https://pub-pittmeadows.escribemeetings.com/Players/ISIStandAlonePlayer.aspx?Id=5df773a8-bdf7-402e-a439-eafde4e94919,https://councilrecord.ca/pittmeadows.html#vote/j3z1nx,"THAT Council: A. Has, pursuant to Section 479(6), 525(1.2), and 525.1(4) of the Local Government Act, considered the Provincial Policy Manual and Site Standards for Small-Scale Multi-Unit Housing and the Provincial Policy Manual: Transit- Oriented Areas, as outlined in the “Land Use Contracts and Meadow Highlands Co- operative Mobile Home Park” report presented at the June 4, 2024 Council meeting, and, in that regard, considers that no further consideration of the Provincial Policy Manuals is required at this time; AND B. Grant first, second, and third readings to Zoning Amendment Bylaw No. 2991, 2024 to rezone Meadow Highlands Co-operative from Multi-Family Residential 1 (RM-1) to Residential Mobile Home Zone (RMH)."
2024-06-04,Public Council,I.2,Amenity Cost Charge Bylaws,Main motion,Carried,7,0,0,,,In favour,In favour,In favour,In favour,In favour,In favour,In favour,Development; Taxes & spending,,,,https://pub-pittmeadows.escribemeetings.com/filestream.ashx?DocumentId=16293,https://pub-pittmeadows.escribemeetings.com/Players/ISIStandAlonePlayer.aspx?Id=5df773a8-bdf7-402e-a439-eafde4e94919,https://councilrecord.ca/pittmeadows.html#vote/1y9fdoi,"THAT Council: A. Grant first, second, and third readings to Amenity Cost Charge Bylaw No. 2987, 2024; AND B. Grant first, second, and third readings to Amenity Cost Charge Reserve Fund Bylaw No. 2985, 2024; AND C. Approve amendments to Council Policy C091 Residential Community Amenity Contributions as presented at the June 4, 2024 Council meeting."
2024-06-25,Public Council,G.1,Urban Forest Health Update - Hoffman Park and Shoreline Park,Main motion,Carried,7,0,0,,,In favour,In favour,In favour,In favour,In favour,In favour,In favour,Environment & climate; Parks & recreation; Public services,,,,https://pub-pittmeadows.escribemeetings.com/filestream.ashx?DocumentId=16343,https://pub-pittmeadows.escribemeetings.com/Players/ISIStandAlonePlayer.aspx?Id=707e34d6-c652-444e-b7c4-db8fb9b1cefe,https://councilrecord.ca/pittmeadows.html#vote/11cc3xg,"THAT Council: A. Receive for information the Staff Report titled ""Urban Forest Health Update - Hoffman Park and Shoreline Park"" as presented at the June 25, 2024 Council meeting."
2024-06-25,Public Council,G.2,Traffic Management and Statistics Update,Main motion,Carried,7,0,0,,,In favour,In favour,In favour,In favour,In favour,In favour,In favour,Transportation,,,,https://pub-pittmeadows.escribemeetings.com/filestream.ashx?DocumentId=16343,https://pub-pittmeadows.escribemeetings.com/Players/ISIStandAlonePlayer.aspx?Id=707e34d6-c652-444e-b7c4-db8fb9b1cefe,https://councilrecord.ca/pittmeadows.html#vote/pnol67,"THAT Council: A. Receive for information the Staff Report titled ‘Traffic Management and Statistics Update’ as presented at the J une 25, 2024 Council Meeting."
2024-06-25,Public Council,G.3,Cannabis Producer Retail Store Licence Application for 19038 Old Dewdney Trunk Road,Main motion,Carried,5,2,0,,,In favour,In favour,In favour,Against,In favour,In favour,Against,Neighbourhood character; Business & economy,,,,https://pub-pittmeadows.escribemeetings.com/filestream.ashx?DocumentId=16343,https://pub-pittmeadows.escribemeetings.com/Players/ISIStandAlonePlayer.aspx?Id=707e34d6-c652-444e-b7c4-db8fb9b1cefe,https://councilrecord.ca/pittmeadows.html#vote/1ktxl6b,"THAT Council: A. Recommend to the Liquor and Cannabis Regulation Branch that the Producer Retail Store licence for Weeds International Inc. at 19038 Old Dewdney Trunk Road be issued; AND B. Direct staff to forward to the Liquor and Cannabis Regulation Branch the written comments attached to the report titled “Cannabis Producer Retail Store Licence Application for 19038 Old Dewdney Trunk Road” as presented to Council on June 25, 2024."
2024-06-25,Public Council,G.4,2023 Statement of Financial Information (SOFI),Main motion,Carried,7,0,0,,,In favour,In favour,In favour,In favour,In favour,In favour,In favour,Taxes & spending,,,,https://pub-pittmeadows.escribemeetings.com/filestream.ashx?DocumentId=16343,https://pub-pittmeadows.escribemeetings.com/Players/ISIStandAlonePlayer.aspx?Id=707e34d6-c652-444e-b7c4-db8fb9b1cefe,https://councilrecord.ca/pittmeadows.html#vote/rmm49i,"THAT Council: A. Approve the City's 2023 Statement of Financial Information as presented at the June 25, 2024 Public Council Meeting for submission to the Ministry of Municipal Affairs by June 30, 2024 and for availability to the public."
2024-06-25,Public Council,H.1,2023 – 2027 Financial Plan Bylaw Amendment,Main motion,Carried,7,0,0,,,In favour,In favour,In favour,In favour,In favour,In favour,In favour,Taxes & spending,,,,https://pub-pittmeadows.escribemeetings.com/filestream.ashx?DocumentId=16343,https://pub-pittmeadows.escribemeetings.com/Players/ISIStandAlonePlayer.aspx?Id=707e34d6-c652-444e-b7c4-db8fb9b1cefe,https://councilrecord.ca/pittmeadows.html#vote/iwarho,"THAT Council: A. Grant first, second and third readings to the 2023 – 2027 Financial Plan Amendment Bylaw No. 2993, 2024."
2024-06-25,Public Council,H.2,Rezoning and Development Variance Permit for 19476 Hammond Road,Main motion,Carried,7,0,0,,,In favour,In favour,In favour,In favour,In favour,In favour,In favour,Housing & density; Development; Transportation,,,,https://pub-pittmeadows.escribemeetings.com/filestream.ashx?DocumentId=16343,https://pub-pittmeadows.escribemeetings.com/Players/ISIStandAlonePlayer.aspx?Id=707e34d6-c652-444e-b7c4-db8fb9b1cefe,https://councilrecord.ca/pittmeadows.html#vote/ndr2zl,"THAT Council: A. Has, pursuant to Section 479(6) of the Local Government Act, considered the Provincial Policy Manual: Transit-Oriented Areas, as outlined in the “Rezoning and Development Variance Permit for 19476 Hammond Road” report presented at the June 25, 2024 Council meeting, and in that regard, considers that no further consideration of the Provincial Policy Manual is required at this time; AND B. Adopt Zoning Amendment Bylaw No. 2899, 2021 to rezone the property at 19476 Hammond Rd from RS (Large Lot Residential) to R-2 (Small Lot Residential); AND C. Grant issuance of Development Variance Permit No. 2024-003 for 19476 Hammond Road, to permit subdivision into four lots by varying the following: 1. Minimum lot width from 11 m to 10.9 m; and 2. Minimum interior side setback from 1.5 m to 1.2 m for the west side of Lots 1, and 3, and east side of Lots 2, and 4; AND 3. Minimum interior side setback from 1.5 m to 1.22 m for the west side of Lot 2 and east side of Lot 3; AND D. Waive the 10% lot perimeter frontage requirement in accordance with Local Government Act s. 512(2) for Proposed Lots 1-4 as shown on the survey plan for 19476 Hammond Road prepared by Pinnacle Home Designs dated August 12, 2013 (Attachment A of Development Variance Permit No. 2024-003)."
2024-06-25,Public Council,H.3,Rezoning Application for Restaurants in Golden Ears Business Park,Main motion,Carried,7,0,0,,,In favour,In favour,In favour,In favour,In favour,In favour,In favour,Housing & density; Development; Taxes & spending; Parks & recreation; Business & economy,,,,https://pub-pittmeadows.escribemeetings.com/filestream.ashx?DocumentId=16343,https://pub-pittmeadows.escribemeetings.com/Players/ISIStandAlonePlayer.aspx?Id=707e34d6-c652-444e-b7c4-db8fb9b1cefe,https://councilrecord.ca/pittmeadows.html#vote/m0x9c5,"THAT Council: A. Grant first and second readings to Zoning Text Amendment Bylaw No. 2992, 2024, to permit a total of nine restaurants within the Golden Ears Business Park; AND B. Direct staff to schedule a public hearing for an upcoming meeting of Council."
2024-06-25,Public Council,H.4,Zoning Amendment Bylaw to Implement Provincial Small-Scale Multi-Unit Housing and Transit-Oriented Areas Parking Requirements,Main motion,Carried,7,0,0,,,In favour,In favour,In favour,In favour,In favour,In favour,In favour,Housing & density; Development; Transportation,,,,https://pub-pittmeadows.escribemeetings.com/filestream.ashx?DocumentId=16343,https://pub-pittmeadows.escribemeetings.com/Players/ISIStandAlonePlayer.aspx?Id=707e34d6-c652-444e-b7c4-db8fb9b1cefe,https://councilrecord.ca/pittmeadows.html#vote/poahvm,"THAT Council: A. Adopt Zoning Amendment Bylaw No. 2986, 2024, to implement the Provincial small-scale multi-unit housing and transit-oriented areas legislation."
2024-06-25,Public Council,H.5,Meadow Highlands Co-operative Mobile Home Park Zoning Bylaw Amendment,Main motion,Carried,7,0,0,,,In favour,In favour,In favour,In favour,In favour,In favour,In favour,Housing & density; Development; Environment & climate,,,,https://pub-pittmeadows.escribemeetings.com/filestream.ashx?DocumentId=16343,https://pub-pittmeadows.escribemeetings.com/Players/ISIStandAlonePlayer.aspx?Id=707e34d6-c652-444e-b7c4-db8fb9b1cefe,https://councilrecord.ca/pittmeadows.html#vote/trq0u5,"THAT Council: A. Adopt Zoning Amendment Bylaw No. 2991, 2024 to rezone Meadow Highlands Co-operative from Multi-Family Residential 1 (RM-1) to Residential Mobile Home Zone (RMH)."
2024-06-25,Public Council,H.6,Transit-Oriented Area Designation Bylaw to Implement Provincial Transit- Oriented Areas Requirements,Main motion,Carried,7,0,0,,,In favour,In favour,In favour,In favour,In favour,In favour,In favour,Housing & density; Transportation,,,,https://pub-pittmeadows.escribemeetings.com/filestream.ashx?DocumentId=16343,https://pub-pittmeadows.escribemeetings.com/Players/ISIStandAlonePlayer.aspx?Id=707e34d6-c652-444e-b7c4-db8fb9b1cefe,https://councilrecord.ca/pittmeadows.html#vote/sp8864,"THAT Council: A. Adopt Transit-Oriented Area Designation Bylaw No. 2989, 2024 to implement the Provincial transit-oriented areas legislation."
2024-06-25,Public Council,H.7,Amenity Cost Charge Bylaws,Main motion,Carried,7,0,0,,,In favour,In favour,In favour,In favour,In favour,In favour,In favour,Development; Taxes & spending,,,,https://pub-pittmeadows.escribemeetings.com/filestream.ashx?DocumentId=16343,https://pub-pittmeadows.escribemeetings.com/Players/ISIStandAlonePlayer.aspx?Id=707e34d6-c652-444e-b7c4-db8fb9b1cefe,https://councilrecord.ca/pittmeadows.html#vote/1ssohfd,"THAT Council: A. Adopt Amenity Cost Charge Bylaw No. 2987, 2024; AND B. Adopt Amenity Cost Charge Reserve Fund Bylaw No. 2985, 2024."
2024-06-25,Public Council,H.8,Amendments to Official Community Plan Development Permit Areas,Main motion,Carried,7,0,0,,,In favour,In favour,In favour,In favour,In favour,In favour,In favour,Housing & density; Development; Taxes & spending,,,,https://pub-pittmeadows.escribemeetings.com/filestream.ashx?DocumentId=16343,https://pub-pittmeadows.escribemeetings.com/Players/ISIStandAlonePlayer.aspx?Id=707e34d6-c652-444e-b7c4-db8fb9b1cefe,https://councilrecord.ca/pittmeadows.html#vote/1fcpowi,"THAT Council: A. Grant third reading and adopt Official Community Plan Amendment Bylaw No. 2990, 2024."
2024-07-09,Public Council,G.1,"School District No. 42 [""SD42""] Eligible School Sites Proposal",Main motion,Carried,7,0,0,,,In favour,In favour,In favour,In favour,In favour,In favour,In favour,Governance & elections,,,,https://pub-pittmeadows.escribemeetings.com/filestream.ashx?DocumentId=16407,https://pub-pittmeadows.escribemeetings.com/Players/ISIStandAlonePlayer.aspx?Id=a824a015-6cb6-4b83-9f06-8ff8487c8988,https://councilrecord.ca/pittmeadows.html#vote/clmayn,"THAT Council: A. Accept School District 42 Board of Education’s resolution of proposed eligible school site requirements as outlined in their correspondence dated May 16, 2024."
2024-07-09,Public Council,G.2,Accessible British Columbia Act – Update,Main motion,Carried,7,0,0,,,In favour,In favour,In favour,In favour,In favour,In favour,In favour,Public services; Business & economy,,,,https://pub-pittmeadows.escribemeetings.com/filestream.ashx?DocumentId=16407,https://pub-pittmeadows.escribemeetings.com/Players/ISIStandAlonePlayer.aspx?Id=a824a015-6cb6-4b83-9f06-8ff8487c8988,https://councilrecord.ca/pittmeadows.html#vote/1bo1ogm,"THAT Council: A. Receive for information the “Accessible British Columbia Act – Update” Staff Report as presented at the July 9, 2024 Council meeting."
2024-07-09,Public Council,G.3,Q3 2024 Strategic Priorities Quarterly Report,Main motion,Carried,7,0,0,,,In favour,In favour,In favour,In favour,In favour,In favour,In favour,Other,,,,https://pub-pittmeadows.escribemeetings.com/filestream.ashx?DocumentId=16407,https://pub-pittmeadows.escribemeetings.com/Players/ISIStandAlonePlayer.aspx?Id=a824a015-6cb6-4b83-9f06-8ff8487c8988,https://councilrecord.ca/pittmeadows.html#vote/1pbnari,"THAT Council: A. Approve the operational strategies for Q3 2024 as presented to Council on July 9, 2024."
2024-07-09,Public Council,H.1,Heron’s Nest: Non -market Housing and Child Care Project at 19085 119B Avenue,Main motion,Carried,7,0,0,,,In favour,In favour,In favour,In favour,In favour,In favour,In favour,Housing & density; Taxes & spending; Public services; Governance & elections,,,,https://pub-pittmeadows.escribemeetings.com/filestream.ashx?DocumentId=16407,https://pub-pittmeadows.escribemeetings.com/Players/ISIStandAlonePlayer.aspx?Id=a824a015-6cb6-4b83-9f06-8ff8487c8988,https://councilrecord.ca/pittmeadows.html#vote/18pa816,"THAT Council: A. Grant first, second, and third readings to Housing Agreement Bylaw No. 2982, 2024 to authorize the City to enter into a housing agreement with Metro Vancouver Housing Corporation for the Heron’s Nest non -market housing and child care development at 19085 119B Ave; AND B. Grant first, second, and third readings to Development Cost Charges Reduction Amendment Bylaw No. 2983, 2024."
2024-07-09,Public Council,H.2,Development Cost Charges – Bylaw Replacement,Main motion,Carried,7,0,0,,,In favour,In favour,In favour,In favour,In favour,In favour,In favour,Development; Taxes & spending,,,,https://pub-pittmeadows.escribemeetings.com/filestream.ashx?DocumentId=16407,https://pub-pittmeadows.escribemeetings.com/Players/ISIStandAlonePlayer.aspx?Id=a824a015-6cb6-4b83-9f06-8ff8487c8988,https://councilrecord.ca/pittmeadows.html#vote/cqjj0b,"THAT Council: A. Grant first, second and third readings to the Development Cost Charges Bylaw No. 2995, 2024 as presented at the July 9, 2024 Council Meeting."
2024-07-09,Public Council,H.3,2023 – 2027 Financial Plan Bylaw Amendment,Main motion,Carried,7,0,0,,,In favour,In favour,In favour,In favour,In favour,In favour,In favour,Taxes & spending,,,,https://pub-pittmeadows.escribemeetings.com/filestream.ashx?DocumentId=16407,https://pub-pittmeadows.escribemeetings.com/Players/ISIStandAlonePlayer.aspx?Id=a824a015-6cb6-4b83-9f06-8ff8487c8988,https://councilrecord.ca/pittmeadows.html#vote/1gj7c2u,"THAT Council: A. Adopt the 2023 – 2027 Financial Plan Amendment Bylaw No. 2993, 2024 as presented to Council July 9, 2024."
2024-07-23,Public Council,H.1,Harris Road Park and Pitt Meadows Athletic Park – What We Heard Report,Main motion,Carried,7,0,0,,,In favour,In favour,In favour,In favour,In favour,In favour,In favour,Transportation; Environment & climate; Parks & recreation,,,,https://pub-pittmeadows.escribemeetings.com/filestream.ashx?DocumentId=16455,https://pub-pittmeadows.escribemeetings.com/Players/ISIStandAlonePlayer.aspx?Id=aa8fe461-12c2-49f1-a1ed-aa88806737d9,https://councilrecord.ca/pittmeadows.html#vote/iw2fzy,"THAT Council: A. Receive for in formation the ‘Harris Road Park and Pitt Meadows Athletic Park – What We Heard Report’ as presented at the July 23, 2024 Regular Council Meeting."
2024-07-23,Public Council,H.4,"Expanded Drainage Study, Drainage Designs and Invasive Species Management Plan Grant Application",Main motion,Carried,7,0,0,,,In favour,In favour,In favour,In favour,In favour,In favour,In favour,Taxes & spending; Environment & climate; Parks & recreation; Public services; Business & economy,,,,https://pub-pittmeadows.escribemeetings.com/filestream.ashx?DocumentId=16455,https://pub-pittmeadows.escribemeetings.com/Players/ISIStandAlonePlayer.aspx?Id=aa8fe461-12c2-49f1-a1ed-aa88806737d9,https://councilrecord.ca/pittmeadows.html#vote/1amkz6f,"THAT Council: A. Endorse staff’s submission of an application to Investment Agricultural Foundation of BC’s (IAF’s) Agriculture Water Infrastructure Program (AWP) - Stream 3: Assessments, Engineering Studies or Plans for up to $150,000 in grant funding; AND B. Support the expanded drainage and irrigation study, culvert design guidelines, flood box rehabilitation design and creation of an invasive species management plan, which will better inform future infrastructure improvements and improve agricultural water supply and management."
2024-07-23,Public Council,H.5,Baynes Rd Pump Station: Automated Trash Racks Grant Application,Main motion,Carried,7,0,0,,,In favour,In favour,In favour,In favour,In favour,In favour,In favour,Taxes & spending; Environment & climate; Parks & recreation; Public services; Business & economy,,,,https://pub-pittmeadows.escribemeetings.com/filestream.ashx?DocumentId=16455,https://pub-pittmeadows.escribemeetings.com/Players/ISIStandAlonePlayer.aspx?Id=aa8fe461-12c2-49f1-a1ed-aa88806737d9,https://councilrecord.ca/pittmeadows.html#vote/m2hwty,"THAT Council: A. Endorse staff’s submission of an Expression of Interest (EOI) and future application to Investment Agricultural Foundation of BC’s (IAF’s) Agriculture Water Infrastructure Program (AWP) - Stream 2: Community Projects for up to $1,200,000 in grant funding; AND B. Support the planned Baynes Rd Pump Station – Automated Trash Racks Project, which will create more efficient and reliable infrastructure, increase the available storage capacity and better protect agricultural lands from flooding."
2024-07-23,Public Council,H.6,Agricultural Land Commission Non-Adhering Residential Use Application for,Main motion,Carried,7,0,0,,,In favour,In favour,In favour,In favour,In favour,In favour,In favour,Housing & density; Development; Business & economy,,,,https://pub-pittmeadows.escribemeetings.com/filestream.ashx?DocumentId=16455,https://pub-pittmeadows.escribemeetings.com/Players/ISIStandAlonePlayer.aspx?Id=aa8fe461-12c2-49f1-a1ed-aa88806737d9,https://councilrecord.ca/pittmeadows.html#vote/1q71s40,"THAT Council: A. Direct staff to forward the Non-Adhering Residential Use Application for additional farm worker housing at 19731 Richardson Rd, as presented at the July 23, 2024 Council meeting, to the Agricultural Land Commission with a recommendation of support."
2024-07-23,Public Council,H.7,Lower Mainland Agriculture Roundtable,Main motion,Carried,7,0,0,,,In favour,In favour,In favour,In favour,In favour,In favour,In favour,Parks & recreation; Business & economy,,,,https://pub-pittmeadows.escribemeetings.com/filestream.ashx?DocumentId=16455,https://pub-pittmeadows.escribemeetings.com/Players/ISIStandAlonePlayer.aspx?Id=aa8fe461-12c2-49f1-a1ed-aa88806737d9,https://councilrecord.ca/pittmeadows.html#vote/1kt21d3,"THAT Council: A. Direct staff to arrange a meeting with surrounding agricultural municipalities as outlined in the “Lower Mainland Agricultural Roundtable” staff report as presented at the July 23, 2024 Public Council Meeting."
2024-07-23,Public Council,H.8,"Amendments to Council Policies C003, C011 and C039",Main motion,Carried,7,0,0,,,In favour,In favour,In favour,In favour,In favour,In favour,In favour,Governance & elections,,,,https://pub-pittmeadows.escribemeetings.com/filestream.ashx?DocumentId=16455,https://pub-pittmeadows.escribemeetings.com/Players/ISIStandAlonePlayer.aspx?Id=aa8fe461-12c2-49f1-a1ed-aa88806737d9,https://councilrecord.ca/pittmeadows.html#vote/16a8e3,"THAT Council: A. Approve amendments to the following Council Policies as presented at the July 23, 2024 Council Meeting: 1. Council Policy C003 - Proclamations and Announcements; AND 2. Council Policy C011 - Commissioner for Taking Affidavits; AND 3. Council Policy C039 - Distribution of Agendas and Minutes."
2024-07-23,Public Council,H.9,2023-2034 Community Works Fund (CWF) Agreement Renewal,Main motion,Carried,7,0,0,,,In favour,In favour,In favour,In favour,In favour,In favour,In favour,Taxes & spending,,,,https://pub-pittmeadows.escribemeetings.com/filestream.ashx?DocumentId=16455,https://pub-pittmeadows.escribemeetings.com/Players/ISIStandAlonePlayer.aspx?Id=aa8fe461-12c2-49f1-a1ed-aa88806737d9,https://councilrecord.ca/pittmeadows.html#vote/1oadqnp,"THAT Council: A. Approve the 2024-2034 Community Works Fund Agreement as presented at the July 23, 2024 Council meeting; AND B. Authorize the Mayor and Corporate Officer to execute the contract on behalf of the City."
2024-07-23,Public Council,I.1,Her on’s Nest: Non -market Housing and Child Care Project at 19085 119B Avenue,Main motion,Carried,7,0,0,,,In favour,In favour,In favour,In favour,In favour,In favour,In favour,Housing & density; Public services; Governance & elections,,,,https://pub-pittmeadows.escribemeetings.com/filestream.ashx?DocumentId=16455,https://pub-pittmeadows.escribemeetings.com/Players/ISIStandAlonePlayer.aspx?Id=aa8fe461-12c2-49f1-a1ed-aa88806737d9,https://councilrecord.ca/pittmeadows.html#vote/1lahe00,"THAT Council: A. Adopt Housing Agreement Bylaw No. 2982, 2024 to authorize the City to enter into a housing agreement with Metro Vancouver Housing Corporation for the Heron’s Nest non -market housing and child care development at 19085 119B Avenue; AND B. Adopt Development Cost Charges Reduction Amendment Bylaw No. 2983, 2024."
2024-09-10,Public Council,H,CONSENT AGENDA,Main motion,Carried,7,0,0,,,In favour,In favour,In favour,In favour,In favour,In favour,In favour,Governance & elections,,,,https://pub-pittmeadows.escribemeetings.com/filestream.ashx?DocumentId=17485,https://pub-pittmeadows.escribemeetings.com/Players/ISIStandAlonePlayer.aspx?Id=a0228a11-93ce-4b9e-8191-dddc838d46b8,https://councilrecord.ca/pittmeadows.html#vote/11bhh68,THAT the following items be received into the record: H.1 Petition in Opposition of Development at 12469 191B Street [Attachment 1] H.2 Metro 2050 Type 3 Proposed Amendment – City of Surrey (7880 128 St)
2024-09-10,Public Council,I.1,Proposed New Council Policy C110 Agricultural Land Reserve Exclusion Procedure,Main motion,Carried,7,0,0,,,In favour,In favour,In favour,In favour,In favour,In favour,In favour,Development; Taxes & spending; Business & economy; Governance & elections,,,,https://pub-pittmeadows.escribemeetings.com/filestream.ashx?DocumentId=17485,https://pub-pittmeadows.escribemeetings.com/Players/ISIStandAlonePlayer.aspx?Id=a0228a11-93ce-4b9e-8191-dddc838d46b8,https://councilrecord.ca/pittmeadows.html#vote/1y7fhx3,"THAT Council: A. Approve Council Policy C110 Agricultural Land Reserve Exclusion Procedure as presented at the September 10, 2024 Council Meeting."
2024-09-10,Public Council,I.2,Proposed Changes to E-Comm Governance Structure,Main motion,Carried,7,0,0,,,In favour,In favour,In favour,In favour,In favour,In favour,In favour,Public services; Governance & elections,,,,https://pub-pittmeadows.escribemeetings.com/filestream.ashx?DocumentId=17485,https://pub-pittmeadows.escribemeetings.com/Players/ISIStandAlonePlayer.aspx?Id=a0228a11-93ce-4b9e-8191-dddc838d46b8,https://councilrecord.ca/pittmeadows.html#vote/1i10opf,"THAT Council: A. Receive for information the ‘Proposed Changes to E -Comm Governance Structure’ staff report as presented at the September 10, 2024 Council meeting."
2024-09-10,Public Council,J.1,Rezoning Application to Permit a Cannabis Retail Store at 19167 Ford Road,Main motion,Defeated,0,0,0,,,No recorded vote,No recorded vote,No recorded vote,No recorded vote,No recorded vote,No recorded vote,No recorded vote,Housing & density; Development; Taxes & spending; Neighbourhood character; Business & economy,,"The minutes record this motion as defeated without naming who voted against it, so individual votes are not shown.",,https://pub-pittmeadows.escribemeetings.com/filestream.ashx?DocumentId=17485,https://pub-pittmeadows.escribemeetings.com/Players/ISIStandAlonePlayer.aspx?Id=a0228a11-93ce-4b9e-8191-dddc838d46b8,https://councilrecord.ca/pittmeadows.html#vote/3fq31k,"THAT Council: A. Grant first and second readings to Zoning Amendment Bylaw No. 2994, 2024 to permit a retail cannabis store at 19167 Ford Rd; AND B. Direct staff to schedule a public hearing for an upcoming meeting of Council."
2024-09-10,Public Council,J.2,Rezoning Application for Restaurants in Golden Ears Business Park,Main motion,Carried,7,0,0,,,In favour,In favour,In favour,In favour,In favour,In favour,In favour,Housing & density; Development; Taxes & spending; Parks & recreation; Business & economy,,,,https://pub-pittmeadows.escribemeetings.com/filestream.ashx?DocumentId=17485,https://pub-pittmeadows.escribemeetings.com/Players/ISIStandAlonePlayer.aspx?Id=a0228a11-93ce-4b9e-8191-dddc838d46b8,https://councilrecord.ca/pittmeadows.html#vote/1bbfh7r,"THAT Council: A. Grant third reading and adopt Zoning Text Amendment Bylaw No. 2992, 2024, to permit a total of nine restaurants within the Golden Ears Business Park."
2024-09-10,Public Council,J.3,"Historical Bylaws Repeal Bylaw No. 2996, 2024",Main motion,Carried,7,0,0,,,In favour,In favour,In favour,In favour,In favour,In favour,In favour,Governance & elections,,,,https://pub-pittmeadows.escribemeetings.com/filestream.ashx?DocumentId=17485,https://pub-pittmeadows.escribemeetings.com/Players/ISIStandAlonePlayer.aspx?Id=a0228a11-93ce-4b9e-8191-dddc838d46b8,https://councilrecord.ca/pittmeadows.html#vote/1p2ut4i,"THAT Council: A. Give first, second and third readings to “Historical Bylaws Repeal Bylaw No. 2996, 2024” to repeal historical bylaws previously repealed by resolution."
2024-09-10,Public Council,J.4,"Development Cost Charges Bylaw No. 2995, 2024",Main motion,Carried,7,0,0,,,In favour,In favour,In favour,In favour,In favour,In favour,In favour,Development; Taxes & spending,,,,https://pub-pittmeadows.escribemeetings.com/filestream.ashx?DocumentId=17485,https://pub-pittmeadows.escribemeetings.com/Players/ISIStandAlonePlayer.aspx?Id=a0228a11-93ce-4b9e-8191-dddc838d46b8,https://councilrecord.ca/pittmeadows.html#vote/1ethfxi,"THAT Council: A. Adopt Development Cost Charges Bylaw No. 2995, 2024 to authorize the imposition of development cost charges as presented at the September 10, 2024 Council Meeting."
2024-09-24,Public Council,H.1,Urban Forest Strategy,Main motion,Carried,7,0,0,,,In favour,In favour,In favour,In favour,In favour,In favour,In favour,Taxes & spending; Environment & climate,,,,https://pub-pittmeadows.escribemeetings.com/filestream.ashx?DocumentId=17581,https://pub-pittmeadows.escribemeetings.com/Players/ISIStandAlonePlayer.aspx?Id=28c34b06-a5a3-4674-a286-68af8b306e87,https://councilrecord.ca/pittmeadows.html#vote/1quyde9,"THAT Council: A. Endorse the “Urban Forest Strategy and Implementation Plan” as presented at the September 24, 2024 Regular Council Meeting; AND B. Direct staff to seek funding and grant opportunities to implement the “Urban Forest Strategy and Implementation Plan”."
2024-09-24,Public Council,H.2,2024 Pitt Meadows Day Event Summary,Main motion,Carried,7,0,0,,,In favour,In favour,In favour,In favour,In favour,In favour,In favour,Environment & climate,,,,https://pub-pittmeadows.escribemeetings.com/filestream.ashx?DocumentId=17581,https://pub-pittmeadows.escribemeetings.com/Players/ISIStandAlonePlayer.aspx?Id=28c34b06-a5a3-4674-a286-68af8b306e87,https://councilrecord.ca/pittmeadows.html#vote/19wayvl,"THAT Council: A. Receive for information the Staff Report titled “2024 Pitt Meadows Day Event Summary” as presented at the September 24, 2024 Council Meeting."
2024-09-24,Public Council,H.3,2024 Second Quarter Report to the Community,Main motion,Carried,7,0,0,,,In favour,In favour,In favour,In favour,In favour,In favour,In favour,Other,,,,https://pub-pittmeadows.escribemeetings.com/filestream.ashx?DocumentId=17581,https://pub-pittmeadows.escribemeetings.com/Players/ISIStandAlonePlayer.aspx?Id=28c34b06-a5a3-4674-a286-68af8b306e87,https://councilrecord.ca/pittmeadows.html#vote/1bnq5ke,"THAT Council: A. Receive for information the “2024 Second Quarter Report to the Community” Staff Report as pr esented at the September 24, 2024, Public Meeting of Council."
2024-09-24,Public Council,I.1,Heritage Alteration Permit for the Japanese Canadian Hall,Main motion,Carried,7,0,0,,,In favour,In favour,In favour,In favour,In favour,In favour,In favour,Development; Neighbourhood character,,,,https://pub-pittmeadows.escribemeetings.com/filestream.ashx?DocumentId=17581,https://pub-pittmeadows.escribemeetings.com/Players/ISIStandAlonePlayer.aspx?Id=28c34b06-a5a3-4674-a286-68af8b306e87,https://councilrecord.ca/pittmeadows.html#vote/cakiii,"THAT Council: A. Authorize issuance of Heritage Alteration Permit No. 2024-001, to permit exterior siding replacement on the Japanese Canadian Hall at 19089 Advent Rd."
2024-09-24,Public Council,I.2,"Historical Bylaws Repeal Bylaw No. 2996, 2024",Main motion,Carried,7,0,0,,,In favour,In favour,In favour,In favour,In favour,In favour,In favour,Governance & elections,,,,https://pub-pittmeadows.escribemeetings.com/filestream.ashx?DocumentId=17581,https://pub-pittmeadows.escribemeetings.com/Players/ISIStandAlonePlayer.aspx?Id=28c34b06-a5a3-4674-a286-68af8b306e87,https://councilrecord.ca/pittmeadows.html#vote/1q2ud8u,"THAT Council: A. Adopt the “Historical Bylaws Repeal Bylaw No. 2996, 2024” to repeal historical bylaws previously repealed by resolution."
2024-10-08,Public Council,H,CONSENT AGENDA,Main motion,Carried,7,0,0,,,In favour,In favour,In favour,In favour,In favour,In favour,In favour,Taxes & spending; Transportation; Environment & climate; Governance & elections,,,,https://pub-pittmeadows.escribemeetings.com/filestream.ashx?DocumentId=17677,https://pub-pittmeadows.escribemeetings.com/Players/ISIStandAlonePlayer.aspx?Id=57be62ea-40d6-4951-bc00-8c0a0d12e0c8,https://councilrecord.ca/pittmeadows.html#vote/18wovw3,"THAT the following items be received into the record: H.1 Harris Road Grade Separation - Update H.1.1 Letter to Funding Partners from City of Pitt Meadows & Katzie First Nation dated August 23, 2024 H.1.2 Letter of response from the Vancouver Fraser Port Authority dated September 20, 2024 H.1.3 Letter from the Ministry of Transportation & Infrastructure dated March 27, 2024"
2024-10-08,Public Council,I.1,Agricultural Land Commission Non-Farm Use Application for 17607 and 17890 Ford Road Detour,Main motion,Carried,6,1,0,,,In favour,In favour,In favour,In favour,In favour,In favour,Against,Development; Business & economy,,,,https://pub-pittmeadows.escribemeetings.com/filestream.ashx?DocumentId=17677,https://pub-pittmeadows.escribemeetings.com/Players/ISIStandAlonePlayer.aspx?Id=57be62ea-40d6-4951-bc00-8c0a0d12e0c8,https://councilrecord.ca/pittmeadows.html#vote/1nganc1,"THAT Council: A. Direct staff to forward to the Agricultural Land Commission the non-farm use application for 17607 and 17890 Ford Road Detour to use the site for a soil mixing and screening operation, with a recommendation of support."
2024-10-08,Public Council,J.1,Rezoning Application for 12528 Harris Road,Main motion,Carried,7,0,0,,,In favour,In favour,In favour,In favour,In favour,In favour,In favour,Housing & density; Development; Taxes & spending,,,,https://pub-pittmeadows.escribemeetings.com/filestream.ashx?DocumentId=17677,https://pub-pittmeadows.escribemeetings.com/Players/ISIStandAlonePlayer.aspx?Id=57be62ea-40d6-4951-bc00-8c0a0d12e0c8,https://councilrecord.ca/pittmeadows.html#vote/1828xgs,"THAT Council: A. Grant first and second readings to Zoning Text Amendment Bylaw No. 2999, 2024 to rezone the property at 12528 Harris Rd to permit a drive- through use for an existing restaurant; AND B. Direct staff to schedule a public hearing for an upcoming meeting of Council."
2024-10-08,Public Council,J.2,"Fill Deposit Application: 700 - 11731 Baynes Road, Pitt Meadows",Main motion,Carried,7,0,0,,,In favour,In favour,In favour,In favour,In favour,In favour,In favour,Development; Environment & climate,,,,https://pub-pittmeadows.escribemeetings.com/filestream.ashx?DocumentId=17677,https://pub-pittmeadows.escribemeetings.com/Players/ISIStandAlonePlayer.aspx?Id=57be62ea-40d6-4951-bc00-8c0a0d12e0c8,https://councilrecord.ca/pittmeadows.html#vote/1qopfj4,"THAT Council: A. Authorize the issuance of a Soil Removal and Fill Deposit Permit to import structural fill at 700- 11731 Baynes Road, as presented at the October 8, 2024 Regular Council meeting, subject to the following: 1. The conditions below being satisfied prior to the issuance of the permit: i. Issuance of a Highway Use Permit for hauling of fill, prohibiting roadside parking or staging; AND ii. Notification from the Ministry of Water, Land and Resource Stewardship, accepting the Riparian Areas Assessment (ID: 8930) as required by the Provincial Riparian Areas Regulation; AND iii. Issuance of a Development Permit Area 2: Riparian Areas; AND iv. Compliance with the height regulations for retaining walls in the Zoning Bylaw, or the issuance of Development Variance Permit; AND v. Submission and acceptance of design details and landscape plans for any retaining walls along Baynes Road; AND vi. Issuance of a Building Permit for retaining walls equal to or greater than 1.2 m in height; AND 2. The conditions below forming part of the permit: i. The proposed fill placement activities must be conducted in compliance with all applicable requirements as outlined in the City of Pitt Meadows Soil Removal and Fill Deposit Bylaw; AND ii. The permanent fill placement activities are restricted to an area of 35,630m ; AND iii. The total allowed volume of material to be placed is limited to 95,320 m of permanent structural fill; AND iv. Execution and monitoring of Erosion and Sediment Control (ESC) measures as prescribed by [name removed] Ltd.; AND v. Implementation of all geotechnical recommendations for site preparation, foundation design and field review as recommended by Terrane Geotechnical Group; AND vi. Compliance with all relevant legislation and permitting requirements, including municipal, regional, provincial and federal jurisdictions."
2024-10-08,Public Council,J.3,"Land Use Contracts Repeal Bylaw No. 3002, 2024",Main motion,Carried,7,0,0,,,In favour,In favour,In favour,In favour,In favour,In favour,In favour,Housing & density; Development; Taxes & spending,,,,https://pub-pittmeadows.escribemeetings.com/filestream.ashx?DocumentId=17677,https://pub-pittmeadows.escribemeetings.com/Players/ISIStandAlonePlayer.aspx?Id=57be62ea-40d6-4951-bc00-8c0a0d12e0c8,https://councilrecord.ca/pittmeadows.html#vote/1hj36tr,"THAT Council: A. Grant first, second and third readings to Land Use Contracts Repeal Bylaw No. 3002, 2024 to repeal the expired land use contracts as presented at the October 8, 2024 Council Meeting."
2024-10-29,Public Council,I.2,Approval of Tandem Dump Truck Purchase,Main motion,Carried,6,0,1,,,In favour,In favour,Absent,In favour,In favour,In favour,In favour,Taxes & spending; Transportation,,,,https://pub-pittmeadows.escribemeetings.com/filestream.ashx?DocumentId=17722,https://pub-pittmeadows.escribemeetings.com/Players/ISIStandAlonePlayer.aspx?Id=5596596a-a725-4791-8fe3-abd1caa86761,https://councilrecord.ca/pittmeadows.html#vote/1vdodjv,"THAT Council: A. Retroactively approve the single-source purchase of a tandem dump truck from Falcon Equipment Group as presented at the October 29, 2024 Public Council meeting; AND B. Approve an additional budget of $3,000 from the Vehicle Replacement Reserve to cover the funding short-fall for the new tandem dump truck."
2024-10-29,Public Council,I.3,Rezoning Application for 19963 McNeil Road,Main motion,Carried,6,0,1,,,In favour,In favour,Absent,In favour,In favour,In favour,In favour,Housing & density; Development,,,,https://pub-pittmeadows.escribemeetings.com/filestream.ashx?DocumentId=17722,https://pub-pittmeadows.escribemeetings.com/Players/ISIStandAlonePlayer.aspx?Id=5596596a-a725-4791-8fe3-abd1caa86761,https://councilrecord.ca/pittmeadows.html#vote/1g93nkl,THAT Council: A. Direct the applicant to host a Development Information Meeting regarding the application to rezone the property at 19963 McNeil Road to permit subdivision into five rural residential lots.
2024-10-29,Public Council,I.4,Presentation Schedule for the 2025 Corporate Business Plan,Main motion,Carried,6,0,1,,,In favour,In favour,Absent,In favour,In favour,In favour,In favour,Business & economy,,,,https://pub-pittmeadows.escribemeetings.com/filestream.ashx?DocumentId=17722,https://pub-pittmeadows.escribemeetings.com/Players/ISIStandAlonePlayer.aspx?Id=5596596a-a725-4791-8fe3-abd1caa86761,https://councilrecord.ca/pittmeadows.html#vote/zujqa8,"THAT Council: A. Receive for information the October 9, 2024 Staff Report titled “Presentation Schedule for the 2025 Corporate Busines s Pla n” ."
2024-10-29,Public Council,I.5,Q4 2024 Strategic Priorities Quarterly Report,Main motion,Carried,6,0,1,,,In favour,In favour,Absent,In favour,In favour,In favour,In favour,Environment & climate; Governance & elections,,,,https://pub-pittmeadows.escribemeetings.com/filestream.ashx?DocumentId=17722,https://pub-pittmeadows.escribemeetings.com/Players/ISIStandAlonePlayer.aspx?Id=5596596a-a725-4791-8fe3-abd1caa86761,https://councilrecord.ca/pittmeadows.html#vote/1hit3bu,"THAT Council: A. Approve the operational strategies for Q4 2024 as presented to Council on October 29, 2024 with the addition of the following item to remain under Principled Governance:  Flood Management"
2024-10-29,Public Council,J.1,Building Bylaw Amendment Bylaw,Main motion,Carried,6,0,1,,,In favour,In favour,Absent,In favour,In favour,In favour,In favour,Taxes & spending,,,,https://pub-pittmeadows.escribemeetings.com/filestream.ashx?DocumentId=17722,https://pub-pittmeadows.escribemeetings.com/Players/ISIStandAlonePlayer.aspx?Id=5596596a-a725-4791-8fe3-abd1caa86761,https://councilrecord.ca/pittmeadows.html#vote/oubhqq,"THAT Council: A. Grant first, second and third readings to Building Bylaw Amendment Bylaw No. 3003, 2024; AND B. Direct staff, upon the adoption of Building Bylaw Amendment Bylaw No. 3003, 2024, to refund any building permit fees paid since September 26, 2023 for backflow prevention devices in the agricultural area."
2024-10-29,Public Council,J.2,"Land Use Contracts Repeal Bylaw No. 3002, 2024",Main motion,Carried,6,0,1,,,In favour,In favour,Absent,In favour,In favour,In favour,In favour,Housing & density; Development; Taxes & spending,,,,https://pub-pittmeadows.escribemeetings.com/filestream.ashx?DocumentId=17722,https://pub-pittmeadows.escribemeetings.com/Players/ISIStandAlonePlayer.aspx?Id=5596596a-a725-4791-8fe3-abd1caa86761,https://councilrecord.ca/pittmeadows.html#vote/187nu04,"THAT Council: A. Adopt Land Use Contracts Repeal Bylaw No. 3002, 2024 to repeal the expired land use contracts as presented at the October 29, 2024 Council Meeting."
2024-11-05,Public Council,I.1,Interim Housing Needs Report,Main motion,Carried,7,0,0,,,In favour,In favour,In favour,In favour,In favour,In favour,In favour,Housing & density; Environment & climate,,,,https://pub-pittmeadows.escribemeetings.com/filestream.ashx?DocumentId=17853,https://pub-pittmeadows.escribemeetings.com/Players/ISIStandAlonePlayer.aspx?Id=3c3bf306-0029-4074-94fe-29724765801b,https://councilrecord.ca/pittmeadows.html#vote/1bs0mwa,"THAT Council: A. Receive the City of Pitt Meadows Interim Housing Needs Report as presented at the November 5, 2024 Regular Council Meeting in accordance with Section 585 of the Local Government Act."
2024-11-05,Public Council,I.2,2025 Council Meeting Schedule,Main motion,Carried,7,0,0,,,In favour,In favour,In favour,In favour,In favour,In favour,In favour,Governance & elections,,,,https://pub-pittmeadows.escribemeetings.com/filestream.ashx?DocumentId=17853,https://pub-pittmeadows.escribemeetings.com/Players/ISIStandAlonePlayer.aspx?Id=3c3bf306-0029-4074-94fe-29724765801b,https://councilrecord.ca/pittmeadows.html#vote/8b9ms7,"THAT Council: A. Approve the 2025 Council Meeting schedule as presented at the November 5, 2024 Council meeting; AND B. Direct Staff to publish the 2025 Council Meeting schedule, giving notice of the availability of the schedule as per section 127 of the Community Charter."
2024-11-05,Public Council,I.3,2024 Eight (8) Month Budget Variance Review,Main motion,Carried,7,0,0,,,In favour,In favour,In favour,In favour,In favour,In favour,In favour,Taxes & spending,,,,https://pub-pittmeadows.escribemeetings.com/filestream.ashx?DocumentId=17853,https://pub-pittmeadows.escribemeetings.com/Players/ISIStandAlonePlayer.aspx?Id=3c3bf306-0029-4074-94fe-29724765801b,https://councilrecord.ca/pittmeadows.html#vote/lg9bwz,"THAT Council: A. Direct staff to prepare an amended 2024-2028 Financial Plan Bylaw reflective of the information contained in the tables as presented in the ‘2024 Eight Month Budget Variance Review’ Staff Report, dated October 28, 2024."
2024-11-05,Public Council,I.4,Tangible Capital Assets and Amortization Update,Main motion,Carried,7,0,0,,,In favour,In favour,In favour,In favour,In favour,In favour,In favour,Taxes & spending; Governance & elections,,,,https://pub-pittmeadows.escribemeetings.com/filestream.ashx?DocumentId=17853,https://pub-pittmeadows.escribemeetings.com/Players/ISIStandAlonePlayer.aspx?Id=3c3bf306-0029-4074-94fe-29724765801b,https://councilrecord.ca/pittmeadows.html#vote/1v9ynug,"THAT Council: A. Appr ove the amendments to Council Policy C058 ‘Tangible Capital Assets and Amortization’ as presented at the November 5, 2024 Public Meeting of Council."
2024-11-05,Public Council,I.5,2024 Third Quarter Report to the Community,Main motion,Carried,7,0,0,,,In favour,In favour,In favour,In favour,In favour,In favour,In favour,Other,,,,https://pub-pittmeadows.escribemeetings.com/filestream.ashx?DocumentId=17853,https://pub-pittmeadows.escribemeetings.com/Players/ISIStandAlonePlayer.aspx?Id=3c3bf306-0029-4074-94fe-29724765801b,https://councilrecord.ca/pittmeadows.html#vote/owkp57,"THAT Council: A. Receive for information the “2024 Third Quarter Report to the Community” staff report as presented at the November 5, 2024 Public Council Meeting."
2024-11-05,Public Council,J.1,Financial Services Fee Setting Bylaw,Main motion,Carried,7,0,0,,,In favour,In favour,In favour,In favour,In favour,In favour,In favour,Taxes & spending,,,,https://pub-pittmeadows.escribemeetings.com/filestream.ashx?DocumentId=17853,https://pub-pittmeadows.escribemeetings.com/Players/ISIStandAlonePlayer.aspx?Id=3c3bf306-0029-4074-94fe-29724765801b,https://councilrecord.ca/pittmeadows.html#vote/1lyjmgg,"THAT Council: A. Grant first, second and third readings to the Financial Services Fee Setting Bylaw No. 3004, 2024 as presented at the November 5, 2024 Regular Council Meeting; AND B. Repeal Co uncil Policy C056 ‘Exemption or Refund of Taxes and Other Fees & Charges’."
2024-11-05,Public Council,J.2,City of Pitt Meadows Zoning Bylaw Amendments,Main motion,Carried,7,0,0,,,In favour,In favour,In favour,In favour,In favour,In favour,In favour,Development; Taxes & spending; Environment & climate,,,,https://pub-pittmeadows.escribemeetings.com/filestream.ashx?DocumentId=17853,https://pub-pittmeadows.escribemeetings.com/Players/ISIStandAlonePlayer.aspx?Id=3c3bf306-0029-4074-94fe-29724765801b,https://councilrecord.ca/pittmeadows.html#vote/hs0ppj,"THAT Council: A. Grant first and second readings to Zoning Text Amendment Bylaw No. 2972, 2024, regarding amendments to aid in the interpretation and administration of the bylaw; AND B. Direct staff to schedule a public hearing for an upcoming meeting of Council."
2024-11-05,Public Council,J.3,Rezoning and OCP Amendment Application for Alouette Recreation and Wildlife Club,Main motion,Carried,6,1,0,,,In favour,In favour,In favour,In favour,In favour,Against,In favour,Housing & density; Development; Environment & climate; Parks & recreation,,,,https://pub-pittmeadows.escribemeetings.com/filestream.ashx?DocumentId=17853,https://pub-pittmeadows.escribemeetings.com/Players/ISIStandAlonePlayer.aspx?Id=3c3bf306-0029-4074-94fe-29724765801b,https://councilrecord.ca/pittmeadows.html#vote/3c1m6m,"THAT Council: A. Decline the rezoning and OCP amendment application at 14411 Harris Road for the Alouette Recreation and Wildlife Club as presented at the November 5, 2024 Council Meeting."
2024-11-25,Public Council,E.3,2025 Financial Plan Overview,Main motion,Carried,7,0,0,,,In favour,In favour,In favour,In favour,In favour,In favour,In favour,Taxes & spending,,,,https://pub-pittmeadows.escribemeetings.com/filestream.ashx?DocumentId=17855,https://pub-pittmeadows.escribemeetings.com/Players/ISIStandAlonePlayer.aspx?Id=bc4c859b-c92b-4d86-9f4f-53399ae2cb56,https://councilrecord.ca/pittmeadows.html#vote/uwywkx,"THAT Council: A. Receive for information the 2025 Financial Plan Overview and Staff Report as presented at the November 25, 2024 meeting of Council."
2024-11-25,Public Council,E.4,2025 Draft Business Plan - Council and CAO,Main motion,Carried,7,0,0,,,In favour,In favour,In favour,In favour,In favour,In favour,In favour,Business & economy,,,,https://pub-pittmeadows.escribemeetings.com/filestream.ashx?DocumentId=17855,https://pub-pittmeadows.escribemeetings.com/Players/ISIStandAlonePlayer.aspx?Id=bc4c859b-c92b-4d86-9f4f-53399ae2cb56,https://councilrecord.ca/pittmeadows.html#vote/1fez5d1,"THAT Council: A. Receive for information the Council and CAO 2025 Draft Business Plan and Staff Report as presented at the November 25, 2024 meeting of Council."
2024-11-25,Public Council,E.5,2025 Draft Business Plan - Administrative Services,Main motion,Carried,7,0,0,,,In favour,In favour,In favour,In favour,In favour,In favour,In favour,Business & economy,,,,https://pub-pittmeadows.escribemeetings.com/filestream.ashx?DocumentId=17855,https://pub-pittmeadows.escribemeetings.com/Players/ISIStandAlonePlayer.aspx?Id=bc4c859b-c92b-4d86-9f4f-53399ae2cb56,https://councilrecord.ca/pittmeadows.html#vote/swmbhh,"THAT Council: A. Receive for information the Administrative Services 2025 Draft Business Plan and Staff Report as presented at the November 25, 2024 Council meeting."
2024-11-25,Public Council,E.6,2025 Draft Business Plan - Financial Services,Main motion,Carried,7,0,0,,,In favour,In favour,In favour,In favour,In favour,In favour,In favour,Business & economy,,,,https://pub-pittmeadows.escribemeetings.com/filestream.ashx?DocumentId=17855,https://pub-pittmeadows.escribemeetings.com/Players/ISIStandAlonePlayer.aspx?Id=bc4c859b-c92b-4d86-9f4f-53399ae2cb56,https://councilrecord.ca/pittmeadows.html#vote/1ugelb7,"THAT Council: A. Receive for information the Financial Services 2025 Draft Business Plan and Staff Report as presented at the November 25, 2024, meeting of Council."
2024-11-25,Public Council,E.7,2025 Draft Business Plan - Library Services,Main motion,Carried,7,0,0,,,In favour,In favour,In favour,In favour,In favour,In favour,In favour,Parks & recreation; Business & economy,,,,https://pub-pittmeadows.escribemeetings.com/filestream.ashx?DocumentId=17855,https://pub-pittmeadows.escribemeetings.com/Players/ISIStandAlonePlayer.aspx?Id=bc4c859b-c92b-4d86-9f4f-53399ae2cb56,https://councilrecord.ca/pittmeadows.html#vote/3sllxe,"THAT Council: A. Receive for information the Library Services 2025 Draft Business Plan and Staff Report as presented at the November 25, 2024 meeting of Council."
2024-11-25,Public Council,E.8,2025 Draft Business Plan - Engineering Division,Main motion,Carried,7,0,0,,,In favour,In favour,In favour,In favour,In favour,In favour,In favour,Business & economy,,,,https://pub-pittmeadows.escribemeetings.com/filestream.ashx?DocumentId=17855,https://pub-pittmeadows.escribemeetings.com/Players/ISIStandAlonePlayer.aspx?Id=bc4c859b-c92b-4d86-9f4f-53399ae2cb56,https://councilrecord.ca/pittmeadows.html#vote/173sxag,"THAT Council: A. Receive for information the Engineering Division 2025 Draft Business Plan and Staff Report as presented at the November 25, 2024 meeting of Council."
2024-11-25,Public Council,E.9,2025 Draft Business Plan - Facilities Division,Main motion,Carried,7,0,0,,,In favour,In favour,In favour,In favour,In favour,In favour,In favour,Business & economy,,,,https://pub-pittmeadows.escribemeetings.com/filestream.ashx?DocumentId=17855,https://pub-pittmeadows.escribemeetings.com/Players/ISIStandAlonePlayer.aspx?Id=bc4c859b-c92b-4d86-9f4f-53399ae2cb56,https://councilrecord.ca/pittmeadows.html#vote/snmstv,"THAT Council: A. Receive for information the Facilities Division 2025 Draft Business Plan and Staff Report as presented at the November 25, 2024 meeting of Council."
2024-11-25,Public Council,E.10,2025 Draft Business Plan - Major Projects Division,Main motion,Carried,7,0,0,,,In favour,In favour,In favour,In favour,In favour,In favour,In favour,Business & economy,,,,https://pub-pittmeadows.escribemeetings.com/filestream.ashx?DocumentId=17855,https://pub-pittmeadows.escribemeetings.com/Players/ISIStandAlonePlayer.aspx?Id=bc4c859b-c92b-4d86-9f4f-53399ae2cb56,https://councilrecord.ca/pittmeadows.html#vote/gt0pcr,"THAT Council: A. Receive for information the Major Projects Division 2025 Draft Business Plan and Staff Report as presented at the November 25, 2024 meeting of Council."
2024-11-25,Public Council,E.11,2025 Draft Business Plan - Operations Division,Main motion,Carried,7,0,0,,,In favour,In favour,In favour,In favour,In favour,In favour,In favour,Business & economy,,,,https://pub-pittmeadows.escribemeetings.com/filestream.ashx?DocumentId=17855,https://pub-pittmeadows.escribemeetings.com/Players/ISIStandAlonePlayer.aspx?Id=bc4c859b-c92b-4d86-9f4f-53399ae2cb56,https://councilrecord.ca/pittmeadows.html#vote/1t01ntz,"THAT Council: A. Receive for information the Operations Division 2025 Draft Business Plan and Staff Report as presented at the November 25, 2024 meeting of Council."
2024-11-26,Public Council,E.2,2025 Draft Business Plan - RCMP & Police Services,Main motion,Carried,7,0,0,,,In favour,In favour,In favour,In favour,In favour,In favour,In favour,Public services; Business & economy,,,,https://pub-pittmeadows.escribemeetings.com/filestream.ashx?DocumentId=17856,https://pub-pittmeadows.escribemeetings.com/Players/ISIStandAlonePlayer.aspx?Id=a0a8d57d-7d8f-49e2-bf15-9358cb233cca,https://councilrecord.ca/pittmeadows.html#vote/vyrwuz,"THAT Council: A. Receive for information the RCMP & Police Services 2025 Draft Business Plan and Staff Report as presented at the November 26, 2024 meeting of Council."
2024-11-26,Public Council,E.3,2025 Draft Business Plan - RCMP Support Services Division,Main motion,Carried,7,0,0,,,In favour,In favour,In favour,In favour,In favour,In favour,In favour,Public services; Business & economy,,,,https://pub-pittmeadows.escribemeetings.com/filestream.ashx?DocumentId=17856,https://pub-pittmeadows.escribemeetings.com/Players/ISIStandAlonePlayer.aspx?Id=a0a8d57d-7d8f-49e2-bf15-9358cb233cca,https://councilrecord.ca/pittmeadows.html#vote/3yt8k,"THAT Council: A. Receive for information the RCMP Support Services Division 2025 Draft Business Plan and Staff Report as presented at the November 26, 2024 meeting of Council."
2024-11-26,Public Council,E.4,"2025 Draft Business Plan - HR, OHS and Payroll Division",Main motion,Carried,7,0,0,,,In favour,In favour,In favour,In favour,In favour,In favour,In favour,Business & economy,,,,https://pub-pittmeadows.escribemeetings.com/filestream.ashx?DocumentId=17856,https://pub-pittmeadows.escribemeetings.com/Players/ISIStandAlonePlayer.aspx?Id=a0a8d57d-7d8f-49e2-bf15-9358cb233cca,https://councilrecord.ca/pittmeadows.html#vote/1iydklg,"THAT Council: A. Receive for information the HR, OHS and Payroll Division 2025 Draft Business Plan and Staff Report as presented at the November 26, 2024 meeting of Council."
2024-11-26,Public Council,E.5,2025 Draft Business Plan - Information Technology Division,Main motion,Carried,7,0,0,,,In favour,In favour,In favour,In favour,In favour,In favour,In favour,Business & economy,,,,https://pub-pittmeadows.escribemeetings.com/filestream.ashx?DocumentId=17856,https://pub-pittmeadows.escribemeetings.com/Players/ISIStandAlonePlayer.aspx?Id=a0a8d57d-7d8f-49e2-bf15-9358cb233cca,https://councilrecord.ca/pittmeadows.html#vote/1ymow3m,"THAT Council: A. Receive for information the Information Technology Division 2025 Draft Business Plan and Staff Report as presented at the November 26, 2024 meeting of Council."
2024-11-26,Public Council,E.6,2025 Draft Business Plan - Communications & Civic Engagement Division,Main motion,Carried,7,0,0,,,In favour,In favour,In favour,In favour,In favour,In favour,In favour,Business & economy,,,,https://pub-pittmeadows.escribemeetings.com/filestream.ashx?DocumentId=17856,https://pub-pittmeadows.escribemeetings.com/Players/ISIStandAlonePlayer.aspx?Id=a0a8d57d-7d8f-49e2-bf15-9358cb233cca,https://councilrecord.ca/pittmeadows.html#vote/i31fxq,"THAT Council: A. Receive for information the Communications & Civic Engagement Division 2025 Draft Business Plan and Staff Report as presented at the November 26, 2024 meeting of Council."
2024-11-26,Public Council,E.7,2025 Draft Business Plans - Planning & Development,Main motion,Carried,7,0,0,,,In favour,In favour,In favour,In favour,In favour,In favour,In favour,Environment & climate; Parks & recreation; Business & economy,,,,https://pub-pittmeadows.escribemeetings.com/filestream.ashx?DocumentId=17856,https://pub-pittmeadows.escribemeetings.com/Players/ISIStandAlonePlayer.aspx?Id=a0a8d57d-7d8f-49e2-bf15-9358cb233cca,https://councilrecord.ca/pittmeadows.html#vote/59kfkr,"THAT Council: A. Receive for information: 1. The Agriculture & Environment Division 2025 Draft Business Plan and Staff Report as presented at the November 26, 2024 meeting of Council; AND 2. The Building & Bylaw Services Division 2025 Draft Business Plan and Staff Report as presented at the November 26, 2024 meeting of Council; AND 3. The Planning Division 2025 Draft Business Plan and Staff Report as presented at the November 26, 2024 meeting of Council."
2024-11-26,Public Council,E.8,2025 Draft Business Plan - Emergency Program,Main motion,Carried,7,0,0,,,In favour,In favour,In favour,In favour,In favour,In favour,In favour,Public services; Business & economy,,,,https://pub-pittmeadows.escribemeetings.com/filestream.ashx?DocumentId=17856,https://pub-pittmeadows.escribemeetings.com/Players/ISIStandAlonePlayer.aspx?Id=a0a8d57d-7d8f-49e2-bf15-9358cb233cca,https://councilrecord.ca/pittmeadows.html#vote/s4wolm,"THAT Council: A. Receive for information the Emergency Program 2025 Draft Business Plan and Staff Report as presented at the November 26, 2024 meeting of Council."
2024-11-26,Public Council,E.9,2025 Draft Business Plan - Fire & Rescue Service,Main motion,Carried,7,0,0,,,In favour,In favour,In favour,In favour,In favour,In favour,In favour,Public services; Business & economy,,,,https://pub-pittmeadows.escribemeetings.com/filestream.ashx?DocumentId=17856,https://pub-pittmeadows.escribemeetings.com/Players/ISIStandAlonePlayer.aspx?Id=a0a8d57d-7d8f-49e2-bf15-9358cb233cca,https://councilrecord.ca/pittmeadows.html#vote/1dtmafr,"THAT Council: A. Receive for information the Fire & Rescue Service 2025 Draft Business Plan and Staff Report as presented at the November 26, 2024 meeting of Council."
2024-11-26,Public Council,E.10.1,2025 Draft Business Plan – Parks Division,Main motion,Carried,7,0,0,,,In favour,In favour,In favour,In favour,In favour,In favour,In favour,Parks & recreation; Business & economy,,,,https://pub-pittmeadows.escribemeetings.com/filestream.ashx?DocumentId=17856,https://pub-pittmeadows.escribemeetings.com/Players/ISIStandAlonePlayer.aspx?Id=a0a8d57d-7d8f-49e2-bf15-9358cb233cca,https://councilrecord.ca/pittmeadows.html#vote/ammxy,"THAT Council: A. Receive for information the Parks Division 2025 Draft Business Plan and Staff Report as presented at the November 26, 2024 meeting of Council."
2024-11-26,Public Council,E.10.2,2025 Draft Business Plan - Recreation Division,Main motion,Carried,7,0,0,,,In favour,In favour,In favour,In favour,In favour,In favour,In favour,Parks & recreation; Business & economy,,,,https://pub-pittmeadows.escribemeetings.com/filestream.ashx?DocumentId=17856,https://pub-pittmeadows.escribemeetings.com/Players/ISIStandAlonePlayer.aspx?Id=a0a8d57d-7d8f-49e2-bf15-9358cb233cca,https://councilrecord.ca/pittmeadows.html#vote/10k5y1g,"THAT Council: A. Receive for information the Recreation Division 2025 Draft Business Plan and Staff Report as presented at the November 26, 2024 meeting of Council."
2024-11-26,Public Council,E.10.3,2025 Draft Business Plan - Culture Division,Main motion,Carried,7,0,0,,,In favour,In favour,In favour,In favour,In favour,In favour,In favour,Parks & recreation; Business & economy,,,,https://pub-pittmeadows.escribemeetings.com/filestream.ashx?DocumentId=17856,https://pub-pittmeadows.escribemeetings.com/Players/ISIStandAlonePlayer.aspx?Id=a0a8d57d-7d8f-49e2-bf15-9358cb233cca,https://councilrecord.ca/pittmeadows.html#vote/n4lmh2,"THAT Council: A. Receive for information the Culture Division 2025 Draft Business Plan and Staff Report as presented at the November 26, 2024 meeting of Council."
2024-11-26,Public Council,E.10.4,2025 Draft Business Plan - Corporate Sponsorship and Grants Division,Main motion,Carried,7,0,0,,,In favour,In favour,In favour,In favour,In favour,In favour,In favour,Taxes & spending; Business & economy,,,,https://pub-pittmeadows.escribemeetings.com/filestream.ashx?DocumentId=17856,https://pub-pittmeadows.escribemeetings.com/Players/ISIStandAlonePlayer.aspx?Id=a0a8d57d-7d8f-49e2-bf15-9358cb233cca,https://councilrecord.ca/pittmeadows.html#vote/1xa6k4p,"THAT Council: A. Receive for information the Corporate Sponsorship and Grants Division 2025 Draft Business Plan and Staff Report as presented at the November 26, 2024 meeting of Council."
2024-12-03,Public Council,I,CONSENT AGENDA,Main motion,Carried,7,0,0,,,In favour,In favour,In favour,In favour,In favour,In favour,In favour,Housing & density; Governance & elections,,,,https://pub-pittmeadows.escribemeetings.com/filestream.ashx?DocumentId=17883,https://pub-pittmeadows.escribemeetings.com/Players/ISIStandAlonePlayer.aspx?Id=af16d51c-1578-4187-9b5c-d68a1b40ac89,https://councilrecord.ca/pittmeadows.html#vote/11ocq0a,"THAT the following items be received into the record: I.1 Closed Items Released to the Public I.2 Adoption and Permanency Awareness Month I.3 Metro 2050 Type 3 Amendment – Regional Affordable Rental Housing Target Implementation Guideline I.4 Pitt Meadows Airport Society Partners with Canadian Museum of Flight I.5 Committee Meeting Minutes I.5.1 DRAFT Parks, Recreation and Culture Advisory Committee [PRC] Meeting Minutes, September 26, 2024 I.5.2 Advisory Design Panel [ADP] Committee Meeting Minutes, October 9, I.5.3 Agricultural Advisory Committee [AAC] Meeting Minutes, October 10, I.5.4 DRAFT Pitt Meadows Day Advisory Committee [PMDAC] Meeting Minutes, October 23, 2024 I.5.5 Community Support and Accessibility Committee [CSAC] Meeting Minutes, October 28, 2024 I.5.6 DRAFT Advisory Design Panel [ADP] Committee Meeting Minutes, November 13, 2024 I.5.7 DRAFT Agricultural Advisory Committee [AAC] Meeting Minutes, November 14, 2024 I.5.8 DRAFT Active Transportation Advisory Committee [ATAC] Meeting Minutes, November 18, 2024 Items I.4 and I.5.5 were PULLED for discussion. Following the discussion, the question was called on the main motion and it was:"
2024-12-03,Public Council,J.1,Complaints and Bylaw Enforcement Policy C014,Main motion,Carried,7,0,0,,,In favour,In favour,In favour,In favour,In favour,In favour,In favour,Governance & elections,,,,https://pub-pittmeadows.escribemeetings.com/filestream.ashx?DocumentId=17883,https://pub-pittmeadows.escribemeetings.com/Players/ISIStandAlonePlayer.aspx?Id=af16d51c-1578-4187-9b5c-d68a1b40ac89,https://councilrecord.ca/pittmeadows.html#vote/11qtq7u,"THAT Council: A. Approve amendments to Council Policy C014 ‘Complaints and Bylaw Enforcement’ as presented at the December 03, 2024 Council Meeting."
2024-12-03,Public Council,J.2,Pitt Meadows Athletic Park (PMAP) Expansion Project Update,Main motion,Carried,7,0,0,,,In favour,In favour,In favour,In favour,In favour,In favour,In favour,Environment & climate; Parks & recreation,,,,https://pub-pittmeadows.escribemeetings.com/filestream.ashx?DocumentId=17883,https://pub-pittmeadows.escribemeetings.com/Players/ISIStandAlonePlayer.aspx?Id=af16d51c-1578-4187-9b5c-d68a1b40ac89,https://councilrecord.ca/pittmeadows.html#vote/t2v6ls,"THAT Council: A. Approve Option 2 as the preferred conceptual design for the Pitt Meadows Athletic Park covered multi-sport box as presented at the December 3, 2024 Council Meeting."
2024-12-03,Public Council,J.3,"Union of BC Municipalities [""UBCM""] Community to Community Grant Opportunity",Main motion,Carried,7,0,0,,,In favour,In favour,In favour,In favour,In favour,In favour,In favour,Taxes & spending; Governance & elections,,,,https://pub-pittmeadows.escribemeetings.com/filestream.ashx?DocumentId=17883,https://pub-pittmeadows.escribemeetings.com/Players/ISIStandAlonePlayer.aspx?Id=af16d51c-1578-4187-9b5c-d68a1b40ac89,https://councilrecord.ca/pittmeadows.html#vote/17cl9y3,"THAT Council: A. Approve the submission of an application to the UBCM Community to Community (C2C) Program for $10,000 in grant funding to support the development of a joint Memorandum of Understanding (MOU) and enhanced relationship agreement between q̓icə̓y̓ (Katzie) First Nation and the City of Pitt Meadows; AND B. Agree to participation in the activities related to the MOU development, which include collaborative plann ing, legal and administrative support, and a signing ceremony to formalize the agreement between the City and q̓icə̓y̓ (Katzie) First Nation."
2024-12-03,Public Council,J.4,Non-Farm Use Application for 19100 Old Dewdney Trunk Road,Main motion,Carried,7,0,0,,,In favour,In favour,In favour,In favour,In favour,In favour,In favour,Parks & recreation; Business & economy,,,,https://pub-pittmeadows.escribemeetings.com/filestream.ashx?DocumentId=17883,https://pub-pittmeadows.escribemeetings.com/Players/ISIStandAlonePlayer.aspx?Id=af16d51c-1578-4187-9b5c-d68a1b40ac89,https://councilrecord.ca/pittmeadows.html#vote/1ajoywl,THAT Council: A. Direct Staff to forward to the ALC the non-farm use application for 19100 Old Dewdney Trunk Road to use the subject property for recreational vehicle storage with no comments.
2024-12-03,Public Council,K.1,Rezoning for 19375 Airport Way (Amenity Lands),Main motion,Carried,7,0,0,,,In favour,In favour,In favour,In favour,In favour,In favour,In favour,Development; Taxes & spending,,,,https://pub-pittmeadows.escribemeetings.com/filestream.ashx?DocumentId=17883,https://pub-pittmeadows.escribemeetings.com/Players/ISIStandAlonePlayer.aspx?Id=af16d51c-1578-4187-9b5c-d68a1b40ac89,https://councilrecord.ca/pittmeadows.html#vote/1by1thu,"THAT Council: A. Grant first and second readings to Zoning Amendment Bylaw No. 3001, 2024, to rezone the property at 19375 Airport Way to P-1 (Community Assembly); AND B. Direct staff to schedule a public hearing for an upcoming meeting of Council."
2024-12-03,Public Council,K.2,Rezoning Application for 12528 Harris Rd,Main motion,Carried,7,0,0,,,In favour,In favour,In favour,In favour,In favour,In favour,In favour,Housing & density; Development; Taxes & spending,,,,https://pub-pittmeadows.escribemeetings.com/filestream.ashx?DocumentId=17883,https://pub-pittmeadows.escribemeetings.com/Players/ISIStandAlonePlayer.aspx?Id=af16d51c-1578-4187-9b5c-d68a1b40ac89,https://councilrecord.ca/pittmeadows.html#vote/bz7esc,"THAT Council: A. Grant third reading to Zoning Text Amendment Bylaw No. 2999, 2024 to amend the zoning of the property at 12528 Harris Rd to permit a drive- through use for an existing restaurant; AND B. Require the following conditions be fulfilled prior to the adoption of Zoning Amendment Bylaw No. 2999, 2024: 1. Registration of a covenant with the following restrictions: a. The required parking stalls on the property are not blocked by drive-through traffic; b. Drive-through traffic is accommodated entirely on site and does not impede Harris Rd traffic; c. The City’s statutory right -of-way remains accessible and is not blocked by drive-through traffic; and d. When a new business licence for the site is received, the City can require a traffic study or site design review before issuing a new business licence."
2024-12-03,Public Council,K.3,Financial Services Fee Setting Bylaw,Main motion,Carried,7,0,0,,,In favour,In favour,In favour,In favour,In favour,In favour,In favour,Other,,,,https://pub-pittmeadows.escribemeetings.com/filestream.ashx?DocumentId=17883,https://pub-pittmeadows.escribemeetings.com/Players/ISIStandAlonePlayer.aspx?Id=af16d51c-1578-4187-9b5c-d68a1b40ac89,https://councilrecord.ca/pittmeadows.html#vote/19hl25a,"THAT Council: A. Adopt Financial Services Fee Setting Bylaw No. 3004, 2024."
2024-12-09,Public Council,F,CONSENT AGENDA,Main motion,Carried,7,0,0,,,In favour,In favour,In favour,In favour,In favour,In favour,In favour,Business & economy,,,,https://pub-pittmeadows.escribemeetings.com/filestream.ashx?DocumentId=18667,https://pub-pittmeadows.escribemeetings.com/Players/ISIStandAlonePlayer.aspx?Id=ed06bace-32fa-4c63-a4ea-b0e784aa6b3b,https://councilrecord.ca/pittmeadows.html#vote/1fmr6wm,"THAT the following item be received into the record: F.1 2025 Business Planning Reductions Item F.1 was PULLED for discussion. Following the discussion, the question was called on the main motion and it was:"
2024-12-09,Public Council,G.2.1,Library Open Hours on Saturdays and Sundays of Long Weekends,Main motion,Carried,7,0,0,,,In favour,In favour,In favour,In favour,In favour,In favour,In favour,Taxes & spending; Environment & climate; Parks & recreation,1 of 2,,,https://pub-pittmeadows.escribemeetings.com/filestream.ashx?DocumentId=18667,https://pub-pittmeadows.escribemeetings.com/Players/ISIStandAlonePlayer.aspx?Id=ed06bace-32fa-4c63-a4ea-b0e784aa6b3b,https://councilrecord.ca/pittmeadows.html#vote/784tg8,"THAT Council: A. Endorse moving forward with Saturday and Sunday openings (“Openings”) on long weekends at Pitt Meadows Library in fiscal 2025, funded within the existing budget and/or FVRL’s Pitt Meadows Salary & Benefit Reserve."
2024-12-09,Public Council,G.2.1,Library Open Hours on Saturdays and Sundays of Long Weekends,Main motion,Carried,7,0,0,,,In favour,In favour,In favour,In favour,In favour,In favour,In favour,Taxes & spending; Environment & climate; Parks & recreation,2 of 2,,,https://pub-pittmeadows.escribemeetings.com/filestream.ashx?DocumentId=18667,https://pub-pittmeadows.escribemeetings.com/Players/ISIStandAlonePlayer.aspx?Id=ed06bace-32fa-4c63-a4ea-b0e784aa6b3b,https://councilrecord.ca/pittmeadows.html#vote/8j9sx8,"THAT: B. In future years, if Library openings on statutory weekends cannot be funded within the existing budget and/or FVRL’s Pitt Meadows Salary & Benefit Reserve, direct staff to return to Council with gathered data regarding the use of the Library on statutory weekends to consider future funding from a property tax increase."
2024-12-09,Public Council,G.2.2,Rannie Road Repave [Engineering Division],Main motion,Carried,4,3,0,,,In favour,In favour,Against,Against,Against,In favour,In favour,Taxes & spending; Transportation; Parks & recreation; Public services,1 of 3,,,https://pub-pittmeadows.escribemeetings.com/filestream.ashx?DocumentId=18667,https://pub-pittmeadows.escribemeetings.com/Players/ISIStandAlonePlayer.aspx?Id=ed06bace-32fa-4c63-a4ea-b0e784aa6b3b,https://councilrecord.ca/pittmeadows.html#vote/11o8nr1,"THAT Council: A. Support the start of the Rannie Road Repave project design in 2025 with $35,000 from the Road Use Levies Reserve, $35,000 from the Drainage reserve, and $287,000 from the Transportation Reserve."
2024-12-09,Public Council,G.2.2,Rannie Road Repave [Engineering Division],Main motion,Defeated,0,0,0,,,No recorded vote,No recorded vote,No recorded vote,No recorded vote,No recorded vote,No recorded vote,No recorded vote,Taxes & spending; Transportation; Parks & recreation; Public services,2 of 3,"The minutes record this motion as defeated without naming who voted against it, so individual votes are not shown.",,https://pub-pittmeadows.escribemeetings.com/filestream.ashx?DocumentId=18667,https://pub-pittmeadows.escribemeetings.com/Players/ISIStandAlonePlayer.aspx?Id=ed06bace-32fa-4c63-a4ea-b0e784aa6b3b,https://councilrecord.ca/pittmeadows.html#vote/3c5lvj,"THAT Council: B. Support the completion of the Rannie Road Repave project design and construction in 2026 with $573,000 funded from the Drainage Reserve, $1,378,000 funded from the Transportation Reserve, $2,800,000 funded from Road Use Levies Reserve, and continue to explore the potential of partial grant funding jointly with q̓ic̓əy̓ (Katzie) First Nation."
2024-12-09,Public Council,G.2.2,Rannie Road Repave [Engineering Division],Main motion,Carried,6,1,0,,,In favour,In favour,In favour,In favour,Against,In favour,In favour,Taxes & spending; Transportation,3 of 3,,,https://pub-pittmeadows.escribemeetings.com/filestream.ashx?DocumentId=18667,https://pub-pittmeadows.escribemeetings.com/Players/ISIStandAlonePlayer.aspx?Id=ed06bace-32fa-4c63-a4ea-b0e784aa6b3b,https://councilrecord.ca/pittmeadows.html#vote/v18fim,THAT Council: C. Direct staff to continue to explore the potential of partial grant funding jointly with q̓ic̓əy̓ (Katzie) First Nation for the Rannie Road Repave project.
2024-12-09,Public Council,G.2.3,Harris - Rail Monitoring & Alert System [Major Projects Division],Main motion,Carried,7,0,0,,,In favour,In favour,In favour,In favour,In favour,In favour,In favour,Taxes & spending; Transportation; Parks & recreation,,,,https://pub-pittmeadows.escribemeetings.com/filestream.ashx?DocumentId=18667,https://pub-pittmeadows.escribemeetings.com/Players/ISIStandAlonePlayer.aspx?Id=ed06bace-32fa-4c63-a4ea-b0e784aa6b3b,https://councilrecord.ca/pittmeadows.html#vote/1oxpx6i,"THAT Council: A. * Direct staff to implement a rail monitoring / alert system at the Harris Road rail crossing with $40,000 funded from the General Operating Reserve, and $160,000 expected to be funded by Transport Canada’s Rail Safety Improvement P rogram (RSIP)."
2024-12-09,Public Council,G.2.4,Discontinuation of Cross Street Banners on Harris Road,Main motion,Carried,7,0,0,,,In favour,In favour,In favour,In favour,In favour,In favour,In favour,Transportation; Governance & elections,,,,https://pub-pittmeadows.escribemeetings.com/filestream.ashx?DocumentId=18667,https://pub-pittmeadows.escribemeetings.com/Players/ISIStandAlonePlayer.aspx?Id=ed06bace-32fa-4c63-a4ea-b0e784aa6b3b,https://councilrecord.ca/pittmeadows.html#vote/q7unkr,"THAT Council: A. Approve the permanent discontinuation of cross-street banner use on Harris Road as presented at the November 26, 2024 Public Council Meeting; AND B. Repeal Council Policy C018 – Cross Street Banners on Harris Road."
2024-12-09,Public Council,G.2.5,Harris Road Park Public Art [Culture Division],Main motion,Defeated,0,0,0,,,No recorded vote,No recorded vote,No recorded vote,No recorded vote,No recorded vote,No recorded vote,No recorded vote,Taxes & spending; Transportation; Neighbourhood character; Parks & recreation,,"The minutes record this motion as defeated without naming who voted against it, so individual votes are not shown.",,https://pub-pittmeadows.escribemeetings.com/filestream.ashx?DocumentId=18667,https://pub-pittmeadows.escribemeetings.com/Players/ISIStandAlonePlayer.aspx?Id=ed06bace-32fa-4c63-a4ea-b0e784aa6b3b,https://councilrecord.ca/pittmeadows.html#vote/1mqpdlw,"THAT Council: A. Approve $250,000 for a Public Art project at Harris Road Park, funded from the Public Art Reserve."
2024-12-09,Public Council,G.3,Review of Parking Lot Item - Matching Grant Reserve Fund,Main motion,Carried,7,0,0,,,In favour,In favour,In favour,In favour,In favour,In favour,In favour,Taxes & spending; Transportation; Business & economy,,,,https://pub-pittmeadows.escribemeetings.com/filestream.ashx?DocumentId=18667,https://pub-pittmeadows.escribemeetings.com/Players/ISIStandAlonePlayer.aspx?Id=ed06bace-32fa-4c63-a4ea-b0e784aa6b3b,https://councilrecord.ca/pittmeadows.html#vote/1yeq2ek,"THAT Council: A. Direct staff to evaluate the success of grants and sponsorships and, if warranted, consider the establishment of a matching grant reserve fund during the 2027 Business Planning process."
2024-12-09,Public Council,G.5,2025 Budget Recommendations,Main motion,Carried,7,0,0,,,In favour,In favour,In favour,In favour,In favour,In favour,In favour,Taxes & spending; Public services,,,,https://pub-pittmeadows.escribemeetings.com/filestream.ashx?DocumentId=18667,https://pub-pittmeadows.escribemeetings.com/Players/ISIStandAlonePlayer.aspx?Id=ed06bace-32fa-4c63-a4ea-b0e784aa6b3b,https://councilrecord.ca/pittmeadows.html#vote/1s2t4k6,"THAT Council: A. Approve the operating and capital budgets presented on November 25 and 26, 2024; AND B. Direct staff to prepare the consolidated 2025 to 2029 Financial Plan Bylaw and Utility Fee Bylaws based on the budgets presented on November 25 and 26, 2024 and decisions made on December 9, 2024."
2025-01-14,Public Council,G,CONSENT AGENDA,Main motion,Carried,7,0,0,,,In favour,In favour,In favour,In favour,In favour,In favour,In favour,Governance & elections,,,,https://pub-pittmeadows.escribemeetings.com/filestream.ashx?DocumentId=17981,https://pub-pittmeadows.escribemeetings.com/Players/ISIStandAlonePlayer.aspx?Id=8643eacd-b716-4f35-83d6-f85d184817f6,https://councilrecord.ca/pittmeadows.html#vote/1grwl30,"THAT the following items be received into the record: G.1 DRAFT Board of Variance [BOV] Meeting Minutes, December 4, 2024 G.2 Metro 2050 Type 3 Proposed Amendment – City of Surrey (15238 - 64 Avenue)"
2025-01-14,Public Council,H.1,2025 Capital Project Pre-Approval,Main motion,Carried,7,0,0,,,In favour,In favour,In favour,In favour,In favour,In favour,In favour,Taxes & spending,,,,https://pub-pittmeadows.escribemeetings.com/filestream.ashx?DocumentId=17981,https://pub-pittmeadows.escribemeetings.com/Players/ISIStandAlonePlayer.aspx?Id=8643eacd-b716-4f35-83d6-f85d184817f6,https://councilrecord.ca/pittmeadows.html#vote/13rc4ri,"THAT Council: A. Approve the select 2025 capital projects as presented at the January 14, 2025 Council Meeting."
2025-01-14,Public Council,H.2,Flag Policy C001 Amendments,Main motion,Carried,7,0,0,,,In favour,In favour,In favour,In favour,In favour,In favour,In favour,Other,,,,https://pub-pittmeadows.escribemeetings.com/filestream.ashx?DocumentId=17981,https://pub-pittmeadows.escribemeetings.com/Players/ISIStandAlonePlayer.aspx?Id=8643eacd-b716-4f35-83d6-f85d184817f6,https://councilrecord.ca/pittmeadows.html#vote/h5ni1x,"THAT Council: A. Approve amendments to Flag Policy C001 as presented at the January 14, 2025 Public Council Meeting."
2025-01-14,Public Council,I.1,Development Permit Application for 19516 Hammond Road,Main motion,Carried,7,0,0,,,In favour,In favour,In favour,In favour,In favour,In favour,In favour,Housing & density; Development,,,,https://pub-pittmeadows.escribemeetings.com/filestream.ashx?DocumentId=17981,https://pub-pittmeadows.escribemeetings.com/Players/ISIStandAlonePlayer.aspx?Id=8643eacd-b716-4f35-83d6-f85d184817f6,https://councilrecord.ca/pittmeadows.html#vote/5i7tqa,"THAT Council: A. Authorize the issuance of Development Permit No. 2024-003, proposing a four-unit townhouse building with one basement suite at 19516 Hammond Road, with double driveway access as captured in the draft development permit and presented at the January 14, 2025 Council Meeting."
2025-01-14,Public Council,I.2,"Obsolete Bylaws Repeal Bylaw No. 2998, 2024",Main motion,Carried,7,0,0,,,In favour,In favour,In favour,In favour,In favour,In favour,In favour,Governance & elections,,,,https://pub-pittmeadows.escribemeetings.com/filestream.ashx?DocumentId=17981,https://pub-pittmeadows.escribemeetings.com/Players/ISIStandAlonePlayer.aspx?Id=8643eacd-b716-4f35-83d6-f85d184817f6,https://councilrecord.ca/pittmeadows.html#vote/j8syi9,"THAT Council: A. Give first, second and third readings to “Obsolete Bylaws Repeal Bylaw No. 2998, 2024” to repeal bylaws that no longer serve a purpose; AND B. Repeal Council Policy C017 – Temporary Use of Municipally Owned Dike Right of Ways, as presented at the January 14, 2025 Council Meeting."
2025-01-28,Public Council,I.1,Kennedy Road Drainage Pump Station Upgrades - Grant Application,Main motion,Carried,7,0,0,,,In favour,In favour,In favour,In favour,In favour,In favour,In favour,Taxes & spending; Transportation; Public services,,,,https://pub-pittmeadows.escribemeetings.com/filestream.ashx?DocumentId=18011,https://pub-pittmeadows.escribemeetings.com/Players/ISIStandAlonePlayer.aspx?Id=e104bed7-cee3-46d6-9272-f0a6908c1a62,https://councilrecord.ca/pittmeadows.html#vote/th9xo1,THAT Council: A. Endorse Staff's submission of a full proposal to the Disaster Resilience and Innovation Funding (DRIF) program for the Kennedy Drainage Pump Station Upgrades Project; AND B. Support the planned Kennedy Drainage Pump Station Upgrades Project; AND C. Affirm the City's willingness to provide overall project and funding management for the Project.
2025-01-28,Public Council,I.2,Q1 2025 Strategic Priorities Quarterly Report,Main motion,Carried,7,0,0,,,In favour,In favour,In favour,In favour,In favour,In favour,In favour,Other,,,,https://pub-pittmeadows.escribemeetings.com/filestream.ashx?DocumentId=18011,https://pub-pittmeadows.escribemeetings.com/Players/ISIStandAlonePlayer.aspx?Id=e104bed7-cee3-46d6-9272-f0a6908c1a62,https://councilrecord.ca/pittmeadows.html#vote/18owjw8,"THAT Council: A. Approve the operational strategies for Q1 2025 as presented to Council on January 28, 2025."
2025-01-28,Public Council,J.1,City of Pitt Meadows Zoning Bylaw Amendments – Third Reading,Main motion,Carried,7,0,0,,,In favour,In favour,In favour,In favour,In favour,In favour,In favour,Development; Taxes & spending; Environment & climate,,,,https://pub-pittmeadows.escribemeetings.com/filestream.ashx?DocumentId=18011,https://pub-pittmeadows.escribemeetings.com/Players/ISIStandAlonePlayer.aspx?Id=e104bed7-cee3-46d6-9272-f0a6908c1a62,https://councilrecord.ca/pittmeadows.html#vote/1sla0b4,"THAT Council: A. Grant third reading to Zoning Text Amendment Bylaw No. 2972, 2024, regarding amendments to aid in the interpretation and administration of the bylaw."
2025-01-28,Public Council,J.2,"Obsolete Bylaws Repeal Bylaw No. 2998, 2024",Main motion,Carried,7,0,0,,,In favour,In favour,In favour,In favour,In favour,In favour,In favour,Governance & elections,,,,https://pub-pittmeadows.escribemeetings.com/filestream.ashx?DocumentId=18011,https://pub-pittmeadows.escribemeetings.com/Players/ISIStandAlonePlayer.aspx?Id=e104bed7-cee3-46d6-9272-f0a6908c1a62,https://councilrecord.ca/pittmeadows.html#vote/1vr5dtb,"THAT Council: A. Adopt Obsolete Bylaws Repeal Bylaw No. 2998, 2024 to repeal bylaws that no longer serve a purpose."
2025-02-04,Public Council,H.1,Year In Review – Pitt Meadows Art Gallery,Main motion,Carried,6,0,1,,,In favour,Absent,In favour,In favour,In favour,In favour,In favour,Environment & climate; Governance & elections,,,,https://pub-pittmeadows.escribemeetings.com/filestream.ashx?DocumentId=18082,https://pub-pittmeadows.escribemeetings.com/Players/ISIStandAlonePlayer.aspx?Id=8f4583be-8798-4f1c-acdb-09a4d4dd7cfb,https://councilrecord.ca/pittmeadows.html#vote/6tv6y7,"THAT Council: A. Receive for information the Staff Report titled “Year in Review – Pitt Meadows Art Gallery” as presented at the February 4, 2025 Council Meeting."
2025-02-04,Public Council,H.2,Heritage Hall Accessibility Project Update,Main motion,Carried,6,0,1,,,In favour,Absent,In favour,In favour,In favour,In favour,In favour,Neighbourhood character; Public services; Governance & elections,,,,https://pub-pittmeadows.escribemeetings.com/filestream.ashx?DocumentId=18082,https://pub-pittmeadows.escribemeetings.com/Players/ISIStandAlonePlayer.aspx?Id=8f4583be-8798-4f1c-acdb-09a4d4dd7cfb,https://councilrecord.ca/pittmeadows.html#vote/1u2q6dk,"THAT Council: A. Rescind their decision as captured in Resolutions A, B, and C for Item E.3.3 of the Minutes of the December 13, 2022 Public Council Meeting regarding the Heritage Hall Accessibility Project (i.e. installation of an elevator and construction of two washrooms); AND B. Direct Staff to proceed with construction of a single-occupancy accessible washroom at the coat storage area on the second floor to help improve accessibility at Heritage Hall, utilizing the previously approved $525,000 capital project budget funded from the General Facilities Reserve."
2025-02-04,Public Council,I.1,Official Community Plan and Zoning Amendment Application for a Resource Recovery Facility at PID: 003-325-695,Main motion,Carried,6,0,1,,,In favour,Absent,In favour,In favour,In favour,In favour,In favour,Housing & density; Development,,,,https://pub-pittmeadows.escribemeetings.com/filestream.ashx?DocumentId=18082,https://pub-pittmeadows.escribemeetings.com/Players/ISIStandAlonePlayer.aspx?Id=8f4583be-8798-4f1c-acdb-09a4d4dd7cfb,https://councilrecord.ca/pittmeadows.html#vote/jndcpm,"THAT Council: A. Decline the OCP and Zoning Amendment application for a resource recovery facility at PID: 003-325-695, as presented at the February 4, 2025 Council Meeting."
2025-02-04,Public Council,I.2,"1915 – 1938 Financial Bylaws Repeal Bylaw No. 3006, 2025",Main motion,Carried,6,0,1,,,In favour,Absent,In favour,In favour,In favour,In favour,In favour,Taxes & spending,,,,https://pub-pittmeadows.escribemeetings.com/filestream.ashx?DocumentId=18082,https://pub-pittmeadows.escribemeetings.com/Players/ISIStandAlonePlayer.aspx?Id=8f4583be-8798-4f1c-acdb-09a4d4dd7cfb,https://councilrecord.ca/pittmeadows.html#vote/veqqbv,"THAT Council: A. Grant first, second and third readings to the “1915 – 1938 Financial Bylaws Repeal Bylaw No. 3006, 2025” to repeal expired or otherwise obsolete financial bylaws as presented at the February 4, 2025 Council Meeting."
2025-02-25,Public Council,I,CONSENT AGENDA,Main motion,Carried,6,0,1,,,In favour,In favour,In favour,In favour,In favour,Absent,In favour,Development; Taxes & spending; Parks & recreation; Business & economy,,,,https://pub-pittmeadows.escribemeetings.com/filestream.ashx?DocumentId=18116,https://pub-pittmeadows.escribemeetings.com/Players/ISIStandAlonePlayer.aspx?Id=69e06951-1632-498a-b7c8-010adf8ab38b,https://councilrecord.ca/pittmeadows.html#vote/1uy6x3j,"THAT the following item be received into the record: I.1 Consideration of a Development Cost Charge Reduction for Intensive Agriculture Following a roundtable discussion, the question was called on the main motion and it was:"
2025-02-25,Public Council,J.2,Proposed UBCM Resolution for Increased Ministry Funding for Agriculture,Main motion,Carried,6,0,1,,,In favour,In favour,In favour,In favour,In favour,Absent,In favour,Taxes & spending; Parks & recreation; Business & economy; Governance & elections,,,,https://pub-pittmeadows.escribemeetings.com/filestream.ashx?DocumentId=18116,https://pub-pittmeadows.escribemeetings.com/Players/ISIStandAlonePlayer.aspx?Id=69e06951-1632-498a-b7c8-010adf8ab38b,https://councilrecord.ca/pittmeadows.html#vote/2n177d,"THAT Council: A. Endorse the proposed resolution and background document for Increased Ministry Funding for Agriculture [Attachments A and B], as presented at the February 25, 2025 Council Meeting; AND B. Direct staff to forward the proposed resolution and background document to the Lower Mainland Local Government Association for consideration at its 2025 Conference."
2025-02-25,Public Council,J.3,Grant Opportunity - Baynes Road Pedestrian Bridge,Main motion,Carried,6,0,1,,,In favour,In favour,In favour,In favour,In favour,Absent,In favour,Housing & density; Taxes & spending; Transportation; Parks & recreation,,,,https://pub-pittmeadows.escribemeetings.com/filestream.ashx?DocumentId=18116,https://pub-pittmeadows.escribemeetings.com/Players/ISIStandAlonePlayer.aspx?Id=69e06951-1632-498a-b7c8-010adf8ab38b,https://councilrecord.ca/pittmeadows.html#vote/1wqkff0,"THAT Council: A. Endorse staff’s submission of a grant application to the Federal Housing, Infrastructure and Communities Canada (HICC) Active Transportation Fund (ATF) for the Baynes Road Pedestrian Bridge for up to $323,400 in grant funding; AND B. Commit to financially support the project costs as outlined in the City’s 2024/25 Capital Business Plan."
2025-02-25,Public Council,K.1,Proposed Soil Bylaw – Repeal and Replacement,Main motion,Carried,6,0,1,,,In favour,In favour,In favour,In favour,In favour,Absent,In favour,Development; Taxes & spending,,,,https://pub-pittmeadows.escribemeetings.com/filestream.ashx?DocumentId=18116,https://pub-pittmeadows.escribemeetings.com/Players/ISIStandAlonePlayer.aspx?Id=69e06951-1632-498a-b7c8-010adf8ab38b,https://councilrecord.ca/pittmeadows.html#vote/1lilew0,"THAT Council: A. Grant first, second and third readings to Soil Deposit and Removal Bylaw No. 3000, 2024 as presented at the February 25, 2025 Council Meeting."
2025-02-25,Public Council,K.2,Rezoning for 19375 Airport Way (Amenity Lands),Main motion,Carried,6,0,1,,,In favour,In favour,In favour,In favour,In favour,Absent,In favour,Development; Taxes & spending,,,,https://pub-pittmeadows.escribemeetings.com/filestream.ashx?DocumentId=18116,https://pub-pittmeadows.escribemeetings.com/Players/ISIStandAlonePlayer.aspx?Id=69e06951-1632-498a-b7c8-010adf8ab38b,https://councilrecord.ca/pittmeadows.html#vote/pjkma,"THAT Council: A. Grant third reading to, and adopt, Zoning Amendment Bylaw No. 3001, 2024, to rezone the property at 19375 Airport Way to P-1 (Community Assembly)."
2025-02-25,Public Council,K.3,"1915 – 1938 Financial Bylaws Repeal Bylaw No. 3006, 2025",Main motion,Carried,6,0,1,,,In favour,In favour,In favour,In favour,In favour,Absent,In favour,Other,,,,https://pub-pittmeadows.escribemeetings.com/filestream.ashx?DocumentId=18116,https://pub-pittmeadows.escribemeetings.com/Players/ISIStandAlonePlayer.aspx?Id=69e06951-1632-498a-b7c8-010adf8ab38b,https://councilrecord.ca/pittmeadows.html#vote/10fp9od,"THAT Council: A. Adopt the “1915 – 1938 Financial Bylaws Repeal Bylaw No. 3006, 2025” to repeal expired financial bylaws as presented at the February 25, 2025 Council Meeting."
2025-03-04,Public Council,G.1,Recommendation to Repeal Respectful Workplace Policy C101,Main motion,Carried,7,0,0,,,In favour,In favour,In favour,In favour,In favour,In favour,In favour,Governance & elections,,,,https://pub-pittmeadows.escribemeetings.com/filestream.ashx?DocumentId=18137,https://pub-pittmeadows.escribemeetings.com/Players/ISIStandAlonePlayer.aspx?Id=d261cc24-ff72-4fef-8f2e-450987950841,https://councilrecord.ca/pittmeadows.html#vote/1ww51fb,"THAT Council: A. Repeal Council Policy C101 [Respectful Workplace Policy] as it pertains to elected officials, recognizing that Council members are governed by the Council Code of Conduct (Policy C100) in accordance with the Community Charter."
2025-03-04,Public Council,G.2,"Repeal of Council Policies C053, C066 and C067",Main motion,Carried,7,0,0,,,In favour,In favour,In favour,In favour,In favour,In favour,In favour,Other,,,,https://pub-pittmeadows.escribemeetings.com/filestream.ashx?DocumentId=18137,https://pub-pittmeadows.escribemeetings.com/Players/ISIStandAlonePlayer.aspx?Id=d261cc24-ff72-4fef-8f2e-450987950841,https://councilrecord.ca/pittmeadows.html#vote/fgkukv,"THAT Council: A. Repeal Policies C053 [Communication Devices for Members of Council], C066 [Access to Information] and C067 [Councillors Access to Information] as presented at the March 4, 2025 meeting of Council."
2025-03-04,Public Council,G.3,2024 Fourth Quarter Report to the Community,Main motion,Carried,7,0,0,,,In favour,In favour,In favour,In favour,In favour,In favour,In favour,Other,,,,https://pub-pittmeadows.escribemeetings.com/filestream.ashx?DocumentId=18137,https://pub-pittmeadows.escribemeetings.com/Players/ISIStandAlonePlayer.aspx?Id=d261cc24-ff72-4fef-8f2e-450987950841,https://councilrecord.ca/pittmeadows.html#vote/h3hzzl,"THAT Council: A. Receive for information the “2024 Fourth Quarter Report to the Community” Staff Report as presented at the March 4, 2025 Public Council Meeting."
2025-03-04,Public Council,H.1,Development Permit for 12051 Bonson Road,Main motion,Carried,7,0,0,,,In favour,In favour,In favour,In favour,In favour,In favour,In favour,Development,,,,https://pub-pittmeadows.escribemeetings.com/filestream.ashx?DocumentId=18137,https://pub-pittmeadows.escribemeetings.com/Players/ISIStandAlonePlayer.aspx?Id=d261cc24-ff72-4fef-8f2e-450987950841,https://councilrecord.ca/pittmeadows.html#vote/1w6ne4k,"THAT Council: A. Authorize issuance of Development Permit No. 2025-004, with variances to floor space ratio and lot coverage, to permit construction of three single-family dwellings at 12051 Bonson Rd."
2025-03-04,Public Council,H.2,"1939 – 1959 Financial Bylaws Repeal Bylaw No. 3007, 2025",Main motion,Carried,7,0,0,,,In favour,In favour,In favour,In favour,In favour,In favour,In favour,Taxes & spending,,,,https://pub-pittmeadows.escribemeetings.com/filestream.ashx?DocumentId=18137,https://pub-pittmeadows.escribemeetings.com/Players/ISIStandAlonePlayer.aspx?Id=d261cc24-ff72-4fef-8f2e-450987950841,https://councilrecord.ca/pittmeadows.html#vote/1nd5v4n,"THAT Council: A. Grant first, second and third readings to the “1939 - 1959 Financial Bylaws Repeal Bylaw No. 3007, 2025” to repeal expired or otherwise obsolete financial bylaws as presented at the March 4, 2025 Council Meeting."
2025-03-11,Public Council,H,CONSENT AGENDA,Main motion,Carried,7,0,0,,,In favour,In favour,In favour,In favour,In favour,In favour,In favour,Taxes & spending; Environment & climate,,,,https://pub-pittmeadows.escribemeetings.com/filestream.ashx?DocumentId=18211,https://pub-pittmeadows.escribemeetings.com/Players/ISIStandAlonePlayer.aspx?Id=d2bf4808-6e43-47e1-ba52-9f1dc9f52d8e,https://councilrecord.ca/pittmeadows.html#vote/11pu1pl,"THAT the following items be received into the record: H.1 Pitt Meadows Secures $80,634 in Federal Funding for Community Orchard and Edible Garden Development H.2 Purple Lights Campaign Item H.1 was PULLED for discussion. Following the discussion, the question was called and on the main motion and it was:"
2025-03-11,Public Council,I.1,Official Community Plan and Regional Context Statement Update,Main motion,Carried,7,0,0,,,In favour,In favour,In favour,In favour,In favour,In favour,In favour,Housing & density; Development,,,,https://pub-pittmeadows.escribemeetings.com/filestream.ashx?DocumentId=18211,https://pub-pittmeadows.escribemeetings.com/Players/ISIStandAlonePlayer.aspx?Id=d2bf4808-6e43-47e1-ba52-9f1dc9f52d8e,https://councilrecord.ca/pittmeadows.html#vote/1rjuudi,"THAT Council: A. Has, pursuant to Section 475(2) of the Local Government Act, considered whether opportunities for consultation should be early and ongoing, and specifically whether consultation is required with: 1. The Board of the Regional District in which the area covered by the plan is located, in the case of a Municipal Official Community Plan; 2. The Board of any Regional District that is adjacent to the area covered by the plan; 3. The Council of any municipality that is adjacent to the area covered by the plan; 4. First Nations; 5. Boards of Education, Greater Boards and Improvement District Boards, and 6. The Provincial and Federal Governments and their agencies; and in that regard, considers the consultation described in the “Official Community Plan and Regional Context Statement Update"" report presented at the March 11, 2025 Council meeting to be appropriate; AND B. Direct staff to proceed with the Official Community Plan and Regional Context Statement update, as described in the “Official Community Plan and Regional Context Statement Update"" report presented at the March 11, 2025 Council meeting."
2025-03-11,Public Council,J.1,"2025 Good Governance Repeal Bylaw No. 3015, 2025",Main motion,Carried,7,0,0,,,In favour,In favour,In favour,In favour,In favour,In favour,In favour,Taxes & spending; Governance & elections,,,,https://pub-pittmeadows.escribemeetings.com/filestream.ashx?DocumentId=18211,https://pub-pittmeadows.escribemeetings.com/Players/ISIStandAlonePlayer.aspx?Id=d2bf4808-6e43-47e1-ba52-9f1dc9f52d8e,https://councilrecord.ca/pittmeadows.html#vote/bd6tpu,"THAT Council: A. Grant first, second and thir d readings to the “2025 Good Governance Repeal Bylaw No. 3015, 2025” as presented at the March 11, 2025 Council Meeting."
2025-03-11,Public Council,J.2,Indemnification Bylaw Update,Main motion,Carried,7,0,0,,,In favour,In favour,In favour,In favour,In favour,In favour,In favour,Taxes & spending,,,,https://pub-pittmeadows.escribemeetings.com/filestream.ashx?DocumentId=18211,https://pub-pittmeadows.escribemeetings.com/Players/ISIStandAlonePlayer.aspx?Id=d2bf4808-6e43-47e1-ba52-9f1dc9f52d8e,https://councilrecord.ca/pittmeadows.html#vote/tvgnbf,"THAT Council: A. Grant first, second, and third readings to Indemnification Bylaw No. 3016, 2025, as presented at the March 11, 2025 Council Meeting."
2025-03-11,Public Council,J.3,"1939 - 1959 Financial Bylaws Repeal Bylaw No. 3007, 2025",Main motion,Carried,7,0,0,,,In favour,In favour,In favour,In favour,In favour,In favour,In favour,Other,,,,https://pub-pittmeadows.escribemeetings.com/filestream.ashx?DocumentId=18211,https://pub-pittmeadows.escribemeetings.com/Players/ISIStandAlonePlayer.aspx?Id=d2bf4808-6e43-47e1-ba52-9f1dc9f52d8e,https://councilrecord.ca/pittmeadows.html#vote/1vq5gh4,"THAT Council: A. Adopt the ""1939 - 1959 Financial Bylaws Repeal Bylaw No. 3007, 2025” to repeal expired financial bylaws as presented at the March 11, 2025 Council Meeting."
2025-04-01,Public Council,G,CONSENT AGENDA,Main motion,Carried,7,0,0,,,In favour,In favour,In favour,In favour,In favour,In favour,In favour,Housing & density; Business & economy; Governance & elections,,,,https://pub-pittmeadows.escribemeetings.com/filestream.ashx?DocumentId=18281,https://pub-pittmeadows.escribemeetings.com/Players/ISIStandAlonePlayer.aspx?Id=1eb6d3f8-284a-4a71-8209-b8b928458fb5,https://councilrecord.ca/pittmeadows.html#vote/6x51,"THAT the following items be received into the record: G.1 Declination of Housing Accelerator Fund (HAF) G.2 UBCM Endorses 2024 Resolution - Minimum Income Requirements for Farm Classification Items G.1 and G.2 were PULLED for discussion. Following the discussion, the question was called on the main motion and it was:"
2025-04-01,Public Council,H.1,Corporate Sponsorship and Grants - Six Month Update,Main motion,Carried,7,0,0,,,In favour,In favour,In favour,In favour,In favour,In favour,In favour,Taxes & spending,,,,https://pub-pittmeadows.escribemeetings.com/filestream.ashx?DocumentId=18281,https://pub-pittmeadows.escribemeetings.com/Players/ISIStandAlonePlayer.aspx?Id=1eb6d3f8-284a-4a71-8209-b8b928458fb5,https://councilrecord.ca/pittmeadows.html#vote/541626,"THAT Council: A. Receive for information the Corporate Sponsorship and Grants - Six Month Update Staff Report as presented at the April 1, 2025 meeting of Council."
2025-04-01,Public Council,H.2,Ridge Meadows Chamber of Commerce 2025-2027 Fee-for-Service Proposal,Main motion,Carried,7,0,0,,,In favour,In favour,In favour,In favour,In favour,In favour,In favour,Environment & climate,,,,https://pub-pittmeadows.escribemeetings.com/filestream.ashx?DocumentId=18281,https://pub-pittmeadows.escribemeetings.com/Players/ISIStandAlonePlayer.aspx?Id=1eb6d3f8-284a-4a71-8209-b8b928458fb5,https://councilrecord.ca/pittmeadows.html#vote/1pziuwv,"THAT Council: A. Authorize staff to execute a 2025-2027 fee-for-service agreement with the Ridge Meadows Chamber of Commerce, as described in the “Ridge Meadows Chamber of Commerce 2025-2027 Fee-for- Service Proposal” report presented at the April 1, 2025 Council meeting."
2025-04-01,Public Council,H.3,Complete Communities Assessment Update,Main motion,Carried,7,0,0,,,In favour,In favour,In favour,In favour,In favour,In favour,In favour,Other,,,,https://pub-pittmeadows.escribemeetings.com/filestream.ashx?DocumentId=18281,https://pub-pittmeadows.escribemeetings.com/Players/ISIStandAlonePlayer.aspx?Id=1eb6d3f8-284a-4a71-8209-b8b928458fb5,https://councilrecord.ca/pittmeadows.html#vote/2yah0,"THAT Council: A. Receive for information the report titled “Complete Communities Assessment Update”, as presented at the April 1, 2025 Council Meeting."
2025-04-01,Public Council,H.4,Q2 2025 Strategic Priorities Quarterly Report,Main motion,Carried,7,0,0,,,In favour,In favour,In favour,In favour,In favour,In favour,In favour,Other,,,,https://pub-pittmeadows.escribemeetings.com/filestream.ashx?DocumentId=18281,https://pub-pittmeadows.escribemeetings.com/Players/ISIStandAlonePlayer.aspx?Id=1eb6d3f8-284a-4a71-8209-b8b928458fb5,https://councilrecord.ca/pittmeadows.html#vote/14ixen2,"THAT Council: A. Approve the operational strategies for Q2 2025 as presented to Council on April 1, 2025."
2025-04-01,Public Council,I.1,Development Variance Permit for 19339 & 19347 119B Avenue,Main motion,Carried,7,0,0,,,In favour,In favour,In favour,In favour,In favour,In favour,In favour,Housing & density; Development,,,,https://pub-pittmeadows.escribemeetings.com/filestream.ashx?DocumentId=18281,https://pub-pittmeadows.escribemeetings.com/Players/ISIStandAlonePlayer.aspx?Id=1eb6d3f8-284a-4a71-8209-b8b928458fb5,https://councilrecord.ca/pittmeadows.html#vote/1vgg3hz,THAT Council: A. Authorize issuance of Development Variance Permit No. 2025-001 to vary zoning requirements to permit the surface of the first floor of the duplex at 19339 and 19347 119B Avenue to be a maximum of 1.58 m above the average finished grade at the building elevation facing a street.
2025-04-01,Public Council,I.2,Rezoning Application for 12469 191B Street,Main motion,Carried,6,1,0,,,In favour,In favour,In favour,Against,In favour,In favour,In favour,Housing & density; Development; Transportation,,,,https://pub-pittmeadows.escribemeetings.com/filestream.ashx?DocumentId=18281,https://pub-pittmeadows.escribemeetings.com/Players/ISIStandAlonePlayer.aspx?Id=1eb6d3f8-284a-4a71-8209-b8b928458fb5,https://councilrecord.ca/pittmeadows.html#vote/1v1gnuu,"THAT Council: A. Has, pursuant to Sections 479(6), 525(1.2) and 525.1(4) of the Local Government Act, considered the Provincial Policy Manual: Transit- Oriented Areas and the Provincial Policy Manual: Small Scale, Multi-Unit Housing, as outlined in the “Rezoning Application for 12469 191B Street” report presented at the April 1, 2025 Council meeting, and in that regard, considers that no further consideration of the Provincial Policy Manuals is required at this time; AND B. Grant first, second and third readings to Zoning Amendment Bylaw No. 2997, 2025; AND C. Require the following condition be fulfilled prior to adoption of Zoning Amendment Bylaw No. 2997, 2025: 1. Payment of $91,000 as Residential Community Amenity Contribution as offered by the developer."
2025-04-01,Public Council,I.3,"1960 – 1970 Financial Bylaws Repeal Bylaw No. 3008, 2025",Main motion,Carried,7,0,0,,,In favour,In favour,In favour,In favour,In favour,In favour,In favour,Taxes & spending,,,,https://pub-pittmeadows.escribemeetings.com/filestream.ashx?DocumentId=18281,https://pub-pittmeadows.escribemeetings.com/Players/ISIStandAlonePlayer.aspx?Id=1eb6d3f8-284a-4a71-8209-b8b928458fb5,https://councilrecord.ca/pittmeadows.html#vote/a69g4t,"THAT Council: A. Grant first, second and third readings to the “1960 - 1970 Financial Bylaws Repeal Bylaw No. 3008, 2025” to repeal expired or otherwise obsolete financial bylaws as presented at the April 1, 2025 Council Meeting."
2025-04-01,Public Council,I.4,"2025 Good Governance Repeal Bylaw No. 3015, 2025",Main motion,Carried,7,0,0,,,In favour,In favour,In favour,In favour,In favour,In favour,In favour,Governance & elections,,,,https://pub-pittmeadows.escribemeetings.com/filestream.ashx?DocumentId=18281,https://pub-pittmeadows.escribemeetings.com/Players/ISIStandAlonePlayer.aspx?Id=1eb6d3f8-284a-4a71-8209-b8b928458fb5,https://councilrecord.ca/pittmeadows.html#vote/j65drm,"THAT Council: A. Adopt the “2025 Good Governance Repeal Bylaw No. 3015, 2025” as presented at the April 1, 2025, Council Meeting."
2025-04-01,Public Council,I.5,"Indemnification Bylaw No. 3016, 2025",Main motion,Carried,7,0,0,,,In favour,In favour,In favour,In favour,In favour,In favour,In favour,Other,,,,https://pub-pittmeadows.escribemeetings.com/filestream.ashx?DocumentId=18281,https://pub-pittmeadows.escribemeetings.com/Players/ISIStandAlonePlayer.aspx?Id=1eb6d3f8-284a-4a71-8209-b8b928458fb5,https://councilrecord.ca/pittmeadows.html#vote/1i5saos,"THAT Council: A. Adopt the Indemnification Bylaw No. 3016, 2025 as presented at the April 1, 2025, Council Meeting."
2025-04-01,Public Council,I.6,"Zoning Text Amendment Bylaw No. 2972, 2024",Main motion,Carried,7,0,0,,,In favour,In favour,In favour,In favour,In favour,In favour,In favour,Development,,,,https://pub-pittmeadows.escribemeetings.com/filestream.ashx?DocumentId=18281,https://pub-pittmeadows.escribemeetings.com/Players/ISIStandAlonePlayer.aspx?Id=1eb6d3f8-284a-4a71-8209-b8b928458fb5,https://councilrecord.ca/pittmeadows.html#vote/19dx8jo,"THAT Council: A. Adopt Zoning Amendment Bylaw No. 2972, 2024."
2025-04-15,Public Council,I.1,UBCM FireSmart Grant Opportunity,Main motion,Carried,7,0,0,,,In favour,In favour,In favour,In favour,In favour,In favour,In favour,Taxes & spending; Public services; Governance & elections,,,,https://pub-pittmeadows.escribemeetings.com/filestream.ashx?DocumentId=18342,https://pub-pittmeadows.escribemeetings.com/Players/ISIStandAlonePlayer.aspx?Id=5f7271a1-ea05-42fa-8041-d3a63bc203b2,https://councilrecord.ca/pittmeadows.html#vote/e1ah1c,"THAT Council: A. Support Staff's proposed activities and grant application to the UBCM FireSmart Community Funding and Supports Program for: 1. $50,000 for Wildfire training, community engagement, and education to reduce the community's risk from wildfire; and 2. $50,000 for equipment for the Structure Protection Unit to increase its capabilities; AND B. Affirm the City's willingness to provide overall grant management."
2025-04-15,Public Council,I.2,Agricultural Land Commission Non-Adhering Residential Use Application for,Main motion,Carried,7,0,0,,,In favour,In favour,In favour,In favour,In favour,In favour,In favour,Housing & density; Development; Business & economy,,,,https://pub-pittmeadows.escribemeetings.com/filestream.ashx?DocumentId=18342,https://pub-pittmeadows.escribemeetings.com/Players/ISIStandAlonePlayer.aspx?Id=5f7271a1-ea05-42fa-8041-d3a63bc203b2,https://councilrecord.ca/pittmeadows.html#vote/1jr7u2w,"THAT Council: A. Direct staff to forward the Non-Adhering Residential Use Application for a third dwelling unit at 12770 McTavish Rd, as presented at the April 15, 2025 Council meeting, to the Agricultural Land Commission with a recommendation of support, subject to no further subdivision of the property."
2025-04-15,Public Council,I.3,Pitt Meadows Economic Development Corporation – Annual Business,Main motion,Carried,7,0,0,,,In favour,In favour,In favour,In favour,In favour,In favour,In favour,Environment & climate; Business & economy; Governance & elections,,,,https://pub-pittmeadows.escribemeetings.com/filestream.ashx?DocumentId=18342,https://pub-pittmeadows.escribemeetings.com/Players/ISIStandAlonePlayer.aspx?Id=5f7271a1-ea05-42fa-8041-d3a63bc203b2,https://councilrecord.ca/pittmeadows.html#vote/sb0dtl,"THAT Council: A. Authorize the City, being the sole shareholder of the Pitt Meadows Economic Development Corporation (the “Company”), to consent to the written resolutions of the Company, as presented to Council at the April 15, 2025 public meeting, in lieu of holding an annual general meeting; AND B. D irect the City’s authorized signatories to sign the resolutions of the Company on behalf of the City of Pitt Meadows."
2025-04-15,Public Council,I.4,Revisions to Video Surveillance Policy C042,Main motion,Carried,7,0,0,,,In favour,In favour,In favour,In favour,In favour,In favour,In favour,Other,,,,https://pub-pittmeadows.escribemeetings.com/filestream.ashx?DocumentId=18342,https://pub-pittmeadows.escribemeetings.com/Players/ISIStandAlonePlayer.aspx?Id=5f7271a1-ea05-42fa-8041-d3a63bc203b2,https://councilrecord.ca/pittmeadows.html#vote/zsvq5e,"THAT Council: A. Approve revisions to the Video Surveillance Policy [C042] as presented at the April 15, 2025 Council meeting."
2025-04-15,Public Council,J.1,"1960 - 1970 Financial Bylaws Repeal Bylaw No. 3008, 2025",Main motion,Carried,7,0,0,,,In favour,In favour,In favour,In favour,In favour,In favour,In favour,Other,,,,https://pub-pittmeadows.escribemeetings.com/filestream.ashx?DocumentId=18342,https://pub-pittmeadows.escribemeetings.com/Players/ISIStandAlonePlayer.aspx?Id=5f7271a1-ea05-42fa-8041-d3a63bc203b2,https://councilrecord.ca/pittmeadows.html#vote/ltdu9c,"THAT Council: A. Adopt “1960 – 1970 Financial Bylaws Repeal Bylaw No. 3008, 2025” to repeal expired financial bylaws as presented at the April 15, 2025 Council Meeting."
2025-05-06,Public Council,G.2,2024 Financial Statements and Audit Results,Main motion,Carried,7,0,0,,,In favour,In favour,In favour,In favour,In favour,In favour,In favour,Taxes & spending,,,,https://pub-pittmeadows.escribemeetings.com/filestream.ashx?DocumentId=18436,https://pub-pittmeadows.escribemeetings.com/Players/ISIStandAlonePlayer.aspx?Id=9282914a-4941-4cbe-bcdf-1d5648b7e6b2,https://councilrecord.ca/pittmeadows.html#vote/15jc1r6,"THAT Council: A. Accept the City’s 2024 financial statements and direct the Mayor and Director of Financial Services to sign the Consolidated Statement of Financial Position and forward the completed financial statements to the province as required by May 15, 2025; AND B. Direct staff to present the City’s 2024 financial statements along with the 2024 annual report at the June 24, 2025 Council meeting."
2025-05-06,Public Council,H,CONSENT AGENDA,Main motion,Carried,7,0,0,,,In favour,In favour,In favour,In favour,In favour,In favour,In favour,Governance & elections,,,,https://pub-pittmeadows.escribemeetings.com/filestream.ashx?DocumentId=18436,https://pub-pittmeadows.escribemeetings.com/Players/ISIStandAlonePlayer.aspx?Id=9282914a-4941-4cbe-bcdf-1d5648b7e6b2,https://councilrecord.ca/pittmeadows.html#vote/emc20v,THAT the following item be received into the record: H.1 Proclaim May as Melanoma Awareness Month H.2 Committee Membership Update H.3 Metro 2050 Proposed Amendment – City of Delta
2025-05-06,Public Council,I.1,Active Transportation Advisory Committee (ATAC) Transition to Community Safety Working Group,Main motion,Carried,5,2,0,,,In favour,In favour,Against,Against,In favour,In favour,In favour,Transportation; Parks & recreation; Public services; Governance & elections,,,,https://pub-pittmeadows.escribemeetings.com/filestream.ashx?DocumentId=18436,https://pub-pittmeadows.escribemeetings.com/Players/ISIStandAlonePlayer.aspx?Id=9282914a-4941-4cbe-bcdf-1d5648b7e6b2,https://councilrecord.ca/pittmeadows.html#vote/ubyo6n,"THAT Council: A. Approve the transition of the Active Transportation Advisory Committee (ATAC) from an advisory committee to Council, as defined by the City Committees Policy C102, to the Community Safety Working Group under the authority of the CAO, as presented at the May 6, 2025 Council meeting."
2025-05-06,Public Council,I.2,2026 Business Plan Guidelines and Timeline,Main motion,Carried,7,0,0,,,In favour,In favour,In favour,In favour,In favour,In favour,In favour,Taxes & spending; Business & economy; Governance & elections,,,,https://pub-pittmeadows.escribemeetings.com/filestream.ashx?DocumentId=18436,https://pub-pittmeadows.escribemeetings.com/Players/ISIStandAlonePlayer.aspx?Id=9282914a-4941-4cbe-bcdf-1d5648b7e6b2,https://councilrecord.ca/pittmeadows.html#vote/dicd9c,"THAT Council: A. Approve the 2026 Business Plan Guidelines and Timeline as presented at the May 6, 2025 Regular Council meeting; AND B. Approve the amendment to the 2025 Council Meeting Schedule to reflect Budget Deliberation dates of December 9 and 10, 2025."
2025-05-06,Public Council,J.1,Development Variance Permit Application for 17612 Ford Road Detour,Main motion,Carried,7,0,0,,,In favour,In favour,In favour,In favour,In favour,In favour,In favour,Development; Business & economy,,,,https://pub-pittmeadows.escribemeetings.com/filestream.ashx?DocumentId=18436,https://pub-pittmeadows.escribemeetings.com/Players/ISIStandAlonePlayer.aspx?Id=9282914a-4941-4cbe-bcdf-1d5648b7e6b2,https://councilrecord.ca/pittmeadows.html#vote/68z7e9,THAT Council: A. Authorize issuance of Development Variance Permit No. 2025-002 to vary the maximum gross floor area and minimum lot size for a home- based business at 17612 Ford Rd Detour.
2025-05-06,Public Council,J.2,2025 Financial Plan and Utility Fees Bylaws,Main motion,Carried,7,0,0,,,In favour,In favour,In favour,In favour,In favour,In favour,In favour,Taxes & spending; Public services,,,,https://pub-pittmeadows.escribemeetings.com/filestream.ashx?DocumentId=18436,https://pub-pittmeadows.escribemeetings.com/Players/ISIStandAlonePlayer.aspx?Id=9282914a-4941-4cbe-bcdf-1d5648b7e6b2,https://councilrecord.ca/pittmeadows.html#vote/141t0es,"THAT Council: A. Grant first, second, and third readings to the 2025 – 2029 Financial Plan Bylaw No. 3024, 2025; AND B. Grant first, second and third readings to the Drainage System Protection Amendment Bylaw No. 3022, 2025; AND C. Grant first, second and third readings to the Sanitary Sewer and Drainage Amendment Bylaw No. 3020, 2025; AND D. Grant first, second and third readings to the Solid Waste Collection and Disposal Amendment Bylaw No. 3021, 2025; AND E. Grant first, second and third readings to the Waterworks Amendment Bylaw No. 3019, 2025."
2025-05-06,Public Council,J.3,"2025 Annual Tax Rates Bylaw No. 3023, 2025",Main motion,Carried,7,0,0,,,In favour,In favour,In favour,In favour,In favour,In favour,In favour,Taxes & spending,,,,https://pub-pittmeadows.escribemeetings.com/filestream.ashx?DocumentId=18436,https://pub-pittmeadows.escribemeetings.com/Players/ISIStandAlonePlayer.aspx?Id=9282914a-4941-4cbe-bcdf-1d5648b7e6b2,https://councilrecord.ca/pittmeadows.html#vote/1o68u9w,"THAT Council: A. Grant first, second and third readings to the 2025 Annual Tax Rates Bylaw No. 3023, 2025."
2025-05-06,Public Council,J.4,"1971 – 1981 Financial Bylaws Repeal Bylaw No. 3009, 2025",Main motion,Carried,7,0,0,,,In favour,In favour,In favour,In favour,In favour,In favour,In favour,Taxes & spending,,,,https://pub-pittmeadows.escribemeetings.com/filestream.ashx?DocumentId=18436,https://pub-pittmeadows.escribemeetings.com/Players/ISIStandAlonePlayer.aspx?Id=9282914a-4941-4cbe-bcdf-1d5648b7e6b2,https://councilrecord.ca/pittmeadows.html#vote/1shl6ll,"THAT Council: A. Grant first, second and third readings to the “1971 - 1981 Financial Bylaws Repeal Bylaw No. 3009, 2025” to repeal expired or otherwise obsolete financial bylaws, as presented at the May 6, 2025 Council Meeting."
2025-05-13,Public Council,E.1,2025 Financial Plan & Utility Fees Bylaws,Main motion,Carried,7,0,0,,,In favour,In favour,In favour,In favour,In favour,In favour,In favour,Taxes & spending; Public services,,,,https://pub-pittmeadows.escribemeetings.com/filestream.ashx?DocumentId=18437,https://pub-pittmeadows.escribemeetings.com/Players/ISIStandAlonePlayer.aspx?Id=6fcd05e4-96d6-4e37-80b4-b4d434b7c6d8,https://councilrecord.ca/pittmeadows.html#vote/1ahzhnh,"THAT Council: A. Adopt the 2025 – 2029 Financial Plan Bylaw No. 3024, 2025; AND B. Adopt the Drainage System Protection Amendment Bylaw No. 3022, 2025; AND C. Adopt the Sanitary Sewer and Drainage Amendment Bylaw No. 3020, 2025; AND D. Adopt the Solid Waste Collection and Disposal Amendment Bylaw No. 3021, 2025; AND E. Adopt the Waterworks Amendment Bylaw No. 3019, 2025."
2025-05-13,Public Council,E.2,"2025 Annual Tax Rates Bylaw No. 3023, 2025",Main motion,Carried,7,0,0,,,In favour,In favour,In favour,In favour,In favour,In favour,In favour,Taxes & spending,,,,https://pub-pittmeadows.escribemeetings.com/filestream.ashx?DocumentId=18437,https://pub-pittmeadows.escribemeetings.com/Players/ISIStandAlonePlayer.aspx?Id=6fcd05e4-96d6-4e37-80b4-b4d434b7c6d8,https://councilrecord.ca/pittmeadows.html#vote/iy5c1t,"THAT Council: A. Adopt the 2025 Annual Tax Rates Bylaw No. 3023, 2025."
2025-05-27,Public Council,H,CONSENT AGENDA,Main motion,Carried,7,0,0,,,In favour,In favour,In favour,In favour,In favour,In favour,In favour,Housing & density; Governance & elections,,,,https://pub-pittmeadows.escribemeetings.com/filestream.ashx?DocumentId=18464,https://pub-pittmeadows.escribemeetings.com/Players/ISIStandAlonePlayer.aspx?Id=d23ab0e8-cfde-4e5b-8deb-22b0e9785c6e,https://councilrecord.ca/pittmeadows.html#vote/etl08e,"THAT the following items be received into the record: H.1 2025 Lower Mainland Local Government Association [LMLGA] Resolution H.2 Rental Housing Blueprint: Digitally Accelerated Standardized Housing (DASH) Recommendations H.3 Bill 15 – Infrastructure Projects Act Items H.1 and H.3 were PULLED for discussion. Following the discussion, the question was called on the main motion and it was:"
2025-05-27,Public Council,I.1,Sole-Source Equipment Purchase – Gradall Excavator,Main motion,Carried,7,0,0,,,In favour,In favour,In favour,In favour,In favour,In favour,In favour,Taxes & spending,,,,https://pub-pittmeadows.escribemeetings.com/filestream.ashx?DocumentId=18464,https://pub-pittmeadows.escribemeetings.com/Players/ISIStandAlonePlayer.aspx?Id=d23ab0e8-cfde-4e5b-8deb-22b0e9785c6e,https://councilrecord.ca/pittmeadows.html#vote/s9dqj0,"THAT Council: A. Approve the sole-source procurement of a replacement Gradall Excavator from Cubex Ltd. in the amount of $937,423.79 (excluding GST and any applicable tariffs); AND B. Approve an additional budget of up to $286,600 funded from the Road Use Levies Reserve to accommodate for a potential cost overage."
2025-05-27,Public Council,J.1,"1971 – 1981 Financial Bylaws Repeal Bylaw No. 3009, 2025",Main motion,Carried,7,0,0,,,In favour,In favour,In favour,In favour,In favour,In favour,In favour,Other,,,,https://pub-pittmeadows.escribemeetings.com/filestream.ashx?DocumentId=18464,https://pub-pittmeadows.escribemeetings.com/Players/ISIStandAlonePlayer.aspx?Id=d23ab0e8-cfde-4e5b-8deb-22b0e9785c6e,https://councilrecord.ca/pittmeadows.html#vote/edlpxh,"THAT Council: A. Adopt the “1971 - 1981 Financial Bylaws Repeal Bylaw No. 3009, 2025” to repeal expired or otherwise obsolete financial bylaws, as presented at the May 27, 2025 Council Meeting."
2025-06-03,Public Council,G.1,"2025 Hazard, Risk and Vulnerability Assessment [HRVA]",Main motion,Carried,7,0,0,,,In favour,In favour,In favour,In favour,In favour,In favour,In favour,Environment & climate; Public services,,,,https://pub-pittmeadows.escribemeetings.com/filestream.ashx?DocumentId=18523,https://pub-pittmeadows.escribemeetings.com/Players/ISIStandAlonePlayer.aspx?Id=806b89cc-714d-41a2-a6f5-3ddb02fd4f61,https://councilrecord.ca/pittmeadows.html#vote/1bmc7hz,"THAT Council: A. Receive for information the ‘Pitt Meadows 2025 Hazard, Risk and Vulnerability Assessment’ as presented by Ernie Polsom, CEO, FireWise Consulting Ltd., at the June 3, 2025 Council Meeting."
2025-06-03,Public Council,H,CONSENT AGENDA,Main motion,Carried,7,0,0,,,In favour,In favour,In favour,In favour,In favour,In favour,In favour,Housing & density; Environment & climate; Governance & elections,,,,https://pub-pittmeadows.escribemeetings.com/filestream.ashx?DocumentId=18523,https://pub-pittmeadows.escribemeetings.com/Players/ISIStandAlonePlayer.aspx?Id=806b89cc-714d-41a2-a6f5-3ddb02fd4f61,https://councilrecord.ca/pittmeadows.html#vote/d6pi2p,"THAT the following item be received into the record: H.1 Notif ication of the City of Pitt Meadows Selection for Housing Targets Assessment Council members participated in a roundtable discussion. Following the discussion, the question was then called on the main motion and it was:"
2025-06-03,Public Council,I.1,Perimeter Frontage Waiver for 20160 Old Dewdney Trunk Road,Main motion,Carried,7,0,0,,,In favour,In favour,In favour,In favour,In favour,In favour,In favour,Development,,,,https://pub-pittmeadows.escribemeetings.com/filestream.ashx?DocumentId=18523,https://pub-pittmeadows.escribemeetings.com/Players/ISIStandAlonePlayer.aspx?Id=806b89cc-714d-41a2-a6f5-3ddb02fd4f61,https://councilrecord.ca/pittmeadows.html#vote/2ewgmn,"THAT Council: A. Waive the 10% lot perimeter frontage requirement in accordance w ith Local Government Act s. 512(2) for Proposed Lot 2 as shown on the subdivision plan for 20160 Old Dewdney Trunk Rd., prepared by Wade & Associates Land Surveying Ltd., and dated March 25, 2025."
2025-06-03,Public Council,I.2,School District No. 42 Eligible School Sites P roposal,Main motion,Carried,7,0,0,,,In favour,In favour,In favour,In favour,In favour,In favour,In favour,Governance & elections,,,,https://pub-pittmeadows.escribemeetings.com/filestream.ashx?DocumentId=18523,https://pub-pittmeadows.escribemeetings.com/Players/ISIStandAlonePlayer.aspx?Id=806b89cc-714d-41a2-a6f5-3ddb02fd4f61,https://councilrecord.ca/pittmeadows.html#vote/vdszdr,"THAT Council: A. Accept School District 42 Board of Education’s resolution of proposed eligible school site requirements as outlined in their correspondence dated May 15, 2025."
2025-06-03,Public Council,I.3,2025 First Quarter Report to the Community,Main motion,Carried,7,0,0,,,In favour,In favour,In favour,In favour,In favour,In favour,In favour,Other,,,,https://pub-pittmeadows.escribemeetings.com/filestream.ashx?DocumentId=18523,https://pub-pittmeadows.escribemeetings.com/Players/ISIStandAlonePlayer.aspx?Id=806b89cc-714d-41a2-a6f5-3ddb02fd4f61,https://councilrecord.ca/pittmeadows.html#vote/b3eifi,"THAT Council: A. Receive for information the “2025 First Quarter Report to the Community” Staff Report as presented at the June 3, 2025 Public Council Meeting."
2025-06-03,Public Council,I.4,E - Comm 2025 Annual General Meeting of Shareholders,Main motion,Carried,7,0,0,,,In favour,In favour,In favour,In favour,In favour,In favour,In favour,Governance & elections,,,,https://pub-pittmeadows.escribemeetings.com/filestream.ashx?DocumentId=18523,https://pub-pittmeadows.escribemeetings.com/Players/ISIStandAlonePlayer.aspx?Id=806b89cc-714d-41a2-a6f5-3ddb02fd4f61,https://councilrecord.ca/pittmeadows.html#vote/wcsxdl,"THAT Council: A. As a shareholder of E - Comm, affirm their vote in favour of all proposed resolutions for the June 25, 2025 E - Comm Annual General Meeting of Shareholders, as outlined in the Notice of AGM and as presented to Council at the June 3, 2025 Council Meeting; AND B. Appoint CAO, Mark Roberts as the City’s authorized representative for the purposes of the E - Comm AGM, and direct the CAO to sign and submit the Form of Proxy indicating Council’s endorsement of all recommended motio ns and appointing Doug Campbell, E - Comm Board Chair, as the City’s proxyholder."
2025-06-24,Public Council,H,CONSENT AGENDA,Main motion,Carried,6,0,1,,,In favour,In favour,Absent,In favour,In favour,In favour,In favour,Business & economy; Governance & elections,,,,https://pub-pittmeadows.escribemeetings.com/filestream.ashx?DocumentId=18561,https://pub-pittmeadows.escribemeetings.com/Players/ISIStandAlonePlayer.aspx?Id=26a660b6-6373-450e-939c-8b76d3da44df,https://councilrecord.ca/pittmeadows.html#vote/vxb7q0,"THAT the following items be received into the record: H.1 Support for Small Businesses Affected by Commercial Rent Increases H.2 Metro Vancouver Board Governance Review H.3 Office of the Ombudsperson Quarterly Report Items H.1 and H.2 were PULLED for discussion. Following the discussion, the question was called on the main motion and it was:"
2025-06-24,Public Council,I.1,Agricultural Viability Strategy Implementation Update and Agricultural Survey Results,Main motion,Carried,6,0,1,,,In favour,In favour,Absent,In favour,In favour,In favour,In favour,Business & economy,,,,https://pub-pittmeadows.escribemeetings.com/filestream.ashx?DocumentId=18561,https://pub-pittmeadows.escribemeetings.com/Players/ISIStandAlonePlayer.aspx?Id=26a660b6-6373-450e-939c-8b76d3da44df,https://councilrecord.ca/pittmeadows.html#vote/1wjlob,"THAT Council: A. Receive for information the report titled “Agricultural Viability Strategy Implementation Update and Agricultural Survey Results” as presented at the June 24, 2025 Council Meeting ."
2025-06-24,Public Council,I.2,Harris Rd South – GEBP4000 Retaining Wall Encroachment Agreement,Main motion,Carried,6,0,1,,,In favour,In favour,Absent,In favour,In favour,In favour,In favour,Other,,,,https://pub-pittmeadows.escribemeetings.com/filestream.ashx?DocumentId=18561,https://pub-pittmeadows.escribemeetings.com/Players/ISIStandAlonePlayer.aspx?Id=26a660b6-6373-450e-939c-8b76d3da44df,https://councilrecord.ca/pittmeadows.html#vote/1cee2w6,"THAT Council: A. Approve the Retaining Wall Encroachment Agreement as presented at the June 24, 2025 Council meeting; AND B. Authorize staff to finalize, execute and file the agreement on behalf of the City ."
2025-06-24,Public Council,I.3,2024 Statement of Financial Information (SOFI),Main motion,Carried,6,0,1,,,In favour,In favour,Absent,In favour,In favour,In favour,In favour,Taxes & spending,,,,https://pub-pittmeadows.escribemeetings.com/filestream.ashx?DocumentId=18561,https://pub-pittmeadows.escribemeetings.com/Players/ISIStandAlonePlayer.aspx?Id=26a660b6-6373-450e-939c-8b76d3da44df,https://councilrecord.ca/pittmeadows.html#vote/izptpy,"THAT Council: A. Approve the City’s 2024 Statement of Financial Information as presented at the June 24, 2025 Public Council Meeting , for submission to the Ministry of Municipal Affairs by June 30, 2025 and for availability to the public ."
2025-06-24,Public Council,I.5,2025 UBCM Convention – Meetings with Provincial Ministers,Main motion,Carried,6,0,1,,,In favour,In favour,Absent,In favour,In favour,In favour,In favour,Transportation; Parks & recreation; Governance & elections,,,,https://pub-pittmeadows.escribemeetings.com/filestream.ashx?DocumentId=18561,https://pub-pittmeadows.escribemeetings.com/Players/ISIStandAlonePlayer.aspx?Id=26a660b6-6373-450e-939c-8b76d3da44df,https://councilrecord.ca/pittmeadows.html#vote/1315zsn,"THAT Council: A. Direct staff to submit the following prioritized requests for meetings with Provincial Cabinet Ministers during the 2025 UBCM Convention: 1. The Hon. Mike Farnworth, Minister of Transportation and Transit, regarding continued support and advocacy for the successful implementation of the Harris Road grade separation; AND 2. The Hon. Randene Neill, Minister of Water, Land and Resource Stewardship, regarding support (budget and resources) for the water licensing program and to work collaboratively with the City to address the irrigation challenges to support the future viability of farming; AND 3. The Hon. Lana Popham, Minister of Agriculture and Food, regarding collaboration to support agricultural viability and food security in Pitt Meadows, and to identify additional opport unities to enhance this collaboration; AND 4. The Hon. Kelly Greene, Minister of Emergency Management and Climate Readiness, regarding continued provincial support for climate action in Pitt Meadows; AND 5. The Hon. Ravi Kahlon, Minister of Housing and Municipal Affairs, regarding identifying opportunities for enhanced cross - Ministry collaboration to address housing and other challenges in Pitt Meadows; AND 6. The Hon. Diana Gibson, Minister of Jobs, Economic Development and Innovation, regarding support for small b usinesses through greater stability and predictability in commercial leasing ; AND B. Direct staff to prepare discussion papers for each requested meeting outlining relevant background information and any specific requests; AND C. Direct staff to invite representation from q̓ic̓ ə y̓ (Katzie) First Nation to join Council for the above meetings as available; AND D. Direct staff to invite Minister Lisa Beare to join Council for the above meetings as available; AND E. Direct staff to prepare a letter to The Hon. Lis a Beare, Minister of Education & Child Care, regarding concerns raised by the BC Nurses Union who are experiencing childcare inequities."
2025-06-24,Public Council,J.1,2024 – 2028 Financial Plan Bylaw Amendment,Main motion,Carried,6,0,1,,,In favour,In favour,Absent,In favour,In favour,In favour,In favour,Taxes & spending,,,,https://pub-pittmeadows.escribemeetings.com/filestream.ashx?DocumentId=18561,https://pub-pittmeadows.escribemeetings.com/Players/ISIStandAlonePlayer.aspx?Id=26a660b6-6373-450e-939c-8b76d3da44df,https://councilrecord.ca/pittmeadows.html#vote/16d94sq,"THAT Council: A. Grant first, second and third readings to the 2024 – 2028 Financial Plan Amendment Bylaw No. 3027, 2025 as presented at the June 24, 2025 Council Meeting ."
2025-06-24,Public Council,J.2,Financial Services Tax Prepayment Plan Bylaw,Main motion,Carried,6,0,1,,,In favour,In favour,Absent,In favour,In favour,In favour,In favour,Taxes & spending,,,,https://pub-pittmeadows.escribemeetings.com/filestream.ashx?DocumentId=18561,https://pub-pittmeadows.escribemeetings.com/Players/ISIStandAlonePlayer.aspx?Id=26a660b6-6373-450e-939c-8b76d3da44df,https://councilrecord.ca/pittmeadows.html#vote/j2wkg6,"THAT Council: A. Grant first, second, and third readings to the “Tax Prepayment Plan Bylaw No. 3026, 2025”, as presented at the June 24, 2025 Council Meeting ."
2025-07-08,Public Council,H,CONSENT AGENDA,Main motion,Carried,7,0,0,,,In favour,In favour,In favour,In favour,In favour,In favour,In favour,Public services,,,,https://pub-pittmeadows.escribemeetings.com/filestream.ashx?DocumentId=18664,https://pub-pittmeadows.escribemeetings.com/Players/ISIStandAlonePlayer.aspx?Id=430fafa1-3bdd-46a2-8743-11dda8e47654,https://councilrecord.ca/pittmeadows.html#vote/t06627,THAT the following item be received into the record: H.1 Childcare Support for Healthcare Professionals and First Responders
2025-07-08,Public Council,J.1,2025 Police Services Fees Update,Main motion,Carried,7,0,0,,,In favour,In favour,In favour,In favour,In favour,In favour,In favour,Taxes & spending; Environment & climate; Public services,,,,https://pub-pittmeadows.escribemeetings.com/filestream.ashx?DocumentId=18664,https://pub-pittmeadows.escribemeetings.com/Players/ISIStandAlonePlayer.aspx?Id=430fafa1-3bdd-46a2-8743-11dda8e47654,https://councilrecord.ca/pittmeadows.html#vote/1jag2fo,"THAT Council: A. Grant first, second and third readings to the new ""City of Pitt Meadows Police Services Fee Setting Bylaw No. 3017, 2025"" to reflect updated service fe es and ensure alignment with current service agreements while establishing an autonomous fee structure."
2025-07-08,Public Council,J.2,New Security Alarm Systems Bylaw,Main motion,Carried,7,0,0,,,In favour,In favour,In favour,In favour,In favour,In favour,In favour,Taxes & spending; Governance & elections,,,,https://pub-pittmeadows.escribemeetings.com/filestream.ashx?DocumentId=18664,https://pub-pittmeadows.escribemeetings.com/Players/ISIStandAlonePlayer.aspx?Id=430fafa1-3bdd-46a2-8743-11dda8e47654,https://councilrecord.ca/pittmeadows.html#vote/qe7coo,"THAT Council: A. Grant first, second and third readings to ""Security Alarm Systems Bylaw No. 3018, 2025” to incorporate general housekeeping amendments, as presented at the June 24, 2025 Council Meeting."
2025-07-08,Public Council,J.3,2024 - 2028 Financial Plan Bylaw Amendment,Main motion,Carried,7,0,0,,,In favour,In favour,In favour,In favour,In favour,In favour,In favour,Taxes & spending,,,,https://pub-pittmeadows.escribemeetings.com/filestream.ashx?DocumentId=18664,https://pub-pittmeadows.escribemeetings.com/Players/ISIStandAlonePlayer.aspx?Id=430fafa1-3bdd-46a2-8743-11dda8e47654,https://councilrecord.ca/pittmeadows.html#vote/q7qztw,"THAT Council: A. Adopt the 2024 – 2028 Financial Plan Amendment Bylaw No. 3027, 2025, as presented at the June 24, 2025, Council Meeting."
2025-07-08,Public Council,J.4,Financial Services Tax Prepayment Plan,Main motion,Carried,7,0,0,,,In favour,In favour,In favour,In favour,In favour,In favour,In favour,Taxes & spending,,,,https://pub-pittmeadows.escribemeetings.com/filestream.ashx?DocumentId=18664,https://pub-pittmeadows.escribemeetings.com/Players/ISIStandAlonePlayer.aspx?Id=430fafa1-3bdd-46a2-8743-11dda8e47654,https://councilrecord.ca/pittmeadows.html#vote/c1bfqo,"T HAT Council: A. Adopt the Tax Prepayment Plan Bylaw No. 3026, 2025, as presented at the June 24, 2025, Council Meeting."
2025-07-22,Public Council,H,CONSENT AGENDA,Main motion,Carried,7,0,0,,,In favour,In favour,In favour,In favour,In favour,In favour,In favour,Transportation; Environment & climate,,,,https://pub-pittmeadows.escribemeetings.com/filestream.ashx?DocumentId=18724,https://pub-pittmeadows.escribemeetings.com/Players/ISIStandAlonePlayer.aspx?Id=14d19abb-e217-4729-bda0-45f5b067ee7f,https://councilrecord.ca/pittmeadows.html#vote/lnc06e,"THAT the following items be received into the record: H.1 Harris Road Grade Separation and Next Steps H.2 Request for Update on Ridge - Meadows Post - Secondary Feasibility Study Council members participated in a roundtable discussion. Following the discussion, the question was called on the main motion and it was:"
2025-07-22,Public Council,I.1,Rail Monitoring & Alert System - Update,Main motion,Carried,6,1,0,,,In favour,In favour,In favour,In favour,Against,In favour,In favour,Transportation; Environment & climate; Governance & elections,,,,https://pub-pittmeadows.escribemeetings.com/filestream.ashx?DocumentId=18724,https://pub-pittmeadows.escribemeetings.com/Players/ISIStandAlonePlayer.aspx?Id=14d19abb-e217-4729-bda0-45f5b067ee7f,https://councilrecord.ca/pittmeadows.html#vote/1m43sp4,"THAT Council: A. Rescind Council’s decision as captured in Resolution A for Item G.2.3 of the Minutes of the December 9, 2024 Special (Public) Meeting of Pitt Meadows City Council regarding the Harris Road rail monitoring & alert system; AND B. Direct staff to proceed with procurement of the rail monitori ng / alert system at the Harris Road rail crossing with $40,000 funded from the General Operating Reserve and $115,000 funded from the Road Use Levy Reserve."
2025-07-22,Public Council,I.2,Human Resources Strategic Plan,Main motion,Carried,7,0,0,,,In favour,In favour,In favour,In favour,In favour,In favour,In favour,Governance & elections,,,,https://pub-pittmeadows.escribemeetings.com/filestream.ashx?DocumentId=18724,https://pub-pittmeadows.escribemeetings.com/Players/ISIStandAlonePlayer.aspx?Id=14d19abb-e217-4729-bda0-45f5b067ee7f,https://councilrecord.ca/pittmeadows.html#vote/dskf2n,"THAT Council: A. Receive for information the 2025 H uman Resources Department Strategic Plan as presented at the July 22, 2025 Council Meeting ."
2025-07-22,Public Council,I.3,Review of Exterior Lighting Regulations,Main motion,Carried,7,0,0,,,In favour,In favour,In favour,In favour,In favour,In favour,In favour,Other,,,,https://pub-pittmeadows.escribemeetings.com/filestream.ashx?DocumentId=18724,https://pub-pittmeadows.escribemeetings.com/Players/ISIStandAlonePlayer.aspx?Id=14d19abb-e217-4729-bda0-45f5b067ee7f,https://councilrecord.ca/pittmeadows.html#vote/5q08zl,"THAT Council: A. Receive for information the report “Review of Exterior Lighting Regulations” as presented at the July 22, 2025, Council Meeting ."
2025-07-22,Public Council,I.4,Q3 2025 Strategic Priorities Quarterly Report,Main motion,Carried,7,0,0,,,In favour,In favour,In favour,In favour,In favour,In favour,In favour,Other,,,,https://pub-pittmeadows.escribemeetings.com/filestream.ashx?DocumentId=18724,https://pub-pittmeadows.escribemeetings.com/Players/ISIStandAlonePlayer.aspx?Id=14d19abb-e217-4729-bda0-45f5b067ee7f,https://councilrecord.ca/pittmeadows.html#vote/52su7v,"THAT Council: A. Approve the operational strategies for Q3 2025 as presented to Council on July 22, 2025."
2025-07-22,Public Council,I.5,Liquor Licence Amendment Application for Swaneset Bay Resort Golf and Country Club,Main motion,Carried,7,0,0,,,In favour,In favour,In favour,In favour,In favour,In favour,In favour,Neighbourhood character; Public services; Business & economy,,,,https://pub-pittmeadows.escribemeetings.com/filestream.ashx?DocumentId=18724,https://pub-pittmeadows.escribemeetings.com/Players/ISIStandAlonePlayer.aspx?Id=14d19abb-e217-4729-bda0-45f5b067ee7f,https://councilrecord.ca/pittmeadows.html#vote/1sa0d9j,"THAT Council: A. Recommend to the Liquor and Cannabis Regulation Branch that the following licence amendments be approved for Swaneset Bay Resort Golf and Country Club: 1. Food Primary Licence #157462 i. Extend service hours from 9:00am to 1:00am daily ii. Add Patron Participation Endorsement 2. Liquor Primary Licence #157457 i. Extend service hours from 9:00am to 1:00am daily; AND B. Direct staff to forward to the Liquor and Cannabis Regulation Branch the written comments attached to the report titled “Liquor Licence Amendment Application for Swaneset Bay Resort Golf and Country Club” as presented to Council on July 22, 2025 ."
2025-07-22,Public Council,I.6,Active Transportation Grant Summary,Main motion,Carried,7,0,0,,,In favour,In favour,In favour,In favour,In favour,In favour,In favour,Taxes & spending; Transportation; Parks & recreation,,,,https://pub-pittmeadows.escribemeetings.com/filestream.ashx?DocumentId=18724,https://pub-pittmeadows.escribemeetings.com/Players/ISIStandAlonePlayer.aspx?Id=14d19abb-e217-4729-bda0-45f5b067ee7f,https://councilrecord.ca/pittmeadows.html#vote/c9ovcb,"THAT Council: A. Receive for information the ""Active Transportation Grant Summary"" Staff Report as presented at the July 22, 2025, Council Meeting."
2025-07-22,Public Council,I.7,"Repeal of Council Policies C16, C17 and E31",Main motion,Carried,7,0,0,,,In favour,In favour,In favour,In favour,In favour,In favour,In favour,Parks & recreation; Business & economy,,,,https://pub-pittmeadows.escribemeetings.com/filestream.ashx?DocumentId=18724,https://pub-pittmeadows.escribemeetings.com/Players/ISIStandAlonePlayer.aspx?Id=14d19abb-e217-4729-bda0-45f5b067ee7f,https://councilrecord.ca/pittmeadows.html#vote/rf7lwl,"THAT Council: A. Repeal Council Policies C16 [Business C ard Ads in Support of Groups, Sports, Schools], C17 [Dealing with Claims After Settling] and E31 [Bylaw Infraction Disputes] as presented at the July 22, 2025, Council Meeting."
2025-07-22,Public Council,J.1,Fill Deposit Application for 17545 Ford Road D etour,Main motion,Carried,7,0,0,,,In favour,In favour,In favour,In favour,In favour,In favour,In favour,Development,,,,https://pub-pittmeadows.escribemeetings.com/filestream.ashx?DocumentId=18724,https://pub-pittmeadows.escribemeetings.com/Players/ISIStandAlonePlayer.aspx?Id=14d19abb-e217-4729-bda0-45f5b067ee7f,https://councilrecord.ca/pittmeadows.html#vote/l3ne1f,"THAT Council: A. Authorize the issuance of a retroactive soil removal and fill deposit per mit, including approval for the additional proposed fill required for the construction of a single - family dwelling at 17545 Ford Road Detour, as presented at the July 22, 2025, Regular Council Meeting, subject to the following conditions: 1. The conditions be low being satisfied prior to the issuance of the permit: i. Issuance of a Highway Use Permit for hauling of fill, prohibiting roadside parking or staging; AND ii. Issuance of a Development Permit Area 2: Riparian Areas; AND 2. The conditions below forming part of th e permit: i. The permanent fill placement activities are restricted to an area of 1,200m ; AND ii. The total allowed volume of material to be placed is limited to 620 m of permanent structural fill; AND iii. The total allowed volume of preload material to be temporarily stored on site for 8 - 12 weeks is 3545 m ."
2025-07-22,Public Council,J.2,"1982 – 1989 Financial Bylaws Repeal Bylaw No. 3010, 2025",Main motion,Carried,7,0,0,,,In favour,In favour,In favour,In favour,In favour,In favour,In favour,Taxes & spending,,,,https://pub-pittmeadows.escribemeetings.com/filestream.ashx?DocumentId=18724,https://pub-pittmeadows.escribemeetings.com/Players/ISIStandAlonePlayer.aspx?Id=14d19abb-e217-4729-bda0-45f5b067ee7f,https://councilrecord.ca/pittmeadows.html#vote/1e3nzqf,"THAT Council: A. Grant first, se cond and third readings to the “1982 – 1989 Financial Bylaws Repeal Bylaw No. 3010, 2025” as presented at the July 22, 2025, Council Meeting."
2025-07-22,Public Council,J.3,"Police Services Fee Setting Bylaw No. 3017, 2025",Main motion,Carried,7,0,0,,,In favour,In favour,In favour,In favour,In favour,In favour,In favour,Public services,,,,https://pub-pittmeadows.escribemeetings.com/filestream.ashx?DocumentId=18724,https://pub-pittmeadows.escribemeetings.com/Players/ISIStandAlonePlayer.aspx?Id=14d19abb-e217-4729-bda0-45f5b067ee7f,https://councilrecord.ca/pittmeadows.html#vote/13uysoz,"THAT Council: A. Adopt the Police Services Fee Setting Bylaw No. 3017, 2025."
2025-07-22,Public Council,J.4,"Security Alarm Systems Bylaw No. 3018, 2025",Main motion,Carried,7,0,0,,,In favour,In favour,In favour,In favour,In favour,In favour,In favour,Other,,,,https://pub-pittmeadows.escribemeetings.com/filestream.ashx?DocumentId=18724,https://pub-pittmeadows.escribemeetings.com/Players/ISIStandAlonePlayer.aspx?Id=14d19abb-e217-4729-bda0-45f5b067ee7f,https://councilrecord.ca/pittmeadows.html#vote/ylozic,"THAT Council: A. Adopt the Security Alarm Systems Bylaw No. 3018, 2025."
2025-09-09,Public Council,G,CONSENT AGENDA,Main motion,Carried,7,0,0,,,In favour,In favour,In favour,In favour,In favour,In favour,In favour,Housing & density; Transportation; Environment & climate; Parks & recreation; Public services,,,,https://pub-pittmeadows.escribemeetings.com/filestream.ashx?DocumentId=18788,https://pub-pittmeadows.escribemeetings.com/Players/ISIStandAlonePlayer.aspx?Id=b1282993-0326-49db-b4e1-a2cabbf3fbae,https://councilrecord.ca/pittmeadows.html#vote/1ejj7ip,THAT the following items be received into the record: G.1 Correspondence from Minister of Transport re: Harris Road Rail Crossing G.2 Housing Target Order G.2.1 City of Pitt Meadows Media Release G.3 Childcare Support for Healthcare Professionals and Firs t Responders G.4 Support for Small Businesses G.5 Prostate Cancer Awareness Month
2025-09-09,Public Council,H.1,City of Pitt Me adows Complete Communities Assessment,Referral,Carried,7,0,0,,,In favour,In favour,In favour,In favour,In favour,In favour,In favour,Governance & elections,,,,https://pub-pittmeadows.escribemeetings.com/filestream.ashx?DocumentId=18788,https://pub-pittmeadows.escribemeetings.com/Players/ISIStandAlonePlayer.aspx?Id=b1282993-0326-49db-b4e1-a2cabbf3fbae,https://councilrecord.ca/pittmeadows.html#vote/gjxayd,"THAT Council: A. Receive for information the “Complete Communities Assessment Report” as presented at the September 9, 2025 Regular Council Meeting; AND B. Refer the report to a future Engagement and Priorities Committee Meeting ."
2025-09-09,Public Council,H.2,Climate Action Strategy,Main motion,Carried,7,0,0,,,In favour,In favour,In favour,In favour,In favour,In favour,In favour,Taxes & spending; Environment & climate,,,,https://pub-pittmeadows.escribemeetings.com/filestream.ashx?DocumentId=18788,https://pub-pittmeadows.escribemeetings.com/Players/ISIStandAlonePlayer.aspx?Id=b1282993-0326-49db-b4e1-a2cabbf3fbae,https://councilrecord.ca/pittmeadows.html#vote/11qv98d,"THAT Council: A. Endorse the “Climate Action Strategy” as presented at the September 9, 2025 Regular Council Meeting; AND B. Direct staff to seek funding and grant opportunities to implement the “Climate Action Strategy”."
2025-09-09,Public Council,I,BYLAWS & PERMITS,Main motion,Carried,7,0,0,,,In favour,In favour,In favour,In favour,In favour,In favour,In favour,Development; Taxes & spending; Environment & climate,,,,https://pub-pittmeadows.escribemeetings.com/filestream.ashx?DocumentId=18788,https://pub-pittmeadows.escribemeetings.com/Players/ISIStandAlonePlayer.aspx?Id=b1282993-0326-49db-b4e1-a2cabbf3fbae,https://councilrecord.ca/pittmeadows.html#vote/6delbr,"THAT Council: A. Grant first and second readings to Zoning Text Amendment Bylaw No. 3031, 2025 to permit a new child daycare use at 19800 Lougheed Highway (Meadowtown Shopping Centre); AND B. Direct staff to schedule a public hearing for an upcoming meeting of Council; AND C. Direct Staff to convey to the applicant potential community interest in seeing non - traditional daycare hours to support shift workers such as healthcare workers."
2025-09-09,Public Council,I.2,"1990 – 2000 Financial Bylaws Repeal Bylaw No. 3011, 2025",Main motion,Carried,7,0,0,,,In favour,In favour,In favour,In favour,In favour,In favour,In favour,Taxes & spending,,,,https://pub-pittmeadows.escribemeetings.com/filestream.ashx?DocumentId=18788,https://pub-pittmeadows.escribemeetings.com/Players/ISIStandAlonePlayer.aspx?Id=b1282993-0326-49db-b4e1-a2cabbf3fbae,https://councilrecord.ca/pittmeadows.html#vote/1035aku,"THAT Council: A. Grant first, second and third readings to the “1990 - 2000 Financial Bylaws Repeal Bylaw No. 3011, 2025” to repeal expired or otherwise obsolete fina ncial bylaws, as presented at the September 9, 2025 Council Meeting."
2025-09-09,Public Council,I.3,"1982 - 1989 Financial Bylaws Repeal Bylaw No. 3010, 2025",Main motion,Carried,7,0,0,,,In favour,In favour,In favour,In favour,In favour,In favour,In favour,Other,,,,https://pub-pittmeadows.escribemeetings.com/filestream.ashx?DocumentId=18788,https://pub-pittmeadows.escribemeetings.com/Players/ISIStandAlonePlayer.aspx?Id=b1282993-0326-49db-b4e1-a2cabbf3fbae,https://councilrecord.ca/pittmeadows.html#vote/op8w0n,"THAT Council: A. Adopt the ""1982 - 1989 Financial Bylaws Repeal Bylaw No. 3010, 2025” to repeal expired financial bylaws as presented at the July 22, 2025, Council Meeting."
2025-09-16,Public Council,I,CONSENT AGENDA,Main motion,Carried,7,0,0,,,In favour,In favour,In favour,In favour,In favour,In favour,In favour,Governance & elections,,,,https://pub-pittmeadows.escribemeetings.com/filestream.ashx?DocumentId=18856,https://pub-pittmeadows.escribemeetings.com/Players/ISIStandAlonePlayer.aspx?Id=b4e5e560-14d2-4059-934f-f5081266afa6,https://councilrecord.ca/pittmeadows.html#vote/1k0vtdp,THAT the following item be received into the record: I.1 Advocacy for UBCM Resolution
2025-09-16,Public Council,J.1,2025 Second Quarter Report to the Community,Main motion,Carried,7,0,0,,,In favour,In favour,In favour,In favour,In favour,In favour,In favour,Other,,,,https://pub-pittmeadows.escribemeetings.com/filestream.ashx?DocumentId=18856,https://pub-pittmeadows.escribemeetings.com/Players/ISIStandAlonePlayer.aspx?Id=b4e5e560-14d2-4059-934f-f5081266afa6,https://councilrecord.ca/pittmeadows.html#vote/1c3adv9,"THAT Council: A. Receive for information th e “2025 Second Quarter Report to the Community” Staff Report as presented at the September 16, 2025, Public Council Meeting ."
2025-09-16,Public Council,J.2,Grabenhorst Garden: A Woodland Garden of Remembrance,Main motion,Carried,7,0,0,,,In favour,In favour,In favour,In favour,In favour,In favour,In favour,Other,,,,https://pub-pittmeadows.escribemeetings.com/filestream.ashx?DocumentId=18856,https://pub-pittmeadows.escribemeetings.com/Players/ISIStandAlonePlayer.aspx?Id=b4e5e560-14d2-4059-934f-f5081266afa6,https://councilrecord.ca/pittmeadows.html#vote/rjwizv,"THAT Council: A. Receive for information the Sta ff Report titled “Grabenhorst Garden: A Woodland Garden of Remembrance” as presented at the September 16, 2025, Council Meeting."
2025-09-16,Public Council,J.3,Blueberry Festival,Main motion,Carried,7,0,0,,,In favour,In favour,In favour,In favour,In favour,In favour,In favour,Taxes & spending; Parks & recreation,,,,https://pub-pittmeadows.escribemeetings.com/filestream.ashx?DocumentId=18856,https://pub-pittmeadows.escribemeetings.com/Players/ISIStandAlonePlayer.aspx?Id=b4e5e560-14d2-4059-934f-f5081266afa6,https://councilrecord.ca/pittmeadows.html#vote/1ucdcn8,THAT Council: A. Direct staff to prepare a decision package for a blueberry festival as part of the 2026 budget planning process.
2025-09-16,Public Council,K.1,"2001 - 2010 Financial Bylaws Repeal Bylaw No . 3012, 2025",Main motion,Carried,7,0,0,,,In favour,In favour,In favour,In favour,In favour,In favour,In favour,Taxes & spending,,,,https://pub-pittmeadows.escribemeetings.com/filestream.ashx?DocumentId=18856,https://pub-pittmeadows.escribemeetings.com/Players/ISIStandAlonePlayer.aspx?Id=b4e5e560-14d2-4059-934f-f5081266afa6,https://councilrecord.ca/pittmeadows.html#vote/f62cvv,"THAT Council: A. Grant first, second and third readings to the “2001 - 2010 Financial Bylaws Repeal Bylaw No. 3012, 2025” as presented at the September 16, 2025, Council Meeting."
2025-09-16,Public Council,K.2,"1990 - 2000 Financial Bylaws Repeal Bylaw No. 3011, 2025",Main motion,Carried,7,0,0,,,In favour,In favour,In favour,In favour,In favour,In favour,In favour,Other,,,,https://pub-pittmeadows.escribemeetings.com/filestream.ashx?DocumentId=18856,https://pub-pittmeadows.escribemeetings.com/Players/ISIStandAlonePlayer.aspx?Id=b4e5e560-14d2-4059-934f-f5081266afa6,https://councilrecord.ca/pittmeadows.html#vote/1lqm8yh,"THAT Council: A. Adopt the ""1990 - 2000 Financial Bylaws Repeal Bylaw No. 3011, 2025” to repeal expired financial bylaws as presented at the September 16, 2025, Council Meeting ."
2025-10-07,Public Council,G.1,Parks and Facilities Snow and Ice Policy Update,Main motion,Carried,6,0,1,,,In favour,Absent,In favour,In favour,In favour,In favour,In favour,Parks & recreation,,,,https://pub-pittmeadows.escribemeetings.com/filestream.ashx?DocumentId=18995,https://pub-pittmeadows.escribemeetings.com/Players/ISIStandAlonePlayer.aspx?Id=5c5817bb-ddca-49e7-9a7a-f8efcc5f293d,https://councilrecord.ca/pittmeadows.html#vote/6f6h6h,"THAT Council: A. Approve amendments to the Parks and Facilities Snow and Ice Policy C096 as presented at the October 7, 2025 meeting of Council ."
2025-10-07,Public Council,G.2,2026 – 2028 Housing Action Plan,Main motion,Carried,6,0,1,,,In favour,Absent,In favour,In favour,In favour,In favour,In favour,Housing & density,,,,https://pub-pittmeadows.escribemeetings.com/filestream.ashx?DocumentId=18995,https://pub-pittmeadows.escribemeetings.com/Players/ISIStandAlonePlayer.aspx?Id=5c5817bb-ddca-49e7-9a7a-f8efcc5f293d,https://councilrecord.ca/pittmeadows.html#vote/6l1ny,"THAT Council: A. Endorse the “2026 – 2028 Housing Action Plan” as presented at the October 7, 2025 Regular Council Meeting."
2025-10-07,Public Council,G.3,City of Pitt Meadows Accessibility Plan,Main motion,Carried,6,0,1,,,In favour,Absent,In favour,In favour,In favour,In favour,In favour,Environment & climate; Public services,,,,https://pub-pittmeadows.escribemeetings.com/filestream.ashx?DocumentId=18995,https://pub-pittmeadows.escribemeetings.com/Players/ISIStandAlonePlayer.aspx?Id=5c5817bb-ddca-49e7-9a7a-f8efcc5f293d,https://councilrecord.ca/pittmeadows.html#vote/j4k0uv,"THA T Council: A. Endorse the “City of Pitt Meadows Accessibility Plan 2025” as presented at the October 7, 2025 Regular Council Meeting."
2025-10-07,Public Council,G.4,Q4 2025 Strategic Priorities Quarterly Report,Main motion,Carried,6,0,1,,,In favour,Absent,In favour,In favour,In favour,In favour,In favour,Other,,,,https://pub-pittmeadows.escribemeetings.com/filestream.ashx?DocumentId=18995,https://pub-pittmeadows.escribemeetings.com/Players/ISIStandAlonePlayer.aspx?Id=5c5817bb-ddca-49e7-9a7a-f8efcc5f293d,https://councilrecord.ca/pittmeadows.html#vote/1rmgwe4,"THAT Council: A. Approve the operational strategies for Q4 2025 as presented to Council on October 7, 2025."
2025-10-07,Public Council,H.1,"Soil Deposit & Removal Bylaw No. 3000, 2024",Main motion,Carried,6,0,1,,,In favour,Absent,In favour,In favour,In favour,In favour,In favour,Development,,,,https://pub-pittmeadows.escribemeetings.com/filestream.ashx?DocumentId=18995,https://pub-pittmeadows.escribemeetings.com/Players/ISIStandAlonePlayer.aspx?Id=5c5817bb-ddca-49e7-9a7a-f8efcc5f293d,https://councilrecord.ca/pittmeadows.html#vote/1vp8npl,"THAT Council: A. Adopt the Soil Deposit and Removal Bylaw No. 3000, 2024, as presented at the October 7, 2025, Council Meeting."
2025-10-07,Public Council,H.2,"2001 - 2010 Financial Bylaws Repeal Bylaw No. 3012, 2025",Main motion,Carried,6,0,1,,,In favour,Absent,In favour,In favour,In favour,In favour,In favour,Other,,,,https://pub-pittmeadows.escribemeetings.com/filestream.ashx?DocumentId=18995,https://pub-pittmeadows.escribemeetings.com/Players/ISIStandAlonePlayer.aspx?Id=5c5817bb-ddca-49e7-9a7a-f8efcc5f293d,https://councilrecord.ca/pittmeadows.html#vote/1nz7lzz,"THAT Council: A. Adopt the ""2001 - 2010 Financial Bylaws Repeal Bylaw No. 3012, 2025” to repeal expired financial bylaws as presented at the October 7, 2025, Council Meeting."
2025-10-28,Public Council,G.1,Harris Rd Complete Street Feasibility Study – Overview of Final Report and Recommendation,Main motion,Carried,7,0,0,,,In favour,In favour,In favour,In favour,In favour,In favour,In favour,Taxes & spending,,,,https://pub-pittmeadows.escribemeetings.com/filestream.ashx?DocumentId=19048,https://pub-pittmeadows.escribemeetings.com/Players/ISIStandAlonePlayer.aspx?Id=5f8c9c74-0f63-428a-8a6b-10f287014c71,https://councilrecord.ca/pittmeadows.html#vote/qd0dt1,"THAT Council: A. Endorse the recommendations outlined in the final Harris Rd Complete Street Feasibility Study as presented to Council on October 28, 2025, subject to available grant funding and considerations at future business planning; AND B. Support implementation of the initial complete street recommendations as presented at the October 28, 2025 Council meeting, and direct staff to progress design of the following scope in the 2026 workplan: 1. The Multi - use Path and crossing updates on Ha rris Rd from Parkside Trail to the Airport Trail; 2. Upgrades to the Harris Rd and Hammond Rd intersection; 3. Rapid Implementation (Option 4) pilot protected bike lanes from Hammond Rd to Ford Rd; 4. Civic Centre crossing upgrades; AND C. Support various grant applications that would help fund the initial project recommendations."
2025-10-28,Public Council,G.2,Rezoning Application for 11812 Blakely Rd,Main motion,Carried,7,0,0,,,In favour,In favour,In favour,In favour,In favour,In favour,In favour,Housing & density; Development,,,,https://pub-pittmeadows.escribemeetings.com/filestream.ashx?DocumentId=19048,https://pub-pittmeadows.escribemeetings.com/Players/ISIStandAlonePlayer.aspx?Id=5f8c9c74-0f63-428a-8a6b-10f287014c71,https://councilrecord.ca/pittmeadows.html#vote/yg0c46,THAT Council: A. Waive the requirement for the applicant to host a Development Information Meeting regarding the application to rezone the property at 11812 Blakely Rd to permit development of six townhouse units; AND B. Direct staff to draft a bylaw to rezone the property at 11812 Blakely Rd to R - 6 (Urban Residential 6).
2025-10-28,Public Council,H.1,"Official Community Plan Amendment Bylaw No. 3034, 2025",Main motion,Carried,7,0,0,,,In favour,In favour,In favour,In favour,In favour,In favour,In favour,Housing & density; Development; Business & economy,,,,https://pub-pittmeadows.escribemeetings.com/filestream.ashx?DocumentId=19048,https://pub-pittmeadows.escribemeetings.com/Players/ISIStandAlonePlayer.aspx?Id=5f8c9c74-0f63-428a-8a6b-10f287014c71,https://councilrecord.ca/pittmeadows.html#vote/tae8ox,"THAT Council: A. Has, pursuant to Section 473(4) of the Local Government Act, considered the Province of British Columbia’s Proactive Planning Guidance; the Provincial Policy Manual and Site Standards for Small - Scale Multi - Unit Housing; and the Provincial Policy Manual: Transit - Oriented Areas, as outlined in the ""Official Community Plan 2025 Update: Amendment Bylaw No. 3034, 2025” repor t presented at the October 28, 2025 Council meeting, and in that regard, considers that no further consideration of the Provincial Policy Manuals is required at this time; AND B. Grant first and second readings to Official Community Plan Amendment Bylaw No. 3 034, 2025; AND C. Has, pursuant to Section 477(3) of the Local Government Act, considered Official Community Plan Amendment Bylaw No. 3034, 2025 in conjunction with the City’s financial plan and waste management plans, as outlined in the “Official Community P lan 2025 Update: Amendment Bylaw No. 3034, 2025” report presented at the October 28, 2025 Council meeting, and, in that regard, considers that no further consideration of the financial plan and waste management plans is required at this time; AND D. Direct St aff to schedule a public hearing for an upcoming meeting of Council."
2025-10-28,Public Council,H.2,"Development Application Fee Amendment Bylaw No. 3033, 2025",Main motion,Carried,7,0,0,,,In favour,In favour,In favour,In favour,In favour,In favour,In favour,Taxes & spending,,,,https://pub-pittmeadows.escribemeetings.com/filestream.ashx?DocumentId=19048,https://pub-pittmeadows.escribemeetings.com/Players/ISIStandAlonePlayer.aspx?Id=5f8c9c74-0f63-428a-8a6b-10f287014c71,https://councilrecord.ca/pittmeadows.html#vote/mvhw0b,"THAT Council: A. Grant first, second and third readings to Development Application Fee Amendment Bylaw No. 3033, 2025, as presented at the October 28, 2025 Council Meeting, to update existing fees and add a five - year fee schedul e ."
2025-10-28,Public Council,H.3,"2011 – 201 7 Financial Bylaws Repeal Bylaw No. 3013, 2025",Main motion,Carried,7,0,0,,,In favour,In favour,In favour,In favour,In favour,In favour,In favour,Taxes & spending,,,,https://pub-pittmeadows.escribemeetings.com/filestream.ashx?DocumentId=19048,https://pub-pittmeadows.escribemeetings.com/Players/ISIStandAlonePlayer.aspx?Id=5f8c9c74-0f63-428a-8a6b-10f287014c71,https://councilrecord.ca/pittmeadows.html#vote/f9qb82,"THAT Council: A. Grant first, second and third readings to the “2011 - 2017 Financial Bylaws Repeal Bylaw No. 3013, 2025” to repeal expired or otherwise obsolete financial bylaws, as presented at the October 28, 2025 Council Meeting."
2025-11-04,Public Council,H.1,Disposal of Surplus Assets - Council Policy C013 Update,Main motion,Carried,7,0,0,,,In favour,In favour,In favour,In favour,In favour,In favour,In favour,Governance & elections,,,,https://pub-pittmeadows.escribemeetings.com/filestream.ashx?DocumentId=19122,https://pub-pittmeadows.escribemeetings.com/Players/ISIStandAlonePlayer.aspx?Id=cbda7551-a96e-48f5-aa4b-db69ebc04216,https://councilrecord.ca/pittmeadows.html#vote/ve8r1m,"THAT Council: A. Approve the amendments to Council Policy C013 ‘Disposal of Surplus Assets’ as presented at the November 4, 2025, meeting of Council."
2025-11-04,Public Council,H.2,2025 Eight (8) Month Budget Variance Review,Main motion,Carried,7,0,0,,,In favour,In favour,In favour,In favour,In favour,In favour,In favour,Taxes & spending,,,,https://pub-pittmeadows.escribemeetings.com/filestream.ashx?DocumentId=19122,https://pub-pittmeadows.escribemeetings.com/Players/ISIStandAlonePlayer.aspx?Id=cbda7551-a96e-48f5-aa4b-db69ebc04216,https://councilrecord.ca/pittmeadows.html#vote/mzhbla,"THAT Council: A. Direct staff to prepare an amended 2025 - 2029 Financial Plan Bylaw reflective of the information contained in the tables as presented in the ‘2025 Eight Month Budget Variance Review’ Staff Report, dated October 27, 2025."
2025-11-04,Public Council,H.3,Presentation Schedule for the 2026 Corporate Business Plan,Main motion,Carried,7,0,0,,,In favour,In favour,In favour,In favour,In favour,In favour,In favour,Business & economy,,,,https://pub-pittmeadows.escribemeetings.com/filestream.ashx?DocumentId=19122,https://pub-pittmeadows.escribemeetings.com/Players/ISIStandAlonePlayer.aspx?Id=cbda7551-a96e-48f5-aa4b-db69ebc04216,https://councilrecord.ca/pittmeadows.html#vote/flxc21,"THAT Council: A. Receive for information the October 15, 2025 Staff Report titled “Presentation Schedule for the 2026 Corporate Business Plan”."
2025-11-04,Public Council,H.4,2026 Coun cil Meeting Schedule,Main motion,Carried,7,0,0,,,In favour,In favour,In favour,In favour,In favour,In favour,In favour,Governance & elections,,,,https://pub-pittmeadows.escribemeetings.com/filestream.ashx?DocumentId=19122,https://pub-pittmeadows.escribemeetings.com/Players/ISIStandAlonePlayer.aspx?Id=cbda7551-a96e-48f5-aa4b-db69ebc04216,https://councilrecord.ca/pittmeadows.html#vote/1kv1y8,"THAT Council: A. Approve the 2026 Council Meeting schedule as presented at the November 4, 2025 Council meeting; AND B. Direct Staff to pub lish the 2026 Council Meeting schedule, giving notice of the availability of the schedule as per section 127 of the Community Charter ."
2025-11-04,Public Council,I.1,"Waterworks Amendment Bylaw No. 3030, 2025 and Sanitary Sewer & Drainage Amendment Bylaw No. 3036, 2025",Main motion,Carried,7,0,0,,,In favour,In favour,In favour,In favour,In favour,In favour,In favour,Taxes & spending; Public services,,,,https://pub-pittmeadows.escribemeetings.com/filestream.ashx?DocumentId=19122,https://pub-pittmeadows.escribemeetings.com/Players/ISIStandAlonePlayer.aspx?Id=cbda7551-a96e-48f5-aa4b-db69ebc04216,https://councilrecord.ca/pittmeadows.html#vote/6yqvfh,"THAT Council: A. Grant first, second and third readings to Waterw orks Amendment Bylaw No. 3030, 2025, and Sanitary Sewer & Drainage Amendment Bylaw No. 3036, 2025 as presented at the November 4, 2025 Council meeting."
2025-11-04,Public Council,I.2,"Development Application Fee Amendment Bylaw No. 3033, 2025",Main motion,Carried,7,0,0,,,In favour,In favour,In favour,In favour,In favour,In favour,In favour,Other,,,,https://pub-pittmeadows.escribemeetings.com/filestream.ashx?DocumentId=19122,https://pub-pittmeadows.escribemeetings.com/Players/ISIStandAlonePlayer.aspx?Id=cbda7551-a96e-48f5-aa4b-db69ebc04216,https://councilrecord.ca/pittmeadows.html#vote/1huw6q1,"THAT C ouncil: A. Adopt the ""Development Application Fee Amendment Bylaw No. 3033, 2025"" as presented at the November 4, 2025, Council Meeting."
2025-11-04,Public Council,I.3,"2011 – 2017 Financial Bylaws Repeal Bylaw No. 3013, 2025",Main motion,Carried,7,0,0,,,In favour,In favour,In favour,In favour,In favour,In favour,In favour,Other,,,,https://pub-pittmeadows.escribemeetings.com/filestream.ashx?DocumentId=19122,https://pub-pittmeadows.escribemeetings.com/Players/ISIStandAlonePlayer.aspx?Id=cbda7551-a96e-48f5-aa4b-db69ebc04216,https://councilrecord.ca/pittmeadows.html#vote/m8qudc,"THAT Council: A. Adopt the ""2011 - 2017 Financial Bylaws Repeal Bylaw No. 3013, 2025"" to repeal expired financial bylaws as presented at the November 4, 2025, Council Meeting."
2025-11-04,Public Council,I.4,"Soil Deposit & Removal Amendment Bylaw No. 3037, 2025 [Late Item] Kate Barchard, Corporate Of ficer, introduced a bylaw amendment required to",Main motion,Carried,7,0,0,,,In favour,In favour,In favour,In favour,In favour,In favour,In favour,Development; Governance & elections,,,,https://pub-pittmeadows.escribemeetings.com/filestream.ashx?DocumentId=19122,https://pub-pittmeadows.escribemeetings.com/Players/ISIStandAlonePlayer.aspx?Id=cbda7551-a96e-48f5-aa4b-db69ebc04216,https://councilrecord.ca/pittmeadows.html#vote/1avoz6y,"THAT Council: A. Waive the requirement established by the Council Procedure Bylaw that a copy of a proposed bylaw be provided to each Council member no less than 24 hours before its consideration at a Council meeting; AND B. Grant first, second, and third readings to Soil Deposit and Removal Amendment Bylaw No. 3037, 2025 to correct typographi cal errors in the City’s Soil Deposit and Removal Bylaw."
2025-11-18,Public Council,H,CONSENT AGENDA,Main motion,Carried,7,0,0,,,In favour,In favour,In favour,In favour,In favour,In favour,In favour,Governance & elections,,,,https://pub-pittmeadows.escribemeetings.com/filestream.ashx?DocumentId=19226,https://pub-pittmeadows.escribemeetings.com/Players/ISIStandAlonePlayer.aspx?Id=14b146e3-8dcf-494e-81dd-40aa88324bfd,https://councilrecord.ca/pittmeadows.html#vote/h2648k,THAT the following item be received into the record: H.1 Provincial Response to 2024 Resolutions
2025-11-18,Public Council,I.1,2025 Third Quarter Report to the Community,Main motion,Carried,7,0,0,,,In favour,In favour,In favour,In favour,In favour,In favour,In favour,Other,,,,https://pub-pittmeadows.escribemeetings.com/filestream.ashx?DocumentId=19226,https://pub-pittmeadows.escribemeetings.com/Players/ISIStandAlonePlayer.aspx?Id=14b146e3-8dcf-494e-81dd-40aa88324bfd,https://councilrecord.ca/pittmeadows.html#vote/1va9uun,"THAT Council: A. Receive for information the 2025 Third Quarter Report to the Community, as presented at the November 18, 2025 Public Council Meeting ."
2025-11-18,Public Council,I.2,Community Safety Update on E - Transportation,Main motion,Carried,7,0,0,,,In favour,In favour,In favour,In favour,In favour,In favour,In favour,Transportation; Environment & climate; Parks & recreation; Public services,,,,https://pub-pittmeadows.escribemeetings.com/filestream.ashx?DocumentId=19226,https://pub-pittmeadows.escribemeetings.com/Players/ISIStandAlonePlayer.aspx?Id=14b146e3-8dcf-494e-81dd-40aa88324bfd,https://councilrecord.ca/pittmeadows.html#vote/ypebd5,"THAT Council: A. Receive for information staff's update on e - transportation in Pitt Meadows, as presented at the November 18, 2025 Council meeting ."
2025-11-18,Public Council,I.3,Traffic Operation Safety Review Report - Hammond and Blakely Road Intersection,Main motion,Carried,7,0,0,,,In favour,In favour,In favour,In favour,In favour,In favour,In favour,Transportation,,,,https://pub-pittmeadows.escribemeetings.com/filestream.ashx?DocumentId=19226,https://pub-pittmeadows.escribemeetings.com/Players/ISIStandAlonePlayer.aspx?Id=14b146e3-8dcf-494e-81dd-40aa88324bfd,https://councilrecord.ca/pittmeadows.html#vote/1k8pswz,"THAT Council: A. Receive for information the ‘Traffic Operation Safety Review Report – Hammond and Blakely Rd Inters ection’ as presented at the November 18, 2025 Council Meeting; AND B. Support the implementation plan proposed by staff and outlined in the corresponding staff report; AND C. Direct staff to apply for grant funding to support the project."
2025-11-18,Public Council,J.1,Soil Permit Application - Pitt Meadows Gun Club - 17428 129 Avenue,Main motion,Carried,7,0,0,,,In favour,In favour,In favour,In favour,In favour,In favour,In favour,Transportation; Environment & climate,,,,https://pub-pittmeadows.escribemeetings.com/filestream.ashx?DocumentId=19226,https://pub-pittmeadows.escribemeetings.com/Players/ISIStandAlonePlayer.aspx?Id=14b146e3-8dcf-494e-81dd-40aa88324bfd,https://councilrecord.ca/pittmeadows.html#vote/84fj6u,"THAT Council: A. Approve the issuance of a retroactive soil permit for the Pitt Meadows Gun Club, located at 17428 129 Ave., for the fill activity associated with the previously expanded parking area and the additional bypass access road; AND B. Approve the plac ement of recycled asphalt road grindings to level the existing parking and driveway access road at 17428 129 Avenue, subject to the following conditions: 1. The following conditions must be satisfied prior to the issuance of the permit: i. Notification from the Agricultural Land Commission, approving the Placement of Fill Application (ID: 105529); ii. Notification from the Ministry of Water, Land and Resource Stewardship, accepting a Riparian Areas Assessment as required by the Provincial Riparian Areas Regulation; A ND 2. The following conditions will form part of the permit: i. The placement of permanent fill, consisting of recycled asphalt as defined in the Agricultural Land Reserve Use Regulation, will be restricted to an area not exceeding of 4500m ; AND ii. The total allow ed volume of material to be placed is limited to 505m of permanent fill."
2025-11-18,Public Council,J.2,"Inter - municipal Business Licence Amendment Bylaw No. 3032, 2025",Main motion,Carried,7,0,0,,,In favour,In favour,In favour,In favour,In favour,In favour,In favour,Taxes & spending; Public services; Business & economy,,,,https://pub-pittmeadows.escribemeetings.com/filestream.ashx?DocumentId=19226,https://pub-pittmeadows.escribemeetings.com/Players/ISIStandAlonePlayer.aspx?Id=14b146e3-8dcf-494e-81dd-40aa88324bfd,https://councilrecord.ca/pittmeadows.html#vote/17tjlwu,"THAT Council: A. Grant first, second and third readings to Inter - municipal Business Licence Amendment Bylaw No. 3032, 2025, to add health care professionals and services who provide in - home care as businesses eligible for the Fraser Valley Inter - municipal Business Licence; AND B. Authorize the Corporate Officer to execute the updated Inter - municipal Business Licence Agreement, following the adoption of Inter - municipal Business Licence Amendment Bylaw No. 3032, 2025, in substantially the form and subs tance as presented to Council on November 18, 2025."
2025-11-18,Public Council,J.3,Bylaw Notice Enforcement Bylaw Update,Main motion,Carried,7,0,0,,,In favour,In favour,In favour,In favour,In favour,In favour,In favour,Taxes & spending,,,,https://pub-pittmeadows.escribemeetings.com/filestream.ashx?DocumentId=19226,https://pub-pittmeadows.escribemeetings.com/Players/ISIStandAlonePlayer.aspx?Id=14b146e3-8dcf-494e-81dd-40aa88324bfd,https://councilrecord.ca/pittmeadows.html#vote/mt9134,"THAT Council: A. Grant first, second and third readings to the Bylaw Notice Enforcement Amendment Bylaw No. 3029, 2025 as presented at the November 18, 2025 Council Meeting."
2025-11-18,Public Council,J.4,Rezoning Application to Permit a New Child Daycare at 19800 Lougheed Highway,Main motion,Carried,7,0,0,,,In favour,In favour,In favour,In favour,In favour,In favour,In favour,Housing & density; Development; Taxes & spending; Environment & climate,,,,https://pub-pittmeadows.escribemeetings.com/filestream.ashx?DocumentId=19226,https://pub-pittmeadows.escribemeetings.com/Players/ISIStandAlonePlayer.aspx?Id=14b146e3-8dcf-494e-81dd-40aa88324bfd,https://councilrecord.ca/pittmeadows.html#vote/i5iy5j,"THAT Council: A. Grant third reading to Zoning Text Amendment Bylaw No. 3031, 2025 to permit a new child daycare use at 19800 Lougheed Highway (Meadow town Shopping Centre)."
2025-11-18,Public Council,J.5,"Soil Deposit and Removal Amendment Bylaw No. 3037, 2025",Main motion,Carried,7,0,0,,,In favour,In favour,In favour,In favour,In favour,In favour,In favour,Development,,,,https://pub-pittmeadows.escribemeetings.com/filestream.ashx?DocumentId=19226,https://pub-pittmeadows.escribemeetings.com/Players/ISIStandAlonePlayer.aspx?Id=14b146e3-8dcf-494e-81dd-40aa88324bfd,https://councilrecord.ca/pittmeadows.html#vote/e3iuzv,"THAT Council: A. Adopt the Soil Deposit and Removal Amendment Bylaw No. 3037, 2025 as presented at the November 18, 2025 Council Meeting."
2025-11-18,Public Council,J.6,"Waterworks Amendment Bylaw No. 3030, 2025",Main motion,Carried,7,0,0,,,In favour,In favour,In favour,In favour,In favour,In favour,In favour,Public services,,,,https://pub-pittmeadows.escribemeetings.com/filestream.ashx?DocumentId=19226,https://pub-pittmeadows.escribemeetings.com/Players/ISIStandAlonePlayer.aspx?Id=14b146e3-8dcf-494e-81dd-40aa88324bfd,https://councilrecord.ca/pittmeadows.html#vote/8sas8i,"THAT Council: A. Adopt the Waterworks Amendment Bylaw No. 3030, 2025 as presented at the November 18, 2025 Council Meeting."
2025-11-18,Public Council,J.7,"Sanitary Sewer & Drainage Amendment Bylaw No . 3036, 2025",Main motion,Carried,7,0,0,,,In favour,In favour,In favour,In favour,In favour,In favour,In favour,Public services,,,,https://pub-pittmeadows.escribemeetings.com/filestream.ashx?DocumentId=19226,https://pub-pittmeadows.escribemeetings.com/Players/ISIStandAlonePlayer.aspx?Id=14b146e3-8dcf-494e-81dd-40aa88324bfd,https://councilrecord.ca/pittmeadows.html#vote/1brhmhy,"THAT Council: A. Adopt the Sanitary Sewer & Drainage Amendment Bylaw No. 3036, 2025 as presented at the November 18, 2025 council meeting."
2025-11-24,Public Council,E.3,2026 Financial Plan Overview,Main motion,Carried,7,0,0,,,In favour,In favour,In favour,In favour,In favour,In favour,In favour,Taxes & spending,,,,https://pub-pittmeadows.escribemeetings.com/filestream.ashx?DocumentId=19228,https://pub-pittmeadows.escribemeetings.com/Players/ISIStandAlonePlayer.aspx?Id=d178c3f1-a26c-47a8-b4bf-8897560f7638,https://councilrecord.ca/pittmeadows.html#vote/1iyppcc,"THAT Council: A. Receive for information the 2026 Financial Plan Overview and Staff Report as presented at the November 24, 2025 mee ting of Council."
2025-11-24,Public Council,E.4,2026 Draft Business Plan - Council and CAO,Main motion,Carried,7,0,0,,,In favour,In favour,In favour,In favour,In favour,In favour,In favour,Business & economy,,,,https://pub-pittmeadows.escribemeetings.com/filestream.ashx?DocumentId=19228,https://pub-pittmeadows.escribemeetings.com/Players/ISIStandAlonePlayer.aspx?Id=d178c3f1-a26c-47a8-b4bf-8897560f7638,https://councilrecord.ca/pittmeadows.html#vote/of9ve7,"THAT Council: A. Receive for information the Council and CAO 2026 Draft Business Plan and Staff Report as presented on November 24, 2025 meeting of Council."
2025-11-24,Public Council,E.5,2026 Draft Business Plan - Administrative Services,Main motion,Carried,7,0,0,,,In favour,In favour,In favour,In favour,In favour,In favour,In favour,Business & economy,,,,https://pub-pittmeadows.escribemeetings.com/filestream.ashx?DocumentId=19228,https://pub-pittmeadows.escribemeetings.com/Players/ISIStandAlonePlayer.aspx?Id=d178c3f1-a26c-47a8-b4bf-8897560f7638,https://councilrecord.ca/pittmeadows.html#vote/1mv7fmz,"THAT Council: A. Receive for information the Administrative Services 2026 Draft Business Plan and Staff Report as presented at the November 24, 2025 meeting of Council."
2025-11-24,Public Council,E.6,2026 Draft Business Plan - Financial Services,Main motion,Carried,7,0,0,,,In favour,In favour,In favour,In favour,In favour,In favour,In favour,Business & economy,,,,https://pub-pittmeadows.escribemeetings.com/filestream.ashx?DocumentId=19228,https://pub-pittmeadows.escribemeetings.com/Players/ISIStandAlonePlayer.aspx?Id=d178c3f1-a26c-47a8-b4bf-8897560f7638,https://councilrecord.ca/pittmeadows.html#vote/1oq6i5f,"THAT Council: A. Receive for information the Financial Services 2026 Draft Business Plan a nd Staff Report as presented at the November 24, 2025 meeting of Council."
2025-11-24,Public Council,E.7,Emergency Program / Fire & Rescue Service,Main motion,Carried,7,0,0,,,In favour,In favour,In favour,In favour,In favour,In favour,In favour,Public services; Business & economy,,,,https://pub-pittmeadows.escribemeetings.com/filestream.ashx?DocumentId=19228,https://pub-pittmeadows.escribemeetings.com/Players/ISIStandAlonePlayer.aspx?Id=d178c3f1-a26c-47a8-b4bf-8897560f7638,https://councilrecord.ca/pittmeadows.html#vote/1e4hfv0,"THAT Council: A. Receive for information the Emerg ency Program 2026 Draft Business Plan and Staff Report as presented at the November 24, 2025 meeting of Council; AND B. Receive for information the Fire & Rescue Service 2026 Draft Business Plan and Staff Report as presented at the November 24, 2025 meeting o f Council."
2025-11-24,Public Council,E.8.4,2026 Draft Business Plan - Operations Division,Main motion,Carried,7,0,0,,,In favour,In favour,In favour,In favour,In favour,In favour,In favour,Business & economy,,,,https://pub-pittmeadows.escribemeetings.com/filestream.ashx?DocumentId=19228,https://pub-pittmeadows.escribemeetings.com/Players/ISIStandAlonePlayer.aspx?Id=d178c3f1-a26c-47a8-b4bf-8897560f7638,https://councilrecord.ca/pittmeadows.html#vote/1525vt0,"THAT Council: A. Receive for information the Engineering Division 2026 Draft Business Plan and Staff Report as presented at the November 24, 2025 meeting of Council; AND B. Receive for information the Facilities Division 2026 Draft Business Plan and Staff Report as presented at the November 24, 2025 meeting of Council; AND C. Receive for information the Major Projects Division 2026 Draft Business Plan and Staff Report as presented at the November 24, 2025 meeting of Council; AND D. Receive for information the Operations Division 202 6 Draft Business Plan and Staff Report as presented at the November 24, 2025 meeting of Council."
2025-11-25,Public Council,E.2,2026 Draft Business Plan - RCMP & Support Services,Main motion,Carried,7,0,0,,,In favour,In favour,In favour,In favour,In favour,In favour,In favour,Public services; Business & economy,,,,https://pub-pittmeadows.escribemeetings.com/filestream.ashx?DocumentId=19229,https://pub-pittmeadows.escribemeetings.com/Players/ISIStandAlonePlayer.aspx?Id=fb18de29-4dbd-4598-92aa-3bde5070259b,https://councilrecord.ca/pittmeadows.html#vote/110ltn9,"THAT Council: A. Receive for information the RCMP & Support Services 2026 Draft Business Plan and Staff Report as presented at the November 25, 2025 meeting of Council."
2025-11-25,Public Council,E.3.3,2026 Draft Business Plan - Communications & Civic Engagement Division,Main motion,Carried,7,0,0,,,In favour,In favour,In favour,In favour,In favour,In favour,In favour,Business & economy,,,,https://pub-pittmeadows.escribemeetings.com/filestream.ashx?DocumentId=19229,https://pub-pittmeadows.escribemeetings.com/Players/ISIStandAlonePlayer.aspx?Id=fb18de29-4dbd-4598-92aa-3bde5070259b,https://councilrecord.ca/pittmeadows.html#vote/debqsw,"THAT Council: A. Receive for information the Human Resources, Payroll and OHS Division 2026 Draft Business Plan and Staff Report as presented at the November 25, 2025 meeting of Council; AND B. Receive for information the Information Technology Division 2026 Draft Business Pl an and Staff Report as presented at the November 25, 2025 meeting of Council; AND C. Receive for information the Communications & Civic Engagement Division 2026 Draft Business Plan and Staff Report as presented at the November 25, 2025 meeting of Council."
2025-11-25,Public Council,E.4.3,2026 Draft Bu siness Plan - Planning Division,Main motion,Carried,7,0,0,,,In favour,In favour,In favour,In favour,In favour,In favour,In favour,Environment & climate; Parks & recreation; Business & economy,,,,https://pub-pittmeadows.escribemeetings.com/filestream.ashx?DocumentId=19229,https://pub-pittmeadows.escribemeetings.com/Players/ISIStandAlonePlayer.aspx?Id=fb18de29-4dbd-4598-92aa-3bde5070259b,https://councilrecord.ca/pittmeadows.html#vote/17186no,"THAT Council: A. Receive for inf ormation the Agriculture & Environment Division 2026 Draft Business Plan and Staff Report as presented at the November 25, 2025 meeting of Council; AND B. Receive for information the Building & Bylaw Services Division 2026 Draft Business Plan and Staff Report as presented at the November 25, 2025 meeting of Council; AND C. Receive for information the Planning Division 2026 Draft Business Plan and Staff Report as presented at the November 25, 2025 meeting of Council ."
2025-11-25,Public Council,E.5,2026 Draft Business Plan - Library Services,Main motion,Carried,7,0,0,,,In favour,In favour,In favour,In favour,In favour,In favour,In favour,Environment & climate; Parks & recreation; Business & economy,,,,https://pub-pittmeadows.escribemeetings.com/filestream.ashx?DocumentId=19229,https://pub-pittmeadows.escribemeetings.com/Players/ISIStandAlonePlayer.aspx?Id=fb18de29-4dbd-4598-92aa-3bde5070259b,https://councilrecord.ca/pittmeadows.html#vote/br4c2y,"THAT Council: A. Receive for information the Pitt Meadows Library 2026 Draft Business Plan and Staff Report as presented at the November 25, 2025 meeting of Council."
2025-11-25,Public Council,E.6.4,2026 Draft Business Plan - Corporate Sponsorship & Grants,Main motion,Carried,7,0,0,,,In favour,In favour,In favour,In favour,In favour,In favour,In favour,Taxes & spending; Parks & recreation; Business & economy,,,,https://pub-pittmeadows.escribemeetings.com/filestream.ashx?DocumentId=19229,https://pub-pittmeadows.escribemeetings.com/Players/ISIStandAlonePlayer.aspx?Id=fb18de29-4dbd-4598-92aa-3bde5070259b,https://councilrecord.ca/pittmeadows.html#vote/1riikcm,"THAT Council: A. Receive for information the Arts & Culture Division 2026 Draft Business Plan and Staff Report as presented at the November 25, 2025 meeting of Counci l; AND B. Receive for information the Parks Division 2026 Draft Business Plan and Staff Report as presented at the November 25, 2025 meeting of Council; AND C. Receive for information the Recreation Division 2026 Draft Business Plan and Staff Report as presented at the November 25, 2025 meeting of Council; AND D. Receive for information the Corporate Sponsorship & Grants Division 2026 Draft Business Plan and Staff Report as presented at the November 25, 2025 meeting of Council."
2025-12-02,Public Council,G,CONSENT AGENDA,Main motion,Carried,7,0,0,,,In favour,In favour,In favour,In favour,In favour,In favour,In favour,Parks & recreation; Public services; Business & economy; Governance & elections,,,,https://pub-pittmeadows.escribemeetings.com/filestream.ashx?DocumentId=19338,https://pub-pittmeadows.escribemeetings.com/Players/ISIStandAlonePlayer.aspx?Id=7cb7fbe3-98d5-4869-9e1b-3b854abcbf79,https://councilrecord.ca/pittmeadows.html#vote/1bsxabo,"THAT the following items be received into the record: G.1 Correspondence from Ministry of Agriculture & Food G.2 Correspondence from Ministry of Housi ng and Muncipal Affairs G.3 Metro 2050 Type 2 Proposed Amendment, Bylaw No. 1429, 2025 G.4 Correspondence from LMLGA Regarding Concerns with Bill M216 - Professional Reliance Act G.5 Concerns Regarding Bill M216 – 2025 Professional Reliance Act Items G.1, G.2, G4 and G.5 were PULLED for discussion. Following the discussion, the question was called and it was:"
2025-12-02,Public Council,H.1,Strata Title Conversion Application for 12384 193B St and 19355 Davison Rd.,Main motion,Carried,7,0,0,,,In favour,In favour,In favour,In favour,In favour,In favour,In favour,Housing & density,,,,https://pub-pittmeadows.escribemeetings.com/filestream.ashx?DocumentId=19338,https://pub-pittmeadows.escribemeetings.com/Players/ISIStandAlonePlayer.aspx?Id=7cb7fbe3-98d5-4869-9e1b-3b854abcbf79,https://councilrecord.ca/pittmeadows.html#vote/16l39sn,"THAT Council: A. Approve the strata plan, pursuant to Section 242 of the Strata Property Act , to convert a previously occupied duplex at 12384 193B St. and 19355 Davison Rd., i nto two strata title lots, subject to the following conditions being met to the satisfaction of the Building Official: 1. Submission of a report from a registered professional assessing the building and providing recommendations for any required building upg rades necessary to meet the British Columbia Building Code; and 2. Completion of any required building upgrades identified by the registered professional."
2025-12-02,Public Council,H.2,"Small - Scale, Multi - Unit Housing and Transit - Oriented Areas Implementation Update",Main motion,Carried,7,0,0,,,In favour,In favour,In favour,In favour,In favour,In favour,In favour,Housing & density; Transportation,,,,https://pub-pittmeadows.escribemeetings.com/filestream.ashx?DocumentId=19338,https://pub-pittmeadows.escribemeetings.com/Players/ISIStandAlonePlayer.aspx?Id=7cb7fbe3-98d5-4869-9e1b-3b854abcbf79,https://councilrecord.ca/pittmeadows.html#vote/1nc5538,"THAT Council: A. Receive for information the report titled “Small - Scale, Multi - Unit Housing and Transit - Oriented Areas Implementation Update”, as presented at the December 2, 2025 Council Meeting."
2025-12-02,Public Council,I.1,Development Variance Permit Application for Pitt Meadows Secondary School,Main motion,Carried,7,0,0,,,In favour,In favour,In favour,In favour,In favour,In favour,In favour,Development; Environment & climate,,,,https://pub-pittmeadows.escribemeetings.com/filestream.ashx?DocumentId=19338,https://pub-pittmeadows.escribemeetings.com/Players/ISIStandAlonePlayer.aspx?Id=7cb7fbe3-98d5-4869-9e1b-3b854abcbf79,https://councilrecord.ca/pittmeadows.html#vote/1p5ntyo,THAT Council: A. Authorize issuance of Development Variance Permit No. 2025 - 005 to vary the maximum permitted height for the n ew Pitt Meadows Secondary School at 19438 116B Ave.
2025-12-02,Public Council,I.2,"Official Community Plan 2025 Update: Amendment Bylaw No. 3034, 2025",Main motion,Carried,7,0,0,,,In favour,In favour,In favour,In favour,In favour,In favour,In favour,Housing & density; Development; Taxes & spending,,,,https://pub-pittmeadows.escribemeetings.com/filestream.ashx?DocumentId=19338,https://pub-pittmeadows.escribemeetings.com/Players/ISIStandAlonePlayer.aspx?Id=7cb7fbe3-98d5-4869-9e1b-3b854abcbf79,https://councilrecord.ca/pittmeadows.html#vote/v8s87n,"THAT Council: A. Grant third reading and adopt Official Community Plan Amendment Bylaw No. 3034, 202 5 ."
2025-12-02,Public Council,I.3,"Inter - Municipal Business Licence Amendment Bylaw No. 3032, 2025",Main motion,Carried,7,0,0,,,In favour,In favour,In favour,In favour,In favour,In favour,In favour,Public services; Business & economy,,,,https://pub-pittmeadows.escribemeetings.com/filestream.ashx?DocumentId=19338,https://pub-pittmeadows.escribemeetings.com/Players/ISIStandAlonePlayer.aspx?Id=7cb7fbe3-98d5-4869-9e1b-3b854abcbf79,https://councilrecord.ca/pittmeadows.html#vote/1lld1k4,"THAT Council: A. Adopt Inter - municipal Business Licence Amendment Bylaw No. 3032, 2025, to add health care professionals and services who provide in - home care as businesses eligible for the Fraser Valley Inter - municipal Business Licence."
2025-12-02,Public Council,I.4,"Bylaw Notice Enforcement Ame ndment Bylaw No. 3029, 2025",Main motion,Carried,7,0,0,,,In favour,In favour,In favour,In favour,In favour,In favour,In favour,Other,,,,https://pub-pittmeadows.escribemeetings.com/filestream.ashx?DocumentId=19338,https://pub-pittmeadows.escribemeetings.com/Players/ISIStandAlonePlayer.aspx?Id=7cb7fbe3-98d5-4869-9e1b-3b854abcbf79,https://councilrecord.ca/pittmeadows.html#vote/6zszt5,"THAT Council: A. Adopt the Bylaw Notice Enforcement Amendment Bylaw No. 3029, 2025 as presented at the December 2, 2025 Council Meeting."
2025-12-09,Public Council,E.2.1,Pitt M eadows Library Openings on Saturdays and Sundays of long weekends [Library Services],Main motion,Carried,7,0,0,,,In favour,In favour,In favour,In favour,In favour,In favour,In favour,Environment & climate; Parks & recreation,,,,https://pub-pittmeadows.escribemeetings.com/filestream.ashx?DocumentId=19340,https://pub-pittmeadows.escribemeetings.com/Players/ISIStandAlonePlayer.aspx?Id=624733d3-927b-47fd-a7d1-e967a8249082,https://councilrecord.ca/pittmeadows.html#vote/sjzcbf,"THAT Council: A. Maintain the same service levels of other FVRL Libraries by continuing with Pitt Meadows Library Openings on Saturday and Sunday of long weekends in 2026 and receive an increase in the FVRL Member Assessment of $15, 000, equivalent to a property tax increase of $1.32 to the average single family home."
2025-12-09,Public Council,E.2.2,Corporate Videos [Communications and Civic Engagement Division],Main motion,Carried,7,0,0,,,In favour,In favour,In favour,In favour,In favour,In favour,In favour,Taxes & spending,,,,https://pub-pittmeadows.escribemeetings.com/filestream.ashx?DocumentId=19340,https://pub-pittmeadows.escribemeetings.com/Players/ISIStandAlonePlayer.aspx?Id=624733d3-927b-47fd-a7d1-e967a8249082,https://councilrecord.ca/pittmeadows.html#vote/jvhazw,"THAT Council: A. Approve an expenditure of up to $11,800 from the General Operating Reserve, every other year starting in 2026, to support the production of one or two corporate videos each year using external videographer services."
2025-12-09,Public Council,E.2.3,Public Art - RCMP Detachment [Culture Division],Postponement,Carried,7,0,0,,,In favour,In favour,In favour,In favour,In favour,In favour,In favour,Neighbourhood character; Parks & recreation; Public services; Business & economy,,,,https://pub-pittmeadows.escribemeetings.com/filestream.ashx?DocumentId=19340,https://pub-pittmeadows.escribemeetings.com/Players/ISIStandAlonePlayer.aspx?Id=624733d3-927b-47fd-a7d1-e967a8249082,https://councilrecord.ca/pittmeadows.html#vote/1tgcqoh,THAT Council: A. DEFER consideration of a P ublic A rt project at the new RCMP Detachment to 2027 Business Planning.
2025-12-09,Public Council,E.2.4,Fire Services Master Plan [Fire & Rescue Service],Main motion,Carried,7,0,0,,,In favour,In favour,In favour,In favour,In favour,In favour,In favour,Development; Taxes & spending; Environment & climate; Public services,,,,https://pub-pittmeadows.escribemeetings.com/filestream.ashx?DocumentId=19340,https://pub-pittmeadows.escribemeetings.com/Players/ISIStandAlonePlayer.aspx?Id=624733d3-927b-47fd-a7d1-e967a8249082,https://councilrecord.ca/pittmeadows.html#vote/ga4jmi,"THAT Council: A. Approve the expenditure of up to $75,000 from the General Operating Reserve to hire a consultant to develop a Fire Services Master Plan for the City of Pitt Meadows."
2025-12-09,Public Council,E.2.5,Climate Action Strategy Implementation [Agriculture & Environment Division],Main motion,Carried,7,0,0,,,In favour,In favour,In favour,In favour,In favour,In favour,In favour,Taxes & spending; Environment & climate; Parks & recreation; Business & economy,,,,https://pub-pittmeadows.escribemeetings.com/filestream.ashx?DocumentId=19340,https://pub-pittmeadows.escribemeetings.com/Players/ISIStandAlonePlayer.aspx?Id=624733d3-927b-47fd-a7d1-e967a8249082,https://councilrecord.ca/pittmeadows.html#vote/148ujao,"THAT Council : A. Approve an expenditure of $601,000 from the General Operating Reserve over the next 10 years to support implementation of the Climate Action Strategy."
2025-12-09,Public Council,E.2.6,Urban Forest Strategy - Implementation [Agriculture & Environment Division],Main motion,Carried,7,0,0,,,In favour,In favour,In favour,In favour,In favour,In favour,In favour,Taxes & spending; Environment & climate; Parks & recreation; Business & economy,,,,https://pub-pittmeadows.escribemeetings.com/filestream.ashx?DocumentId=19340,https://pub-pittmeadows.escribemeetings.com/Players/ISIStandAlonePlayer.aspx?Id=624733d3-927b-47fd-a7d1-e967a8249082,https://councilrecord.ca/pittmeadows.html#vote/1ikbsgy,"THAT Council: A. Approve an expenditure of $50,0 00 from the General Operating Reserve for the implementation of actions in the City’s Urban Forest Strategy."
2025-12-09,Public Council,E.2.7,2026 – 2028 Housing Action Plan Implementation [Planning Division],Main motion,Carried,7,0,0,,,In favour,In favour,In favour,In favour,In favour,In favour,In favour,Housing & density; Taxes & spending,,,,https://pub-pittmeadows.escribemeetings.com/filestream.ashx?DocumentId=19340,https://pub-pittmeadows.escribemeetings.com/Players/ISIStandAlonePlayer.aspx?Id=624733d3-927b-47fd-a7d1-e967a8249082,https://councilrecord.ca/pittmeadows.html#vote/9x9hqu,"THAT Council: A. Approve the expenditure of up to $65,000 from the General Operating Reserve for implementation of the 2026 – 2028 Housing Action Plan."
2025-12-09,Public Council,E.2.8,2026 City - Supported Blueberry Festival [Planning Division],Main motion,Carried,7,0,0,,,In favour,In favour,In favour,In favour,In favour,In favour,In favour,Taxes & spending; Parks & recreation,,,,https://pub-pittmeadows.escribemeetings.com/filestream.ashx?DocumentId=19340,https://pub-pittmeadows.escribemeetings.com/Players/ISIStandAlonePlayer.aspx?Id=624733d3-927b-47fd-a7d1-e967a8249082,https://councilrecord.ca/pittmeadows.html#vote/gbq2ez,"THAT Council: A. Approve the expenditure of up to $5,500 from the General Operating Reserve for implementation of a City - supported 2026 Blueberry Festival."
2025-12-09,Public Council,E.3,2026 Budget Decisions,Main motion,Carried,7,0,0,,,In favour,In favour,In favour,In favour,In favour,In favour,In favour,Taxes & spending; Public services,,,,https://pub-pittmeadows.escribemeetings.com/filestream.ashx?DocumentId=19340,https://pub-pittmeadows.escribemeetings.com/Players/ISIStandAlonePlayer.aspx?Id=624733d3-927b-47fd-a7d1-e967a8249082,https://councilrecord.ca/pittmeadows.html#vote/u37pht,"THAT Council: A. Approve the operating and capital budgets as presented on November 24 and 25, 2025; AND B. Direct staff to prepare the consolidated 2026 to 2030 Financial Plan Bylaw and Utility Fee Bylaws based on the budgets presented on November 2 4, 2025, November 25, 2025, and decisions made on December 9, 2025."
2025-12-16,Public Council,G,CONSENT AGENDA,Main motion,Carried,7,0,0,,,In favour,In favour,In favour,In favour,In favour,In favour,In favour,Housing & density; Transportation,,,,https://pub-pittmeadows.escribemeetings.com/filestream.ashx?DocumentId=19382,https://pub-pittmeadows.escribemeetings.com/Players/ISIStandAlonePlayer.aspx?Id=92b682c9-37a7-4641-88d4-3a8eeea4d8ab,https://councilrecord.ca/pittmeadows.html#vote/1bb2ga5,"THAT the following items be received into the record: G.1 Airport Way/113b Avenue Interchange Expansion Project G.2 Repeal of Small - Scale Multi - Unit Housing, Housing Target Orders, and Transit - Oriented Areas Legislation G.3 Minister Response to Request to Repeal Small - Scale Multi - Unit Housing, Housing Target Orders, and Transit - Oriented Areas Legislation"
2025-12-16,Public Council,H.1,Communications and Civic Engagement Consultant Findings,Main motion,Carried,7,0,0,,,In favour,In favour,In favour,In favour,In favour,In favour,In favour,Taxes & spending,,,,https://pub-pittmeadows.escribemeetings.com/filestream.ashx?DocumentId=19382,https://pub-pittmeadows.escribemeetings.com/Players/ISIStandAlonePlayer.aspx?Id=92b682c9-37a7-4641-88d4-3a8eeea4d8ab,https://councilrecord.ca/pittmeadows.html#vote/1tb9p11,"THAT Council: A. Receive for informatio n the “Communications and Civic Engagement Audit Final Report”, dated October 2025, and accompanying staff report as presented at the December 16, 2025 Public Council Meeting."
2025-12-16,Public Council,H.2,Arena Chiller – Single Source Purchase,Main motion,Carried,7,0,0,,,In favour,In favour,In favour,In favour,In favour,In favour,In favour,Environment & climate; Parks & recreation,,,,https://pub-pittmeadows.escribemeetings.com/filestream.ashx?DocumentId=19382,https://pub-pittmeadows.escribemeetings.com/Players/ISIStandAlonePlayer.aspx?Id=92b682c9-37a7-4641-88d4-3a8eeea4d8ab,https://councilrecord.ca/pittmeadows.html#vote/16ypjj2,"THAT Council: A. Approve the single source purchase of a new plate and frame chiller for the Pitt Meadows Arena from CIMCO Refrigeration in the amount of $430,080 + G ST, as presented at the December 16, 2025 Council Meeting."
2025-12-16,Public Council,H.3,Amendments to Cross - Connection Control Policy C022 and Building Bylaw No.,Main motion,Carried,7,0,0,,,In favour,In favour,In favour,In favour,In favour,In favour,In favour,Taxes & spending,,,,https://pub-pittmeadows.escribemeetings.com/filestream.ashx?DocumentId=19382,https://pub-pittmeadows.escribemeetings.com/Players/ISIStandAlonePlayer.aspx?Id=92b682c9-37a7-4641-88d4-3a8eeea4d8ab,https://councilrecord.ca/pittmeadows.html#vote/1fywefq,"THAT Council: A. Approve amendments to Cross - Connection Control Policy C022 as presented at the December 16, 2025 Public Coun cil Meeting; AND B. Grant first, second and third readings to Building Bylaw Amendment Bylaw No. 3038, 2025."
2025-12-16,Public Council,I.1,Development Variance Permit for 11730 190 Street,Main motion,Carried,7,0,0,,,In favour,In favour,In favour,In favour,In favour,In favour,In favour,Development,,,,https://pub-pittmeadows.escribemeetings.com/filestream.ashx?DocumentId=19382,https://pub-pittmeadows.escribemeetings.com/Players/ISIStandAlonePlayer.aspx?Id=92b682c9-37a7-4641-88d4-3a8eeea4d8ab,https://councilrecord.ca/pittmeadows.html#vote/1k7op3h,THAT Council: A. Authorize issuance of Development Variance Permit No. 2025 - 003 to reduce the minimum front yard setback to 5.01 m to allow constr uction of a double garage and covered porch at 11730 190 St.
2026-01-13,Public Council,G,CONSENT AGENDA,Main motion,Carried,6,0,1,,,In favour,In favour,In favour,In favour,In favour,Absent,In favour,Business & economy,,,,https://pub-pittmeadows.escribemeetings.com/filestream.ashx?DocumentId=19475,https://pub-pittmeadows.escribemeetings.com/Players/ISIStandAlonePlayer.aspx?Id=cbb389e7-5bfe-46a3-8fed-2260a0208399,https://councilrecord.ca/pittmeadows.html#vote/1ji4jsu,THAT the following item be received into the record: G.1 Proposal for an Agricultural Municipality Initiative
2026-01-13,Public Council,H.1,2026 Capital Pr oject Pre - Approval,Main motion,Carried,6,0,1,,,In favour,In favour,In favour,In favour,In favour,Absent,In favour,Taxes & spending,,,,https://pub-pittmeadows.escribemeetings.com/filestream.ashx?DocumentId=19475,https://pub-pittmeadows.escribemeetings.com/Players/ISIStandAlonePlayer.aspx?Id=cbb389e7-5bfe-46a3-8fed-2260a0208399,https://councilrecord.ca/pittmeadows.html#vote/1cr6z82,"THAT Council: A. Approve the select 2026 capital projects as presented at the January 13, 2026 Council Meeting ."
2026-01-13,Public Council,H.2,Q1 2026 Strategic Priorities Quarterly Report,Main motion,Carried,6,0,1,,,In favour,In favour,In favour,In favour,In favour,Absent,In favour,Other,,,,https://pub-pittmeadows.escribemeetings.com/filestream.ashx?DocumentId=19475,https://pub-pittmeadows.escribemeetings.com/Players/ISIStandAlonePlayer.aspx?Id=cbb389e7-5bfe-46a3-8fed-2260a0208399,https://councilrecord.ca/pittmeadows.html#vote/15qkqu,"THAT Council: A. Approve the operational strategies for Q1 2026 as presented to Council on January 13, 2026."
2026-01-13,Public Council,I.1,"Building Bylaw Amendment Bylaw No. 3038, 2025",Main motion,Carried,6,0,1,,,In favour,In favour,In favour,In favour,In favour,Absent,In favour,Other,,,,https://pub-pittmeadows.escribemeetings.com/filestream.ashx?DocumentId=19475,https://pub-pittmeadows.escribemeetings.com/Players/ISIStandAlonePlayer.aspx?Id=cbb389e7-5bfe-46a3-8fed-2260a0208399,https://councilrecord.ca/pittmeadows.html#vote/otqz6a,"THAT Council: A. Adopt Building Bylaw Amendment No. 3038, 2025 as presented at the January 13, 2026 Council Meeting."
2026-01-13,Public Council,I.2,"Zoning Text Amendment Bylaw No. 3031, 2025",Main motion,Carried,6,0,1,,,In favour,In favour,In favour,In favour,In favour,Absent,In favour,Development; Environment & climate,,,,https://pub-pittmeadows.escribemeetings.com/filestream.ashx?DocumentId=19475,https://pub-pittmeadows.escribemeetings.com/Players/ISIStandAlonePlayer.aspx?Id=cbb389e7-5bfe-46a3-8fed-2260a0208399,https://councilrecord.ca/pittmeadows.html#vote/rl56gk,"THAT Council: A. Adopt Zoning Text Amendment Bylaw No. 3031, 2025 to permit a new child daycare us e at Meadowtown Shopping Centre."
2026-01-27,Public Council,G,CONSENT AGENDA,Main motion,Carried,7,0,0,,,In favour,In favour,In favour,In favour,In favour,In favour,In favour,Governance & elections,,,,https://pub-pittmeadows.escribemeetings.com/filestream.ashx?DocumentId=19523,https://pub-pittmeadows.escribemeetings.com/Players/ISIStandAlonePlayer.aspx?Id=00a413a0-8d0e-4e7b-ab8e-a55e31b84044,https://councilrecord.ca/pittmeadows.html#vote/1o0c6dd,"THAT the following items be received into the record: G.1 Proposed Metro 2050 Amendment Options G.2 Release of Closed Resolutions to the Public Item G.1 was PULLED for discussion. Following the discussion, the question was called and it was:"
2026-01-27,Public Council,H.1,Organics Processing Services – Recommendation to Award,Main motion,Carried,7,0,0,,,In favour,In favour,In favour,In favour,In favour,In favour,In favour,Housing & density; Taxes & spending; Transportation; Environment & climate; Public services,,,,https://pub-pittmeadows.escribemeetings.com/filestream.ashx?DocumentId=19523,https://pub-pittmeadows.escribemeetings.com/Players/ISIStandAlonePlayer.aspx?Id=00a413a0-8d0e-4e7b-ab8e-a55e31b84044,https://councilrecord.ca/pittmeadows.html#vote/1pzrvz5,"THAT Council: A. Approve the award of the residential Organic Waste Processing contract to Halton Recycling Ltd. dba Emterra Environmental for a term of 5 years for a total estimated cost of $2,070,343.00, excluding GST, subject to final contract execution ."
2026-01-27,Public Council,H.2,2026 General Local Elections – Appointment of Election Officials,Main motion,Carried,7,0,0,,,In favour,In favour,In favour,In favour,In favour,In favour,In favour,Environment & climate; Governance & elections,,,,https://pub-pittmeadows.escribemeetings.com/filestream.ashx?DocumentId=19523,https://pub-pittmeadows.escribemeetings.com/Players/ISIStandAlonePlayer.aspx?Id=00a413a0-8d0e-4e7b-ab8e-a55e31b84044,https://councilrecord.ca/pittmeadows.html#vote/96944s,THAT Council: A. Pursuant to section 58 of the Local Government Act [appointment of election officials]: 1. Appoint Kate Barchard as Chief Election Officer for the 2026 City of Pitt Meadows General Local Election; AND 2. Appoint Tanya Barr as the Deputy Chief Election Officer for the 2026 City of Pitt Meadows General Local Election .
2026-01-27,Public Council,H.3,Council - Staff Protocol Policy C064,Main motion,Carried,7,0,0,,,In favour,In favour,In favour,In favour,In favour,In favour,In favour,Governance & elections,,,,https://pub-pittmeadows.escribemeetings.com/filestream.ashx?DocumentId=19523,https://pub-pittmeadows.escribemeetings.com/Players/ISIStandAlonePlayer.aspx?Id=00a413a0-8d0e-4e7b-ab8e-a55e31b84044,https://councilrecord.ca/pittmeadows.html#vote/1w8e891,"THAT Council: A. Approve amendments to Council Policy C064, including updating its name to ‘Council - Staff Protocol’, as presented at the Regular Council Meeting on January 27, 2026 ."
2026-02-10,Public Council,G,CONSENT AGENDA,Main motion,Carried,7,0,0,,,In favour,In favour,In favour,In favour,In favour,In favour,In favour,Development; Business & economy; Governance & elections,,,,https://pub-pittmeadows.escribemeetings.com/filestream.ashx?DocumentId=19578,https://pub-pittmeadows.escribemeetings.com/Players/ISIStandAlonePlayer.aspx?Id=98de9172-1aef-4d6c-8f1c-2a51f3639596,https://councilrecord.ca/pittmeadows.html#vote/1joi0ry,"THAT Council: A. Direct Staff to draft a letter to the Agricultural Land Commission [“ALC”] regarding its recent decision on the Non - Farm Use Application 105976 , along with a request that an ALC representative attend an upcoming Council meeting to discuss their decision ."
2026-02-10,Public Council,H.1,Development Permit Application for 19049 Mitchell Rd,Main motion,Carried,7,0,0,,,In favour,In favour,In favour,In favour,In favour,In favour,In favour,Housing & density; Development,,,,https://pub-pittmeadows.escribemeetings.com/filestream.ashx?DocumentId=19578,https://pub-pittmeadows.escribemeetings.com/Players/ISIStandAlonePlayer.aspx?Id=98de9172-1aef-4d6c-8f1c-2a51f3639596,https://councilrecord.ca/pittmeadows.html#vote/14o6dxv,THAT Council: A. Authorize issuance of Development Permit No. 2026 - 002 to permit development of a four - unit townhouse project at 19049 Mitchell Road.
2026-02-24,Public Council,H.1,Policy Update – Vibrant Community Program,Main motion,Carried,7,0,0,,,In favour,In favour,In favour,In favour,In favour,In favour,In favour,Taxes & spending; Governance & elections,,,,https://pub-pittmeadows.escribemeetings.com/filestream.ashx?DocumentId=19613,https://pub-pittmeadows.escribemeetings.com/Players/ISIStandAlonePlayer.aspx?Id=506f7cb1-a676-4c88-a898-5c9a7fc4b0c2,https://councilrecord.ca/pittmeadows.html#vote/1phx3h9,"THAT Council: A. Approve amendments to Council Policy C105 [Vibrant Community Program], as presented at the February 24, 2026 Council Meeting; AND B. Repeal Council Policy C072 [Grants and Cash Donations] ."
2026-02-24,Public Council,H.2,Policy Update – Artists In Our Parks,Main motion,Carried,7,0,0,,,In favour,In favour,In favour,In favour,In favour,In favour,In favour,Parks & recreation; Governance & elections,,,,https://pub-pittmeadows.escribemeetings.com/filestream.ashx?DocumentId=19613,https://pub-pittmeadows.escribemeetings.com/Players/ISIStandAlonePlayer.aspx?Id=506f7cb1-a676-4c88-a898-5c9a7fc4b0c2,https://councilrecord.ca/pittmeadows.html#vote/c243ws,"THAT Council: A. Approve amendments to Council Policy C093 [Artists in Our Parks], as presented at the February 24, 2026 Council Meeting."
2026-02-24,Public Council,H.3,Proposed UBCM Resolution for Enhanced Provincial – Loca l Government Consultation on Provincial Initiatives,Main motion,Carried,7,0,0,,,In favour,In favour,In favour,In favour,In favour,In favour,In favour,Governance & elections,,,,https://pub-pittmeadows.escribemeetings.com/filestream.ashx?DocumentId=19613,https://pub-pittmeadows.escribemeetings.com/Players/ISIStandAlonePlayer.aspx?Id=506f7cb1-a676-4c88-a898-5c9a7fc4b0c2,https://councilrecord.ca/pittmeadows.html#vote/1h93pdw,"THAT Council: A. Endorse the pro posed resolution and background document for Enhanced Provincial – Local Government Consultation on Provincial Initiatives [Attachments A and B], as presented at the February 24, 2026 Council Meeting; AND B. Direct staff to forward the proposed resolution and background document to the Lower Mainland Local Government Association for consideration at its 2026 Conference."
2026-02-24,Public Council,I.1,"Business Licensing and Regulation Bylaw No. 3039, 2026",Main motion,Carried,7,0,0,,,In favour,In favour,In favour,In favour,In favour,In favour,In favour,Taxes & spending; Business & economy; Governance & elections,,,,https://pub-pittmeadows.escribemeetings.com/filestream.ashx?DocumentId=19613,https://pub-pittmeadows.escribemeetings.com/Players/ISIStandAlonePlayer.aspx?Id=506f7cb1-a676-4c88-a898-5c9a7fc4b0c2,https://councilrecord.ca/pittmeadows.html#vote/1vukt5o,"THAT Council: A. Grant first, second and third readings to Business Licensing and Regulation Bylaw No. 3039, 2026 as presented at th e February 24, 2026 Council meeting; AND B. Direct Staff to give public notice of Council’s intention to adopt Business Licensing and Regulation Bylaw No. 3039, 2026, in accordance with section 59 of the Community Charter ; C. Grant first, second and third readings to Bylaw Notice Enforcement Amendment Bylaw No. 3041, 2026 as presented at the February 24, 2026 Council meeting."
2026-02-24,Public Council,I.2,"Interim Tree Management Bylaw No. 3035, 2026",Main motion,Carried,7,0,0,,,In favour,In favour,In favour,In favour,In favour,In favour,In favour,Taxes & spending; Environment & climate,,,,https://pub-pittmeadows.escribemeetings.com/filestream.ashx?DocumentId=19613,https://pub-pittmeadows.escribemeetings.com/Players/ISIStandAlonePlayer.aspx?Id=506f7cb1-a676-4c88-a898-5c9a7fc4b0c2,https://councilrecord.ca/pittmeadows.html#vote/1iq36ks,"THAT Council: A. Grant first, second, and third readings to Interim Tree Management Bylaw No. 3035, 2026; AND B. Endorse the community engagement process to inform the developme nt of a final Tree Management Bylaw, as described in the “Interim Tree Management Bylaw” report presented on February 24, 2026; AND C. Grant first, second and third readings to Bylaw Notice Enforcement Amendment Bylaw No. 3040, 2026."
2026-03-03,Public Council,G.1,Consultation on Proposed Metro 2050 Amendment Options in Response to South of the Fraser Mayors’ Request,Main motion,Carried,6,1,0,,,In favour,In favour,In favour,In favour,Against,In favour,In favour,Governance & elections,,,,https://pub-pittmeadows.escribemeetings.com/filestream.ashx?DocumentId=19687,https://pub-pittmeadows.escribemeetings.com/Players/ISIStandAlonePlayer.aspx?Id=40ba6779-5f0b-43b4-a107-c5a3646161f1,https://councilrecord.ca/pittmeadows.html#vote/1ib50gm,"THAT Council: A. Advise Metro Van couver of the comments contained in the report titled “Consultation on Proposed Metro 2050 Amendment Options in Response to South of the Fraser Mayors’ Request” presented at the March 3, 2026 Public Council Meeting."
2026-03-03,Public Council,G.2,UBCM Local Government Development Approvals Program,Main motion,Carried,7,0,0,,,In favour,In favour,In favour,In favour,In favour,In favour,In favour,Development; Governance & elections,,,,https://pub-pittmeadows.escribemeetings.com/filestream.ashx?DocumentId=19687,https://pub-pittmeadows.escribemeetings.com/Players/ISIStandAlonePlayer.aspx?Id=40ba6779-5f0b-43b4-a107-c5a3646161f1,https://councilrecord.ca/pittmeadows.html#vote/e4rsxc,THAT Counci l: A. Authorize the submission of an application to the UBCM Local Government Development Approvals Program and indicate support for the development procedures and approvals efficiency project.
2026-03-03,Public Council,G.3,Council Policy C100 [Council Code of Conduct],Main motion,Carried,7,0,0,,,In favour,In favour,In favour,In favour,In favour,In favour,In favour,Governance & elections,,,,https://pub-pittmeadows.escribemeetings.com/filestream.ashx?DocumentId=19687,https://pub-pittmeadows.escribemeetings.com/Players/ISIStandAlonePlayer.aspx?Id=40ba6779-5f0b-43b4-a107-c5a3646161f1,https://councilrecord.ca/pittmeadows.html#vote/rwmzso,"THAT Council: A. Approve amendments to Council Code of Conduct Policy C100 as presented at the Regular Council Meeting on March 3, 2026."
2026-03-03,Public Council,G.4,Council Policies C005 [Council Appointments – Length of Tenure] and C009 [Council Liaisons],Main motion,Carried,7,0,0,,,In favour,In favour,In favour,In favour,In favour,In favour,In favour,Governance & elections,,,,https://pub-pittmeadows.escribemeetings.com/filestream.ashx?DocumentId=19687,https://pub-pittmeadows.escribemeetings.com/Players/ISIStandAlonePlayer.aspx?Id=40ba6779-5f0b-43b4-a107-c5a3646161f1,https://councilrecord.ca/pittmeadows.html#vote/1u2kwvk,"THAT Council: A. Approve amendments to Council Policy C009 [ Council Liaisons ] as presented at the March 3, 2026 Regular Council Meeting; AND B. Repeal Council Policy C005 [ Counci l Appointments – Length of Tenure ]."
2026-03-03,Public Council,H.1,Interim Tree Management Bylaw,Main motion,Carried,7,0,0,,,In favour,In favour,In favour,In favour,In favour,In favour,In favour,Environment & climate,,,,https://pub-pittmeadows.escribemeetings.com/filestream.ashx?DocumentId=19687,https://pub-pittmeadows.escribemeetings.com/Players/ISIStandAlonePlayer.aspx?Id=40ba6779-5f0b-43b4-a107-c5a3646161f1,https://councilrecord.ca/pittmeadows.html#vote/1czqicc,"THAT Council: A. Adopt the Interim Tree Management Bylaw No. 3035, 2026; AND B. Adopt the Bylaw Notice Enforcement Amendment Bylaw No. 3040, 2026 ."
2026-03-03,Public Council,J,NOTICE OF CLOSED MEETING [Late Item],Main motion,Carried,7,0,0,,,In favour,In favour,In favour,In favour,In favour,In favour,In favour,Other,,,,https://pub-pittmeadows.escribemeetings.com/filestream.ashx?DocumentId=19687,https://pub-pittmeadows.escribemeetings.com/Players/ISIStandAlonePlayer.aspx?Id=40ba6779-5f0b-43b4-a107-c5a3646161f1,https://councilrecord.ca/pittmeadows.html#vote/1qyff3m,"THAT the Council meeting to be held on Wednesday March 11, 2026, at 1:30 p.m. at the School District 42 Office at 22225 Brown Ave, Maple Ridge, BC, be closed to the public as the subject matter being considered relates to the proposed provision of a municipal service, and the consideration of information held in confid ence between the municipality and another local government, under sections 90(1)(k) and 90(2)(b) of the Community Charter ."
2026-03-31,Public Council,G,CONSENT AGENDA,Main motion,Carried,6,0,1,,,In favour,In favour,In favour,In favour,In favour,In favour,Absent,Business & economy,,,,https://pub-pittmeadows.escribemeetings.com/filestream.ashx?DocumentId=19753,https://pub-pittmeadows.escribemeetings.com/Players/ISIStandAlonePlayer.aspx?Id=e75524cc-6579-449c-a9f1-8b2342906678,https://councilrecord.ca/pittmeadows.html#vote/1ntokzd,THAT the following items be received into the record: G.1 Non - Farm Use Application 105976 G.2 Agricult ure Municipality Initiative (AMI)
2026-03-31,Public Council,H.1,Pitt Meadows Athletic Park (PMAP) Expansion Project Update,Main motion,Carried,6,0,1,,,In favour,In favour,In favour,In favour,In favour,In favour,Absent,Environment & climate; Parks & recreation,,,,https://pub-pittmeadows.escribemeetings.com/filestream.ashx?DocumentId=19753,https://pub-pittmeadows.escribemeetings.com/Players/ISIStandAlonePlayer.aspx?Id=e75524cc-6579-449c-a9f1-8b2342906678,https://councilrecord.ca/pittmeadows.html#vote/t61fza,"THAT Council: A. Receive for information the Staff Report titled “Pitt Meadows Athletic Park (PMAP) Expansion Project Update” as presented at the March 31, 2026 Council Meeting."
2026-03-31,Public Council,H.2,Third Reading Extension for 12469 191 B St,Main motion,Carried,6,0,1,,,In favour,In favour,In favour,In favour,In favour,In favour,Absent,Development; Taxes & spending,,,,https://pub-pittmeadows.escribemeetings.com/filestream.ashx?DocumentId=19753,https://pub-pittmeadows.escribemeetings.com/Players/ISIStandAlonePlayer.aspx?Id=e75524cc-6579-449c-a9f1-8b2342906678,https://councilrecord.ca/pittmeadows.html#vote/mm4zkp,"THAT Council: A. Grant a six - month extension to the completion period for Zoning Amendment Bylaw No. 2997, 2025 for 12469 191B St ."
2026-03-31,Public Council,H.3,Provincial Housing Target: Initial Six - month Progress Report,Main motion,Carried,6,0,1,,,In favour,In favour,In favour,In favour,In favour,In favour,Absent,Housing & density,,,,https://pub-pittmeadows.escribemeetings.com/filestream.ashx?DocumentId=19753,https://pub-pittmeadows.escribemeetings.com/Players/ISIStandAlonePlayer.aspx?Id=e75524cc-6579-449c-a9f1-8b2342906678,https://councilrecord.ca/pittmeadows.html#vote/hb5tll,"THAT C ouncil: A. Receive the Provincial Housing Target Progress Report (September 1, 2025 to February 28, 2026) as presented at the March 31, 2026 Public Council Meeting."
2026-03-31,Public Council,I.1,2026 Financial Plan and Utility Fees Bylaws,Main motion,Carried,6,0,1,,,In favour,In favour,In favour,In favour,In favour,In favour,Absent,Taxes & spending; Public services,,,,https://pub-pittmeadows.escribemeetings.com/filestream.ashx?DocumentId=19753,https://pub-pittmeadows.escribemeetings.com/Players/ISIStandAlonePlayer.aspx?Id=e75524cc-6579-449c-a9f1-8b2342906678,https://councilrecord.ca/pittmeadows.html#vote/1cng8f8,"THAT Council: A. Grant first, second, and third readings to the 2026 – 2030 Financial Plan Bylaw No. 3048, 2026; AND B. Grant first, second, and third read ings to the Waterworks Amendment Bylaw No. 3043, 2026; AND C. Grant first, second, and third readings to the Sanitary Sewer and Drainage Amendment Bylaw No. 3044, 2026; AND D. Grant first, second, and third readings to the Solid Waste Collection and Disposal Ame ndment Bylaw No. 3045, 2026; AND E. Grant first, second, and third readings to the Drainage System Protection Amendment Bylaw No. 3046, 2026."
2026-03-31,Public Council,I.2,Development Permit Application for 19430 119B Avenue,Main motion,Carried,6,0,1,,,In favour,In favour,In favour,In favour,In favour,In favour,Absent,Housing & density; Development,,,,https://pub-pittmeadows.escribemeetings.com/filestream.ashx?DocumentId=19753,https://pub-pittmeadows.escribemeetings.com/Players/ISIStandAlonePlayer.aspx?Id=e75524cc-6579-449c-a9f1-8b2342906678,https://councilrecord.ca/pittmeadows.html#vote/17sqtao,THAT Council: A. Authorize issuance of Development Permit No. 2026 - 003 to permit development of a four - unit townhouse project at 19430 119B Ave.
2026-03-31,Public Council,I.3,"Business Licensing and Regulation Bylaw No. 3039, 2026",Main motion,Carried,6,0,1,,,In favour,In favour,In favour,In favour,In favour,In favour,Absent,Business & economy,,,,https://pub-pittmeadows.escribemeetings.com/filestream.ashx?DocumentId=19753,https://pub-pittmeadows.escribemeetings.com/Players/ISIStandAlonePlayer.aspx?Id=e75524cc-6579-449c-a9f1-8b2342906678,https://councilrecord.ca/pittmeadows.html#vote/18h4l89,"THAT Council: A. Adopt Business Licensing and Regulation Bylaw No. 3039, 2026 as presented at the March 31, 2026 Council meeting; AND B. Adopt Bylaw Notice Enforcement Amendment Bylaw No. 3041, 2026 as presented at the March 31, 2026 Council meeting."
2026-04-14,Public Council,G,CONSENT AGENDA,Main motion,Carried,7,0,0,,,In favour,In favour,In favour,In favour,In favour,In favour,In favour,Business & economy; Governance & elections,,,,https://pub-pittmeadows.escribemeetings.com/filestream.ashx?DocumentId=19834,https://pub-pittmeadows.escribemeetings.com/Players/ISIStandAlonePlayer.aspx?Id=2c17cae2-4b61-4c04-9746-9fb7045c6d49,https://councilrecord.ca/pittmeadows.html#vote/yjn0qx,"THAT the following items be received into the record: G.1 Metro 2050 Type 2 Proposed Amendment, Bylaw No. 1451, 2026 – City of Maple Ridge (North 256 Street Industrial Lands Area Plan) G.2 Metro 2050 Type 2 Proposed Amendment – City of Surrey (Hazelmere) G.3 Minister’s Statement on Private Member’s Bill M216 Item G.3 was pulled for discussion. Following the discussion , the question was called on the main mot ion and it was:"
2026-04-14,Public Council,H.1,Sole Source Purchase of Automated Debris Screens for Baynes Rd Pump Station,Main motion,Carried,7,0,0,,,In favour,In favour,In favour,In favour,In favour,In favour,In favour,Public services,,,,https://pub-pittmeadows.escribemeetings.com/filestream.ashx?DocumentId=19834,https://pub-pittmeadows.escribemeetings.com/Players/ISIStandAlonePlayer.aspx?Id=2c17cae2-4b61-4c04-9746-9fb7045c6d49,https://councilrecord.ca/pittmeadows.html#vote/12ej6f0,"THAT Council: A. Approve the sole source purchase of automated debris screens for the Baynes Rd Pump Station from International Water Screens for $594,000, plus GST, to ensure compatibility and standardization of pump station equipment."
2026-04-14,Public Council,H.2,Pitt Meadows Economic Development Corporation – Annual Business,Main motion,Carried,7,0,0,,,In favour,In favour,In favour,In favour,In favour,In favour,In favour,Environment & climate; Business & economy; Governance & elections,,,,https://pub-pittmeadows.escribemeetings.com/filestream.ashx?DocumentId=19834,https://pub-pittmeadows.escribemeetings.com/Players/ISIStandAlonePlayer.aspx?Id=2c17cae2-4b61-4c04-9746-9fb7045c6d49,https://councilrecord.ca/pittmeadows.html#vote/ivzc2,"THAT Council: A. Authorize the City, being the sole sharehold er of the Pitt Meadows Economic Development Corporation (the “Company”), to consent to the written resolutions of the Company, as presented to Council at the April 14, 2026 public meeting, in lieu of holding an annual general meeting; AND B. Direct the City’s authorized signatories to sign the resolutions of the Company on behalf of the City of Pitt Meadows."
2026-04-14,Public Council,H.3,Candidate Information Sessions and Council Orientation Plans,Main motion,Carried,7,0,0,,,In favour,In favour,In favour,In favour,In favour,In favour,In favour,Taxes & spending; Governance & elections,,,,https://pub-pittmeadows.escribemeetings.com/filestream.ashx?DocumentId=19834,https://pub-pittmeadows.escribemeetings.com/Players/ISIStandAlonePlayer.aspx?Id=2c17cae2-4b61-4c04-9746-9fb7045c6d49,https://councilrecord.ca/pittmeadows.html#vote/kqgy1s,"THAT Council: A. Approve amendments to Council Policy C062 [Council Orientation] as presented at the Regular Council Meeting on April 14, 2026; AND B. Approve an expenditure up to $4,500 from the election reserve to fund a candidate and community engagement workshop as part of the City’s pre - election strategy."
2026-04-14,Public Council,H.4,Q2 2026 Strategic Priorities Quarterly Report,Main motion,Carried,7,0,0,,,In favour,In favour,In favour,In favour,In favour,In favour,In favour,Other,,,,https://pub-pittmeadows.escribemeetings.com/filestream.ashx?DocumentId=19834,https://pub-pittmeadows.escribemeetings.com/Players/ISIStandAlonePlayer.aspx?Id=2c17cae2-4b61-4c04-9746-9fb7045c6d49,https://councilrecord.ca/pittmeadows.html#vote/1rtvg52,"THAT Council: A. Approve the operational strategies for Q2 2026 as presented at the April 14, 2026 Public Council Meeting."
2026-04-14,Public Council,I.1,2026 Good Governance Repeal Bylaw,Main motion,Carried,7,0,0,,,In favour,In favour,In favour,In favour,In favour,In favour,In favour,Taxes & spending; Governance & elections,,,,https://pub-pittmeadows.escribemeetings.com/filestream.ashx?DocumentId=19834,https://pub-pittmeadows.escribemeetings.com/Players/ISIStandAlonePlayer.aspx?Id=2c17cae2-4b61-4c04-9746-9fb7045c6d49,https://councilrecord.ca/pittmeadows.html#vote/1nbt20k,"THAT Council: A. Repeal Council Policies C086 [Use of Correctional Centre Work Crews] and C104 [COVID - 19 Financial Relief Grant]; AND B. Grant first, second, and third readings to the ‘2026 Good Governance Repeal Bylaw No. 3049, 2026’ as presented at the April 14, 2026 Council Meeting."
2026-04-14,Public Council,I.2,Proposed Amendments to the Officers and Delegation of Authority Bylaw,Main motion,Carried,7,0,0,,,In favour,In favour,In favour,In favour,In favour,In favour,In favour,Taxes & spending; Governance & elections,,,,https://pub-pittmeadows.escribemeetings.com/filestream.ashx?DocumentId=19834,https://pub-pittmeadows.escribemeetings.com/Players/ISIStandAlonePlayer.aspx?Id=2c17cae2-4b61-4c04-9746-9fb7045c6d49,https://councilrecord.ca/pittmeadows.html#vote/15ufal1,"THAT Council: A. Grant first, second and third readings to the Officers and Delegation of Authority Amendment Bylaw No. 3050, 2026."
2026-04-14,Public Council,I.3,2026 Financial Plan and Utility Fees Bylaws,Main motion,Carried,7,0,0,,,In favour,In favour,In favour,In favour,In favour,In favour,In favour,Taxes & spending; Public services,,,,https://pub-pittmeadows.escribemeetings.com/filestream.ashx?DocumentId=19834,https://pub-pittmeadows.escribemeetings.com/Players/ISIStandAlonePlayer.aspx?Id=2c17cae2-4b61-4c04-9746-9fb7045c6d49,https://councilrecord.ca/pittmeadows.html#vote/1pqog9u,"THAT Council: A. Adopt the Waterworks Amendment Bylaw No. 3043, 2026; AND B. Adopt the Sanitary Sewer and Drainage Amendment Bylaw No. 3044, 2026; AND C. Adopt the Solid Waste Collection and Disposal Amendment Bylaw No. 3045, 2026; AND D. Adopt the Drainage System Pr otection Amendment Bylaw No. 3046, 2026; AND E. Adopt the 2026 – 2030 Financial Plan Bylaw No. 3048, 2026."
2026-04-28,Public Council,H,CONSENT AGENDA,Main motion,Carried,7,0,0,,,In favour,In favour,In favour,In favour,In favour,In favour,In favour,Business & economy; Governance & elections,,,,https://pub-pittmeadows.escribemeetings.com/filestream.ashx?DocumentId=19838,https://pub-pittmeadows.escribemeetings.com/Players/ISIStandAlonePlayer.aspx?Id=ec4152f0-58a1-4091-81a6-13e1b4972c90,https://councilrecord.ca/pittmeadows.html#vote/2d46kd,"THAT the following items be received into the record: H.1 Memo to Council - 2026 Recruitment H.2 2026 BC Farmer’s Market Nutrition Coupon Program H.3 Committee Meeting Minutes H.3.1 February 5, 2026 - Economic Development Advisory Committee Meeting Minutes H.3.2 February 12, 2026 - Agricultural Advisory Committee Meeting Minutes H.3.3 February 19, 2026 - Comm unity Service Awards Task Force Meeting Minutes [DRAFT] H.3.4 February 23, 2026 - Community Support & Accessibility Committee Meeting Minutes [DRAFT] H.3.5 March 11, 2026 - Advisory Design Panel Meeting Minutes [DRAFT] H.3.6 March 12, 2026 - Agricultural A dvisory Committee Meeting Minutes H.3.7 March 18, 2026 - Pitt Meadows Day Advisory Committee Meeting Minutes [DRAFT] H.3.8 April 2, 2026 - Economic Development Advisory Committee Meeting Minutes [DRAFT] H.3.9 April 9, 2026 - Agricultural Advisory Committee Meeting Minutes [DRAFT] H.3.10 April 16, 2026 - Parks, Recreation and Culture Committee Meeting Minutes [DRAFT] Items H.2 and H.3.8 were PULLED for discussion. Following the discussion, the question was called on the main motion, and it was:"
2026-04-28,Public Council,I.1,Amenity Cost Charge Review and Inclusionary Zoning Feasibility Assessment,Main motion,Carried,7,0,0,,,In favour,In favour,In favour,In favour,In favour,In favour,In favour,Development; Taxes & spending,,,,https://pub-pittmeadows.escribemeetings.com/filestream.ashx?DocumentId=19838,https://pub-pittmeadows.escribemeetings.com/Players/ISIStandAlonePlayer.aspx?Id=ec4152f0-58a1-4091-81a6-13e1b4972c90,https://councilrecord.ca/pittmeadows.html#vote/90r8p4,"THAT Council: A. Receive for information the report entitled “Amenity Cost Charge Review and Inclusionary Zoning Feasibility Assessment” presented at the April 28, 2026 Public Council Meeting."
2026-04-28,Public Council,J.1,2026 Annual Tax Rates By law,Main motion,Carried,7,0,0,,,In favour,In favour,In favour,In favour,In favour,In favour,In favour,Taxes & spending; Governance & elections,1 of 2,,,https://pub-pittmeadows.escribemeetings.com/filestream.ashx?DocumentId=19838,https://pub-pittmeadows.escribemeetings.com/Players/ISIStandAlonePlayer.aspx?Id=ec4152f0-58a1-4091-81a6-13e1b4972c90,https://councilrecord.ca/pittmeadows.html#vote/2yruja,"THAT Council: A. D irect the CAO to write a letter to the P rovince expressing concerns over recent changes to the Provincial T ax D eferral P rogram, its impact on our community’s most vulnerable residents, and clarity as to where resident inquiries should be directed."
2026-04-28,Public Council,J.1,2026 Annual Tax Rates By law,Main motion,Carried,7,0,0,,,In favour,In favour,In favour,In favour,In favour,In favour,In favour,Taxes & spending,2 of 2,,,https://pub-pittmeadows.escribemeetings.com/filestream.ashx?DocumentId=19838,https://pub-pittmeadows.escribemeetings.com/Players/ISIStandAlonePlayer.aspx?Id=ec4152f0-58a1-4091-81a6-13e1b4972c90,https://councilrecord.ca/pittmeadows.html#vote/1ckdokf,"THAT Council: A. Grant first, second and third readings to the 2026 Annual Tax Rates Bylaw No. 3047, 2026."
2026-04-28,Public Council,J.2,"2026 Good Governance Repeal Bylaw No. 3049, 2026",Main motion,Carried,7,0,0,,,In favour,In favour,In favour,In favour,In favour,In favour,In favour,Governance & elections,,,,https://pub-pittmeadows.escribemeetings.com/filestream.ashx?DocumentId=19838,https://pub-pittmeadows.escribemeetings.com/Players/ISIStandAlonePlayer.aspx?Id=ec4152f0-58a1-4091-81a6-13e1b4972c90,https://councilrecord.ca/pittmeadows.html#vote/1ml059f,"THAT Council: A. Adopt the '2026 Good Governance Repeal Bylaw No. 3049, 2026'."
2026-04-28,Public Council,J.3,"Officers and Delegation of Authority Amendment Bylaw No. 3050, 2026",Main motion,Carried,7,0,0,,,In favour,In favour,In favour,In favour,In favour,In favour,In favour,Governance & elections,,,,https://pub-pittmeadows.escribemeetings.com/filestream.ashx?DocumentId=19838,https://pub-pittmeadows.escribemeetings.com/Players/ISIStandAlonePlayer.aspx?Id=ec4152f0-58a1-4091-81a6-13e1b4972c90,https://councilrecord.ca/pittmeadows.html#vote/h11l8a,"THAT Council: A. Adopt the 'Officers and Delegation of Authority Amendment Bylaw No. 305 0, 2026'."
2026-05-05,Public Council,H.1,Telecommunicati ons Tower at 18847 Lougheed Hwy,Main motion,Carried,7,0,0,,,In favour,In favour,In favour,In favour,In favour,In favour,In favour,Business & economy,,,,https://pub-pittmeadows.escribemeetings.com/filestream.ashx?DocumentId=19917,https://pub-pittmeadows.escribemeetings.com/Players/ISIStandAlonePlayer.aspx?Id=7ded361f-7ca0-4acf-8679-82631a54014a,https://councilrecord.ca/pittmeadows.html#vote/pt7212,"THAT Council: A. Direct staff to advise Terrion GP Inc. and Innovation, Science and Economic Development Canada that Terrion GP Inc. has satisfied the public consultation requirements as it relates to the proposal to construct a 47 m high telecommunications tower at 18847 Lougheed Hwy."
2026-05-05,Public Council,H.2,Urge nt Drainage Repairs - Update,Main motion,Carried,7,0,0,,,In favour,In favour,In favour,In favour,In favour,In favour,In favour,Public services,,,,https://pub-pittmeadows.escribemeetings.com/filestream.ashx?DocumentId=19917,https://pub-pittmeadows.escribemeetings.com/Players/ISIStandAlonePlayer.aspx?Id=7ded361f-7ca0-4acf-8679-82631a54014a,https://councilrecord.ca/pittmeadows.html#vote/o39qaj,"THAT Council: A. Receive for information the ‘Urgent Drainage Repairs – Update’ staff report as presented by staff at the May 5, 2026 Public Council Meeting; AND B. Approve the allocation of $215,000 from the Drainage Reserve towards funding the urgent drainage works."
2026-05-05,Public Council,H.3,Council Remuneration Citizen Task Force Recommendations,Main motion,Carried,7,0,0,,,In favour,In favour,In favour,In favour,In favour,In favour,In favour,Taxes & spending; Governance & elections,,,,https://pub-pittmeadows.escribemeetings.com/filestream.ashx?DocumentId=19917,https://pub-pittmeadows.escribemeetings.com/Players/ISIStandAlonePlayer.aspx?Id=7ded361f-7ca0-4acf-8679-82631a54014a,https://councilrecord.ca/pittmeadows.html#vote/bst6f7,"THAT Council: A. Formally receive the January 2026 Council Remuneration Citizen Task Force Report as presented at the May 5, 2026 Council Meeting; AND B. Accept the Task Force’s recommendations related to salary (i.e. items 1 to 5 under the Conclusion section of the Task Force’s Report), and direct Staff to coordinate implementation of the recommendations, starting at the beginning of the next Council term (November 3, 2026), with the following modification: 1. Use the following formula to determine the annual Council Member base rate for remuneration: Most Recent Median Income × 70% × CPI (Nov – Nov, Year 1) × CPI (Nov – Nov, Year 2) ;AND C. Accept the Task Force’s recommendations related to the Council Expenses Policy C068 (i.e. items 6 to 9 under the Conclusion section of the Task Force’s Report), and direct Staff to bring forward an amendment to Policy C068, as soon as practicable, to incorporate the recommendations, with the following modifications: 1. Amend section 5 of the Policy to include the following provision: “ Members of Council are pre - authorized to incur expenses as permitted by this policy up to the maximum amounts, per Member, established in this table. Exceeding these amounts should receive pre - approval by Council resolution where practicable. Where timelin es do not reasonably permit pre - approval, the variance will be reported to Council as soon as possible with a recommended budget amendment . A summary of the expenditure, including a description of the type of expenses, the estimated cost, and the reason fo r the expense, will accompany the report ”; 2. Add the following provision to section 5.2: “The Finance Department will provide Council with quarterly expense reports through a Regular Council meeting on the consent agenda. Council members are encouraged to mo nitor anticipated expenditures using a City - provided tracking template. Reporting frequency may be adjusted by the CAO or CFO where meeting schedules or operational constraints require”."
2026-05-05,Public Council,I.1,2026 Annual Tax Rates Bylaw,Main motion,Carried,7,0,0,,,In favour,In favour,In favour,In favour,In favour,In favour,In favour,Taxes & spending,,,,https://pub-pittmeadows.escribemeetings.com/filestream.ashx?DocumentId=19917,https://pub-pittmeadows.escribemeetings.com/Players/ISIStandAlonePlayer.aspx?Id=7ded361f-7ca0-4acf-8679-82631a54014a,https://councilrecord.ca/pittmeadows.html#vote/cvv1j8,"THAT Council: A. Adopt the 2026 Annual Tax Rates Bylaw No. 3047, 2026 as presented at the May 5, 2026 Council Meeting."
2026-05-12,Public Council,H.2,2025 Financial Statements and Audit Results,Main motion,Carried,7,0,0,,,In favour,In favour,In favour,In favour,In favour,In favour,In favour,Taxes & spending,,,,https://pub-pittmeadows.escribemeetings.com/filestream.ashx?DocumentId=19974,https://pub-pittmeadows.escribemeetings.com/Players/ISIStandAlonePlayer.aspx?Id=45ec3ee9-2fac-45d1-a801-001483c0c50b,https://councilrecord.ca/pittmeadows.html#vote/1pehoy,"THAT Council: A. Accept the City’s 2025 financial statements as presented at the May 12, 2026 Council Meeting, and direct the Mayor and Acting Director of Financial Services to sign the Consolidated Statement of Financial Position and forward the completed financial statements to the province as required by May 15, 2026; AND B. Direct sta ff to present the City’s 2025 financial statements along with the 2025 annual report at the June 23, 2026 Council meeting."
2026-05-12,Public Council,I,CONSENT AGENDA,Main motion,Carried,7,0,0,,,In favour,In favour,In favour,In favour,In favour,In favour,In favour,Taxes & spending,,,,https://pub-pittmeadows.escribemeetings.com/filestream.ashx?DocumentId=19974,https://pub-pittmeadows.escribemeetings.com/Players/ISIStandAlonePlayer.aspx?Id=45ec3ee9-2fac-45d1-a801-001483c0c50b,https://councilrecord.ca/pittmeadows.html#vote/17z5x6d,THAT the following item be received into the record: I.1 Concerns Regarding Property Tax Deferment Program Changes
2026-05-12,Public Council,J.1,2027 Business Plan Guidelines and Timeline,Main motion,Carried,7,0,0,,,In favour,In favour,In favour,In favour,In favour,In favour,In favour,Business & economy,,,,https://pub-pittmeadows.escribemeetings.com/filestream.ashx?DocumentId=19974,https://pub-pittmeadows.escribemeetings.com/Players/ISIStandAlonePlayer.aspx?Id=45ec3ee9-2fac-45d1-a801-001483c0c50b,https://councilrecord.ca/pittmeadows.html#vote/o25p6,"THAT Council: A. A pprove the 2027 Business Plan Guidelines and Timeline as presented at the May 12, 2026 Regular Council meeting."
2026-05-12,Public Council,J.2,North Lougheed Area Plan Update,Main motion,Carried,7,0,0,,,In favour,In favour,In favour,In favour,In favour,In favour,In favour,Other,,,,https://pub-pittmeadows.escribemeetings.com/filestream.ashx?DocumentId=19974,https://pub-pittmeadows.escribemeetings.com/Players/ISIStandAlonePlayer.aspx?Id=45ec3ee9-2fac-45d1-a801-001483c0c50b,https://councilrecord.ca/pittmeadows.html#vote/1k7onbb,"THAT Council: A. Has, pursuant to Section 475(2) of the Local Government Act , considered whether opportunities for consultation should be early and ongoing, and specifically whether consultation is required with: i. The Board of the Regional District in which the area covered by the plan is located, in the case of a Municipal Official Community Plan; ii. The Board of any Regional District that is adjacent to the area covered by the p lan; iii. The Council of any municipality that is adjacent to the area covered by the plan; iv. First Nations; v. Boards of Education, Greater Boards and Improvement District Boards, and vi. The Provincial and Federal Governments and their agencies; and, in that regard, c onsiders the consultation described in the “North Lougheed Area Plan Update” report presented at the May 12, 2026 Council meeting to be appropriate; AND B. Direct staff to proceed with the community engagement as described in the “North Lougheed Area Plan Upd ate” report presented at the May 12, 2026 Council meeting."
2026-05-12,Public Council,K.1,Rezoning Application for 19963 McNeil Road,Main motion,Carried,7,0,0,,,In favour,In favour,In favour,In favour,In favour,In favour,In favour,Housing & density; Development; Transportation,,,,https://pub-pittmeadows.escribemeetings.com/filestream.ashx?DocumentId=19974,https://pub-pittmeadows.escribemeetings.com/Players/ISIStandAlonePlayer.aspx?Id=45ec3ee9-2fac-45d1-a801-001483c0c50b,https://councilrecord.ca/pittmeadows.html#vote/1lhp7v,"THAT Council: A. Has, pursuant to Section 479(6) of the Local Government Act, considered the Provincial Policy Manual: Transit - Oriented Areas, as outlined in the “Rezoning Application for 19963 McNeil Road” report pre sented at the May 12, 2026 Council meeting, and in that regard, considers that no further consideration of the Provincial Policy Manual is required at this time; AND B. Grant first, second and third readings to Zoning Amendment Bylaw No. 3028, 2026; AND C. Requi re the following conditions be fulfilled prior to consideration of adoption of Zoning Amendment Bylaw No. 3028, 2026; 1. Payment of $46,000 as Residential Community Amenity Contribution as offered by the developer; 2. Payment of $22,000 as a heritage contributio n as offered by the developer."
2026-05-12,Public Council,K.2,Development Variance Permits for 12047 and 12043 Bonson Road,Main motion,Defeated,0,0,0,,,No recorded vote,No recorded vote,No recorded vote,No recorded vote,No recorded vote,No recorded vote,No recorded vote,Development,1 of 2,"The minutes record this motion as defeated without naming who voted against it, so individual votes are not shown.",,https://pub-pittmeadows.escribemeetings.com/filestream.ashx?DocumentId=19974,https://pub-pittmeadows.escribemeetings.com/Players/ISIStandAlonePlayer.aspx?Id=45ec3ee9-2fac-45d1-a801-001483c0c50b,https://councilrecord.ca/pittmeadows.html#vote/16ibl86,THAT Council: A. Deny issuance of Development Variance Permit No. 2026 - 001 for 12047 Bonson Road to reduce the rear yard setback; AND B. Deny issuance of Development Variance Permit No. 2026 - 002 for 12043 Bonson Road to reduce the rear yard setback.
2026-05-12,Public Council,K.2,Development Variance Permits for 12047 and 12043 Bonson Road,Main motion,Carried,5,2,0,,,In favour,In favour,In favour,Against,Against,In favour,In favour,Development,2 of 2,,,https://pub-pittmeadows.escribemeetings.com/filestream.ashx?DocumentId=19974,https://pub-pittmeadows.escribemeetings.com/Players/ISIStandAlonePlayer.aspx?Id=45ec3ee9-2fac-45d1-a801-001483c0c50b,https://councilrecord.ca/pittmeadows.html#vote/7m2wtb,"THAT Council: A. Authorize the issuance of Development Variance Permit No. 2026 - 001 for 12047 Bonson Road and Development Variance Permit No. 2026 - 002 for 12043 Bonson Road to reduce the rear yard setbacks for those properties, subject to the submission and approval by the Director of Planning and Development of a revised landscaping plan that includes additional landscaping or fencin g to address privacy concerns."
2026-05-12,Public Council,K.3,Development Permit Application for 12050 Bonson Rd,Main motion,Carried,7,0,0,,,In favour,In favour,In favour,In favour,In favour,In favour,In favour,Development,,,,https://pub-pittmeadows.escribemeetings.com/filestream.ashx?DocumentId=19974,https://pub-pittmeadows.escribemeetings.com/Players/ISIStandAlonePlayer.aspx?Id=45ec3ee9-2fac-45d1-a801-001483c0c50b,https://councilrecord.ca/pittmeadows.html#vote/jvdg9e,THAT C ouncil: A. Authorize issuance of Development Permit No. 2026 - 006 to permit the development of a four - unit multi - plex project at 12050 Bonson Rd.
2026-05-12,Public Council,K.4,Bylaw Amendments in Advance of the General Local Election,Main motion,Carried,7,0,0,,,In favour,In favour,In favour,In favour,In favour,In favour,In favour,Taxes & spending; Neighbourhood character; Governance & elections,,,,https://pub-pittmeadows.escribemeetings.com/filestream.ashx?DocumentId=19974,https://pub-pittmeadows.escribemeetings.com/Players/ISIStandAlonePlayer.aspx?Id=45ec3ee9-2fac-45d1-a801-001483c0c50b,https://councilrecord.ca/pittmeadows.html#vote/4p7j4n,"THAT Council: A. Grant first, second and third readings to Election Bylaw Amendment Bylaw No. 3051, 2026; AND B. Receive for information Sta ff’s update on Sign Bylaw No. 2719, 2015 and Oath of Office Bylaw No. 2907, 2021 and confirm that no amendments are required in advance of the Local Government and School Trustee elections."
2026-06-02,Public Council,H.2,Non - farm Use Application for 19418 McNeil Rd,Main motion,Carried,4,2,1,,,Absent,In favour,In favour,Against,In favour,Against,In favour,Parks & recreation; Business & economy,,,,https://pub-pittmeadows.escribemeetings.com/filestream.ashx?DocumentId=20069,https://pub-pittmeadows.escribemeetings.com/Players/ISIStandAlonePlayer.aspx?Id=d603c375-bf31-4964-9007-ed8fd2877543,https://councilrecord.ca/pittmeadows.html#vote/bd27qb,THAT Council: A. Decline to forward to the ALC the non - farm use application for 19418 McNeil Road to use the subject property for a vintage automobile museum.
2026-06-02,Public Council,H.3,City of Pitt Meadows Regional Context Statement,Main motion,Carried,6,0,1,,,Absent,In favour,In favour,In favour,In favour,In favour,In favour,Environment & climate; Business & economy,,,,https://pub-pittmeadows.escribemeetings.com/filestream.ashx?DocumentId=20069,https://pub-pittmeadows.escribemeetings.com/Players/ISIStandAlonePlayer.aspx?Id=d603c375-bf31-4964-9007-ed8fd2877543,https://councilrecord.ca/pittmeadows.html#vote/zs8dne,"THAT Council: A. Has, pursuant to Sect ion 473(4) of the Local Government Act , considered the Province of British Columbia’s Proactive Planning Guidance; the Provincial Policy Manual and Site Standards for Small - Scale Multi - Unit Housing; and the Provincial Policy Manual: Transit - Oriented Areas, as outlined in the ""City of Pitt Meadows Regional Context Statement” report presented at the June 2, 2026 Public Council meeting, and in that regard, considers that no further consideration of the Provincial Policy Manuals is required at this time; AND B. Gr ant first and second readings to Official Community Plan Amendment Bylaw No. 3056, 2026; AND C. Has, pursuant to Section 477(3)(a) of the Local Government Act, considered Official Community Plan Amendment Bylaw No. 3056, 2026 in conjunction with the City’s fi nancial plan and waste management plans, as outlined in the “City of Pitt Meadows Regional Context Statement” report presented at the June 2, 2026 Public Council meeting, and, in that regard, considers that no further consideration of the financial plan an d waste management plans is required at this time; AND D. Direct Staff, pursuant to Section 477(3)(b) of the Local Government Act , to refer Official Community Plan Amendment Bylaw No. 3056, 2026 to the Provincial Agricultural Land Commission; AND E. Direct Staff to schedule a public hearing for an upcoming meeting of Council."
2026-06-02,Public Council,H.4,Notice of Motion: UBCM Sessions Submissions,Main motion,Carried,6,0,1,,,Absent,In favour,In favour,In favour,In favour,In favour,In favour,Governance & elections,,,,https://pub-pittmeadows.escribemeetings.com/filestream.ashx?DocumentId=20069,https://pub-pittmeadows.escribemeetings.com/Players/ISIStandAlonePlayer.aspx?Id=d603c375-bf31-4964-9007-ed8fd2877543,https://councilrecord.ca/pittmeadows.html#vote/ffllq2,"THAT Council: A. Endorse the UBCM sessions submissions as presented at the June 2, 2026 Public Council Meeting."
2026-06-02,Public Council,I.1,Soil Permit for 19438 116b Ave - Pitt Meadows Secondary School,Main motion,Carried,6,0,1,,,Absent,In favour,In favour,In favour,In favour,In favour,In favour,Environment & climate,,,,https://pub-pittmeadows.escribemeetings.com/filestream.ashx?DocumentId=20069,https://pub-pittmeadows.escribemeetings.com/Players/ISIStandAlonePlayer.aspx?Id=d603c375-bf31-4964-9007-ed8fd2877543,https://councilrecord.ca/pittmeadows.html#vote/1axbarb,"THAT Council: A. Receive for information the Staff Report titled “Soil Permit for 19438 116b Ave - Pitt Meadows Secondary School” as presented at the June 2, 2026 Public Council meeting."
2026-06-02,Public Council,I.2,Temporary Use Permit Application for 17607 and 17890 Ford Road Detour,Main motion,Carried,5,1,1,,,Absent,In favour,In favour,In favour,In favour,In favour,Against,Development,,,,https://pub-pittmeadows.escribemeetings.com/filestream.ashx?DocumentId=20069,https://pub-pittmeadows.escribemeetings.com/Players/ISIStandAlonePlayer.aspx?Id=d603c375-bf31-4964-9007-ed8fd2877543,https://councilrecord.ca/pittmeadows.html#vote/rcgygw,"THAT Council: A. Approve issuance of Temporary Use Permit No. 2026 - 001 for soil screening, mixing, and production at 17607 and 17890 Ford Rd Detour."
2026-06-02,Public Council,I.3,"Election Bylaw Amendment Bylaw No. 3051, 2026",Main motion,Carried,6,0,1,,,Absent,In favour,In favour,In favour,In favour,In favour,In favour,Governance & elections,,,,https://pub-pittmeadows.escribemeetings.com/filestream.ashx?DocumentId=20069,https://pub-pittmeadows.escribemeetings.com/Players/ISIStandAlonePlayer.aspx?Id=d603c375-bf31-4964-9007-ed8fd2877543,https://councilrecord.ca/pittmeadows.html#vote/ihl212,"THAT Council: A. Adopt Election Bylaw Amendment Bylaw No. 3051, 2026, as presented at the June 2, 2026, Council Meeting."
2026-06-09,Public Council,D.1,E - Comm 2026 Annual General Meeting of Shareholders,Main motion,Carried,7,0,0,,,In favour,In favour,In favour,In favour,In favour,In favour,In favour,Governance & elections,,,,https://pub-pittmeadows.escribemeetings.com/filestream.ashx?DocumentId=20070,,https://councilrecord.ca/pittmeadows.html#vote/1c6kr31,"THAT Council: A. As a shareholder of E - Comm, approve all proposed resolutions for the June 24, 2026 E - Comm Annual General Meeting of Shareholders, as outlined in the Notice of AGM and as presented to Council at the June 9, 2026 Special (Public) Council Meeting; AND B. Appoint Mark Roberts, Chief Administrative Officer, as the City’s authorized representative for the purposes of the E - Comm AGM, and direct the CAO to sign and submit the Form of Proxy indicating Council’s endorsement of all recommended motions and appointing Nancy Kotani, Chair of the E - Comm Board, as the City’s proxyholder."
2026-06-23,Public Council,I,CONSENT AGENDA,Main motion,Carried,7,0,0,,,In favour,In favour,In favour,In favour,In favour,In favour,In favour,Other,,,,https://pub-pittmeadows.escribemeetings.com/filestream.ashx?DocumentId=20131,https://pub-pittmeadows.escribemeetings.com/Players/ISIStandAlonePlayer.aspx?Id=2dce6343-b56e-4ee0-b1a4-b53ec2d95771,https://councilrecord.ca/pittmeadows.html#vote/tqe670,"THAT the following items be received into the record: I.1 Q1 2026 Council Expenses Report I.2 National Drowning Prevention Week Item I.2 was PULLED for discussion. Following the discussion the ques tion was called on the main motion, and it was:"
2026-06-23,Public Council,J.1,Environmental Inventory and Management Strategy Update,Main motion,Carried,7,0,0,,,In favour,In favour,In favour,In favour,In favour,In favour,In favour,Environment & climate; Public services,,,,https://pub-pittmeadows.escribemeetings.com/filestream.ashx?DocumentId=20131,https://pub-pittmeadows.escribemeetings.com/Players/ISIStandAlonePlayer.aspx?Id=2dce6343-b56e-4ee0-b1a4-b53ec2d95771,https://councilrecord.ca/pittmeadows.html#vote/1m0bbfm,"THAT Council: A. Receive for information the Environmental Inventory and Management Strategy Update report as presented at the June 23, 2026 Public Council Meeting."
2026-06-23,Public Council,J.2,2025 Traffic Management a nd Statistics Update,Main motion,Carried,7,0,0,,,In favour,In favour,In favour,In favour,In favour,In favour,In favour,Transportation,,,,https://pub-pittmeadows.escribemeetings.com/filestream.ashx?DocumentId=20131,https://pub-pittmeadows.escribemeetings.com/Players/ISIStandAlonePlayer.aspx?Id=2dce6343-b56e-4ee0-b1a4-b53ec2d95771,https://councilrecord.ca/pittmeadows.html#vote/1wx6co1,"THAT Council: A. Receive for information the Staff Report titled ‘Traffic Management, Statistics and Initiatives – Update’ as presented at the June 23, 2026 Council Meeting."
2026-06-23,Public Council,J.3,Sole Source Purchase of Automated Debris Screens for Kennedy Pump Station,Main motion,Carried,7,0,0,,,In favour,In favour,In favour,In favour,In favour,In favour,In favour,Public services,,,,https://pub-pittmeadows.escribemeetings.com/filestream.ashx?DocumentId=20131,https://pub-pittmeadows.escribemeetings.com/Players/ISIStandAlonePlayer.aspx?Id=2dce6343-b56e-4ee0-b1a4-b53ec2d95771,https://councilrecord.ca/pittmeadows.html#vote/19uf6vv,"THAT Council: A. Approve the sole source purchase of automated debris screens for the Kennedy Pump Station from Internatio nal Water Screens for approximately $1,059,000 plus GST, to ensure compatibility and standardization of pump station equipment."
2026-06-23,Public Council,J.4,2026 UBCM Convention – Meetings with Provincial Ministers,Main motion,Carried,7,0,0,,,In favour,In favour,In favour,In favour,In favour,In favour,In favour,Transportation; Parks & recreation; Governance & elections,,,,https://pub-pittmeadows.escribemeetings.com/filestream.ashx?DocumentId=20131,https://pub-pittmeadows.escribemeetings.com/Players/ISIStandAlonePlayer.aspx?Id=2dce6343-b56e-4ee0-b1a4-b53ec2d95771,https://councilrecord.ca/pittmeadows.html#vote/1l1hzdc,"THAT Council: A. Direct staff to submit the following prioritized requests for meetings with Provincial Cabinet Ministers during the 2026 UBCM Conv ention: 1. The Hon. Mike Farnworth, Minister of Transportation and Transit, regarding Lougheed Highway and Harris Road intersection improvements and progression towards implementation; AND 2. The Hon. Brenda Bailey, Minister of Finance, regarding agricultural mu nicipal support and local government climate funding; AND 3. The Hon. Christine Boyle, Minister of Housing and Municipal Affairs, regarding enhanced provincial - local government consultation on legislative reform; AND 4. The Hon. Josie Osborne, Minister of Health , regarding Ridge Meadows Hospital operational pressures and service delivery challenges. B. Direct staff to prepare discussion papers for each requested meeting outlining relevant background information and any specific requests; AND C. Direct staff to invite r epresentation from q̓ic̓ ə y̓ (Katzie) First Nation to join Council for the above meetings as available; AND D. Direct staff to invite Minister Lisa Beare to join Council for the above meetings as available."
2026-06-23,Public Council,J.6,2025 Statement of Financial Information (SOFI),Main motion,Carried,7,0,0,,,In favour,In favour,In favour,In favour,In favour,In favour,In favour,Taxes & spending,,,,https://pub-pittmeadows.escribemeetings.com/filestream.ashx?DocumentId=20131,https://pub-pittmeadows.escribemeetings.com/Players/ISIStandAlonePlayer.aspx?Id=2dce6343-b56e-4ee0-b1a4-b53ec2d95771,https://councilrecord.ca/pittmeadows.html#vote/tgaf9f,"THAT Council: A. Approve the City’s 2025 Statement of Financial Information as presented at the June 23, 2026 Public Council Meeting for submission to the Ministry of Municipal Affairs by June 30, 2026 and for availability to the public."
2026-06-23,Public Council,J.7,Inv estment Policy and Debt Management Policy Updates,Main motion,Carried,7,0,0,,,In favour,In favour,In favour,In favour,In favour,In favour,In favour,Taxes & spending; Governance & elections,,,,https://pub-pittmeadows.escribemeetings.com/filestream.ashx?DocumentId=20131,https://pub-pittmeadows.escribemeetings.com/Players/ISIStandAlonePlayer.aspx?Id=2dce6343-b56e-4ee0-b1a4-b53ec2d95771,https://councilrecord.ca/pittmeadows.html#vote/1asbge2,"THAT Council: A. Approve the amendments to Council Policy C055 [Investment Policy] and Council Policy C095 [Debt Management Policy] as presented at the June 23, 2026 Public Meeting of Council."
2026-06-23,Public Council,K.1,2025 - 2029 Financial Plan Bylaw Amendment,Main motion,Carried,7,0,0,,,In favour,In favour,In favour,In favour,In favour,In favour,In favour,Taxes & spending,,,,https://pub-pittmeadows.escribemeetings.com/filestream.ashx?DocumentId=20131,https://pub-pittmeadows.escribemeetings.com/Players/ISIStandAlonePlayer.aspx?Id=2dce6343-b56e-4ee0-b1a4-b53ec2d95771,https://councilrecord.ca/pittmeadows.html#vote/gckrhg,"THAT Council: A. Grant first, second and third readings to the 2025 – 2029 Financial Plan Amendment Bylaw No. 3058, 2026 as presented at the June 23, 2026 Council Meeting."
2026-06-23,Public Council,K.2,Rezoning Application for 11812 Blakely Rd,Main motion,Carried,6,1,0,,,In favour,In favour,In favour,Against,In favour,In favour,In favour,Housing & density; Development; Transportation,,,,https://pub-pittmeadows.escribemeetings.com/filestream.ashx?DocumentId=20131,https://pub-pittmeadows.escribemeetings.com/Players/ISIStandAlonePlayer.aspx?Id=2dce6343-b56e-4ee0-b1a4-b53ec2d95771,https://councilrecord.ca/pittmeadows.html#vote/1b3beyd,"THAT Council: A. Has, pursuant to Sections 479(6) and 481.3(7) of the Local Government Act, considered the Provincial Policy Manual: Transit - Oriented Areas and the Provincial Policy Manual: Small Scale, Multi - Unit Housing, as outlined in the “Rezoning Application for 11812 Blakely Rd” report presented at the June 23, 2026 Council meeting, and in that regard, considers that no further consideration of the Provincial Policy Manuals is required at this time; AND B. Grant first, second and third readings to Zoning Amendment Bylaw No. 3052, 2026; AND C. Require the following cond ition be fulfilled prior to adoption of Zoning Amendment Bylaw No. 3052, 2026; 1. Modification of existing covenant registered on title, to require a single garage for each dwelling unit; 2. Road dedication as identified in the Subdivision and Development Servic ing Bylaw No. 2589, 2013."
2026-06-23,Public Council,K.3,"Council Compensation Bylaw No. 3054, 2026 and Council Expense Policy C068 Amendments",Main motion,Carried,7,0,0,,,In favour,In favour,In favour,In favour,In favour,In favour,In favour,Taxes & spending; Governance & elections,,,,https://pub-pittmeadows.escribemeetings.com/filestream.ashx?DocumentId=20131,https://pub-pittmeadows.escribemeetings.com/Players/ISIStandAlonePlayer.aspx?Id=2dce6343-b56e-4ee0-b1a4-b53ec2d95771,https://councilrecord.ca/pittmeadows.html#vote/1nv1kof,"THAT Council: A. Grant first, second and third readings to Council Compensation Bylaw No. 3054, 2026; AND B. Approve amendments to Council Policy C068 [Council Expense Policy] as presented at the June 23, 2026 Council Meeting."
2026-07-07,Public Council,F,CONSENT AGENDA,Main motion,Carried,7,0,0,,,In favour,In favour,In favour,In favour,In favour,In favour,In favour,Taxes & spending,,,,https://pub-pittmeadows.escribemeetings.com/filestream.ashx?DocumentId=20185,https://pub-pittmeadows.escribemeetings.com/Players/ISIStandAlonePlayer.aspx?Id=48e005b5-98eb-40eb-a852-4cae3b35ecef,https://councilrecord.ca/pittmeadows.html#vote/1l8vk2x,THAT the following items be received into the record: F.1 Petition Against North Lougheed Area Plan [NLAP] F.2 Concerns Regarding Property Tax Deferment Program Changes
2026-07-07,Public Council,G.1,School District 42 Eligible School Sites Proposal,Main motion,Carried,7,0,0,,,In favour,In favour,In favour,In favour,In favour,In favour,In favour,Governance & elections,,,,https://pub-pittmeadows.escribemeetings.com/filestream.ashx?DocumentId=20185,https://pub-pittmeadows.escribemeetings.com/Players/ISIStandAlonePlayer.aspx?Id=48e005b5-98eb-40eb-a852-4cae3b35ecef,https://councilrecord.ca/pittmeadows.html#vote/j1kfxm,"THAT Council: A. Accept School District 42 Board of Education’s resolution of proposed eligible school site requirements as outlined in their correspondence dated May 14, 2026, and as presented at the Ju ly 7, 2026 Public Council Meeting."
2026-07-07,Public Council,G.2,Proposed Amendments to Metro 2050,Main motion,Carried,7,0,0,,,In favour,In favour,In favour,In favour,In favour,In favour,In favour,Governance & elections,,,,https://pub-pittmeadows.escribemeetings.com/filestream.ashx?DocumentId=20185,https://pub-pittmeadows.escribemeetings.com/Players/ISIStandAlonePlayer.aspx?Id=48e005b5-98eb-40eb-a852-4cae3b35ecef,https://councilrecord.ca/pittmeadows.html#vote/omwlfk,"THAT Council: A. Receive for information the report titled “Proposed Amendments to Metro 2050” as presented at the July 7, 2026 Public Council Meeting; AND B. Direct Staff to respond to the Metro Vancouver Board regarding the proposed amendment, emphasizing the importance of agricultural land protection and expressing support for the inclusion of enhanced agricultural policies in future regional growth strategies."
2026-07-07,Public Council,G.3,Amendments to Council Policy C001 [Flag Policy],Main motion,Carried,7,0,0,,,In favour,In favour,In favour,In favour,In favour,In favour,In favour,Governance & elections,,,,https://pub-pittmeadows.escribemeetings.com/filestream.ashx?DocumentId=20185,https://pub-pittmeadows.escribemeetings.com/Players/ISIStandAlonePlayer.aspx?Id=48e005b5-98eb-40eb-a852-4cae3b35ecef,https://councilrecord.ca/pittmeadows.html#vote/tf7a7s,"THAT Council: A. Approve amendments to Council Policy C001 [Flag Policy] as presented at the July 7, 2026 Council Meeting."
2026-07-07,Public Council,G.4,Q3 2026 Strategic Priorities Quarterly Report,Main motion,Carried,7,0,0,,,In favour,In favour,In favour,In favour,In favour,In favour,In favour,Other,,,,https://pub-pittmeadows.escribemeetings.com/filestream.ashx?DocumentId=20185,https://pub-pittmeadows.escribemeetings.com/Players/ISIStandAlonePlayer.aspx?Id=48e005b5-98eb-40eb-a852-4cae3b35ecef,https://councilrecord.ca/pittmeadows.html#vote/qst3os,"THAT Council: A. Approve the operational strategies for Q3 2026 as presented at the July 7, 2026 Public Council Meeting."
2026-07-07,Public Council,H.1,Development Permit Amendment for Meadowtown Shopping Centre,Main motion,Carried,7,0,0,,,In favour,In favour,In favour,In favour,In favour,In favour,In favour,Development; Environment & climate,,,,https://pub-pittmeadows.escribemeetings.com/filestream.ashx?DocumentId=20185,https://pub-pittmeadows.escribemeetings.com/Players/ISIStandAlonePlayer.aspx?Id=48e005b5-98eb-40eb-a852-4cae3b35ecef,https://councilrecord.ca/pittmeadows.html#vote/111ipnm,"THAT Council: A. Approve is suance of Development Permit Amendment No. 2002 - 005 - 015, to permit revisions to the Meadowtown Shopping Centre expansion."
2026-07-07,Public Council,H.2,Development Permit Application for 12024 190 St.,Main motion,Carried,7,0,0,,,In favour,In favour,In favour,In favour,In favour,In favour,In favour,Housing & density; Development,,,,https://pub-pittmeadows.escribemeetings.com/filestream.ashx?DocumentId=20185,https://pub-pittmeadows.escribemeetings.com/Players/ISIStandAlonePlayer.aspx?Id=48e005b5-98eb-40eb-a852-4cae3b35ecef,https://councilrecord.ca/pittmeadows.html#vote/1kkxnhv,THAT Council: A. Authorize issuance of Development Permit No. 2026 - 010 to permit the development of six residential units at 12024 190 St.
2026-07-07,Public Council,H.3,Planning and Deve lopment Bylaws Repeal Bylaw,Main motion,Carried,7,0,0,,,In favour,In favour,In favour,In favour,In favour,In favour,In favour,Taxes & spending; Governance & elections,,,,https://pub-pittmeadows.escribemeetings.com/filestream.ashx?DocumentId=20185,https://pub-pittmeadows.escribemeetings.com/Players/ISIStandAlonePlayer.aspx?Id=48e005b5-98eb-40eb-a852-4cae3b35ecef,https://councilrecord.ca/pittmeadows.html#vote/12fy0mm,"THAT Council: A. Grant first, second and third readings to ‘Planning and Development Bylaws Repeal Bylaw No. 3057, 2026’ as presented at the July 7, 2026 Council Meeting; AND B. Repeal Council Policy C047 [Sustainability Checklists]."
2026-07-07,Public Council,H.4,Common Seal Repeal Bylaw,Main motion,Carried,7,0,0,,,In favour,In favour,In favour,In favour,In favour,In favour,In favour,Other,,,,https://pub-pittmeadows.escribemeetings.com/filestream.ashx?DocumentId=20185,https://pub-pittmeadows.escribemeetings.com/Players/ISIStandAlonePlayer.aspx?Id=48e005b5-98eb-40eb-a852-4cae3b35ecef,https://councilrecord.ca/pittmeadows.html#vote/106mdjr,"THAT Council: A. Give first, second, and third readings to Common Seal Repeal Bylaw No. 3055, 2026; AND B. Direct staff to review Municipal Coat of Arms, Flag and Badge Bylaw No. 2159, 2003 and recommend amendments during the next Council term."
2026-07-07,Public Council,H.5,City of Pitt Meadows Regional Context Statement – Third Reading,Main motion,Carried,7,0,0,,,In favour,In favour,In favour,In favour,In favour,In favour,In favour,Housing & density; Development; Taxes & spending; Environment & climate,,,,https://pub-pittmeadows.escribemeetings.com/filestream.ashx?DocumentId=20185,https://pub-pittmeadows.escribemeetings.com/Players/ISIStandAlonePlayer.aspx?Id=48e005b5-98eb-40eb-a852-4cae3b35ecef,https://councilrecord.ca/pittmeadows.html#vote/spy0a9,"THAT Council: A. Grant third reading to Official Community Plan Amendm ent Bylaw No. 3056, 2026; AND B. Direct staff, pursuant to Section 448(1)(a) of the Local Government Act , to submit Official Community Plan Amendment Bylaw No. 3056, 2026 to the Metro Vancouver Regional District Board for acceptance of the Regional Context St atement."
2026-07-07,Public Council,H.6,"Council Compensation Bylaw No. 3054, 2026",Main motion,Carried,7,0,0,,,In favour,In favour,In favour,In favour,In favour,In favour,In favour,Other,,,,https://pub-pittmeadows.escribemeetings.com/filestream.ashx?DocumentId=20185,https://pub-pittmeadows.escribemeetings.com/Players/ISIStandAlonePlayer.aspx?Id=48e005b5-98eb-40eb-a852-4cae3b35ecef,https://councilrecord.ca/pittmeadows.html#vote/1ie69zs,"THAT Council: A. Adopt Council Compensation Bylaw No. 3054, 2026 as presented at the July 7, 2026 Regular Council Meeting."
2026-07-07,Public Council,H.7,"2025 – 2029 Financial Plan Amendment Bylaw No. 3058, 2026",Main motion,Carried,7,0,0,,,In favour,In favour,In favour,In favour,In favour,In favour,In favour,Taxes & spending,,,,https://pub-pittmeadows.escribemeetings.com/filestream.ashx?DocumentId=20185,https://pub-pittmeadows.escribemeetings.com/Players/ISIStandAlonePlayer.aspx?Id=48e005b5-98eb-40eb-a852-4cae3b35ecef,https://councilrecord.ca/pittmeadows.html#vote/pfzrr,"THAT Council: A. Adopt the 2025 – 2029 Financial Plan Amendment Bylaw No. 3058, 2026 as presented at the July 7, 2026 Regular Meeting of Council."
2026-07-21,Public Council,H.1,Lower Fraser Floodplains Coalition,Main motion,Carried,7,0,0,,,In favour,In favour,In favour,In favour,In favour,In favour,In favour,Environment & climate,,,,https://pub-pittmeadows.escribemeetings.com/filestream.ashx?DocumentId=20248,https://pub-pittmeadows.escribemeetings.com/Players/ISIStandAlonePlayer.aspx?Id=910d49d5-508e-4455-8771-1bd3b83de400,https://councilrecord.ca/pittmeadows.html#vote/1im5jc1,"THAT Council: A. Endorse the following ‘Joint Statement on Action for Flood Resilience in the Lower Mainland’ as presented by the Lower Fraser Floodplains Coalition: “ We call on the federal and provincial governments to :  Recognize the Lower Fraser’s resilience as a matter of national and provincial significance: urgently requiring attention, but manageable with practical measures , and essential for the long - term safety, and the cultural and economic well - being of all communities, the province and the country;  Recognize that collaboration, not competition for piecemeal funding, is the foundation for resilience in the Lower Fraser, and that enabling First Nations and local governments to work together to meet responsibilities to their communities that flow from title and rights and jurisdictions, is part of that foundation ;  Address federal and provincial responsibilities to ensure th e resilience of critical infrastructure essential for the region, for British Columbia and for Canada; and  Develop a sustained, long - term investment program for the Lower Fraser adequate to support collaborative work across federal, provincial and local governments, First Nations and the private sector to achieve regional floodplain resilience that works with nature, not against it. No single community can do this work alone. We know that our future depends on working together to build a safer, more resil ient region and we call on the federal and provincial governments to step forward with us."""
2026-07-21,Public Council,I,CONSENT AGENDA,Main motion,Carried,7,0,0,,,In favour,In favour,In favour,In favour,In favour,In favour,In favour,Housing & density; Governance & elections,,,,https://pub-pittmeadows.escribemeetings.com/filestream.ashx?DocumentId=20248,https://pub-pittmeadows.escribemeetings.com/Players/ISIStandAlonePlayer.aspx?Id=910d49d5-508e-4455-8771-1bd3b83de400,https://councilrecord.ca/pittmeadows.html#vote/p6yy4u,"THAT Council: A. Direct Staff to prepare a letter in response to Minister Boyle's correspondence dated July 14, 2026 and attach to the one - year housing target order report at the time of submission to the Province; AND B. Direct Staff to coordinate a meeting between the mayor and MLA Lisa Beare regarding the challenges of Ministry expectations; AND C. Dire ct Staff to extend an invitation to Minister Boyle to visit Pitt Meadows to better understand the nuances of the community."
2026-07-21,Public Council,J.1,Quint Aerial Apparatus Procurement,Main motion,Carried,7,0,0,,,In favour,In favour,In favour,In favour,In favour,In favour,In favour,Taxes & spending; Business & economy,,,,https://pub-pittmeadows.escribemeetings.com/filestream.ashx?DocumentId=20248,https://pub-pittmeadows.escribemeetings.com/Players/ISIStandAlonePlayer.aspx?Id=910d49d5-508e-4455-8771-1bd3b83de400,https://councilrecord.ca/pittmeadows.html#vote/owojmd,"THAT Council: A. Receive for information the Staff Report titled “Quint Aerial Apparatus Procurement” as presented at the July 21, 2026 Council Meeting; AND B. Direct staff to proceed with a contract award to Commercial Emergency Equipment for the purchase of a new aerial apparatus/quint at a cost of $2,493,808.50, paying a 10% deposit at the timing of booking and the remaining balance due on delivery."
2026-07-21,Public Council,J.2,Parks Maintenance Policy C103 Update,Main motion,Carried,7,0,0,,,In favour,In favour,In favour,In favour,In favour,In favour,In favour,Parks & recreation; Governance & elections,,,,https://pub-pittmeadows.escribemeetings.com/filestream.ashx?DocumentId=20248,https://pub-pittmeadows.escribemeetings.com/Players/ISIStandAlonePlayer.aspx?Id=910d49d5-508e-4455-8771-1bd3b83de400,https://councilrecord.ca/pittmeadows.html#vote/1pmogts,"THAT Council: A. Approve amendments to Council Policy C103 [Parks Maintenance Policy] as presented at the July 21, 2026 Council Meeting."
2026-07-21,Public Council,J.3,"Sponsorship, Naming and Honourary Naming Rights Policy C114",Main motion,Carried,7,0,0,,,In favour,In favour,In favour,In favour,In favour,In favour,In favour,Taxes & spending; Neighbourhood character; Governance & elections,,,,https://pub-pittmeadows.escribemeetings.com/filestream.ashx?DocumentId=20248,https://pub-pittmeadows.escribemeetings.com/Players/ISIStandAlonePlayer.aspx?Id=910d49d5-508e-4455-8771-1bd3b83de400,https://councilrecord.ca/pittmeadows.html#vote/igs55n,"THAT Council: A. Approve Council Policy C114 [Sponsorship, Naming and Honourary Naming Rights Policy], as presented at the July 21, 2026 Council Meeting; A ND B. Repeal Council Policies C059 [Sponsorship and Advertising on City Owned or City Managed Property] and C084 [Naming of City Owned or City Managed Assets]."
2026-07-21,Public Council,J.4,Communications and Civic Engagement Division Progress Update,Main motion,Carried,7,0,0,,,In favour,In favour,In favour,In favour,In favour,In favour,In favour,Other,,,,https://pub-pittmeadows.escribemeetings.com/filestream.ashx?DocumentId=20248,https://pub-pittmeadows.escribemeetings.com/Players/ISIStandAlonePlayer.aspx?Id=910d49d5-508e-4455-8771-1bd3b83de400,https://councilrecord.ca/pittmeadows.html#vote/adpu2b,"THAT Council: A. Receive for information the ""Communications and Civ ic Engagement Division Progress Update"" as presented at the July 21, 2026 Public Council Meeting."
2026-07-21,Public Council,J.5,Update to Council Policy C004 – Public Use of Municipal Boards,Main motion,Carried,7,0,0,,,In favour,In favour,In favour,In favour,In favour,In favour,In favour,Governance & elections,,,,https://pub-pittmeadows.escribemeetings.com/filestream.ashx?DocumentId=20248,https://pub-pittmeadows.escribemeetings.com/Players/ISIStandAlonePlayer.aspx?Id=910d49d5-508e-4455-8771-1bd3b83de400,https://councilrecord.ca/pittmeadows.html#vote/3lrn4o,"THAT Council: A. Approve updates to Council Policy C004 [Public Use of Municipal Boards] as presented at the July 21, 2026 Public Council Meeting."
2026-07-21,Public Council,J.6,Harris Grade Separation Update,Main motion,Carried,7,0,0,,,In favour,In favour,In favour,In favour,In favour,In favour,In favour,Other,,,,https://pub-pittmeadows.escribemeetings.com/filestream.ashx?DocumentId=20248,https://pub-pittmeadows.escribemeetings.com/Players/ISIStandAlonePlayer.aspx?Id=910d49d5-508e-4455-8771-1bd3b83de400,https://councilrecord.ca/pittmeadows.html#vote/16a2en0,"THAT Council: A. Receive for information Staff's update pertaining to the Harris Grade Separation Project as presented at the July 21, 2026 Public Council Meeting."
2026-07-21,Public Council,J.7,Baynes Pump Station [Trash Racks] - Grant Update,Main motion,Carried,7,0,0,,,In favour,In favour,In favour,In favour,In favour,In favour,In favour,Taxes & spending,,,,https://pub-pittmeadows.escribemeetings.com/filestream.ashx?DocumentId=20248,https://pub-pittmeadows.escribemeetings.com/Players/ISIStandAlonePlayer.aspx?Id=910d49d5-508e-4455-8771-1bd3b83de400,https://councilrecord.ca/pittmeadows.html#vote/m8jywg,THAT Council: A. Receive for information Staff's update pertaining to the successful grant application in support of the Baynes Pump Station Trash Rack project.
2026-07-21,Public Council,K.1,Development Variance Permit for 18825 Old Dewdney Trunk Road,Main motion,Carried,7,0,0,,,In favour,In favour,In favour,In favour,In favour,In favour,In favour,Development; Environment & climate; Public services; Business & economy,,,,https://pub-pittmeadows.escribemeetings.com/filestream.ashx?DocumentId=20248,https://pub-pittmeadows.escribemeetings.com/Players/ISIStandAlonePlayer.aspx?Id=910d49d5-508e-4455-8771-1bd3b83de400,https://councilrecord.ca/pittmeadows.html#vote/zcqwf8,THAT Council: A. Approve issuance of Development Variance Permit No . 2026 - 003 for 18825 Old Dewdney Trunk Rd to reduce the minimum required setback to a watercourse for an agricultural building from 15 m to 9.1 m.
2026-07-21,Public Council,K.2,"Common Seal Repeal Bylaw No. 3055, 2026",Main motion,Carried,7,0,0,,,In favour,In favour,In favour,In favour,In favour,In favour,In favour,Other,,,,https://pub-pittmeadows.escribemeetings.com/filestream.ashx?DocumentId=20248,https://pub-pittmeadows.escribemeetings.com/Players/ISIStandAlonePlayer.aspx?Id=910d49d5-508e-4455-8771-1bd3b83de400,https://councilrecord.ca/pittmeadows.html#vote/8jhzlc,"THAT Council: A. Adopt Common Seal Repeal Bylaw No. 3055, 2026 as presented at the July 21, 2026 Council Meeting."
2026-07-21,Public Council,K.3,"Planning and Development Bylaws Repeal Bylaw No. 3057, 2026",Main motion,Carried,7,0,0,,,In favour,In favour,In favour,In favour,In favour,In favour,In favour,Other,,,,https://pub-pittmeadows.escribemeetings.com/filestream.ashx?DocumentId=20248,https://pub-pittmeadows.escribemeetings.com/Players/ISIStandAlonePlayer.aspx?Id=910d49d5-508e-4455-8771-1bd3b83de400,https://councilrecord.ca/pittmeadows.html#vote/12bxu0z,"THAT Council: A. Adopt the Planning and Development Bylaws Repeal Bylaw No. 3057, 2026 as presented at the July 21, 2026 Council Meeting."
2026-08-11,Public Council,E.1,Amendment to “Quint Aerial Apparatus Procurement” Resolution,Main motion,Carried,5,0,2,,,In favour,In favour,Absent,In favour,Absent,In favour,In favour,Taxes & spending; Business & economy; Governance & elections,,,,https://pub-pittmeadows.escribemeetings.com/filestream.ashx?DocumentId=20249,https://pub-pittmeadows.escribemeetings.com/Players/ISIStandAlonePlayer.aspx?Id=076211a4-370d-4c81-862d-d6f1921887f6,https://councilrecord.ca/pittmeadows.html#vote/1gnorjf,"THAT Council: A. Rescind Part B of the resolution for Item J.1, “Quint Aerial Apparatus Procurement,” adopted at the July 21, 2026 Regular Council Meeting; AND B. Direct staff to award the contract to Commercial Em ergency Equipment for the purchase of a new quint aerial apparatus in the amount of $2,668,375.10 CAD inclusive of PST, including a 10% deposit payable at the time of booking, with the remaining balance due upon delivery; AND C. Authorize the Chief Administra tive Officer to execute all related documentation."
2026-08-11,Public Council,E.2,Residential Garbage and Green Waste Collection – Recommendation to Award,Main motion,Carried,5,0,2,,,In favour,In favour,Absent,In favour,Absent,In favour,In favour,Housing & density; Taxes & spending; Public services,,,,https://pub-pittmeadows.escribemeetings.com/filestream.ashx?DocumentId=20249,https://pub-pittmeadows.escribemeetings.com/Players/ISIStandAlonePlayer.aspx?Id=076211a4-370d-4c81-862d-d6f1921887f6,https://councilrecord.ca/pittmeadows.html#vote/18yfyt,"THAT Council: A. Direct staff to award the garbage and green waste collection contract to Waste Connection of Canada in the amount of $3,631,320 excluding GST, for a five - year term as presented at the August 11, 2026 Special (Public) Council Meeting ."
2026-08-11,Public Council,F.1,Development Variance Permit for 19335 McNeil Road,Main motion,Carried,5,0,2,,,In favour,In favour,Absent,In favour,Absent,In favour,In favour,Development; Environment & climate; Public services; Business & economy,,,,https://pub-pittmeadows.escribemeetings.com/filestream.ashx?DocumentId=20249,https://pub-pittmeadows.escribemeetings.com/Players/ISIStandAlonePlayer.aspx?Id=076211a4-370d-4c81-862d-d6f1921887f6,https://councilrecord.ca/pittmeadows.html#vote/17bh40,THAT Council: A. Approve issuance of Development Variance Permit No. 2026 - 005 for 19335 McNeil Rd to reduce the minimum required setback to a watercourse for an agricultural building from 15.0 m to 13.0 m .
2026-09-01,Public Council,H,CONSENT AGENDA,Main motion,Carried,7,0,0,,,In favour,In favour,In favour,In favour,In favour,In favour,In favour,Transportation; Governance & elections,,,,https://pub-pittmeadows.escribemeetings.com/filestream.ashx?DocumentId=20287,https://pub-pittmeadows.escribemeetings.com/Players/ISIStandAlonePlayer.aspx?Id=90a9f519-7861-4fcf-91da-a3c2a2a3617c,https://councilrecord.ca/pittmeadows.html#vote/1a0k1ce,"THAT the following items be received into the record: H.1 Metro 2050 Type 3 Proposed Amendment – City of Vancouver (Molson Site) H.2 Request for Federal Update on Canada’s Pathway Toward Unleaded Aviation Gasoline H.3 Agricultural Land Reserve Ser vicing Costs and Tax Revenue Analysis Item H.3 was PULLED for discussion. Following the discussion, the question was then called on the main question, and it was:"
2026-09-01,Public Council,I.1,Feedback on Potential Changes to Food Processing in the ALR,Main motion,Carried,7,0,0,,,In favour,In favour,In favour,In favour,In favour,In favour,In favour,Parks & recreation; Public services; Business & economy,,,,https://pub-pittmeadows.escribemeetings.com/filestream.ashx?DocumentId=20287,https://pub-pittmeadows.escribemeetings.com/Players/ISIStandAlonePlayer.aspx?Id=90a9f519-7861-4fcf-91da-a3c2a2a3617c,https://councilrecord.ca/pittmeadows.html#vote/jp9nc,"THAT Council: A. Direct Staff to advise the Ministry of Agriculture and Food of the commen ts contained in the staff report titled “Feedback on Potential Changes to Food Processing in the ALR” as presented at the September 1, 2026 Public Council Meeting."
2026-09-01,Public Council,I.2,Clothing Donation Bins,Main motion,Carried,7,0,0,,,In favour,In favour,In favour,In favour,In favour,In favour,In favour,Governance & elections,,,,https://pub-pittmeadows.escribemeetings.com/filestream.ashx?DocumentId=20287,https://pub-pittmeadows.escribemeetings.com/Players/ISIStandAlonePlayer.aspx?Id=90a9f519-7861-4fcf-91da-a3c2a2a3617c,https://councilrecord.ca/pittmeadows.html#vote/1du01k9,"THAT Council: A. Rescind Council’s January 15, 2019 resolution directing the removal of and imposing a temporary ban on clothing donation bins."
2026-09-01,Public Council,I.3,Council Policy C113 [Airport Board Appointments],Main motion,Carried,7,0,0,,,In favour,In favour,In favour,In favour,In favour,In favour,In favour,Governance & elections,,,,https://pub-pittmeadows.escribemeetings.com/filestream.ashx?DocumentId=20287,https://pub-pittmeadows.escribemeetings.com/Players/ISIStandAlonePlayer.aspx?Id=90a9f519-7861-4fcf-91da-a3c2a2a3617c,https://councilrecord.ca/pittmeadows.html#vote/1iz53uy,"to AMEND the main motion to read as follows: A. A mend section 9.1 of C ouncil Pol icy C113 [Airport Board Appointments] to include the following language: ""Council will consider the following competencies when evaluating candidates, with preference given to those with aviation expertise ""; AND B. Approve Council Policy C113 [Airport Board Appointments] as AMENDED at the September 1, 2026 Public Council Meeting."
2026-09-01,Public Council,J.1,"Fireworks and Pyrotechnics Bylaw No. 3063, 2026",Main motion,Carried,7,0,0,,,In favour,In favour,In favour,In favour,In favour,In favour,In favour,Taxes & spending; Neighbourhood character; Public services,,,,https://pub-pittmeadows.escribemeetings.com/filestream.ashx?DocumentId=20287,https://pub-pittmeadows.escribemeetings.com/Players/ISIStandAlonePlayer.aspx?Id=90a9f519-7861-4fcf-91da-a3c2a2a3617c,https://councilrecord.ca/pittmeadows.html#vote/cjx76u,"THAT Council: A. Grant first, second and third readings to Fireworks and Pyrotechnics Bylaw No. 3063, 202 6 as presented at the September 1, 2026 Council meeting; AND B. Grant first, second and third readings to Bylaw Notice Enforcement Amendment Bylaw No. 3066, 2026 as presented at the September 1, 2026 Council meeting."
2026-09-01,Public Council,J.2,Tree Management Bylaw,Main motion,Carried,7,0,0,,,In favour,In favour,In favour,In favour,In favour,In favour,In favour,Taxes & spending; Environment & climate,,,,https://pub-pittmeadows.escribemeetings.com/filestream.ashx?DocumentId=20287,https://pub-pittmeadows.escribemeetings.com/Players/ISIStandAlonePlayer.aspx?Id=90a9f519-7861-4fcf-91da-a3c2a2a3617c,https://councilrecord.ca/pittmeadows.html#vote/65xgap,"THAT Council: A. Grant first, second and third readings to Tree Management Bylaw No. 3067, 2026; AND B. Grant first, second and third readings to Property Maintenance and Bylaw Notice Enforcement Amendment Bylaw No. 3069, 2026."
2026-09-01,Public Council,J.3,Zoning Bylaw Update – Parking Regulations,Main motion,Carried,7,0,0,,,In favour,In favour,In favour,In favour,In favour,In favour,In favour,Housing & density; Development; Transportation,,,,https://pub-pittmeadows.escribemeetings.com/filestream.ashx?DocumentId=20287,https://pub-pittmeadows.escribemeetings.com/Players/ISIStandAlonePlayer.aspx?Id=90a9f519-7861-4fcf-91da-a3c2a2a3617c,https://councilrecord.ca/pittmeadows.html#vote/13977lm,"THAT Council: A. Has, pursuant to Sections 479(6), 525.1(4) and 525.2(4) of the Local Government Act, considered the Provincial Policy Manual: Transit - Oriented Areas and the Provincial Policy Manual: Small Scale, Multi - Unit Housing, as outlined in the “Zoning Bylaw Update – Parking Regulations” report presented at the September 1, 2026 Council meeting, and in that regard, considers that no further consideration of the Provinci al Policy Manuals is required at this time; AND B. Grant first and second readings to Zoning Amendment Bylaw No. 3062, 2026; AND C. Direct Staff to schedule a Public Hearing for an upcoming Council meeting."
2026-09-01,Public Council,J.4,Official Community Plan Amendment Bylaw – North Lougheed Area Plan,Main motion,Carried,6,1,0,,,In favour,In favour,In favour,In favour,Against,In favour,In favour,Housing & density; Development; Business & economy,,,,https://pub-pittmeadows.escribemeetings.com/filestream.ashx?DocumentId=20287,https://pub-pittmeadows.escribemeetings.com/Players/ISIStandAlonePlayer.aspx?Id=90a9f519-7861-4fcf-91da-a3c2a2a3617c,https://councilrecord.ca/pittmeadows.html#vote/1p3rx42,"THAT Council: A. Has, pursuant to Section 473(4) of the Local Government Act , considered the Province of British Columbia’s Proactive Planning Guidance; the Provincial Policy Manual and Site Standards for Small - Scale Multi - Unit Housing; and the Provincial Policy Manual: Transit - Oriented Areas, as outlined in th e “Official Community Plan Amendment Bylaw – North Lougheed Area Plan” report presented at the September 1, 2026 Public Council meeting, and in that regard, considers that no further consideration of the Provincial Policy Manuals is required at this time; AND B. Has, pursuant to Section 473.1(2) of the Local Government Act, considered the Interim Housing Needs Report received by Council on November 5, 2024, as outlined in the “Official Community Plan Amendment Bylaw – North Lougheed Area Plan” report presented at the September 1, 2026 Public Council meeting, and in that regard, considers that no further consideration of the Interim Housing Needs Report is required at this time; AND C. Grant first and second readings to Official Community Plan Amendment Bylaw No. 3 060, 2026; AND D. Has, pursuant to Section 477(3)(a) of the Local Government Act, considered Official Community Plan Amendment Bylaw No. 3060, 2026 in conjunction with the City’s financial plan and waste management plans, as outlined in the “Official Communit y Plan Amendment Bylaw – North Lougheed Area Plan” report presented at the September 1, 2026 Public Council meeting, and, in that regard, considers that no further consideration of the financial plan and waste management plans is required at this time; AND E. Direct staff, pursuant to Section 477(3)(b) of the Local Government Act , to refer Official Community Plan Amendment Bylaw No. 3060, 2026 to the Provincial Agricultural Land Commission; AND F. Direct staff to schedule a public hearing for an upcoming meeting of Council."
2026-09-22,Public Council,I,CONSENT A GENDA,Main motion,Carried,7,0,0,,,In favour,In favour,In favour,In favour,In favour,In favour,In favour,Transportation,,,,https://pub-pittmeadows.escribemeetings.com/filestream.ashx?DocumentId=20336,https://pub-pittmeadows.escribemeetings.com/Players/ISIStandAlonePlayer.aspx?Id=cddd5e52-ff6d-4fe9-9b69-a2714a28648a,https://councilrecord.ca/pittmeadows.html#vote/1jqqrwk,THAT the following items be received into the record: I.1 Update on Can ada’s Transition to Unleaded Aviation Gasoline I.2 Gasoline Use for Aviation
2026-09-22,Public Council,J.1,Petition to Disallow Filming in the Sheridan Hill Area,Main motion,Carried,7,0,0,,,In favour,In favour,In favour,In favour,In favour,In favour,In favour,Business & economy; Governance & elections,,,,https://pub-pittmeadows.escribemeetings.com/filestream.ashx?DocumentId=20336,https://pub-pittmeadows.escribemeetings.com/Players/ISIStandAlonePlayer.aspx?Id=cddd5e52-ff6d-4fe9-9b69-a2714a28648a,https://councilrecord.ca/pittmeadows.html#vote/1dy86qf,"THAT Council: A. Receive for information the petition against filming in the Sheridan Hill neighbourhood dated July 24, 2026; AND B. Direct staff to review Council Policy C0 28 [Film Policy] and related Standard Operating Procedures (SOP’s) as part of the department’s 2027 Business Plan initiatives; AND C. Direct staff to engage with the public, with specific outreach to the Sheridan Hill neighbourhood, as part of the film policy review to ensure local perspectives and community concerns are meaningfully considered; AND D. Direct staff to continue approving film permits under the existing policy and procedures until the policy review is completed, provided that all filming and filming - related activities are limited, without exception, to the hours of 7:00 a.m. to 9:00 p.m."
2026-09-22,Public Council,K.1,Board of Variance Bylaw Update,Main motion,Carried,7,0,0,,,In favour,In favour,In favour,In favour,In favour,In favour,In favour,Taxes & spending; Governance & elections,,,,https://pub-pittmeadows.escribemeetings.com/filestream.ashx?DocumentId=20336,https://pub-pittmeadows.escribemeetings.com/Players/ISIStandAlonePlayer.aspx?Id=cddd5e52-ff6d-4fe9-9b69-a2714a28648a,https://councilrecord.ca/pittmeadows.html#vote/1mxja31,"THAT Council: A. Grant first, second, and third readings to Board of Variance Bylaw No. 3042, 2026 as presented at the September 22, 2026 Council Meeting."
2026-09-22,Public Council,K.2,"Fireworks and Pyrotechnics Bylaw No. 3063, 2026",Main motion,Carried,7,0,0,,,In favour,In favour,In favour,In favour,In favour,In favour,In favour,Neighbourhood character; Public services,,,,https://pub-pittmeadows.escribemeetings.com/filestream.ashx?DocumentId=20336,https://pub-pittmeadows.escribemeetings.com/Players/ISIStandAlonePlayer.aspx?Id=cddd5e52-ff6d-4fe9-9b69-a2714a28648a,https://councilrecord.ca/pittmeadows.html#vote/smipnv,"THAT Council: A. Adopt the Fireworks and Pyrotechnics Bylaw No. 3063, 2026 as presented at the September 22, 2026 Council meeting; AND B. Adopt the Bylaw Notice Enforcement Amendment Bylaw No. 3066, 2026 as presented at the September 22, 2026 Council meeting."
2026-09-22,Public Council,K.3,Tree Management Bylaw,Main motion,Carried,7,0,0,,,In favour,In favour,In favour,In favour,In favour,In favour,In favour,Environment & climate,,,,https://pub-pittmeadows.escribemeetings.com/filestream.ashx?DocumentId=20336,https://pub-pittmeadows.escribemeetings.com/Players/ISIStandAlonePlayer.aspx?Id=cddd5e52-ff6d-4fe9-9b69-a2714a28648a,https://councilrecord.ca/pittmeadows.html#vote/1igly0q,"THAT Council: A. Adopt Tree Management Bylaw No. 3067, 2026 as presented at the September 22, 2026 Council Meeting; AND B. Adopt Property Maintenance and Bylaw Notice Enforcement Amendment By law No. 3069, 2026 as presented at the September 22, 2026 Council Meeting."
2026-09-29,Public Council,I,CONSENT AGENDA,Main motion,Carried,6,0,1,,,In favour,In favour,Absent,In favour,In favour,In favour,In favour,Other,,,,https://pub-pittmeadows.escribemeetings.com/filestream.ashx?DocumentId=20306,https://pub-pittmeadows.escribemeetings.com/Players/ISIStandAlonePlayer.aspx?Id=89ae7740-b6db-4321-83a2-9f79a434820f,https://councilrecord.ca/pittmeadows.html#vote/nyqp3a,THAT the following item be received in to the record: I.1 Wrongful Conviction Day Proclamations
2026-09-29,Public Council,J.1,Third Reading Extension for 12469 191B St.,Main motion,Carried,6,0,1,,,In favour,In favour,Absent,In favour,In favour,In favour,In favour,Development; Taxes & spending,,,,https://pub-pittmeadows.escribemeetings.com/filestream.ashx?DocumentId=20306,https://pub-pittmeadows.escribemeetings.com/Players/ISIStandAlonePlayer.aspx?Id=89ae7740-b6db-4321-83a2-9f79a434820f,https://councilrecord.ca/pittmeadows.html#vote/1o8t1lz,"THAT Council: A. Grant a six - month extension to the completion period for Zoning Amendment Bylaw No. 2997, 2025 for 12469 191B St."
2026-09-29,Public Council,K.1,Zoning Bylaw Update – Parking Regulations,Main motion,Carried,6,0,1,,,In favour,In favour,Absent,In favour,In favour,In favour,In favour,Development; Taxes & spending; Transportation,,,,https://pub-pittmeadows.escribemeetings.com/filestream.ashx?DocumentId=20306,https://pub-pittmeadows.escribemeetings.com/Players/ISIStandAlonePlayer.aspx?Id=89ae7740-b6db-4321-83a2-9f79a434820f,https://councilrecord.ca/pittmeadows.html#vote/1mbrhvx,"THAT Council: A. Grant third reading to Zoning Amendment Bylaw No. 3062, 2026 for the purpose of updating parking regulations."
2026-09-29,Public Council,K.2,"Official Community Plan Amendment Bylaw No. 3056, 2026",Main motion,Carried,6,0,1,,,In favour,In favour,Absent,In favour,In favour,In favour,In favour,Housing & density; Development,,,,https://pub-pittmeadows.escribemeetings.com/filestream.ashx?DocumentId=20306,https://pub-pittmeadows.escribemeetings.com/Players/ISIStandAlonePlayer.aspx?Id=89ae7740-b6db-4321-83a2-9f79a434820f,https://councilrecord.ca/pittmeadows.html#vote/ou0tzy,"THAT Council: A. Adopt Official Community Plan Amendment Bylaw No. 3056, 2026 to update the City's Regional Context Statement."
2026-09-29,Public Council,K.3,Official Community Plan Amendment Bylaw – North Lougheed Area Plan,Main motion,Carried,5,1,1,,,In favour,In favour,Absent,In favour,Against,In favour,In favour,Housing & density; Development; Taxes & spending,,,,https://pub-pittmeadows.escribemeetings.com/filestream.ashx?DocumentId=20306,https://pub-pittmeadows.escribemeetings.com/Players/ISIStandAlonePlayer.aspx?Id=89ae7740-b6db-4321-83a2-9f79a434820f,https://councilrecord.ca/pittmeadows.html#vote/12egj3y,"THAT Council: A. Grant third reading and adopt Official Community Plan Amendment Bylaw No. 3060, 2026 to incorporate the North Lougheed Area Plan into the City’s OCP."
2026-09-29,Public Council,K.4,"Board of Variance Bylaw 3042, 2026",Main motion,Carried,6,0,1,,,In favour,In favour,Absent,In favour,In favour,In favour,In favour,Governance & elections,,,,https://pub-pittmeadows.escribemeetings.com/filestream.ashx?DocumentId=20306,https://pub-pittmeadows.escribemeetings.com/Players/ISIStandAlonePlayer.aspx?Id=89ae7740-b6db-4321-83a2-9f79a434820f,https://councilrecord.ca/pittmeadows.html#vote/1x8mskf,"THAT Council: A. Adopt Board of Variance Bylaw No. 3042, 2026 as presented at the September 29, 2026 Council Meeting."
