Date,Meeting,Agenda item,Title,Type of motion,Result,In favour,Against,Absent,Moved by,Seconded by,Brad West,Steve Darling,Nancy McCurrach,Darrell Penner,Paige Petriw,Glenn Pollock,Dean Washington,Topics,Vote number under this heading,Note,Source discrepancy,Official record,Meeting video,Link to this vote,Motion text
2022-11-15,Committee of Council Meeting,4.1,RCMP Third Quarter 2022 Report City of Port Coquitlam,Main motion,Carried,6,0,1,,,In favour,In favour,Absent,In favour,In favour,In favour,In favour,Public services,,,,https://pub-portcoquitlam.escribemeetings.com/Meeting.aspx?Id=f4970180-8be4-4058-9e07-20ee72ee17c6&Agenda=PostMinutes&lang=English,,https://councilrecord.ca/portcoquitlam.html#vote/a24scx,"That Council receive the report of the OIC Coquitlam RCMP dated November 1, 2022 and entitled “RCMP Third Quarter 2022 Report: City of Port Coquitlam” for information."
2022-11-15,Committee of Council Meeting,4.2,Rezoning Application for 3346 Finley Street,Main motion,Carried,6,0,1,,,In favour,In favour,Absent,In favour,In favour,In favour,In favour,Housing & density; Development,,,,https://pub-portcoquitlam.escribemeetings.com/Meeting.aspx?Id=f4970180-8be4-4058-9e07-20ee72ee17c6&Agenda=PostMinutes&lang=English,,https://councilrecord.ca/portcoquitlam.html#vote/qrb9t9,"That Committee of Council recommend to Council that: The zoning of 3346 Finley Street be amended from RS1 (Residential Single Dwelling 1) to RS2 (Residential Single Dwelling 2); and Prior to adoption of the amending bylaw, the following conditions be met to the satisfaction of the Director of Development Services: Protective fencing for on-site and off-site trees to be retained; Demolition of existing structures; Completion of design and submission of fees and securities for off-site works and services; Registration of a legal agreement to implement design objectives."
2022-11-15,Committee of Council Meeting,4.3,Rezoning Application for 1727 Prairie Avenue,Main motion,Carried,6,0,1,,,In favour,In favour,Absent,In favour,In favour,In favour,In favour,Housing & density; Development,,,,https://pub-portcoquitlam.escribemeetings.com/Meeting.aspx?Id=f4970180-8be4-4058-9e07-20ee72ee17c6&Agenda=PostMinutes&lang=English,,https://councilrecord.ca/portcoquitlam.html#vote/1aqk024,"That Committee of Council recommend to Council that: The zoning of 1727 Prairie Avenue be amended from RS1 (Residential Single Dwelling 1) to RTh3 (Residential Townhouse 3); The amending bylaw include provisions to provide for up to one additional dwelling unit and bonus density contribution of $58,500; and Prior to adoption of the amending bylaw, the following conditions be met to the satisfaction of the Director of Development Services: Installation of protective fencing for trees to be retained on- and off-site; Demolition of existing buildings and structures; Completion of design and submission of securities and fees for off-site works and services; and, Payment in the amount of $6,500 for off-site tree replanting."
2022-11-15,Committee of Council Meeting,4.4,Rezoning Application for 1543 Bridgman Ave,Main motion,Carried,6,0,1,,,In favour,In favour,Absent,In favour,In favour,In favour,In favour,Housing & density; Development,,,,https://pub-portcoquitlam.escribemeetings.com/Meeting.aspx?Id=f4970180-8be4-4058-9e07-20ee72ee17c6&Agenda=PostMinutes&lang=English,,https://councilrecord.ca/portcoquitlam.html#vote/2uk547,"That Committee of Council recommend to Counci l that: The zoning of 1543 Bridgman Ave nue be amended from RS1 (Residential Single Dwelling 1) to RD (Residential Duplex) ; and Prior to adoption of the amending bylaw, the following conditions be met to the satisfaction of the Director of Development Services: Installation of protective fencing for o ff -site trees prior to demolition; Demolition of the building; Completion of design and submission of securities and fees for off-site works and services; and , Registration of a legal agreement to restrict secondary suites."
2022-11-15,Committee of Council Meeting,4.5,Rezoning Application for 3317 Handley Crescent,Main motion,Carried,5,1,1,,,In favour,In favour,Absent,In favour,In favour,In favour,Against,Housing & density; Development,,,,https://pub-portcoquitlam.escribemeetings.com/Meeting.aspx?Id=f4970180-8be4-4058-9e07-20ee72ee17c6&Agenda=PostMinutes&lang=English,,https://councilrecord.ca/portcoquitlam.html#vote/17bt91u,"That Committee of Council recommend to Council that: The zoning of 3317 Handley Crescent be amended from RS1 (Residential Single Dwelling 1) to RD (Residential Duplex) ; and P rior to adoption of the amending bylaw, the following conditions be met to the satisfaction of the Director of Development Services: Installation of p rotective fencing for on- and off-site trees ; Demolition of the building; and, Completion of design and submission of securities and fees for off-site works and services ."
2022-11-15,Committee of Council Meeting,4.6,Rezoning Application for 1305 Pitt River Road,Main motion,Carried,6,0,1,,,In favour,In favour,Absent,In favour,In favour,In favour,In favour,Housing & density; Development,,,,https://pub-portcoquitlam.escribemeetings.com/Meeting.aspx?Id=f4970180-8be4-4058-9e07-20ee72ee17c6&Agenda=PostMinutes&lang=English,,https://councilrecord.ca/portcoquitlam.html#vote/gglkv3,"That Committee of Council recommend to Council that: The zoning of 1305 Pitt River Road be amended from RS3 (Residential Single Dwelling 3) to RS2 (Residential Single Dwelling 2); Prior to adoption of the amending bylaw, the following conditions be met to the satisfaction of the Director of Development Services: Installation of protective fencing for off-site trees; Completion of design and submission of fees and securities for off-site works and services."
2022-11-15,Committee of Council Meeting,4.7,2022 General Local Election Results,Procedural,Carried,6,0,1,,,In favour,In favour,Absent,In favour,In favour,In favour,In favour,Governance & elections,,,,https://pub-portcoquitlam.escribemeetings.com/Meeting.aspx?Id=f4970180-8be4-4058-9e07-20ee72ee17c6&Agenda=PostMinutes&lang=English,,https://councilrecord.ca/portcoquitlam.html#vote/lu23e7,That the report of the Chief Election Officer entitled “2022 General Local Election Results” be received for information.
2022-11-22,Council Meeting,7.1,Zoning Amendment Bylaw for 1727 Prairie Avenue - First Two Readings,Main motion,Carried,6,0,1,,,In favour,In favour,Absent,In favour,In favour,In favour,In favour,Housing & density; Development,,,,https://pub-portcoquitlam.escribemeetings.com/Meeting.aspx?Id=1c3d3ee1-ce6d-4e13-b229-718c13d6be4e&Agenda=PostMinutes&lang=English,,https://councilrecord.ca/portcoquitlam.html#vote/v2dxti,"That Council give first two readings to “Zoning Bylaw, 2008, No. 3630, Amendment Bylaw, 2022, No. 4290 ” to amend the zoning designation of 1727 Prairie Avenue from RS1 (Residential Single Dwelling 1) to RTh3 (Residential Townhouse 3)."
2022-11-22,Council Meeting,7.2,Zoning Amendment Bylaw for 1543 Bridgman Avenue - First Two Readings,Main motion,Carried,6,0,1,,,In favour,In favour,Absent,In favour,In favour,In favour,In favour,Housing & density; Development,,,,https://pub-portcoquitlam.escribemeetings.com/Meeting.aspx?Id=1c3d3ee1-ce6d-4e13-b229-718c13d6be4e&Agenda=PostMinutes&lang=English,,https://councilrecord.ca/portcoquitlam.html#vote/1rad0qk,"That Council give first two readings to “Zoning Bylaw, 2008, No. 3630, Amendment Bylaw, 2022, No. 4291 ” to amend the zoning designation of 1543 Bridgman Avenue from RS1 (Residential Single Dwelling 1) to RD (Residential Duplex)."
2022-11-22,Council Meeting,7.3,Zoning Amendment Bylaw for 3317 Handley Crescent - First Two Readings,Main motion,Carried,6,0,1,,,In favour,In favour,Absent,In favour,In favour,In favour,In favour,Housing & density; Development,,,,https://pub-portcoquitlam.escribemeetings.com/Meeting.aspx?Id=1c3d3ee1-ce6d-4e13-b229-718c13d6be4e&Agenda=PostMinutes&lang=English,,https://councilrecord.ca/portcoquitlam.html#vote/1jytnx8,"That Council give first two readings to “Zoning Bylaw, 2008, No. 3630, Amendment Bylaw, 2022, No. 4292 ” to amend the zoning designation of 3317 Handley Crescent from RS1 (Residential Single Dwelling 1) to RD (Residential Duplex)."
2022-11-22,Council Meeting,7.4,Zoning Amendment Bylaw for 1305 Pitt River Road - First Two Readings,Main motion,Carried,6,0,1,,,In favour,In favour,Absent,In favour,In favour,In favour,In favour,Housing & density; Development,,,,https://pub-portcoquitlam.escribemeetings.com/Meeting.aspx?Id=1c3d3ee1-ce6d-4e13-b229-718c13d6be4e&Agenda=PostMinutes&lang=English,,https://councilrecord.ca/portcoquitlam.html#vote/ssm39z,"That Council give first two readings to ""Zoning Bylaw, 2008, No. 3630, Amendment Bylaw, 2022, No. 4293 "" to amend the zoning designation of 1305 Pitt River Road from RS3 (Residential Single Dwelling 3) to RS2 (Residential Single Dwelling 2)."
2022-11-22,Council Meeting,7.5,Zoning Amendment Bylaw for 3346 Finley Avenue - First Two Readings,Main motion,Carried,6,0,1,,,In favour,In favour,Absent,In favour,In favour,In favour,In favour,Housing & density; Development,,,,https://pub-portcoquitlam.escribemeetings.com/Meeting.aspx?Id=1c3d3ee1-ce6d-4e13-b229-718c13d6be4e&Agenda=PostMinutes&lang=English,,https://councilrecord.ca/portcoquitlam.html#vote/17ohmj3,"That Council give first two readings to “Zoning Bylaw, 2008, No. 3630, Amendment Bylaw, 2022, No. 4294” to amend the zoning designation of 3346 Finley Avenue from RS1 (Residential Single Dwelling 1) to RS2 (Residential Single Dwelling 2)."
2022-11-22,Council Meeting,7.6,"Zoning Amendment Bylaw for 3620, 3640, 3646 and 3650 Westwood Street and 3639 and 3643 Woodland Drive - Third Reading (rescind and replace)",Main motion,Carried,6,0,1,,,In favour,In favour,Absent,In favour,In favour,In favour,In favour,Development,,,,https://pub-portcoquitlam.escribemeetings.com/Meeting.aspx?Id=1c3d3ee1-ce6d-4e13-b229-718c13d6be4e&Agenda=PostMinutes&lang=English,,https://councilrecord.ca/portcoquitlam.html#vote/r6jw2p,"That Council: Rescind third reading of Zoning Bylaw, 2008, No. 3630, Amendment Bylaw, 2022, No. 4282; and, Give Zoning Bylaw, 2008, No. 3630, Amendment Bylaw, 2022, No. 4282, as amended, third reading."
2022-11-22,Council Meeting,8.2,2023 Council Meeting Schedule,Main motion,Carried,6,0,1,,,In favour,In favour,Absent,In favour,In favour,In favour,In favour,Governance & elections,,,,https://pub-portcoquitlam.escribemeetings.com/Meeting.aspx?Id=1c3d3ee1-ce6d-4e13-b229-718c13d6be4e&Agenda=PostMinutes&lang=English,,https://councilrecord.ca/portcoquitlam.html#vote/1nhtud2,That Council approve the 2023 Council Meeting Schedule.
2022-11-22,Council Meeting,8.3,2023 Acting Mayor Schedule,Main motion,Carried,6,0,1,,,In favour,In favour,Absent,In favour,In favour,In favour,In favour,Governance & elections,,,,https://pub-portcoquitlam.escribemeetings.com/Meeting.aspx?Id=1c3d3ee1-ce6d-4e13-b229-718c13d6be4e&Agenda=PostMinutes&lang=English,,https://councilrecord.ca/portcoquitlam.html#vote/s5tj34,That Council approve the 2023 Acting Mayor Schedule.
2022-11-22,Council Meeting,8.4,2023 Council Appointments,Main motion,Carried,6,0,1,,,In favour,In favour,Absent,In favour,In favour,In favour,In favour,Governance & elections,,,,https://pub-portcoquitlam.escribemeetings.com/Meeting.aspx?Id=1c3d3ee1-ce6d-4e13-b229-718c13d6be4e&Agenda=PostMinutes&lang=English,,https://councilrecord.ca/portcoquitlam.html#vote/1jkvnu1,"That Council approve the 2023 Council Member Appointments to internal and external Committees, Commissions, Boards and Task Forces."
2022-11-22,Committee of Council Meeting,4.1,Development Permit for 2195 and 2193 Hawthorne Ave and 2324 and 2328 Mary Hill Rd,Main motion,Carried,6,0,1,,,In favour,In favour,Absent,In favour,In favour,In favour,In favour,Housing & density; Development,,,,https://pub-portcoquitlam.escribemeetings.com/Meeting.aspx?Id=e8d04c88-a718-4323-889e-04f5445dd006&Agenda=PostMinutes&lang=English,,https://councilrecord.ca/portcoquitlam.html#vote/x9d7pi,"That Committee of Council approve Development Permit DP000465, which regulates a four-storey apartment development at 2195 and 2193 Hawthorne Avenue and 2324 and 2328 Mary Hill Road."
2022-11-22,Committee of Council Meeting,4.2,2023 Fees and Charges Bylaw,Main motion,Carried,6,0,1,,,In favour,In favour,Absent,In favour,In favour,In favour,In favour,Taxes & spending,,,,https://pub-portcoquitlam.escribemeetings.com/Meeting.aspx?Id=e8d04c88-a718-4323-889e-04f5445dd006&Agenda=PostMinutes&lang=English,,https://councilrecord.ca/portcoquitlam.html#vote/x1v1zm,"That Committee of Council recommend to Council that “Fees and Charges Bylaw, 2022, No. 4289” be given first three readings."
2022-12-06,Special Council Meeting,5.1,"Zoning Amendment Bylaw for 1759, 1771, 1775, 1781 Prairie Avenue - Third Reading",Main motion,Carried,6,0,1,,,In favour,In favour,In favour,In favour,In favour,Absent,In favour,Development,,,,https://pub-portcoquitlam.escribemeetings.com/Meeting.aspx?Id=29937b7d-f3d1-4cbf-9783-dd7541b5b3f9&Agenda=PostMinutes&lang=English,,https://councilrecord.ca/portcoquitlam.html#vote/ank3bf,"That Council give ""Zoning Bylaw, 2008 No. 3630, Amendment Bylaw, 2022, No. 4286"" third reading."
2022-12-06,Special Council Meeting,5.2,Zoning Amendment Bylaw for 590 Dominion Avenue - Third Reading,Main motion,Carried,6,0,1,,,In favour,In favour,In favour,In favour,In favour,Absent,In favour,Development,,,,https://pub-portcoquitlam.escribemeetings.com/Meeting.aspx?Id=29937b7d-f3d1-4cbf-9783-dd7541b5b3f9&Agenda=PostMinutes&lang=English,,https://councilrecord.ca/portcoquitlam.html#vote/capsri,"That Council give ""Zoning Bylaw, 2008, No. 3630, Amendment Bylaw, 2022, No. 4285"" third reading."
2022-12-06,Special Council Meeting,5.3,Road Closure Bylaw for 2650 Burleigh Avenue and 2634-2636 Kingsway Avenue - Third Reading,Main motion,Carried,6,0,1,,,In favour,In favour,In favour,In favour,In favour,Absent,In favour,Development; Transportation,,,,https://pub-portcoquitlam.escribemeetings.com/Meeting.aspx?Id=29937b7d-f3d1-4cbf-9783-dd7541b5b3f9&Agenda=PostMinutes&lang=English,,https://councilrecord.ca/portcoquitlam.html#vote/11pq64x,"That Council give ""Road Closure Bylaw for 2650 Burleigh Avenue and 2634-2636 Kingsway Avenue No. 4288, 2022"" third reading."
2022-12-06,Special Council Meeting,5.4,2023 Fees and Charges Bylaw - First Three Readings,Main motion,Carried,6,0,1,,,In favour,In favour,In favour,In favour,In favour,Absent,In favour,Taxes & spending,,,,https://pub-portcoquitlam.escribemeetings.com/Meeting.aspx?Id=29937b7d-f3d1-4cbf-9783-dd7541b5b3f9&Agenda=PostMinutes&lang=English,,https://councilrecord.ca/portcoquitlam.html#vote/qlafu4,"That Council give Fees and Charges Bylaw, 2023, No. 4289 first three readings."
2022-12-06,Special Council Meeting,6.1,RCMP Strategic Plan 2023-2026,Main motion,Carried,6,0,1,,,In favour,In favour,In favour,In favour,In favour,Absent,In favour,Public services; Governance & elections,,,,https://pub-portcoquitlam.escribemeetings.com/Meeting.aspx?Id=29937b7d-f3d1-4cbf-9783-dd7541b5b3f9&Agenda=PostMinutes&lang=English,,https://councilrecord.ca/portcoquitlam.html#vote/1o6s8g8,That Council approve the Coquitlam RCMP Strategic Plan 2023-2026.
2022-12-06,Special Council Meeting,6.2,Parking Standards Resolution (Late Verbal Report),Main motion,Carried,6,0,1,,,In favour,In favour,In favour,In favour,In favour,Absent,In favour,Transportation; Governance & elections,,,,https://pub-portcoquitlam.escribemeetings.com/Meeting.aspx?Id=29937b7d-f3d1-4cbf-9783-dd7541b5b3f9&Agenda=PostMinutes&lang=English,,https://councilrecord.ca/portcoquitlam.html#vote/1qgs6jp,Direct staff to amend the parking bylaw to create a uniform standard by matching the parking standards for pubs as that of restaurants.
2022-12-06,Special Council Meeting,6.3,Extension of Temporary Outdoor Spaces Program (Late Verbal Report),Main motion,Carried,6,0,1,,,In favour,In favour,In favour,In favour,In favour,Absent,In favour,Business & economy,,,,https://pub-portcoquitlam.escribemeetings.com/Meeting.aspx?Id=29937b7d-f3d1-4cbf-9783-dd7541b5b3f9&Agenda=PostMinutes&lang=English,,https://councilrecord.ca/portcoquitlam.html#vote/1dfq7ha,Direct staff to extend all of the current Outdoor Spaces Program Licenses of Occupation for one year.
2022-12-06,Committee of Council Meeting,4.2,Rezoning Application Extension for 2650 Burleigh Avenue and 2634-2636 Kingsway Avenue,Main motion,Carried,6,0,1,,,In favour,In favour,In favour,In favour,In favour,Absent,In favour,Housing & density; Development,,,,https://pub-portcoquitlam.escribemeetings.com/Meeting.aspx?Id=af197007-adf3-49f0-b34c-094e73500a22&Agenda=PostMinutes&lang=English,,https://councilrecord.ca/portcoquitlam.html#vote/ku8bja,"That Committee of Council extend the date of expiry for adoption of Zoning Amendment Bylaw No. 4233 to June 22, 2023."
2022-12-06,Committee of Council Meeting,4.3,Development Permit for 2431 and 2419 Mary Hill Road,Main motion,Carried,5,0,1,,,In favour,In favour,In favour,No recorded vote,In favour,Absent,In favour,Housing & density; Development,,,,https://pub-portcoquitlam.escribemeetings.com/Meeting.aspx?Id=af197007-adf3-49f0-b34c-094e73500a22&Agenda=PostMinutes&lang=English,,https://councilrecord.ca/portcoquitlam.html#vote/19hc6dk,"That Committee of Council: Approve Development Permit DP000435, which regulates a six-storey apartment development at 2431 & 2419 Mary Hill Rd."
2023-01-17,Special Council Meeting,7.2,Parking and Development Management Amendment Bylaw - First Three Readings,Main motion,Carried,6,0,1,,,In favour,In favour,In favour,Absent,In favour,In favour,In favour,Transportation,,,,https://pub-portcoquitlam.escribemeetings.com/Meeting.aspx?Id=28f03336-ff6c-4803-9dab-2a03afdf10bc&Agenda=PostMinutes&lang=English,,https://councilrecord.ca/portcoquitlam.html#vote/11z1fxx,"That Council give Parking and Development Management Bylaw, 2018, No. 4078, Amendment Bylaw, 2023, No. 4295 first three readings."
2023-01-17,Committee of Council Meeting,4.1,Rezoning Application for 3688 Hamilton Street,Main motion,Carried,6,0,1,,,In favour,In favour,In favour,Absent,In favour,In favour,In favour,Housing & density; Development,,,,https://pub-portcoquitlam.escribemeetings.com/Meeting.aspx?Id=c7cb0546-88ea-4901-b9c6-7cfde2408786&Agenda=PostMinutes&lang=English,,https://councilrecord.ca/portcoquitlam.html#vote/19c0m39,"That Committee of Council recommend to Council: That the zoning of 3688 Hamilton Street be amended from RS1 (Residential Single Dwelling 1) to RD (Residential Duplex). That prior to adoption of the amending bylaw, the following conditions be met to the satisfaction of the Director of Development Services: Payment of a $5,000 s ecurity deposit to secure retention of the Japanese Maple in the front yard; Installation of p rotective fencing for on- and off-site trees; Demolition of the building; and, Completion of design and submission of securities and fees for off-site works and services ."
2023-01-17,Committee of Council Meeting,4.2,Development Permit Application for 2258 Kelly Avenue,Main motion,Carried,6,0,1,,,In favour,In favour,In favour,Absent,In favour,In favour,In favour,Development,,,,https://pub-portcoquitlam.escribemeetings.com/Meeting.aspx?Id=c7cb0546-88ea-4901-b9c6-7cfde2408786&Agenda=PostMinutes&lang=English,,https://councilrecord.ca/portcoquitlam.html#vote/xsoltu,"That Committee of Council approve the Development Permit DP000450, which regulates a new 5 -unit rowhouse at 2258 Kelly Avenue."
2023-01-17,Committee of Council Meeting,4.3,Rezoning Application Extension for 1932 and 1936 Pitt River Road,Main motion,Carried,6,0,1,,,In favour,In favour,In favour,Absent,In favour,In favour,In favour,Housing & density; Development,,,,https://pub-portcoquitlam.escribemeetings.com/Meeting.aspx?Id=c7cb0546-88ea-4901-b9c6-7cfde2408786&Agenda=PostMinutes&lang=English,,https://councilrecord.ca/portcoquitlam.html#vote/1fhljlo,"That Committee of Council extend the date of expiry for adoption of Zoning Amendment Bylaw No. 4250 to November 9, 2023."
2023-01-17,Committee of Council Meeting,4.4,Emergency Support Services Grant Funding,Main motion,Carried,6,0,1,,,In favour,In favour,In favour,Absent,In favour,In favour,In favour,Taxes & spending; Public services; Business & economy; Governance & elections,,,,https://pub-portcoquitlam.escribemeetings.com/Meeting.aspx?Id=c7cb0546-88ea-4901-b9c6-7cfde2408786&Agenda=PostMinutes&lang=English,,https://councilrecord.ca/portcoquitlam.html#vote/1kzzswf,"That Committee of Council confirm support for the current proposed activities and overall grant management for the Emergency Support Services (ESS) grant from the Union of British Columbia Municipalities (UBCM) for $30,000."
2023-01-17,Committee of Council Meeting,6,Mayor'S Update,Main motion,Carried,6,0,1,,,In favour,In favour,In favour,Absent,In favour,In favour,In favour,Business & economy; Governance & elections,,,,https://pub-portcoquitlam.escribemeetings.com/Meeting.aspx?Id=c7cb0546-88ea-4901-b9c6-7cfde2408786&Agenda=PostMinutes&lang=English,,https://councilrecord.ca/portcoquitlam.html#vote/pkatrj,That Mayor West write a letter to NAV Canada outlining residents' concerns related to the proposed changes to YVR commercial aviation flight paths.
2023-01-17,Committee of Council Meeting,8,2022 KPMG Audit Planning Report,Main motion,Carried,6,0,1,,,In favour,In favour,In favour,Absent,In favour,In favour,In favour,Taxes & spending,,,,https://pub-portcoquitlam.escribemeetings.com/Meeting.aspx?Id=c7cb0546-88ea-4901-b9c6-7cfde2408786&Agenda=PostMinutes&lang=English,,https://councilrecord.ca/portcoquitlam.html#vote/4yo6o3,That Committee of Council accept KPMG’s Audit Planning Report for the 2022 financial statement audit.
2023-01-24,Committee of Council Meeting,4.1,Development Permit and Development Variance Permit for 1260 Riverside Drive,Main motion,Carried,6,0,1,,,In favour,In favour,In favour,Absent,In favour,In favour,In favour,Development,,,,https://pub-portcoquitlam.escribemeetings.com/Meeting.aspx?Id=4eaf0bb5-9275-46d8-9358-418ff0d7a4c9&Agenda=PostMinutes&lang=English,,https://councilrecord.ca/portcoquitlam.html#vote/1ecelpt,"That Committee of Council authorize notification of Development Variance Permit DVP000078, for 1260 Riverside Drive."
2023-01-24,Council Meeting,7.1,2022-2026 Financial Plan Amendment Bylaw - First Three Readings,Main motion,Carried,5,0,2,,,In favour,In favour,In favour,Absent,In favour,In favour,Absent,Taxes & spending,,,,https://pub-portcoquitlam.escribemeetings.com/Meeting.aspx?Id=c3266578-8878-4547-b438-f57cd9312893&Agenda=PostMinutes&lang=English,,https://councilrecord.ca/portcoquitlam.html#vote/jmd9is,"That Council give 2022-2026 Financial Plan Bylaw, 2022, No. 4267, Amendment Bylaw, 2023, No. 4296 first three readings."
2023-01-24,Council Meeting,7.2,Parking and Development Management Amendment Bylaw - Adoption,Main motion,Carried,5,0,2,,,In favour,In favour,In favour,Absent,In favour,In favour,Absent,Transportation,,,,https://pub-portcoquitlam.escribemeetings.com/Meeting.aspx?Id=c3266578-8878-4547-b438-f57cd9312893&Agenda=PostMinutes&lang=English,,https://councilrecord.ca/portcoquitlam.html#vote/1uiqodt,"That Council adopt Parking and Management Bylaw, 2018, No. 4078, Amendment Bylaw, 2023, No. 4295."
2023-02-07,Committee of Council Meeting,5.1,Development Permit Application for 2388 Mary Hill Road,Main motion,Carried,7,0,0,,,In favour,In favour,In favour,In favour,In favour,In favour,In favour,Housing & density; Development,,,,https://pub-portcoquitlam.escribemeetings.com/Meeting.aspx?Id=4fbb60bf-9791-4fc0-b778-5b1bbc3f8610&Agenda=PostMinutes&lang=English,,https://councilrecord.ca/portcoquitlam.html#vote/pgj0zb,That Committee of Council approve Development Permit DP000518 which regulates the development of an apartment building and landscaping at 2388 Mary Hill Road.
2023-02-07,Committee of Council Meeting,5.2,Rezoning Application Extension for 3552 Oxford Street,Main motion,Carried,7,0,0,,,In favour,In favour,In favour,In favour,In favour,In favour,In favour,Housing & density; Development,,,,https://pub-portcoquitlam.escribemeetings.com/Meeting.aspx?Id=4fbb60bf-9791-4fc0-b778-5b1bbc3f8610&Agenda=PostMinutes&lang=English,,https://councilrecord.ca/portcoquitlam.html#vote/1k0f7o8,"That Committee of Council extend the date of expiry for adoption of Zoning Bylaw, 2008, No. 3630, Amendment Bylaw, 2021, No. 4252 to January 25, 2024."
2023-02-07,Committee of Council Meeting,5.3,Rezoning Application Extension for 3656 St Anne Street,Main motion,Carried,7,0,0,,,In favour,In favour,In favour,In favour,In favour,In favour,In favour,Housing & density; Development,,,,https://pub-portcoquitlam.escribemeetings.com/Meeting.aspx?Id=4fbb60bf-9791-4fc0-b778-5b1bbc3f8610&Agenda=PostMinutes&lang=English,,https://councilrecord.ca/portcoquitlam.html#vote/yn0bo0,"That Committee of Council extend the date of expiry for adoption of Zoning Bylaw, 2008, No. 3630, Amendment Bylaw, 2021, No. 4253 to January 25, 2024."
2023-02-07,Special Council Meeting,3.1,2023 Water and Sewer Amendment Bylaws,Main motion,Carried,7,0,0,,,In favour,In favour,In favour,In favour,In favour,In favour,In favour,Public services,,,,https://pub-portcoquitlam.escribemeetings.com/Meeting.aspx?Id=d27ab111-b134-463a-ab71-e59cd8228dde&Agenda=PostMinutes&lang=English,,https://councilrecord.ca/portcoquitlam.html#vote/ifftc5,"That Council: Give first three readings to Water Regulation Amendment Bylaw No. 4297, 2023; and Give first three readings to Sewer Regulation Amendment Bylaw No. 4298, 2023."
2023-02-14,Committee of Council Meeting,4.1,Rezoning Application for 1631 Manning Avenue,Main motion,Carried,7,0,0,,,In favour,In favour,In favour,In favour,In favour,In favour,In favour,Housing & density; Development,,,,https://pub-portcoquitlam.escribemeetings.com/Meeting.aspx?Id=98ec3bc6-26ac-48f0-aa99-ce793bb71312&Agenda=PostMinutes&lang=English,,https://councilrecord.ca/portcoquitlam.html#vote/135fmxi,"That Committee of Council recommend to Council that: The zoning of 1631 Manning Avenue be amended from RS1 (Residential Single Dwelling 1) to RS4 (Residential Single Dwelling 4; and Prior to adoption of the amending bylaw, the following conditions be met to the satisfaction of the Director of Development Services: Protective fencing for on-site trees; Demolition of existing structures; and Completion of design and submission of fees and securities for off-site works and services."
2023-02-14,Council Meeting,7.1,Zoning Amendment Bylaw for 4070 Sefton Street - Third Reading,Main motion,Carried,6,0,1,,,Absent,In favour,In favour,In favour,In favour,In favour,In favour,Development,,,,https://pub-portcoquitlam.escribemeetings.com/Meeting.aspx?Id=b627243d-90b2-43e6-87e8-dd0165edede6&Agenda=PostMinutes&lang=English,,https://councilrecord.ca/portcoquitlam.html#vote/ay682s,"That Council give Zoning Bylaw, 2008, No. 3630, Amendment Bylaw, 2023, No. 4299 third reading."
2023-02-14,Council Meeting,7.2,Zoning Amendment Bylaw for 3688 Hamilton Street - First Two Readings,Main motion,Carried,6,0,1,,,Absent,In favour,In favour,In favour,In favour,In favour,In favour,Development,,,,https://pub-portcoquitlam.escribemeetings.com/Meeting.aspx?Id=b627243d-90b2-43e6-87e8-dd0165edede6&Agenda=PostMinutes&lang=English,,https://councilrecord.ca/portcoquitlam.html#vote/1jwqple,"That Council give Zoning Bylaw, 2008, No. 3630, Amendment Bylaw, 2023, No. 4300 first two readings."
2023-02-14,Council Meeting,7.3,2022-2026 Financial Plan Amendment Bylaw - Adoption,Main motion,Carried,6,0,1,,,Absent,In favour,In favour,In favour,In favour,In favour,In favour,Taxes & spending,,,,https://pub-portcoquitlam.escribemeetings.com/Meeting.aspx?Id=b627243d-90b2-43e6-87e8-dd0165edede6&Agenda=PostMinutes&lang=English,,https://councilrecord.ca/portcoquitlam.html#vote/ubizsy,"That Council adopt 2022-2026 Financial Plan Bylaw, 2022, No. 4267, Amendment Bylaw, 2022, No. 4296."
2023-02-14,Council Meeting,7.4,2023 Water and Sewer Regulation Amendment Bylaws - Adoption,Main motion,Carried,6,0,1,,,Absent,In favour,In favour,In favour,In favour,In favour,In favour,Public services,,,,https://pub-portcoquitlam.escribemeetings.com/Meeting.aspx?Id=b627243d-90b2-43e6-87e8-dd0165edede6&Agenda=PostMinutes&lang=English,,https://councilrecord.ca/portcoquitlam.html#vote/1wytn5j,"That Council: Adopt Water Regulation Amendment Bylaw No. 4297, 2023; and Adopt Sewer Regulation Amendment Bylaw No. 4298, 2023."
2023-02-28,Committee of Council Meeting,4.1,Rezoning Application for 1741 and 1747 Salisbury Ave,Main motion,Carried,3,2,2,,,Absent,Against,Absent,In favour,In favour,In favour,Against,Housing & density; Development,,,,https://pub-portcoquitlam.escribemeetings.com/Meeting.aspx?Id=796f6737-daf0-4484-a3a1-f7db32fd7886&Agenda=PostMinutes&lang=English,,https://councilrecord.ca/portcoquitlam.html#vote/19s9355,"That Committee of Council recommend to Council that: The zoning of 1741 & 1747 Salisbury Avenue be amended from RS1 (Residential Single Dwelling 1) to RTh3 (Residential Townhouse 3); The amending bylaw include provisions to provide for up to one additional dwelling unit and bonus density contribution of $58,500; and, Prior to adoption of the amending bylaw, the following conditions be met to the satisfaction of the Director of Development Services: a. Installation of protective fencing for trees to be retained on-site; b. Demolition of existing buildings and structures; and, c. Completion of design and submission of securities and fees for off-site works and services."
2023-02-28,Committee of Council Meeting,4.2,2023 Operating Plan Budget,Main motion,Carried,5,0,2,,,Absent,In favour,Absent,In favour,In favour,In favour,In favour,Taxes & spending,,,,https://pub-portcoquitlam.escribemeetings.com/Meeting.aspx?Id=796f6737-daf0-4484-a3a1-f7db32fd7886&Agenda=PostMinutes&lang=English,,https://councilrecord.ca/portcoquitlam.html#vote/1ni8air,That Committee of Council authorize staff to issue the 2023 draft operating budget for public consultation.
2023-02-28,Council Meeting,8.1,Zoning Amendment Bylaw for 3688 Hamilton Street - Third Reading,Main motion,Carried,5,0,2,,,Absent,In favour,Absent,In favour,In favour,In favour,In favour,Development,,,,https://pub-portcoquitlam.escribemeetings.com/Meeting.aspx?Id=846c1715-880e-4bf3-bf30-d569a590f328&Agenda=PostMinutes&lang=English,,https://councilrecord.ca/portcoquitlam.html#vote/1hve08z,"That Council give ""Zoning Bylaw, 2008, No. 3630, Amendment Bylaw, 2023, No. 4300"" third reading."
2023-02-28,Council Meeting,8.2,Zoning Amendment Bylaw for 1631 Manning Avenue - First Two Readings,Main motion,Carried,5,0,2,,,Absent,In favour,Absent,In favour,In favour,In favour,In favour,Development,,,,https://pub-portcoquitlam.escribemeetings.com/Meeting.aspx?Id=846c1715-880e-4bf3-bf30-d569a590f328&Agenda=PostMinutes&lang=English,,https://councilrecord.ca/portcoquitlam.html#vote/1i7iav,"That Council give ""Zoning Bylaw, 2008, No. 3630, Amendment Bylaw, 2023, No. 4301"" first two readings."
2023-02-28,Council Meeting,9.1,Development Variance Permit and Development Permit for 1260 Riverside Drive,Main motion,Defeated,2,3,2,,,Absent,In favour,Absent,In favour,Against,Against,Against,Development,1 of 2,,,https://pub-portcoquitlam.escribemeetings.com/Meeting.aspx?Id=846c1715-880e-4bf3-bf30-d569a590f328&Agenda=PostMinutes&lang=English,,https://councilrecord.ca/portcoquitlam.html#vote/1cvpdge,That Council decline to issue Development Variance Permit DVP00078 and Development Permit DP000352 for 1260 Riverside Drive.
2023-02-28,Council Meeting,9.1,Development Variance Permit and Development Permit for 1260 Riverside Drive,Main motion,Carried,3,2,2,,,Absent,Against,Absent,Against,In favour,In favour,In favour,Development,2 of 2,,,https://pub-portcoquitlam.escribemeetings.com/Meeting.aspx?Id=846c1715-880e-4bf3-bf30-d569a590f328&Agenda=PostMinutes&lang=English,,https://councilrecord.ca/portcoquitlam.html#vote/w771wd,That Council approve Development Variance Permit DVP00078 and Development Permit DP000352 1260 Riverside Drive.
2023-03-07,Committee of Council Meeting,4.2,Rezoning Application for 1791 Langan Avenue,Main motion,Carried,6,0,1,,,In favour,In favour,Absent,In favour,In favour,In favour,In favour,Housing & density; Development,,,,https://pub-portcoquitlam.escribemeetings.com/Meeting.aspx?Id=14fda9a1-0e7f-4f82-9735-57a5bc200530&Agenda=PostMinutes&lang=English,,https://councilrecord.ca/portcoquitlam.html#vote/nd1hmb,"That Committee of Council recommend to Council that: The zoning of 1791 Langan Avenue be amended from RS1 (Residential Single Dwelling 1) to RS4 (Residential Single Dwelling 4); and Prior to adoption of the amending bylaw, the following conditions be met to the satisfaction of the Director of Development Services: Protective fencing for on-off-site trees to be installed and retained; Demolition of existing structures; and Completion of design and submission of fees and securities for off-site works and services."
2023-03-07,Committee of Council Meeting,4.3,Rezoning Application for 1777 Jensen Avenue,Main motion,Carried,6,0,1,,,In favour,In favour,Absent,In favour,In favour,In favour,In favour,Housing & density; Development,,,,https://pub-portcoquitlam.escribemeetings.com/Meeting.aspx?Id=14fda9a1-0e7f-4f82-9735-57a5bc200530&Agenda=PostMinutes&lang=English,,https://councilrecord.ca/portcoquitlam.html#vote/e3cj8t,"That Committee of Council recommend to Council that: The zoning of 1777 Jensen Avenue be amended from RS1 (Residential Single Dwelling 1) to RS4 (Residential Single Dwelling 4); and Prior to adoption of the amending bylaw, the following conditions be met to the satisfaction of the Director of Development Services: Demolition of existing structures; and Completion of design and submission of fees and securities for off-site works and services."
2023-03-07,Committee of Council Meeting,4.4,Temporary Use Permit for 1710 Coast Meridian Road,Main motion,Carried,6,0,1,,,In favour,In favour,Absent,In favour,In favour,In favour,In favour,Development,,,,https://pub-portcoquitlam.escribemeetings.com/Meeting.aspx?Id=14fda9a1-0e7f-4f82-9735-57a5bc200530&Agenda=PostMinutes&lang=English,,https://councilrecord.ca/portcoquitlam.html#vote/9pophe,That Committee of Council authorize staff to provide notice of a temporary use permit application at 1710 Coast Meridian Road.
2023-03-07,Committee of Council Meeting,4.5,Development Permit Application for 2270 Tyner Street,Main motion,Carried,6,0,1,,,In favour,In favour,Absent,In favour,In favour,In favour,In favour,Development; Business & economy,,,,https://pub-portcoquitlam.escribemeetings.com/Meeting.aspx?Id=14fda9a1-0e7f-4f82-9735-57a5bc200530&Agenda=PostMinutes&lang=English,,https://councilrecord.ca/portcoquitlam.html#vote/1epf8bs,That Committee of Council approve Development Permit DP000521 to regulate an industrial development at 2270 Tyner Street.
2023-03-07,Council Meeting,7.1,Zoning Amendment Bylaw for 1741 & 1747 Salisbury Avenue - First Two Readings,Main motion,Carried,6,0,1,,,In favour,In favour,Absent,In favour,In favour,In favour,In favour,Housing & density; Development,,,,https://pub-portcoquitlam.escribemeetings.com/Meeting.aspx?Id=78e89b40-869d-4bb8-915a-6fa4ba6fa6b3&Agenda=PostMinutes&lang=English,,https://councilrecord.ca/portcoquitlam.html#vote/9szf6k,"That: Council give first two readings to “Zoning Bylaw, 2008, No. 3630, Amendment Bylaw, 2023, No. 4302” to amend the zoning designation of 1741 & 1747 Salisbury Avenue from RS1 (Residential Single Dwelling 1) to RTh3 (Residential Townhouse 3); The amending bylaw include provisions to provide for up to one additional dwelling unit and bonus density contribution of $58,500; and, Prior to adoption of the amending bylaw, the following conditions be met to the satisfaction of the Director of Development Services: Installation of protective fencing for trees to be retained on-site; Demolition of existing buildings and structures; and, Completion of design and submission of securities and fees for off-site works and services."
2023-03-21,Committee of Council Meeting,4.1,Development Variance Permit Application for 3315 Osborne Street,Main motion,Carried,6,0,1,,,In favour,In favour,In favour,Absent,In favour,In favour,In favour,Development,,,,https://pub-portcoquitlam.escribemeetings.com/Meeting.aspx?Id=9062edee-0dd7-4e98-b1f7-720e4b43b92e&Agenda=PostMinutes&lang=English,,https://councilrecord.ca/portcoquitlam.html#vote/1qq4faj,That Committee of Council: Authorize staff to provide notice of an application to vary the minimum lot frontage requirements of the Zoning Bylaw Subdivision Regulations for 3315 Osborne Street. Advise Council that Committee of Council supports approval of Development Variance Permit DVP00090.
2023-03-21,Committee of Council Meeting,4.2,Rezoning Application Extension for 1777 Langan Avenue,Main motion,Carried,6,0,1,,,In favour,In favour,In favour,Absent,In favour,In favour,In favour,Housing & density; Development,,,,https://pub-portcoquitlam.escribemeetings.com/Meeting.aspx?Id=9062edee-0dd7-4e98-b1f7-720e4b43b92e&Agenda=PostMinutes&lang=English,,https://councilrecord.ca/portcoquitlam.html#vote/atqmlb,"That Committee of Council extend the date of expiry for adoption of Zoning Bylaw, 2008, No.3630, Amendment Bylaw, 2022, No. 4262 to February 22, 2024."
2023-03-28,Council Meeting,8.1,Zoning Amendment Bylaw for 1631 Manning Avenue - Third Reading,Main motion,Carried,6,0,1,,,Absent,In favour,In favour,In favour,In favour,In favour,In favour,Development,,,,https://pub-portcoquitlam.escribemeetings.com/Meeting.aspx?Id=13223ff0-ccd8-4850-bd85-1086eeec4056&Agenda=PostMinutes&lang=English,,https://councilrecord.ca/portcoquitlam.html#vote/j0os0q,"That Council give ""Zoning Bylaw, 2008, No. 3630, Amendment Bylaw, 2023, No. 4301"" third reading with the requirement that prior to adoption, all conditions identified at second reading be met, to the satisfaction of the Director of Development Services."
2023-03-28,Council Meeting,8.2,Zoning Amendment Bylaw for 1741 and 1747 Salisbury Avenue - Third Reading,Main motion,Carried,6,0,1,,,Absent,In favour,In favour,In favour,In favour,In favour,In favour,Development,,,,https://pub-portcoquitlam.escribemeetings.com/Meeting.aspx?Id=13223ff0-ccd8-4850-bd85-1086eeec4056&Agenda=PostMinutes&lang=English,,https://councilrecord.ca/portcoquitlam.html#vote/1oi7x7j,"That Council give ""Zoning Bylaw, 2008, No. 3630, Amendment Bylaw, 2023, No. 4302"" third reading with the requirement that prior to adoption, all conditions identified at second reading be met, to the satisfaction of the Director of Development Services."
2023-03-28,Council Meeting,8.3,Zoning Amendment Bylaw for 1777 Jensen Avenue - First Two Readings,Main motion,Carried,6,0,1,,,Absent,In favour,In favour,In favour,In favour,In favour,In favour,Housing & density; Development,,,,https://pub-portcoquitlam.escribemeetings.com/Meeting.aspx?Id=13223ff0-ccd8-4850-bd85-1086eeec4056&Agenda=PostMinutes&lang=English,,https://councilrecord.ca/portcoquitlam.html#vote/2sn28x,"That: Council give first two readings to “Zoning Bylaw, 2008, No. 3630, Amendment Bylaw, 2023, No. 4303” to amend the zoning designation of 1777 Jensen Avenue from RS1 (Residential Single Dwelling 1) to RS4 (Residential Dwelling 4); and Prior to adoption of the amending bylaw, the following conditions be met to the satisfaction of the Director of Development Services: Demolition of existing structures; and, Completion of design and submission of securities and fees for off-site works and services."
2023-03-28,Council Meeting,8.4,Zoning Amendment Bylaw for 1791 Langan Avenue - First Two Readings,Main motion,Carried,6,0,1,,,Absent,In favour,In favour,In favour,In favour,In favour,In favour,Housing & density; Development,,,,https://pub-portcoquitlam.escribemeetings.com/Meeting.aspx?Id=13223ff0-ccd8-4850-bd85-1086eeec4056&Agenda=PostMinutes&lang=English,,https://councilrecord.ca/portcoquitlam.html#vote/bimit5,"That: Council give first two readings to “Zoning Bylaw, 2008, No. 3630, Amendment Bylaw, 2023, No. 4304” to amend the zoning designation of 1791 Langan Avenue from RS1 (Residential Single Dwelling 1) to RS4 (Residential Dwelling 4); and Prior to adoption of the amending bylaw, the following conditions be met to the satisfaction of the Director of Development Services: Protective fencing for off-site trees to be installed and retained; Demolition of existing structures; and Completion of design and submission of securities and fees for off-site works and services."
2023-03-28,Council Meeting,8.5,Growing Communities Fund Grant Reserve Bylaw - First Three Readings,Main motion,Carried,6,0,1,,,Absent,In favour,In favour,In favour,In favour,In favour,In favour,Taxes & spending,,,,https://pub-portcoquitlam.escribemeetings.com/Meeting.aspx?Id=13223ff0-ccd8-4850-bd85-1086eeec4056&Agenda=PostMinutes&lang=English,,https://councilrecord.ca/portcoquitlam.html#vote/13ufrnc,"That Council give ""Growing Communities Fund Grant Reserve Bylaw, 2023, No. 4306"" first three readings."
2023-03-28,Council Meeting,9.1,Temporary Use Permit for 1710 Coast Meridian Road - Issuance,Main motion,Carried,6,0,1,,,Absent,In favour,In favour,In favour,In favour,In favour,In favour,Development,,,,https://pub-portcoquitlam.escribemeetings.com/Meeting.aspx?Id=13223ff0-ccd8-4850-bd85-1086eeec4056&Agenda=PostMinutes&lang=English,,https://councilrecord.ca/portcoquitlam.html#vote/xuo2bn,That Committee of Council approve Temporary Use Permit No. TU000022 for 1710 Coast Meridian Road.
2023-03-28,Committee of Council Meeting,4.1,Emergency Operations Centre and Training Grant Funding,Main motion,Carried,6,0,1,,,Absent,In favour,In favour,In favour,In favour,In favour,In favour,Taxes & spending; Public services; Business & economy; Governance & elections,,,,https://pub-portcoquitlam.escribemeetings.com/Meeting.aspx?Id=aff9e929-61c4-4e54-971a-41e40327925d&Agenda=PostMinutes&lang=English,,https://councilrecord.ca/portcoquitlam.html#vote/1qh183f,"That Committee of Council support the Union of British Columbia Municipalities (UBCM) Emergency Operation Centre (EOC) & Training grant application for $30,000, as described in the report titled “Emergency Operations Centre and Training Grant Funding”, dated March 28, 2023."
2023-03-28,Committee of Council Meeting,4.2,Development Variance Permit for 2580 Shaughnessy Street and 2253 Leigh Square Place,Main motion,Carried,6,0,1,,,Absent,In favour,In favour,In favour,In favour,In favour,In favour,Development,,,,https://pub-portcoquitlam.escribemeetings.com/Meeting.aspx?Id=aff9e929-61c4-4e54-971a-41e40327925d&Agenda=PostMinutes&lang=English,,https://councilrecord.ca/portcoquitlam.html#vote/nttgv5,That Committee of Council: Authorize staff to provide notice of an application to vary Zoning Bylaw setbacks for a new pavilion structure at 2580 Shaughnessy Street and 2253 Leigh Square Place; and Advise Council that it supports approval of Development Variance Permit DVP00091.
2023-03-28,Committee of Council Meeting,4.3,Heritage Alteration Permit for 2580 Shaughnessy Street,Main motion,Carried,6,0,1,,,Absent,In favour,In favour,In favour,In favour,In favour,In favour,Development; Neighbourhood character,,,,https://pub-portcoquitlam.escribemeetings.com/Meeting.aspx?Id=aff9e929-61c4-4e54-971a-41e40327925d&Agenda=PostMinutes&lang=English,,https://councilrecord.ca/portcoquitlam.html#vote/m1wm04,That Committee of Council issue Heritage Alteration Permit HAP00004 to enable the partial removal of a decorative freestanding wall element at City Hall.
2023-03-28,Committee of Council Meeting,4.4,"Development Permit Application for 2352, 2358, and 2360 Shaughnessy Street",Main motion,Carried,6,0,1,,,Absent,In favour,In favour,In favour,In favour,In favour,In favour,Housing & density; Development,,,,https://pub-portcoquitlam.escribemeetings.com/Meeting.aspx?Id=aff9e929-61c4-4e54-971a-41e40327925d&Agenda=PostMinutes&lang=English,,https://councilrecord.ca/portcoquitlam.html#vote/1xofz7e,"That Committee of Council approve Development Permit DP000517, which regulates a five-storey apartment development at 2352, 2358, and 2360 Shaughnessy Street."
2023-04-04,Committee of Council Meeting,4.1,Development Variance Permit Application for 2257 Lobb Avenue,Main motion,Carried,6,0,1,,,In favour,In favour,In favour,In favour,In favour,In favour,Absent,Development; Governance & elections,,,,https://pub-portcoquitlam.escribemeetings.com/Meeting.aspx?Id=48ddb5da-0fc6-4cab-82db-1e90594c5bef&Agenda=PostMinutes&lang=English,,https://councilrecord.ca/portcoquitlam.html#vote/i5q01l,That Committee of Council: Authorize staff to provide notice of an application to vary the minimum lot frontage requirements of the Zoning Bylaw Subdivision Regulations for 2257 Lobb Avenue. Advise Council that Committee of Council supports approval of Development Variance Permit DVP00088.
2023-04-11,Council Meeting,8.1,Zoning Amendment Bylaw for 1777 Jensen Street - Third Reading,Main motion,Carried,7,0,0,,,In favour,In favour,In favour,In favour,In favour,In favour,In favour,Development,,,,https://pub-portcoquitlam.escribemeetings.com/Meeting.aspx?Id=1c717295-2097-4407-82f8-24d4ebbca7ab&Agenda=PostMinutes&lang=English,,https://councilrecord.ca/portcoquitlam.html#vote/ges2z2,"That Council give Zoning Bylaw, 2008, No. 3630, Amendment Bylaw, 2023, No. 4303, third reading with the requirement that prior to adoption, all conditions identified at second reading be met, to the satisfaction of the Director of Development Services."
2023-04-11,Council Meeting,8.2,Zoning Amendment Bylaw for 1791 Langan Avenue - Third Reading,Main motion,Carried,7,0,0,,,In favour,In favour,In favour,In favour,In favour,In favour,In favour,Development,,,,https://pub-portcoquitlam.escribemeetings.com/Meeting.aspx?Id=1c717295-2097-4407-82f8-24d4ebbca7ab&Agenda=PostMinutes&lang=English,,https://councilrecord.ca/portcoquitlam.html#vote/1toln1s,"That Council give Zoning Bylaw, 2008, No. 3630, Amendment Bylaw, 2023, No. 4304, third reading with the requirement that prior to adoption, all conditions identified at second reading be met, to the satisfaction of the Director of Development Services."
2023-04-11,Council Meeting,8.3,Zoning Amendment Bylaw for Cannabis Retail Outlet (1760 Kingsway Avenue) - First Two Readings,Main motion,Carried,7,0,0,,,In favour,In favour,In favour,In favour,In favour,In favour,In favour,Development; Neighbourhood character; Business & economy,,,,https://pub-portcoquitlam.escribemeetings.com/Meeting.aspx?Id=1c717295-2097-4407-82f8-24d4ebbca7ab&Agenda=PostMinutes&lang=English,,https://councilrecord.ca/portcoquitlam.html#vote/tc5fj8,"That Council give first two readings to “Zoning Bylaw, 2008, No. 3630, Amendment Bylaw, 2023, No. 4308” to amend Comprehensive Development Zone 28 to allow for a cannabis retail outlet at 1760 Kingsway Avenue."
2023-04-11,Council Meeting,8.5,Road Closure Bylaw for 2650 Burleigh Avenue - Adoption,Main motion,Carried,7,0,0,,,In favour,In favour,In favour,In favour,In favour,In favour,In favour,Development; Transportation,,,,https://pub-portcoquitlam.escribemeetings.com/Meeting.aspx?Id=1c717295-2097-4407-82f8-24d4ebbca7ab&Agenda=PostMinutes&lang=English,,https://councilrecord.ca/portcoquitlam.html#vote/ce8bqe,"That Council adopt “2650 Burleigh Avenue and 2634 – 2636 Kingsway Avenue Road Closure Bylaw No. 4288, 2022”."
2023-04-11,Council Meeting,8.6,Growing Communities Fund Grant Reserve Bylaw - Adoption,Main motion,Carried,7,0,0,,,In favour,In favour,In favour,In favour,In favour,In favour,In favour,Taxes & spending,,,,https://pub-portcoquitlam.escribemeetings.com/Meeting.aspx?Id=1c717295-2097-4407-82f8-24d4ebbca7ab&Agenda=PostMinutes&lang=English,,https://councilrecord.ca/portcoquitlam.html#vote/ft66g2,"That Council adopt “Growing Communities Fund Grant Reserve, 2023, Bylaw No. 4306”."
2023-04-11,Council Meeting,9.1,Development Variance Permit for 3315 Osborne Street - Issuance,Main motion,Carried,7,0,0,,,In favour,In favour,In favour,In favour,In favour,In favour,In favour,Development,,,,https://pub-portcoquitlam.escribemeetings.com/Meeting.aspx?Id=1c717295-2097-4407-82f8-24d4ebbca7ab&Agenda=PostMinutes&lang=English,,https://councilrecord.ca/portcoquitlam.html#vote/emo3r2,That Council approve Development Variance Permit DVP000090 for 3315 Osborne Street.
2023-04-11,Committee of Council Meeting,4.1,2023 Budget Public Input,Main motion,Carried,7,0,0,,,In favour,In favour,In favour,In favour,In favour,In favour,In favour,Taxes & spending,,,,https://pub-portcoquitlam.escribemeetings.com/Meeting.aspx?Id=47fd47c9-9be2-4ff2-b555-b315868430f0&Agenda=PostMinutes&lang=English,,https://councilrecord.ca/portcoquitlam.html#vote/16tir90,"That Committee of Council: Approve the capital plan presented to Council at their Regular Meeting on December 13, 2023, as updated, for inclusion in the 2023-2027 Financial Plan bylaw; Approve the operating budget presented to Council at their Regular Meeting on February 28, 2023, for inclusion in the 2023-2027 Financial Plan Bylaw; and Direct staff to prepare the 2023-2027 Financial Plan Bylaw, the Annual Tax Rates Bylaw and Solid Waste Amendment Bylaw for Council approval."
2023-04-11,Committee of Council Meeting,4.2,Cannabis Retail Outlets Update,Main motion,Carried,7,0,0,,,In favour,In favour,In favour,In favour,In favour,In favour,In favour,Development; Neighbourhood character; Business & economy,,,,https://pub-portcoquitlam.escribemeetings.com/Meeting.aspx?Id=47fd47c9-9be2-4ff2-b555-b315868430f0&Agenda=PostMinutes&lang=English,,https://councilrecord.ca/portcoquitlam.html#vote/148pm5l,That: The application to amend the Zoning Bylaw to permit a cannabis retail outlet at 1760 Kingsway Avenue be forwarded to Council with the associated Bylaw amendment for consideration of first three readings; and The application to amend the Zoning Bylaw to permit a cannabis retail outlet at 2342 Elgin Avenue be denied.
2023-04-18,Special Council Meeting,6.1,Zoning Amendment Bylaw for 1760 Kingsway Avenue - Third Reading & Adoption,Main motion,Carried,6,0,1,,,In favour,In favour,In favour,Absent,In favour,In favour,In favour,Development,,,,https://pub-portcoquitlam.escribemeetings.com/Meeting.aspx?Id=d1d85986-c16f-4c88-9cac-cd7cf5a6519a&Agenda=PostMinutes&lang=English,,https://councilrecord.ca/portcoquitlam.html#vote/1cc093n,"That Council give third reading to, and adopt, Zoning Bylaw, 2008, No. 3630, Amendment Bylaw, 2023, No. 4308."
2023-04-25,Council Meeting,8.1,2023-2027 Financial Plan Bylaw - First Three Readings,Main motion,Carried,5,0,2,,,Absent,In favour,In favour,Absent,In favour,In favour,In favour,Taxes & spending,,,,https://pub-portcoquitlam.escribemeetings.com/Meeting.aspx?Id=6894aae1-9e2a-470b-ab24-6f74e183eea1&Agenda=PostMinutes&lang=English,,https://councilrecord.ca/portcoquitlam.html#vote/jrdbpl,"That 2023-2027 Financial Plan Bylaw, 2023, No . 4305 be given first three readings."
2023-04-25,Council Meeting,8.2,2023 Annual Property Tax Rates and Solid Waste Amendment Bylaws - First Three Readings,Main motion,Carried,5,0,2,,,Absent,In favour,In favour,Absent,In favour,In favour,In favour,Taxes & spending; Public services,,,,https://pub-portcoquitlam.escribemeetings.com/Meeting.aspx?Id=6894aae1-9e2a-470b-ab24-6f74e183eea1&Agenda=PostMinutes&lang=English,,https://councilrecord.ca/portcoquitlam.html#vote/1jrjubu,"That Council: Give first three readings to A nnual Tax Rates Bylaw , 2023, No. 4 310 ; and Give first three readings to Solid Waste Amendment Bylaw , 2023, No. 4 311 ."
2023-04-25,Council Meeting,9.1,Development Variance Permit for Leigh Square Pavilion - Issuance,Main motion,Carried,5,0,2,,,Absent,In favour,In favour,Absent,In favour,In favour,In favour,Development,,,,https://pub-portcoquitlam.escribemeetings.com/Meeting.aspx?Id=6894aae1-9e2a-470b-ab24-6f74e183eea1&Agenda=PostMinutes&lang=English,,https://councilrecord.ca/portcoquitlam.html#vote/4gu2vt,That Council approve Development Variance Permit DVP00091 for 2580 Shaughnessy Street and 2253 Leigh Square.
2023-04-25,Council Meeting,9.2,Development Variance Permit for 2257 Lobb Avenue - Issuance,Main motion,Carried,5,0,2,,,Absent,In favour,In favour,Absent,In favour,In favour,In favour,Development,,,,https://pub-portcoquitlam.escribemeetings.com/Meeting.aspx?Id=6894aae1-9e2a-470b-ab24-6f74e183eea1&Agenda=PostMinutes&lang=English,,https://councilrecord.ca/portcoquitlam.html#vote/1lrzymf,That Council approve Development Variance Permit DVP00088 for 2257 Lobb Avenue.
2023-04-25,Committee of Council Meeting,4.1,Inter-Municipal Business Licence Bylaw Updates,Main motion,Carried,5,0,2,,,Absent,In favour,In favour,Absent,In favour,In favour,In favour,Transportation; Parks & recreation; Business & economy,,,,https://pub-portcoquitlam.escribemeetings.com/Meeting.aspx?Id=b12c07b2-0634-468e-946c-4d0e114308cf&Agenda=PostMinutes&lang=English,,https://councilrecord.ca/portcoquitlam.html#vote/17p20yw,"That Committee of Council recommend to Council that : The Inter -M unicipal Transportation Network Business Li c ence S cheme Bylaws No. 4163 and No. 416 4 be repealed and replaced to provide for the participati on of the District of Kent, the District of Hope and the City of Mission within the Bylaws ; and The Inter-Municipal Business Licence Bylaw No. 3818 be amended to update the Tri-City Inter -M unicipal Business Li c ence fee to $175 ."
2023-04-25,Committee of Council Meeting,4.2,Development Permit Application for 2275 and 2267 Hawthorne Avenue,Main motion,Carried,5,0,2,,,Absent,In favour,In favour,Absent,In favour,In favour,In favour,Housing & density; Development,,,,https://pub-portcoquitlam.escribemeetings.com/Meeting.aspx?Id=b12c07b2-0634-468e-946c-4d0e114308cf&Agenda=PostMinutes&lang=English,,https://councilrecord.ca/portcoquitlam.html#vote/45q5db,"That Committee of Council approve Development Permit DP000502, which regulates an apartment development at 2275 and 2267 Hawthorne Avenue ."
2023-04-25,Committee of Council Meeting,4.3,Junior Sports Team Advertising Request for Port Coquitlam Community Centre,Main motion,Carried,5,0,2,,,Absent,In favour,In favour,Absent,In favour,In favour,In favour,Parks & recreation; Governance & elections,,,,https://pub-portcoquitlam.escribemeetings.com/Meeting.aspx?Id=b12c07b2-0634-468e-946c-4d0e114308cf&Agenda=PostMinutes&lang=English,,https://councilrecord.ca/portcoquitlam.html#vote/1ctf1a5,That Committee of Council approve six framed advertising poster boards and the four ice sponsor logos to generate revenue for Junior Lacrosse and Junior B Hockey .
2023-05-02,Committee of Council Meeting,5.1,Remedial Action Order for 2365 Kelly Avenue,Main motion,Carried,7,0,0,,,In favour,In favour,In favour,In favour,In favour,In favour,In favour,Other,,,,https://pub-portcoquitlam.escribemeetings.com/Meeting.aspx?Id=90fa9587-0fcd-44ae-8896-19cb7adef2a1&Agenda=PostMinutes&lang=English,,https://councilrecord.ca/portcoquitlam.html#vote/t6d2m4,"That Council: Declare the building at 2365 Kelly Avenue, as shown in Attachment 1, to be in and create an unsafe and hazardous condition within the meaning of section 73 of the Community Charter; Declare the building and the property to be a nuisance and offensive to the community, all within the meaning of section 74 of the Community Charter; Impose on the registered owner of the Property, BC Housing, (the “Owner”), a remedial action requirement in respect of the building and property that requires them to: completely demolish and remove the building identified in Attachment #1 to this report and restore the property to a safe and orderly condition, comply with the remedial action requirement by the date that is 30 days after notice of the remedial action requirement is served or provided by registered mail; and, Should the Owner fail to comply with the remedial action order within the specified time, City staff by its workers and others, may enter onto the Property without further notice to the Owner and perform the work specified in this resolution; the cost of performing the work shall immediately become debt owed by the Owner to the City; and such debt, if unpaid by December 31, 2023, with applicable interest on the City's standard terms for unpaid accounts, may be recovered by transferring the debt to the property tax account for the Property pursuant to Section 258 of the Community Charter."
2023-05-02,Committee of Council Meeting,5.2,Official Community Plan Amendment Application for 3149 Raleigh Street,Main motion,Carried,7,0,0,,,In favour,In favour,In favour,In favour,In favour,In favour,In favour,Housing & density; Development; Governance & elections,,,,https://pub-portcoquitlam.escribemeetings.com/Meeting.aspx?Id=90fa9587-0fcd-44ae-8896-19cb7adef2a1&Agenda=PostMinutes&lang=English,,https://councilrecord.ca/portcoquitlam.html#vote/404j24,"That the applicant, City State Consulting Group, be requested to attend a future Committee of Council meeting to present their application and respond to questions from the Committee."
2023-05-02,Committee of Council Meeting,5.3,Duplex Development Permit Approval Authority and Rezoning 3rd Reading Time Period Extension,Main motion,Carried,7,0,0,,,In favour,In favour,In favour,In favour,In favour,In favour,In favour,Housing & density; Development; Governance & elections,,,,https://pub-portcoquitlam.escribemeetings.com/Meeting.aspx?Id=90fa9587-0fcd-44ae-8896-19cb7adef2a1&Agenda=PostMinutes&lang=English,,https://councilrecord.ca/portcoquitlam.html#vote/9ioqnu,"That: Delegation of Authority Bylaw, 2014, No. 3876 and Development Procedures Bylaw, 2013, No. 3849 be amended to provide the Director of Development Services the authority to issue: conforming Development Permits for duplexes; and amendments to existing Development Permits to allow for minor variances to parking regulations; and Development Procedures Bylaw, 2013, No. 3849 be amended to extend the one-year time period required for third reading completion to a two-year period."
2023-05-02,Committee of Council Meeting,5.4,Code of Conduct Policy,Main motion,Carried,7,0,0,,,In favour,In favour,In favour,In favour,In favour,In favour,In favour,Governance & elections,,,,https://pub-portcoquitlam.escribemeetings.com/Meeting.aspx?Id=90fa9587-0fcd-44ae-8896-19cb7adef2a1&Agenda=PostMinutes&lang=English,,https://councilrecord.ca/portcoquitlam.html#vote/fva396,That Committee of Council recommend that Council approve the Council Code of Conduct Polic y .
2023-05-09,Council Meeting,8.1,2650 Burleigh Avenue and 2634-2636 Kingsway Avenue Road Closure Amendment Bylaw - First Three Readings,Main motion,Carried,6,0,1,,,In favour,Absent,In favour,In favour,In favour,In favour,In favour,Other,,,,https://pub-portcoquitlam.escribemeetings.com/Meeting.aspx?Id=953403c0-3b55-4095-9c1a-28c1c42cef29&Agenda=PostMinutes&lang=English,,https://councilrecord.ca/portcoquitlam.html#vote/1hdghvl,"That Council give 2650 Burleigh Avenue and 2634-2636 Kingsway Avenue Road Closure Amendment Bylaw, 2023, No. 4312 first three readings."
2023-05-09,Council Meeting,8.2,Updates to Inter-Municipal Transportation Network Services Business Licence Agreement Bylaws and Inter-Municipal Business Licence Bylaw - First Three Readings,Main motion,Carried,6,0,1,,,In favour,Absent,In favour,In favour,In favour,In favour,In favour,Transportation; Parks & recreation; Business & economy,,,,https://pub-portcoquitlam.escribemeetings.com/Meeting.aspx?Id=953403c0-3b55-4095-9c1a-28c1c42cef29&Agenda=PostMinutes&lang=English,,https://councilrecord.ca/portcoquitlam.html#vote/14yffj3,"That Council: Give first three readings to “Inter-Municipal TNS Business Licence Agreement Bylaw, 2023, No. 4313”; Give first three readings to “Bylaw to enter into an Inter-Municipal Transportation Network Scheme Business Licence Agreement, Bylaw, 2023, No. 4314”; and, Give first three readings to “Inter-municipal Business Licence Amendment Bylaw, 2023, No. 4315”."
2023-05-09,Council Meeting,8.3,Delegation of Authority Amendment and Development Procedures Amendment Bylaws - First Three Readings,Main motion,Carried,6,0,1,,,In favour,Absent,In favour,In favour,In favour,In favour,In favour,Development; Governance & elections,,,,https://pub-portcoquitlam.escribemeetings.com/Meeting.aspx?Id=953403c0-3b55-4095-9c1a-28c1c42cef29&Agenda=PostMinutes&lang=English,,https://councilrecord.ca/portcoquitlam.html#vote/dk29b7,"That Council: Give first three readings to “Delegation of Authority Bylaw, 2014, No. 3876, Amendment Bylaw, 2023, 4316” and, Give first three readings to “Development Procedures Bylaw, 2013, No. 3849, Amendment Bylaw, 2023, No. 4317” first three readings."
2023-05-09,Council Meeting,8.4,2023 - 2027 Financial Plan Bylaw - Adoption,Main motion,Carried,6,0,1,,,In favour,Absent,In favour,In favour,In favour,In favour,In favour,Taxes & spending,,,,https://pub-portcoquitlam.escribemeetings.com/Meeting.aspx?Id=953403c0-3b55-4095-9c1a-28c1c42cef29&Agenda=PostMinutes&lang=English,,https://councilrecord.ca/portcoquitlam.html#vote/1wnksst,"That Council adopt “2023 – 2027 Financial Plan Bylaw, 2023, Bylaw No. 4305”."
2023-05-09,Council Meeting,8.5,2023 Annual Property Tax Rates and Solid Waste Amendment Bylaws - Adoption,Main motion,Carried,6,0,1,,,In favour,Absent,In favour,In favour,In favour,In favour,In favour,Taxes & spending; Public services,,,,https://pub-portcoquitlam.escribemeetings.com/Meeting.aspx?Id=953403c0-3b55-4095-9c1a-28c1c42cef29&Agenda=PostMinutes&lang=English,,https://councilrecord.ca/portcoquitlam.html#vote/19idbot,"That Council: Adopt Annual Tax Rates Bylaw, 2023, No. 4310; and Adopt Solid Waste Bylaw, 2015, No. 3900, Amendment Bylaw, 2023, No. 4311."
2023-05-09,Council Meeting,9.1,Remedial Action Order for 2365 Kelly Avenue,Main motion,Carried,6,0,1,,,In favour,Absent,In favour,In favour,In favour,In favour,In favour,Other,,,,https://pub-portcoquitlam.escribemeetings.com/Meeting.aspx?Id=953403c0-3b55-4095-9c1a-28c1c42cef29&Agenda=PostMinutes&lang=English,,https://councilrecord.ca/portcoquitlam.html#vote/1hnunn7,"That Council: Declare the building at 2365 Kelly Avenue, as shown in Attachment 1, to be in and create an unsafe and hazardous condition within the meaning of section 73 of the Community Charter; Declare the building and the property to be a nuisance and offensive to the community, all within the meaning of section 74 of the Community Charter; Impose on the registered owner of the Property, BC Housing, (the “Owner”), a remedial action requirement in respect of the building and property that requires them to: completely demolish and remove the building identified in Attachment #1 to this report and restore the property to a safe and orderly condition, comply with the remedial action requirement by the date that is 30 days after notice of the remedial action requirement is served or provided by registered mail; and, Should the Owner fail to comply with the remedial action order within the specified time, City staff by its workers and others, may enter onto the Property without further notice to the Owner and perform the work specified in this resolution; the cost of performing the work shall immediately become debt owed by the Owner to the City; and such debt, if unpaid by December 31, 2023, with applicable interest on the City's standard terms for unpaid accounts, may be recovered by transferring the debt to the property tax account for the Property pursuant to Section 258 of the Community Charter."
2023-05-09,Committee of Council Meeting,4.3,Housing Needs Report Implementation Strategy,Main motion,Carried,6,0,1,,,In favour,Absent,In favour,In favour,In favour,In favour,In favour,Housing & density,,,,https://pub-portcoquitlam.escribemeetings.com/Meeting.aspx?Id=d0f001cb-a6e5-4781-98c8-3648b77eaa3b&Agenda=PostMinutes&lang=English,,https://councilrecord.ca/portcoquitlam.html#vote/is7uz0,That Committee of Council endorse that the ongoing in-progress projects be supported but that future projects be considered against other Council priorities.
2023-05-09,Committee of Council Meeting,4.5,2022 Audited Financial Statement Report,Main motion,Carried,5,0,2,,,In favour,Absent,In favour,In favour,In favour,In favour,Absent,Taxes & spending; Public services,,,,https://pub-portcoquitlam.escribemeetings.com/Meeting.aspx?Id=d0f001cb-a6e5-4781-98c8-3648b77eaa3b&Agenda=PostMinutes&lang=English,,https://councilrecord.ca/portcoquitlam.html#vote/x9v0vg,"That Committee of Council: Accept the 2022 Audited Consolidated Financial Statements; and Direct staff to amend the 2023 financial plan to include a transfer of $434,661 from accumulated surplus to the Sewer Long Term Reserve Fund ; and Direct staff to amend the 2023 financial plan to include a transfer of $46 5,779 from accumulated surplus to the RCMP Reserve"
2023-05-16,Special Council Meeting,4.1,2650 Burleigh Avenue and 2634-2636 Kingsway Avenue Road Closure Amendment Bylaw - Adoption,Main motion,Carried,6,0,1,,,Absent,In favour,In favour,In favour,In favour,In favour,In favour,Other,,,,https://pub-portcoquitlam.escribemeetings.com/Meeting.aspx?Id=13e76f39-2df3-4d63-aab5-b7b1abc172a7&Agenda=PostMinutes&lang=English,,https://councilrecord.ca/portcoquitlam.html#vote/ts4ej1,"That Council adopt “2650 Burleigh Avenue and 2634-2636 Kingsway Avenue Road Closure Amendment Bylaw, 2023, No. 4312”."
2023-05-16,Special Council Meeting,4.2,Inter-Municipal Transportation Network Services Business Licence Agreement Bylaws and Inter-Municipal Business Licence - Adoption,Main motion,Carried,6,0,1,,,Absent,In favour,In favour,In favour,In favour,In favour,In favour,Transportation; Parks & recreation; Business & economy,,,,https://pub-portcoquitlam.escribemeetings.com/Meeting.aspx?Id=13e76f39-2df3-4d63-aab5-b7b1abc172a7&Agenda=PostMinutes&lang=English,,https://councilrecord.ca/portcoquitlam.html#vote/75b7h1,"That Council: Adopt “Inter-Municipal TNS Business Licence Agreement Bylaw, 2023, No. 4313”; Adopt “Bylaw to enter into an Inter-Municipal Transportation Network Scheme Business Licence Agreement, Bylaw, 2023, No. 4314”; and, Adopt “Inter-municipal Business Licence Amendment Bylaw, 2023, No. 4315”."
2023-05-16,Special Council Meeting,4.3,Delegation of Authority Amendment and Development Procedures Amendment Bylaws - Adoption,Main motion,Carried,6,0,1,,,Absent,In favour,In favour,In favour,In favour,In favour,In favour,Development; Governance & elections,,,,https://pub-portcoquitlam.escribemeetings.com/Meeting.aspx?Id=13e76f39-2df3-4d63-aab5-b7b1abc172a7&Agenda=PostMinutes&lang=English,,https://councilrecord.ca/portcoquitlam.html#vote/n14so3,"That Council: Adopt “Delegation of Authority Bylaw, 2014, No. 3876, Amendment Bylaw, 2023, 4316” and, Adopt “Development Procedures Bylaw, 2013, No. 3849, Amendment Bylaw, 2023, No. 4317”."
2023-05-16,Committee of Council Meeting,4.1,Rezoning Application for 3431 Flint Street,Main motion,Carried,6,0,1,,,Absent,In favour,In favour,In favour,In favour,In favour,In favour,Housing & density; Development,,,,https://pub-portcoquitlam.escribemeetings.com/Meeting.aspx?Id=46713ae8-fdd2-4dc8-b3f7-5a4e5fb099e1&Agenda=PostMinutes&lang=English,,https://councilrecord.ca/portcoquitlam.html#vote/1nolgbt,That Committee of Council refer this item back to staff for further investigation into a site specific rezoning.
2023-05-16,Committee of Council Meeting,4.2,Departmental Update - Development Services (verbal update),Main motion,Carried,6,0,1,,,Absent,In favour,In favour,In favour,In favour,In favour,In favour,Public services,1 of 2,,,https://pub-portcoquitlam.escribemeetings.com/Meeting.aspx?Id=46713ae8-fdd2-4dc8-b3f7-5a4e5fb099e1&Agenda=PostMinutes&lang=English,,https://councilrecord.ca/portcoquitlam.html#vote/sua545,Motion to Recess: Moved-Seconded: That the Committee of Council meeting be recessed. (3:01 p.m.)
2023-05-16,Committee of Council Meeting,4.2,Departmental Update - Development Services (verbal update),Main motion,Carried,6,0,1,,,Absent,In favour,In favour,In favour,In favour,In favour,In favour,Public services,2 of 2,,,https://pub-portcoquitlam.escribemeetings.com/Meeting.aspx?Id=46713ae8-fdd2-4dc8-b3f7-5a4e5fb099e1&Agenda=PostMinutes&lang=English,,https://councilrecord.ca/portcoquitlam.html#vote/1m57ety,Motion to Reconvene: Moved-Seconded: That the Committee of Council meeting be reconvened. (3:20 p.m.)
2023-06-06,Committee of Council Meeting,6.1,Indemnification Bylaw,Main motion,Carried,7,0,0,,,In favour,In favour,In favour,In favour,In favour,In favour,In favour,Other,,,,https://pub-portcoquitlam.escribemeetings.com/Meeting.aspx?Id=f3596d63-d4f3-4791-8303-355acaead652&Agenda=PostMinutes&lang=English,,https://councilrecord.ca/portcoquitlam.html#vote/1q0rjum,"That Committee of Council recommend to Council that City of Port Coquitlam Indemnification Bylaw , 2023, No. 4307 , be given first three readings."
2023-06-13,Council Meeting,7.1,Indemnification Bylaw - First Three Readings,Main motion,Carried,7,0,0,,,In favour,In favour,In favour,In favour,In favour,In favour,In favour,Other,,,,https://pub-portcoquitlam.escribemeetings.com/Meeting.aspx?Id=1e5102fb-8be6-4606-9965-e156b3158a62&Agenda=PostMinutes&lang=English,,https://councilrecord.ca/portcoquitlam.html#vote/o6ne1m,"That Council give first three readings to “Indemnification Bylaw, 2023, No. 4307”."
2023-06-13,Council Meeting,7.2,Zoning Amendment Bylaw for 1932 and 1936 Pitt River Road - Adoption,Main motion,Carried,7,0,0,,,In favour,In favour,In favour,In favour,In favour,In favour,In favour,Development,,,,https://pub-portcoquitlam.escribemeetings.com/Meeting.aspx?Id=1e5102fb-8be6-4606-9965-e156b3158a62&Agenda=PostMinutes&lang=English,,https://councilrecord.ca/portcoquitlam.html#vote/1cwluxv,"That Council adopt Zoning Bylaw, 2008, No. 3630, Amendment Bylaw, 2023, No. 4250."
2023-06-13,Council Meeting,8.1,UBCM Complete Communities Program,Main motion,Carried,7,0,0,,,In favour,In favour,In favour,In favour,In favour,In favour,In favour,Taxes & spending; Governance & elections,,,,https://pub-portcoquitlam.escribemeetings.com/Meeting.aspx?Id=1e5102fb-8be6-4606-9965-e156b3158a62&Agenda=PostMinutes&lang=English,,https://councilrecord.ca/portcoquitlam.html#vote/1d1hwg7,"That Council direct staff to apply to the 2023 UBCM Complete Communities program intake for a $150,000 grant to develop a complete communities report."
2023-06-13,Committee of Council Meeting,4.1,OCP Amendment Consultation for 3149 Raleigh Street - Further Information,Main motion,Carried,4,3,0,,,In favour,In favour,In favour,In favour,Against,Against,Against,Housing & density,,,,https://pub-portcoquitlam.escribemeetings.com/Meeting.aspx?Id=8d67d472-f4f1-4f30-b0a7-f0128c649c79&Agenda=PostMinutes&lang=English,,https://councilrecord.ca/portcoquitlam.html#vote/18lmwqw,"That the applicants consider comments provided and bring back an amended application, prior to Committee of Council determining consultation requirements."
2023-06-13,Committee of Council Meeting,4.2,Rezoning Application at 3431 Flint Street - Further Information,Main motion,Carried,7,0,0,,,In favour,In favour,In favour,In favour,In favour,In favour,In favour,Housing & density; Development,,,,https://pub-portcoquitlam.escribemeetings.com/Meeting.aspx?Id=8d67d472-f4f1-4f30-b0a7-f0128c649c79&Agenda=PostMinutes&lang=English,,https://councilrecord.ca/portcoquitlam.html#vote/z1xxwx,"That Committee of Council recommend to Council: The zoning at 3431 Flint Street be amended from RS1 (Residential Single Dwelling 1) to RD (Residential Duplex) with site-specific provisions to permit secondary suites ; and, Prior to adoption of the amending bylaws , the following conditions be met to the satisfaction of the Director of Development Services: Demolition of existing structures; and, Completion of design and submission of fees and securities for off-site works and services."
2023-06-20,Committee of Council Meeting,4.1,Smoking Control Bylaw Amendments,Main motion,Carried,6,0,1,,,In favour,In favour,In favour,Absent,In favour,In favour,In favour,Neighbourhood character,,,,https://pub-portcoquitlam.escribemeetings.com/Meeting.aspx?Id=39bd21cc-5629-4ceb-8db0-a1e3ffa145d6&Agenda=PostMinutes&lang=English,,https://councilrecord.ca/portcoquitlam.html#vote/168d7ta,"That Committee of Council recommend to Council that amendments to the Smoking Control Bylaw No. 4037, the Bylaw Notice Enforcement Bylaw No. 3814 and Ticket Information Utilization Bylaw No. 2743 be considered for approval."
2023-06-27,Committee of Council Meeting,4.1,Rezoning Application for 1828 Western Avenue,Main motion,Carried,7,0,0,,,In favour,In favour,In favour,In favour,In favour,In favour,In favour,Housing & density; Development,,,,https://pub-portcoquitlam.escribemeetings.com/Meeting.aspx?Id=73fdd64c-4c5a-4d4d-851e-56ab933eef15&Agenda=PostMinutes&lang=English,,https://councilrecord.ca/portcoquitlam.html#vote/ogzks6,"That Committee of Council recommend to Council that: The zoning of 1828 Wester n Drive be amended from RS1 (Residential Single Dwelling 1) to RS2 (Residential Single Dwelling 2); and Prior to adoption of the amending bylaw, the following conditions be met to the satisfaction of the Director of Development Services: Installation of protective fencing for on-site and off-site trees and hedges; Completion of design and submission of fees and securities for off-site works and services ; and Regist ration of a legal agreement to ensure that the design of each future dwelling is substantially different in massing, location of windows, balconies and decks, façade materials , ha s a high quality of landscaping , and does not encroach upon the critical root zone of the western red cedar."
2023-06-27,Committee of Council Meeting,4.2,"Parks, Facilities, and Public Spaces Bylaw",Main motion,Carried,7,0,0,,,In favour,In favour,In favour,In favour,In favour,In favour,In favour,Parks & recreation,,,,https://pub-portcoquitlam.escribemeetings.com/Meeting.aspx?Id=73fdd64c-4c5a-4d4d-851e-56ab933eef15&Agenda=PostMinutes&lang=English,,https://councilrecord.ca/portcoquitlam.html#vote/93ro5v,"That Committee of Council support the proposed amendment to Parks, Facilities and Public Spaces Bylaw No. 4274."
2023-06-27,Committee of Council Meeting,4.3,Development Variance Permit Application for 3650 Westwood Street,Main motion,Carried,7,0,0,,,In favour,In favour,In favour,In favour,In favour,In favour,In favour,Development,,,,https://pub-portcoquitlam.escribemeetings.com/Meeting.aspx?Id=73fdd64c-4c5a-4d4d-851e-56ab933eef15&Agenda=PostMinutes&lang=English,,https://councilrecord.ca/portcoquitlam.html#vote/b1922b,That the Committee of Council: Authorize staff to provide notice of an application to vary Zoning Bylaw Subdivision regulations at 3650 Westwood Street; and Advise Council that it supports approval of Development Variance Permit DVP00092.
2023-06-27,Council Meeting,7.1,Zoning Amendment Bylaw for 3431 Flint Street - First Two Readings,Main motion,Carried,7,0,0,,,In favour,In favour,In favour,In favour,In favour,In favour,In favour,Housing & density; Development,,,,https://pub-portcoquitlam.escribemeetings.com/Meeting.aspx?Id=c77377ea-90bb-4c0c-8315-661869c8c027&Agenda=PostMinutes&lang=English,,https://councilrecord.ca/portcoquitlam.html#vote/15l210l,"That: The zoning at 3431 Flint Street be amended from RS1 (Residential Single Dwelling 1) to RD (Residential Duplex) with site-specific provisions to permit secondary suites; and, Prior to adoption of the amending bylaws, the following conditions be met to the satisfaction of the Director of Development Services: Demolition of existing structures; and, Completion of design and submission of fees and securities for off-site works and services."
2023-06-27,Council Meeting,7.2,Smoking Control Amendment Bylaw and Accompanying Bylaw Notice Enforcement and Municipal Ticketing Information Utilization Amendment Bylaws - First Three Readings,Main motion,Carried,7,0,0,,,In favour,In favour,In favour,In favour,In favour,In favour,In favour,Neighbourhood character,,,,https://pub-portcoquitlam.escribemeetings.com/Meeting.aspx?Id=c77377ea-90bb-4c0c-8315-661869c8c027&Agenda=PostMinutes&lang=English,,https://councilrecord.ca/portcoquitlam.html#vote/wi7sfb,"That Council give first three readings to: “Smoking Control Amendment Bylaw, 2023, No. 4321”; and “Bylaw Notice Enforcement Amendment Bylaw, 2023, No. 4322” and Municipal Ticket Information Utilization Amendment Bylaw, 2023, No. 4323”."
2023-06-27,Council Meeting,7.3,"Parks, Facilities and Public Spaces Amendment Bylaw - First Three Readings",Main motion,Carried,7,0,0,,,In favour,In favour,In favour,In favour,In favour,In favour,In favour,Parks & recreation,,,,https://pub-portcoquitlam.escribemeetings.com/Meeting.aspx?Id=c77377ea-90bb-4c0c-8315-661869c8c027&Agenda=PostMinutes&lang=English,,https://councilrecord.ca/portcoquitlam.html#vote/20s6vm,"That Council give “Parks, Facilities and Public Spaces Bylaw, 2022, No. 4274, Amendment Bylaw, 2023, No. 4318” first three readings."
2023-06-27,Council Meeting,7.4,Indemnification Bylaw - Adoption,Main motion,Carried,7,0,0,,,In favour,In favour,In favour,In favour,In favour,In favour,In favour,Other,,,,https://pub-portcoquitlam.escribemeetings.com/Meeting.aspx?Id=c77377ea-90bb-4c0c-8315-661869c8c027&Agenda=PostMinutes&lang=English,,https://councilrecord.ca/portcoquitlam.html#vote/2gi6xt,"That Council adopt “Indemnification Bylaw, 2023, No. 4307”."
2023-06-27,Council Meeting,8.1,2022 Annual Report and Statement of Financial Information,Main motion,Carried,7,0,0,,,In favour,In favour,In favour,In favour,In favour,In favour,In favour,Taxes & spending,,,,https://pub-portcoquitlam.escribemeetings.com/Meeting.aspx?Id=c77377ea-90bb-4c0c-8315-661869c8c027&Agenda=PostMinutes&lang=English,,https://councilrecord.ca/portcoquitlam.html#vote/p7m9si,That Council approve the City’s 2022 Statement of Financial Information.
2023-06-27,Council Meeting,8.2,Disaster Mitigation and Adaptation Fund,Main motion,Carried,7,0,0,,,In favour,In favour,In favour,In favour,In favour,In favour,In favour,Taxes & spending; Environment & climate; Public services,,,,https://pub-portcoquitlam.escribemeetings.com/Meeting.aspx?Id=c77377ea-90bb-4c0c-8315-661869c8c027&Agenda=PostMinutes&lang=English,,https://councilrecord.ca/portcoquitlam.html#vote/sl4kgv,"That Council confirm support and provide overall grant management in the amount of $4,000,000 for the Cedar Creek Drainage Pump Station project and $5,600,000 for the Maple Creek Drainage Pump Station project from the Infrastructure Canada Disaster Mitigation and Adaptation Fund."
2023-07-04,Committee of Council Meeting,5.1,Rezoning Application for 1541 Manning Avenue,Main motion,Carried,7,0,0,,,In favour,In favour,In favour,In favour,In favour,In favour,In favour,Housing & density; Development,,,,https://pub-portcoquitlam.escribemeetings.com/Meeting.aspx?Id=4aebb392-48bb-44dd-8d46-3060d234b35d&Agenda=PostMinutes&lang=English,,https://councilrecord.ca/portcoquitlam.html#vote/n3ay5w,"That Committee of Council recommend to Council that: The zoning of 1541 Manning Avenue be amended from RS1 (Residential Single Dwelling 1) to RTh3 (Residential Townhouse 3); and, Prior to adoption of the amending bylaw, the following conditions be met to the satisfaction of the Director of Development Services: Completion of design and submission of securities and fees for off-site works and services."
2023-07-11,Council Meeting,8.1,Zoning Amendment Bylaw for 3431 Flint Street - Third Reading,Main motion,Carried,5,2,0,,,In favour,Against,In favour,In favour,In favour,In favour,Against,Development,1 of 2,,,https://pub-portcoquitlam.escribemeetings.com/Meeting.aspx?Id=989c51ae-e199-46da-9fdf-2e955acc64d1&Agenda=PostMinutes&lang=English,,https://councilrecord.ca/portcoquitlam.html#vote/13dd1ci,"That Council give ""Zoning Bylaw, 2008, No. 3630, Amendment Bylaw, 2023, No. 4319"", third reading with the requirement that prior to adoption, all conditions identified at second reading be met, to the satisfaction of the Director of Development Services."
2023-07-11,Council Meeting,8.1,Zoning Amendment Bylaw for 3431 Flint Street - Third Reading,Main motion,Carried,7,0,0,,,In favour,In favour,In favour,In favour,In favour,In favour,In favour,Housing & density; Development,2 of 2,,,https://pub-portcoquitlam.escribemeetings.com/Meeting.aspx?Id=989c51ae-e199-46da-9fdf-2e955acc64d1&Agenda=PostMinutes&lang=English,,https://councilrecord.ca/portcoquitlam.html#vote/1rh9k77,Secondary Motion: Moved-Seconded: That Council direct staff to bring back options pertaining to requirements for hundred meter distance between duplexes.
2023-07-11,Council Meeting,8.2,2023 Development Cost Charge Bylaw - First Three Readings,Main motion,Carried,7,0,0,,,In favour,In favour,In favour,In favour,In favour,In favour,In favour,Development; Taxes & spending,,,,https://pub-portcoquitlam.escribemeetings.com/Meeting.aspx?Id=989c51ae-e199-46da-9fdf-2e955acc64d1&Agenda=PostMinutes&lang=English,,https://councilrecord.ca/portcoquitlam.html#vote/19wpesr,"That Council give first three readings to ""Development Cost Charge Bylaw, 2023, No. 4320""."
2023-07-11,Council Meeting,8.3,Delegation of Authority Amendment Bylaw - First Three Readings,Main motion,Carried,7,0,0,,,In favour,In favour,In favour,In favour,In favour,In favour,In favour,Governance & elections,,,,https://pub-portcoquitlam.escribemeetings.com/Meeting.aspx?Id=989c51ae-e199-46da-9fdf-2e955acc64d1&Agenda=PostMinutes&lang=English,,https://councilrecord.ca/portcoquitlam.html#vote/172qd5e,"That Council give “Delegation of Authority Bylaw, 2014, No. 3876, Amendment Bylaw, 2023, No. 4325” first three readings."
2023-07-11,Council Meeting,8.4,Smoking Control Amendment Bylaw and Accompanying Bylaw Notice Enforcement and Municipal Ticketing Information Utilization Amendment Bylaws - Adoption,Main motion,Carried,7,0,0,,,In favour,In favour,In favour,In favour,In favour,In favour,In favour,Neighbourhood character,,,,https://pub-portcoquitlam.escribemeetings.com/Meeting.aspx?Id=989c51ae-e199-46da-9fdf-2e955acc64d1&Agenda=PostMinutes&lang=English,,https://councilrecord.ca/portcoquitlam.html#vote/hqswjr,"That Council adopt: “Smoking Control Amendment Bylaw, 2023, No. 4321”; and “Bylaw Notice Enforcement Amendment Bylaw, 2023, No. 4322”; and ""Municipal Ticket Information Utilization Amendment Bylaw, 2023, No. 4323”."
2023-07-11,Council Meeting,8.5,"Park, Facility and Public Spaces Amendment Bylaw - Adoption",Main motion,Carried,7,0,0,,,In favour,In favour,In favour,In favour,In favour,In favour,In favour,Parks & recreation,,,,https://pub-portcoquitlam.escribemeetings.com/Meeting.aspx?Id=989c51ae-e199-46da-9fdf-2e955acc64d1&Agenda=PostMinutes&lang=English,,https://councilrecord.ca/portcoquitlam.html#vote/15mw8zd,"That Council adopt “Park, Facility and Public Spaces Bylaw, 2022, No. 4274, Amendment Bylaw, 2023, No. 4318”."
2023-07-11,Council Meeting,9.1,Development Variance Permit for 3650 Westwood Street - Issuance,Main motion,Carried,7,0,0,,,In favour,In favour,In favour,In favour,In favour,In favour,In favour,Development,,,,https://pub-portcoquitlam.escribemeetings.com/Meeting.aspx?Id=989c51ae-e199-46da-9fdf-2e955acc64d1&Agenda=PostMinutes&lang=English,,https://councilrecord.ca/portcoquitlam.html#vote/1yg1x53,That Council approve Development Variance Permit DVP000092 for 3650 Westwood Street.
2023-07-11,Committee of Council Meeting,4.1,Capital Plan Funding Methodology,Main motion,Carried,7,0,0,,,In favour,In favour,In favour,In favour,In favour,In favour,In favour,Taxes & spending; Public services,,,,https://pub-portcoquitlam.escribemeetings.com/Meeting.aspx?Id=f2abb3b5-fe5d-4d2a-895b-f0af2994d37a&Agenda=PostMinutes&lang=English,,https://councilrecord.ca/portcoquitlam.html#vote/1r3vjbz,"That Committee of Council approve reallocating a portion of the LTR (approximately $4.45M general, $892K water, $669K sanitary) in 2025 to the respective capital reserves for funding the capital plan, and That the 2025 capital plan be prepared consistent with the 2017-2024 capital plans, utilizing the three project categories of neighbourhood rehabilitation, other rehabilitation and new."
2023-07-18,Committee of Council Meeting,4.1,Rezoning Application for 2245 McAllister Avenue,Main motion,Carried,5,0,2,,,Absent,In favour,In favour,In favour,In favour,In favour,Absent,Housing & density; Development,,,,https://pub-portcoquitlam.escribemeetings.com/Meeting.aspx?Id=16843ae7-a676-4c90-8bd2-a7d8525cbb54&Agenda=PostMinutes&lang=English,,https://councilrecord.ca/portcoquitlam.html#vote/wki82l,"That Committee of Council: 1. Direct staff to bring forward a Comprehensive Development Zone bylaw that provides for the proposed development and includes the following specific provisions: Maximum 2.09 residential floor area ratio; Density bonus in the amount of $50 per ft2 proposed in excess of 1.66 residential floor area ratio; Payment in lieu of parking to a maximum of 44 stalls; A minimum of 3.26 m2 per dwelling unit of outdoor amenity area and 1.6 m2 per dwelling unit of indoor amenity area; A minimum of 1.5 long-term bicycle storage spaces per dwelling unit. 2. Prior to adoption of the amending bylaw, the following conditions be met to the satisfaction of the Director of Development Services: Registration of a legal agreement to establish a commitment to provide car share and transit subsidy programs."
2023-07-18,Committee of Council Meeting,4.2,OCP and Zoning Bylaw Amendment for 1021 and 1032 Nicola Avenue,Main motion,Carried,4,1,2,,,Absent,In favour,Against,In favour,In favour,In favour,Absent,Housing & density; Development,,,,https://pub-portcoquitlam.escribemeetings.com/Meeting.aspx?Id=16843ae7-a676-4c90-8bd2-a7d8525cbb54&Agenda=PostMinutes&lang=English,,https://councilrecord.ca/portcoquitlam.html#vote/16t6lh3,"That Committee of Council, having given consideration to s.475 of the Local Government Act, confirm the following consultation for the proposed Official Community Plan amendment : On-site signage ; Consideration of the application by Committee of Council in open meeting. That Committee of Council recommend to Council that : The Official Community Plan Map 22: Development Permit Area – Watercourse Protection be amended to reclassify the watercourse located along the north edge of the Lougheed Highway between Dominion Avenue and approximately 250m east of Sherling Avenue from Class A(O) to Class B ; The Zoning of 1021 and 1032 Nicola Avenue be amended from A (Agricultural) to DC (District Commercial) for a 0.85- acre portion north of Nicola Avenue and CD (Comprehensive Development) for a 6.68-acre portion south of Nicola Avenue. Prior to adoption of the zoning amendment bylaw, the following conditions be met to the satisfaction of the Director of Development Services: Completion of r oad c losure and sale of a lane located adjacent to the northern boundary of 1021 and 1032 Nicola Avenue ; Completion of subdivision to the satisfaction of the Approving Officer including subdivision and consolidation of the site into two parcels and road dedication along Nicola Avenue; Submission of plans, fees and securities for off-site works and services including pavement with curb and gutter, drainage, 1.8m wide sidewalk, street trees and streetlight improvements to approximately 93m of off-site works fronting 985 Nicola Avenue and street trees."
2023-07-18,Committee of Council Meeting,4.3,Proposed Sign Bylaw Amendment,Main motion,Carried,5,0,2,,,Absent,In favour,In favour,In favour,In favour,In favour,Absent,Neighbourhood character,,,,https://pub-portcoquitlam.escribemeetings.com/Meeting.aspx?Id=16843ae7-a676-4c90-8bd2-a7d8525cbb54&Agenda=PostMinutes&lang=English,,https://councilrecord.ca/portcoquitlam.html#vote/1w9vwfl,That Committee of Council recommend to Council that the Sign Bylaw be amended to allow for an off-premise digital sign on a parcel owned by Canadian Pacific Rail.
2023-07-25,Committee of Council Meeting,5.2,Rezoning Application for 1806 Pitt River Road,Main motion,Carried,7,0,0,,,In favour,In favour,In favour,In favour,In favour,In favour,In favour,Housing & density; Development; Transportation,,,,https://pub-portcoquitlam.escribemeetings.com/Meeting.aspx?Id=cf8b2a35-2071-4908-a797-1f40f89454a7&Agenda=PostMinutes&lang=English,,https://councilrecord.ca/portcoquitlam.html#vote/5y8ifd,"That Committee of Council recommend to Council that: The zoning of 18 06 Pitt River Road be amended from RS1 (Residential Single Dwelling 1) to RS 4 (Residential Single Dwelling 4 ); and Prior to adoption of the amending bylaw, the following conditions be met to the satisfaction of the Director of Development Services: Installation of protective fencing for on-site and off-site trees; Demolition of existing structures ; and Completion of design and submission of fees and securities for off-site works and services ."
2023-07-25,Committee of Council Meeting,5.3,Development Permit (Coach House) Application for 1635 Lincoln Avenue,Main motion,Carried,7,0,0,,,In favour,In favour,In favour,In favour,In favour,In favour,In favour,Housing & density; Development,,,,https://pub-portcoquitlam.escribemeetings.com/Meeting.aspx?Id=cf8b2a35-2071-4908-a797-1f40f89454a7&Agenda=PostMinutes&lang=English,,https://councilrecord.ca/portcoquitlam.html#vote/1x6b6ho,That Committee of Council approve Development Permit DP000516 to regulate a coach house at 1635 Lincoln Avenue.
2023-07-25,Committee of Council Meeting,5.4,Housing Supply Plan for the Housing Accelerator Fund,Main motion,Carried,7,0,0,,,In favour,In favour,In favour,In favour,In favour,In favour,In favour,Housing & density,,,,https://pub-portcoquitlam.escribemeetings.com/Meeting.aspx?Id=cf8b2a35-2071-4908-a797-1f40f89454a7&Agenda=PostMinutes&lang=English,,https://councilrecord.ca/portcoquitlam.html#vote/10wox6d,That Committee of Council: Direct staff to apply to the Housing Accelerator Fund with a commitment to the housing supply growth targets and incentives identified in the Housing Supply Action Plan; and Support use of the Housing Supply Action Plan in advocating for funding from senior government agencies to help increase housing supply and opportunities in Port Coquitlam.
2023-07-25,Committee of Council Meeting,5.5,Coquitlam River Watershed Roundtable - Funding Request,Main motion,Carried,7,0,0,,,In favour,In favour,In favour,In favour,In favour,In favour,In favour,Taxes & spending; Public services,,,,https://pub-portcoquitlam.escribemeetings.com/Meeting.aspx?Id=cf8b2a35-2071-4908-a797-1f40f89454a7&Agenda=PostMinutes&lang=English,,https://councilrecord.ca/portcoquitlam.html#vote/3dnico,"That Committee of Council: Approve funding for the Coquitlam River Watershed Roundtable for 2023 in the amount of $15,000, funded from existing budgets; and Consider continued funding during Financial Planning for 2024."
2023-07-25,Council Meeting,7.1,Zoning Amendment Bylaw for 1541 Manning Avenue - First Two Readings,Main motion,Carried,7,0,0,,,In favour,In favour,In favour,In favour,In favour,In favour,In favour,Housing & density; Development,,,,https://pub-portcoquitlam.escribemeetings.com/Meeting.aspx?Id=e4235d4a-a1b1-4134-82f7-203ca27c8d54&Agenda=PostMinutes&lang=English,,https://councilrecord.ca/portcoquitlam.html#vote/61srbn,"That Council: Give first two readings to “Zoning Bylaw, 2008, No. 3630, Amendment Bylaw, 2023, No. 4326” to amend the zoning designation of 1541 Manning Avenue from RS1 (Residential Single Dwelling 1) to RTh3 (Residential Townhouse 3); and, Prior to adoption of the amending bylaw, the following conditions be met to the satisfaction of the Director of Development Services: Completion of design and submission of securities and fees for off-site works and services."
2023-07-25,Council Meeting,7.2,Zoning Amendment Bylaw for 1828 Western Drive - First Two Readings,Main motion,Carried,7,0,0,,,In favour,In favour,In favour,In favour,In favour,In favour,In favour,Housing & density; Development,,,,https://pub-portcoquitlam.escribemeetings.com/Meeting.aspx?Id=e4235d4a-a1b1-4134-82f7-203ca27c8d54&Agenda=PostMinutes&lang=English,,https://councilrecord.ca/portcoquitlam.html#vote/1xr2sqc,"That Council: Give first two readings to “Zoning Bylaw, 2008, No. 3630, Amendment Bylaw, 2023, No. 4327” to amend the zoning designation of 1828 Western Drive from RS1 (Residential Single Dwelling 1) to RS2 (Residential Single Dwelling 2); and Prior to adoption of the amending bylaw, the following conditions be met to the satisfaction of the Director of Development Services: Installation of protective fencing for on-site and off-site trees and hedges; Completion of design and submission of fees and securities for off-site works and services; and Registration of a legal agreement to ensure that the design of each future dwelling is substantially different in massing, location of windows, balconies and decks, façade materials, has a high quality of landscaping, and does not encroach upon the critical root zone of the western red cedar."
2023-07-25,Council Meeting,7.3,Zoning Amendment Bylaw for 2245 McAllister Avenue - First Two Readings,Main motion,Carried,7,0,0,,,In favour,In favour,In favour,In favour,In favour,In favour,In favour,Development; Business & economy,,,,https://pub-portcoquitlam.escribemeetings.com/Meeting.aspx?Id=e4235d4a-a1b1-4134-82f7-203ca27c8d54&Agenda=PostMinutes&lang=English,,https://councilrecord.ca/portcoquitlam.html#vote/1nlhak9,"That Council approve: Give first two readings to ""Zoning Bylaw, 2008, No. 3630, Amendment Bylaw, 2023, No., 4328"" to amend the zoning designation of 2245 McAllister Avenue be amended from CC (Community Commercial) to CD (Comprehensive Development); including the following specific provisions: Maximum 2.09 residential floor area ratio; Density bonus in the amount of $50 per ft2 proposed in excess of 1.66 residential floor area ratio; Payment in lieu of parking to a maximum of 44 stalls; A minimum of 3.26m2 per dwelling unit of outdoor amenity area and 1.6m2 per dwelling unit of indoor amenity area; A minimum of 1.5 long-term bicycle storage spaces per dwelling unit. Prior to adoption of the amending bylaw, the following conditions be met to the satisfaction of the Director of Development Services: Registration of a legal agreement to establish a commitment to provide car share and transit subsidy programs."
2023-07-25,Council Meeting,7.4,OCP and Zoning Amendment Bylaws for 1021 and 1032 Nicola Avenue - First Two Readings,Main motion,Carried,6,1,0,,,In favour,In favour,Against,In favour,In favour,In favour,In favour,Housing & density; Development,,,,https://pub-portcoquitlam.escribemeetings.com/Meeting.aspx?Id=e4235d4a-a1b1-4134-82f7-203ca27c8d54&Agenda=PostMinutes&lang=English,,https://councilrecord.ca/portcoquitlam.html#vote/1c18x30,"That Council: Give first two readings to ""Official Community Plan Bylaw, 2013, No. 3838, Amendment Bylaw No. 4329"" and ""Zoning Bylaw, 2008, No. 3630, Amendment Bylaw, 2023, No. 4330"" to amend the designation of the Official Community Plan, Map 22: Development Permit Area – Watercourse Protection to reclassify the watercourse located along the north edge of the Lougheed Highway between Dominion Avenue and approximately 250m east of Sherling Avenue from Class A(O) to Class B; The Zoning of 1021 and 1032 Nicola Avenue be amended from A (Agricultural) to DC (District Commercial) for a 0.85-acre portion north of Nicola Avenue and CD (Comprehensive Development) for a 6.68-acre portion south of Nicola Avenue. Prior to adoption of the zoning amendment bylaw, the following conditions be met to the satisfaction of the Director of Development Services: Completion of road closure and sale of a lane located adjacent to the northern boundary of 1021 and 1032 Nicola Avenue; Completion of subdivision to the satisfaction of the Approving Officer including subdivision and consolidation of the site into two parcels and road dedication along Nicola Avenue; Submission of plans, fees and securities for off-site works and services including pavement with curb and gutter, drainage, 1.8m wide sidewalk, street trees and streetlight improvements to approximately 93m of off-site works fronting 985 Nicola Avenue and street trees."
2023-07-25,Council Meeting,7.5,Sign Amendment Bylaw - First Three Readings,Main motion,Carried,7,0,0,,,In favour,In favour,In favour,In favour,In favour,In favour,In favour,Neighbourhood character,,,,https://pub-portcoquitlam.escribemeetings.com/Meeting.aspx?Id=e4235d4a-a1b1-4134-82f7-203ca27c8d54&Agenda=PostMinutes&lang=English,,https://councilrecord.ca/portcoquitlam.html#vote/pch2ng,"That Council give “Sign Bylaw, 1992, No. 2638, Amendment Bylaw, 2023, No. 4324” first three readings."
2023-07-25,Council Meeting,7.6,"Housing Agreement Bylaw for 3620, 3640, 3646, 3650 Westwood Street and 3639 and 3643 Woodland Drive - First Three Readings",Main motion,Carried,7,0,0,,,In favour,In favour,In favour,In favour,In favour,In favour,In favour,Housing & density,,,,https://pub-portcoquitlam.escribemeetings.com/Meeting.aspx?Id=e4235d4a-a1b1-4134-82f7-203ca27c8d54&Agenda=PostMinutes&lang=English,,https://councilrecord.ca/portcoquitlam.html#vote/a6o007,"That Council give ""Housing Agreement Bylaw, 2023, No. 4331"" for 3620,3640,3646,3650 Westwood Street and 3639 and 3643 Woodland Drive first three readings."
2023-07-25,Council Meeting,7.7,Delegation of Authority Amendment Bylaw - Adoption,Main motion,Carried,7,0,0,,,In favour,In favour,In favour,In favour,In favour,In favour,In favour,Governance & elections,,,,https://pub-portcoquitlam.escribemeetings.com/Meeting.aspx?Id=e4235d4a-a1b1-4134-82f7-203ca27c8d54&Agenda=PostMinutes&lang=English,,https://councilrecord.ca/portcoquitlam.html#vote/r06lt3,"That Council adopt “Delegation of Authority Bylaw, 2014, No. 3876, Amendment Bylaw, 2023, No. 4325”."
2023-07-25,Council Meeting,7.8,Zoning Amendment Bylaw for 3290 Finley Street - Adoption,Main motion,Carried,7,0,0,,,In favour,In favour,In favour,In favour,In favour,In favour,In favour,Development,,,,https://pub-portcoquitlam.escribemeetings.com/Meeting.aspx?Id=e4235d4a-a1b1-4134-82f7-203ca27c8d54&Agenda=PostMinutes&lang=English,,https://councilrecord.ca/portcoquitlam.html#vote/vtxos5,"That Council adopt “Zoning Bylaw, 2008, No. 3630, Amendment Bylaw, 2022, No. 4258”."
2023-07-25,Council Meeting,8.1,2023 MFA Short Term Borrowing,Main motion,Carried,7,0,0,,,In favour,In favour,In favour,In favour,In favour,In favour,In favour,Taxes & spending,,,,https://pub-portcoquitlam.escribemeetings.com/Meeting.aspx?Id=e4235d4a-a1b1-4134-82f7-203ca27c8d54&Agenda=PostMinutes&lang=English,,https://councilrecord.ca/portcoquitlam.html#vote/1ad0pa2,"That the Council of The Corporation of the City of Port Coquitlam: authorizes up to $25.2 Million be borrowed, under Section 175 of The Community Charter, from the Municipal Finance Authority, for the purpose of Purchasing Strategic Lands for Re-development; and the loan be repaid within 5 (five) years, with no rights of renewal."
2023-08-15,Special Council Meeting,4.1,Zoning Amendment Bylaw for 2245 McAllister Avenue - Third Reading,Main motion,Carried,6,0,1,,,In favour,In favour,In favour,Absent,In favour,In favour,In favour,Development,,,,https://pub-portcoquitlam.escribemeetings.com/Meeting.aspx?Id=0f8b6de7-5f0a-40bd-8952-7e6f6f5980b2&Agenda=PostMinutes&lang=English,,https://councilrecord.ca/portcoquitlam.html#vote/kscabe,"That Council give Zoning Bylaw, 2008, No. 3630, Amendment Bylaw, 2023, No. 4328, third reading with the requirement that prior to adoption, all conditions identified at second reading be met, to the satisfaction of the Director of Development Services."
2023-08-15,Special Council Meeting,4.2,Public Notice Bylaw - First Three Readings,Main motion,Carried,6,0,1,,,In favour,In favour,In favour,Absent,In favour,In favour,In favour,Governance & elections,,,,https://pub-portcoquitlam.escribemeetings.com/Meeting.aspx?Id=0f8b6de7-5f0a-40bd-8952-7e6f6f5980b2&Agenda=PostMinutes&lang=English,,https://councilrecord.ca/portcoquitlam.html#vote/7opdu8,"That Council give “Public Notice Bylaw, 2023, No. 4332” first three readings."
2023-09-05,Committee of Council Meeting,5.1,"Rezoning Application for 2120, 2128, 2138, 2148, 2168 Rindall Avenue and 2151 Tyner Street",Main motion,Carried,6,1,0,,,In favour,In favour,In favour,In favour,In favour,In favour,Against,Housing & density; Development,,,,https://pub-portcoquitlam.escribemeetings.com/Meeting.aspx?Id=2e0dc9eb-7da1-4c59-94d2-75185f39fbca&Agenda=PostMinutes&lang=English,,https://councilrecord.ca/portcoquitlam.html#vote/1veoycr,"That Committee of Council recommend to Council that: The zoning of 2120, 2128, 2138, 2148, 2168, 2174, and 2186 Rindall Avenue and 2151 Tyner Street be amended from RS1 (Residential Single Dwelling 1) to Rth3 (Residential Townhouse 3); The amending bylaw includes provision to provide for up to 10 additional dwelling units with a bonus density contribution of $59,818.18 per unit; and, Prior to adoption of the amending bylaw, the following conditions be met to the satisfaction of the Director of Development Services: Installation of protective fencing for trees to be retained on-site and off-site; Consolidation of the existing lots into two parcels and dedication of corner cuts; Demolition of existing buildings and structures; and, Completion of design and submission of securities and fees for off-site works and services in lane reconstruction adjacent to 2156 Rindall Avenue."
2023-09-05,Committee of Council Meeting,5.2,Rezoning Application for 1948 Grant Avenue,Main motion,Carried,7,0,0,,,In favour,In favour,In favour,In favour,In favour,In favour,In favour,Housing & density; Development; Taxes & spending,1 of 3,,,https://pub-portcoquitlam.escribemeetings.com/Meeting.aspx?Id=2e0dc9eb-7da1-4c59-94d2-75185f39fbca&Agenda=PostMinutes&lang=English,,https://councilrecord.ca/portcoquitlam.html#vote/fy6cat,"That Committee of Council recommend to Council that: The zoning of 1948 Grant Ave nue be amended from RS1 (Residential Single Dwelling 1) to P2 ( Institutional ); Prior to adoption of the amending bylaw, the following conditions be met to the satisfaction of the Director of Development Services: Demolition of existing building ; Consolidation of lots; Completion of design and submission of fees and securities for off-site works and services ; and, Registration of a covenant to ensure the child care building and landscaping is constructed in accordance with the proposed design concept ."
2023-09-05,Committee of Council Meeting,5.2,Rezoning Application for 1948 Grant Avenue,Main motion,Carried,7,0,0,,,In favour,In favour,In favour,In favour,In favour,In favour,In favour,Housing & density; Development,2 of 3,,,https://pub-portcoquitlam.escribemeetings.com/Meeting.aspx?Id=2e0dc9eb-7da1-4c59-94d2-75185f39fbca&Agenda=PostMinutes&lang=English,,https://councilrecord.ca/portcoquitlam.html#vote/1ruos63,MOTION TO RECESS Moved-Seconded: That the Committee of Council meeting recess at 3:32 p.m. for the time specific Special Council meeting.
2023-09-05,Committee of Council Meeting,5.2,Rezoning Application for 1948 Grant Avenue,Main motion,Carried,7,0,0,,,In favour,In favour,In favour,In favour,In favour,In favour,In favour,Housing & density; Development,3 of 3,,,https://pub-portcoquitlam.escribemeetings.com/Meeting.aspx?Id=2e0dc9eb-7da1-4c59-94d2-75185f39fbca&Agenda=PostMinutes&lang=English,,https://councilrecord.ca/portcoquitlam.html#vote/5jxkhn,MOTION TO RECONVENE Moved-Seconded: That the Committee of Council meeting be reconvened at 3:35 p.m.
2023-09-05,Committee of Council Meeting,5.3,Development Permit Application for 1881 Prairie Avenue,Main motion,Carried,7,0,0,,,In favour,In favour,In favour,In favour,In favour,In favour,In favour,Development; Transportation; Public services,,,,https://pub-portcoquitlam.escribemeetings.com/Meeting.aspx?Id=2e0dc9eb-7da1-4c59-94d2-75185f39fbca&Agenda=PostMinutes&lang=English,,https://councilrecord.ca/portcoquitlam.html#vote/zlpwad,"That Committee of Council approve the Development Permit DP000541, which regulates the addition of new landscaping and parking for a childcare facility at 1881 Prairie Avenue."
2023-09-05,Committee of Council Meeting,5.4,Building and Plumbing Bylaw Amendment (BC Energy Step Code),Main motion,Carried,7,0,0,,,In favour,In favour,In favour,In favour,In favour,In favour,In favour,Environment & climate,,,,https://pub-portcoquitlam.escribemeetings.com/Meeting.aspx?Id=2e0dc9eb-7da1-4c59-94d2-75185f39fbca&Agenda=PostMinutes&lang=English,,https://councilrecord.ca/portcoquitlam.html#vote/fvx18g,"That Committee of Council recommend to Council that the Building and Plumbing Amendment Bylaw, 2009, No. 3710, Amendment Bylaw, 2023, No. 4333, be forwarded to Council with the date changed to January 1, 2027."
2023-09-05,Committee of Council Meeting,5.5,Freedom of the Municipality Policy Amendment,Main motion,Carried,7,0,0,,,In favour,In favour,In favour,In favour,In favour,In favour,In favour,Other,,,,https://pub-portcoquitlam.escribemeetings.com/Meeting.aspx?Id=2e0dc9eb-7da1-4c59-94d2-75185f39fbca&Agenda=PostMinutes&lang=English,,https://councilrecord.ca/portcoquitlam.html#vote/1fcw8dm,That Committee of Council recommend that Council approve the amendment s to the Freedom of the Municipality Polic y .
2023-09-05,Special Council Meeting,4.1,Public Notice Bylaw - Adoption,Main motion,Carried,7,0,0,,,In favour,In favour,In favour,In favour,In favour,In favour,In favour,Governance & elections,,,,https://pub-portcoquitlam.escribemeetings.com/Meeting.aspx?Id=e3e7aa6b-bc71-44aa-a1ce-39b3bb9b80df&Agenda=PostMinutes&lang=English,,https://councilrecord.ca/portcoquitlam.html#vote/p8ampu,"That Council adopt “Public Notice Bylaw, 2023, No. 4332”."
2023-09-05,Special Council Meeting,4.2,Zoning Amendment Bylaw for 2245 McAllister Avenue - Adoption,Main motion,Carried,7,0,0,,,In favour,In favour,In favour,In favour,In favour,In favour,In favour,Development,,,,https://pub-portcoquitlam.escribemeetings.com/Meeting.aspx?Id=e3e7aa6b-bc71-44aa-a1ce-39b3bb9b80df&Agenda=PostMinutes&lang=English,,https://councilrecord.ca/portcoquitlam.html#vote/x3tdbx,"That Council adopt “Zoning Bylaw, 2008, No. 3630, Amendment Bylaw, 2023, No. 4328”."
2023-09-05,Special Council Meeting,5.1,Council Code of Conduct Policy,Main motion,Carried,7,0,0,,,In favour,In favour,In favour,In favour,In favour,In favour,In favour,Governance & elections,,,,https://pub-portcoquitlam.escribemeetings.com/Meeting.aspx?Id=e3e7aa6b-bc71-44aa-a1ce-39b3bb9b80df&Agenda=PostMinutes&lang=English,,https://councilrecord.ca/portcoquitlam.html#vote/x0bxpq,That the Council Code of Conduct Policy be approved.
2023-09-12,Committee of Council Meeting,5.1,Development Permit Amendment Application for 2245 McAllister Avenue,Main motion,Carried,6,0,1,,,In favour,In favour,In favour,Absent,In favour,In favour,In favour,Development,,,,https://pub-portcoquitlam.escribemeetings.com/Meeting.aspx?Id=a715e5af-1697-4d19-bacb-ac0b8baa4217&Agenda=PostMinutes&lang=English,,https://councilrecord.ca/portcoquitlam.html#vote/14oayep,That Committee of Council approve Development Permit DP000413 which will regulate the development of a building and landscaping at 2245 McAllister Avenue.
2023-09-12,Committee of Council Meeting,5.2,"Rezoning Application for 2272 Leigh Square, 2265 and 2291 Wilson Avenue",Main motion,Carried,6,0,1,,,In favour,In favour,In favour,Absent,In favour,In favour,In favour,Housing & density; Development,,,,https://pub-portcoquitlam.escribemeetings.com/Meeting.aspx?Id=a715e5af-1697-4d19-bacb-ac0b8baa4217&Agenda=PostMinutes&lang=English,,https://councilrecord.ca/portcoquitlam.html#vote/iby1ct,"That Committee of Council: 1. Direct staff to bring forward a Comprehensive Development Zone bylaw that provides for the proposed development and includes the following specific provisions: a) Maximum 1.88 residential floor area ratio; b) Density bonus in the amount of $50 per ft2 proposed in excess of 1.5 residential floor area ratio; plus, an additional $50 per ft2 for 10% of the residential floor area in excess of 1.5 floor area ratio; c) Payment in lieu of parking to a maximum of 63 stalls; d) A minimum of 2 long-term bicycle storage spaces per dwelling unit. 2. Prior to adoption of the amending bylaw, the following conditions be met to the satisfaction of the Director of Development Services: a) Demolition of existing structures; b) Completion of road closures adjacent to 2272 Leigh Square; c) Completion of subdivision to the satisfaction of the Approving Officer including subdivision and consolidation of the site into one parcel and road dedication along Wilson Avenue and Donald Street; d) Submission of plans, securities and fees and agreements for off-site works and services including pedestrian flashing beacons at the Donald Street / Wilson Avenue crosswalk. e) Registration of legal agreement(s) to: i. establish a commitment to provide car share, e-bike share and transit subsidy programs; ii. to require restaurant odour neutralization."
2023-09-12,Council Meeting,5,Delegations,Main motion,Carried,6,0,1,,,In favour,In favour,In favour,Absent,In favour,In favour,In favour,Governance & elections,,,,https://pub-portcoquitlam.escribemeetings.com/Meeting.aspx?Id=fc3e4214-a1ab-4464-856c-57c980a4270c&Agenda=PostMinutes&lang=English,,https://councilrecord.ca/portcoquitlam.html#vote/1dbbbtd,MOTION TO RECESS: Moved-Seconded: That Council recessed at this time (6:09 p.m.) in order to convene the Public Hearings.
2023-09-12,Council Meeting,6.3,OCP and Zoning Amendment Bylaws for 1021 and 1032 Nicola Avenue,Main motion,Carried,6,0,1,,,In favour,In favour,In favour,Absent,In favour,In favour,In favour,Housing & density; Development,,,,https://pub-portcoquitlam.escribemeetings.com/Meeting.aspx?Id=fc3e4214-a1ab-4464-856c-57c980a4270c&Agenda=PostMinutes&lang=English,,https://councilrecord.ca/portcoquitlam.html#vote/1y3f01b,MOTION TO RECONVENE: Moved - Seconded: That the Regular Council Meeting reconvened at this time (6:43 p.m.).
2023-09-12,Council Meeting,7.1,Zoning Amendment Bylaw for 1541 Manning Avenue - Third Reading,Main motion,Carried,6,0,1,,,In favour,In favour,In favour,Absent,In favour,In favour,In favour,Development,,,,https://pub-portcoquitlam.escribemeetings.com/Meeting.aspx?Id=fc3e4214-a1ab-4464-856c-57c980a4270c&Agenda=PostMinutes&lang=English,,https://councilrecord.ca/portcoquitlam.html#vote/wrpkom,"That Council give Zoning Bylaw, 2008, No. 3630, Amendment Bylaw, 2023, No. 4326, third reading with the requirement that prior to adoption, all conditions identified at second reading be met, to the satisfaction of the Director of Development Services."
2023-09-12,Council Meeting,7.2,Zoning Amendment Bylaw for 1828 Western Drive - Third Reading,Main motion,Carried,6,0,1,,,In favour,In favour,In favour,Absent,In favour,In favour,In favour,Development,,,,https://pub-portcoquitlam.escribemeetings.com/Meeting.aspx?Id=fc3e4214-a1ab-4464-856c-57c980a4270c&Agenda=PostMinutes&lang=English,,https://councilrecord.ca/portcoquitlam.html#vote/l5uefb,"That Council give Zoning Bylaw, 2008, No. 3630, Amendment Bylaw, 2023, No. 4327, third reading with the requirement that prior to adoption, all conditions identified at second reading be met, to the satisfaction of the Director of Development Services."
2023-09-12,Council Meeting,7.3,OCP & Zoning Amendment Bylaws for 1021 and 1032 Nicola Avenue - Third Reading,Main motion,Carried,6,0,1,,,In favour,In favour,In favour,Absent,In favour,In favour,In favour,Housing & density; Development,,,,https://pub-portcoquitlam.escribemeetings.com/Meeting.aspx?Id=fc3e4214-a1ab-4464-856c-57c980a4270c&Agenda=PostMinutes&lang=English,,https://councilrecord.ca/portcoquitlam.html#vote/1vby2kv,"That Council give Official Community Plan Bylaw, 2013, No. 3838, Amendment Bylaw, 2023, No. 4329 and Zoning Bylaw, 2008, No. 3630, Amendment Bylaw, 2023, No. 4330 third reading with the requirement that prior to adoption, all conditions identified at second reading be met, to the satisfaction of the Director of Development Services."
2023-09-12,Council Meeting,7.4,Building and Plumbing Amendment Bylaw - First Three Readings,Main motion,Carried,6,0,1,,,In favour,In favour,In favour,Absent,In favour,In favour,In favour,Other,,,,https://pub-portcoquitlam.escribemeetings.com/Meeting.aspx?Id=fc3e4214-a1ab-4464-856c-57c980a4270c&Agenda=PostMinutes&lang=English,,https://councilrecord.ca/portcoquitlam.html#vote/15mvtun,"That Council give “Building and Plumbing Bylaw, 2009, No. 3710, Amendment Bylaw, 2023, No. 4333” first three readings."
2023-09-12,Council Meeting,7.5,"Zoning Amendment Bylaw for 2120, 2128, 2148, 2168 and 2186 Rindall Avenue and 2151 Tyner Street - First Two Readings",Main motion,Carried,5,1,1,,,In favour,In favour,In favour,Absent,In favour,In favour,Against,Development,,,,https://pub-portcoquitlam.escribemeetings.com/Meeting.aspx?Id=fc3e4214-a1ab-4464-856c-57c980a4270c&Agenda=PostMinutes&lang=English,,https://councilrecord.ca/portcoquitlam.html#vote/5gdl6v,"That: Council give first two readings to “Zoning Bylaw, 2008, No. 3630, Amendment Bylaw, 2023, No. 4336 for the zoning of 2120, 2128, 2138, 2148, 2168, 2174, and 2186 Rindall Avenue and 2151 Tyner Street to be amended from RS1 (Residential Single Dwelling 1) to Rth3 (Residential Townhouse 3); The amending bylaw includes provision to provide for up to 10 additional dwelling units with a bonus density contribution of $59,818.18 per unit; and, Prior to adoption of the amending bylaw, the following conditions be met to the satisfaction of the Director of Development Services: Installation of protective fencing for trees to be retained on-site and off-site; Consolidation of the existing lots into two parcels and dedication of corner cuts; Demolition of existing buildings and structures; and Completion of design and submission of securities and fees for off-site works and services in lane reconstruction adjacent to 2156 Rindall Avenue."
2023-09-12,Council Meeting,7.6,Zoning Amendment Bylaw for 1948 Grant Avenue - First Two Readings,Referral,Defeated,0,6,1,,,Against,Against,Against,Absent,Against,Against,Against,Development,1 of 2,,,https://pub-portcoquitlam.escribemeetings.com/Meeting.aspx?Id=fc3e4214-a1ab-4464-856c-57c980a4270c&Agenda=PostMinutes&lang=English,,https://councilrecord.ca/portcoquitlam.html#vote/19uah6t,That the item be referred back to staff for further information.
2023-09-12,Council Meeting,7.6,Zoning Amendment Bylaw for 1948 Grant Avenue - First Two Readings,Main motion,Carried,6,0,1,,,In favour,In favour,In favour,Absent,In favour,In favour,In favour,Housing & density; Development,2 of 2,,,https://pub-portcoquitlam.escribemeetings.com/Meeting.aspx?Id=fc3e4214-a1ab-4464-856c-57c980a4270c&Agenda=PostMinutes&lang=English,,https://councilrecord.ca/portcoquitlam.html#vote/bifgb3,"That: Council give first two readings to “Zoning Bylaw, 2008, No. 3630, Amendment Bylaw, 2023, No. 4337 for the zoning of 1948 Grant Avenue to be amended from RS1 (Residential Single Dwelling 1) to P2 (Institutional); Prior to adoption of the amending bylaw, the following conditions be met to the satisfaction of the Director of Development Services: Demolition of existing building; Consolidation of lots; Completion of design and submission of fees and securities for off-site works and services; and, Registration of a covenant to ensure the childcare building and landscaping is constructed in accordance with the proposed design concept."
2023-09-12,Council Meeting,7.7,Zoning Amendment Bylaw for 1806 Pitt River Road - First Two Readings,Main motion,Carried,6,0,1,,,In favour,In favour,In favour,Absent,In favour,In favour,In favour,Housing & density; Development,,,,https://pub-portcoquitlam.escribemeetings.com/Meeting.aspx?Id=fc3e4214-a1ab-4464-856c-57c980a4270c&Agenda=PostMinutes&lang=English,,https://councilrecord.ca/portcoquitlam.html#vote/1wv5jmw,"That: Council give first two readings to “Zoning Bylaw, 2008, No. 3630, Amendment Bylaw, 2023, No. 4338 for t he zoning of 1806 Pitt River Road to be amended from RS1 (Residential Single Dwelling 1) to RS4 (Residential Single Dwelling 4); and Prior to adoption of the amending bylaw, the following conditions be met to the satisfaction of the Director of Development Services: Installation of protective fencing for on-site and off-site trees; Demolition of existing structures; and Completion of design and submission of fees and securities for off-site works and services."
2023-09-12,Council Meeting,7.8,Housing Agreement Bylaw - Adoption,Main motion,Carried,6,0,1,,,In favour,In favour,In favour,Absent,In favour,In favour,In favour,Housing & density,,,,https://pub-portcoquitlam.escribemeetings.com/Meeting.aspx?Id=fc3e4214-a1ab-4464-856c-57c980a4270c&Agenda=PostMinutes&lang=English,,https://councilrecord.ca/portcoquitlam.html#vote/19v5b1o,"That Council adopt “3620, 3640, 3650 Westwood Street and 3639 and 3643 Woodland Drive Housing Agreement Bylaw, 2023, No. 4331”."
2023-09-12,Council Meeting,7.9,Sign Amendment Bylaw - Adoption,Main motion,Carried,6,0,1,,,In favour,In favour,In favour,Absent,In favour,In favour,In favour,Neighbourhood character,,,,https://pub-portcoquitlam.escribemeetings.com/Meeting.aspx?Id=fc3e4214-a1ab-4464-856c-57c980a4270c&Agenda=PostMinutes&lang=English,,https://councilrecord.ca/portcoquitlam.html#vote/1it74vh,"That Council adopt “Sign Bylaw, 1992, No. 2638, Amendment Bylaw, 2023, No. 4324""."
2023-09-12,Council Meeting,8.1,Freedom of the City Policy - Approval,Main motion,Carried,6,0,1,,,In favour,In favour,In favour,Absent,In favour,In favour,In favour,Other,,,,https://pub-portcoquitlam.escribemeetings.com/Meeting.aspx?Id=fc3e4214-a1ab-4464-856c-57c980a4270c&Agenda=PostMinutes&lang=English,,https://councilrecord.ca/portcoquitlam.html#vote/1451ofv,That Council approve the Freedom of the City – Council Members policy.
2023-09-26,Committee of Council Meeting,5.1,Rezoning Application for 3390 Lancaster Street,Main motion,Carried,4,1,2,,,Absent,Against,In favour,In favour,In favour,In favour,Absent,Housing & density; Development,,,,https://pub-portcoquitlam.escribemeetings.com/Meeting.aspx?Id=52cbcdef-df00-4f10-a8fe-d32140536aa8&Agenda=PostMinutes&lang=English,,https://councilrecord.ca/portcoquitlam.html#vote/lv6yzv,"That Committee of Council recommend to Council that: The zoning of 3390 Lancaster Street be amended from RS1 (Residential Single Dwelling 1) to RTh3 (Residential Townhouse 3); The amending bylaw include provisions to provide for up to one additional dwelling unit and bonus density contribution of $60,000; and, Prior to adoption of the amending bylaw, the following conditions be met to the satisfaction of the Director of Development Services: Installation of protective fencing for trees to be retained on-site and off-site; Demolition of the existing building; Dedication of 2.5m wide road allowance along the property’s Gail Avenue frontage and 3m x 3m corner cut-offs along Lancaster Street and Gail Avenue and Gail Avenue and the lane, and consolidation of lots to the satisfaction of the Approving Officer; Completion of design and submission of securities and fees for off-site works and services; and, Registration of a legal agreement to ensure recommendations of the arborist report are implemented."
2023-09-26,Committee of Council Meeting,5.2,Rezoning Application for 1675 Pitt River Road,Main motion,Carried,5,0,2,,,Absent,In favour,In favour,In favour,In favour,In favour,Absent,Housing & density; Development,,,,https://pub-portcoquitlam.escribemeetings.com/Meeting.aspx?Id=52cbcdef-df00-4f10-a8fe-d32140536aa8&Agenda=PostMinutes&lang=English,,https://councilrecord.ca/portcoquitlam.html#vote/opls3z,"That Committee of Council recommend to Council that: The zoning of 1675 Pitt River Road be amended from RS1 (Residential Single Dwelling 1) to RS4 (Residential Single Dwelling 4); and Prior to adoption of the amending bylaw, the following conditions be met to the satisfaction of the Director of Development Services: Demolition of existing structures; Completion of design and submission of fees and securities for off-site works and services; Dedication of a portion of the frontage along Pitt River Road to align the property line with the neighbouring properties to the south and subdivision to the satisfaction of the Approving Officer; Installation of protective fencing for on-site and off-site trees and hedges; and A legal agreement be registered on title that limits the footprint of the future development on proposed lot B and implements arborist recommendations to facilitate retention of two significant western red cedars."
2023-09-26,Council Meeting,7.1,Zoning Amendment Bylaw for 2272 Leigh Square and 2265 and 2291 Wilson Avenue - First Two Readings,Main motion,Carried,5,0,2,,,Absent,In favour,In favour,In favour,In favour,In favour,Absent,Development,,,,https://pub-portcoquitlam.escribemeetings.com/Meeting.aspx?Id=b68a496f-2d7c-40fc-a8f2-5c1a7edd4a06&Agenda=PostMinutes&lang=English,,https://councilrecord.ca/portcoquitlam.html#vote/1anlaak,"That: 1. Council give first two readings to “Zoning Bylaw, 2008, No. 3630, Amendment Bylaw, 2023, No. 4340” to amend the zoning designation of 2272 Leigh Square and 2265 and 2291 Wilson Avenue from CC (Community Commercial) and P1 (Civic Institutional) CD43 (Comprehensive Development) that provides for the proposed development and includes the following specific provisions: a) Maximum 1.88 residential floor area ratio; b) Density bonus in the amount of $50 per ft2 proposed in excess of 1.5 residential floor area ratio; plus, an additional $50 per ft2 for 10% of the residential floor area in excess of 1.5 floor area ratio; c) Payment in lieu of parking to a maximum of 63 stalls; d) A minimum of 2 long-term bicycle storage spaces per dwelling unit. 2. Prior to adoption of the amending bylaw, the following conditions be met to the satisfaction of the Director of Development Services: a) Demolition of existing structures; b) Completion of road closures adjacent to 2272 Leigh Square; c) Completion of subdivision to the satisfaction of the Approving Officer including subdivision and consolidation of the site into one parcel and road dedication along Wilson Avenue and Donald Street; d) Submission of plans, securities and fees and agreements for off-site works and services including pedestrian flashing beacons at the Donald Street / Wilson Avenue crosswalk. e) Registration of legal agreement(s) to: i. establish a commitment to provide car share, e-bike share and transit subsidy programs; ii. to require restaurant odour neutralization."
2023-09-26,Council Meeting,7.2,Building and Plumbing Amendment Bylaw (BC Energy Step Code) - Adoption,Main motion,Carried,5,0,2,,,Absent,In favour,In favour,In favour,In favour,In favour,Absent,Environment & climate,,,,https://pub-portcoquitlam.escribemeetings.com/Meeting.aspx?Id=b68a496f-2d7c-40fc-a8f2-5c1a7edd4a06&Agenda=PostMinutes&lang=English,,https://councilrecord.ca/portcoquitlam.html#vote/epyvil,"That Council adopt “Building and Plumbing Bylaw, 2009, No. 3710, Amendment Bylaw, 2023, No. 4333”."
2023-09-26,Council Meeting,7.3,Official Community Plan Amendment Bylaw for 1021 and 1032 Nicola Avenue - Adoption,Main motion,Carried,5,0,2,,,Absent,In favour,In favour,In favour,In favour,In favour,Absent,Housing & density; Development,,,,https://pub-portcoquitlam.escribemeetings.com/Meeting.aspx?Id=b68a496f-2d7c-40fc-a8f2-5c1a7edd4a06&Agenda=PostMinutes&lang=English,,https://councilrecord.ca/portcoquitlam.html#vote/11700ni,"That Council adopt Official Community Plan Bylaw, 2013, No. 3838, Amendment Bylaw, 2023, No. 4329."
2023-10-03,Committee of Council Meeting,4.1,2024 Permissive Tax Exemptions,Referral,Carried,6,0,1,,,In favour,In favour,In favour,In favour,In favour,In favour,Absent,Taxes & spending,,,,https://pub-portcoquitlam.escribemeetings.com/Meeting.aspx?Id=ce0a1412-8c92-4eed-9fd8-3c098b1d56da&Agenda=PostMinutes&lang=English,,https://councilrecord.ca/portcoquitlam.html#vote/j03mxf,That Committee of Council recommend to Council: That Atira Women’s Resource Society request for permissive tax exemption be referred back to staff for further discussion with Atira Women's Resource Society Society related to their Housing Policy (specifically related to housing Port Coquitlam/Tri-Cities residents as a priority); and That t he City of Port Coquitlam be approved for a permissive tax exemption for 202 4 – 20 28 ; and That previously approved permissive property tax exemptions continue for the 202 4 taxation year .
2023-10-03,Committee of Council Meeting,4.2,Council and Committee Procedure Bylaw Amendments,Main motion,Carried,6,0,1,,,In favour,In favour,In favour,In favour,In favour,In favour,Absent,Governance & elections,,,,https://pub-portcoquitlam.escribemeetings.com/Meeting.aspx?Id=ce0a1412-8c92-4eed-9fd8-3c098b1d56da&Agenda=PostMinutes&lang=English,,https://councilrecord.ca/portcoquitlam.html#vote/1avmp8m,"That Committee of Council recommend to Council that proposed amendments to “Council and Committee Procedures Bylaw, 2015, No. 3898” be approved."
2023-10-03,Committee of Council Meeting,4.3,Delegation of Authority Bylaw Amendments,Main motion,Carried,6,0,1,,,In favour,In favour,In favour,In favour,In favour,In favour,Absent,Governance & elections,,,,https://pub-portcoquitlam.escribemeetings.com/Meeting.aspx?Id=ce0a1412-8c92-4eed-9fd8-3c098b1d56da&Agenda=PostMinutes&lang=English,,https://councilrecord.ca/portcoquitlam.html#vote/1axcbdf,That Committee of Council support revisions to the Delegation of Authority Bylaw and forward the draft Bylaw to Council for first three readings.
2023-10-03,Committee of Council Meeting,6.1,Bus Rapid Transit on Lougheed Highway Corridor,Main motion,Carried,6,0,1,,,In favour,In favour,In favour,In favour,In favour,In favour,Absent,Transportation,,,,https://pub-portcoquitlam.escribemeetings.com/Meeting.aspx?Id=ce0a1412-8c92-4eed-9fd8-3c098b1d56da&Agenda=PostMinutes&lang=English,,https://councilrecord.ca/portcoquitlam.html#vote/t3hx2h,"That Committee of Council: Support a BRT line featuring dedicated bus lanes, transit signal priority, enhanced customer amenities at stations and specialized vehicles to support fast, reliable, high-quality rapid transit along the Lougheed Highway corridor; Direct staff to work expediently with Translink and coordinate with adjacent municipalities towards the planning, design and implementation of BRT within the municipality."
2023-10-10,Council Meeting,5,Delegations,Main motion,Carried,6,0,1,,,Absent,In favour,In favour,In favour,In favour,In favour,In favour,Governance & elections,,,,https://pub-portcoquitlam.escribemeetings.com/Meeting.aspx?Id=e57b69d1-6364-4334-9ec0-83225623c397&Agenda=PostMinutes&lang=English,,https://councilrecord.ca/portcoquitlam.html#vote/1sj8czs,Motion to Recess Moved-Seconded: That the regular Council Meeting be recessed in order to convene the Public Hearings. (6:01 p.m.)
2023-10-10,Council Meeting,6.4,Zoning Amendment Bylaw for 2272 Leigh Square and 2265 and 2291 Wilson Avenue,Main motion,Carried,6,0,1,,,Absent,In favour,In favour,In favour,In favour,In favour,In favour,Development,,,,https://pub-portcoquitlam.escribemeetings.com/Meeting.aspx?Id=e57b69d1-6364-4334-9ec0-83225623c397&Agenda=PostMinutes&lang=English,,https://councilrecord.ca/portcoquitlam.html#vote/jqy9bo,Motion to Reconvene Moved-Seconded: That the Regular Council Meeting reconvened at this time (7:33 p.m.).
2023-10-10,Council Meeting,7.1,"Zoning Amendment Bylaw for 2120, 2128, 2138, 2148, 2168, 2174 and 2186 Rindall Avenue and 2151 Tyner Street - Third Reading",Main motion,Carried,5,1,1,,,Absent,In favour,In favour,In favour,In favour,In favour,Against,Development,,,,https://pub-portcoquitlam.escribemeetings.com/Meeting.aspx?Id=e57b69d1-6364-4334-9ec0-83225623c397&Agenda=PostMinutes&lang=English,,https://councilrecord.ca/portcoquitlam.html#vote/4iout1,"That Council give Zoning Bylaw, 2008, No. 3630, Amendment Bylaw, 2023, No. 4336, third reading with the requirement that prior to adoption, all conditions identified at second reading as well as the additional condition of: “e. Registration of a legal agreement to ensure any disturbance of lands identified within the critical root zones of trees located on 2156 Rindall Avenue are done under the supervision of a certified arborist and in accordance with a set of tree protection guidelines.” be met, to the satisfaction of the Director of Development Services."
2023-10-10,Council Meeting,7.2,Zoning Amendment Bylaw for 1948 Grant Avenue - Third Reading,Main motion,Defeated,1,5,1,,,Absent,Against,Against,Against,Against,In favour,Against,Development,,,,https://pub-portcoquitlam.escribemeetings.com/Meeting.aspx?Id=e57b69d1-6364-4334-9ec0-83225623c397&Agenda=PostMinutes&lang=English,,https://councilrecord.ca/portcoquitlam.html#vote/v7faew,"That Council give Zoning Bylaw, 2008, No. 3630, Amendment Bylaw, 2023, No. 4337, third reading with the requirement that prior to adoption, all conditions identified at second reading be met, to the satisfaction of the Director of Development Services."
2023-10-10,Council Meeting,7.3,Zoning Amendment Bylaw for 1806 Pitt River Road - Third Reading,Main motion,Carried,6,0,1,,,Absent,In favour,In favour,In favour,In favour,In favour,In favour,Development,,,,https://pub-portcoquitlam.escribemeetings.com/Meeting.aspx?Id=e57b69d1-6364-4334-9ec0-83225623c397&Agenda=PostMinutes&lang=English,,https://councilrecord.ca/portcoquitlam.html#vote/k1jpkv,"That Council give Zoning Bylaw, 2008, No. 3630, Amendment Bylaw, 2023, No. 4338, third reading with the requirement that prior to adoption, all conditions identified at second reading be met, to the satisfaction of the Director of Development Services."
2023-10-10,Council Meeting,7.4,Zoning Amendment Bylaw for 2272 Leigh Square and 2265 and 2291 Wilson Avenue - Third Reading,Main motion,Carried,6,0,1,,,Absent,In favour,In favour,In favour,In favour,In favour,In favour,Development,,,,https://pub-portcoquitlam.escribemeetings.com/Meeting.aspx?Id=e57b69d1-6364-4334-9ec0-83225623c397&Agenda=PostMinutes&lang=English,,https://councilrecord.ca/portcoquitlam.html#vote/1hl9ugg,"That Council give Zoning Bylaw, 2008, No. 3630, Amendment Bylaw, 2023, No. 4340, third reading with the requirement that prior to adoption, all conditions identified at second reading be met, to the satisfaction of the Director of Development Services."
2023-10-10,Council Meeting,7.5,Zoning Amendment Bylaw for 1675 Pitt River Road - First Two Readings,Main motion,Carried,6,0,1,,,Absent,In favour,In favour,In favour,In favour,In favour,In favour,Housing & density; Development,,,,https://pub-portcoquitlam.escribemeetings.com/Meeting.aspx?Id=e57b69d1-6364-4334-9ec0-83225623c397&Agenda=PostMinutes&lang=English,,https://councilrecord.ca/portcoquitlam.html#vote/tsoexo,"That: Council give first two readings to “Zoning Bylaw, 2008, No. 3630, Amendment Bylaw, 2023, No. 4343” for 1675 Pitt River Road to be amended from RS1 (Residential Single Dwelling to RS4 (Residential Single Dwelling 4); and Prior to adoption of the amending bylaw, the following conditions be met to the satisfaction of the Director of Development Services: Demolition of existing structures; Completion of design and submission of fees and securities for off-site works and services; Dedication of a portion of the frontage along Pitt River Road to align the property line with the neighbouring properties to the south and subdivision to the satisfaction of the Approving Officer; Installation of protective fencing for on-site and off-site trees and hedges; and A legal agreement be registered on title that limits the footprint of the future development on proposed lot B and implements arborist recommendations to facilitate retention of two significant western red cedars."
2023-10-10,Council Meeting,7.6,Zoning Amendment Bylaw for 3390 Lancaster Street - First Two Readings,Main motion,Carried,6,0,1,,,Absent,In favour,In favour,In favour,In favour,In favour,In favour,Housing & density; Development,,,,https://pub-portcoquitlam.escribemeetings.com/Meeting.aspx?Id=e57b69d1-6364-4334-9ec0-83225623c397&Agenda=PostMinutes&lang=English,,https://councilrecord.ca/portcoquitlam.html#vote/8nyyci,"That: Council give first two readings to “Zoning Bylaw, 2008, No. 3630, Amendment Bylaw, 2023, No. 4344"" for 3390 Lancaster Street to be amended from RS1 (Residential Single Dwelling 1) to RTh3 (Residential Townhouse 3); The amending bylaw include provisions to provide for up to one additional dwelling unit and bonus density contribution of $60,000; and, Prior to adoption of the amending bylaw, the following conditions be met to the satisfaction of the Director of Development Services: Installation of protective fencing for trees to be retained on-site and off-site; Demolition of the existing building; Dedication of 2.5m wide road allowance along the property’s Gail Avenue frontage and 3m x 3m corner cut-offs along Lancaster Street and Gail Avenue and Gail Avenue and the lane, and consolidation of lots to the satisfaction of the Approving Officer; Completion of design and submission of securities and fees for off-site works and services; and, Registration of a legal agreement to ensure recommendations of the arborist report are implemented."
2023-10-10,Council Meeting,7.7,Council and Committee Procedures Amendment Bylaw - First Three Readings,Main motion,Carried,6,0,1,,,Absent,In favour,In favour,In favour,In favour,In favour,In favour,Governance & elections,,,,https://pub-portcoquitlam.escribemeetings.com/Meeting.aspx?Id=e57b69d1-6364-4334-9ec0-83225623c397&Agenda=PostMinutes&lang=English,,https://councilrecord.ca/portcoquitlam.html#vote/hsl31c,"That Council give first three readings to “Council and Committee Procedures Bylaw, 2015, No. 3898, Amendment Bylaw, 2023, No.4334” ."
2023-10-10,Council Meeting,7.8,Delegation of Authority Amendment Bylaw - First Three Readings,Main motion,Carried,6,0,1,,,Absent,In favour,In favour,In favour,In favour,In favour,In favour,Governance & elections,,,,https://pub-portcoquitlam.escribemeetings.com/Meeting.aspx?Id=e57b69d1-6364-4334-9ec0-83225623c397&Agenda=PostMinutes&lang=English,,https://councilrecord.ca/portcoquitlam.html#vote/rwz2y0,"That Council give first three readings to “Delegation of Authority Amendment Bylaw, 2014, No. 3876, Amendment Bylaw, 2023, No.4335” ."
2023-10-10,Council Meeting,7.9,Permissive Tax Exemption Bylaw - First Three Readings,Main motion,Carried,6,0,1,,,Absent,In favour,In favour,In favour,In favour,In favour,In favour,Taxes & spending,,,,https://pub-portcoquitlam.escribemeetings.com/Meeting.aspx?Id=e57b69d1-6364-4334-9ec0-83225623c397&Agenda=PostMinutes&lang=English,,https://councilrecord.ca/portcoquitlam.html#vote/phfp8a,"That Council give first three readings to “Permissive Tax Exemption Bylaw, 2023, No. 4342” for the City of Port Coquitlam."
2023-10-10,Council Meeting,7.10,"Late Item - Zoning Amendment Bylaw for 3620, 3640, 3646, 3650 Westwood Street and 3639 and 3643 Woodland Drive - Adoption",Main motion,Carried,6,0,1,,,Absent,In favour,In favour,In favour,In favour,In favour,In favour,Development,,,,https://pub-portcoquitlam.escribemeetings.com/Meeting.aspx?Id=e57b69d1-6364-4334-9ec0-83225623c397&Agenda=PostMinutes&lang=English,,https://councilrecord.ca/portcoquitlam.html#vote/14vq2fu,"That Council adopt ""Zoning Bylaw, 2008, No. 3630, Amendment Bylaw, 2023, No. 4282"" for 3620, 3640, 3646, 3650 Westwood Street and 3639 and 3643 Woodland Drive."
2023-10-17,Committee of Council Meeting,3,Confirmation Of Minutes,Main motion,Carried,7,0,0,,,In favour,In favour,In favour,In favour,In favour,In favour,In favour,Other,,,,https://pub-portcoquitlam.escribemeetings.com/Meeting.aspx?Id=ed6ebe4b-b4d5-4506-a4d7-7214a2a2197a&Agenda=PostMinutes&lang=English,,https://councilrecord.ca/portcoquitlam.html#vote/1no5vsw,"MOTION TO RECONVENE: Moved-Seconded: That the Tuesday, October 17, 2023, Committee of Council meeting be reconvened. (3:05 p.m.)"
2023-10-17,Committee of Council Meeting,4.1,Gates Park Project Design Update (verbal report),Main motion,Carried,7,0,0,,,In favour,In favour,In favour,In favour,In favour,In favour,In favour,Parks & recreation,,,,https://pub-portcoquitlam.escribemeetings.com/Meeting.aspx?Id=ed6ebe4b-b4d5-4506-a4d7-7214a2a2197a&Agenda=PostMinutes&lang=English,,https://councilrecord.ca/portcoquitlam.html#vote/4rcu9c,"Motion to Reconvene Moved-Seconded: That the Tuesday, October 17, 2023, Committee of Council meeting be reconvened. (3:05 p.m.)"
2023-10-17,Committee of Council Meeting,4.2,Rezoning Application for 3609 St. Thomas Street,Main motion,Carried,7,0,0,,,In favour,In favour,In favour,In favour,In favour,In favour,In favour,Housing & density; Development,,,,https://pub-portcoquitlam.escribemeetings.com/Meeting.aspx?Id=ed6ebe4b-b4d5-4506-a4d7-7214a2a2197a&Agenda=PostMinutes&lang=English,,https://councilrecord.ca/portcoquitlam.html#vote/e0xu40,"That Committee of Council recommend to Council that: The zoning of 3609 St. Thomas Street be amended from RS1 (Residential Single Dwelling 1) to RD (Residential Duplex). Prior to adoption of the amending bylaw, the following conditions be met to the satisfaction of the Director of Development Services: Installation of protective fencing for retained trees; Demolition of existing buildings and structures; Dedication of corner cuts; and Completion of the design and submission of fees and securities for off-site works and services."
2023-10-17,Committee of Council Meeting,4.3,Development Services Fees Review,Main motion,Carried,5,2,0,,,In favour,In favour,Against,In favour,In favour,Against,In favour,Taxes & spending,,,,https://pub-portcoquitlam.escribemeetings.com/Meeting.aspx?Id=ed6ebe4b-b4d5-4506-a4d7-7214a2a2197a&Agenda=PostMinutes&lang=English,,https://councilrecord.ca/portcoquitlam.html#vote/g371mb,That Committee of Council: Direct staff to increase the target to 15% for the adjustments to Development Fees for Council's consideration; and Prepare updates to the City's Fees and Charges Bylaw accordingly.
2023-10-17,Committee of Council Meeting,4.4,2024 Permissive Tax Exemptions - Follow Up Information,Main motion,Carried,7,0,0,,,In favour,In favour,In favour,In favour,In favour,In favour,In favour,Taxes & spending,,,,https://pub-portcoquitlam.escribemeetings.com/Meeting.aspx?Id=ed6ebe4b-b4d5-4506-a4d7-7214a2a2197a&Agenda=PostMinutes&lang=English,,https://councilrecord.ca/portcoquitlam.html#vote/10oq5mt,That Committee of Council not approve a P ermissive T ax E xemption for 2117 Prairie Avenue ( Atira Women’s Resource Society ) for 2024 .
2023-10-17,Committee of Council Meeting,6,Mayor'S Update,Main motion,Carried,7,0,0,,,In favour,In favour,In favour,In favour,In favour,In favour,In favour,Other,,,,https://pub-portcoquitlam.escribemeetings.com/Meeting.aspx?Id=ed6ebe4b-b4d5-4506-a4d7-7214a2a2197a&Agenda=PostMinutes&lang=English,,https://councilrecord.ca/portcoquitlam.html#vote/1idig19,That Committee of Council direct staff to: Write to the Ministry of Education & School District 43 requesting that Hazel Trembath Elementary be rebuilt as soon as possible; and Prioritize any City applications for the School District to rebuild the school; and Waive any City fees in relation to rebuilding the school.
2023-10-17,Committee of Council Meeting,8,Motion to Recess,Main motion,Carried,7,0,0,,,In favour,In favour,In favour,In favour,In favour,In favour,In favour,Other,,,,https://pub-portcoquitlam.escribemeetings.com/Meeting.aspx?Id=ed6ebe4b-b4d5-4506-a4d7-7214a2a2197a&Agenda=PostMinutes&lang=English,,https://councilrecord.ca/portcoquitlam.html#vote/gga5v6,Motion to Reconvene Moved-Seconded: That the Committee of Council meeting be reconvened. (6:02 p.m.)
2023-10-24,Council Meeting,5.2,Zoning Amendment Bylaw for 3390 Lancaster Street,Main motion,Carried,7,0,0,,,In favour,In favour,In favour,In favour,In favour,In favour,In favour,Development,,,,https://pub-portcoquitlam.escribemeetings.com/Meeting.aspx?Id=1d44496e-fd41-4672-844e-0b37499268ba&Agenda=PostMinutes&lang=English,,https://councilrecord.ca/portcoquitlam.html#vote/1o8wesy,That the Public Hearing for 3390 Lancaster Street reconvene. (6:33 p.m.)
2023-10-24,Council Meeting,6.1,Zoning Amendment Bylaw for 1675 Pitt River Road - Third Reading,Main motion,Carried,7,0,0,,,In favour,In favour,In favour,In favour,In favour,In favour,In favour,Development,,,,https://pub-portcoquitlam.escribemeetings.com/Meeting.aspx?Id=1d44496e-fd41-4672-844e-0b37499268ba&Agenda=PostMinutes&lang=English,,https://councilrecord.ca/portcoquitlam.html#vote/1ctblmb,"That Council give ""Zoning Bylaw, 2008, No. 3630, Amendment Bylaw, 2023, No. 4343"", third reading with the requirement that prior to adoption, all conditions identified at second reading be met, to the satisfaction of the Director of Development Services."
2023-10-24,Council Meeting,6.2,Zoning Amendment Bylaw for 3390 Lancaster Street - Third Reading,Main motion,Carried,7,0,0,,,In favour,In favour,In favour,In favour,In favour,In favour,In favour,Development,1 of 3,,,https://pub-portcoquitlam.escribemeetings.com/Meeting.aspx?Id=1d44496e-fd41-4672-844e-0b37499268ba&Agenda=PostMinutes&lang=English,,https://councilrecord.ca/portcoquitlam.html#vote/1tnujsv,"Motion to Recess Moved-Seconded : That the October 24, 2023, Council meeting be recessed. (6:33 p.m.)"
2023-10-24,Council Meeting,6.2,Zoning Amendment Bylaw for 3390 Lancaster Street - Third Reading,Main motion,Carried,7,0,0,,,In favour,In favour,In favour,In favour,In favour,In favour,In favour,Development,2 of 3,,,https://pub-portcoquitlam.escribemeetings.com/Meeting.aspx?Id=1d44496e-fd41-4672-844e-0b37499268ba&Agenda=PostMinutes&lang=English,,https://councilrecord.ca/portcoquitlam.html#vote/1hk1oo,"Motion to Reconvene Moved-Seconded: That the October 24, 2023, Council meeting be reconvened.(6:42 p.m.)"
2023-10-24,Council Meeting,6.2,Zoning Amendment Bylaw for 3390 Lancaster Street - Third Reading,Main motion,Carried,7,0,0,,,In favour,In favour,In favour,In favour,In favour,In favour,In favour,Development,3 of 3,,,https://pub-portcoquitlam.escribemeetings.com/Meeting.aspx?Id=1d44496e-fd41-4672-844e-0b37499268ba&Agenda=PostMinutes&lang=English,,https://councilrecord.ca/portcoquitlam.html#vote/1lmk44w,"That Council give “Zoning Bylaw, 2008, No. 3630, Amendment Bylaw, 2023, No. 4344”, third reading with the requirement that prior to adoption, all conditions identified at second reading be met, to the satisfaction of the Director of Development Services."
2023-10-24,Council Meeting,6.3,Zoning Amendment Bylaw for 3609 St. Thomas Street - First Two Readings,Main motion,Carried,7,0,0,,,In favour,In favour,In favour,In favour,In favour,In favour,In favour,Housing & density; Development,,,,https://pub-portcoquitlam.escribemeetings.com/Meeting.aspx?Id=1d44496e-fd41-4672-844e-0b37499268ba&Agenda=PostMinutes&lang=English,,https://councilrecord.ca/portcoquitlam.html#vote/1xy35kh,"That: Council give first two readings to “Zoning Bylaw, 2008, No. 3630, Amendment Bylaw, 2023, No. 4346” to rezone 3609 St Thomas Street from RS1 (Residential Single Dwelling 1) to RD (Residential Duplex). Prior to adoption of the amending bylaw, the following conditions be met to the satisfaction of the Director of Development Services: Installation of protective fencing for retained trees; Demolition of existing buildings and structures; Dedication of corner cuts; and Completion of the design and submission of fees and securities for off-site works and services."
2023-10-24,Council Meeting,6.4,"Road Closure Bylaw for 2272 Leigh Square, 2265 and 2291 Wilson Avenue - First Three Readings",Main motion,Carried,7,0,0,,,In favour,In favour,In favour,In favour,In favour,In favour,In favour,Development; Transportation,,,,https://pub-portcoquitlam.escribemeetings.com/Meeting.aspx?Id=1d44496e-fd41-4672-844e-0b37499268ba&Agenda=PostMinutes&lang=English,,https://councilrecord.ca/portcoquitlam.html#vote/uh3uhj,"That Council give “2272 Leigh Square, 2265 and 2291 Wilson Avenue Road Closure and Removal of Highway Dedication Bylaw, 2023, No. 4341” first three readings."
2023-10-24,Council Meeting,6.5,Permissive Tax Exemption Bylaw (City Parking Lot) - Adoption,Main motion,Carried,5,2,0,,,In favour,In favour,In favour,In favour,In favour,Against,Against,Taxes & spending; Transportation,,,,https://pub-portcoquitlam.escribemeetings.com/Meeting.aspx?Id=1d44496e-fd41-4672-844e-0b37499268ba&Agenda=PostMinutes&lang=English,,https://councilrecord.ca/portcoquitlam.html#vote/tws9y4,"That Council adopt “Permissive Tax Exemption Bylaw, 2023, No. 4342” for 2171 Wilson Avenue."
2023-10-24,Council Meeting,6.6,Zoning Amendment Bylaw for 1340 Prairie Avenue - Adoption,Main motion,Carried,7,0,0,,,In favour,In favour,In favour,In favour,In favour,In favour,In favour,Development,,,,https://pub-portcoquitlam.escribemeetings.com/Meeting.aspx?Id=1d44496e-fd41-4672-844e-0b37499268ba&Agenda=PostMinutes&lang=English,,https://councilrecord.ca/portcoquitlam.html#vote/udpuhq,"That Council adopt “Zoning Bylaw, 2008, No. 3630, Amendment Bylaw, 2022, No. 4213”."
2023-10-24,Council Meeting,6.7,Council and Committee Procedures Amendment Bylaw - Adoption,Main motion,Carried,7,0,0,,,In favour,In favour,In favour,In favour,In favour,In favour,In favour,Governance & elections,,,,https://pub-portcoquitlam.escribemeetings.com/Meeting.aspx?Id=1d44496e-fd41-4672-844e-0b37499268ba&Agenda=PostMinutes&lang=English,,https://councilrecord.ca/portcoquitlam.html#vote/1ov56gf,"That Council adopt “Council and Committee Procedures Bylaw, 2015, No. 3898, Amendment Bylaw, 2023, No. 4334” ."
2023-10-24,Council Meeting,6.8,Delegation of Authority Amendment Bylaw - Adoption,Main motion,Carried,7,0,0,,,In favour,In favour,In favour,In favour,In favour,In favour,In favour,Governance & elections,,,,https://pub-portcoquitlam.escribemeetings.com/Meeting.aspx?Id=1d44496e-fd41-4672-844e-0b37499268ba&Agenda=PostMinutes&lang=English,,https://councilrecord.ca/portcoquitlam.html#vote/w31zdm,"That Council adopt “Delegation of Authority Bylaw, 2014, No. 3876, Amendment Bylaw, 2023, No. 4335” ."
2023-10-24,Council Meeting,8.1,Reconsideration of third reading of Zoning Amendment Bylaw for 1948 Grant Avenue,Main motion,Carried,6,1,0,,,In favour,In favour,In favour,In favour,In favour,In favour,Against,Development,1 of 2,,,https://pub-portcoquitlam.escribemeetings.com/Meeting.aspx?Id=1d44496e-fd41-4672-844e-0b37499268ba&Agenda=PostMinutes&lang=English,,https://councilrecord.ca/portcoquitlam.html#vote/27dgss,"Mayor West brought forward Zoning Amendment Bylaw No. 4337 (1948 Grant Avenue) for reconsideration from the October 10, 2023, Council Meeting. Amendment Moved-Seconded : That prior to giving Zoning Amendment Bylaw No. 4337 third reading, Council add the requirement that Council direct staff to bring options to address road safety and traffic concerns, prior to adoption of the Bylaw."
2023-10-24,Council Meeting,8.1,Reconsideration of third reading of Zoning Amendment Bylaw for 1948 Grant Avenue,Main motion,Carried,7,0,0,,,In favour,In favour,In favour,In favour,In favour,In favour,In favour,Development,2 of 2,,,https://pub-portcoquitlam.escribemeetings.com/Meeting.aspx?Id=1d44496e-fd41-4672-844e-0b37499268ba&Agenda=PostMinutes&lang=English,,https://councilrecord.ca/portcoquitlam.html#vote/l99e2c,"That: Council give ""Zoning Bylaw, 2008, No. 3630, Amendment Bylaw, 2023, No. 4337, third reading with the requirement that prior to adoption, all conditions identified at second reading be met, to the satisfaction of the Director of Development Services; and Council direct staff to bring option to address road safety and traffic concerns, prior to adoption of the Bylaw."
2023-10-24,Committee of Council Meeting,4.1,2024 Fees and Charges Bylaw (Introduction),Main motion,Carried,7,0,0,,,In favour,In favour,In favour,In favour,In favour,In favour,In favour,Taxes & spending,,,,https://pub-portcoquitlam.escribemeetings.com/Meeting.aspx?Id=46eef656-1e31-4f5d-aff4-f3f1135e0c68&Agenda=PostMinutes&lang=English,,https://councilrecord.ca/portcoquitlam.html#vote/wwj7h2,That Committee of Council support the proposed amendments to the existing Fees and Charges Bylaw and that a new bylaw be prepared and sent to Council for first three readings.
2023-11-07,Committee of Council Meeting,4.1,RCMP Q3 2023 RTC Port Coquitlam,Main motion,Carried,7,0,0,,,In favour,In favour,In favour,In favour,In favour,In favour,In favour,Public services; Governance & elections,1 of 2,,,https://pub-portcoquitlam.escribemeetings.com/Meeting.aspx?Id=bbcc65a2-6cb0-4ffd-b1d0-4207d4203014&Agenda=PostMinutes&lang=English,,https://councilrecord.ca/portcoquitlam.html#vote/10664by,"RESOLUTION TO CLOSE 8.1 Resolution to Close That the Committee of Council Meeting of Tuesday, November 7, 2023, be closed to the public pursuant to the following subsections(s) of Section 90(1) of the Community Charter: Item 5.1 f. law enforcement, if the council considers that disclosure could reasonably be expected to harm the conduct of an investigation under or enforcement of an enactment. Item 5.2 e. the acquisition, disposition or expropriation of land or improvements, if the council considers that disclosure could reasonably be expected to harm the interests of the municipality; k. negotiations and related discussions respecting the proposed provision of a municipal service that are at their preliminary stages and that, in the view of the council, could reasonably be expected to harm the interests of the municipality if they were held in public. Item 5.3 e. the acquisition, disposition or expropriation of land or improvements, if the council considers that disclosure could reasonably be expected to harm the interests of the municipality. Item 5.4 c. labour relations or other employee relations; e. the acquisition, disposition or expropriation of land or improvements, if the council considers that disclosure could reasonably be expected to harm the interests of the municipality; k. negotiations and related discussions respecting the proposed provision of a municipal service that are at their preliminary stages and that, in the view of the council, could reasonably be expected to harm the interests of the municipality if they were held in public; l. discussions with municipal officers and employees respecting municipal objectives, measures and progress reports for the purposes of preparing an annual report under section 98 [annual municipal report]."
2023-11-07,Committee of Council Meeting,4.1,RCMP Q3 2023 RTC Port Coquitlam,Main motion,Carried,7,0,0,,,In favour,In favour,In favour,In favour,In favour,In favour,In favour,Public services,2 of 2,,,https://pub-portcoquitlam.escribemeetings.com/Meeting.aspx?Id=bbcc65a2-6cb0-4ffd-b1d0-4207d4203014&Agenda=PostMinutes&lang=English,,https://councilrecord.ca/portcoquitlam.html#vote/5ag6om,MOTION TO RECONVENE: Moved-Seconded: That the Committee of Council meeting be reconvened. (2:58 p.m.)
2023-11-07,Committee of Council Meeting,4.3,2023 Utility Rate Review - Working Group Recommendations,Main motion,Carried,7,0,0,,,In favour,In favour,In favour,In favour,In favour,In favour,In favour,Housing & density; Taxes & spending; Public services,,,,https://pub-portcoquitlam.escribemeetings.com/Meeting.aspx?Id=bbcc65a2-6cb0-4ffd-b1d0-4207d4203014&Agenda=PostMinutes&lang=English,,https://councilrecord.ca/portcoquitlam.html#vote/w44wgz,That: Committee of Council support recommendations of the Utility Rate Working group including: Updating flat rate residential Water and Sewer utility rates to align with population estimates as provided in the report utilizing a 5-year phase in period; Adjust the funding source of the Recycling service from general taxation to the Solid Waste Levy; Operationalize the pilot program for Large Item Pickup and establish the service funded from the Solid Waste Levy; and Establish a Curbside Glass Pickup service to begin operation in 2025 funded from the Solid Waste Levy. Include changes into the 2024-2028 Financial Plan.
2023-11-14,Committee of Council Meeting,4.1,Development Variance Permit for 3127 Shaughnessy Street,Main motion,Carried,7,0,0,,,In favour,In favour,In favour,In favour,In favour,In favour,In favour,Development,,,,https://pub-portcoquitlam.escribemeetings.com/Meeting.aspx?Id=a1098b6f-a25b-470e-9e2d-f6cc95fdb495&Agenda=PostMinutes&lang=English,,https://councilrecord.ca/portcoquitlam.html#vote/jc6jp8,"That Committee of Council: Authorize staff to provide notice of an application to vary the front yard setbacks, and maximum building depth regulations of the Zoning Bylaw and the works and services requirements in the Parking and Development Management Bylaw to provide for construction of a new single residential building at 3127 Shaughnessy Street; and Advise Council that Committee of Council supports approval of Development Variance Permit DVP00095."
2023-11-14,Committee of Council Meeting,4.2,Draft Master Transportation Plan,Main motion,Carried,7,0,0,,,In favour,In favour,In favour,In favour,In favour,In favour,In favour,Transportation; Parks & recreation,,,,https://pub-portcoquitlam.escribemeetings.com/Meeting.aspx?Id=a1098b6f-a25b-470e-9e2d-f6cc95fdb495&Agenda=PostMinutes&lang=English,,https://councilrecord.ca/portcoquitlam.html#vote/al7xky,"That Committee of Council authorize staff to solicit input on the Draft Master Transportation Plan from Council, the public, and interested parties."
2023-11-14,Council Meeting,5,Delegations,Main motion,Carried,7,0,0,,,In favour,In favour,In favour,In favour,In favour,In favour,In favour,Governance & elections,,,,https://pub-portcoquitlam.escribemeetings.com/Meeting.aspx?Id=a13425d3-644c-46d0-85a8-c1f79db4160f&Agenda=PostMinutes&lang=English,,https://councilrecord.ca/portcoquitlam.html#vote/1q9razm,MOTION TO RECESS: That the Council meeting be recessed. (6:01 p.m.)
2023-11-14,Council Meeting,6.1,Zoning Amendment Bylaw for 3609 St. Thomas Street,Main motion,Carried,7,0,0,,,In favour,In favour,In favour,In favour,In favour,In favour,In favour,Development,,,,https://pub-portcoquitlam.escribemeetings.com/Meeting.aspx?Id=a13425d3-644c-46d0-85a8-c1f79db4160f&Agenda=PostMinutes&lang=English,,https://councilrecord.ca/portcoquitlam.html#vote/midwxu,MOTION TO RECONVENE: That the Council meeting be reconvened. (6:05 p.m.)
2023-11-14,Council Meeting,7.1,Zoning Amendment Bylaw for 3609 St. Thomas Street - Third Reading,Main motion,Carried,7,0,0,,,In favour,In favour,In favour,In favour,In favour,In favour,In favour,Development,,,,https://pub-portcoquitlam.escribemeetings.com/Meeting.aspx?Id=a13425d3-644c-46d0-85a8-c1f79db4160f&Agenda=PostMinutes&lang=English,,https://councilrecord.ca/portcoquitlam.html#vote/1fnhbiy,"That Council give ""Zoning Bylaw, 2008, No. 3630, Amendment Bylaw, 2023, No. 4346"", third reading with the requirement that prior to adoption, all conditions identified at second reading be met, to the satisfaction of the Director of Development Services."
2023-11-14,Council Meeting,7.2,Zoning Amendment Bylaw for Vapour Product Premises - First Two Readings,Main motion,Carried,7,0,0,,,In favour,In favour,In favour,In favour,In favour,In favour,In favour,Development,,,,https://pub-portcoquitlam.escribemeetings.com/Meeting.aspx?Id=a13425d3-644c-46d0-85a8-c1f79db4160f&Agenda=PostMinutes&lang=English,,https://councilrecord.ca/portcoquitlam.html#vote/diz5be,"That Council give ""Zoning Amendment Bylaw, 2008, No. 3630, Amendment Bylaw, 2023, No. 4347"", first two readings and waive the requirement for a Public Hearing."
2023-11-14,Council Meeting,7.3,Fees and Charges Bylaw - First Three Readings,Main motion,Carried,7,0,0,,,In favour,In favour,In favour,In favour,In favour,In favour,In favour,Taxes & spending,,,,https://pub-portcoquitlam.escribemeetings.com/Meeting.aspx?Id=a13425d3-644c-46d0-85a8-c1f79db4160f&Agenda=PostMinutes&lang=English,,https://councilrecord.ca/portcoquitlam.html#vote/1fcp51y,"That Council give first three readings to “Fees and Charges Bylaw, 2023, No. 4345”."
2023-11-14,Council Meeting,7.4,Road Closure Bylaw for 1021 and 1032 Nicola Avenue - First Three Readings,Main motion,Carried,7,0,0,,,In favour,In favour,In favour,In favour,In favour,In favour,In favour,Development; Transportation,,,,https://pub-portcoquitlam.escribemeetings.com/Meeting.aspx?Id=a13425d3-644c-46d0-85a8-c1f79db4160f&Agenda=PostMinutes&lang=English,,https://councilrecord.ca/portcoquitlam.html#vote/18adkxt,"That Council give first three readings to “Road Closure and Removal of Highway Dedication Bylaw for Road Allowance Adjacent to 1021 and 1032 Nicola Avenue, 2023, No. 4348”."
2023-11-14,Council Meeting,7.5,"Road Closure Bylaw for 2272 Leigh Square, 2265 and 2291 Wilson Avenue - Adoption",Main motion,Carried,7,0,0,,,In favour,In favour,In favour,In favour,In favour,In favour,In favour,Development; Transportation,,,,https://pub-portcoquitlam.escribemeetings.com/Meeting.aspx?Id=a13425d3-644c-46d0-85a8-c1f79db4160f&Agenda=PostMinutes&lang=English,,https://councilrecord.ca/portcoquitlam.html#vote/1pytqsu,"That Council adopt “2272 Leigh Square, 2265 and 2291 Wilson Avenue Road Closure and Removal of Highway Dedication Bylaw, 2023, No. 4341”."
2023-11-14,Council Meeting,8.1,BC Active Transportation Grant (2023),Main motion,Carried,7,0,0,,,In favour,In favour,In favour,In favour,In favour,In favour,In favour,Taxes & spending; Transportation; Parks & recreation,,,,https://pub-portcoquitlam.escribemeetings.com/Meeting.aspx?Id=a13425d3-644c-46d0-85a8-c1f79db4160f&Agenda=PostMinutes&lang=English,,https://councilrecord.ca/portcoquitlam.html#vote/1aw60km,"That Council confirm support for the Kingsway Avenue Multi-use Path (MUP) project and provide overall grant management in the amount of $500,000 from the BC Active Transportation Infrastructure Grant Program."
2023-12-05,Committee of Council Meeting,4.2,Development Permit Applications for 3630 and 3638 Westwood Street and 2803 Anson Avenue,Main motion,Carried,5,0,2,,,In favour,In favour,In favour,Absent,In favour,In favour,Absent,Development,,,,https://pub-portcoquitlam.escribemeetings.com/Meeting.aspx?Id=64f7746d-52af-44bc-954d-18f90f48e721&Agenda=PostMinutes&lang=English,,https://councilrecord.ca/portcoquitlam.html#vote/xlsskp,That Committee of Council approve Development Permits DP000500 and DP000501 which will regulate the development of two high-rise buildings and landscaping at 3630 and 3638 Westwood Street and 2803 Anson Avenue.
2023-12-05,Committee of Council Meeting,4.4,Road Safety and Traffic Concerns - 1900 Block of Grant Avenue,Main motion,Carried,5,0,2,,,In favour,In favour,In favour,Absent,In favour,In favour,Absent,Transportation,,,,https://pub-portcoquitlam.escribemeetings.com/Meeting.aspx?Id=64f7746d-52af-44bc-954d-18f90f48e721&Agenda=PostMinutes&lang=English,,https://councilrecord.ca/portcoquitlam.html#vote/1su9wra,"That Committee of Council: accept the information provided in this report as meeting their October 24, 2023, direction for options to address road safety and traffic concerns prior to adoption of Amendment Bylaw, 2023, No. 4337; and direct staff to report back with a post-construction assessment of the pedestrian and traffic impacts in the 1900 block of Grant Avenue, and provide further consideration of transportation network improvements through the capital planning process."
2023-12-05,Committee of Council Meeting,4.5,2024-2025 Capital Plan,Main motion,Carried,5,0,2,,,In favour,In favour,In favour,Absent,In favour,In favour,Absent,Taxes & spending,1 of 9,,,https://pub-portcoquitlam.escribemeetings.com/Meeting.aspx?Id=64f7746d-52af-44bc-954d-18f90f48e721&Agenda=PostMinutes&lang=English,,https://councilrecord.ca/portcoquitlam.html#vote/w7kfc7,Amendment:
2023-12-05,Committee of Council Meeting,4.5,2024-2025 Capital Plan,Main motion,Carried,5,0,2,,,In favour,In favour,In favour,Absent,In favour,In favour,Absent,Taxes & spending,2 of 9,,,https://pub-portcoquitlam.escribemeetings.com/Meeting.aspx?Id=64f7746d-52af-44bc-954d-18f90f48e721&Agenda=PostMinutes&lang=English,,https://councilrecord.ca/portcoquitlam.html#vote/w7kfc7-2,Amendment:
2023-12-05,Committee of Council Meeting,4.5,2024-2025 Capital Plan,Main motion,Carried,5,0,2,,,In favour,In favour,In favour,Absent,In favour,In favour,Absent,Taxes & spending,3 of 9,,,https://pub-portcoquitlam.escribemeetings.com/Meeting.aspx?Id=64f7746d-52af-44bc-954d-18f90f48e721&Agenda=PostMinutes&lang=English,,https://councilrecord.ca/portcoquitlam.html#vote/w7kfc7-3,Amendment:
2023-12-05,Committee of Council Meeting,4.5,2024-2025 Capital Plan,Main motion,Carried,5,0,2,,,In favour,In favour,In favour,Absent,In favour,In favour,Absent,Taxes & spending,4 of 9,,,https://pub-portcoquitlam.escribemeetings.com/Meeting.aspx?Id=64f7746d-52af-44bc-954d-18f90f48e721&Agenda=PostMinutes&lang=English,,https://councilrecord.ca/portcoquitlam.html#vote/w7kfc7-4,Amendment:
2023-12-05,Committee of Council Meeting,4.5,2024-2025 Capital Plan,Main motion,Carried,5,0,2,,,In favour,In favour,In favour,Absent,In favour,In favour,Absent,Taxes & spending,5 of 9,,,https://pub-portcoquitlam.escribemeetings.com/Meeting.aspx?Id=64f7746d-52af-44bc-954d-18f90f48e721&Agenda=PostMinutes&lang=English,,https://councilrecord.ca/portcoquitlam.html#vote/w7kfc7-5,Amendment:
2023-12-05,Committee of Council Meeting,4.5,2024-2025 Capital Plan,Main motion,Carried,5,0,2,,,In favour,In favour,In favour,Absent,In favour,In favour,Absent,Taxes & spending,6 of 9,,,https://pub-portcoquitlam.escribemeetings.com/Meeting.aspx?Id=64f7746d-52af-44bc-954d-18f90f48e721&Agenda=PostMinutes&lang=English,,https://councilrecord.ca/portcoquitlam.html#vote/w7kfc7-6,Amendment:
2023-12-05,Committee of Council Meeting,4.5,2024-2025 Capital Plan,Main motion,Carried,4,0,3,,,Absent,In favour,In favour,Absent,In favour,In favour,Absent,Taxes & spending,7 of 9,,,https://pub-portcoquitlam.escribemeetings.com/Meeting.aspx?Id=64f7746d-52af-44bc-954d-18f90f48e721&Agenda=PostMinutes&lang=English,,https://councilrecord.ca/portcoquitlam.html#vote/1oqtto8,"Mayor West left the meeting prior to the vote at 2:59 pm. Councillor Petriw was Acting Chair for this item. Moved-Seconded: That Committee of Council approve the 2025 Other Rehabilitation Projects totalling $3,324,000. Project 2025 2026 2027 2028 Athletic Field Upgrades (2022-2026) 50,000 Auto Extrication Tools (Jaws Of Life) 120,000 Cedar Drive Culvert Upgrades (2025-2026) 10,000 700,000 City CCTV and Wide Access & Intrusion Systems Upgrade 285,000 Court Resurfacing (2020-2025) 60,000 Downtown Murals Revitalization 33,000 EP/Fire Dept Vehicle Storage Structure 95,000 Fleet Replacement (2025) - F150 85,000 Fleet Replacement (2025) -Ice Resurfacer 250,000 Fleet Replacement (2025) -Landscaper 175,000 Fleet Replacement (2025) -Landscaper - Body Only 100,000 Fleet Replacement (2025) -Small Equipment 50,000 Fuel Management System 360,000 Park Furniture Replacements 40,000 Park Playground Improvements (2024-2028) 210,000 250,000 250,000 400,000 PoCo Trail Resurfacing 41,000 41,000 Projector & Screen For Mabbett Hall (North) 45,000 Public Safety Building Upgrades 196,000 136,000 404,000 Roofing Replacement (2024-2027) 255,000 540,000 440,000 Secondary Trails Resurfacing 30,000 30,000 Solid Waste Carts & Locks (2025) 250,000 Sun Valley Pool Rehabilitation 350,000 Traffic Signal Relamping (2024-2028) 84,000 84,000 84,000 84,000 Trail Network Upgrades (2024-2026) 50,000 Water Blow-Off Valve Replacements (2023-2026) 100,000 100,000 Total 2025 Other Rehabilitation 3,324,000 1,881,000 1,178,000 484,000"
2023-12-05,Committee of Council Meeting,4.5,2024-2025 Capital Plan,Main motion,Carried,5,0,2,,,In favour,In favour,In favour,Absent,In favour,In favour,Absent,Taxes & spending; Environment & climate,8 of 9,,,https://pub-portcoquitlam.escribemeetings.com/Meeting.aspx?Id=64f7746d-52af-44bc-954d-18f90f48e721&Agenda=PostMinutes&lang=English,,https://councilrecord.ca/portcoquitlam.html#vote/1ic7vai,"Mayor West returned prior to the vote at 3:05 pm. Moved-Seconded: That Committee of Council approve the New Projects totalling $2,001,000 in 2025. Project 2025 2026 Coquitlam River Flood Response 60,000 Fibre Optic Communication Lines 170,000 Gates Park Bleachers (2024-2025) 35,000 Hyde Creek IWMP Update 176,000 Irrigation Expansion (2024-2026) 30,000 30,000 IS Hardware Replacement 225,000 OCP Update 295,000 Records & Document Management System 200,000 100,000 Traffic Signal - Nicola At Hawkins (2024-2025) 400,000 Transit Shelters (2025) 165,000 Tree Canopy Blitz 100,000 Un-Named Trek 145,000 80,000 Total 2025 New 2,001,000 210,000"
2023-12-05,Committee of Council Meeting,4.5,2024-2025 Capital Plan,Main motion,Carried,5,0,2,,,In favour,In favour,In favour,Absent,In favour,In favour,Absent,Taxes & spending,9 of 9,,,https://pub-portcoquitlam.escribemeetings.com/Meeting.aspx?Id=64f7746d-52af-44bc-954d-18f90f48e721&Agenda=PostMinutes&lang=English,,https://councilrecord.ca/portcoquitlam.html#vote/1jtyq1d,That Committee of Council include the 2024-2025 Capital Plan in the 2024-2028 Financial Plan Bylaw for public consultation.
2023-12-05,Special Council Meeting,3.1,Minutes of Council Meetings,Main motion,Carried,5,0,2,,,In favour,In favour,In favour,Absent,In favour,In favour,Absent,Other,,,,https://pub-portcoquitlam.escribemeetings.com/Meeting.aspx?Id=c5bba1a4-9ac2-428f-a574-e3dd235119fc&Agenda=PostMinutes&lang=English,,https://councilrecord.ca/portcoquitlam.html#vote/btkff6,MOTION TO RECESS: That the Special Council meeting be recessed. (4:34 p.m.)
2023-12-05,Special Council Meeting,4.1,Development Variance Permit for 3127 Shaughnessy Street,Main motion,Carried,5,0,2,,,In favour,In favour,In favour,Absent,In favour,In favour,Absent,Development,,,,https://pub-portcoquitlam.escribemeetings.com/Meeting.aspx?Id=c5bba1a4-9ac2-428f-a574-e3dd235119fc&Agenda=PostMinutes&lang=English,,https://councilrecord.ca/portcoquitlam.html#vote/7njd4w,MOTION TO RECONVENE: That the Special Council meeting be reconvened. (4:40 p.m.)
2023-12-05,Special Council Meeting,5.1,Zoning Text Amendment Bylaw (Increased Seating Capacity in Liquor Manufacturer Accessory Lounge Endorsements Areas) - First Two Readings,Main motion,Carried,5,0,2,,,In favour,In favour,In favour,Absent,In favour,In favour,Absent,Development; Neighbourhood character; Business & economy,,,,https://pub-portcoquitlam.escribemeetings.com/Meeting.aspx?Id=c5bba1a4-9ac2-428f-a574-e3dd235119fc&Agenda=PostMinutes&lang=English,,https://councilrecord.ca/portcoquitlam.html#vote/1qjnf20,"That Council give “Zoning Amendment Bylaw, 2008, No. 3630, Amendment Bylaw, 2023, No. 4350” which increases the seating capacity in liquor manufacturer accessory lounge endorsements areas, first two readings."
2023-12-05,Special Council Meeting,5.2,Zoning Amendment Bylaw (Vapour Product Premises) - Third Reading & Adoption,Main motion,Carried,5,0,2,,,In favour,In favour,In favour,Absent,In favour,In favour,Absent,Development,,,,https://pub-portcoquitlam.escribemeetings.com/Meeting.aspx?Id=c5bba1a4-9ac2-428f-a574-e3dd235119fc&Agenda=PostMinutes&lang=English,,https://councilrecord.ca/portcoquitlam.html#vote/1itdvmj,"That Council give “Zoning Bylaw, 2008, No. 3630, Amendment Bylaw, 2023, No. 4347”, third reading and adoption."
2023-12-05,Special Council Meeting,5.3,"Zoning Amendment Bylaw for 2650 Burleigh Street, 2634 and 2636 Kingsway Avenue - Adoption",Main motion,Carried,5,0,2,,,In favour,In favour,In favour,Absent,In favour,In favour,Absent,Development,,,,https://pub-portcoquitlam.escribemeetings.com/Meeting.aspx?Id=c5bba1a4-9ac2-428f-a574-e3dd235119fc&Agenda=PostMinutes&lang=English,,https://councilrecord.ca/portcoquitlam.html#vote/1vzpu6u,"That Council adopt “Zoning Bylaw, 2008, No. 3630, Amendment Bylaw, 2021, No. 4233”."
2023-12-05,Special Council Meeting,5.4,Road Closure Bylaw (for road allowance adjacent to 1021 and 1032 Nicola Avenue) - Adoption,Main motion,Carried,5,0,2,,,In favour,In favour,In favour,Absent,In favour,In favour,Absent,Development; Transportation,,,,https://pub-portcoquitlam.escribemeetings.com/Meeting.aspx?Id=c5bba1a4-9ac2-428f-a574-e3dd235119fc&Agenda=PostMinutes&lang=English,,https://councilrecord.ca/portcoquitlam.html#vote/1h6f79z,"That Council adopt “Road Closure and Removal of Highway Dedication Bylaw for Road Allowance Adjacent to 1021 and 1032 Nicola Avenue, 2023, No. 4348”."
2023-12-05,Special Council Meeting,5.5,Fees and Charges Bylaw - Adoption,Main motion,Carried,5,0,2,,,In favour,In favour,In favour,Absent,In favour,In favour,Absent,Taxes & spending,,,,https://pub-portcoquitlam.escribemeetings.com/Meeting.aspx?Id=c5bba1a4-9ac2-428f-a574-e3dd235119fc&Agenda=PostMinutes&lang=English,,https://councilrecord.ca/portcoquitlam.html#vote/yr3vqz,"That Council adopt “Fees and Charges Bylaw, 2023, No. 4345”."
2023-12-05,Special Council Meeting,6.1,Development Variance Permit for 3127 Shaughnessy Street - Issuance,Main motion,Carried,5,0,2,,,In favour,In favour,In favour,Absent,In favour,In favour,Absent,Development,,,,https://pub-portcoquitlam.escribemeetings.com/Meeting.aspx?Id=c5bba1a4-9ac2-428f-a574-e3dd235119fc&Agenda=PostMinutes&lang=English,,https://councilrecord.ca/portcoquitlam.html#vote/j1xkjt,That Council approve Development Variance Permit DVP000095 for 3127 Shaughnessy Street.
2023-12-12,Committee of Council Meeting,4.2,"Rezoning Application for 3188 Shaughnessy Street and 2154, 2156, 2168, 2170, 2186 and 2190 Prairie Avenue",Main motion,Carried,7,0,0,,,In favour,In favour,In favour,In favour,In favour,In favour,In favour,Housing & density; Development,,,,https://pub-portcoquitlam.escribemeetings.com/Meeting.aspx?Id=044ba988-a125-43b9-ab2c-17537c9e2726&Agenda=PostMinutes&lang=English,,https://councilrecord.ca/portcoquitlam.html#vote/1dv63zs,"That Committee of Council recommend to Council that: The zoning of 3188 Shaughnessy Street and 2154, 2156, 2168, 2170, 2186 and 2190 Prairie Ave be amended from RS1 (Residential Single Dwelling 1) and RD (Residential Duplex) to RA1 (Residential Apartment 1); Prior to adoption of the amending bylaw, the following conditions be met to the satisfaction of the Director of Development Services: Demolition of existing buildings and structures; Consolidation of the lots; Completion of design and submission of securities and fees for off-site works and services, including turning movement restrictions from the lane; and Installation of tree protection fencing and registration of a legal agreement to ensure protection of the significant Douglas Fir tree during construction and development."
2023-12-12,Committee of Council Meeting,4.3,Rezoning Application for 1568 Pitt River Road,Main motion,Carried,7,0,0,,,In favour,In favour,In favour,In favour,In favour,In favour,In favour,Housing & density; Development,,,,https://pub-portcoquitlam.escribemeetings.com/Meeting.aspx?Id=044ba988-a125-43b9-ab2c-17537c9e2726&Agenda=PostMinutes&lang=English,,https://councilrecord.ca/portcoquitlam.html#vote/1r101pf,"That Committee of Council recommend to Council that: The zoning 1568 Pitt River Road be amended from Residential Single Dwelling 1 (RS1) to Residential Single Dwelling 4 (RS4). Prior to adoption of the amending bylaw, the following conditions be met to the satisfaction of the Director of Development Services: Installation of protective fencing for on-site and off-site trees; Demolition of the existing buildings and structures; Preparation of subdivision plans to the satisfaction of the approving officer; and Completion of the design and submission of fees and securities for off-site works and services."
2023-12-12,Committee of Council Meeting,4.4,Rezoning Application for 1688 Pitt River Road,Main motion,Carried,7,0,0,,,In favour,In favour,In favour,In favour,In favour,In favour,In favour,Housing & density; Development,,,,https://pub-portcoquitlam.escribemeetings.com/Meeting.aspx?Id=044ba988-a125-43b9-ab2c-17537c9e2726&Agenda=PostMinutes&lang=English,,https://councilrecord.ca/portcoquitlam.html#vote/t72fsx,"That Committee of Council recommend to Council that: The zoning of 1688 Pitt River Road be amended from RS1 (Residential Single Dwelling 1) to RS4 (Residential Single Dwelling 4); and Prior to adoption of the amending bylaw, the following conditions be met to the satisfaction of the Director of Development Services: Installation of protective fencing for on-site and off-site trees and hedges; Demolition of the existing buildings and structures; Preparation of subdivision plans to the satisfaction of the approving officer; and Completion of the design and submission of fees and securities for off-site works and services."
2023-12-12,Committee of Council Meeting,4.5,Development Permit Application for 2060 Oxford Connector,Main motion,Carried,7,0,0,,,In favour,In favour,In favour,In favour,In favour,In favour,In favour,Development; Transportation; Neighbourhood character,,,,https://pub-portcoquitlam.escribemeetings.com/Meeting.aspx?Id=044ba988-a125-43b9-ab2c-17537c9e2726&Agenda=PostMinutes&lang=English,,https://councilrecord.ca/portcoquitlam.html#vote/cqlazz,"That Committee of Council approve Development Permit DP000564 (amendment), which would regulate the form and character of the car dealership building and parking lot at 2060 Oxford Connector."
2023-12-12,Committee of Council Meeting,4.7,2024 Operating Plan Presentation and Approval,Main motion,Carried,7,0,0,,,In favour,In favour,In favour,In favour,In favour,In favour,In favour,Taxes & spending,,,,https://pub-portcoquitlam.escribemeetings.com/Meeting.aspx?Id=044ba988-a125-43b9-ab2c-17537c9e2726&Agenda=PostMinutes&lang=English,,https://councilrecord.ca/portcoquitlam.html#vote/1j517vi,That Committee of Council authorize staff to issue the 2024 draft operating budget for public consultation.
2023-12-12,Council Meeting,7.1,2023 Development Cost Charge Reserve Funds Establishment and Transfers Bylaw - First Three Readings,Main motion,Carried,7,0,0,,,In favour,In favour,In favour,In favour,In favour,In favour,In favour,Development; Taxes & spending,,,,https://pub-portcoquitlam.escribemeetings.com/Meeting.aspx?Id=9f5a9b7d-fb73-4769-97c0-c2427154468d&Agenda=PostMinutes&lang=English,,https://councilrecord.ca/portcoquitlam.html#vote/yt5rzv,"That Council give first three readings to ""Development Cost Charge Reserve Funds Establishment and Transfers Bylaw, 2023, No. 4349"" and forward to the Ministry of Municipal Affairs for approval."
2023-12-12,Council Meeting,7.2,Development Cost Charge Bylaw - Adoption,Main motion,Carried,7,0,0,,,In favour,In favour,In favour,In favour,In favour,In favour,In favour,Development; Taxes & spending,,,,https://pub-portcoquitlam.escribemeetings.com/Meeting.aspx?Id=9f5a9b7d-fb73-4769-97c0-c2427154468d&Agenda=PostMinutes&lang=English,,https://councilrecord.ca/portcoquitlam.html#vote/1wg0whe,"That Council adopt “Development Cost Charge Bylaw, 2023, No. 4320”."
2023-12-12,Council Meeting,7.3,"Zoning Amendment Bylaw for 2272 Leigh Square, 2265 and 2291 Wilson Avenue - Adoption",Main motion,Carried,7,0,0,,,In favour,In favour,In favour,In favour,In favour,In favour,In favour,Development,,,,https://pub-portcoquitlam.escribemeetings.com/Meeting.aspx?Id=9f5a9b7d-fb73-4769-97c0-c2427154468d&Agenda=PostMinutes&lang=English,,https://councilrecord.ca/portcoquitlam.html#vote/y9jhgs,"That Council adopt “Zoning Bylaw, 2008, No. 3630, Amendment Bylaw, 2023, No. 4340”."
2023-12-12,Council Meeting,8.1,2024 Council Meeting Schedule,Main motion,Carried,7,0,0,,,In favour,In favour,In favour,In favour,In favour,In favour,In favour,Governance & elections,,,,https://pub-portcoquitlam.escribemeetings.com/Meeting.aspx?Id=9f5a9b7d-fb73-4769-97c0-c2427154468d&Agenda=PostMinutes&lang=English,,https://councilrecord.ca/portcoquitlam.html#vote/12aarqh,That Council approve the 2024 Council Meeting Schedule.
2023-12-12,Council Meeting,8.2,2024 Acting Mayor Schedule,Main motion,Carried,7,0,0,,,In favour,In favour,In favour,In favour,In favour,In favour,In favour,Governance & elections,,,,https://pub-portcoquitlam.escribemeetings.com/Meeting.aspx?Id=9f5a9b7d-fb73-4769-97c0-c2427154468d&Agenda=PostMinutes&lang=English,,https://councilrecord.ca/portcoquitlam.html#vote/yx6b8j,Amendment:
2023-12-12,Council Meeting,8.3,2024 Council Appointments,Main motion,Carried,7,0,0,,,In favour,In favour,In favour,In favour,In favour,In favour,In favour,Governance & elections,,,,https://pub-portcoquitlam.escribemeetings.com/Meeting.aspx?Id=9f5a9b7d-fb73-4769-97c0-c2427154468d&Agenda=PostMinutes&lang=English,,https://councilrecord.ca/portcoquitlam.html#vote/bmoqeq,"That Council approve the 2024 Council Appointments to internal and external Committees, Commissions, Boards and Task Forces."
2023-12-12,Council Meeting,8.4,2023 - 2026 Council Priorities,Main motion,Carried,7,0,0,,,In favour,In favour,In favour,In favour,In favour,In favour,In favour,Other,,,,https://pub-portcoquitlam.escribemeetings.com/Meeting.aspx?Id=9f5a9b7d-fb73-4769-97c0-c2427154468d&Agenda=PostMinutes&lang=English,,https://councilrecord.ca/portcoquitlam.html#vote/1balgbq,"That Council confirm their 2023-2026 Priorities as outlined in the December 12, 2023 report."
2024-01-09,Council Meeting,7.1,"Zoning Amendment Bylaw for 3188 Shaughnessy Street and 2154, 2156, 2168, 2170, 2186 and 2190 Prairie Avenue - First Two Readings",Main motion,Carried,6,0,1,,,In favour,In favour,In favour,Absent,In favour,In favour,In favour,Housing & density; Development,,,,https://pub-portcoquitlam.escribemeetings.com/Meeting.aspx?Id=047392e8-3af1-4fef-bcc5-d0deaa3f4ac8&Agenda=PostMinutes&lang=English,,https://councilrecord.ca/portcoquitlam.html#vote/6pi3ws,"That Council: Give first two readings to Bylaw 4353 for 3188 Shaughnessy Street and 2154, 2156, 2168, 2170, 2186 and 2190 Prairie Ave to be amended from RS1 (Residential Single Dwelling 1) and RD (Residential Duplex) to RA1 (Residential Apartment 1); Prior to adoption of the amending bylaw, the following conditions be met to the satisfaction of the Director of Development Services: Demolition of existing buildings and structures; Consolidation of the lots; Completion of design and submission of securities and fees for off-site works and services, including turning movement restrictions from the lane; and Installation of tree protection fencing and registration of a legal agreement to ensure protection of the significant Douglas Fir tree during construction and development."
2024-01-09,Council Meeting,7.2,Zoning Amendment Bylaw for 1568 Pitt River Road - First Two Readings,Main motion,Carried,6,0,1,,,In favour,In favour,In favour,Absent,In favour,In favour,In favour,Housing & density; Development,,,,https://pub-portcoquitlam.escribemeetings.com/Meeting.aspx?Id=047392e8-3af1-4fef-bcc5-d0deaa3f4ac8&Agenda=PostMinutes&lang=English,,https://councilrecord.ca/portcoquitlam.html#vote/1txdw8m,"That Council: Give first two readings to Bylaw 4351 for 1568 Pitt River Road to be amended from Residential Single Dwelling 1 (RS1) to Residential Single Dwelling 4 (RS4). Prior to adoption of the amending bylaw, the following conditions be met to the satisfaction of the Director of Development Services: Installation of protective fencing for on-site and off-site trees; Demolition of the existing buildings and structures; Preparation of subdivision plans to the satisfaction of the approving officer; and Completion of the design and submission of fees and securities for off-site works and services."
2024-01-09,Council Meeting,7.3,Zoning Amendment Bylaw for 1688 Pitt River Road - First Two Readings,Main motion,Carried,6,0,1,,,In favour,In favour,In favour,Absent,In favour,In favour,In favour,Housing & density; Development,,,,https://pub-portcoquitlam.escribemeetings.com/Meeting.aspx?Id=047392e8-3af1-4fef-bcc5-d0deaa3f4ac8&Agenda=PostMinutes&lang=English,,https://councilrecord.ca/portcoquitlam.html#vote/nvut83,"That Council: Give first two readings to Bylaw 4352 for 1688 Pitt River Road to be amended from RS1 (Residential Single Dwelling 1) to RS4 (Residential Single Dwelling 4); and Prior to adoption of the amending bylaw, the following conditions be met to the satisfaction of the Director of Development Services: Installation of protective fencing for on-site and off-site trees and hedges; Demolition of the existing buildings and structures; Preparation of subdivision plans to the satisfaction of the approving officer; and Completion of the design and submission of fees and securities for off-site works and services."
2024-01-09,Council Meeting,7.4,2024 Water and Sewer Amendment Bylaws - First Three Readings,Main motion,Carried,6,0,1,,,In favour,In favour,In favour,Absent,In favour,In favour,In favour,Public services,,,,https://pub-portcoquitlam.escribemeetings.com/Meeting.aspx?Id=047392e8-3af1-4fef-bcc5-d0deaa3f4ac8&Agenda=PostMinutes&lang=English,,https://councilrecord.ca/portcoquitlam.html#vote/1fygzby,That Council: Give first three readings to Water Regulation Amendment Bylaw No. 4354; and Give first three readings to Sewer Regulation Amendment Bylaw No. 4355.
2024-01-09,Council Meeting,7.5,Zoning Amendment Bylaw for 1021 and 1032 Nicola Avenue - Adoption,Main motion,Carried,6,0,1,,,In favour,In favour,In favour,Absent,In favour,In favour,In favour,Development,,,,https://pub-portcoquitlam.escribemeetings.com/Meeting.aspx?Id=047392e8-3af1-4fef-bcc5-d0deaa3f4ac8&Agenda=PostMinutes&lang=English,,https://councilrecord.ca/portcoquitlam.html#vote/u84mq7,"That Council adopt “Zoning Bylaw, 2008, No. 3630, Amendment Bylaw No. 4330” for 1021 and 1032 Nicola Avenue."
2024-01-09,Council Meeting,8.1,Section 57 Notice- 1690 Coast Meridian Road,Main motion,Carried,6,0,1,,,In favour,In favour,In favour,Absent,In favour,In favour,In favour,Other,1 of 4,,,https://pub-portcoquitlam.escribemeetings.com/Meeting.aspx?Id=047392e8-3af1-4fef-bcc5-d0deaa3f4ac8&Agenda=PostMinutes&lang=English,,https://councilrecord.ca/portcoquitlam.html#vote/1jl2me8,MOTION TO RECESS Moved-Seconded: That the Council meeting be recessed. (6:31 p.m.)
2024-01-09,Council Meeting,8.1,Section 57 Notice- 1690 Coast Meridian Road,Main motion,Carried,6,0,1,,,In favour,In favour,In favour,Absent,In favour,In favour,In favour,Other,2 of 4,,,https://pub-portcoquitlam.escribemeetings.com/Meeting.aspx?Id=047392e8-3af1-4fef-bcc5-d0deaa3f4ac8&Agenda=PostMinutes&lang=English,,https://councilrecord.ca/portcoquitlam.html#vote/e4wrb1,MOTION TO RECONVENE Moved-Seconded: That the Council meeting be reconvened. (6:43 p.m.)
2024-01-09,Council Meeting,8.1,Section 57 Notice- 1690 Coast Meridian Road,Main motion,Carried,6,0,1,,,In favour,In favour,In favour,Absent,In favour,In favour,In favour,Governance & elections,3 of 4,,,https://pub-portcoquitlam.escribemeetings.com/Meeting.aspx?Id=047392e8-3af1-4fef-bcc5-d0deaa3f4ac8&Agenda=PostMinutes&lang=English,,https://councilrecord.ca/portcoquitlam.html#vote/1o014m7,"That Council, pursuant to the recommendation of the Manager of Building, direct the Corporate Officer to file a notice with the Land Title Office, stating: a resolution has been made under Section 57 of the Community Charter relating to the property located at: Parcel E, Block 6N, Section 18, Range 1E, New West District, Plan NWP8564, except plan 62990, LMP1494, LMP6013, LMP16210, LMP22526. further information concerning this matter is available from the Building Division, City of Port Coquitlam, 200-2564 Shaughnessy Street, Port Coquitlam, BC V3C 3G4."
2024-01-09,Council Meeting,8.1,Section 57 Notice- 1690 Coast Meridian Road,Main motion,Carried,6,0,1,,,In favour,In favour,In favour,Absent,In favour,In favour,In favour,Public services,4 of 4,,,https://pub-portcoquitlam.escribemeetings.com/Meeting.aspx?Id=047392e8-3af1-4fef-bcc5-d0deaa3f4ac8&Agenda=PostMinutes&lang=English,,https://councilrecord.ca/portcoquitlam.html#vote/uj6ms7,"SUBSEQUENT MOTION Moved-Seconded: That the staff report be amended to change the occurrence of the fire from ""10+ years ago"" to ""29 years ago"" and t hat it be noted that the mezzanine existed before the fire."
2024-01-09,Committee of Council Meeting,4.1,"Development Permit Application for 2272 Leigh Square, 2265 and 2291 Wilson Avenue",Main motion,Carried,6,0,1,,,In favour,In favour,In favour,Absent,In favour,In favour,In favour,Development,,,,https://pub-portcoquitlam.escribemeetings.com/Meeting.aspx?Id=4b2a66b8-0711-4ba6-85b1-95588c2812f8&Agenda=PostMinutes&lang=English,,https://councilrecord.ca/portcoquitlam.html#vote/1em6f9o,"That Committee of Council approve Development Permit DP000542 which will regulate the development of a mixed-use building and landscaping at 2272 Leigh Square, 2265 and 2291 Wilson Avenue."
2024-01-09,Committee of Council Meeting,4.2,Development Permit Application for 1870 Broadway Street,Main motion,Carried,6,0,1,,,In favour,In favour,In favour,Absent,In favour,In favour,In favour,Development; Business & economy,,,,https://pub-portcoquitlam.escribemeetings.com/Meeting.aspx?Id=4b2a66b8-0711-4ba6-85b1-95588c2812f8&Agenda=PostMinutes&lang=English,,https://councilrecord.ca/portcoquitlam.html#vote/143v8w9,That Committee of Council approve Development Permit DP000509 to regulate an industrial development at 1870 Broadway Street.
2024-01-09,Committee of Council Meeting,4.4,2024 Water and Sewer Amendment Bylaws,Referral,Carried,6,0,1,,,In favour,In favour,In favour,Absent,In favour,In favour,In favour,Public services,,,,https://pub-portcoquitlam.escribemeetings.com/Meeting.aspx?Id=4b2a66b8-0711-4ba6-85b1-95588c2812f8&Agenda=PostMinutes&lang=English,,https://councilrecord.ca/portcoquitlam.html#vote/1d1xygq,"That Committee of Council support the Water and Sewer Utility rate increases of 2.96% and 14.71% respectively, and the applicable Bylaws be referred to Council."
2024-01-09,Committee of Council Meeting,4.5,Homes for People Legislation Update,Main motion,Carried,6,0,1,,,In favour,In favour,In favour,Absent,In favour,In favour,In favour,Other,1 of 2,,,https://pub-portcoquitlam.escribemeetings.com/Meeting.aspx?Id=4b2a66b8-0711-4ba6-85b1-95588c2812f8&Agenda=PostMinutes&lang=English,,https://councilrecord.ca/portcoquitlam.html#vote/i7rxwk,MOTION TO RECESS Moved-Seconded: That the Committee of Council meeting be recessed. (2:42 p.m.)
2024-01-09,Committee of Council Meeting,4.5,Homes for People Legislation Update,Main motion,Carried,6,0,1,,,In favour,In favour,In favour,Absent,In favour,In favour,In favour,Other,2 of 2,,,https://pub-portcoquitlam.escribemeetings.com/Meeting.aspx?Id=4b2a66b8-0711-4ba6-85b1-95588c2812f8&Agenda=PostMinutes&lang=English,,https://councilrecord.ca/portcoquitlam.html#vote/khrx1o,MOTION TO RECONVENE Moved-Seconded: That the Committee of Council meeting be reconvened. (2:47 p.m.)
2024-01-09,Committee of Council Meeting,4.7,2023 KPMG Audit Planning Report,Main motion,Carried,6,0,1,,,In favour,In favour,In favour,Absent,In favour,In favour,In favour,Taxes & spending,,,,https://pub-portcoquitlam.escribemeetings.com/Meeting.aspx?Id=4b2a66b8-0711-4ba6-85b1-95588c2812f8&Agenda=PostMinutes&lang=English,,https://councilrecord.ca/portcoquitlam.html#vote/808ujc,That Committee of Council accept KPMG’s Audit Planning Report for the 2023 financial statement audit.
2024-01-09,Committee of Council Meeting,4.8.1,Resolution to Close,Main motion,Carried,6,0,1,,,In favour,In favour,In favour,Absent,In favour,In favour,In favour,Governance & elections,,,,https://pub-portcoquitlam.escribemeetings.com/Meeting.aspx?Id=4b2a66b8-0711-4ba6-85b1-95588c2812f8&Agenda=PostMinutes&lang=English,,https://councilrecord.ca/portcoquitlam.html#vote/yoxqx1,MOTION TO RECONVENE: Moved-Seconded: That the Committee of Council meeting be reconvened. (3:33 p.m.)
2024-01-09,Committee of Council Meeting,4.9,2024 Council Remuneration Update,Main motion,Carried,6,0,1,,,In favour,In favour,In favour,Absent,In favour,In favour,In favour,Taxes & spending; Governance & elections,,,,https://pub-portcoquitlam.escribemeetings.com/Meeting.aspx?Id=4b2a66b8-0711-4ba6-85b1-95588c2812f8&Agenda=PostMinutes&lang=English,,https://councilrecord.ca/portcoquitlam.html#vote/sra0mh,"That Committee of Council approve Council's remuneration by an additional 12.5% effective January 1, 2024 and an 12.5% increase effective January 1, 2025."
2024-01-09,Committee of Council Meeting,7,Cao Update,Main motion,Carried,6,0,1,,,In favour,In favour,In favour,Absent,In favour,In favour,In favour,Other,1 of 2,,,https://pub-portcoquitlam.escribemeetings.com/Meeting.aspx?Id=4b2a66b8-0711-4ba6-85b1-95588c2812f8&Agenda=PostMinutes&lang=English,,https://councilrecord.ca/portcoquitlam.html#vote/14au3tc,MOTION TO RECESS Moved-Seconded: That the Committee of Council meeting be recessed. (4:26 p.m.)
2024-01-09,Committee of Council Meeting,7,Cao Update,Main motion,Carried,6,0,1,,,In favour,In favour,In favour,Absent,In favour,In favour,In favour,Other,2 of 2,,,https://pub-portcoquitlam.escribemeetings.com/Meeting.aspx?Id=4b2a66b8-0711-4ba6-85b1-95588c2812f8&Agenda=PostMinutes&lang=English,,https://councilrecord.ca/portcoquitlam.html#vote/6i3a0r,MOTION TO RECONVENE Moved-Seconded: That the Committee of Council meeting be reconvened. (5:46 p.m.)
2024-01-16,Committee of Council Meeting,4.1,2024 UBCM Community Emergency Preparedness Funding Grant Applications,Main motion,Carried,4,0,3,,,In favour,In favour,In favour,Absent,Absent,In favour,Absent,Taxes & spending; Environment & climate; Public services; Business & economy; Governance & elections,,,,https://pub-portcoquitlam.escribemeetings.com/Meeting.aspx?Id=e2cc96e9-1623-46e3-8812-12c60808b44f&Agenda=PostMinutes&lang=English,,https://councilrecord.ca/portcoquitlam.html#vote/eo389d,"That Committee of Council supports grant applications for the 2024 Union of British Columbia Municipalities Community Emergency Preparedness Funding streams for: Emergency Support Services; and Emergency Operation Centre & Training as described in the report titled “Grant Applications for 2024 Union of British Columbia Municipalities Community Emergency Preparedness Funding”, dated January 16, 2024."
2024-01-16,Committee of Council Meeting,4.2,Development Permit Applications for 1028 Nicola Avenue (formerly 1021 and 1032 Nicola Avenue),Main motion,Carried,4,0,3,,,In favour,In favour,In favour,Absent,Absent,In favour,Absent,Development; Environment & climate; Public services,,,,https://pub-portcoquitlam.escribemeetings.com/Meeting.aspx?Id=e2cc96e9-1623-46e3-8812-12c60808b44f&Agenda=PostMinutes&lang=English,,https://councilrecord.ca/portcoquitlam.html#vote/1rhkylv,"That Committee of Council: Approve Watercourse Development Permit DP000512 to provide for watercourse protection and enhancements at 1028 Nicola Avenue. Approve Development Permit DP000513, which will regulate the development of a commercial building and landscaping at 1028 Nicola Avenue. Approve Development Permit DP000514, which will regulate the development of a commercial building and landscaping at 1028 Nicola Avenue."
2024-01-23,Council Meeting,5,Delegations,Main motion,Carried,5,0,2,,,Absent,In favour,In favour,In favour,In favour,In favour,Absent,Governance & elections,,,,https://pub-portcoquitlam.escribemeetings.com/Meeting.aspx?Id=959652b6-97b6-4f92-9980-e740db39d821&Agenda=PostMinutes&lang=English,,https://councilrecord.ca/portcoquitlam.html#vote/ysylwd,MOTION TO RECESS: Moved-Seconded: That the Council meeting be recessed. (6:20 p.m.)
2024-01-23,Council Meeting,6.1,Zoning Text Amendment Bylaw (Increased Seating Capacity in Liquor Manufacturer Accessory Lounge Endorsement Areas),Main motion,Carried,5,0,2,,,Absent,In favour,In favour,In favour,In favour,In favour,Absent,Development; Neighbourhood character; Business & economy,,,,https://pub-portcoquitlam.escribemeetings.com/Meeting.aspx?Id=959652b6-97b6-4f92-9980-e740db39d821&Agenda=PostMinutes&lang=English,,https://councilrecord.ca/portcoquitlam.html#vote/1vqyinj,MOTION TO RECONVENE: Moved-Seconded: That the Council meeting be reconvened. (6:24 p.m.)
2024-01-23,Council Meeting,7.1,Zoning Text Amendment Bylaw (Increased Seating Capacity in Liquor Manufacturer Accessory Lounge Endorsement Areas) - Third Reading and Adoption,Main motion,Carried,5,0,2,,,Absent,In favour,In favour,In favour,In favour,In favour,Absent,Development; Neighbourhood character; Business & economy,,,,https://pub-portcoquitlam.escribemeetings.com/Meeting.aspx?Id=959652b6-97b6-4f92-9980-e740db39d821&Agenda=PostMinutes&lang=English,,https://councilrecord.ca/portcoquitlam.html#vote/8e0fwz,"That Council give “Zoning Bylaw, 2008, No. 3630, Amendment Bylaw, 2023, No. 4350”, third reading and adoption."
2024-01-23,Council Meeting,7.2,Zoning Amendment Bylaw for 1568 Pitt River Road - Third Reading,Main motion,Carried,5,0,2,,,Absent,In favour,In favour,In favour,In favour,In favour,Absent,Development,,,,https://pub-portcoquitlam.escribemeetings.com/Meeting.aspx?Id=959652b6-97b6-4f92-9980-e740db39d821&Agenda=PostMinutes&lang=English,,https://councilrecord.ca/portcoquitlam.html#vote/1jh179u,"That Council give “Zoning Bylaw, 2008, No. 3630, Amendment Bylaw, 2023, No. 4351’, third reading with the requirement that prior to adoption, all conditions identified at second reading be met, to the satisfaction of the Director of Development Services."
2024-01-23,Council Meeting,7.3,Zoning Amendment Bylaw for 1688 Pitt River Road - Third Reading,Main motion,Carried,5,0,2,,,Absent,In favour,In favour,In favour,In favour,In favour,Absent,Development,,,,https://pub-portcoquitlam.escribemeetings.com/Meeting.aspx?Id=959652b6-97b6-4f92-9980-e740db39d821&Agenda=PostMinutes&lang=English,,https://councilrecord.ca/portcoquitlam.html#vote/1hfzh2b,"That Council give “Zoning Bylaw, 2008, No. 3630, Amendment Bylaw, 2023, No. 4352, third reading with the requirement that prior to adoption, all conditions identified at second reading be met, to the satisfaction of the Director of Development Services."
2024-01-23,Council Meeting,7.4,"Zoning Amendment Bylaw for 3188 Shaughnessy Street and 2154, 2156, 2168, 2170, 2186 and 2190 Prairie Avenue - Third Reading",Main motion,Carried,5,0,2,,,Absent,In favour,In favour,In favour,In favour,In favour,Absent,Development,,,,https://pub-portcoquitlam.escribemeetings.com/Meeting.aspx?Id=959652b6-97b6-4f92-9980-e740db39d821&Agenda=PostMinutes&lang=English,,https://councilrecord.ca/portcoquitlam.html#vote/1kfrorf,"That Council give “Zoning Bylaw, 2008, No. 3630, Amendment Bylaw, 2023, No. 4353”, third reading with the requirement that prior to adoption, all conditions identified at second reading be met, to the satisfaction of the Director of Development Services."
2024-01-23,Council Meeting,7.5,2024 Water and Sewer Amendment Bylaws - Adoption,Main motion,Carried,5,0,2,,,Absent,In favour,In favour,In favour,In favour,In favour,Absent,Public services,,,,https://pub-portcoquitlam.escribemeetings.com/Meeting.aspx?Id=959652b6-97b6-4f92-9980-e740db39d821&Agenda=PostMinutes&lang=English,,https://councilrecord.ca/portcoquitlam.html#vote/19t2pam,"That Council adopt: “Water Regulation Bylaw, 2015, No. 3935, Amendment Bylaw, 2024, No. 4354”; and “Sewer Regulation Bylaw, 2015, No. 3936, Amendment Bylaw, 2024, No. 4355”."
2024-01-23,Council Meeting,7.6,Development Cost Charge Reserve Fund Transfers Bylaw - Adoption,Main motion,Carried,5,0,2,,,Absent,In favour,In favour,In favour,In favour,In favour,Absent,Development; Taxes & spending,,,,https://pub-portcoquitlam.escribemeetings.com/Meeting.aspx?Id=959652b6-97b6-4f92-9980-e740db39d821&Agenda=PostMinutes&lang=English,,https://councilrecord.ca/portcoquitlam.html#vote/metisd,"That Council adopt “Development Cost Charge Reserve Fund Transfers Bylaw, 2023, No. 4349”."
2024-01-23,Committee of Council Meeting,4.1,Development Permit Application for 2043 Kingsway Avenue,Main motion,Carried,5,0,2,,,Absent,In favour,In favour,In favour,In favour,In favour,Absent,Development; Business & economy,,,,https://pub-portcoquitlam.escribemeetings.com/Meeting.aspx?Id=b79a600d-24a8-4c06-a9d8-1bac2b40b597&Agenda=PostMinutes&lang=English,,https://councilrecord.ca/portcoquitlam.html#vote/a0v60y,That Committee of Council approve Development Permit DP000543 to regulate an industrial development at 2043 Kingsway Avenue.
2024-02-13,Committee of Council Meeting,4.1,Rezoning Application for 1811 Western Drive,Main motion,Carried,6,0,1,,,In favour,In favour,Absent,In favour,In favour,In favour,In favour,Housing & density; Development,,,,https://pub-portcoquitlam.escribemeetings.com/Meeting.aspx?Id=768d7af0-ba02-4b1c-85e7-b504c031595f&Agenda=PostMinutes&lang=English,,https://councilrecord.ca/portcoquitlam.html#vote/xesmea,"That Committee of Council recommend to Council that: The zoning of 1811 Western Drive be amended from RS1 (Residential Single Dwelling 1) to RS2 (Residential Single Dwelling 2); and Prior to adoption of the amending bylaw, the following conditions be met to the satisfaction of the Director of Development Services: Installation of protective fencing for off-site trees; Demolition of existing structures; Registration of legal agreements to ensure that the building design of each dwelling is substantially different in massing, location of windows, balconies and decks, façade materials and high quality of landscaping. Completion of design and submission of fees and securities for off-site works and services."
2024-02-13,Committee of Council Meeting,4.2,Zoning Bylaw Minor and Housekeeping Amendments,Main motion,Carried,6,0,1,,,In favour,In favour,Absent,In favour,In favour,In favour,In favour,Development; Governance & elections,,,,https://pub-portcoquitlam.escribemeetings.com/Meeting.aspx?Id=768d7af0-ba02-4b1c-85e7-b504c031595f&Agenda=PostMinutes&lang=English,,https://councilrecord.ca/portcoquitlam.html#vote/1k32ojz,That Committee of Council recommend to Council that: The Zoning Bylaw be amended as described in this report and; The requirements for a Public Hearing be waived.
2024-02-13,Committee of Council Meeting,4.3,Licensed Establishment Application and Development Variance Permit Application for 3110-580 Nicola Avenue,Main motion,Carried,6,0,1,,,In favour,In favour,Absent,In favour,In favour,In favour,In favour,Development; Transportation; Business & economy,,,,https://pub-portcoquitlam.escribemeetings.com/Meeting.aspx?Id=768d7af0-ba02-4b1c-85e7-b504c031595f&Agenda=PostMinutes&lang=English,,https://councilrecord.ca/portcoquitlam.html#vote/loxqzw,"That the Committee of Council: Authorize staff to provide notice of an application to vary parking requirements of the accessory lounge endorsement area at 3110-580 Nicola Ave; and further advise Council that it supports further consideration of Development Variance Permit DVP00093. Advise the Liquor and Cannabis Regulation Branch of the following: The City of Port Coquitlam supports a lounge endorsement on Hastings Mill Brewing Co’s liquor manufacturing license subject to the following conditions: Lounge capacity of 75 patrons The closing time for the lounge be no later than 11pm Monday to Thursday, 12am Friday and Saturday and 10pm Sunday ii. The City of Port Coquitlam’s comments on the prescribed considerations are as described in the February 13, 2024, staff report titled, Licensed Establishment Application & Development Variance Permit Application – 3110-580 Nicola Avenue. iii. The views of residents were solicited through Council consideration of LE000025 and DVP00093. No concerns from residents were brought to the City’s attention."
2024-02-13,Committee of Council Meeting,4.4,Temporary Use Permit for 750 Holland Avenue,Main motion,Carried,6,0,1,,,In favour,In favour,Absent,In favour,In favour,In favour,In favour,Development,,,,https://pub-portcoquitlam.escribemeetings.com/Meeting.aspx?Id=768d7af0-ba02-4b1c-85e7-b504c031595f&Agenda=PostMinutes&lang=English,,https://councilrecord.ca/portcoquitlam.html#vote/1f867b5,That Committee of Council authorize staff to provide notice of a temporary use permit application at 750 Holland Avenue .
2024-02-13,Council Meeting,7.1,2023-2027 Financial Plan Amendment Bylaw - First Three Readings,Main motion,Carried,6,0,1,,,In favour,In favour,Absent,In favour,In favour,In favour,In favour,Taxes & spending,,,,https://pub-portcoquitlam.escribemeetings.com/Meeting.aspx?Id=c9459c7c-f336-47ab-b472-9974242de4d0&Agenda=PostMinutes&lang=English,,https://councilrecord.ca/portcoquitlam.html#vote/d4xjrd,"That Council give 2023-2027 Financial Plan Bylaw, 2023, No. 4305, Amendment Bylaw, 2023, No. 4357 first three readings."
2024-02-13,Council Meeting,8.1,Remedial Action Order for 855 Kingsway Avenue,Main motion,Carried,6,0,1,,,In favour,In favour,Absent,In favour,In favour,In favour,In favour,Public services,,,,https://pub-portcoquitlam.escribemeetings.com/Meeting.aspx?Id=c9459c7c-f336-47ab-b472-9974242de4d0&Agenda=PostMinutes&lang=English,,https://councilrecord.ca/portcoquitlam.html#vote/1g2vq38,"WHEREAS the Council of the City of Port Coquitlam considers the conditions of the property located at 855 Kingsway Avenue (the property) to be a hazard as it creates an unsafe condition and is a danger to public health and safety: AND WHEREAS the Council has considered the following documents Building location and summary Enforcement summary within the body of report; NOW THEREFORE, pursuant to Sections 72, 73, and 74, of the Community Charter, Council of the City of Port Coquitlam, resolves: That the building identified in Attachment 1 of this report located at 855 Kingsway Avenue creates a hazardous condition. That the registered Owner of the Property (the “Owner”) be required to: Remove the building and any surrounding items identified in Attachment 1 of City property in this report as per the Highway Use Bylaw No. 4033; That the Owner be required to comply with the resolution by the date that is 30 days after notice of this resolution and is served or provided by registered mail; and That if the Owner has not complied with the resolution within the specified time, City staff by its workers and others, may enter onto the Property without further notice to the Owner and perform the work specified in this resolution, the cost of performing the work shall immediately become debt owed to the City; and such debt, if unpaid by December 31, 2024, with applicable interest on the City’s standard terms for unpaid accounts, may be recovered by transferring the debt to the property tax account for the Property pursuant to Section 258 of the Community Charter."
2024-02-13,Council Meeting,8.2,Section 57 Notice for 750 Kingsway Avenue,Main motion,Carried,6,0,1,,,In favour,In favour,Absent,In favour,In favour,In favour,In favour,Development; Governance & elections,,,,https://pub-portcoquitlam.escribemeetings.com/Meeting.aspx?Id=c9459c7c-f336-47ab-b472-9974242de4d0&Agenda=PostMinutes&lang=English,,https://councilrecord.ca/portcoquitlam.html#vote/1xawhmp,"That the Corporate Officer be directed to file a notice in the Land Title Office stating: A resolution relating to Lot “C” Except: FIRSTLY: PARCEL “ONE” (REFERENCE PLAN 10936) SECONDLY: PART SUBDIVIDED BY PLAN12877; SECTIONS 16 AND 17 BLOCK6 NORTH RANGE 1 EAST NEW WESTMINSTER DISTRICT PLAN 5405 has been made under Section 57 of the Community Charter for the property at 750 Kingsway Avenue . F urther information concerning this matter is available from the Building Division, City of Port Coquitlam, 200-2564 Shaughnessy Street, Port Coquitlam, BC V3C 3G4."
2024-02-27,Council Meeting,5.1,PoCo Pirates Minor Hockey Association U13 A1,Main motion,Carried,7,0,0,,,In favour,In favour,In favour,In favour,In favour,In favour,In favour,Other,,,,https://pub-portcoquitlam.escribemeetings.com/Meeting.aspx?Id=c6332659-4434-46fc-afb1-09805fe70e5f&Agenda=PostMinutes&lang=English,,https://councilrecord.ca/portcoquitlam.html#vote/1c0oeib,MOTION TO RECESS: Moved-Seconded: That the Council meeting be recessed. (6:07 p.m.)
2024-02-27,Council Meeting,6.1,Temporary Use Permit for 750 Holland Avenue,Main motion,Carried,7,0,0,,,In favour,In favour,In favour,In favour,In favour,In favour,In favour,Development,,,,https://pub-portcoquitlam.escribemeetings.com/Meeting.aspx?Id=c6332659-4434-46fc-afb1-09805fe70e5f&Agenda=PostMinutes&lang=English,,https://councilrecord.ca/portcoquitlam.html#vote/skuxr9,MOTION TO RECONVENE: Moved-Seconded: That the Council meeting be reconvened. (6:12 p.m.)
2024-02-27,Council Meeting,7.1,Zoning Amendment Bylaw (Minor and Housekeeping Changes) - First Three Readings,Main motion,Carried,7,0,0,,,In favour,In favour,In favour,In favour,In favour,In favour,In favour,Development; Governance & elections,,,,https://pub-portcoquitlam.escribemeetings.com/Meeting.aspx?Id=c6332659-4434-46fc-afb1-09805fe70e5f&Agenda=PostMinutes&lang=English,,https://councilrecord.ca/portcoquitlam.html#vote/kst7sp,"That: “Zoning Bylaw, 2008, No. 3630, Amendment Bylaw, 2024, No. 4360”, be given first three readings; and The requirements for a Public Hearing be waived."
2024-02-27,Council Meeting,7.2,Financial Plan Amendment Bylaw - Adoption,Main motion,Carried,7,0,0,,,In favour,In favour,In favour,In favour,In favour,In favour,In favour,Taxes & spending,,,,https://pub-portcoquitlam.escribemeetings.com/Meeting.aspx?Id=c6332659-4434-46fc-afb1-09805fe70e5f&Agenda=PostMinutes&lang=English,,https://councilrecord.ca/portcoquitlam.html#vote/1y9jyy3,"That Council adopt ""2023-2027 Financial Plan Bylaw, 2024, No. 4305, Amendment Bylaw, 2023, No. 4357""."
2024-02-27,Council Meeting,8.1,Temporary Use Permit for 750 Holland Avenue - Issuance,Main motion,Carried,7,0,0,,,In favour,In favour,In favour,In favour,In favour,In favour,In favour,Development,,,,https://pub-portcoquitlam.escribemeetings.com/Meeting.aspx?Id=c6332659-4434-46fc-afb1-09805fe70e5f&Agenda=PostMinutes&lang=English,,https://councilrecord.ca/portcoquitlam.html#vote/1mfg1jp,That Committee of Council issue Temporary Use Permit No. TUP000025 for 750 Holland Avenue.
2024-02-27,Council Meeting,8.2,Development Variance Permit for 3110 - 580 Nicola Avenue - Issuance,Main motion,Carried,7,0,0,,,In favour,In favour,In favour,In favour,In favour,In favour,In favour,Development,,,,https://pub-portcoquitlam.escribemeetings.com/Meeting.aspx?Id=c6332659-4434-46fc-afb1-09805fe70e5f&Agenda=PostMinutes&lang=English,,https://councilrecord.ca/portcoquitlam.html#vote/19txvm4,That Council issue Development Variance Permit DVP00093 for 3110 – 580 Nicola Avenue.
2024-02-27,Committee of Council Meeting,4.2,2024 Budget Public Consultation Results,Main motion,Carried,7,0,0,,,In favour,In favour,In favour,In favour,In favour,In favour,In favour,Taxes & spending,,,,https://pub-portcoquitlam.escribemeetings.com/Meeting.aspx?Id=dd0687e5-0759-4ecd-a362-a3b614e99edd&Agenda=PostMinutes&lang=English,,https://councilrecord.ca/portcoquitlam.html#vote/1pmb30,"That Committee of Council: Approve the capital plan presented on December 5 th , as updated, for inclusion in the 2024-2028 Financial Plan bylaw; Approve the operating budget as presented on December 12 th for inclusion in the 2024-2028 Financial Plan Bylaw; and Direct staff to prepare the 2024-2028 Financial Plan Bylaw, the Annual Tax Rates Bylaw and Solid Waste Amendment Bylaw for Council approval."
2024-03-05,Special Council Meeting,6.1,"Zoning Amendment Bylaw for 2120, 2128, 2138, 2148, 2168, 2175 and 2186 Rindall Avenue and 2151 Tyner Street - Adoption",Main motion,Carried,7,0,0,,,In favour,In favour,In favour,In favour,In favour,In favour,In favour,Development,,,,https://pub-portcoquitlam.escribemeetings.com/Meeting.aspx?Id=88e34ece-3a41-4da6-8062-19ad8f00fc7d&Agenda=PostMinutes&lang=English,,https://councilrecord.ca/portcoquitlam.html#vote/dh38ve,"That Council adopt “Zoning Bylaw, 2008, No. 3630, Amendment Bylaw, 2023, No. 4336 for 2120, 2128, 2138, 2148, 2168, 2174 and 2186 Rindall Avenue and 2151 Tyner Street”."
2024-03-05,Special Council Meeting,6.2,"Zoning Amendment Bylaw for 3188 Shaughnessy Street and 2154, 2156, 2168, 2170, 2186 and 2190 Prairie Avenue - Adoption",Main motion,Carried,7,0,0,,,In favour,In favour,In favour,In favour,In favour,In favour,In favour,Development,,,,https://pub-portcoquitlam.escribemeetings.com/Meeting.aspx?Id=88e34ece-3a41-4da6-8062-19ad8f00fc7d&Agenda=PostMinutes&lang=English,,https://councilrecord.ca/portcoquitlam.html#vote/1tqig80,"That Council adopt “Zoning Bylaw, 2008, No. 3630, Amendment Bylaw, 2023, No. 4353” for 3188 Shaughnessy Street and 2154, 2156, 2168, 2170, 2186 and 2190 Prairie Avenue."
2024-03-05,Committee of Council Meeting,4.2,Rezoning Application for 590 Dominion Avenue,Main motion,Carried,7,0,0,,,In favour,In favour,In favour,In favour,In favour,In favour,In favour,Housing & density; Development; Business & economy,,,,https://pub-portcoquitlam.escribemeetings.com/Meeting.aspx?Id=cf1ea8b9-2172-4c9b-822f-2de79dff4a9b&Agenda=PostMinutes&lang=English,,https://councilrecord.ca/portcoquitlam.html#vote/1cylz9i,"That Committee of Council : Direct staff to bring forward an amendment to the Zoning Bylaw to add a new M4 ( Intensive Light Industrial ) z one that p ermits indoor commercial storage and industrial offices above the second storey of a building in addition to uses currently permitted in the M3 Light Industrial zone ; Direct staff to bring forward amendment s to the Official Community Plan to accommodate a new M4 I ntensive L ight I ndustrial z one. Having given consideration to s.475 of the Local Government Act, confirm the following consultation for the proposed Official Community Plan amendment: P osting information on the City website; C onsideration of a staff report in an open Committee of Council meeting. Direct staff to bring forward an amendment to the Parking and Development Management Bylaw to add parking regulations for indoor commercial storage and industrial offices uses. Direct staff to bring forward an amendment to the Zoning Bylaw to rezone 590 Dominion Avenue to M4 Intensive Light Industrial ; Recommend to Council that prior to adoption of the amending bylaw for 590 Dominion Avenue , the following conditions be met to the satisfaction of the Director of Development Services: Completion of a subdivision plan to the satisfaction of the Approving Officer including subdivision of the site into two parcels, corner cut-offs and road dedication along Seaborne Avenue; Submission of plans, fees, securities and agreements for off-site works and services ; Recommend to Council that Zoning Bylaw, 2008, No. 3630, Amendment Bylaw, 2022, No. 4285 for 590 Dominion Avenue be re pealed."
2024-03-05,Committee of Council Meeting,4.3,"Development Permit Application for 3188 Shaughnessy Street and 2154, 2156, 2168, 2170, 2186 and 2190 Prairie Avenue",Main motion,Carried,7,0,0,,,In favour,In favour,In favour,In favour,In favour,In favour,In favour,Housing & density; Development,,,,https://pub-portcoquitlam.escribemeetings.com/Meeting.aspx?Id=cf1ea8b9-2172-4c9b-822f-2de79dff4a9b&Agenda=PostMinutes&lang=English,,https://councilrecord.ca/portcoquitlam.html#vote/1tyalk3,"That Committee of Council approve Development Permit DP000552 which will regulate the development of an apartment building and landscaping at 3188 Shaughnessy Street and 2154, 2156, 2168, 2170, 2186 and 2190 Prairie Avenue."
2024-03-05,Committee of Council Meeting,4.4,Development Permit Application for 2130 and 2180 Rindall Avenue,Main motion,Carried,7,0,0,,,In favour,In favour,In favour,In favour,In favour,In favour,In favour,Development,,,,https://pub-portcoquitlam.escribemeetings.com/Meeting.aspx?Id=cf1ea8b9-2172-4c9b-822f-2de79dff4a9b&Agenda=PostMinutes&lang=English,,https://councilrecord.ca/portcoquitlam.html#vote/1bxulhj,"That Committee of Council approve the Development Permits for town house development s at 2130 Rindall Avenue (DP000530), and 2180 Rindall Avenue (DP000531)."
2024-03-05,Committee of Council Meeting,4.5,UBCM Grant Application to Support Change Management,Main motion,Carried,7,0,0,,,In favour,In favour,In favour,In favour,In favour,In favour,In favour,Development; Taxes & spending; Governance & elections,,,,https://pub-portcoquitlam.escribemeetings.com/Meeting.aspx?Id=cf1ea8b9-2172-4c9b-822f-2de79dff4a9b&Agenda=PostMinutes&lang=English,,https://councilrecord.ca/portcoquitlam.html#vote/11ygcnl,"That Council direct staff to apply for the 2024 Local Government Development Approvals for a $150,000 grant to fund Change Management Services."
2024-03-05,Committee of Council Meeting,4.6,Determining Construction Value for Un-sprinklered Buildings,Main motion,Carried,7,0,0,,,In favour,In favour,In favour,In favour,In favour,In favour,In favour,Other,,,,https://pub-portcoquitlam.escribemeetings.com/Meeting.aspx?Id=cf1ea8b9-2172-4c9b-822f-2de79dff4a9b&Agenda=PostMinutes&lang=English,,https://councilrecord.ca/portcoquitlam.html#vote/vswln8,Th at Council approve a l egislative p olicy in order to allow the threshold for the construction value of improvements to existing one and two-family dwellings to account for inflation.
2024-03-05,Committee of Council Meeting,5.1,"Draft UBCM Resolution - Gender Equity: Updating the Provincial Occupational Health and Safety Regulations, and the British Columbia Building Codes to include provisions for Menstrual Supplies",Main motion,Carried,7,0,0,,,In favour,In favour,In favour,In favour,In favour,In favour,In favour,Public services; Business & economy; Governance & elections,,,,https://pub-portcoquitlam.escribemeetings.com/Meeting.aspx?Id=cf1ea8b9-2172-4c9b-822f-2de79dff4a9b&Agenda=PostMinutes&lang=English,,https://councilrecord.ca/portcoquitlam.html#vote/tqlvko,"Councillor McCurrach provided a notice of motion for a proposed draft resolution to the UBCM regarding Gender Equity: Updating the Provincial Health and Safety Regulations, and the British Columbia Building Code to include provisions for Menstral Supplies. Moved-Seconded : That the Notice of Motion be waived and that Committee of Council support the following resolution: WHEREAS the British Columbia Building Code for 2024 uses a measured approach that aims to balance accessibility and inclusively of ALL people; and WHEREAS the 2024 British Columbia Building Code contains updated accessibility features for universal washrooms and that they must contain full sized adult changing tables; and no new updates were made on equity or full inclusivity to include menstrual supplies or sanitary disposal bins for those who menstruate; and WHEREAS equity-based policies around access to menstrual products helps to support inclusion, accessibility, mobility, reduces stigma, and promotes gender equality for ALL people; and WHEREAS menstruation is a normal, healthy bodily function and needs to be managed immediately; and WHEREAS publicly accessible washrooms across Canada are governed by federal and provincial Building Codes, which state explicitly the amenities and supplies required by law, namely free toilet paper, soap, hand-drying facilities in all restrooms, urinals in the men’s restrooms; and WHEREAS the Provincial Building Code and Occupational Health and Safety Regulations contain no mention of menstrual supplies or sanitary disposal bins, leaving it up to the building owner to decide if menstrual supply dispensers are installed for the benefit of their visitors, and if a cost is levied for the dispensed products; and WHEREAS in December 2023, the Canada Occupational Health and Safety Regulations were revised to include menstrual products in ALL federally regulated workplace restrooms; and WHEREAS numerous municipal jurisdictions across Canada have implemented new policies or pilot projects to put menstrual supplies in restrooms; and WHEREAS amending the British Columbia Building Codes will obviate the need for individual municipalities to pass resolutions or start pilot projects to put menstrual products in civic restrooms, ensuring equitable access across the province; and WHEREAS the Minister of Education for British Columbia, recognizing lack of access to menstrual supplies in schools as a barrier to education and an issue of equity in 2019 required all schools to provide free menstrual products in schools; THEREFORE BE IT RESOLVED that the Union of British Columbia Municipalities (UBCM) call upon the Province of British Columbia to update the Occupational Health and Safety Regulations, and the British Columbia Building Codes to include provisions for menstrual supplies, and sanitary disposal bins as is currently required for toilet paper in restrooms outside the home."
2024-03-12,Committee of Council Meeting,4.1,Rezoning Application for 101-3377 Coast Meridian Road,Main motion,Carried,7,0,0,,,In favour,In favour,In favour,In favour,In favour,In favour,In favour,Housing & density; Development; Neighbourhood character; Business & economy,,,,https://pub-portcoquitlam.escribemeetings.com/Meeting.aspx?Id=4455df1a-c3e9-4369-ae71-7d1c7c08b3d1&Agenda=PostMinutes&lang=English,,https://councilrecord.ca/portcoquitlam.html#vote/o657mn,That Committee of Council direct staff to bring forward: Amendments to the Cannabis Establishment Policy as described in this report; and An amendment to the Zoning Bylaw to permit a cannabis retail outlet at unit #101-3377 Coast Meridian Road.
2024-03-12,Committee of Council Meeting,4.2,Short-Term Rental Zoning Bylaw Amendment,Main motion,Carried,7,0,0,,,In favour,In favour,In favour,In favour,In favour,In favour,In favour,Housing & density; Development; Neighbourhood character,,,,https://pub-portcoquitlam.escribemeetings.com/Meeting.aspx?Id=4455df1a-c3e9-4369-ae71-7d1c7c08b3d1&Agenda=PostMinutes&lang=English,,https://councilrecord.ca/portcoquitlam.html#vote/v4ilpp,"That Committee of Council recommend to Council t hat the Zoning B ylaw be amended as described in the Short-Term Rental Zoning Bylaw Amendment report dated March 12, 2024."
2024-03-12,Council Meeting,7.1,Zoning Amendment Bylaw for 1811 Western Drive - First Three Readings,Main motion,Carried,7,0,0,,,In favour,In favour,In favour,In favour,In favour,In favour,In favour,Housing & density; Development,,,,https://pub-portcoquitlam.escribemeetings.com/Meeting.aspx?Id=e9b20158-3d7a-46da-bf18-40bd26155e75&Agenda=PostMinutes&lang=English,,https://councilrecord.ca/portcoquitlam.html#vote/soe3rg,"That: “Zoning Bylaw, 2008, No. 3630, Amendment Bylaw, 2024, No. 4359” be given first three readings to amend 1811 Western Drive from RS1 (Residential Single Dwelling 1) to RS2 (Residential Single Dwelling 2); and Prior to adoption of the amendment bylaw, the following conditions be met to the satisfaction of the Director of Development Services: Installation of protective fencing for off-site trees; Demolition of existing structures; Registration of legal agreements to ensure that the building design of each dwelling is substantially different in massing, location of windows, balconies and decks, façade materials and high quality of landscaping; and Completion of design and submission of fees and securities for off-site works and services."
2024-03-12,Council Meeting,7.2,Zoning Amendment Bylaw (Minor and Housekeeping Changes) - Adoption,Main motion,Carried,7,0,0,,,In favour,In favour,In favour,In favour,In favour,In favour,In favour,Development; Governance & elections,,,,https://pub-portcoquitlam.escribemeetings.com/Meeting.aspx?Id=e9b20158-3d7a-46da-bf18-40bd26155e75&Agenda=PostMinutes&lang=English,,https://councilrecord.ca/portcoquitlam.html#vote/lqajg6,"That “Zoning Bylaw, 2008, No. 3630, Amendment Bylaw, 2024, No. 4360”, be adopted."
2024-04-02,Committee of Council Meeting,5.1,Development Permit Application for 2061 Kingsway Avenue,Main motion,Carried,6,0,1,,,In favour,In favour,Absent,In favour,In favour,In favour,In favour,Development; Business & economy,,,,https://pub-portcoquitlam.escribemeetings.com/Meeting.aspx?Id=02286ec6-d408-483a-8d47-9e3fdd797457&Agenda=PostMinutes&lang=English,,https://councilrecord.ca/portcoquitlam.html#vote/10vul6i,That Committee of Council approve Development Permit DP000523 which would regulate the development of a n industrial building at 2061 Kingsway Avenue .
2024-04-02,Special Council Meeting,3.1,Zoning Amendment Bylaw for 101-3377 Coast Meridian Road - First Two Readings,Main motion,Carried,6,0,1,,,In favour,In favour,Absent,In favour,In favour,In favour,In favour,Development,,,,https://pub-portcoquitlam.escribemeetings.com/Meeting.aspx?Id=14d101d1-37ee-47ce-8106-7f194b1878e4&Agenda=PostMinutes&lang=English,,https://councilrecord.ca/portcoquitlam.html#vote/b0mxua,"That “Zoning Bylaw, 2008, No. 3630, Amendment Bylaw, 2024, No. 4366” be given first two readings."
2024-04-09,Committee of Council Meeting,6.1,Amendments to the Board of Variance Bylaw,Main motion,Carried,6,0,1,,,In favour,In favour,In favour,In favour,In favour,In favour,Absent,Governance & elections,,,,https://pub-portcoquitlam.escribemeetings.com/Meeting.aspx?Id=0db75bb7-2e88-4763-8b31-fa49e10ba7f1&Agenda=PostMinutes&lang=English,,https://councilrecord.ca/portcoquitlam.html#vote/1miheyo,That Committee of Council : Support t he Board of Variance Amendment Bylaw and direct staff to bring the B ylaw forward to Council for first three readings ; Direct staff to bring forward an amendment to the Fees and Charges Bylaw to increase the Board of Variance application fees .
2024-04-09,Committee of Council Meeting,9,Cao Update,Main motion,Carried,7,0,0,,,In favour,In favour,In favour,In favour,In favour,In favour,In favour,Other,1 of 2,,,https://pub-portcoquitlam.escribemeetings.com/Meeting.aspx?Id=0db75bb7-2e88-4763-8b31-fa49e10ba7f1&Agenda=PostMinutes&lang=English,,https://councilrecord.ca/portcoquitlam.html#vote/1ioli9e,"No update. MOTION TO RECESS: That the Tuesday, April 9, 2024, Committee of Council meeting be recessed."
2024-04-09,Committee of Council Meeting,9,Cao Update,Main motion,Carried,7,0,0,,,In favour,In favour,In favour,In favour,In favour,In favour,In favour,Other,2 of 2,,,https://pub-portcoquitlam.escribemeetings.com/Meeting.aspx?Id=0db75bb7-2e88-4763-8b31-fa49e10ba7f1&Agenda=PostMinutes&lang=English,,https://councilrecord.ca/portcoquitlam.html#vote/1htyjnv,"MOTION TO RECONVENE: That the Tuesday, April 9, 2024, Committee of Council meeting be reconvened."
2024-04-09,Council Meeting,8.1,Zoning Amendment Bylaw for Short-Term Rentals - First Three Readings,Main motion,Carried,7,0,0,,,In favour,In favour,In favour,In favour,In favour,In favour,In favour,Housing & density; Development; Neighbourhood character,,,,https://pub-portcoquitlam.escribemeetings.com/Meeting.aspx?Id=2100b665-1d78-48a5-bc53-2fb32c8fa8ff&Agenda=PostMinutes&lang=English,,https://councilrecord.ca/portcoquitlam.html#vote/10o4bwk,"That “Zoning Bylaw, 2008, No. 3630, Amendment Bylaw, 2024, No. 4367” be given first three readings."
2024-04-09,Council Meeting,8.2,Zoning Amendment Bylaw for 3609 St. Thomas Street - Adoption,Main motion,Carried,7,0,0,,,In favour,In favour,In favour,In favour,In favour,In favour,In favour,Development,,,,https://pub-portcoquitlam.escribemeetings.com/Meeting.aspx?Id=2100b665-1d78-48a5-bc53-2fb32c8fa8ff&Agenda=PostMinutes&lang=English,,https://councilrecord.ca/portcoquitlam.html#vote/10dj4zw,"That “Zoning Bylaw, 2008, No. 3630, Amendment Bylaw, 2024, No. 4346”, be adopted."
2024-04-09,Council Meeting,9.1,Amended Gender Equity Draft Resolution,Main motion,Carried,7,0,0,,,In favour,In favour,In favour,In favour,In favour,In favour,In favour,Public services; Business & economy; Governance & elections,,,,https://pub-portcoquitlam.escribemeetings.com/Meeting.aspx?Id=2100b665-1d78-48a5-bc53-2fb32c8fa8ff&Agenda=PostMinutes&lang=English,,https://councilrecord.ca/portcoquitlam.html#vote/17u9eae,"That Council approve the amended “Gender Equity: Updating the Provincial Occupational Health and Safety Regulations, and the British Columbia Building Codes to include provisions for menstrual supplies” resolution and forward to the Union of BC Municipalities (UBCM) for consideration at their 2024 Annual Convention."
2024-04-16,Special Council Meeting,3.1,Zoning Amendment Bylaw for #101 - 3377 Coast Meridian Road,Main motion,Carried,5,0,2,,,In favour,In favour,In favour,Absent,In favour,In favour,Absent,Development,,,,https://pub-portcoquitlam.escribemeetings.com/Meeting.aspx?Id=9e8ed91f-043b-4e8a-bd93-b30f468629d2&Agenda=PostMinutes&lang=English,,https://councilrecord.ca/portcoquitlam.html#vote/1j94dbf,MOTION TO RECONVENE: Moved-Seconded: That the Special Council meeting be reconvened. (6:14 p.m.)
2024-04-16,Special Council Meeting,4.1,Zoning Amendment Bylaw for #101 - 3377 Coast Meridian Road - Third Reading & Adoption,Main motion,Carried,5,0,2,,,In favour,In favour,In favour,Absent,In favour,In favour,Absent,Development,,,,https://pub-portcoquitlam.escribemeetings.com/Meeting.aspx?Id=9e8ed91f-043b-4e8a-bd93-b30f468629d2&Agenda=PostMinutes&lang=English,,https://councilrecord.ca/portcoquitlam.html#vote/u7lov7,"That Council give “Zoning Bylaw, 2008, No. 3630, Amendment Bylaw, 2023, No. 4366”, third reading and adoption."
2024-04-23,Committee of Council Meeting,4.1,Development Permit Application for 3609 St. Thomas Street,Main motion,Carried,7,0,0,,,In favour,In favour,In favour,In favour,In favour,In favour,In favour,Housing & density; Development,,,,https://pub-portcoquitlam.escribemeetings.com/Meeting.aspx?Id=585bc146-6444-4589-8f3c-c3bfce36541d&Agenda=PostMinutes&lang=English,,https://councilrecord.ca/portcoquitlam.html#vote/oi6md0,"That Committee of Council approve Development Permit DP000522, which regulates a duplex development at 3609 St. Thomas Street."
2024-04-23,Committee of Council Meeting,4.2,Rezoning Application for 1654 Manning Avenue,Main motion,Carried,7,0,0,,,In favour,In favour,In favour,In favour,In favour,In favour,In favour,Housing & density; Development,,,,https://pub-portcoquitlam.escribemeetings.com/Meeting.aspx?Id=585bc146-6444-4589-8f3c-c3bfce36541d&Agenda=PostMinutes&lang=English,,https://councilrecord.ca/portcoquitlam.html#vote/1e09xll,"That Committee of Council recommend to Council that: The zoning of 1654 Manning Avenue be amended from RS1 (Residential Single Dwelling 1) to RS4 (Residential Single Dwelling 4); and Prior to adoption of the amending bylaw, the following conditions be met to the satisfaction of the Director of Development Services: Demolition of existing buildings and structures; Submission of subdivision plans to the satisfaction of the Approving Officer Installation of protective fencing for on-site and off-site trees and hedges; and Completion of design and submission of fees and securities for off-site works and services."
2024-04-23,Committee of Council Meeting,4.3,Rezoning and Development Variance Permit Applications for 1160 Victoria Drive,Main motion,Defeated,3,4,0,,,In favour,In favour,Against,Against,In favour,Against,Against,Development; Transportation,1 of 2,,,https://pub-portcoquitlam.escribemeetings.com/Meeting.aspx?Id=585bc146-6444-4589-8f3c-c3bfce36541d&Agenda=PostMinutes&lang=English,,https://councilrecord.ca/portcoquitlam.html#vote/1g9sb6l,That Committee of Council recommend to Council that the road access include a through road to Victoria Drive.
2024-04-23,Committee of Council Meeting,4.3,Rezoning and Development Variance Permit Applications for 1160 Victoria Drive,Main motion,Carried,5,2,0,,,In favour,Against,In favour,In favour,Against,In favour,In favour,Housing & density; Development; Parks & recreation,2 of 2,,,https://pub-portcoquitlam.escribemeetings.com/Meeting.aspx?Id=585bc146-6444-4589-8f3c-c3bfce36541d&Agenda=PostMinutes&lang=English,,https://councilrecord.ca/portcoquitlam.html#vote/1km9169,"That Committee of Council recommend to Council: That the zoning of 1160 Victoria Drive be amended from RS3 (Residential Single Dwelling 3) to P3 (Parks and Natural Area) for a 1.04-acre portion and RS2 (Residential Single Dwelling 2) for the remaining 3.23-acres. That prior to adoption of the amending bylaw the following conditions be met to the satisfaction of the Director of Development Services: Approval of a watercourse development permit that provides for realignment and connection of the onsite watercourse to Watkins Creek and enhancement of the watercourse protection area; Installation of tree protection as required by the Tree Bylaw. Subdivision to the satisfaction of the Approving Officer including dedication of a new road, lane and, a 2.5m wide pedestrian access route between the new road and Victoria Drive and dedication of the watercourse protection area to the City of Port Coquitlam; Submission of plans, fees and securities and agreements for offsite works and services that includes stormwater drainage works associated with the watercourse realignment, a crosswalk with pedestrian flashing beacons across Victoria Drive at Holtby Street, crosswalks along Lynwood Avenue and Wedgewood Street, and a raised crosswalk with lighting across Lynwood Avenue at Plymouth Crescent accessing Chelsea Park. Registration of a legal agreement to ensure installation of a 6ft tall privacy fence, planting a row of trees, and restricting rear yard second floor balconies for lots adjacent to the east property boundary, and limiting windows along the east interior side yard of lot 16 to either having high sills or frosted glass. That Development Variance Permit DVP00096 lot depth variance request for lots 3-8 and 23-26 be supported and the rear yard setback variance request lots 3-8 and 11-16 be denied and that notification is given in accordance with s.499 of the Local Government Act."
2024-04-23,Council Meeting,7.1,Official Community Plan and Zoning Amendment Bylaws for Intensive Light Industrial Zone - First Two Readings,Main motion,Carried,6,0,1,,,In favour,In favour,In favour,In favour,In favour,In favour,Absent,Housing & density; Development; Business & economy,,,,https://pub-portcoquitlam.escribemeetings.com/Meeting.aspx?Id=fff68b6e-8702-40d6-b36b-58922ee5c1f7&Agenda=PostMinutes&lang=English,,https://councilrecord.ca/portcoquitlam.html#vote/1myvt4x,"That “Official Community Plan, 2008, No. 3838, Amendment Bylaw, 2024, No. 4361” and “Zoning Bylaw, 2013, No. 3630, Amendment Bylaw, 2024, No. 4362” be given first two readings."
2024-04-23,Council Meeting,7.2,Zoning Amendment Bylaw for 590 Dominion Avenue - First Two Readings,Main motion,Carried,6,0,1,,,In favour,In favour,In favour,In favour,In favour,In favour,Absent,Development,,,,https://pub-portcoquitlam.escribemeetings.com/Meeting.aspx?Id=fff68b6e-8702-40d6-b36b-58922ee5c1f7&Agenda=PostMinutes&lang=English,,https://councilrecord.ca/portcoquitlam.html#vote/10jzter,"That Council give “Zoning Bylaw, 2013, No. 3630, Amendment Bylaw, 2024, No. 4364” first two readings."
2024-04-23,Council Meeting,7.3,Parking and Development Management Amendment Bylaw - First Three Readings,Main motion,Carried,6,0,1,,,In favour,In favour,In favour,In favour,In favour,In favour,Absent,Transportation,,,,https://pub-portcoquitlam.escribemeetings.com/Meeting.aspx?Id=fff68b6e-8702-40d6-b36b-58922ee5c1f7&Agenda=PostMinutes&lang=English,,https://councilrecord.ca/portcoquitlam.html#vote/286hgt,"That Council give “Parking and Development Management Bylaw, 2018, No. 4078, Amendment Bylaw, 2024, No. 4363” first three readings."
2024-04-23,Council Meeting,7.4,2024-2028 Financial Plan Bylaw - First Three Readings,Main motion,Carried,6,0,1,,,In favour,In favour,In favour,In favour,In favour,In favour,Absent,Taxes & spending,,,,https://pub-portcoquitlam.escribemeetings.com/Meeting.aspx?Id=fff68b6e-8702-40d6-b36b-58922ee5c1f7&Agenda=PostMinutes&lang=English,,https://councilrecord.ca/portcoquitlam.html#vote/1vyfqsh,"That ""2024-2028 Financial Plan Bylaw, 2024, No. 4365"" be given first three readings."
2024-04-23,Council Meeting,7.5,2024 Annual Tax Rates and Solid Waste Amendment Bylaws - First Three Readings,Main motion,Carried,6,0,1,,,In favour,In favour,In favour,In favour,In favour,In favour,Absent,Taxes & spending; Public services,,,,https://pub-portcoquitlam.escribemeetings.com/Meeting.aspx?Id=fff68b6e-8702-40d6-b36b-58922ee5c1f7&Agenda=PostMinutes&lang=English,,https://councilrecord.ca/portcoquitlam.html#vote/u8ikyh,"That Council: Give first three readings to ""Annual Tax Rates Bylaw, 202 4 , No. 43 68"" ; and Give first three readings to ""Solid Waste Bylaw, 2015, No. 3900, Amendment Bylaw, 202 4 , No. 4 369"" ."
2024-04-23,Council Meeting,7.6,Board of Variance Amendment Bylaw - First Three Readings,Main motion,Carried,6,0,1,,,In favour,In favour,In favour,In favour,In favour,In favour,Absent,Governance & elections,,,,https://pub-portcoquitlam.escribemeetings.com/Meeting.aspx?Id=fff68b6e-8702-40d6-b36b-58922ee5c1f7&Agenda=PostMinutes&lang=English,,https://councilrecord.ca/portcoquitlam.html#vote/gvr734,"That Council give “Board of Variance Bylaw, 1997, No. 3105, Amendment Bylaw, 2024, No. 4356” first three readings."
2024-04-23,Council Meeting,7.7,Zoning Amendment Bylaw for Short-Term Rentals - Adoption,Main motion,Carried,6,0,1,,,In favour,In favour,In favour,In favour,In favour,In favour,Absent,Housing & density; Development; Neighbourhood character,,,,https://pub-portcoquitlam.escribemeetings.com/Meeting.aspx?Id=fff68b6e-8702-40d6-b36b-58922ee5c1f7&Agenda=PostMinutes&lang=English,,https://councilrecord.ca/portcoquitlam.html#vote/62uup5,"That Council adopt “Zoning Bylaw, 2008, No. 3630, Amendment Bylaw, 2023, No. 4367” for Short-Term Rentals."
2024-05-07,Special Council Meeting,4.1,2024-2028 Financial Plan Bylaw - Adoption,Main motion,Carried,7,0,0,,,In favour,In favour,In favour,In favour,In favour,In favour,In favour,Taxes & spending,,,,https://pub-portcoquitlam.escribemeetings.com/Meeting.aspx?Id=98a348b9-76d4-4112-a548-61ed7f9093c2&Agenda=PostMinutes&lang=English,,https://councilrecord.ca/portcoquitlam.html#vote/bmeqjn,"That Council adopt “2024-2028 Financial Plan Bylaw, 2024, No. 4365”."
2024-05-07,Special Council Meeting,4.2,2024 Annual Tax Rates and Solid Waste Amendment Bylaws - Adoption,Main motion,Carried,7,0,0,,,In favour,In favour,In favour,In favour,In favour,In favour,In favour,Taxes & spending; Public services,,,,https://pub-portcoquitlam.escribemeetings.com/Meeting.aspx?Id=98a348b9-76d4-4112-a548-61ed7f9093c2&Agenda=PostMinutes&lang=English,,https://councilrecord.ca/portcoquitlam.html#vote/dbn0pe,"That Council adopt: “Annual Tax Rates Bylaw, 2024, No. 4368”; and “Solid Waste Bylaw, 2015, No. 3900, Amendment Bylaw, 2024, No. 4369”."
2024-05-07,Committee of Council Meeting,4.2,Rezoning Application for 2940 Oxford Street,Main motion,Carried,7,0,0,,,In favour,In favour,In favour,In favour,In favour,In favour,In favour,Housing & density; Development,,,,https://pub-portcoquitlam.escribemeetings.com/Meeting.aspx?Id=b6741bf8-e365-4cef-a687-35d65f29808d&Agenda=PostMinutes&lang=English,,https://councilrecord.ca/portcoquitlam.html#vote/15nkszs,"That Committee of Council recommend to C ouncil that: The zoning of 2940 Oxford Street be amended from RS1 (Residential Single Dwelling 1) to RS4 (Residential Single Dwelling 4); Prior to adoption of the amend ment bylaw, the following conditions be met to the satisfaction of the Director of Development Services: D emolition of the exi sting buildings and structure s; Preparation of subdivision plans to the satisfaction of the approving officer; Completion of the design and submission of fees and securities for off-site works and services ; and In stallation of tree protection fencing for retained off-site trees."
2024-05-07,Committee of Council Meeting,4.5,2023 Audited Financial Statements Report,Main motion,Carried,7,0,0,,,In favour,In favour,In favour,In favour,In favour,In favour,In favour,Taxes & spending,,,,https://pub-portcoquitlam.escribemeetings.com/Meeting.aspx?Id=b6741bf8-e365-4cef-a687-35d65f29808d&Agenda=PostMinutes&lang=English,,https://councilrecord.ca/portcoquitlam.html#vote/1yo7fyv,That Committee of Council a dopt the 202 3 Audited Consolidated Financial Statements .
2024-05-14,Council Meeting,6.1,Zoning Amendment Bylaw for 1160 Victoria Drive - First Three Readings,Main motion,Carried,6,1,0,,,In favour,In favour,Against,In favour,In favour,In favour,In favour,Housing & density; Development; Parks & recreation,,,,https://pub-portcoquitlam.escribemeetings.com/Meeting.aspx?Id=1f905f13-cf09-4718-a531-4b8f25089867&Agenda=PostMinutes&lang=English,,https://councilrecord.ca/portcoquitlam.html#vote/f6uhrq,"That: “Zoning Bylaw, 2008, No. 3630, Amendment Bylaw, 2024, No. 4370” be given first three readings for 1160 Victoria Drive to be amended from RS3 (Residential Single Dwelling 3) to P3 (Parks and Natural Area) for a 1.04-acre portion and RS2 (Residential Single Dwelling 2) for the remaining 3.23-acres; and Prior to adoption of the amending bylaw the following conditions be met to the satisfaction of the Director of Development Services: Approval of a watercourse development permit that provides for realignment and connection of the onsite watercourse to Watkins Creek and enhancement of the watercourse protection area; Installation of tree protection as required by the Tree Bylaw. Subdivision to the satisfaction of the Approving Officer including dedication of a new road, lane and, a 2.5m wide pedestrian access route between the new road and Victoria Drive and dedication of the watercourse protection area to the City of Port Coquitlam; Submission of plans, fees and securities and agreements for offsite works and services that includes stormwater drainage works associated with the watercourse realignment, a crosswalk with pedestrian flashing beacons across Victoria Drive at Holtby Street, crosswalks along Lynwood Avenue and Wedgewood Street, and a raised crosswalk with lighting across Lynwood Avenue at Plymouth Crescent accessing Chelsea Park. Registration of a legal agreement to ensure installation of a 6ft tall privacy fence, planting a row of trees, and restricting rear yard second floor balconies for lots adjacent to the east property boundary, and limiting windows along the east interior side yard of lot 16 to either having high sills or frosted glass."
2024-05-14,Council Meeting,6.2,Zoning Amendment Bylaw for 1654 Manning Avenue - First Three Readings,Main motion,Carried,7,0,0,,,In favour,In favour,In favour,In favour,In favour,In favour,In favour,Housing & density; Development,,,,https://pub-portcoquitlam.escribemeetings.com/Meeting.aspx?Id=1f905f13-cf09-4718-a531-4b8f25089867&Agenda=PostMinutes&lang=English,,https://councilrecord.ca/portcoquitlam.html#vote/qm90nv,"That: “Zoning Bylaw, 2008, No. 3630, Amendment Bylaw, 2024, No. 4371” be given first three readings to amend 1654 Manning Avenue from RS1 (Residential Single Dwelling 1) to RS4 (Residential Single Dwelling 4); and Prior to adoption of the amendment bylaw, the following conditions be met to the satisfaction of the Director of Development Services: Demolition of existing buildings and structures; Submission of subdivision plans to the satisfaction of the Approving Officer Installation of protective fencing for on-site and off-site trees and hedges; and Completion of design and submission of fees and securities for off-site works and services."
2024-05-14,Council Meeting,6.3,Board of Variance Amendment Bylaw - Adoption,Main motion,Carried,7,0,0,,,In favour,In favour,In favour,In favour,In favour,In favour,In favour,Governance & elections,,,,https://pub-portcoquitlam.escribemeetings.com/Meeting.aspx?Id=1f905f13-cf09-4718-a531-4b8f25089867&Agenda=PostMinutes&lang=English,,https://councilrecord.ca/portcoquitlam.html#vote/16bcdox,"That Council adopt “ Board of Variance Bylaw, 1997, No. 3105, Amendment Bylaw, 2024, No. 4356 ”."
2024-05-14,Council Meeting,7.1,Development Variance Permit for 1160 Victoria Drive - Issuance,Main motion,Carried,7,0,0,,,In favour,In favour,In favour,In favour,In favour,In favour,In favour,Development,,,,https://pub-portcoquitlam.escribemeetings.com/Meeting.aspx?Id=1f905f13-cf09-4718-a531-4b8f25089867&Agenda=PostMinutes&lang=English,,https://councilrecord.ca/portcoquitlam.html#vote/1m2gjpb,That Council issue Development Variance Permit DVP000096 for 1160 Victoria Drive.
2024-05-14,Council Meeting,8.1,MOTION TO RECESS:,Main motion,Carried,7,0,0,,,In favour,In favour,In favour,In favour,In favour,In favour,In favour,Other,,,,https://pub-portcoquitlam.escribemeetings.com/Meeting.aspx?Id=1f905f13-cf09-4718-a531-4b8f25089867&Agenda=PostMinutes&lang=English,,https://councilrecord.ca/portcoquitlam.html#vote/my6lgu,"That the May 14, 2024, Council meeting be recessed. (5:10 p.m.)"
2024-05-14,Council Meeting,10.1,Official Community Plan Amendment and Zoning Amendment Bylaws for Intensive Light Industrial Zone - Third Reading and Adoption,Main motion,Carried,7,0,0,,,In favour,In favour,In favour,In favour,In favour,In favour,In favour,Housing & density; Development; Business & economy,,,,https://pub-portcoquitlam.escribemeetings.com/Meeting.aspx?Id=1f905f13-cf09-4718-a531-4b8f25089867&Agenda=PostMinutes&lang=English,,https://councilrecord.ca/portcoquitlam.html#vote/zenf2i,"That Council give third reading and adoption to: “Official Community Plan Bylaw, 2013, No. 3838, Amendment Bylaw, 2024, No. 4361”; and “Zoning Bylaw, 2008, No. 3630, Amendment Bylaw, 2024, No. 4362”."
2024-05-14,Council Meeting,10.2,Zoning Amendment Bylaw for 590 Dominion Avenue - Third Reading,Main motion,Carried,7,0,0,,,In favour,In favour,In favour,In favour,In favour,In favour,In favour,Development,,,,https://pub-portcoquitlam.escribemeetings.com/Meeting.aspx?Id=1f905f13-cf09-4718-a531-4b8f25089867&Agenda=PostMinutes&lang=English,,https://councilrecord.ca/portcoquitlam.html#vote/1p1jhkq,"That Council give “Zoning Bylaw, 2008, No. 3630, Amendment Bylaw, 2024, No. 4364” third reading with the requirement that prior to adoption, all conditions identified at second reading be met, to the satisfaction of the Director of Development Services."
2024-05-14,Council Meeting,10.3,Parking and Development Management Amendment Bylaw - Adoption,Main motion,Carried,7,0,0,,,In favour,In favour,In favour,In favour,In favour,In favour,In favour,Transportation,,,,https://pub-portcoquitlam.escribemeetings.com/Meeting.aspx?Id=1f905f13-cf09-4718-a531-4b8f25089867&Agenda=PostMinutes&lang=English,,https://councilrecord.ca/portcoquitlam.html#vote/pzny8b,"That Council adopt “Parking and Development Management Bylaw, 2018, No. 4078, Amendment Bylaw, 2024, No. 4363”."
2024-05-14,Committee of Council Meeting,4.1,Environmental Conservation Development Permit application for 1019 Fernwood Avenue,Main motion,Carried,7,0,0,,,In favour,In favour,In favour,In favour,In favour,In favour,In favour,Development; Environment & climate; Public services,,,,https://pub-portcoquitlam.escribemeetings.com/Meeting.aspx?Id=bab56ae0-3fee-421c-aeaa-bcea14107854&Agenda=PostMinutes&lang=English,,https://councilrecord.ca/portcoquitlam.html#vote/18hmexs,That Committee of Council approve Development Permit DP000532 which will regulate the environmental conservation measures of a new childcare facility at 1019 Fernwood Avenue.
2024-05-28,Committee of Council Meeting,4.1,Resolution to Close,Main motion,Carried,6,0,1,,,In favour,In favour,In favour,Absent,In favour,In favour,In favour,Governance & elections,,,,https://pub-portcoquitlam.escribemeetings.com/Meeting.aspx?Id=48389ebf-1591-4cb2-ae81-3e25b85a6520&Agenda=PostMinutes&lang=English,,https://councilrecord.ca/portcoquitlam.html#vote/1karegj,MOTION TO RECONVENE: That the Committee of Council meeting be reconvened. (3:33 p.m.)
2024-05-28,Committee of Council Meeting,5.1,Development Permit Application for 2821 Huntington Place,Main motion,Carried,6,0,1,,,In favour,In favour,In favour,Absent,In favour,In favour,In favour,Development; Neighbourhood character; Business & economy,,,,https://pub-portcoquitlam.escribemeetings.com/Meeting.aspx?Id=48389ebf-1591-4cb2-ae81-3e25b85a6520&Agenda=PostMinutes&lang=English,,https://councilrecord.ca/portcoquitlam.html#vote/1fh1ah2,That Committee of Council approve the issuance of Development Permit DP000576 to regulate the form and character of two accessory industrial buildings at 2821 Huntington Place.
2024-05-28,Committee of Council Meeting,5.2,Small-Scale Multi-Unit Housing (Bill 44) Bylaw Amendments,Main motion,Carried,6,0,1,,,In favour,In favour,In favour,Absent,In favour,In favour,In favour,Housing & density; Development; Transportation; Governance & elections,,,,https://pub-portcoquitlam.escribemeetings.com/Meeting.aspx?Id=48389ebf-1591-4cb2-ae81-3e25b85a6520&Agenda=PostMinutes&lang=English,,https://councilrecord.ca/portcoquitlam.html#vote/qhgmrf,"That Committee of Council: 1. Recommend to Council they adopt the amendments to the: Zoning Bylaw (No. 3630), Parking and Development Management Bylaw (No. 4078), Development Procedures Bylaw (No. 3849), Delegation of Authority Bylaw (No. 3876), Fees and Charges Bylaw (No. 4345), Official Community Plan Bylaw (No. 3838), Ticket Information Utilization Bylaw (No. 2743) and Bylaw Notice Enforcement (No. 3814), as outlined in this report and detailed in Attachment 1, in order to comply with Bill 44: Housing Statues (Residential Development) Amendment Act 2023. 2. Direct staff to request a time-stated extension to the Bill 44 requirements for the area west of Shaughnessy Street bounded by Fraser and Manning Avenue, as depicted in Attachment 5; and 3.Direct staff to consider additional opportunities, as outlined under stage 2 of this report, to support increased housing supply through the Official Community Plan update."
2024-05-28,Committee of Council Meeting,5.3,Transit-Oriented Areas (Bill 47) Bylaw Amendments,Main motion,Carried,6,0,1,,,In favour,In favour,In favour,Absent,In favour,In favour,In favour,Housing & density; Development; Transportation,,,,https://pub-portcoquitlam.escribemeetings.com/Meeting.aspx?Id=48389ebf-1591-4cb2-ae81-3e25b85a6520&Agenda=PostMinutes&lang=English,,https://councilrecord.ca/portcoquitlam.html#vote/1fgzbgy,"That Committee of Council: Recommend to Council they adopt amendments to the Official Community Plan and Parking and Development Management Bylaws, as outlined in this report, in order to comply with Bill 47: Housing Statues (Transit-Oriented Areas) Amendment Act, 2023; Direct staff to consider additional opportunities to support transit-oriented development through the Official Community Plan update."
2024-05-28,Council Meeting,7.1,Zoning Amendment Bylaw for 2940 Oxford Street - First Three Readings,Main motion,Carried,6,0,1,,,In favour,In favour,In favour,Absent,In favour,In favour,In favour,Housing & density; Development,,,,https://pub-portcoquitlam.escribemeetings.com/Meeting.aspx?Id=70ccb58a-7481-43e5-be7c-eae493594d0c&Agenda=PostMinutes&lang=English,,https://councilrecord.ca/portcoquitlam.html#vote/15i3t1o,"That: “Zoning Bylaw, 2008, No. 3630, Amendment Bylaw, 2024, No. 4372” be given first three readings to amend 2940 Oxford Street from RS1 (Residential Single Dwelling 1) to RS4 (Residential Single Dwelling 4); and Prior to adoption of the amendment bylaw, the following conditions be met to the satisfaction of the Director of Development Services: Demolition of the existing buildings and structures; Preparation of subdivision plans to the satisfaction of the approving officer; Completion of design and submission of fees and securities for off-site works and services; and Installation of tree protection fencing for retained off-site trees."
2024-06-11,Council Meeting,7.1,Official Community Plan (OCP) Amendment Bylaw - First Two Readings,Main motion,Carried,4,0,3,,,Absent,In favour,In favour,Absent,In favour,Absent,In favour,Housing & density; Development,,,,https://pub-portcoquitlam.escribemeetings.com/Meeting.aspx?Id=9636b72c-8cc3-4dc4-a9c9-df48fc39662f&Agenda=PostMinutes&lang=English,,https://councilrecord.ca/portcoquitlam.html#vote/qc342v,"That “Official Community Plan Bylaw, 2013, No. 3838, Amendment Bylaw, 2024, No. 4373” be given first two readings."
2024-06-11,Council Meeting,7.2,Zoning Amendment Bylaw for Small-Scale Multi-Unit Housing Regulations - First Three Readings,Main motion,Carried,4,0,3,,,Absent,In favour,In favour,Absent,In favour,Absent,In favour,Housing & density; Development,,,,https://pub-portcoquitlam.escribemeetings.com/Meeting.aspx?Id=9636b72c-8cc3-4dc4-a9c9-df48fc39662f&Agenda=PostMinutes&lang=English,,https://councilrecord.ca/portcoquitlam.html#vote/65t0sp,"That “Zoning Bylaw, 2008, No. 3630, Amendment Bylaw, 2024, No. 4374” be given first three readings."
2024-06-11,Council Meeting,7.3,Parking and Development Management Amendment Bylaw - First Three Readings,Main motion,Carried,4,0,3,,,Absent,In favour,In favour,Absent,In favour,Absent,In favour,Transportation,,,,https://pub-portcoquitlam.escribemeetings.com/Meeting.aspx?Id=9636b72c-8cc3-4dc4-a9c9-df48fc39662f&Agenda=PostMinutes&lang=English,,https://councilrecord.ca/portcoquitlam.html#vote/1k0buhs,"That “Parking and Development Management Bylaw, 2018, No. 4078, Amendment Bylaw, 2024, No. 4375”, be given first three readings."
2024-06-11,Council Meeting,7.4,Development Procedures Amendment Bylaw - First Three Readings,Main motion,Carried,4,0,3,,,Absent,In favour,In favour,Absent,In favour,Absent,In favour,Development; Governance & elections,,,,https://pub-portcoquitlam.escribemeetings.com/Meeting.aspx?Id=9636b72c-8cc3-4dc4-a9c9-df48fc39662f&Agenda=PostMinutes&lang=English,,https://councilrecord.ca/portcoquitlam.html#vote/eml749,"That “Development Procedures Bylaw, 2013, No. 3849, Amendment Bylaw, 2024, No. 4376”, be given first three readings."
2024-06-11,Council Meeting,7.5,Delegation of Authority Amendment Bylaw - First Three Readings,Main motion,Carried,4,0,3,,,Absent,In favour,In favour,Absent,In favour,Absent,In favour,Governance & elections,,,,https://pub-portcoquitlam.escribemeetings.com/Meeting.aspx?Id=9636b72c-8cc3-4dc4-a9c9-df48fc39662f&Agenda=PostMinutes&lang=English,,https://councilrecord.ca/portcoquitlam.html#vote/j4nslt,"That ""Delegation of Authority Bylaw, 2013, No. 3876, Amendment Bylaw, 2024, No. 4377"", be given first three readings."
2024-06-11,Council Meeting,7.6,Fees and Charges Amendment Bylaw - First Three Readings,Main motion,Carried,4,0,3,,,Absent,In favour,In favour,Absent,In favour,Absent,In favour,Taxes & spending,,,,https://pub-portcoquitlam.escribemeetings.com/Meeting.aspx?Id=9636b72c-8cc3-4dc4-a9c9-df48fc39662f&Agenda=PostMinutes&lang=English,,https://councilrecord.ca/portcoquitlam.html#vote/1naarti,"That “Fees and Charges Bylaw, 2023, No. 4345, Amendment Bylaw, 2024, No. 4378”, be given first three readings."
2024-06-11,Council Meeting,7.7,Bylaw Notice Enforcement Amendment Bylaw - First Three Readings,Main motion,Carried,4,0,3,,,Absent,In favour,In favour,Absent,In favour,Absent,In favour,Other,,,,https://pub-portcoquitlam.escribemeetings.com/Meeting.aspx?Id=9636b72c-8cc3-4dc4-a9c9-df48fc39662f&Agenda=PostMinutes&lang=English,,https://councilrecord.ca/portcoquitlam.html#vote/kisyuo,"That “Bylaw Notice Enforcement Bylaw, 2013, No. 3814, Amendment Bylaw, 2024, No. 4380”, be given first three readings."
2024-06-11,Council Meeting,7.8,Ticket Information Utilization Amendment Bylaw - First Three Readings,Main motion,Carried,4,0,3,,,Absent,In favour,In favour,Absent,In favour,Absent,In favour,Other,,,,https://pub-portcoquitlam.escribemeetings.com/Meeting.aspx?Id=9636b72c-8cc3-4dc4-a9c9-df48fc39662f&Agenda=PostMinutes&lang=English,,https://councilrecord.ca/portcoquitlam.html#vote/1udh39i,"That “Ticket Information Utilization Bylaw, 1992, No. 2743, Amendment Bylaw, 2024, No. 4379”, be given first three readings."
2024-06-25,Council Meeting,5.2,Visual Welcome for 2SLGBTQI+ People,Main motion,Carried,6,0,1,,,In favour,In favour,In favour,In favour,In favour,In favour,Absent,Other,,,,https://pub-portcoquitlam.escribemeetings.com/Meeting.aspx?Id=872d34df-52a9-4608-b763-506ba7a6502e&Agenda=PostMinutes&lang=English,,https://councilrecord.ca/portcoquitlam.html#vote/1mdtcgt,"Motion to Recess Moved-Seconded : That the June 25, 2024, Council meeting be recessed for a Public Hearing. (7:13 p.m.)"
2024-06-25,Council Meeting,6.1,Official Community Plan (OCP) Amendment Bylaw,Main motion,Carried,6,0,1,,,In favour,In favour,In favour,In favour,In favour,In favour,Absent,Housing & density; Development,,,,https://pub-portcoquitlam.escribemeetings.com/Meeting.aspx?Id=872d34df-52a9-4608-b763-506ba7a6502e&Agenda=PostMinutes&lang=English,,https://councilrecord.ca/portcoquitlam.html#vote/lavg7p,MOTION TO RECONVENE: Moved-Seconded: That the Council meeting be reconvened. (7:18 p.m.)
2024-06-25,Council Meeting,7.1,Official Community Plan (OCP) Amendment Bylaw - Third Reading and Adoption,Amendment,Carried,6,0,1,,,In favour,In favour,In favour,In favour,In favour,In favour,Absent,Housing & density; Development; Environment & climate,1 of 2,,,https://pub-portcoquitlam.escribemeetings.com/Meeting.aspx?Id=872d34df-52a9-4608-b763-506ba7a6502e&Agenda=PostMinutes&lang=English,,https://councilrecord.ca/portcoquitlam.html#vote/yqzruu,"That the words ""where possible"" be omitted from the following sentence under the ""Landscaping"" section of the Official Community Plan Amendment Bylaw: ""Native and drought tolerant trees and plants should be used for landscaping , where possible ."""
2024-06-25,Council Meeting,7.1,Official Community Plan (OCP) Amendment Bylaw - Third Reading and Adoption,Amendment,Carried,6,0,1,,,In favour,In favour,In favour,In favour,In favour,In favour,Absent,Housing & density; Development,2 of 2,,,https://pub-portcoquitlam.escribemeetings.com/Meeting.aspx?Id=872d34df-52a9-4608-b763-506ba7a6502e&Agenda=PostMinutes&lang=English,,https://councilrecord.ca/portcoquitlam.html#vote/nzoebk,"That Council give “Official Community Plan Bylaw, 2013, No. 3838, Amendment Bylaw, 2024, No. 4373”, third reading and adoption, as amended."
2024-06-25,Council Meeting,7.2,Zoning Amendment Bylaw for A121 and A123 - 2099 Lougheed Highway - First Two Readings,Main motion,Carried,6,0,1,,,In favour,In favour,In favour,In favour,In favour,In favour,Absent,Development,,,,https://pub-portcoquitlam.escribemeetings.com/Meeting.aspx?Id=872d34df-52a9-4608-b763-506ba7a6502e&Agenda=PostMinutes&lang=English,,https://councilrecord.ca/portcoquitlam.html#vote/4b5y0u,"That ""Zoning Bylaw, 2008, No. 3630, Amendment Bylaw, 2024, No. 4381"" be given first two readings."
2024-06-25,Council Meeting,7.3,Zoning Amendment Bylaw for Small-Scale Multi-Unit Housing Regulations - Adoption,Main motion,Carried,6,0,1,,,In favour,In favour,In favour,In favour,In favour,In favour,Absent,Housing & density; Development,,,,https://pub-portcoquitlam.escribemeetings.com/Meeting.aspx?Id=872d34df-52a9-4608-b763-506ba7a6502e&Agenda=PostMinutes&lang=English,,https://councilrecord.ca/portcoquitlam.html#vote/6yjkgr,"That Council adopt “Zoning Bylaw, 2008, No. 3630, Amendment Bylaw, 2024, No. 4374”."
2024-06-25,Council Meeting,7.4,Parking and Development Management Amendment Bylaw - Adoption,Main motion,Carried,6,0,1,,,In favour,In favour,In favour,In favour,In favour,In favour,Absent,Transportation,,,,https://pub-portcoquitlam.escribemeetings.com/Meeting.aspx?Id=872d34df-52a9-4608-b763-506ba7a6502e&Agenda=PostMinutes&lang=English,,https://councilrecord.ca/portcoquitlam.html#vote/134s2f4,"That Council adopt “Parking and Development Management Bylaw, 2018, No. 4078, Amendment Bylaw, 2024, No. 4375”."
2024-06-25,Council Meeting,7.5,Development Procedures Amendment Bylaw - Adoption,Main motion,Carried,6,0,1,,,In favour,In favour,In favour,In favour,In favour,In favour,Absent,Development; Governance & elections,,,,https://pub-portcoquitlam.escribemeetings.com/Meeting.aspx?Id=872d34df-52a9-4608-b763-506ba7a6502e&Agenda=PostMinutes&lang=English,,https://councilrecord.ca/portcoquitlam.html#vote/8ovegx,"That Council adopt “Development Procedures Amendment Bylaw, 2013, No. 3849, Amendment Bylaw, 2024, No. 4376”."
2024-06-25,Council Meeting,7.6,Delegation of Authority Amendment Bylaw - Adoption,Main motion,Carried,6,0,1,,,In favour,In favour,In favour,In favour,In favour,In favour,Absent,Governance & elections,,,,https://pub-portcoquitlam.escribemeetings.com/Meeting.aspx?Id=872d34df-52a9-4608-b763-506ba7a6502e&Agenda=PostMinutes&lang=English,,https://councilrecord.ca/portcoquitlam.html#vote/2e45tg,"That Council adopt “Delegation of Authority, 2013, No. 3876, Amendment Bylaw, 2024, No. 4377”."
2024-06-25,Council Meeting,7.7,Fees and Charges Amendment Bylaw - Adoption,Main motion,Carried,6,0,1,,,In favour,In favour,In favour,In favour,In favour,In favour,Absent,Taxes & spending,,,,https://pub-portcoquitlam.escribemeetings.com/Meeting.aspx?Id=872d34df-52a9-4608-b763-506ba7a6502e&Agenda=PostMinutes&lang=English,,https://councilrecord.ca/portcoquitlam.html#vote/zvmd2v,"That Council adopt “Fees and Charges Bylaw, 2023, No. 4345, Amendment Bylaw, 2024, No. 4378”."
2024-06-25,Council Meeting,7.8,Ticket Information Utilization Amendment Bylaw - Adoption,Main motion,Carried,6,0,1,,,In favour,In favour,In favour,In favour,In favour,In favour,Absent,Other,,,,https://pub-portcoquitlam.escribemeetings.com/Meeting.aspx?Id=872d34df-52a9-4608-b763-506ba7a6502e&Agenda=PostMinutes&lang=English,,https://councilrecord.ca/portcoquitlam.html#vote/mqnn3u,"That Council adopt “Ticket Information Utilization Bylaw, 1992, No. 2743, Amendment Bylaw, 2024, No. 4379”."
2024-06-25,Council Meeting,7.9,Bylaw Notice Enforcement Amendment Bylaw - Adoption,Main motion,Carried,6,0,1,,,In favour,In favour,In favour,In favour,In favour,In favour,Absent,Other,,,,https://pub-portcoquitlam.escribemeetings.com/Meeting.aspx?Id=872d34df-52a9-4608-b763-506ba7a6502e&Agenda=PostMinutes&lang=English,,https://councilrecord.ca/portcoquitlam.html#vote/1rkjhq7,"That Council adopt “Bylaw Notice Enforcement Bylaw, 2013, No. 3814, Amendment Bylaw, 2024, No. 4380”."
2024-06-25,Council Meeting,8.1,2023 Annual Report and Statement of Financial Information,Main motion,Carried,6,0,1,,,In favour,In favour,In favour,In favour,In favour,In favour,Absent,Taxes & spending,,,,https://pub-portcoquitlam.escribemeetings.com/Meeting.aspx?Id=872d34df-52a9-4608-b763-506ba7a6502e&Agenda=PostMinutes&lang=English,,https://councilrecord.ca/portcoquitlam.html#vote/1376sae,That Council approve the City’s 2023 Statement of Financial Information.
2024-06-25,Committee of Council Meeting,4.1,Development Permit Application for 2650 Burleigh Avenue and 2634-2636 Kingsway Avenue,Main motion,Carried,6,0,1,,,In favour,In favour,In favour,In favour,In favour,In favour,Absent,Housing & density; Development,,,,https://pub-portcoquitlam.escribemeetings.com/Meeting.aspx?Id=b490a805-5410-4ba0-a7e2-312926e9a6be&Agenda=PostMinutes&lang=English,,https://councilrecord.ca/portcoquitlam.html#vote/3brw0x,That Committee of Council approve Development Permit DP000409 which will regulate the development of a mixed-use apartment building and landscaping at 2650 Burleigh Avenue and 2634-2636 Kingsway Avenue.
2024-06-25,Committee of Council Meeting,4.2,Resolution to Advise the Liquor and Cannabis Regulation Branch for 101-3377 Coast Meridian Road,Main motion,Carried,6,0,1,,,In favour,In favour,In favour,In favour,In favour,In favour,Absent,Neighbourhood character; Business & economy; Governance & elections,,,,https://pub-portcoquitlam.escribemeetings.com/Meeting.aspx?Id=b490a805-5410-4ba0-a7e2-312926e9a6be&Agenda=PostMinutes&lang=English,,https://councilrecord.ca/portcoquitlam.html#vote/q2luuf,That Committee of Council advise the Liquor and Cannabis Regulation Branch that the City of Port Coquitlam recommends issuance of an application for a non-medical retail cannabis licence at 101-3377 Coast Meridian Road.
2024-06-25,Committee of Council Meeting,4.3,Rezoning Application for A121 and A123 2099 Lougheed Highway,Main motion,Carried,6,0,1,,,In favour,In favour,In favour,In favour,In favour,In favour,Absent,Housing & density; Development; Public services,,,,https://pub-portcoquitlam.escribemeetings.com/Meeting.aspx?Id=b490a805-5410-4ba0-a7e2-312926e9a6be&Agenda=PostMinutes&lang=English,,https://councilrecord.ca/portcoquitlam.html#vote/km6e07,That Committee of Council recommend to Council that the Zoning Bylaw be amended to permit a child care facility at A121 and A123 - 2099 Lougheed Highway to increase its capacity to accommodate 103 children.
2024-06-25,Committee of Council Meeting,4.4,Building and Plumbing Bylaw Amendments,Main motion,Carried,6,0,1,,,In favour,In favour,In favour,In favour,In favour,In favour,Absent,Other,,,,https://pub-portcoquitlam.escribemeetings.com/Meeting.aspx?Id=b490a805-5410-4ba0-a7e2-312926e9a6be&Agenda=PostMinutes&lang=English,,https://councilrecord.ca/portcoquitlam.html#vote/2orwfe,"That Committee of Council support revisions to “Building and Plumbing Bylaw, 2009, No. 3710” and direct staff to bring the amendment bylaw forward to Council for first three readings."
2024-06-25,Committee of Council Meeting,4.5,Permissive Property Tax Exemption Policy Update,Main motion,Carried,6,0,1,,,In favour,In favour,In favour,In favour,In favour,In favour,Absent,Taxes & spending,,,,https://pub-portcoquitlam.escribemeetings.com/Meeting.aspx?Id=b490a805-5410-4ba0-a7e2-312926e9a6be&Agenda=PostMinutes&lang=English,,https://councilrecord.ca/portcoquitlam.html#vote/zcohjz,That Committee of Council approve the updated policy “Permissive Property Tax Exemption Policy” as presented.
2024-07-02,Committee of Council Meeting,4.1,Rezoning Application for 3545 Oxford Street,Main motion,Carried,6,0,1,,,In favour,In favour,In favour,In favour,In favour,Absent,In favour,Housing & density; Development,,,,https://pub-portcoquitlam.escribemeetings.com/Meeting.aspx?Id=577bcd6a-a3f1-46fb-9d16-4a0cb04d4d7b&Agenda=PostMinutes&lang=English,,https://councilrecord.ca/portcoquitlam.html#vote/b2bx4q,"That Committee of Council recommend to Council that: The zoning of 3545 Oxford Street be amended from RS1 (Residential S mall-Scale 1) to RS4 (Residential S mall-Scale 4); Prior to adoption of the amend ment bylaw, the following conditions be met to the satisfaction of the Director of Development Services: D emolition of the exi sting buildings and structures; Preparation of subdivision plans to the satisfaction of the approving officer; Completion of the design and submission of fees and securities for off-site works and services ; and Installation of tree protection fencing for retained off-site trees."
2024-07-02,Committee of Council Meeting,4.2,Draft Master Transportation Plan - Consultation Results,Main motion,Carried,6,0,1,,,In favour,In favour,In favour,In favour,In favour,Absent,In favour,Transportation; Parks & recreation,,,,https://pub-portcoquitlam.escribemeetings.com/Meeting.aspx?Id=577bcd6a-a3f1-46fb-9d16-4a0cb04d4d7b&Agenda=PostMinutes&lang=English,,https://councilrecord.ca/portcoquitlam.html#vote/nmwc21,That Committee of Council direct staff to incorporate the recommended revisions and bring back a final Master Transportation Plan to Council for adoption.
2024-07-09,Committee of Council Meeting,4.1,Proposed Public Space Patio Program,Main motion,Carried,6,0,1,,,In favour,In favour,In favour,Absent,In favour,In favour,In favour,Business & economy,,,,https://pub-portcoquitlam.escribemeetings.com/Meeting.aspx?Id=cf032e9b-d3e5-44c6-a8be-ba37de1f9720&Agenda=PostMinutes&lang=English,,https://councilrecord.ca/portcoquitlam.html#vote/xvi2iu,"That Committee of Council : Endorse the Public Space Patio Program as described in this report; Direct staff to bring forward the policies and bylaw amendments necessary to implement the recommended P ublic S pace P atio Program approval process , with fees starting in 2025; and Delegate to staff the authority to comment on the LCRB referrals related to new or existing patios."
2024-07-09,Committee of Council Meeting,4.2,Development Permit and Development Variance Permit Amendment Application for 2279 Kelly Avenue,Main motion,Carried,6,0,1,,,In favour,In favour,In favour,Absent,In favour,In favour,In favour,Development,,,,https://pub-portcoquitlam.escribemeetings.com/Meeting.aspx?Id=cf032e9b-d3e5-44c6-a8be-ba37de1f9720&Agenda=PostMinutes&lang=English,,https://councilrecord.ca/portcoquitlam.html#vote/1i8yvn,"That Committee of Council approve amendments to Development Permit DP000251 and Development Variance Permit DVP00079 to extend their date of expiry to August 25, 2025 and enable minor changes to the building design, landscape security and required funds for undergrounding of overhead wiring."
2024-07-09,Committee of Council Meeting,4.2.1.1,Resolution to Close,Main motion,Carried,6,0,1,,,In favour,In favour,In favour,Absent,In favour,In favour,In favour,Governance & elections,,,,https://pub-portcoquitlam.escribemeetings.com/Meeting.aspx?Id=cf032e9b-d3e5-44c6-a8be-ba37de1f9720&Agenda=PostMinutes&lang=English,,https://councilrecord.ca/portcoquitlam.html#vote/rs1jqp,MOTION TO RECONVENE: Moved-Seconded: That the Committee of Council meeting be reconvened at 2:34 p.m.
2024-07-09,Committee of Council Meeting,4.3,Development Permit Application for 2236 Kelly Avenue,Main motion,Carried,6,0,1,,,In favour,In favour,In favour,Absent,In favour,In favour,In favour,Housing & density; Development,,,,https://pub-portcoquitlam.escribemeetings.com/Meeting.aspx?Id=cf032e9b-d3e5-44c6-a8be-ba37de1f9720&Agenda=PostMinutes&lang=English,,https://councilrecord.ca/portcoquitlam.html#vote/17n33n9,That Committee of Council approve Development Permit DP000520 which will regulate the development of an apartment building and landscaping at 2236 Kelly Avenue.
2024-07-09,Committee of Council Meeting,4.4,"Rezoning Application for 1884, 1904, 1912, 1920, and 1930 Harbour Street; 1887, 1893, and 1911 Prince Street; and 1155 Pitt River Road",Main motion,Carried,7,0,0,,,In favour,In favour,In favour,In favour,In favour,In favour,In favour,Housing & density; Development,1 of 2,,,https://pub-portcoquitlam.escribemeetings.com/Meeting.aspx?Id=cf032e9b-d3e5-44c6-a8be-ba37de1f9720&Agenda=PostMinutes&lang=English,,https://councilrecord.ca/portcoquitlam.html#vote/1sxt57o,"That Committee of Council recommend to Council that: The zoning of 1884, 1904, 1912, 1920, and 1930 Harbour Street; 1887, 1893, and 1911 Prince Street; and 1155 Pitt River Road be amended from RS1 (Residential Small Scale 1) to Rth3 (Residential Townhouse 3). Prior to adoption of the amending bylaw, the following conditions be met to the satisfaction of the Director of Development Services: Installation of tree protection fencing for retained trees; Registration of legal agreements to ensure buildings are designed to incorporate recommendations of the Acoustical Evaluation and for the construction of a sound attenuation fence along Mary Hill Road; Completion of road closure and sale of Prince Street; Consolidation of the site and dedication of corner cuts; and Submission of plans, fees and securities for off-site works and services including relocation of the existing Prince Street sanitary main and installation of flashing pedestrian beacons and streetlighting at Pitt River Road and Harbour Street crosswalks."
2024-07-09,Committee of Council Meeting,4.4,"Rezoning Application for 1884, 1904, 1912, 1920, and 1930 Harbour Street; 1887, 1893, and 1911 Prince Street; and 1155 Pitt River Road",Main motion,Carried,7,0,0,,,In favour,In favour,In favour,In favour,In favour,In favour,In favour,Housing & density; Development,2 of 2,,,https://pub-portcoquitlam.escribemeetings.com/Meeting.aspx?Id=cf032e9b-d3e5-44c6-a8be-ba37de1f9720&Agenda=PostMinutes&lang=English,,https://councilrecord.ca/portcoquitlam.html#vote/1yphs31,"Motion to Recess Moved-Seconded : That the July 9, 2024, Committee of Council meeting be recessed. (2:53 p.m.)"
2024-07-09,Council Meeting,5,Delegations,Main motion,Carried,7,0,0,,,In favour,In favour,In favour,In favour,In favour,In favour,In favour,Governance & elections,,,,https://pub-portcoquitlam.escribemeetings.com/Meeting.aspx?Id=d6b90de5-ea71-409a-ba17-72c50846836b&Agenda=PostMinutes&lang=English,,https://councilrecord.ca/portcoquitlam.html#vote/18lqqjm,MOTION TO RECESS: Moved-Seconded: That the Council meeting be recessed in order to convene the Public Hearing. (6:11 p.m.)
2024-07-09,Council Meeting,6.1,Zoning Amendment for A121 and A123 - 2099 Lougheed Highway,Main motion,Carried,7,0,0,,,In favour,In favour,In favour,In favour,In favour,In favour,In favour,Development,1 of 2,,,https://pub-portcoquitlam.escribemeetings.com/Meeting.aspx?Id=d6b90de5-ea71-409a-ba17-72c50846836b&Agenda=PostMinutes&lang=English,,https://councilrecord.ca/portcoquitlam.html#vote/r4tp12,MOTION TO ADJOURN THE PUBLIC HEARING: Moved-Seconded: That the Public Hearing be adjourned. (6:11 p.m.)
2024-07-09,Council Meeting,6.1,Zoning Amendment for A121 and A123 - 2099 Lougheed Highway,Main motion,Carried,7,0,0,,,In favour,In favour,In favour,In favour,In favour,In favour,In favour,Development,2 of 2,,,https://pub-portcoquitlam.escribemeetings.com/Meeting.aspx?Id=d6b90de5-ea71-409a-ba17-72c50846836b&Agenda=PostMinutes&lang=English,,https://councilrecord.ca/portcoquitlam.html#vote/wjra4l,MOTION TO RECONVENE THE COUNCIL MEETING: Moved-Seconded: That the Council meeting be reconvened.
2024-07-09,Council Meeting,7.1,Zoning Amendment Bylaw for A121 and A123 - 2099 Lougheed Highway - Third Reading and Adoption,Main motion,Carried,7,0,0,,,In favour,In favour,In favour,In favour,In favour,In favour,In favour,Development,,,,https://pub-portcoquitlam.escribemeetings.com/Meeting.aspx?Id=d6b90de5-ea71-409a-ba17-72c50846836b&Agenda=PostMinutes&lang=English,,https://councilrecord.ca/portcoquitlam.html#vote/4a9xdq,"That Council give “Zoning Bylaw, 2008, No. 3630, Amendment Bylaw, 2024, No. 4381” third reading and adopt the Bylaw."
2024-07-09,Council Meeting,7.2,Building and Plumbing Amendment Bylaw - First Three Readings,Main motion,Carried,7,0,0,,,In favour,In favour,In favour,In favour,In favour,In favour,In favour,Other,,,,https://pub-portcoquitlam.escribemeetings.com/Meeting.aspx?Id=d6b90de5-ea71-409a-ba17-72c50846836b&Agenda=PostMinutes&lang=English,,https://councilrecord.ca/portcoquitlam.html#vote/z6twgp,"That Council give first three readings to “Building and Plumbing Bylaw, 2009, No. 3710, Amendment Bylaw, 2024, No. 4383”."
2024-07-09,Council Meeting,7.3,Zoning Amendment Bylaw for 1777 Jensen Avenue - Adoption,Main motion,Carried,7,0,0,,,In favour,In favour,In favour,In favour,In favour,In favour,In favour,Development,,,,https://pub-portcoquitlam.escribemeetings.com/Meeting.aspx?Id=d6b90de5-ea71-409a-ba17-72c50846836b&Agenda=PostMinutes&lang=English,,https://councilrecord.ca/portcoquitlam.html#vote/1lnn1xi,"That Council adopt “Zoning Bylaw, 2008, No. 3630, Amendment Bylaw, 2023, No. 4303” for 1777 Jensen Avenue."
2024-09-03,Committee of Council Meeting,4.2,Development Permit Amendment Application for 1161 Kingsway Avenue,Main motion,Carried,6,0,1,,,In favour,In favour,In favour,Absent,In favour,In favour,In favour,Development,,,,https://pub-portcoquitlam.escribemeetings.com/Meeting.aspx?Id=640d2801-3b9d-443f-b455-0928e4c1d235&Agenda=PostMinutes&lang=English,,https://councilrecord.ca/portcoquitlam.html#vote/szx2k9,"That Committee of Council approve amendments to Development Permit DP000276 to enable minor changes to the building and landscape design, landscape security, and extend the date of permit expiry to December 31, 2025."
2024-09-03,Committee of Council Meeting,4.3,Rezoning Application for 1116 and 1122 - 1470 Prairie Avenue,Main motion,Carried,7,0,0,,,In favour,In favour,In favour,In favour,In favour,In favour,In favour,Housing & density; Development; Public services,,,,https://pub-portcoquitlam.escribemeetings.com/Meeting.aspx?Id=640d2801-3b9d-443f-b455-0928e4c1d235&Agenda=PostMinutes&lang=English,,https://councilrecord.ca/portcoquitlam.html#vote/gofnad,That Committee of Council recommend to Council that the Zoning Bylaw be amended to permit a child care facility at #1116 and #1122 - 1470 Prairie Avenue to increase its capacity to accommodate 74 children.
2024-09-03,Committee of Council Meeting,4.4,Watercourse Development Permit Application for 1160 Victoria Drive,Main motion,Carried,7,0,0,,,In favour,In favour,In favour,In favour,In favour,In favour,In favour,Development; Environment & climate; Public services,,,,https://pub-portcoquitlam.escribemeetings.com/Meeting.aspx?Id=640d2801-3b9d-443f-b455-0928e4c1d235&Agenda=PostMinutes&lang=English,,https://councilrecord.ca/portcoquitlam.html#vote/es7iis,That Committee of Council approve Watercourse Development Permit DP000390 to provide for watercourse protection and enhancement at and adjacent to 1160 Victoria Drive.
2024-09-10,Committee of Council Meeting,4.1,Bylaw Amendments for Servicing Requirements,Main motion,Carried,7,0,0,,,In favour,In favour,In favour,In favour,In favour,In favour,In favour,Housing & density,,,,https://pub-portcoquitlam.escribemeetings.com/Meeting.aspx?Id=1ef92112-2c8e-4fdb-9f42-503d9097f41a&Agenda=PostMinutes&lang=English,,https://councilrecord.ca/portcoquitlam.html#vote/1qgirg7,That Committee of Council direct staff to prepare bylaw amendments to: Require off-site servicing works be provided for new single residential and duplex construction; and Designate the Manager of Development Engineering and Manager of Planning as interim municipal servicing officers for the City of Port Coquitlam pursuant to section 513.2 of the Local Government Act.
2024-09-10,Committee of Council Meeting,4.2,Housing Supply Plan Progress Report for the Housing Accelerator Fund Round 2,Main motion,Carried,7,0,0,,,In favour,In favour,In favour,In favour,In favour,In favour,In favour,Housing & density,,,,https://pub-portcoquitlam.escribemeetings.com/Meeting.aspx?Id=1ef92112-2c8e-4fdb-9f42-503d9097f41a&Agenda=PostMinutes&lang=English,,https://councilrecord.ca/portcoquitlam.html#vote/yp8way,That Committee of Council: Direct staff to apply to the Housing Accelerator Fund Round 2 with a commitment to the housing supply growth targets and incentives identified in the Housing Supply Plan Progress Report; and Support use of the Housing Supply Plan Progress Report in advocating for funding from senior government agencies to help increase housing supply and opportunities in Port Coquitlam.
2024-09-10,Council Meeting,7.1,Zoning Amendment Bylaw for 1116 and 1120 - 1470 Prairie Avenue - First Two Readings,Main motion,Carried,7,0,0,,,In favour,In favour,In favour,In favour,In favour,In favour,In favour,Development,,,,https://pub-portcoquitlam.escribemeetings.com/Meeting.aspx?Id=666ab2ab-f51d-4394-aaaf-b47e78c67ea3&Agenda=PostMinutes&lang=English,,https://councilrecord.ca/portcoquitlam.html#vote/fsvs3v,"That “Zoning Bylaw, 2008, No. 3630, Amendment Bylaw, 2024, No. 4382” be given first two readings."
2024-09-10,Council Meeting,7.2,Zoning Amendment Bylaw for 3545 Oxford Street - First Three Readings,Main motion,Carried,7,0,0,,,In favour,In favour,In favour,In favour,In favour,In favour,In favour,Housing & density; Development,,,,https://pub-portcoquitlam.escribemeetings.com/Meeting.aspx?Id=666ab2ab-f51d-4394-aaaf-b47e78c67ea3&Agenda=PostMinutes&lang=English,,https://councilrecord.ca/portcoquitlam.html#vote/1ttwlox,"That: “Zoning Bylaw, 2008, No. 3630, Amendment Bylaw, 2024, No. 4384” be given first three readings to amend 3545 Oxford Street from RS1 (Residential Small-Scale 1) to RS4 (Residential Small-Scale 4); and Prior to adoption of the amendment bylaw, the following conditions be met to the satisfaction of the Director of Development Services: Demolition of the existing buildings and structures; Preparation of subdivision plans to the satisfaction of the approving officer; Completion of the design and submission of fees and securities for off-site works and services; and Installation of tree protection fencing for retained off-site trees."
2024-09-10,Council Meeting,7.3,"Zoning Amendment Bylaw for 1884, 1904, 1912, 1920 and 1930 Harbour Street; 1887, 1893 and 1911 Prince Street; and 1155 Pitt River Road - First Three Readings",Main motion,Carried,7,0,0,,,In favour,In favour,In favour,In favour,In favour,In favour,In favour,Development,,,,https://pub-portcoquitlam.escribemeetings.com/Meeting.aspx?Id=666ab2ab-f51d-4394-aaaf-b47e78c67ea3&Agenda=PostMinutes&lang=English,,https://councilrecord.ca/portcoquitlam.html#vote/1199eo1,"That: “Zoning Bylaw, 2008, No. 3630, Amendment Bylaw, 2024, No. 4385” be given first three readings to amend 1884, 1904, 1912, 1920 and 1930 Harbour Street; 1887, 1893 and 1911 Prince Street; and 1155 Pitt River Road from RS1 (Residential Small-Scale 1) to RTh3 (Residential Townhouse 3); and Prior to adoption of the amendment bylaw, the following conditions be met to the satisfaction of the Director of Development Services: Installation of tree protection fencing for retained trees; Registration of legal agreements to ensure buildings are designed to incorporate recommendations of the Acoustical Evaluation and for the construction of a sound attenuation fence along Mary Hill Road; Completion of road closure and sale of Prince Street; Consolidation of the site and dedication of corner cuts; and Submission of plans, fees and securities for off-site works and services including relocation of the existing Prince Street sanitary main and installation of flashing pedestrian beacons and streetlighting at Pitt River Road and Harbour Street crosswalks."
2024-09-10,Council Meeting,7.4,Building and Plumbing Amendment Bylaw - Adoption,Main motion,Carried,7,0,0,,,In favour,In favour,In favour,In favour,In favour,In favour,In favour,Other,,,,https://pub-portcoquitlam.escribemeetings.com/Meeting.aspx?Id=666ab2ab-f51d-4394-aaaf-b47e78c67ea3&Agenda=PostMinutes&lang=English,,https://councilrecord.ca/portcoquitlam.html#vote/4lhznn,"That Council adopt “Building and Plumbing Amendment Bylaw, 2024, No. 4383”."
2024-09-10,Council Meeting,8.1,2024-2034 Community Works Fund Agreement,Main motion,Carried,7,0,0,,,In favour,In favour,In favour,In favour,In favour,In favour,In favour,Other,,,,https://pub-portcoquitlam.escribemeetings.com/Meeting.aspx?Id=666ab2ab-f51d-4394-aaaf-b47e78c67ea3&Agenda=PostMinutes&lang=English,,https://councilrecord.ca/portcoquitlam.html#vote/14jtkz4,That Council authorize the Mayor and Corporate Officer to sign the 2024-2034 Community Works Fund Agreement between the City of Port Coquitlam and the Union of BC Municipalities.
2024-09-24,Council Meeting,4.1,"Fire Prevention Week - October 6th to 12th, 2024",Main motion,Carried,6,0,1,,,Absent,In favour,In favour,In favour,In favour,In favour,In favour,Public services,,,,https://pub-portcoquitlam.escribemeetings.com/Meeting.aspx?Id=d82c1013-0c5a-4ba7-b216-e3d4631a2579&Agenda=PostMinutes&lang=English,,https://councilrecord.ca/portcoquitlam.html#vote/1jc2gcg,Motion to Recess: That the regular Council Meeting be recessed in order to convene the Public Hearings. (6:18 p.m.)
2024-09-24,Council Meeting,5.1,Zoning Amendment Bylaw for 1470 Prairie Avenue,Main motion,Carried,6,0,1,,,Absent,In favour,In favour,In favour,In favour,In favour,In favour,Development,1 of 2,,,https://pub-portcoquitlam.escribemeetings.com/Meeting.aspx?Id=d82c1013-0c5a-4ba7-b216-e3d4631a2579&Agenda=PostMinutes&lang=English,,https://councilrecord.ca/portcoquitlam.html#vote/yncwk1,Motion to Adjourn the Public Hearing: That Public Hearing be adjourned. (6:28 p.m.)
2024-09-24,Council Meeting,5.1,Zoning Amendment Bylaw for 1470 Prairie Avenue,Main motion,Carried,6,0,1,,,Absent,In favour,In favour,In favour,In favour,In favour,In favour,Development,2 of 2,,,https://pub-portcoquitlam.escribemeetings.com/Meeting.aspx?Id=d82c1013-0c5a-4ba7-b216-e3d4631a2579&Agenda=PostMinutes&lang=English,,https://councilrecord.ca/portcoquitlam.html#vote/1bvmt6e,Motion to Reconvene: Moved-Seconded: That the Council meeting be reconvened. (6:28 p.m.)
2024-09-24,Council Meeting,6.1,Zoning Amendment Bylaw for 1470 Prairie Avenue - Third Reading and Adoption,Main motion,Carried,6,0,1,,,Absent,In favour,In favour,In favour,In favour,In favour,In favour,Development,,,,https://pub-portcoquitlam.escribemeetings.com/Meeting.aspx?Id=d82c1013-0c5a-4ba7-b216-e3d4631a2579&Agenda=PostMinutes&lang=English,,https://councilrecord.ca/portcoquitlam.html#vote/9fj6xb,"That Council give “Zoning Bylaw, 2008, No. 3630, Amendment Bylaw, 2024, No. 4382”, third reading and adopt the bylaw."
2024-09-24,Council Meeting,6.2,Parking and Development Management Amendment Bylaw - First Three Readings,Main motion,Carried,6,0,1,,,Absent,In favour,In favour,In favour,In favour,In favour,In favour,Transportation,,,,https://pub-portcoquitlam.escribemeetings.com/Meeting.aspx?Id=d82c1013-0c5a-4ba7-b216-e3d4631a2579&Agenda=PostMinutes&lang=English,,https://councilrecord.ca/portcoquitlam.html#vote/10tk072,"That Council give first three readings to “Parking and Development Management Bylaw, 2018, No. 4078, Amendment Bylaw, 2024, No. 4389”."
2024-10-01,Committee of Council Meeting,5.1,2025 Fees and Charges Bylaw,Main motion,Carried,6,0,1,,,In favour,In favour,In favour,In favour,In favour,In favour,Absent,Taxes & spending,,,,https://pub-portcoquitlam.escribemeetings.com/Meeting.aspx?Id=acbb9074-f6b2-4881-a549-54be740827c1&Agenda=PostMinutes&lang=English,,https://councilrecord.ca/portcoquitlam.html#vote/umtm9m,That Committee of Council support the proposed updates to the Fees and Charges Bylaw (2023) and that a new bylaw be prepared for 2025 and sent to Council for first three readings.
2024-10-01,Committee of Council Meeting,5.2,2025 Permissive Tax Exemptions,Main motion,Carried,6,0,1,,,In favour,In favour,In favour,In favour,In favour,In favour,Absent,Taxes & spending; Environment & climate; Neighbourhood character; Public services,,,,https://pub-portcoquitlam.escribemeetings.com/Meeting.aspx?Id=acbb9074-f6b2-4881-a549-54be740827c1&Agenda=PostMinutes&lang=English,,https://councilrecord.ca/portcoquitlam.html#vote/itk0ko,"That Committee of Council recommend to Council that : t h e Hyde Creek Watershed Society, Kinsmen Club of Port Coquitlam, and Port Coquitlam Heritage and Cultural Society be approved for a permissive tax exemption for a period of 5 years, 2025-2029; and p reviously approved permissive property tax exemptions continue for the 2025 taxation year ."
2024-10-01,Committee of Council Meeting,5.3,2026 Capital Methodology and Funding Approvals,Main motion,Carried,6,0,1,,,In favour,In favour,In favour,In favour,In favour,In favour,Absent,Taxes & spending; Public services,,,,https://pub-portcoquitlam.escribemeetings.com/Meeting.aspx?Id=acbb9074-f6b2-4881-a549-54be740827c1&Agenda=PostMinutes&lang=English,,https://councilrecord.ca/portcoquitlam.html#vote/wk6khq,"That Committee of Council: approve reallocating a portion of the LTR (approximately $4.45M general, $892K water, $669K sanitary ) in 2026 to the respective capital reserves for funding the capital plan, and support the 2026 capital plan be prepared consistent with the 201 7 -2025 capital plans, utilizing the three project categories of N eighbourhood R ehabilitation, O ther R ehabilitation and N ew."
2024-10-08,Council Meeting,7.1,Permissive Tax Exemption Bylaw - First Three Readings,Main motion,Carried,5,0,2,,,Absent,In favour,In favour,In favour,In favour,In favour,Absent,Taxes & spending,,,,https://pub-portcoquitlam.escribemeetings.com/Meeting.aspx?Id=1f8a6c4c-0eab-4a7f-855d-5460fdc7932f&Agenda=PostMinutes&lang=English,,https://councilrecord.ca/portcoquitlam.html#vote/toa2if,"That Council give first three readings to “Permissive Tax Exemption Bylaw, 2024, No. 4387”."
2024-10-08,Council Meeting,7.2,2025 Fees and Charges Bylaw - First Three Readings,Main motion,Carried,5,0,2,,,Absent,In favour,In favour,In favour,In favour,In favour,Absent,Taxes & spending,,,,https://pub-portcoquitlam.escribemeetings.com/Meeting.aspx?Id=1f8a6c4c-0eab-4a7f-855d-5460fdc7932f&Agenda=PostMinutes&lang=English,,https://councilrecord.ca/portcoquitlam.html#vote/bmenmk,"That Council give first three readings to “Fees and Charges Bylaw, 2024, No. 4390”."
2024-10-08,Council Meeting,7.3,Parking and Development Management Amendment Bylaw - Adoption,Main motion,Carried,5,0,2,,,Absent,In favour,In favour,In favour,In favour,In favour,Absent,Transportation,,,,https://pub-portcoquitlam.escribemeetings.com/Meeting.aspx?Id=1f8a6c4c-0eab-4a7f-855d-5460fdc7932f&Agenda=PostMinutes&lang=English,,https://councilrecord.ca/portcoquitlam.html#vote/sits4m,"That Council adopt “Parking and Development Management Bylaw, 2018, No. 4078, Amendment Bylaw, 2024, No. 4389”."
2024-10-08,Council Meeting,8.1,Disaster Resilience and Innovation Funding,Main motion,Carried,5,0,2,,,Absent,In favour,In favour,In favour,In favour,In favour,Absent,Taxes & spending; Environment & climate; Public services,,,,https://pub-portcoquitlam.escribemeetings.com/Meeting.aspx?Id=1f8a6c4c-0eab-4a7f-855d-5460fdc7932f&Agenda=PostMinutes&lang=English,,https://councilrecord.ca/portcoquitlam.html#vote/1g892n2,"That Council confirm support and provide overall grant management in the amount of $5,000,000 for the Maple Creek Drainage Pump Station project from the Ministry of Emergency Management and Climate Readiness Disaster Resilience & Innovation Funding program."
2024-10-08,Council Meeting,8.2,UBCM Disaster Risk Reduction - Climate Adaptation Fund,Main motion,Carried,5,0,2,,,Absent,In favour,In favour,In favour,In favour,In favour,Absent,Taxes & spending; Environment & climate; Public services; Governance & elections,,,,https://pub-portcoquitlam.escribemeetings.com/Meeting.aspx?Id=1f8a6c4c-0eab-4a7f-855d-5460fdc7932f&Agenda=PostMinutes&lang=English,,https://councilrecord.ca/portcoquitlam.html#vote/e9j0ip,"That Council confirm support and provide overall grant management in the amount of $5,000,000 for the Maple Creek Drainage Pump Station project from the Union of BC Municipalities Disaster Risk Reduction-Climate Adaptation Fund."
2024-10-08,Committee of Council Meeting,4.2,South Port Coquitlam Draft Integrated Watershed Management Plan,Main motion,Carried,5,0,2,,,Absent,In favour,In favour,In favour,In favour,In favour,Absent,Public services,,,,https://pub-portcoquitlam.escribemeetings.com/Meeting.aspx?Id=4ad3a70c-b9ec-4dd4-8f73-9e1fe36573d3&Agenda=PostMinutes&lang=English,,https://councilrecord.ca/portcoquitlam.html#vote/udcx8s,That Committee of Council provide feedback on the South Port Coquitlam Draft Integrated Watershed Management Plan and authorize staff to solicit public input on the plan.
2024-10-22,Committee of Council Meeting,4.1,Resolution to Close,Main motion,Carried,7,0,0,,,In favour,In favour,In favour,In favour,In favour,In favour,In favour,Governance & elections,,,,https://pub-portcoquitlam.escribemeetings.com/Meeting.aspx?Id=12dd5b8c-771b-4619-bfbf-96302bcc9096&Agenda=PostMinutes&lang=English,,https://councilrecord.ca/portcoquitlam.html#vote/ykawat,"MOTION TO RECONVENE: That the October 22, 2024, Committee of Council meeting be reconvened. (3:10 p.m.)"
2024-10-22,Committee of Council Meeting,5.1,Asset Management Plans - Final Reports,Main motion,Carried,7,0,0,,,In favour,In favour,In favour,In favour,In favour,In favour,In favour,Taxes & spending,,,,https://pub-portcoquitlam.escribemeetings.com/Meeting.aspx?Id=12dd5b8c-771b-4619-bfbf-96302bcc9096&Agenda=PostMinutes&lang=English,,https://councilrecord.ca/portcoquitlam.html#vote/nihdlb,MOTION TO RECESS: That the Committee of Council meeting be recessed. (3:23 p.m.)
2024-10-22,Committee of Council Meeting,5.1,Asset Management Plans - Final Reports,Main motion,Carried,7,0,0,,,In favour,In favour,In favour,In favour,In favour,In favour,In favour,Taxes & spending,,,,https://pub-portcoquitlam.escribemeetings.com/Meeting.aspx?Id=12dd5b8c-771b-4619-bfbf-96302bcc9096&Agenda=PostMinutes&lang=English,,https://councilrecord.ca/portcoquitlam.html#vote/ph8wxl,MOTION TO RECONVENE: That the Committee of Council meeting be reconvened. (3:23 p.m.)
2024-10-22,Council Meeting,8.1,Fees and Charges Bylaw - Adoption,Main motion,Carried,7,0,0,,,In favour,In favour,In favour,In favour,In favour,In favour,In favour,Taxes & spending,,,,https://pub-portcoquitlam.escribemeetings.com/Meeting.aspx?Id=e0ec451d-f426-4c5c-9786-5d69673663cf&Agenda=PostMinutes&lang=English,,https://councilrecord.ca/portcoquitlam.html#vote/tuhpc3,"That Council adopt “Fees and Charges Bylaw, 2024, No. 4390”."
2024-10-22,Council Meeting,8.2,Permissive Tax Exemption Bylaw - Adoption,Main motion,Carried,7,0,0,,,In favour,In favour,In favour,In favour,In favour,In favour,In favour,Taxes & spending,,,,https://pub-portcoquitlam.escribemeetings.com/Meeting.aspx?Id=e0ec451d-f426-4c5c-9786-5d69673663cf&Agenda=PostMinutes&lang=English,,https://councilrecord.ca/portcoquitlam.html#vote/1fpneyp,"That Council adopt “Permissive Tax Exemption Bylaw, 2024, No. 4387”."
2024-11-12,Committee of Council Meeting,5.1,"Rezoning Application Extension for 1759, 1771, 1775, 1781 Prairie Avenue",Main motion,Carried,7,0,0,,,In favour,In favour,In favour,In favour,In favour,In favour,In favour,Housing & density; Development,,,,https://pub-portcoquitlam.escribemeetings.com/Meeting.aspx?Id=292f2885-8891-439d-a3d1-ad63c0777f5c&Agenda=PostMinutes&lang=English,,https://councilrecord.ca/portcoquitlam.html#vote/u4u13u,"That Committee of Council extend the date of expiry for adoption of Zoning Bylaw, 2008, No. 3630, Amendment Bylaw, 2022, No. 4286 to December 6, 2025."
2024-11-12,Committee of Council Meeting,6.1,Resolution to Close,Main motion,Carried,7,0,0,,,In favour,In favour,In favour,In favour,In favour,In favour,In favour,Governance & elections,,,,https://pub-portcoquitlam.escribemeetings.com/Meeting.aspx?Id=292f2885-8891-439d-a3d1-ad63c0777f5c&Agenda=PostMinutes&lang=English,,https://councilrecord.ca/portcoquitlam.html#vote/q177gt,"MOTION TO RECONVENE: That the November 12, 2024, Committee of Council meeting be reconvened. (4:49 p.m.)."
2024-11-19,Committee of Council Meeting,4.2,Official Community Plan Update - Scope and Timing,Main motion,Carried,7,0,0,,,In favour,In favour,In favour,In favour,In favour,In favour,In favour,Housing & density; Development,,,,https://pub-portcoquitlam.escribemeetings.com/Meeting.aspx?Id=470f9444-1fb7-4378-bb2e-06ec0944c25d&Agenda=PostMinutes&lang=English,,https://councilrecord.ca/portcoquitlam.html#vote/1904a1,"That Committee of Council support the proposed scope of work and timeline to update the Official Community Plan, as described in the report dated November 19, 2024."
2024-12-03,Committee of Council Meeting,9,Cao Update,Main motion,Carried,7,0,0,,,In favour,In favour,In favour,In favour,In favour,In favour,In favour,Other,1 of 2,,,https://pub-portcoquitlam.escribemeetings.com/Meeting.aspx?Id=5e192469-b81a-4bab-bbbb-3544152e764d&Agenda=PostMinutes&lang=English,,https://councilrecord.ca/portcoquitlam.html#vote/1k0e9ri,MOTION TO RECESS: Moved-Seconded: That the Committee of Council meeting be recessed. (2:26 p.m.)
2024-12-03,Committee of Council Meeting,9,Cao Update,Main motion,Carried,7,0,0,,,In favour,In favour,In favour,In favour,In favour,In favour,In favour,Other,2 of 2,,,https://pub-portcoquitlam.escribemeetings.com/Meeting.aspx?Id=5e192469-b81a-4bab-bbbb-3544152e764d&Agenda=PostMinutes&lang=English,,https://councilrecord.ca/portcoquitlam.html#vote/ky28ai,MOTION TO RECONVENE: Moved-Seconded: That the Committee of Council meeting be reconvened. (5:34 p.m.)
2024-12-12,Special Council Meeting,5.1,2025 Council Meeting Schedule,Main motion,Carried,6,0,1,,,In favour,Absent,In favour,In favour,In favour,In favour,In favour,Governance & elections,,,,https://pub-portcoquitlam.escribemeetings.com/Meeting.aspx?Id=d65252cf-323c-4dcc-ae34-5fbd035d8adc&Agenda=PostMinutes&lang=English,,https://councilrecord.ca/portcoquitlam.html#vote/1b6pjbr,That Council approve the 2025 Council Meeting Schedule.
2024-12-12,Special Council Meeting,5.2,2025 Acting Mayor Schedule,Main motion,Carried,6,0,1,,,In favour,Absent,In favour,In favour,In favour,In favour,In favour,Governance & elections,,,,https://pub-portcoquitlam.escribemeetings.com/Meeting.aspx?Id=d65252cf-323c-4dcc-ae34-5fbd035d8adc&Agenda=PostMinutes&lang=English,,https://councilrecord.ca/portcoquitlam.html#vote/zj2425,That Council adopt the 2025 Acting Mayor Schedule.
2024-12-12,Special Council Meeting,5.3,2025 Council Appointments,Main motion,Carried,6,0,1,,,In favour,Absent,In favour,In favour,In favour,In favour,In favour,Governance & elections,,,,https://pub-portcoquitlam.escribemeetings.com/Meeting.aspx?Id=d65252cf-323c-4dcc-ae34-5fbd035d8adc&Agenda=PostMinutes&lang=English,,https://councilrecord.ca/portcoquitlam.html#vote/mkc66o,"That Council approve the 2025 Council Appointments to internal and external Committees, Commissions, Boards and Task Forces."
2024-12-17,Special Committee of Council,4.1,Housing Needs Report (2024),Main motion,Carried,7,0,0,,,In favour,In favour,In favour,In favour,In favour,In favour,In favour,Housing & density,,,,https://pub-portcoquitlam.escribemeetings.com/Meeting.aspx?Id=02a819e0-f52e-490d-a46f-6e5320685688&Agenda=PostMinutes&lang=English,,https://councilrecord.ca/portcoquitlam.html#vote/1t0tgfe,That Committee of Council receive the 2024 Housing Needs Report.
2024-12-17,Special Committee of Council,4.2,2025 Operating and Capital Budget Presentation and Decision,Main motion,Carried,7,0,0,,,In favour,In favour,In favour,In favour,In favour,In favour,In favour,Taxes & spending,1 of 9,,,https://pub-portcoquitlam.escribemeetings.com/Meeting.aspx?Id=02a819e0-f52e-490d-a46f-6e5320685688&Agenda=PostMinutes&lang=English,,https://councilrecord.ca/portcoquitlam.html#vote/4r7sq3,That Committee of Council authorize staff to issue the 2025 Draft Operating Budget for public consultation.
2024-12-17,Special Committee of Council,4.2,2025 Operating and Capital Budget Presentation and Decision,Main motion,Carried,6,0,1,,,In favour,Absent,In favour,In favour,In favour,In favour,In favour,Taxes & spending; Parks & recreation; Public services,2 of 9,,,https://pub-portcoquitlam.escribemeetings.com/Meeting.aspx?Id=02a819e0-f52e-490d-a46f-6e5320685688&Agenda=PostMinutes&lang=English,,https://councilrecord.ca/portcoquitlam.html#vote/3k9s95,"2025 Additions Councillor Darling left the meeting at 1:25 p.m. Moved-Seconded: That Committee of Council approve the Additions totaling $3,063,800 in 2025 as follows: Dog Park Addition - $135,000 Elks Park Playground Addition - $240,000 Fleet Replacement (2025) - Sports Field Mower - $230,000 Fleet Replacement (2025) - Toolcat - $100,000 Flood Protection Program - $250,000 Hydraulic Model OCP Updates - $900,000 Hydro Box Wrap Project - $50,000 Invasive Plant Removal & Remediation - $60,000 Park Lighting - $191,300 PFAS - Free Gear - $100,000 Rain Barrel Program - $2,500 Streetlight Expansion - $20,000 Traffic Calming - $15,000 Tyner St Sanitary Upgrades - $770,000"
2024-12-17,Special Committee of Council,4.2,2025 Operating and Capital Budget Presentation and Decision,Main motion,Carried,7,0,0,,,In favour,In favour,In favour,In favour,In favour,In favour,In favour,Taxes & spending,3 of 9,,,https://pub-portcoquitlam.escribemeetings.com/Meeting.aspx?Id=02a819e0-f52e-490d-a46f-6e5320685688&Agenda=PostMinutes&lang=English,,https://councilrecord.ca/portcoquitlam.html#vote/1rvgvr6,"Councillor Darling rejoined the meeting at 1:27 p.m. 2025 Amendments Moved-Seconded: That Committee of Council approve the Amendments totaling ($1,954,100) in 2025 as follows: Blue Heron Crescent - N Leg To S Leg - ($970,000) Cedar Drainage Pump Station - $500,000 Hamilton St - Cedar Dr To Chelsea Ave - ($1,185,000) Kingsway Ave Construction (2022-2026) - ($1,470,000) Kingsway/Westwood Whistle Cessation - ($50,000) Mars St - Victoria Dr To Huber Dr - ($545,000) Newberry St - N End To Prairie Ave - ($760,000) Public Safety Building Upgrades - $167,400 Toronto St - Oriole Ave To Prairie Ave - ($310,000) Veterans Park & Leigh Square - $2,661,000 Water Blow-Off Valve Replacements (2023-2026) - $7,500"
2024-12-17,Special Committee of Council,4.2,2025 Operating and Capital Budget Presentation and Decision,Main motion,Carried,7,0,0,,,In favour,In favour,In favour,In favour,In favour,In favour,In favour,Taxes & spending,4 of 9,,,https://pub-portcoquitlam.escribemeetings.com/Meeting.aspx?Id=02a819e0-f52e-490d-a46f-6e5320685688&Agenda=PostMinutes&lang=English,,https://councilrecord.ca/portcoquitlam.html#vote/1lmgwp4,"2026 Neighbourhood Rehabilitation Moved-Seconded: That Committee of Council approve the Neighbourhood Rehabilitation totaling $22,975,000 in 2026: 2027 Neighbourhood Rehab - Detailed Design - $1,000,000 Blue Heron Crescent - N Leg to S Leg - $970,000 Cedar Drainage Pump Station - $10,000,000 Hamilton St - Cedar Dr To Chelsea Ave - $1,185,000 Kingsway Ave Construction (2022-2026) - $6,490,000 Mars St - Victoria Dr to Huber Dr - $545,000 Newberry St - N End to Prairie Ave - $760,000 Prairie Ave - Shaughnessy St To Coast Meridian Rd - $100,000 Toronto St - Oriole Ave To Prairie Ave - $310,000 Water Blow-Off Valve Replacements (2023-2026) - $115,000 Wilson Ave/Gates Park Drainage - $1,500,000"
2024-12-17,Special Committee of Council,4.2,2025 Operating and Capital Budget Presentation and Decision,Main motion,Carried,7,0,0,,,In favour,In favour,In favour,In favour,In favour,In favour,In favour,Taxes & spending,5 of 9,,,https://pub-portcoquitlam.escribemeetings.com/Meeting.aspx?Id=02a819e0-f52e-490d-a46f-6e5320685688&Agenda=PostMinutes&lang=English,,https://councilrecord.ca/portcoquitlam.html#vote/6o0dck,"2026 Other Rehabilitation Projects Moved-Seconded: That Committee of Council approve the Other Rehabilitation Projects totaling $1,264,200 in 2026: City Hall Building Envelope - $360,000 Fleet Replacement (2026) - Operations Trailer - $30,000 Fleet Replacement (2026) - Parks Trailer - $30,000 Fleet Replacement (2026) - Small Equipment - $55,000 PoCo Trail Resurfacing - $41,000 Public Safety Building Upgrades - $414,200 Solid Waste Carts & Locks - $250,000 Traffic Signal Relamping - (2024-2028) - $84,000"
2024-12-17,Special Committee of Council,4.2,2025 Operating and Capital Budget Presentation and Decision,Main motion,Carried,7,0,0,,,In favour,In favour,In favour,In favour,In favour,In favour,In favour,Taxes & spending,6 of 9,,,https://pub-portcoquitlam.escribemeetings.com/Meeting.aspx?Id=02a819e0-f52e-490d-a46f-6e5320685688&Agenda=PostMinutes&lang=English,,https://councilrecord.ca/portcoquitlam.html#vote/vycvto,"Amendment Moved-Seconded: That the Street Banners project totaling $37,500, be deferred to a future budget."
2024-12-17,Special Committee of Council,4.2,2025 Operating and Capital Budget Presentation and Decision,Main motion,Carried,7,0,0,,,In favour,In favour,In favour,In favour,In favour,In favour,In favour,Taxes & spending,7 of 9,,,https://pub-portcoquitlam.escribemeetings.com/Meeting.aspx?Id=02a819e0-f52e-490d-a46f-6e5320685688&Agenda=PostMinutes&lang=English,,https://councilrecord.ca/portcoquitlam.html#vote/i0siay,"Amendment 2 Moved-Seconded: That Committee of Council approve that the Street Lighting Expansion Program remain on the list 2026 New Project, but that staff return with a report on the full program."
2024-12-17,Special Committee of Council,4.2,2025 Operating and Capital Budget Presentation and Decision,Main motion,Carried,7,0,0,,,In favour,In favour,In favour,In favour,In favour,In favour,In favour,Taxes & spending,8 of 9,,,https://pub-portcoquitlam.escribemeetings.com/Meeting.aspx?Id=02a819e0-f52e-490d-a46f-6e5320685688&Agenda=PostMinutes&lang=English,,https://councilrecord.ca/portcoquitlam.html#vote/1kpyu10,"Amended Motion Moved-Seconded: That Committee of Council approve the New Projects totaling $1,699,500 in 2026: Development Infrastructure Gaps - $200,000 Irrigation Expansion (2024-2026) - $30,000 IS Hardware Replacement (2026) - $272,000 North PoCo Integrated Watershed Management Plan (IWMP) - $300,000 PFAS-Free Gear - $150,000 Rain Barrel Program - $2,500 Records & Document Management System - $100,000 Remote Controlled Electric Grass Mower - $55,000 Sidewalks & Pedestrian Safety - $150,000 Streetlight Expansion - $200,000 Traffic Calming - $160,000 Transit Shelters - $50,000 Tree Sale Pilot Program - $30,000"
2024-12-17,Special Committee of Council,4.2,2025 Operating and Capital Budget Presentation and Decision,Main motion,Carried,7,0,0,,,In favour,In favour,In favour,In favour,In favour,In favour,In favour,Taxes & spending,9 of 9,,,https://pub-portcoquitlam.escribemeetings.com/Meeting.aspx?Id=02a819e0-f52e-490d-a46f-6e5320685688&Agenda=PostMinutes&lang=English,,https://councilrecord.ca/portcoquitlam.html#vote/np7193,Subsequent Motion Moved-Seconded: That staff provide a report on all the Non-Neighbourhood Rehabilitation programs in the Capital Plan and provide a workshop on those items.
2025-01-14,Committee of Council Meeting,4.1,Rezoning Application for 3630 and 3638 Westwood Street and 2803 Anson Avenue,Main motion,Carried,5,0,2,,,In favour,In favour,In favour,In favour,Absent,In favour,Absent,Housing & density; Development,,,,https://pub-portcoquitlam.escribemeetings.com/Meeting.aspx?Id=e0bcbeb6-ee64-4f88-9213-5981b48d6b3f&Agenda=PostMinutes&lang=English,,https://councilrecord.ca/portcoquitlam.html#vote/1csmegh,"That Committee of Council: Direct Staff to bring forward an amendment to the Zoning Bylaw to amend Comprehensive Development Zone 40 which includes the following provisions: A maximum floor area ratio of 7.03 for Lot 1; A maximum building height of 100m for Lot 1; A minimum indoor amenity space of 367m 2 for Lot 1; A minimum outdoor amenity space of 1637m 2 for Lot 1; and Remove parking and density bonus regulations. Direct Staff to bring forward a new Housing Agreement Bylaw to replace Housing Agreement Bylaw, 2023, No. 4311 which increases the number of secure rental and non-market rental housing units. Recommend to Council that prior to adoption of the zoning amendment bylaw the following conditions be met to the satisfaction of the Director of Development Services: Adoption of the new Housing Agreement Bylaw and registration of the associated S.219 Covenant on the property title; Submission of a contribution to the area capital transportation and infrastructure projects; and Submission of a density bonus contribution."
2025-01-14,Committee of Council Meeting,4.2,2025 Council Meeting Schedule,Main motion,Carried,5,0,2,,,In favour,In favour,In favour,In favour,Absent,In favour,Absent,Governance & elections,,,,https://pub-portcoquitlam.escribemeetings.com/Meeting.aspx?Id=e0bcbeb6-ee64-4f88-9213-5981b48d6b3f&Agenda=PostMinutes&lang=English,,https://councilrecord.ca/portcoquitlam.html#vote/zc5d1j,That Committee of Council approve the final 2025 Council meeting schedule.
2025-01-21,Committee of Council Meeting,4.1,2024 KPMG Audit Planning Report,Main motion,Carried,6,0,1,,,In favour,In favour,In favour,Absent,In favour,In favour,In favour,Taxes & spending,,,,https://pub-portcoquitlam.escribemeetings.com/Meeting.aspx?Id=22c19e65-7092-447a-ace3-a1c20b26d028&Agenda=PostMinutes&lang=English,,https://councilrecord.ca/portcoquitlam.html#vote/12nlv66,That Committee of Council accept KPMG’s Audit Planning Report for the 2024 financial statement audit.
2025-01-28,Committee of Council Meeting,4.1,2025 Water and Sewer Amendment Bylaws,Referral,Carried,6,0,1,,,In favour,In favour,In favour,Absent,In favour,In favour,In favour,Public services,,,,https://pub-portcoquitlam.escribemeetings.com/Meeting.aspx?Id=08982e8d-8068-474d-a7a3-8f33ecf43c9f&Agenda=PostMinutes&lang=English,,https://councilrecord.ca/portcoquitlam.html#vote/1647yih,"That Committee of Council support the Water and Sewer Utility rate increases averaging 7.18% and 30.98% respectively, and the applicable Bylaws be referred to Council."
2025-01-28,Committee of Council Meeting,4.2,Amendments to the 2024-2028 Financial Plan Bylaw and Community Amenities Reserve Fund Bylaw,Main motion,Carried,6,0,1,,,In favour,In favour,In favour,Absent,In favour,In favour,In favour,Taxes & spending,,,,https://pub-portcoquitlam.escribemeetings.com/Meeting.aspx?Id=08982e8d-8068-474d-a7a3-8f33ecf43c9f&Agenda=PostMinutes&lang=English,,https://councilrecord.ca/portcoquitlam.html#vote/14r1cv,"That: “ 2024-2028 Financial Plan Bylaw, 2024, No. 4365 , Amendment Bylaw, 202 5 , No. 4388 ” be considered and forwarded to Council for approval; and “Community Amenities Reserve Fund Bylaw, 2009, No. 3682, Amendment Bylaw, 2025, No. 4397” be considered and forwarded to Council for approval."
2025-01-28,Committee of Council Meeting,4.3,Temporary Use Permit Application for 1467 Mustang Place,Main motion,Carried,6,0,1,,,In favour,In favour,In favour,Absent,In favour,In favour,In favour,Development,,,,https://pub-portcoquitlam.escribemeetings.com/Meeting.aspx?Id=08982e8d-8068-474d-a7a3-8f33ecf43c9f&Agenda=PostMinutes&lang=English,,https://councilrecord.ca/portcoquitlam.html#vote/10x77nv,That Committee of Council: Authorize staff to provide notice of Temporary Use Permit TU000026 at 1467 Mustang Place; and Recommend Council support the proposal subject to public input.
2025-01-28,Council Meeting,7.1,Housing Agreement Bylaw for 3630 Westwood Street - First Three Readings,Main motion,Carried,5,0,2,,,In favour,In favour,Absent,Absent,In favour,In favour,In favour,Housing & density,,,,https://pub-portcoquitlam.escribemeetings.com/Meeting.aspx?Id=63843383-8648-458b-9f2c-1a6195cad8a3&Agenda=PostMinutes&lang=English,,https://councilrecord.ca/portcoquitlam.html#vote/10askv,"That the “Housing Agreement Bylaw for 3630 Westwood Street, 2025, No. 4393” be given first three readings."
2025-01-28,Council Meeting,7.2,Zoning Amendment Bylaw for 3630 and 3638 Westwood Street and 2803 Anson Avenue - First Three Readings,Main motion,Carried,5,0,2,,,In favour,In favour,Absent,Absent,In favour,In favour,In favour,Development,,,,https://pub-portcoquitlam.escribemeetings.com/Meeting.aspx?Id=63843383-8648-458b-9f2c-1a6195cad8a3&Agenda=PostMinutes&lang=English,,https://councilrecord.ca/portcoquitlam.html#vote/13nk0ae,"That: “Zoning Bylaw, 2008, No. 3630, Amendment Bylaw, 2025, No. 4394” be given first three readings; Prior to adoption of the Zoning Amendment bylaw, the following conditions be met to the satisfaction of the Director of Development Services: Adoption of the Housing Agreement Bylaw, 2025, No.4393 and registration of the associated S.219 Covenant on the property title; Submission of a contribution to the area capital transportation and infrastructure projects; and Submission of a density bonus contribution."
2025-01-28,Council Meeting,7.3,2025 Sewer and Waterworks Regulation Amendment Bylaws - First Three Readings,Main motion,Carried,5,0,2,,,In favour,In favour,Absent,Absent,In favour,In favour,In favour,Public services,,,,https://pub-portcoquitlam.escribemeetings.com/Meeting.aspx?Id=63843383-8648-458b-9f2c-1a6195cad8a3&Agenda=PostMinutes&lang=English,,https://councilrecord.ca/portcoquitlam.html#vote/2jvqvi,That: Sewer Regulation Amendment Bylaw No. 4 391 be given first three readings; and Water works Regulation Amendment Bylaw No. 4 392 be given first three readings.
2025-01-28,Council Meeting,7.4,2024-2028 Financial Plan Amendment Bylaw - First Three Readings,Main motion,Carried,5,0,2,,,In favour,In favour,Absent,Absent,In favour,In favour,In favour,Taxes & spending,,,,https://pub-portcoquitlam.escribemeetings.com/Meeting.aspx?Id=63843383-8648-458b-9f2c-1a6195cad8a3&Agenda=PostMinutes&lang=English,,https://councilrecord.ca/portcoquitlam.html#vote/1mea0bq,"That Council give first three readings to “2024-2028 Financial Plan Bylaw, 2024, No. 4365, Amendment Bylaw, 2025, No. 4388”."
2025-01-28,Council Meeting,7.5,Community Amenities Reserve Fund Amendment Bylaw - First Three Readings,Main motion,Carried,5,0,2,,,In favour,In favour,Absent,Absent,In favour,In favour,In favour,Taxes & spending,,,,https://pub-portcoquitlam.escribemeetings.com/Meeting.aspx?Id=63843383-8648-458b-9f2c-1a6195cad8a3&Agenda=PostMinutes&lang=English,,https://councilrecord.ca/portcoquitlam.html#vote/8uic6u,"That Council give first three readings to “Community Amenities Reserve Fund Bylaw, 2009, No. 3682, Amendment Bylaw, 2025, No. 4397”."
2025-02-11,Committee of Council Meeting,4.3,Rezoning Application Extension for 1727 Prairie Avenue,Main motion,Carried,6,0,1,,,Absent,In favour,In favour,In favour,In favour,In favour,In favour,Housing & density; Development,,,,https://pub-portcoquitlam.escribemeetings.com/Meeting.aspx?Id=7d81c86e-f9b3-43f3-b06c-e47aa21d3459&Agenda=PostMinutes&lang=English,,https://councilrecord.ca/portcoquitlam.html#vote/1p0qfto,"That Committee of Council extend the date of expiry for adoption of “Zoning Bylaw, 2008, No. 3630, Amendment Bylaw, 2022, No. 4290” to December 13, 2025."
2025-02-11,Committee of Council Meeting,4.4,Fire and Emergency Services Bylaw,Referral,Carried,6,0,1,,,Absent,In favour,In favour,In favour,In favour,In favour,In favour,Public services,,,,https://pub-portcoquitlam.escribemeetings.com/Meeting.aspx?Id=7d81c86e-f9b3-43f3-b06c-e47aa21d3459&Agenda=PostMinutes&lang=English,,https://councilrecord.ca/portcoquitlam.html#vote/zve1lh,"That “Fire and Emergency Services Bylaw No. 4395” be referred to Council for approval, along with any necessary amendments to accompanying bylaws."
2025-02-11,Council Meeting,5,Delegations,Main motion,Carried,6,0,1,,,Absent,In favour,In favour,In favour,In favour,In favour,In favour,Governance & elections,,,,https://pub-portcoquitlam.escribemeetings.com/Meeting.aspx?Id=7dee2b5f-4527-44a2-823f-359933b27409&Agenda=PostMinutes&lang=English,,https://councilrecord.ca/portcoquitlam.html#vote/1h8dqhd,MOTION TO RECESS FOR PUBLIC INPUT OPPORTUNITY Moved-Seconded: That the Council meeting be recessed. (5:09 p.m.)
2025-02-11,Council Meeting,6.1,Temporary Use Permit for 1467 Mustang Place,Main motion,Carried,6,0,1,,,Absent,In favour,In favour,In favour,In favour,In favour,In favour,Development,1 of 2,,,https://pub-portcoquitlam.escribemeetings.com/Meeting.aspx?Id=7dee2b5f-4527-44a2-823f-359933b27409&Agenda=PostMinutes&lang=English,,https://councilrecord.ca/portcoquitlam.html#vote/1wj6alb,MOTION TO ADJOUN PUBLIC INPUT OPPORTUNITY Moved-Seconded: That the Public Input Opportunity be adjourned. (5:13 p.m.)
2025-02-11,Council Meeting,6.1,Temporary Use Permit for 1467 Mustang Place,Main motion,Carried,6,0,1,,,Absent,In favour,In favour,In favour,In favour,In favour,In favour,Development,2 of 2,,,https://pub-portcoquitlam.escribemeetings.com/Meeting.aspx?Id=7dee2b5f-4527-44a2-823f-359933b27409&Agenda=PostMinutes&lang=English,,https://councilrecord.ca/portcoquitlam.html#vote/c6qs3,MOTION TO RECONVENE COUNCIL Moved-Seconded: That the Council meeting be reconvened. (5:13 p.m.)
2025-02-11,Council Meeting,7.1,Housing Agreement Bylaw for 3630 Westwood Street - Adoption,Main motion,Carried,6,0,1,,,Absent,In favour,In favour,In favour,In favour,In favour,In favour,Housing & density,,,,https://pub-portcoquitlam.escribemeetings.com/Meeting.aspx?Id=7dee2b5f-4527-44a2-823f-359933b27409&Agenda=PostMinutes&lang=English,,https://councilrecord.ca/portcoquitlam.html#vote/8xsjgu,"That “Housing Agreement Bylaw for 3630 Westwood Street, 2025, No. 4393” be adopted."
2025-02-11,Council Meeting,7.2,Sewer Regulation and Waterworks Regulation Amendment Bylaws - Adoption,Main motion,Carried,6,0,1,,,Absent,In favour,In favour,In favour,In favour,In favour,In favour,Public services,,,,https://pub-portcoquitlam.escribemeetings.com/Meeting.aspx?Id=7dee2b5f-4527-44a2-823f-359933b27409&Agenda=PostMinutes&lang=English,,https://councilrecord.ca/portcoquitlam.html#vote/d1zkdq,"That: “Sewer Regulation Bylaw, 2016, No. 3936, Amendment Bylaw, 2025, No. 4391” be adopted; and “Waterworks Regulation Bylaw, 2016, No. 3935, Amendment Bylaw, 2025, No. 4392"" be adopted."
2025-02-11,Council Meeting,7.3,2024-2028 Financial Plan Amendment Bylaw - Adoption,Main motion,Carried,6,0,1,,,Absent,In favour,In favour,In favour,In favour,In favour,In favour,Taxes & spending,,,,https://pub-portcoquitlam.escribemeetings.com/Meeting.aspx?Id=7dee2b5f-4527-44a2-823f-359933b27409&Agenda=PostMinutes&lang=English,,https://councilrecord.ca/portcoquitlam.html#vote/1a610mr,"That “2024-2028 Financial Plan Bylaw, 2024, No. 4365, Amendment Bylaw, 2025, No. 4388” be adopted."
2025-02-11,Council Meeting,7.4,Community Amenities Contribution Reserve Fund Amendment Bylaw - Adoption,Main motion,Carried,6,0,1,,,Absent,In favour,In favour,In favour,In favour,In favour,In favour,Taxes & spending,,,,https://pub-portcoquitlam.escribemeetings.com/Meeting.aspx?Id=7dee2b5f-4527-44a2-823f-359933b27409&Agenda=PostMinutes&lang=English,,https://councilrecord.ca/portcoquitlam.html#vote/19traj6,"That “Community Amenities Contribution Reserve Fund Bylaw, 2009, No. 3682, Amendment Bylaw, 2025, No. 4397” be adopted."
2025-02-11,Council Meeting,8.1,Temporary Use Permit for 1467 Mustang Place - Issuance,Main motion,Carried,6,0,1,,,Absent,In favour,In favour,In favour,In favour,In favour,In favour,Development,,,,https://pub-portcoquitlam.escribemeetings.com/Meeting.aspx?Id=7dee2b5f-4527-44a2-823f-359933b27409&Agenda=PostMinutes&lang=English,,https://councilrecord.ca/portcoquitlam.html#vote/poqe2p,"That Temporary Use Permit No. TUP000026, for 1467 Mustang Place, be issued."
2025-02-18,Committee of Council Meeting,4.1,Development Variance Permit - 2472 Chilcott Ave,Main motion,Carried,6,0,1,,,In favour,In favour,In favour,In favour,In favour,In favour,Absent,Housing & density; Development,1 of 2,,,https://pub-portcoquitlam.escribemeetings.com/Meeting.aspx?Id=743338ad-604b-422a-b8ea-d34395936081&Agenda=PostMinutes&lang=English,,https://councilrecord.ca/portcoquitlam.html#vote/2ywmwl,That Committee of Council: Authorize staff to provide notice of an application to vary the Zoning Bylaw’s residential minimum lot frontage and floor area ratio regulations to allow for subdivision and development of three lots at 2472 Chilcott Avenue; and Advise Council that approval of Development Variance Permit DVP00103 is supported.
2025-02-18,Committee of Council Meeting,4.1,Development Variance Permit - 2472 Chilcott Ave,Main motion,Carried,6,0,1,,,In favour,In favour,In favour,In favour,In favour,In favour,Absent,Development,2 of 2,,,https://pub-portcoquitlam.escribemeetings.com/Meeting.aspx?Id=743338ad-604b-422a-b8ea-d34395936081&Agenda=PostMinutes&lang=English,,https://councilrecord.ca/portcoquitlam.html#vote/1fljsg3,Subsequent Motion Moved-Seconded: That Committee of Council direct staff to bring forward a report on lot access options at 2472 Chilcott Avenue.
2025-02-18,Committee of Council Meeting,4.2,Housing Target Progress Report (Six-Month Interim Period),Main motion,Carried,6,0,1,,,In favour,In favour,In favour,In favour,In favour,In favour,Absent,Housing & density,,,,https://pub-portcoquitlam.escribemeetings.com/Meeting.aspx?Id=743338ad-604b-422a-b8ea-d34395936081&Agenda=PostMinutes&lang=English,,https://councilrecord.ca/portcoquitlam.html#vote/1qw7w6n,That Committee of Council: Receive the Six-Month Interim Housing Target Progress Report as attached to this report; and Direct staff to submit the Progress Report to the Ministry of Housing as required by the Housing Supply Act.
2025-02-25,Committee of Council Meeting,4.1,South Port Coquitlam Integrated Watershed Management Plan - Final Report,Main motion,Carried,7,0,0,,,In favour,In favour,In favour,In favour,In favour,In favour,In favour,Taxes & spending; Public services,,,,https://pub-portcoquitlam.escribemeetings.com/Meeting.aspx?Id=b08a20a8-8027-410f-ba89-8d93cd5233f6&Agenda=PostMinutes&lang=English,,https://councilrecord.ca/portcoquitlam.html#vote/5v71un,That Committee of Council adopt the final report of the South Port Coquitlam Integrated Watershed Management Plan (IWMP) and refer recommendations in the plan to the City’s capital planning process.
2025-02-25,Council Meeting,7.1,Fire and Emergency Services Bylaw - First Three Readings,Main motion,Carried,7,0,0,,,In favour,In favour,In favour,In favour,In favour,In favour,In favour,Public services,,,,https://pub-portcoquitlam.escribemeetings.com/Meeting.aspx?Id=fdd1ce8c-eaf2-4064-9510-665bb0202145&Agenda=PostMinutes&lang=English,,https://councilrecord.ca/portcoquitlam.html#vote/1jmuuj1,"That “Fire and Emergency Services Bylaw, 2025, No. 4395”, be given first three readings."
2025-02-25,Council Meeting,7.2,Bylaw Notice Enforcement Amendment Bylaw - First Three Readings,Main motion,Carried,7,0,0,,,In favour,In favour,In favour,In favour,In favour,In favour,In favour,Other,,,,https://pub-portcoquitlam.escribemeetings.com/Meeting.aspx?Id=fdd1ce8c-eaf2-4064-9510-665bb0202145&Agenda=PostMinutes&lang=English,,https://councilrecord.ca/portcoquitlam.html#vote/akf0hm,"That “Bylaw Notice Enforcement Bylaw, 2013, No. 3814, Amendment Bylaw, 2025, No. 4398”, be given first three readings."
2025-02-25,Council Meeting,7.3,Ticket Information Utilization Amendment Bylaw - First Three Readings,Main motion,Carried,7,0,0,,,In favour,In favour,In favour,In favour,In favour,In favour,In favour,Other,,,,https://pub-portcoquitlam.escribemeetings.com/Meeting.aspx?Id=fdd1ce8c-eaf2-4064-9510-665bb0202145&Agenda=PostMinutes&lang=English,,https://councilrecord.ca/portcoquitlam.html#vote/1b6q6u1,"That “Ticket Information Utilization Bylaw, 1992, No. 2743, Amendment Bylaw, 2025, No. 4399”, be given first three readings."
2025-02-25,Council Meeting,7.4,Fees and Charges Amendment Bylaw - First Three Readings,Main motion,Carried,7,0,0,,,In favour,In favour,In favour,In favour,In favour,In favour,In favour,Taxes & spending,,,,https://pub-portcoquitlam.escribemeetings.com/Meeting.aspx?Id=fdd1ce8c-eaf2-4064-9510-665bb0202145&Agenda=PostMinutes&lang=English,,https://councilrecord.ca/portcoquitlam.html#vote/1hst4sj,"That “Fees and Charges Bylaw, 2024, No. 4390, Amendment Bylaw, 2025, No. 4400”, be given first three readings."
2025-03-11,Council Meeting,7.1,Fire and Emergency Services Bylaw - Adoption,Main motion,Carried,6,0,1,,,In favour,In favour,In favour,In favour,In favour,In favour,Absent,Public services,,,,https://pub-portcoquitlam.escribemeetings.com/Meeting.aspx?Id=122ef9be-ef05-4a7c-a952-29071bb496e4&Agenda=PostMinutes&lang=English,,https://councilrecord.ca/portcoquitlam.html#vote/1ubdqn8,"That “Fire and Emergency Services Bylaw, 2025, No. 4395”, be adopted."
2025-03-11,Council Meeting,7.2,Bylaw Notice Enforcement Amendment Bylaw - Adoption,Main motion,Carried,6,0,1,,,In favour,In favour,In favour,In favour,In favour,In favour,Absent,Other,,,,https://pub-portcoquitlam.escribemeetings.com/Meeting.aspx?Id=122ef9be-ef05-4a7c-a952-29071bb496e4&Agenda=PostMinutes&lang=English,,https://councilrecord.ca/portcoquitlam.html#vote/1v1yt2w,"That “Bylaw Notice Enforcement Bylaw, 2013, No. 3814, Amendment Bylaw, 2025, No. 4398”, be adopted."
2025-03-11,Council Meeting,7.3,Ticket Information Utilization Amendment Bylaw - Adoption,Main motion,Carried,6,0,1,,,In favour,In favour,In favour,In favour,In favour,In favour,Absent,Other,,,,https://pub-portcoquitlam.escribemeetings.com/Meeting.aspx?Id=122ef9be-ef05-4a7c-a952-29071bb496e4&Agenda=PostMinutes&lang=English,,https://councilrecord.ca/portcoquitlam.html#vote/153jqwc,"That “Ticket Information Utilization Bylaw, 1992, No. 2743, Amendment Bylaw, 2025, No. 4399”, be adopted."
2025-03-11,Council Meeting,7.4,Fees and Charges Amendment Bylaw - Adoption,Main motion,Carried,6,0,1,,,In favour,In favour,In favour,In favour,In favour,In favour,Absent,Taxes & spending,,,,https://pub-portcoquitlam.escribemeetings.com/Meeting.aspx?Id=122ef9be-ef05-4a7c-a952-29071bb496e4&Agenda=PostMinutes&lang=English,,https://councilrecord.ca/portcoquitlam.html#vote/1ckczyl,"That “Fees and Charges Bylaw, 2024, No. 4390, Amendment Bylaw, 2025, No. 4400”, be adopted."
2025-03-11,Council Meeting,7.5,Zoning Amendment Bylaw for 3630 and 3638 Westwood Street and 2803 Anson Avenue - Adoption,Main motion,Carried,6,0,1,,,In favour,In favour,In favour,In favour,In favour,In favour,Absent,Development,,,,https://pub-portcoquitlam.escribemeetings.com/Meeting.aspx?Id=122ef9be-ef05-4a7c-a952-29071bb496e4&Agenda=PostMinutes&lang=English,,https://councilrecord.ca/portcoquitlam.html#vote/10xu3y2,"That “Zoning Bylaw, 2008, No. 3630, Amendment Bylaw, 2025, No. 4394”, be adopted for 3630 and 3638 Westwood Street and 2803 Anson Avenue."
2025-03-11,Council Meeting,8.1,Development Permit Amendment Application for 3638 Westwood Street and 2803 Anson Avenue,Main motion,Carried,6,0,1,,,In favour,In favour,In favour,In favour,In favour,In favour,Absent,Housing & density; Development,,,,https://pub-portcoquitlam.escribemeetings.com/Meeting.aspx?Id=122ef9be-ef05-4a7c-a952-29071bb496e4&Agenda=PostMinutes&lang=English,,https://councilrecord.ca/portcoquitlam.html#vote/7n6m80,"That Council approve an amendment to Development Permit DP000500, which will regulate the development of a 32-storey high-rise building and landscaping at 3638 Westwood Street and 2803 Anson Avenue."
2025-03-11,Council Meeting,8.2,Development Variance Permit for 2472 Chilcott Avenue - Further Information,Referral,Defeated,2,4,1,,,In favour,In favour,Against,Against,Against,Against,Absent,Development,,,,https://pub-portcoquitlam.escribemeetings.com/Meeting.aspx?Id=122ef9be-ef05-4a7c-a952-29071bb496e4&Agenda=PostMinutes&lang=English,,https://councilrecord.ca/portcoquitlam.html#vote/zaig4c,That the Development Variance Permit for 2472 Chilcott Avenue be referred back to staff for further consultation with the neighbours relating to access for Lot 3 of the subdivision and then a further report be brought forward to Council after that consultation.
2025-03-11,Council Meeting,8.3,Development Variance Permit for 2472 Chilcott Avenue - Issuance,Main motion,Carried,5,1,1,,,In favour,Against,In favour,In favour,In favour,In favour,Absent,Development,,,,https://pub-portcoquitlam.escribemeetings.com/Meeting.aspx?Id=122ef9be-ef05-4a7c-a952-29071bb496e4&Agenda=PostMinutes&lang=English,,https://councilrecord.ca/portcoquitlam.html#vote/ubcusn,"That Development Variance Permit DVP00103 for 2472 Chilcott Avenue, be issued."
2025-03-11,Committee of Council Meeting,4.1,2025 Budget Public Consultation Results,Main motion,Carried,6,0,1,,,In favour,In favour,In favour,In favour,In favour,In favour,Absent,Taxes & spending,,,,https://pub-portcoquitlam.escribemeetings.com/Meeting.aspx?Id=6fe30269-df4c-433b-8dc5-828e7834097f&Agenda=PostMinutes&lang=English,,https://councilrecord.ca/portcoquitlam.html#vote/tsd1sb,"That Committee of Council: Approve the capital plan presented on December 5 , 2024, as updated, for inclusion in the 202 5 -202 9 Financial Plan bylaw; Approve the operating budget as presented on December 1 7 , 2024 for inclusion in the 202 5 -202 9 Financial Plan Bylaw; and Direct staff to prepare the 202 5 -202 9 Financial Plan Bylaw, the Annual Tax Rates Bylaw and Solid Waste Amendment Bylaw for Council adoption."
2025-03-11,Committee of Council Meeting,4.2,Rezoning Application Extension for 4070 Sefton Street,Main motion,Carried,6,0,1,,,In favour,In favour,In favour,In favour,In favour,In favour,Absent,Housing & density; Development,,,,https://pub-portcoquitlam.escribemeetings.com/Meeting.aspx?Id=6fe30269-df4c-433b-8dc5-828e7834097f&Agenda=PostMinutes&lang=English,,https://councilrecord.ca/portcoquitlam.html#vote/5o1218,"That Committee of Council extend the date of expiry for adoption of “Zoning Bylaw, 2008, No. 3630, Amendment Bylaw, 2023, No. 4299” to February 14, 2026."
2025-03-11,Committee of Council Meeting,4.3,Rezoning Application for 1776 Jensen Ave,Main motion,Carried,6,0,1,,,In favour,In favour,In favour,In favour,In favour,In favour,Absent,Housing & density; Development,,,,https://pub-portcoquitlam.escribemeetings.com/Meeting.aspx?Id=6fe30269-df4c-433b-8dc5-828e7834097f&Agenda=PostMinutes&lang=English,,https://councilrecord.ca/portcoquitlam.html#vote/1nr5r03,"That Committee of Council recommend to Council that: The zoning of 1776 Jensen Avenue be amended from RS1 (Residential Small-Scale 1) to RS4 (Residential S mall-Scale 4); and Prior to adoption of the amendment bylaw, the following conditions be met to the satisfaction of the Director of Development Services: Demolition of the existing buildings and structures; Preparation of subdivision plans to the satisfaction of the approving officer; and Completion of the design and submission of fees and securities for off-site works and services ."
2025-04-01,Committee of Council Meeting,4.1,Rezoning Application for 4030 Sefton Street,Main motion,Carried,6,0,1,,,In favour,In favour,In favour,In favour,Absent,In favour,In favour,Housing & density; Development,,,,https://pub-portcoquitlam.escribemeetings.com/Meeting.aspx?Id=ea211800-2bdd-4082-b01e-6f659f347e8c&Agenda=PostMinutes&lang=English,,https://councilrecord.ca/portcoquitlam.html#vote/fvfxir,That Committee of Council recommend to Council that: The zoning of 4030 Sefton Street be amended from RS1 (Residential Small-Scale 1) to RS4 (Residential Small-Scale 4); and Prior to adoption of the amending bylaw the following conditions be met to the satisfaction of the Director of Development Services: Installation of protective fencing for on-site and off-site trees; Demolition of existing structures; Preparation of subdivision plans to the satisfaction of the Approving Officer; and Completion of design and submission of fees and securities for off-site works and services.
2025-04-01,Committee of Council Meeting,4.2,Zoning Bylaw Minor and Housekeeping Amendments 2025,Main motion,Carried,6,0,1,,,In favour,In favour,In favour,In favour,Absent,In favour,In favour,Development; Governance & elections,,,,https://pub-portcoquitlam.escribemeetings.com/Meeting.aspx?Id=ea211800-2bdd-4082-b01e-6f659f347e8c&Agenda=PostMinutes&lang=English,,https://councilrecord.ca/portcoquitlam.html#vote/7px34h,That Committee of Council recommend to Council that: the Zoning Bylaw be amended as described in this report; and that the requirement for a Public Hearing be waived as the proposed amendments are consistent with the Official Community Plan.
2025-04-01,Committee of Council Meeting,4.3,Development Permit Application for 850 Village Drive (Building P),Main motion,Carried,6,0,1,,,In favour,In favour,In favour,In favour,Absent,In favour,In favour,Housing & density; Development; Public services,,,,https://pub-portcoquitlam.escribemeetings.com/Meeting.aspx?Id=ea211800-2bdd-4082-b01e-6f659f347e8c&Agenda=PostMinutes&lang=English,,https://councilrecord.ca/portcoquitlam.html#vote/18h9z0q,"That alternate design options for ""the heart"" be brought forward for Council consideration and that the lack of childcare and density be further considered by staff."
2025-04-08,Council Meeting,7.1,Zoning Amendment Bylaw (Minor & Housekeeping) - First Three Readings,Main motion,Carried,6,0,1,,,In favour,In favour,In favour,Absent,In favour,In favour,In favour,Development; Governance & elections,,,,https://pub-portcoquitlam.escribemeetings.com/Meeting.aspx?Id=cbb11f51-79aa-46d4-89a2-695af371547d&Agenda=PostMinutes&lang=English,,https://councilrecord.ca/portcoquitlam.html#vote/1k59wcz,"That “Zoning Bylaw, 2008, No. 3630, Amendment Bylaw, 2025, No. 4404” be given first three readings."
2025-04-08,Council Meeting,7.2,Zoning Amendment Bylaw for 1776 Jensen Avenue - First Three Readings,Main motion,Carried,6,0,1,,,In favour,In favour,In favour,Absent,In favour,In favour,In favour,Development,,,,https://pub-portcoquitlam.escribemeetings.com/Meeting.aspx?Id=cbb11f51-79aa-46d4-89a2-695af371547d&Agenda=PostMinutes&lang=English,,https://councilrecord.ca/portcoquitlam.html#vote/ztr8qh,"That “Zoning Bylaw, 2008, No. 3630, Amendment Bylaw, 2025, No. 4405”, be given first three readings."
2025-04-08,Council Meeting,7.3,Road Closure and Removal of Highway Dedication Bylaw for Prince Street Road Allowance - First Three Readings,Main motion,Carried,6,0,1,,,In favour,In favour,In favour,Absent,In favour,In favour,In favour,Development; Transportation,,,,https://pub-portcoquitlam.escribemeetings.com/Meeting.aspx?Id=cbb11f51-79aa-46d4-89a2-695af371547d&Agenda=PostMinutes&lang=English,,https://councilrecord.ca/portcoquitlam.html#vote/1au8y5q,"That “Road Closure and Removal of Highway Dedication Bylaw for Prince Street Road Allowance, 2025, No.4386”, be given first three readings."
2025-04-08,Council Meeting,8.1,Utility Rate Relief - 2471 Gately Avenue,Main motion,Carried,6,0,1,,,In favour,In favour,In favour,Absent,In favour,In favour,In favour,Public services,,,,https://pub-portcoquitlam.escribemeetings.com/Meeting.aspx?Id=cbb11f51-79aa-46d4-89a2-695af371547d&Agenda=PostMinutes&lang=English,,https://councilrecord.ca/portcoquitlam.html#vote/1igkzj4,"That Council waive the Water utility and Sewer utility charges for 2471 Gately Avenue until the earlier of: December 21, 2025; or Occupancy Permit Issuance by the City."
2025-04-08,Council Meeting,8.2,"Utility Rate Relief - 2442, 2444, 2446 Wilson Avenue",Main motion,Carried,6,0,1,,,In favour,In favour,In favour,Absent,In favour,In favour,In favour,Public services,,,,https://pub-portcoquitlam.escribemeetings.com/Meeting.aspx?Id=cbb11f51-79aa-46d4-89a2-695af371547d&Agenda=PostMinutes&lang=English,,https://councilrecord.ca/portcoquitlam.html#vote/1671yae,"That Council: waive the Water utility and Sewer Utility charges for units in 2442, 2444, and 2446 Wilson Avenue, which are uninhabitable due to a structure fire; and that the term of the waiver be from January 1, 2025, until the existing buildings are demolished."
2025-04-15,Committee of Council Meeting,4.1,Draft Liquid Waste Management Plan,Main motion,Carried,5,0,2,,,In favour,In favour,In favour,Absent,In favour,In favour,Absent,Environment & climate; Parks & recreation,,,,https://pub-portcoquitlam.escribemeetings.com/Meeting.aspx?Id=5f92ab50-bfe6-409b-a404-d2a0e6410cb1&Agenda=PostMinutes&lang=English,,https://councilrecord.ca/portcoquitlam.html#vote/1bghv2o,"That Committee of Council receive for information the updated regional Draft Liquid Waste Management Plan, and support submission of the final plan to the Ministry of Environment and Parks following adoption by the Greater Vancouver Sewerage and Drainage District Board (GVS&DD)."
2025-04-22,Council Meeting,7.1,Zoning Amendment Bylaw for 4030 Sefton Street - First Three Readings,Main motion,Carried,6,0,1,,,In favour,In favour,In favour,Absent,In favour,In favour,In favour,Development,,,,https://pub-portcoquitlam.escribemeetings.com/Meeting.aspx?Id=a57d4eba-7e2b-4c40-9c02-3f7f0c7e0f28&Agenda=PostMinutes&lang=English,,https://councilrecord.ca/portcoquitlam.html#vote/164lqec,"That “Zoning Bylaw, 2008, No. 3630, Amendment Bylaw, 2025, No. 4406”, be given first three readings."
2025-04-22,Council Meeting,7.2,2025-2029 Financial Plan Bylaw - First Three Readings,Main motion,Carried,6,0,1,,,In favour,In favour,In favour,Absent,In favour,In favour,In favour,Taxes & spending,,,,https://pub-portcoquitlam.escribemeetings.com/Meeting.aspx?Id=a57d4eba-7e2b-4c40-9c02-3f7f0c7e0f28&Agenda=PostMinutes&lang=English,,https://councilrecord.ca/portcoquitlam.html#vote/f82e5s,"That “ 202 5 -202 9 Financial Plan Bylaw, 202 5 , No. 4401 ” be given first three readings."
2025-04-22,Council Meeting,7.3,2025 Annual Tax Rates Bylaw and Solid Waste Amendment Bylaw - First Three Readings,Main motion,Carried,6,0,1,,,In favour,In favour,In favour,Absent,In favour,In favour,In favour,Taxes & spending; Public services,,,,https://pub-portcoquitlam.escribemeetings.com/Meeting.aspx?Id=a57d4eba-7e2b-4c40-9c02-3f7f0c7e0f28&Agenda=PostMinutes&lang=English,,https://councilrecord.ca/portcoquitlam.html#vote/15m6wg7,"That Council: Give first three readings to “ Annual Tax Rates Bylaw, 2025, No. 4402 ” ; and Give first three readings to “ Solid Waste Bylaw, 2015, No. 3900, Amendment Bylaw, 2025, No. 4403 ” ."
2025-04-22,Council Meeting,7.4,Fees and Charges Amendment Bylaw - First Three Readings,Main motion,Carried,6,0,1,,,In favour,In favour,In favour,Absent,In favour,In favour,In favour,Taxes & spending,,,,https://pub-portcoquitlam.escribemeetings.com/Meeting.aspx?Id=a57d4eba-7e2b-4c40-9c02-3f7f0c7e0f28&Agenda=PostMinutes&lang=English,,https://councilrecord.ca/portcoquitlam.html#vote/cda207,"That “Fees and Charges Bylaw, 2024, No. 4390, Amendment Bylaw, 2025, No. 4407”, be given first three readings."
2025-04-22,Council Meeting,7.5,Zoning Amendment Bylaw (Minor & Housekeeping) - Adoption,Main motion,Carried,6,0,1,,,In favour,In favour,In favour,Absent,In favour,In favour,In favour,Development; Governance & elections,,,,https://pub-portcoquitlam.escribemeetings.com/Meeting.aspx?Id=a57d4eba-7e2b-4c40-9c02-3f7f0c7e0f28&Agenda=PostMinutes&lang=English,,https://councilrecord.ca/portcoquitlam.html#vote/bmiyfh,"That “Zoning Bylaw, 2008, No. 3630, Amendment Bylaw, 2025, No. 4404”, be adopted."
2025-04-22,Council Meeting,7.6,Road Closure and Removal of Highway Dedication Bylaw for Prince Street Road Allowance - Adoption,Main motion,Carried,6,0,1,,,In favour,In favour,In favour,Absent,In favour,In favour,In favour,Development; Transportation,,,,https://pub-portcoquitlam.escribemeetings.com/Meeting.aspx?Id=a57d4eba-7e2b-4c40-9c02-3f7f0c7e0f28&Agenda=PostMinutes&lang=English,,https://councilrecord.ca/portcoquitlam.html#vote/11hr3ux,"That “Road Closure and Removal of Highway Dedication Bylaw for Prince Street Road Allowance, 2025, No. 4386”, be adopted."
2025-04-22,Committee of Council Meeting,4.1,Rezoning Application Extension for 1631 Manning Avenue,Main motion,Carried,6,0,1,,,In favour,In favour,In favour,Absent,In favour,In favour,In favour,Housing & density; Development,,,,https://pub-portcoquitlam.escribemeetings.com/Meeting.aspx?Id=e7a24367-acae-4f96-afea-3f086dd24f02&Agenda=PostMinutes&lang=English,,https://councilrecord.ca/portcoquitlam.html#vote/g1kout,"That Committee of Council extend the date of expiry for adoption of “Zoning Bylaw, 2008, No. 3630, Amendment Bylaw, 2023, No. 4301” to March 28, 2026."
2025-04-22,Committee of Council Meeting,4.2,Rezoning Application for 1951-1953 Dorset Avenue,Main motion,Carried,6,0,1,,,In favour,In favour,In favour,Absent,In favour,In favour,In favour,Housing & density; Development,,,,https://pub-portcoquitlam.escribemeetings.com/Meeting.aspx?Id=e7a24367-acae-4f96-afea-3f086dd24f02&Agenda=PostMinutes&lang=English,,https://councilrecord.ca/portcoquitlam.html#vote/l17wpu,"That Committee of Council recommend to Council that: The zoning of 1951 -1 953 Dorset Avenue be amended from RS1 (Residential Small-Scale 1) to RS4 (Residential Small-Scale 4); and Prior to adoption of the amendment bylaw, the following conditions be met to the satisfaction of the Director of Development Services: Demolition of the existing buildings and structures; Preparation of subdivision plans to the satisfaction of the approving officer; and Completion of the design and submission of fees and securities for off-site works and services ."
2025-04-22,Committee of Council Meeting,4.3,Legislative Policy Review,Main motion,Carried,6,0,1,,,In favour,In favour,In favour,Absent,In favour,In favour,In favour,Other,,,,https://pub-portcoquitlam.escribemeetings.com/Meeting.aspx?Id=e7a24367-acae-4f96-afea-3f086dd24f02&Agenda=PostMinutes&lang=English,,https://councilrecord.ca/portcoquitlam.html#vote/163d7v,"That the legislative policies identified within the report titled “Legislative Policy Review” dated April 22, 2025, be repealed."
2025-05-06,Special Council Meeting,4.1,2025-2029 Financial Plan Bylaw - Adoption,Main motion,Carried,6,0,1,,,In favour,In favour,Absent,In favour,In favour,In favour,In favour,Taxes & spending,,,,https://pub-portcoquitlam.escribemeetings.com/Meeting.aspx?Id=12c86389-3c65-4266-9bf6-4c5baf825dc4&Agenda=PostMinutes&lang=English,,https://councilrecord.ca/portcoquitlam.html#vote/1rortrb,"That “2025-2029 Financial Plan Bylaw, 2025, No. 4401”, be adopted."
2025-05-06,Special Council Meeting,4.2,2025 Annual Tax Rates Bylaw - Adoption,Main motion,Carried,6,0,1,,,In favour,In favour,Absent,In favour,In favour,In favour,In favour,Taxes & spending,,,,https://pub-portcoquitlam.escribemeetings.com/Meeting.aspx?Id=12c86389-3c65-4266-9bf6-4c5baf825dc4&Agenda=PostMinutes&lang=English,,https://councilrecord.ca/portcoquitlam.html#vote/1n8znk8,"That “Annual Tax Rates Bylaw, 2025, No. 4402”, be adopted."
2025-05-06,Special Council Meeting,4.3,Solid Waste Amendment Bylaw - Adoption,Main motion,Carried,6,0,1,,,In favour,In favour,Absent,In favour,In favour,In favour,In favour,Public services,,,,https://pub-portcoquitlam.escribemeetings.com/Meeting.aspx?Id=12c86389-3c65-4266-9bf6-4c5baf825dc4&Agenda=PostMinutes&lang=English,,https://councilrecord.ca/portcoquitlam.html#vote/nouu6d,"That “Solid Waste Bylaw, 2015, No. 3900, Amendment Bylaw, 2025, No. 4403”, be adopted."
2025-05-06,Special Council Meeting,4.4,Fees and Charges Amendment Bylaw - Adoption,Main motion,Carried,6,0,1,,,In favour,In favour,Absent,In favour,In favour,In favour,In favour,Taxes & spending,,,,https://pub-portcoquitlam.escribemeetings.com/Meeting.aspx?Id=12c86389-3c65-4266-9bf6-4c5baf825dc4&Agenda=PostMinutes&lang=English,,https://councilrecord.ca/portcoquitlam.html#vote/1iwenpy,"That “Fees and Charges Bylaw, 2025, No. 4390, Amendment Bylaw, 2025, No. 4407”, be adopted."
2025-05-06,Committee of Council Meeting,4.2,2024 Audited Financial Statements Report,Main motion,Carried,6,0,1,,,In favour,In favour,Absent,In favour,In favour,In favour,In favour,Taxes & spending,,,,https://pub-portcoquitlam.escribemeetings.com/Meeting.aspx?Id=76eb597e-3356-4463-9e1d-a4f2c4f56483&Agenda=PostMinutes&lang=English,,https://councilrecord.ca/portcoquitlam.html#vote/143q95g,That Committee of Council a dopt the 202 4 Audited Consolidated Financial Statements .
2025-05-06,Committee of Council Meeting,5.1,Resolution to Close,Main motion,Carried,6,0,1,,,In favour,In favour,Absent,In favour,In favour,In favour,In favour,Governance & elections,,,,https://pub-portcoquitlam.escribemeetings.com/Meeting.aspx?Id=76eb597e-3356-4463-9e1d-a4f2c4f56483&Agenda=PostMinutes&lang=English,,https://councilrecord.ca/portcoquitlam.html#vote/1kxu55b,"MOTION TO RECONVENE: Moved-Seconded: That the Tuesday, May 6, 2025, Closed Committee of Council meeting be reconvened."
2025-05-06,Committee of Council Meeting,6.1,Development Permit Amendment for 2245 McAllister Avenue,Main motion,Carried,6,0,1,,,In favour,In favour,Absent,In favour,In favour,In favour,In favour,Development,,,,https://pub-portcoquitlam.escribemeetings.com/Meeting.aspx?Id=76eb597e-3356-4463-9e1d-a4f2c4f56483&Agenda=PostMinutes&lang=English,,https://councilrecord.ca/portcoquitlam.html#vote/hq6gjj,That Committee of Council approve an amendment to Development Permit DP000413 which will regulate the development of a building and landscaping at 2245 McAllister Avenue.
2025-05-13,Committee of Council Meeting,4.1,Rezoning Application Extension for 3346 Finley Street,Main motion,Carried,7,0,0,,,In favour,In favour,In favour,In favour,In favour,In favour,In favour,Housing & density; Development,,,,https://pub-portcoquitlam.escribemeetings.com/Meeting.aspx?Id=c18e4d64-98d9-43d3-8658-bcba83ebda7a&Agenda=PostMinutes&lang=English,,https://councilrecord.ca/portcoquitlam.html#vote/1jeer8c,"That Committee of Council extend the date of expiry for adoption of “Zoning Bylaw, 2008, No. 3630, Amendment Bylaw, 2022, No. 4294” to December 13, 2025."
2025-05-13,Committee of Council Meeting,4.3,Building and Plumbing Bylaw Amendment (Adaptable Housing),Main motion,Carried,7,0,0,,,In favour,In favour,In favour,In favour,In favour,In favour,In favour,Housing & density,,,,https://pub-portcoquitlam.escribemeetings.com/Meeting.aspx?Id=c18e4d64-98d9-43d3-8658-bcba83ebda7a&Agenda=PostMinutes&lang=English,,https://councilrecord.ca/portcoquitlam.html#vote/58v1qc,"That Committee of Council recommend to Council that an amendment to “Building and Plumbing Bylaw, 2009, No. 3710” to reduce the percentage of required adaptable units for new multi-family buildings be approved."
2025-05-13,Committee of Council Meeting,4.4,2024 Traffic Count Results,Main motion,Carried,7,0,0,,,In favour,In favour,In favour,In favour,In favour,In favour,In favour,Transportation,,,,https://pub-portcoquitlam.escribemeetings.com/Meeting.aspx?Id=c18e4d64-98d9-43d3-8658-bcba83ebda7a&Agenda=PostMinutes&lang=English,,https://councilrecord.ca/portcoquitlam.html#vote/vq1ug8,That staff be directed to review parking options on the southside of Dominion Avenue and bring a report back to Committee of Council.
2025-05-13,Council Meeting,7.1,Zoning Amendment Bylaw for 1951 and 1953 Dorset Avenue - First Three Readings,Main motion,Carried,7,0,0,,,In favour,In favour,In favour,In favour,In favour,In favour,In favour,Development,,,,https://pub-portcoquitlam.escribemeetings.com/Meeting.aspx?Id=e88608fa-3e81-4197-ad5b-82cac77802e0&Agenda=PostMinutes&lang=English,,https://councilrecord.ca/portcoquitlam.html#vote/gestjw,"That ""Zoning Bylaw, 2008, No. 3630, Amendment Bylaw, 2025, Not 4408"", be given first three readings."
2025-05-20,Committee of Council Meeting,4.1,Rezoning Application (Text Amendment) for 2180 Kelly Avenue,Main motion,Carried,7,0,0,,,In favour,In favour,In favour,In favour,In favour,In favour,In favour,Housing & density; Development; Governance & elections,,,,https://pub-portcoquitlam.escribemeetings.com/Meeting.aspx?Id=a6cd5d8e-e303-4766-90a2-5366d4111dc9&Agenda=PostMinutes&lang=English,,https://councilrecord.ca/portcoquitlam.html#vote/19argg1,"That Committee of Council recommend that Council approve amendments to “Zoning Bylaw, 2008, No. 3630” for Comprehensive Development Zone 35, as described in the May 20, 2025, Report to Committee."
2025-06-03,Committee of Council Meeting,4.1,Official Community Plan Amendment Consultation for 1563 Shaughnessy Street,Main motion,Carried,7,0,0,,,In favour,In favour,In favour,In favour,In favour,In favour,In favour,Housing & density; Development,,,,https://pub-portcoquitlam.escribemeetings.com/Meeting.aspx?Id=4581bbec-a662-47c6-aa91-c8713ba27005&Agenda=PostMinutes&lang=English,,https://councilrecord.ca/portcoquitlam.html#vote/d3cbpn,"That Committee of Council , i n consideration of s.475 of the Local Government Act, recommend Council support the following early and ongoing consultation be undertaken for the proposed Official Community Plan amendment at 1563 Shaughnessy Street: City State Consulting Group provide o n-site signage , post a website with application information, host three or more advertised in-person public information meetings with direct notification provided to residents within the 300 meter area; City State Consulting Group consult with Metro Vancouver, Translink and Kwikwetlem First Nation; Submission of a report by City State Consulting Group detailing the input received through the consultation process; Information posted on the City’s website and considered in an open Committee of Council meeting; and Staff communication with School District 43."
2025-06-03,Committee of Council Meeting,4.2,Temporary Use Permit Application for 3660 and 3670 Westwood Street,Main motion,Carried,7,0,0,,,In favour,In favour,In favour,In favour,In favour,In favour,In favour,Development; Governance & elections,,,,https://pub-portcoquitlam.escribemeetings.com/Meeting.aspx?Id=4581bbec-a662-47c6-aa91-c8713ba27005&Agenda=PostMinutes&lang=English,,https://councilrecord.ca/portcoquitlam.html#vote/nbkwwh,That Committee of Council: Authorize staff to provide public notice of the temporary use permit application for 3660 and 3670 Westwood Street; and Recommend Committee of Council support the temporary use permit with the provision of landscape and performance securities.
2025-06-10,Council Meeting,7.1,Zoning Amendment Bylaw for 2180 Kelly Avenue - First Three Readings,Main motion,Carried,6,0,1,,,In favour,In favour,In favour,Absent,In favour,In favour,In favour,Development,,,,https://pub-portcoquitlam.escribemeetings.com/Meeting.aspx?Id=7f3383fb-0689-4237-a29b-c7d85a3e74d0&Agenda=PostMinutes&lang=English,,https://councilrecord.ca/portcoquitlam.html#vote/12gfcwg,"That “Zoning Bylaw, 2008, No. 3630, Amendment Bylaw, 2025, No. 4410”, be given first three readings."
2025-06-10,Council Meeting,7.2,Building and Plumbing Amendment Bylaw - Adoption,Main motion,Carried,6,0,1,,,In favour,In favour,In favour,Absent,In favour,In favour,In favour,Other,,,,https://pub-portcoquitlam.escribemeetings.com/Meeting.aspx?Id=7f3383fb-0689-4237-a29b-c7d85a3e74d0&Agenda=PostMinutes&lang=English,,https://councilrecord.ca/portcoquitlam.html#vote/1ge2hru,"That “Building and Plumbing Bylaw, 2009, No. 3710, Amendment Bylaw, 2025, No. 4409”, be adopted."
2025-06-17,Committee of Council Meeting,5.1,Housing Accelerator Fund Overview-Action Plan (2024-2026),Main motion,Carried,7,0,0,,,In favour,In favour,In favour,In favour,In favour,In favour,In favour,Housing & density,,,,https://pub-portcoquitlam.escribemeetings.com/Meeting.aspx?Id=9b4784e9-f52b-406b-b8a9-1d7c2eafb2aa&Agenda=PostMinutes&lang=English,,https://councilrecord.ca/portcoquitlam.html#vote/9vu7tt,That Committee of Council endorse the Housing Accelerator Fund Overview - Action Plan (2024-2026) and direct staff to report back annually with a progress update.
2025-06-17,Committee of Council Meeting,5.2,Housing Accelerator Fund Implementation Actions –Supporting Rental Housing Development and Residential Parking Reductions,Main motion,Carried,7,0,0,,,In favour,In favour,In favour,In favour,In favour,In favour,In favour,Housing & density; Transportation,,,,https://pub-portcoquitlam.escribemeetings.com/Meeting.aspx?Id=9b4784e9-f52b-406b-b8a9-1d7c2eafb2aa&Agenda=PostMinutes&lang=English,,https://councilrecord.ca/portcoquitlam.html#vote/8xv0ot,That Committee of Council direct staff to prepare amendments to the Processing of Development Applications Policy and refer the Parking and Development Management Bylaw to staff for further information.
2025-06-24,Council Meeting,5.1,Margaret R. Franz,Main motion,Carried,7,0,0,,,In favour,In favour,In favour,In favour,In favour,In favour,In favour,Other,,,,https://pub-portcoquitlam.escribemeetings.com/Meeting.aspx?Id=a3deffcb-d21a-4b36-8213-041592b2b8e7&Agenda=PostMinutes&lang=English,,https://councilrecord.ca/portcoquitlam.html#vote/gp2riu,"Motion to Recess Moved-Seconded: That the June 24, 2025, Council meeting be recessed. (5:12 p.m.)"
2025-06-24,Council Meeting,6.1,Temporary Use Permit Application for 3660 and 3670 Westwood Street,Main motion,Carried,7,0,0,,,In favour,In favour,In favour,In favour,In favour,In favour,In favour,Development,1 of 2,,,https://pub-portcoquitlam.escribemeetings.com/Meeting.aspx?Id=a3deffcb-d21a-4b36-8213-041592b2b8e7&Agenda=PostMinutes&lang=English,,https://councilrecord.ca/portcoquitlam.html#vote/1fh8om1,Motion to Adjourn Moved-Seconded: That the Public Input Opportunity be adjourned. (5:15 p.m.)
2025-06-24,Council Meeting,6.1,Temporary Use Permit Application for 3660 and 3670 Westwood Street,Main motion,Carried,7,0,0,,,In favour,In favour,In favour,In favour,In favour,In favour,In favour,Development,2 of 2,,,https://pub-portcoquitlam.escribemeetings.com/Meeting.aspx?Id=a3deffcb-d21a-4b36-8213-041592b2b8e7&Agenda=PostMinutes&lang=English,,https://councilrecord.ca/portcoquitlam.html#vote/2eo1a8,"Motion to Reconvene Moved-Seconded: That the June 24, 2025, Council meeting be reconvened. (5:15 p.m.)"
2025-06-24,Council Meeting,7.1,Zoning Amendment Bylaw for 2180 Kelly Avenue - Adoption,Main motion,Carried,7,0,0,,,In favour,In favour,In favour,In favour,In favour,In favour,In favour,Development,,,,https://pub-portcoquitlam.escribemeetings.com/Meeting.aspx?Id=a3deffcb-d21a-4b36-8213-041592b2b8e7&Agenda=PostMinutes&lang=English,,https://councilrecord.ca/portcoquitlam.html#vote/1qraw4g,"That “Zoning Bylaw, 2008, No. 3630, Amendment Bylaw, 2025, No. 4410”, be adopted for 2180 Kelly Avenue."
2025-06-24,Council Meeting,8.1,Temporary Use Permit Application for 3660 and 3670 Westwood Street - Issuance,Main motion,Carried,7,0,0,,,In favour,In favour,In favour,In favour,In favour,In favour,In favour,Development,,,,https://pub-portcoquitlam.escribemeetings.com/Meeting.aspx?Id=a3deffcb-d21a-4b36-8213-041592b2b8e7&Agenda=PostMinutes&lang=English,,https://councilrecord.ca/portcoquitlam.html#vote/ighil4,"That Temporary Use Permit No. TUP000027 for 3660 and 3670 Westwood Street, be issued."
2025-06-24,Council Meeting,8.2,Official Community Plan Amendment - Consultation Approval (1563 Shaughnessy Street),Main motion,Carried,7,0,0,,,In favour,In favour,In favour,In favour,In favour,In favour,In favour,Housing & density; Development,,,,https://pub-portcoquitlam.escribemeetings.com/Meeting.aspx?Id=a3deffcb-d21a-4b36-8213-041592b2b8e7&Agenda=PostMinutes&lang=English,,https://councilrecord.ca/portcoquitlam.html#vote/1njv8hf,"That Council support the following early and ongoing consultation be undertaken for the proposed Official Community Plan amendment at 1563 Shaughnessy Street: City State Consulting Group provide on-site signage, post a website with application information, host three or more advertised in-person public information meetings with direct notification provided to residents within the 300 meter area; City State Consulting Group consult with Metro Vancouver, TransLink and Kwikwetlem First Nation; Submission of a report by City State Consulting Group detailing the input received through the consultation process; Information posted on the City’s website and considered in an open Committee of Council meeting; and Staff communication with School District 43."
2025-06-24,Council Meeting,8.3,2024 Annual Report and Financial Disclosures,Main motion,Carried,7,0,0,,,In favour,In favour,In favour,In favour,In favour,In favour,In favour,Other,,,,https://pub-portcoquitlam.escribemeetings.com/Meeting.aspx?Id=a3deffcb-d21a-4b36-8213-041592b2b8e7&Agenda=PostMinutes&lang=English,,https://councilrecord.ca/portcoquitlam.html#vote/tv50j3,That Council approve the City’s 2024 Annual Report and required financial disclosures.
2025-06-24,Committee of Council Meeting,4.1,Development Permit and Development Variance Permit Applications for 2365 and 2371 Kelly Avenue,Main motion,Carried,7,0,0,,,In favour,In favour,In favour,In favour,In favour,In favour,In favour,Development; Transportation,,,,https://pub-portcoquitlam.escribemeetings.com/Meeting.aspx?Id=d8f28986-3fea-421d-8eb7-5122d1ae088d&Agenda=PostMinutes&lang=English,,https://councilrecord.ca/portcoquitlam.html#vote/9biei8,That Committee of Council: Authorize staff to provide notice of the DVP00107 application to vary off-street parking regulations of the Parking and Development Management Bylaw; and Advise Council that issuance of Development Variance Permit DVP00107 and Development Permit DP000597 to facilitate construction of a non-market rental housing development at 2365 & 2371 Kelly Avenue is supported.
2025-07-08,Council Meeting,7.1,2025 Election Signs Amendment Bylaw - First Three Readings,Main motion,Carried,7,0,0,,,In favour,In favour,In favour,In favour,In favour,In favour,In favour,Neighbourhood character; Governance & elections,,,,https://pub-portcoquitlam.escribemeetings.com/Meeting.aspx?Id=fcd0636b-fc05-4d4c-8f17-74a28222ca14&Agenda=PostMinutes&lang=English,,https://councilrecord.ca/portcoquitlam.html#vote/ggokv6,"That “Election Signs Bylaw, 2014, No. 3810, Amendment Bylaw, 2025, No. 4411”, be given first three readings."
2025-07-08,Council Meeting,8.1,Development Permit and Development Variance Permit - 2365 and 2371 Kelly Ave - Further Information and Issuance,Referral,Carried,7,0,0,,,In favour,In favour,In favour,In favour,In favour,In favour,In favour,Development,,,,https://pub-portcoquitlam.escribemeetings.com/Meeting.aspx?Id=fcd0636b-fc05-4d4c-8f17-74a28222ca14&Agenda=PostMinutes&lang=English,,https://councilrecord.ca/portcoquitlam.html#vote/qekecx,That the Development Permit and Development Variance Permit for 2365 and 2371 Kelly Avenue be referred back to staff for further discussion.
2025-07-15,Committee of Council Meeting,4.2,Child Care Action Plan 2025 Update,Main motion,Carried,6,0,1,,,In favour,In favour,In favour,Absent,In favour,In favour,In favour,Public services; Business & economy,,,,https://pub-portcoquitlam.escribemeetings.com/Meeting.aspx?Id=31d3bece-19d9-4d73-bb3b-da97787210f3&Agenda=PostMinutes&lang=English,,https://councilrecord.ca/portcoquitlam.html#vote/ushdan,"That Committee of Council direct staff to update the Child Care Action Plan that will review targets for new licensed spaces, demographic groups and opportunities to further support the creation of new spaces."
2025-09-02,Committee of Council Meeting,5.1,Housing Target Progress Report (Year 1),Main motion,Carried,7,0,0,,,In favour,In favour,In favour,In favour,In favour,In favour,In favour,Housing & density,,,,https://pub-portcoquitlam.escribemeetings.com/Meeting.aspx?Id=d199b50c-7f44-49c2-b41e-e84217bae0e1&Agenda=PostMinutes&lang=English,,https://councilrecord.ca/portcoquitlam.html#vote/ydxl8e,That Committee of Council: receive the Housing Target Progress Report Form (Year 1) as attached to this report; and direct staff to submit the Housing Target Progress Report Form (Year 1) to the Ministry of Housing as required by the Housing Supply Act.
2025-09-09,Council Meeting,7.1,Bylaw Notice Enforcement Amendment Bylaw - First Three Readings,Main motion,Carried,7,0,0,,,In favour,In favour,In favour,In favour,In favour,In favour,In favour,Other,,,,https://pub-portcoquitlam.escribemeetings.com/Meeting.aspx?Id=2f5a95c0-dd54-44e0-af31-28053dd18f3d&Agenda=PostMinutes&lang=English,,https://councilrecord.ca/portcoquitlam.html#vote/1oir3dc,"That “Bylaw Notice Enforcement Bylaw, 2013, No. 3814, Amendment Bylaw, 2025, No. 4412”, be given first three readings."
2025-09-09,Council Meeting,7.2,Ticket Information Utilization Amendment Bylaw - First Three Readings,Main motion,Carried,7,0,0,,,In favour,In favour,In favour,In favour,In favour,In favour,In favour,Other,,,,https://pub-portcoquitlam.escribemeetings.com/Meeting.aspx?Id=2f5a95c0-dd54-44e0-af31-28053dd18f3d&Agenda=PostMinutes&lang=English,,https://councilrecord.ca/portcoquitlam.html#vote/14nrsoi,"That “Ticket Information Utilization Bylaw, 1992, No. 2743, Amendment Bylaw, 2025, No. 4413”, be given first three readings."
2025-09-09,Council Meeting,7.3,Election Signs Amendment Bylaw - Adoption,Main motion,Carried,7,0,0,,,In favour,In favour,In favour,In favour,In favour,In favour,In favour,Neighbourhood character; Governance & elections,,,,https://pub-portcoquitlam.escribemeetings.com/Meeting.aspx?Id=2f5a95c0-dd54-44e0-af31-28053dd18f3d&Agenda=PostMinutes&lang=English,,https://councilrecord.ca/portcoquitlam.html#vote/1xp4s4h,"That “Election Signs Bylaw, 2014, No. 3810, Amendment Bylaw, 2025, No. 4411”, be adopted."
2025-09-09,Council Meeting,7.4,Zoning Amendment Bylaw for 590 Dominion Avenue - Adoption,Main motion,Carried,7,0,0,,,In favour,In favour,In favour,In favour,In favour,In favour,In favour,Development,,,,https://pub-portcoquitlam.escribemeetings.com/Meeting.aspx?Id=2f5a95c0-dd54-44e0-af31-28053dd18f3d&Agenda=PostMinutes&lang=English,,https://councilrecord.ca/portcoquitlam.html#vote/lozr01,"That “Zoning Bylaw, 2008, No. 3630, Amendment Bylaw, 2024, No. 4364”, be adopted for 590 Dominion Avenue."
2025-09-09,Council Meeting,7.5,Zoning Amendment Bylaw for 1160 Victoria Avenue - Adoption,Main motion,Carried,7,0,0,,,In favour,In favour,In favour,In favour,In favour,In favour,In favour,Development,,,,https://pub-portcoquitlam.escribemeetings.com/Meeting.aspx?Id=2f5a95c0-dd54-44e0-af31-28053dd18f3d&Agenda=PostMinutes&lang=English,,https://councilrecord.ca/portcoquitlam.html#vote/9yoeyt,"That “Zoning Bylaw, 2008, No. 3630, Amendment Bylaw, 2024, No. 4370”, be adopted for 1160 Victoria Drive."
2025-09-09,Council Meeting,7.7,Zoning Amendment Bylaw for 1631 Manning Avenue - Adoption,Main motion,Carried,7,0,0,,,In favour,In favour,In favour,In favour,In favour,In favour,In favour,Development,,,,https://pub-portcoquitlam.escribemeetings.com/Meeting.aspx?Id=2f5a95c0-dd54-44e0-af31-28053dd18f3d&Agenda=PostMinutes&lang=English,,https://councilrecord.ca/portcoquitlam.html#vote/1l9e4p0,"That ""Zoning Bylaw, 2028, No. 3630, Amendment Bylaw, 2023, No. 4301"", be adopted for 1631 Manning Avenue."
2025-09-16,Committee of Council Meeting,4.1,Rezoning Application for 3552 Oxford Street,Main motion,Carried,6,0,1,,,In favour,In favour,In favour,In favour,In favour,In favour,Absent,Housing & density; Development,,,,https://pub-portcoquitlam.escribemeetings.com/Meeting.aspx?Id=4844c48a-37fd-4ff2-9aa2-c00bc6b4f918&Agenda=PostMinutes&lang=English,,https://councilrecord.ca/portcoquitlam.html#vote/1y13vcm,That Committee of Council recommend to Council that the zoning of 3552 Oxford Street be amended from RS1 (Residential Small-Scale 1) to RS4 (Residential Small-Scale 4).
2025-09-16,Committee of Council Meeting,4.2,Rezoning Application for 2111 Hawthorne Avenue,Main motion,Carried,7,0,0,,,In favour,In favour,In favour,In favour,In favour,In favour,In favour,Housing & density; Development,,,,https://pub-portcoquitlam.escribemeetings.com/Meeting.aspx?Id=4844c48a-37fd-4ff2-9aa2-c00bc6b4f918&Agenda=PostMinutes&lang=English,,https://councilrecord.ca/portcoquitlam.html#vote/14uh8kb,That Committee of Council recommend to Council that the zoning of 2111 Hawthorne Avenue be amended from P2 (Institutional) to a Comprehensive Development Zone.
2025-09-16,Committee of Council Meeting,4.3,Temporary Use Permit for 880 Lougheed Highway,Main motion,Carried,7,0,0,,,In favour,In favour,In favour,In favour,In favour,In favour,In favour,Development,,,,https://pub-portcoquitlam.escribemeetings.com/Meeting.aspx?Id=4844c48a-37fd-4ff2-9aa2-c00bc6b4f918&Agenda=PostMinutes&lang=English,,https://councilrecord.ca/portcoquitlam.html#vote/133u89u,"That Committee of Council : Authorize staff to provide notice of Temporary Use Permit TU0000 24 at 880 Lougheed Highway ; and Recommend Council support issuance of the permit for a 3-year term subject to submitting an additional $10,000 security to ensure all buildings and structures are removed from the property upon termination of the use."
2025-09-16,Committee of Council Meeting,4.4,2025 Miscellaneous Bylaws Repeal Bylaw,Main motion,Carried,7,0,0,,,In favour,In favour,In favour,In favour,In favour,In favour,In favour,Other,,,,https://pub-portcoquitlam.escribemeetings.com/Meeting.aspx?Id=4844c48a-37fd-4ff2-9aa2-c00bc6b4f918&Agenda=PostMinutes&lang=English,,https://councilrecord.ca/portcoquitlam.html#vote/qjvdqv,"That Committee of Council recommend Council support the 2025 Miscellaneous Bylaws Repeal Bylaw, which upon adoption will repeal bylaws that are inactive or expired."
2025-09-16,Committee of Council Meeting,4.5,Downtown Port Coquitlam Business Improvement Association Area Service 2026-2030,Main motion,Carried,7,0,0,,,In favour,In favour,In favour,In favour,In favour,In favour,In favour,Business & economy,,,,https://pub-portcoquitlam.escribemeetings.com/Meeting.aspx?Id=4844c48a-37fd-4ff2-9aa2-c00bc6b4f918&Agenda=PostMinutes&lang=English,,https://councilrecord.ca/portcoquitlam.html#vote/5sqp37,"That Committee of Council recommend that Council: Introduce a bylaw establishing the Downtown Business Improvement Association area service from January 1, 2026 to December 31, 2030; Endorse the Downtown Business Improvement Association area boundaries, business promotion scheme and association structure as described in Attachment 1; and Endorse the following funding terms: In 2026 $195,505 of which $ 175,954 is recovered from property owners within the Business Improvement Association Area; In 2027 $201,370 of which $181,233 is recovered from property owners within the Business Improvement Association Area; In 2028 $207,411 of which $186,670 is recovered from property owners within the Business Improvement Association Area; In 2029 $213,633 of which $192,270 is recovered from property owners within the Business Improvement Association Area; In 2030 $220,042 of which $198,038 is recovered from property owners within the Business Improvement Association Area."
2025-10-07,Committee of Council Meeting,5.1,Rezoning Application for 1787 Langan Avenue,Main motion,Carried,4,0,3,,,In favour,Absent,Absent,In favour,In favour,In favour,Absent,Housing & density; Development,,,,https://pub-portcoquitlam.escribemeetings.com/Meeting.aspx?Id=8106ccc0-a311-4f8e-a7ac-2f7e08419950&Agenda=PostMinutes&lang=English,,https://councilrecord.ca/portcoquitlam.html#vote/ea8ncp,"That Committee of Council recommend to Council that: The zoning of 1787 Langan Avenue be amended from RS1 (Residential Small-Scale 1) to RS 4 (Residential Small-Scale 4 ); and Prior to adoption of the amending bylaw, the following conditions be met to the satisfaction of the Director of Development Services: Installation of protective fencing for on-site and off-site trees; Demolition of the existing buildings and structures ; Submission of subdivision plans to the satisfaction of the Approving Officer; and Completion of design and submission of fees and securities for off-site works and services ."
2025-10-07,Committee of Council Meeting,5.2,Development Permit Amendment for 815 Village Drive,Main motion,Carried,4,0,3,,,In favour,Absent,Absent,In favour,In favour,In favour,Absent,Development,,,,https://pub-portcoquitlam.escribemeetings.com/Meeting.aspx?Id=8106ccc0-a311-4f8e-a7ac-2f7e08419950&Agenda=PostMinutes&lang=English,,https://councilrecord.ca/portcoquitlam.html#vote/upir7b,That Committee of Council approve an amendment to Development Permit DP000150 which will enable minor changes to Building U at 815 Village Drive.
2025-10-14,Council Meeting,5,Delegations,Main motion,Carried,7,0,0,,,In favour,In favour,In favour,In favour,In favour,In favour,In favour,Governance & elections,,,,https://pub-portcoquitlam.escribemeetings.com/Meeting.aspx?Id=f5a6d185-6d47-4ff8-9e65-35a12c0b8166&Agenda=PostMinutes&lang=English,,https://councilrecord.ca/portcoquitlam.html#vote/1ihtyjg,MOTION TO RECESS Moved-Seconded: That the Council meeting be recessed. (5:03 p.m.)
2025-10-14,Council Meeting,5,Delegations,Main motion,Carried,7,0,0,,,In favour,In favour,In favour,In favour,In favour,In favour,In favour,Governance & elections,,,,https://pub-portcoquitlam.escribemeetings.com/Meeting.aspx?Id=f5a6d185-6d47-4ff8-9e65-35a12c0b8166&Agenda=PostMinutes&lang=English,,https://councilrecord.ca/portcoquitlam.html#vote/1jm239w,MOTION TO CALL PUBLIC INPUT OPPORTUNITY TO ORDER Moved-Seconded: That the Public Input Opportunity be called to order. (5:03 p.m.)
2025-10-14,Council Meeting,6.1,Temporary Use Permit for 880 Lougheed Highway,Main motion,Carried,7,0,0,,,In favour,In favour,In favour,In favour,In favour,In favour,In favour,Development,1 of 2,,,https://pub-portcoquitlam.escribemeetings.com/Meeting.aspx?Id=f5a6d185-6d47-4ff8-9e65-35a12c0b8166&Agenda=PostMinutes&lang=English,,https://councilrecord.ca/portcoquitlam.html#vote/v1e341,MOTION TO ADJOURN THE PUBLIC INPUT OPPORTUNITY Moved-Seconded: That the Public Input Opportunity be adjourned. (5:06 p.m.)
2025-10-14,Council Meeting,6.1,Temporary Use Permit for 880 Lougheed Highway,Main motion,Carried,7,0,0,,,In favour,In favour,In favour,In favour,In favour,In favour,In favour,Development,2 of 2,,,https://pub-portcoquitlam.escribemeetings.com/Meeting.aspx?Id=f5a6d185-6d47-4ff8-9e65-35a12c0b8166&Agenda=PostMinutes&lang=English,,https://councilrecord.ca/portcoquitlam.html#vote/qva0bm,MOTION TO RECONVENE Moved-Seconded: That the Council meeting be reconvened. (5:07 p.m.)
2025-10-14,Council Meeting,7.1,Zoning Amendment Bylaw for 2111 Hawthorne Avenue - First Two Readings,Main motion,Carried,7,0,0,,,In favour,In favour,In favour,In favour,In favour,In favour,In favour,Development,,,,https://pub-portcoquitlam.escribemeetings.com/Meeting.aspx?Id=f5a6d185-6d47-4ff8-9e65-35a12c0b8166&Agenda=PostMinutes&lang=English,,https://councilrecord.ca/portcoquitlam.html#vote/u2dix3,"That “Zoning Bylaw, 2008, No. 3630, Amendment Bylaw, 2025, No. 4416” be given first two readings."
2025-10-14,Council Meeting,7.2,2025 Miscellaneous Bylaws Repeal Bylaw - First Three Readings,Main motion,Carried,7,0,0,,,In favour,In favour,In favour,In favour,In favour,In favour,In favour,Other,,,,https://pub-portcoquitlam.escribemeetings.com/Meeting.aspx?Id=f5a6d185-6d47-4ff8-9e65-35a12c0b8166&Agenda=PostMinutes&lang=English,,https://councilrecord.ca/portcoquitlam.html#vote/no1xmk,"That “2025 Miscellaneous Bylaws Repeal Bylaw, 2025, No. 4414”, be given first three readings."
2025-10-14,Council Meeting,7.3,Development Procedures Amendment Bylaw - First Three Readings,Main motion,Carried,7,0,0,,,In favour,In favour,In favour,In favour,In favour,In favour,In favour,Development; Governance & elections,,,,https://pub-portcoquitlam.escribemeetings.com/Meeting.aspx?Id=f5a6d185-6d47-4ff8-9e65-35a12c0b8166&Agenda=PostMinutes&lang=English,,https://councilrecord.ca/portcoquitlam.html#vote/oi6b07,"That “Development Procedures Bylaw, 2013, No. 3849, Amendment Bylaw, 2025, No. 4419”, be given first three readings."
2025-10-14,Council Meeting,7.4,Bylaw Notice Enforcement Amendment Bylaw - Adoption,Main motion,Carried,7,0,0,,,In favour,In favour,In favour,In favour,In favour,In favour,In favour,Other,,,,https://pub-portcoquitlam.escribemeetings.com/Meeting.aspx?Id=f5a6d185-6d47-4ff8-9e65-35a12c0b8166&Agenda=PostMinutes&lang=English,,https://councilrecord.ca/portcoquitlam.html#vote/78dv5l,"That “Bylaw Notice Enforcement Bylaw, 2013, No. 3814, Amendment Bylaw, 2025, No. 4412”, be adopted."
2025-10-14,Council Meeting,7.5,Ticket Information Utilization Amendment Bylaw - Adoption,Main motion,Carried,7,0,0,,,In favour,In favour,In favour,In favour,In favour,In favour,In favour,Other,,,,https://pub-portcoquitlam.escribemeetings.com/Meeting.aspx?Id=f5a6d185-6d47-4ff8-9e65-35a12c0b8166&Agenda=PostMinutes&lang=English,,https://councilrecord.ca/portcoquitlam.html#vote/16v75oo,"That “Ticket Information Utilization Bylaw, 1992, No. 2743, Amendment Bylaw, 2025, No. 4413”, be adopted."
2025-10-14,Council Meeting,7.6,"Zoning Amendment Bylaw for 1884, 1904, 1912, 1920 and 1930 Harbour Street; 1887, 1893 and 1911 Prince Street; and 1155 Pitt River Road - Adoption",Main motion,Carried,7,0,0,,,In favour,In favour,In favour,In favour,In favour,In favour,In favour,Development,,,,https://pub-portcoquitlam.escribemeetings.com/Meeting.aspx?Id=f5a6d185-6d47-4ff8-9e65-35a12c0b8166&Agenda=PostMinutes&lang=English,,https://councilrecord.ca/portcoquitlam.html#vote/x3729r,"That “Zoning Bylaw, 2008, No. 3630, Amendment Bylaw, 2024, No. 4385”, be adopted for 1884, 1904,1912, 1920 and 1930 Harbour Street; 1887, 1893 and 1911 Prince Street; and 1155 Pitt River Road."
2025-10-14,Council Meeting,8.1,Temporary Use Permit for 880 Lougheed Highway,Main motion,Carried,7,0,0,,,In favour,In favour,In favour,In favour,In favour,In favour,In favour,Development,,,,https://pub-portcoquitlam.escribemeetings.com/Meeting.aspx?Id=f5a6d185-6d47-4ff8-9e65-35a12c0b8166&Agenda=PostMinutes&lang=English,,https://councilrecord.ca/portcoquitlam.html#vote/waeufi,"That Temporary Use Permit No. TUP000024 for 880 Lougheed Highway, be issued."
2025-10-14,Council Meeting,8.2,Development Permit Application for 1918 Harbour Street,Main motion,Carried,7,0,0,,,In favour,In favour,In favour,In favour,In favour,In favour,In favour,Housing & density; Development; Neighbourhood character,,,,https://pub-portcoquitlam.escribemeetings.com/Meeting.aspx?Id=f5a6d185-6d47-4ff8-9e65-35a12c0b8166&Agenda=PostMinutes&lang=English,,https://councilrecord.ca/portcoquitlam.html#vote/hk3ig,"That Council approve Development Permit DP000551, which regulates the form and character of a townhouse development at 1918 Harbour Street."
2025-10-28,Committee of Council Meeting,5.1,Rezoning Application Extension for 1806 Pitt River Road,Main motion,Carried,7,0,0,,,In favour,In favour,In favour,In favour,In favour,In favour,In favour,Housing & density; Development,,,,https://pub-portcoquitlam.escribemeetings.com/Meeting.aspx?Id=929ec0f4-317d-4ea1-9c1a-19baa136cf03&Agenda=PostMinutes&lang=English,,https://councilrecord.ca/portcoquitlam.html#vote/z2fwy4,"That Committee of Council extend the date of expiry for adoption of “Zoning Bylaw, 2008, No. 3630, Amendment Bylaw, 2023, No. 4338” to October 10, 2026."
2025-10-28,Committee of Council Meeting,5.2,Rezoning Application Extension for 1948 Grant Avenue,Main motion,Carried,7,0,0,,,In favour,In favour,In favour,In favour,In favour,In favour,In favour,Housing & density; Development,,,,https://pub-portcoquitlam.escribemeetings.com/Meeting.aspx?Id=929ec0f4-317d-4ea1-9c1a-19baa136cf03&Agenda=PostMinutes&lang=English,,https://councilrecord.ca/portcoquitlam.html#vote/bwtft7,"That Committee of Council extend the date of expiry for adoption of “Zoning Bylaw, 2008, No.3630, Amendment Bylaw, 2023, No. 4337” to October 24, 2026."
2025-10-28,Committee of Council Meeting,5.3,Official Community Plan Legislative Update (2025),Main motion,Carried,7,0,0,,,In favour,In favour,In favour,In favour,In favour,In favour,In favour,Housing & density; Development,,,,https://pub-portcoquitlam.escribemeetings.com/Meeting.aspx?Id=929ec0f4-317d-4ea1-9c1a-19baa136cf03&Agenda=PostMinutes&lang=English,,https://councilrecord.ca/portcoquitlam.html#vote/1a5cuxg,"That Committee of Council: direct staff to draft an OCP Amendment Bylaw as outlined in this report; and recommend Council support the early and ongoing consultation, as outlined in this report, to be undertaken for the proposed Official Community Plan amendment."
2025-10-28,Committee of Council Meeting,5.4,2025 Cemetery Bylaw Amendment,Main motion,Carried,7,0,0,,,In favour,In favour,In favour,In favour,In favour,In favour,In favour,Public services,,,,https://pub-portcoquitlam.escribemeetings.com/Meeting.aspx?Id=929ec0f4-317d-4ea1-9c1a-19baa136cf03&Agenda=PostMinutes&lang=English,,https://councilrecord.ca/portcoquitlam.html#vote/1xe4zqz,"That Committee of Council support the amendments to “Cemetery Bylaw, 2015, No. 3920”, as outlined in this report, and forward to Council for approval."
2025-10-28,Committee of Council Meeting,5.5,2026 Fees and Charges Bylaw,Main motion,Carried,7,0,0,,,In favour,In favour,In favour,In favour,In favour,In favour,In favour,Taxes & spending,,,,https://pub-portcoquitlam.escribemeetings.com/Meeting.aspx?Id=929ec0f4-317d-4ea1-9c1a-19baa136cf03&Agenda=PostMinutes&lang=English,,https://councilrecord.ca/portcoquitlam.html#vote/17idswu,"That Committee of Council support the proposed updates to the Fees and Charges Bylaw, and that a new bylaw be prepared for 2026 and sent to Council for approval."
2025-11-04,Special Council Meeting,4.1,Downtown Business Improvement Area Bylaw - First Three Readings,Main motion,Carried,6,0,1,,,In favour,In favour,In favour,In favour,Absent,In favour,In favour,Business & economy,,,,https://pub-portcoquitlam.escribemeetings.com/Meeting.aspx?Id=2417dbe6-9c79-444d-b2f7-8392e6791aa9&Agenda=PostMinutes&lang=English,,https://councilrecord.ca/portcoquitlam.html#vote/17tbxa8,"That “Downtown Business Improvement Area Bylaw, 2025, No. 4418” be given first three readings."
2025-11-04,Special Council Meeting,4.2,Cemetery Amendment Bylaw - First Three Readings,Main motion,Carried,6,0,1,,,In favour,In favour,In favour,In favour,Absent,In favour,In favour,Public services,,,,https://pub-portcoquitlam.escribemeetings.com/Meeting.aspx?Id=2417dbe6-9c79-444d-b2f7-8392e6791aa9&Agenda=PostMinutes&lang=English,,https://councilrecord.ca/portcoquitlam.html#vote/1t1oae9,"That “Cemetery Bylaw, 2015, No. 3920, Amendment Bylaw, 2025, No. 4423”, be given first three readings."
2025-11-04,Special Council Meeting,4.3,Fees and Charges Bylaw - First Three Readings,Main motion,Carried,6,0,1,,,In favour,In favour,In favour,In favour,Absent,In favour,In favour,Taxes & spending,,,,https://pub-portcoquitlam.escribemeetings.com/Meeting.aspx?Id=2417dbe6-9c79-444d-b2f7-8392e6791aa9&Agenda=PostMinutes&lang=English,,https://councilrecord.ca/portcoquitlam.html#vote/1fhie6x,"That “Fees and Charges Bylaw, 2025, No. 4415”, be given first three readings."
2025-11-04,Special Council Meeting,4.4,Development Procedures Amendment Bylaw - Adoption,Main motion,Carried,6,0,1,,,In favour,In favour,In favour,In favour,Absent,In favour,In favour,Development; Governance & elections,,,,https://pub-portcoquitlam.escribemeetings.com/Meeting.aspx?Id=2417dbe6-9c79-444d-b2f7-8392e6791aa9&Agenda=PostMinutes&lang=English,,https://councilrecord.ca/portcoquitlam.html#vote/1e9lvg2,"That “Development Procedures Bylaw, 2013, No. 3849, Amendment Bylaw, 2025, No. 4419”, be adopted."
2025-11-04,Special Council Meeting,4.5,2025 Miscellaneous Bylaws Repeal Bylaw - Adoption,Main motion,Carried,6,0,1,,,In favour,In favour,In favour,In favour,Absent,In favour,In favour,Other,,,,https://pub-portcoquitlam.escribemeetings.com/Meeting.aspx?Id=2417dbe6-9c79-444d-b2f7-8392e6791aa9&Agenda=PostMinutes&lang=English,,https://councilrecord.ca/portcoquitlam.html#vote/cqpqqx,"That “Miscellaneous Bylaws Repeal Bylaw, 2025, No. 4414”, be adopted."
2025-11-04,Special Council Meeting,5.1,Remedial Action Order 2419 and 2431 Mary Hill Rd,Main motion,Carried,6,0,1,,,In favour,In favour,In favour,In favour,Absent,In favour,In favour,Neighbourhood character; Public services,,,,https://pub-portcoquitlam.escribemeetings.com/Meeting.aspx?Id=2417dbe6-9c79-444d-b2f7-8392e6791aa9&Agenda=PostMinutes&lang=English,,https://councilrecord.ca/portcoquitlam.html#vote/sxyqqh,"WHEREAS the Council of the City of Port Coquitlam considers the condition of the properties located at 2419 and 2431 Mary Hill Road (the ""Properties"") to be a nuisance and a hazard as they create unsafe conditions and are a danger to public health and safety; AND WHEREAS the Council has considered the building location & condition and history of enforcement at the properties; NOW THEREFORE, pursuant to Sections 72, 73 and 74 of the Community Charter, Council of the City of Port Coquitlam, resolves: That the buildings identified in Attachment #1 to this report located at 2419 & 2431 Mary Hill Road creates an unsafe condition; That the registered owner of the Properties (the “Owner”) be required to completely demolish and remove the buildings identified in Attachment #1 to this report and restore the property to a safe and orderly condition; That the Owner be required to comply with this resolution by the date that is 30 days after notice of this resolution is served or provided by registered mail; and That if the Owner has not complied with this resolution within the specified time, City staff by its workers and others, may enter onto the Properties without further notice to the Owner and perform the work specified in this resolution; the cost of performing the work shall immediately become debt owed by the Owner to the City; and such debt, if unpaid by December 31, 2025, with applicable interest on the City's standard terms for unpaid accounts, may be recovered by transferring the debt to the property tax account for the Properties pursuant to Section 258 of the Community Charter."
2025-11-04,Committee of Council Meeting,4.1,Development Permit Application for 850 Village Drive (Building P) - Further Information,Main motion,Carried,6,0,1,,,In favour,In favour,In favour,In favour,Absent,In favour,In favour,Development,,,,https://pub-portcoquitlam.escribemeetings.com/Meeting.aspx?Id=b207bf1b-2993-45e8-a123-909ff1fbd06b&Agenda=PostMinutes&lang=English,,https://councilrecord.ca/portcoquitlam.html#vote/7tqhey,That Committee of Council: approve Development Permit DP000547 which will regulate the development of a mixed-use building and landscaping at 850 Village Drive; and direct staff to bring forward an assessment of the current development regulations and policies for Fremont Village for Committee review and consideration.
2025-11-04,Committee of Council Meeting,4.2,Zoning Bylaw Amendment for Properties in the 2200 Blocks of Fraser and Manning Avenues,Main motion,Carried,6,0,1,,,In favour,In favour,In favour,In favour,Absent,In favour,In favour,Development,,,,https://pub-portcoquitlam.escribemeetings.com/Meeting.aspx?Id=b207bf1b-2993-45e8-a123-909ff1fbd06b&Agenda=PostMinutes&lang=English,,https://councilrecord.ca/portcoquitlam.html#vote/g0fqt4,"That Committee of Council recommend to Council they amend the zoning of 2227, 2235, 2243, 2247, 2253, 2255 and 2259 Manning Avenue, 2226, 2238, 2246, 2254, 2256 and 2260 Fraser Avenue and 3067 and 3075 Shaughnessy Street from RS1 (Residential Small-Scale 1) to RA1 (Residential Apartment 1)."
2025-11-12,Council Meeting,5,Delegations,Main motion,Carried,6,0,1,,,In favour,In favour,In favour,In favour,In favour,In favour,Absent,Governance & elections,,,,https://pub-portcoquitlam.escribemeetings.com/Meeting.aspx?Id=c78a4396-d4d4-453f-9de6-009ca1258906&Agenda=PostMinutes&lang=English,,https://councilrecord.ca/portcoquitlam.html#vote/1fp75sb,"MOTION TO RECESS FOR PUBLIC HEARING Recommendation: That the Wednesday, November 12, 2025, Council meeting be recessed. (5:01 p.m.)"
2025-11-12,Council Meeting,6.1,Zoning Amendment Bylaw for 2111 Hawthorne Avenue,Main motion,Carried,6,0,1,,,In favour,In favour,In favour,In favour,In favour,In favour,Absent,Development,1 of 2,,,https://pub-portcoquitlam.escribemeetings.com/Meeting.aspx?Id=c78a4396-d4d4-453f-9de6-009ca1258906&Agenda=PostMinutes&lang=English,,https://councilrecord.ca/portcoquitlam.html#vote/dfhvbn,"MOTION TO ADJOURN THE PUBLIC HEARING Recommendation: That the Wednesday, November 12, 2025, Public Hearing be adjourned. (5:26 p.m.)"
2025-11-12,Council Meeting,6.1,Zoning Amendment Bylaw for 2111 Hawthorne Avenue,Main motion,Carried,6,0,1,,,In favour,In favour,In favour,In favour,In favour,In favour,Absent,Development,2 of 2,,,https://pub-portcoquitlam.escribemeetings.com/Meeting.aspx?Id=c78a4396-d4d4-453f-9de6-009ca1258906&Agenda=PostMinutes&lang=English,,https://councilrecord.ca/portcoquitlam.html#vote/nwskzm,"MOTION TO RECONVENE THE COUNCIL MEETING Recommendation: That the Wednesday, November 12, 2025, Council meeting be reconvened. (5:27 p.m.)"
2025-11-12,Council Meeting,7.1,Zoning Amendment Bylaw for 2111 Hawthorne Avenue - Third Reading and Adoption,Main motion,Carried,6,0,1,,,In favour,In favour,In favour,In favour,In favour,In favour,Absent,Development,,,,https://pub-portcoquitlam.escribemeetings.com/Meeting.aspx?Id=c78a4396-d4d4-453f-9de6-009ca1258906&Agenda=PostMinutes&lang=English,,https://councilrecord.ca/portcoquitlam.html#vote/1aj1y6d,"That “Zoning Bylaw, 2008, No. 3630, Amendment Bylaw, 2025, No. 4416”, be given third reading and be adopted."
2025-11-12,Council Meeting,7.2,Road Closure and Removal of Highway Dedication Bylaw for a portion of Essex Avenue - First Three Readings,Main motion,Carried,6,0,1,,,In favour,In favour,In favour,In favour,In favour,In favour,Absent,Development; Transportation,,,,https://pub-portcoquitlam.escribemeetings.com/Meeting.aspx?Id=c78a4396-d4d4-453f-9de6-009ca1258906&Agenda=PostMinutes&lang=English,,https://councilrecord.ca/portcoquitlam.html#vote/228u5c,"That “Road Closure Bylaw and Removal of Highway Dedication for a Portion of Essex Avenue, 2025, No. 4420”, be given first three readings."
2025-11-12,Council Meeting,7.3,Zoning Amendment Bylaw for 3552 Oxford Street - First Three Readings,Main motion,Carried,6,0,1,,,In favour,In favour,In favour,In favour,In favour,In favour,Absent,Development,,,,https://pub-portcoquitlam.escribemeetings.com/Meeting.aspx?Id=c78a4396-d4d4-453f-9de6-009ca1258906&Agenda=PostMinutes&lang=English,,https://councilrecord.ca/portcoquitlam.html#vote/1bhnuic,"That “Zoning Bylaw, 2008, No. 3630, Amendment Bylaw, 2025, No. 4417”, be given first three readings."
2025-11-12,Council Meeting,7.4,Zoning Amendment Bylaw for 1787 Langan Avenue - First Three Readings,Main motion,Carried,6,0,1,,,In favour,In favour,In favour,In favour,In favour,In favour,Absent,Development,,,,https://pub-portcoquitlam.escribemeetings.com/Meeting.aspx?Id=c78a4396-d4d4-453f-9de6-009ca1258906&Agenda=PostMinutes&lang=English,,https://councilrecord.ca/portcoquitlam.html#vote/263y4w,"That “Zoning Bylaw, 2008, No. 3630, Amendment Bylaw, 2025, No. 4421”, be given first three readings."
2025-11-12,Council Meeting,7.5,Fees and Charges Bylaw - Rescind Third Reading and Re-Read,Main motion,Carried,6,0,1,,,In favour,In favour,In favour,In favour,In favour,In favour,Absent,Taxes & spending,,,,https://pub-portcoquitlam.escribemeetings.com/Meeting.aspx?Id=c78a4396-d4d4-453f-9de6-009ca1258906&Agenda=PostMinutes&lang=English,,https://councilrecord.ca/portcoquitlam.html#vote/jj0wu1,"That ""Fees and Charges Bylaw, 2025, No. 4415”, have third reading rescinded, and that the Bylaw be re-read with revisions to Schedule D."
2025-11-12,Council Meeting,7.6,Cemetery Amendment Bylaw - Adoption,Main motion,Carried,6,0,1,,,In favour,In favour,In favour,In favour,In favour,In favour,Absent,Public services,,,,https://pub-portcoquitlam.escribemeetings.com/Meeting.aspx?Id=c78a4396-d4d4-453f-9de6-009ca1258906&Agenda=PostMinutes&lang=English,,https://councilrecord.ca/portcoquitlam.html#vote/tiibu2,"That “Cemetery Bylaw, 2015, No. 3920, Amendment Bylaw, 2025, No. 4423”, be adopted."
2025-11-12,Council Meeting,8.1,2026 Council and Committee of Council Meeting Schedule,Main motion,Carried,6,0,1,,,In favour,In favour,In favour,In favour,In favour,In favour,Absent,Governance & elections,,,,https://pub-portcoquitlam.escribemeetings.com/Meeting.aspx?Id=c78a4396-d4d4-453f-9de6-009ca1258906&Agenda=PostMinutes&lang=English,,https://councilrecord.ca/portcoquitlam.html#vote/sto2wi,That Council approve the 2026 Council and Committee of Council Meeting Schedule.
2025-11-25,Committee of Council Meeting,4.1,Zoning Bylaw Housekeeping Amendments,Main motion,Carried,7,0,0,,,In favour,In favour,In favour,In favour,In favour,In favour,In favour,Development; Governance & elections,,,,https://pub-portcoquitlam.escribemeetings.com/Meeting.aspx?Id=2f87591b-c8f2-4ed4-afb3-b4c7f44ccfbc&Agenda=PostMinutes&lang=English,,https://councilrecord.ca/portcoquitlam.html#vote/1eqmzgk,That Committee of Council: recommend to Council that the Zoning Bylaw be amended as described in this report; and waive the requirement for a public hearing as the proposed amendments are consistent with the Official Community Plan.
2025-11-25,Council Meeting,7.1,Official Community Plan (OCP) Amendment Bylaw - First Two Readings,Main motion,Carried,7,0,0,,,In favour,In favour,In favour,In favour,In favour,In favour,In favour,Housing & density; Development,,,,https://pub-portcoquitlam.escribemeetings.com/Meeting.aspx?Id=ba9a8f84-d740-49e0-b53b-d35600a62892&Agenda=PostMinutes&lang=English,,https://councilrecord.ca/portcoquitlam.html#vote/bgfzwu,"That “Official Community Plan Bylaw, 2013, No. 3838, Amendment Bylaw, 2025, No. 4422” be given first two readings."
2025-11-25,Council Meeting,7.2,Zoning Amendment Bylaw for 2200 Blocks of Fraser and Manning Avenues - First Three Readings,Main motion,Carried,7,0,0,,,In favour,In favour,In favour,In favour,In favour,In favour,In favour,Development,,,,https://pub-portcoquitlam.escribemeetings.com/Meeting.aspx?Id=ba9a8f84-d740-49e0-b53b-d35600a62892&Agenda=PostMinutes&lang=English,,https://councilrecord.ca/portcoquitlam.html#vote/1prv09u,"That “Zoning Bylaw, 2008, No. 3630, Amendment Bylaw, 2025, No. 4424” for 2227, 2235, 2243, 2247, 2253, 2255 and 2259 Manning Avenue, 2226, 2238, 2246, 2254, 2256 and 2260 Fraser Avenue and 3067 and 3075 Shaughnessy Street be given first three readings."
2025-11-25,Council Meeting,7.3,Council and Committee Procedures Bylaw - First Three Readings,Main motion,Carried,6,0,1,,,In favour,In favour,In favour,In favour,Absent,In favour,In favour,Governance & elections,,,,https://pub-portcoquitlam.escribemeetings.com/Meeting.aspx?Id=ba9a8f84-d740-49e0-b53b-d35600a62892&Agenda=PostMinutes&lang=English,,https://councilrecord.ca/portcoquitlam.html#vote/1eo9vy6,"That “Council and Committee Procedures Bylaw, 2015, No. 3898, Amendment Bylaw, 2025, No. 4425”, be given first three readings."
2025-11-25,Council Meeting,7.4,Road Closure and Removal of Highway Dedication Bylaw for a Portion of Essex Avenue - Adoption,Main motion,Carried,6,0,1,,,In favour,In favour,In favour,In favour,Absent,In favour,In favour,Development; Transportation,,,,https://pub-portcoquitlam.escribemeetings.com/Meeting.aspx?Id=ba9a8f84-d740-49e0-b53b-d35600a62892&Agenda=PostMinutes&lang=English,,https://councilrecord.ca/portcoquitlam.html#vote/se91xr,"That “Road Closure and Removal of Highway Dedication Bylaw for a Portion of Essex Avenue, 2025, No. 4420”, be adopted."
2025-11-25,Council Meeting,7.5,Fees and Charges Bylaw - Adoption,Main motion,Carried,6,0,1,,,In favour,In favour,In favour,In favour,Absent,In favour,In favour,Taxes & spending,,,,https://pub-portcoquitlam.escribemeetings.com/Meeting.aspx?Id=ba9a8f84-d740-49e0-b53b-d35600a62892&Agenda=PostMinutes&lang=English,,https://councilrecord.ca/portcoquitlam.html#vote/og9c4g,"That “Fees and Charges Bylaw, 2025, No. 4415”, be adopted."
2025-12-02,Special Council Meeting,4.1,Zoning Amendment Bylaw (Housekeeping) - First Three Readings,Main motion,Carried,6,0,1,,,In favour,In favour,In favour,In favour,In favour,In favour,Absent,Development; Governance & elections,,,,https://pub-portcoquitlam.escribemeetings.com/Meeting.aspx?Id=70a0c09a-ce82-4da6-9a2a-2e74ddc24533&Agenda=PostMinutes&lang=English,,https://councilrecord.ca/portcoquitlam.html#vote/13p9khk,"That “Zoning Amendment Bylaw, 2008, No. 3630, Amendment Bylaw, 2025, No. 4426”, be given first three readings."
2025-12-09,Committee of Council Meeting,5.1,Development Cost Charge Bylaw Amendments - Parks,Main motion,Carried,5,0,2,,,Absent,In favour,In favour,Absent,In favour,In favour,In favour,Housing & density; Development; Taxes & spending; Parks & recreation,,,,https://pub-portcoquitlam.escribemeetings.com/Meeting.aspx?Id=e0d11b28-6fb9-4528-b15a-74eb735e0ef8&Agenda=PostMinutes&lang=English,,https://councilrecord.ca/portcoquitlam.html#vote/1henfw1,"That Committee of Council recommend Council support amendments to the Development Cost Charge Bylaw and direct staff to refer the DCC Bylaw and DCC Background Report to the Ministry of Housing and Municipal Affairs for review and approval by the Inspector of Municipalities, prior to adoption of the bylaw."
2025-12-16,Committee of Council Meeting,4.1,Resolution to Close,Main motion,Carried,7,0,0,,,In favour,In favour,In favour,In favour,In favour,In favour,In favour,Governance & elections,,,,https://pub-portcoquitlam.escribemeetings.com/Meeting.aspx?Id=d8f6ca3e-25ab-4e66-8e21-15504f4db2a1&Agenda=PostMinutes&lang=English,,https://councilrecord.ca/portcoquitlam.html#vote/u991zu,MOTION TO RECONVENE Moved-Seconded: That the Committee of Council Meeting meeting be reconvened. (1:58 p.m.)
2025-12-16,Committee of Council Meeting,5.1,Further Information for Development Permit and Development Variance Permit for 2365 and 2371 Kelly Avenue,Main motion,Carried,7,0,0,,,In favour,In favour,In favour,In favour,In favour,In favour,In favour,Development,1 of 4,,,https://pub-portcoquitlam.escribemeetings.com/Meeting.aspx?Id=d8f6ca3e-25ab-4e66-8e21-15504f4db2a1&Agenda=PostMinutes&lang=English,,https://councilrecord.ca/portcoquitlam.html#vote/7wh1ya,Amendment:
2025-12-16,Committee of Council Meeting,5.1,Further Information for Development Permit and Development Variance Permit for 2365 and 2371 Kelly Avenue,Main motion,Carried,7,0,0,,,In favour,In favour,In favour,In favour,In favour,In favour,In favour,Development; Transportation,2 of 4,,,https://pub-portcoquitlam.escribemeetings.com/Meeting.aspx?Id=d8f6ca3e-25ab-4e66-8e21-15504f4db2a1&Agenda=PostMinutes&lang=English,,https://councilrecord.ca/portcoquitlam.html#vote/8dqmo5,"Original Motion as Amended Moved-Seconded: That Committee of Council direct staff to: Work with the applicant to incorporate one or more of the proposed parking variance impact mitigation measures identified in this report into revised Development Variance Permit and Development Permit applications; Draft a proposed Memorandum of Understanding (MOU) , or other such instrument, with BC Housing that provides greater clarity as to their intent to retain New View Society as the long-term operator of the facility; and Bring the revised applications forward to Committee of Council for further consideration."
2025-12-16,Committee of Council Meeting,5.1,Further Information for Development Permit and Development Variance Permit for 2365 and 2371 Kelly Avenue,Main motion,Carried,7,0,0,,,In favour,In favour,In favour,In favour,In favour,In favour,In favour,Development,3 of 4,,,https://pub-portcoquitlam.escribemeetings.com/Meeting.aspx?Id=d8f6ca3e-25ab-4e66-8e21-15504f4db2a1&Agenda=PostMinutes&lang=English,,https://councilrecord.ca/portcoquitlam.html#vote/1w5iey8,MOTION TO RECESS Moved-Seconded: That the Committee of Council Meeting be recessed. (3:10 p.m.)
2025-12-16,Committee of Council Meeting,5.1,Further Information for Development Permit and Development Variance Permit for 2365 and 2371 Kelly Avenue,Main motion,Carried,7,0,0,,,In favour,In favour,In favour,In favour,In favour,In favour,In favour,Development,4 of 4,,,https://pub-portcoquitlam.escribemeetings.com/Meeting.aspx?Id=d8f6ca3e-25ab-4e66-8e21-15504f4db2a1&Agenda=PostMinutes&lang=English,,https://councilrecord.ca/portcoquitlam.html#vote/1fdqvo2,MOTION TO RECONVENE Moved-Seconded: That the Committee of Council Meeting be reconvened. (3:14 p.m.)
2025-12-16,Committee of Council Meeting,5.2,Rezoning Application for 1840 McLean Avenue,Main motion,Carried,7,0,0,,,In favour,In favour,In favour,In favour,In favour,In favour,In favour,Housing & density; Development; Business & economy,,,,https://pub-portcoquitlam.escribemeetings.com/Meeting.aspx?Id=d8f6ca3e-25ab-4e66-8e21-15504f4db2a1&Agenda=PostMinutes&lang=English,,https://councilrecord.ca/portcoquitlam.html#vote/11h140s,"That Committee of Council recommend to Council that: The zoning of 1840 McLean Avenue be amended from RS3 (Residential Small-Scale 3) to M4 (Intensive Light Industrial); Staff be authorized to provide notice of an application to vary the Parking and Development Management bylaw requirement for minimum off-street parking for 1840 McLean Avenue and 1979 Brown Street, and advise Council that issuance of Development Variance Permit DVP00069 is supported; and Prior to the adoption of the amendment bylaw the following conditions be met to the satisfaction of the Director of Development Services: Installation of tree protection fencing for on-site and off-site trees; Demolition of the existing buildings and structures; Discharge of the existing legal agreements and registration of agreements to ensure reciprocal access and shared parking between 1840 McLean and 1979 Brown Street; and Completion of the design and submission fees and securities for off-site works and services."
2025-12-16,Committee of Council Meeting,5.3,Rezoning Application Extension for 1675 Pitt River Road,Main motion,Carried,7,0,0,,,In favour,In favour,In favour,In favour,In favour,In favour,In favour,Housing & density; Development,,,,https://pub-portcoquitlam.escribemeetings.com/Meeting.aspx?Id=d8f6ca3e-25ab-4e66-8e21-15504f4db2a1&Agenda=PostMinutes&lang=English,,https://councilrecord.ca/portcoquitlam.html#vote/h19k9k,"That Committee of Council extend the date of expiry for adoption of “Zoning Bylaw, 2008, No. 3630, Amendment Bylaw, 2023, No. 4343” to October 24, 2026."
2025-12-16,Committee of Council Meeting,5.4,Rezoning Application for 2090 Lougheed Highway,Referral,Carried,7,0,0,,,In favour,In favour,In favour,In favour,In favour,In favour,In favour,Housing & density; Development; Transportation,,,,https://pub-portcoquitlam.escribemeetings.com/Meeting.aspx?Id=d8f6ca3e-25ab-4e66-8e21-15504f4db2a1&Agenda=PostMinutes&lang=English,,https://councilrecord.ca/portcoquitlam.html#vote/y4ob1e,That the application be referred to staff for additional information including a traffic impact assessment and how the safety concerns raised by Committee of Council will be addressed by the property owner.
2025-12-16,Committee of Council Meeting,5.5,Rezoning Application for 1934 Warwick Crescent,Main motion,Carried,7,0,0,,,In favour,In favour,In favour,In favour,In favour,In favour,In favour,Housing & density; Development,,,,https://pub-portcoquitlam.escribemeetings.com/Meeting.aspx?Id=d8f6ca3e-25ab-4e66-8e21-15504f4db2a1&Agenda=PostMinutes&lang=English,,https://councilrecord.ca/portcoquitlam.html#vote/o51ajw,"That Committee of Council recommend to Council that: The zoning of 1934 Warwick Crescent be amended from RS1 (Residential Small-Scale 1) to RS2 (Residential Small-Scale 2); and Prior to adoption of the amendment bylaw, the following conditions be met to the satisfaction of the Director of Development Services: Installation of tree protection fencing for on-site and off-site trees to be retained; Demolition of the existing buildings and structures; Subdivision plans to the satisfaction of the municipal approval officer; and Completion of the of the design and submission of fees and securities for off-site works and services."
2025-12-16,Committee of Council Meeting,5.6,Transportation Demand Management Measures for New Development,Main motion,Carried,7,0,0,,,In favour,In favour,In favour,In favour,In favour,In favour,In favour,Transportation; Parks & recreation,1 of 3,,,https://pub-portcoquitlam.escribemeetings.com/Meeting.aspx?Id=d8f6ca3e-25ab-4e66-8e21-15504f4db2a1&Agenda=PostMinutes&lang=English,,https://councilrecord.ca/portcoquitlam.html#vote/wq9cib,That Committee of Council: endorse the approach to implementing Transportation Demand Management measures in new development as described in this report; and direct staff to prepare the appropriate bylaw amendments and supportive policies/guidelines for Council consideration.
2025-12-16,Committee of Council Meeting,5.6,Transportation Demand Management Measures for New Development,Main motion,Carried,7,0,0,,,In favour,In favour,In favour,In favour,In favour,In favour,In favour,Transportation; Parks & recreation,2 of 3,,,https://pub-portcoquitlam.escribemeetings.com/Meeting.aspx?Id=d8f6ca3e-25ab-4e66-8e21-15504f4db2a1&Agenda=PostMinutes&lang=English,,https://councilrecord.ca/portcoquitlam.html#vote/zpvoy0,MOTION TO RECESS Moved-Seconded: That the Committee of Council Meeting be recessed. (4:16 p.m.)
2025-12-16,Committee of Council Meeting,5.6,Transportation Demand Management Measures for New Development,Main motion,Carried,7,0,0,,,In favour,In favour,In favour,In favour,In favour,In favour,In favour,Transportation; Parks & recreation,3 of 3,,,https://pub-portcoquitlam.escribemeetings.com/Meeting.aspx?Id=d8f6ca3e-25ab-4e66-8e21-15504f4db2a1&Agenda=PostMinutes&lang=English,,https://councilrecord.ca/portcoquitlam.html#vote/mu6ebh,MOTION TO RECONVENE Moved-Seconded: That the Committee of Council Meeting be reconvened. (5:43 p.m.)
2025-12-16,Committee of Council Meeting,5.7,Capital Plan (verbal report),Main motion,Carried,7,0,0,,,In favour,In favour,In favour,In favour,In favour,In favour,In favour,Taxes & spending; Public services,1 of 12,,,https://pub-portcoquitlam.escribemeetings.com/Meeting.aspx?Id=d8f6ca3e-25ab-4e66-8e21-15504f4db2a1&Agenda=PostMinutes&lang=English,,https://councilrecord.ca/portcoquitlam.html#vote/7s8xqx,"That Committee of Council approve the 2026 Additions totalling $1,836,500 as follows: Bobcat Flail Mower Attachment - $32,000 Bulk Water Meters and PRV's Asset Condition Assessment $80,000 Community Policing Vehicle - $52,500 Fencing for City Events - $50,000 Fleet Replacement - Automated Garbage Truck - $650,000 Fleet Replacement - Custom Utility - $400,000 Gately Avenue Storm Flap Gate - $25,000 Invasive Plant Removal & Remediation (2026-2030) - $60,000 Langan Sanitary Sewer Upgrade - $75,000 Meridian Vehicle Barriers for City Events - $220,000 Parks Furniture Replacement - $40,000 PoCo Heritage Exhibit Opportunities - $40,000 Pump Station Controller Upgrades - $42,000 Sidewalk Street Sweeper Attachments - $70,000"
2025-12-16,Committee of Council Meeting,5.7,Capital Plan (verbal report),Main motion,Carried,5,2,0,,,In favour,In favour,In favour,In favour,In favour,Against,Against,Taxes & spending; Transportation; Parks & recreation,2 of 12,,,https://pub-portcoquitlam.escribemeetings.com/Meeting.aspx?Id=d8f6ca3e-25ab-4e66-8e21-15504f4db2a1&Agenda=PostMinutes&lang=English,,https://councilrecord.ca/portcoquitlam.html#vote/1m424x9,"After further discussion on Fleet Replacement - Horticulture Trucks, Outdoor Gym Equipment and Sign Shop Equipment: Fleet Replacement - Horticulture Trucks Moved-Seconded: That $465,000 for Fleet Replacement - Horticulture Trucks be approved."
2025-12-16,Committee of Council Meeting,5.7,Capital Plan (verbal report),Main motion,Defeated,3,4,0,,,Against,Against,Against,In favour,In favour,Against,In favour,Taxes & spending,3 of 12,,,https://pub-portcoquitlam.escribemeetings.com/Meeting.aspx?Id=d8f6ca3e-25ab-4e66-8e21-15504f4db2a1&Agenda=PostMinutes&lang=English,,https://councilrecord.ca/portcoquitlam.html#vote/1qn8css,Amendment:
2025-12-16,Committee of Council Meeting,5.7,Capital Plan (verbal report),Main motion,Carried,6,1,0,,,In favour,In favour,In favour,In favour,In favour,In favour,Against,Taxes & spending,4 of 12,,,https://pub-portcoquitlam.escribemeetings.com/Meeting.aspx?Id=d8f6ca3e-25ab-4e66-8e21-15504f4db2a1&Agenda=PostMinutes&lang=English,,https://councilrecord.ca/portcoquitlam.html#vote/1ebjjap,"That $250,000 for Outdoor Gym Equipment be approved."
2025-12-16,Committee of Council Meeting,5.7,Capital Plan (verbal report),Main motion,Carried,7,0,0,,,In favour,In favour,In favour,In favour,In favour,In favour,In favour,Taxes & spending,5 of 12,,,https://pub-portcoquitlam.escribemeetings.com/Meeting.aspx?Id=d8f6ca3e-25ab-4e66-8e21-15504f4db2a1&Agenda=PostMinutes&lang=English,,https://councilrecord.ca/portcoquitlam.html#vote/1mz1388,"Sign Shop Equipment Moved-Seconded : That $40,000 for Sign Shop Equipment be approved."
2025-12-16,Committee of Council Meeting,5.7,Capital Plan (verbal report),Main motion,Carried,7,0,0,,,In favour,In favour,In favour,In favour,In favour,In favour,In favour,Taxes & spending,6 of 12,,,https://pub-portcoquitlam.escribemeetings.com/Meeting.aspx?Id=d8f6ca3e-25ab-4e66-8e21-15504f4db2a1&Agenda=PostMinutes&lang=English,,https://councilrecord.ca/portcoquitlam.html#vote/pkiun0,"2026 Amendments Moved-Seconded : That Committee of Council approve the Amendments totalling $682,080 in 2026, as follows: Irrigation Expansion (2022-2026) - $30,000 Lacrosse Box Rehabilitation - $200,000 M365 SharePoint Migration - $200,000 Park Playground Improvements ($210,000) Public Safety Building Upgrades ($55,720) Sidewalks & Pedestrian Safety $170,000 Traffic Calming - $60,000 Water Meter Replacements $287,800"
2025-12-16,Committee of Council Meeting,5.7,Capital Plan (verbal report),Main motion,Carried,7,0,0,,,In favour,In favour,In favour,In favour,In favour,In favour,In favour,Taxes & spending,7 of 12,,,https://pub-portcoquitlam.escribemeetings.com/Meeting.aspx?Id=d8f6ca3e-25ab-4e66-8e21-15504f4db2a1&Agenda=PostMinutes&lang=English,,https://councilrecord.ca/portcoquitlam.html#vote/13ybqae,"Neighbourhood Rehabilitation Projects Moved-Seconded : That Committee of Council approve the Neighbourhood Rehabilitation Projects totalling $618,600 in 2027 as follows: Gately Avenue Storm Flap Gate - $150,000 Langan Sanitary Sewer Upgrade - $300,000 Water Meter Replacements - $168,600"
2025-12-16,Committee of Council Meeting,5.7,Capital Plan (verbal report),Main motion,Carried,7,0,0,,,In favour,In favour,In favour,In favour,In favour,In favour,In favour,Taxes & spending,8 of 12,,,https://pub-portcoquitlam.escribemeetings.com/Meeting.aspx?Id=d8f6ca3e-25ab-4e66-8e21-15504f4db2a1&Agenda=PostMinutes&lang=English,,https://councilrecord.ca/portcoquitlam.html#vote/159g3qc,"Other Rehabilitation Projects Moved-Seconded : That Committee of Council approve the Other Rehabilitation Projects totalling $2,532,343 in 2027 as follows: City Hall Building Envelope - $500,000 Fleet Replacement - Small Equipment - $55,000 IS Asset Replacements - $270,000 Park Playground Improvements - $405,000 Parks Furniture Replacement - $40,000 PoCo Trail Resurfacing - $90,000 Public Safety Building Upgrades - $396,343 Pump Station Controller Upgrades - $42,000 Sign Shop Equipment - $25,000 Solid Waste Carts & Locks - $250,000 Sport Court & Field Components (2026-2030) - $50,000 Telephone System Replacement - $325,000 Traffic Signal Relamping (2024-2028) - $84,000"
2025-12-16,Committee of Council Meeting,5.7,Capital Plan (verbal report),Main motion,Carried,7,0,0,,,In favour,In favour,In favour,In favour,In favour,In favour,In favour,Taxes & spending; Parks & recreation; Governance & elections,9 of 12,,,https://pub-portcoquitlam.escribemeetings.com/Meeting.aspx?Id=d8f6ca3e-25ab-4e66-8e21-15504f4db2a1&Agenda=PostMinutes&lang=English,,https://councilrecord.ca/portcoquitlam.html#vote/1cnc9sp,2027 New Mayor West asked Committee of Council if there were any 2027 New items to be pulled for further discussion. Committee members asked that the following item be further considered: PCCC Arena 2 Acoustic Panels Transit Stop Improvements
2025-12-16,Committee of Council Meeting,5.7,Capital Plan (verbal report),Main motion,Carried,7,0,0,,,In favour,In favour,In favour,In favour,In favour,In favour,In favour,Taxes & spending; Environment & climate,10 of 12,,,https://pub-portcoquitlam.escribemeetings.com/Meeting.aspx?Id=d8f6ca3e-25ab-4e66-8e21-15504f4db2a1&Agenda=PostMinutes&lang=English,,https://councilrecord.ca/portcoquitlam.html#vote/pqcojx,"That Committee of Council approve the 2027 New totalling $1,591,050 as follows: Banners - $29,800 Earth Day Tree Sales and Celebration - $23,750 Invasive Plant Removal & Remediation (2026-2030) - $60,000 Lane Paving - $680,000 Pavement Rehabilitation - $150,000 PFAS-Free gear - $100,000 Rain Barrel Program - $2,500 Score/Shot Clock - $75,000 Traffic Calming - $390,000 Transit Shelters - $80,000"
2025-12-16,Committee of Council Meeting,5.7,Capital Plan (verbal report),Main motion,Carried,7,0,0,,,In favour,In favour,In favour,In favour,In favour,In favour,In favour,Taxes & spending; Transportation; Parks & recreation,11 of 12,,,https://pub-portcoquitlam.escribemeetings.com/Meeting.aspx?Id=d8f6ca3e-25ab-4e66-8e21-15504f4db2a1&Agenda=PostMinutes&lang=English,,https://councilrecord.ca/portcoquitlam.html#vote/qna24n,"After further discussion on PCCC Arena 2 Acoustic Panels and Transit Stop Improvements: PCCC Arena 2 Acoustic Panels Moved-Seconded: That $193,200 for PCCC Arena 2 Acoustic Panels be approved."
2025-12-16,Committee of Council Meeting,5.7,Capital Plan (verbal report),Main motion,Carried,7,0,0,,,In favour,In favour,In favour,In favour,In favour,In favour,In favour,Taxes & spending; Transportation,12 of 12,,,https://pub-portcoquitlam.escribemeetings.com/Meeting.aspx?Id=d8f6ca3e-25ab-4e66-8e21-15504f4db2a1&Agenda=PostMinutes&lang=English,,https://councilrecord.ca/portcoquitlam.html#vote/ey4y1s,"Transit Stop Improvements Moved-Seconded : That $55,000 for Transit Stop Improvements be approved."
2026-01-13,Council Meeting,7.1,Zoning Amendment Bylaw for 1840 McLean Avenue - First Two Readings,Main motion,Carried,7,0,0,,,In favour,In favour,In favour,In favour,In favour,In favour,In favour,Development,,,,https://pub-portcoquitlam.escribemeetings.com/Meeting.aspx?Id=3a515854-ba4e-49e5-b7f1-2efbc024a3d6&Agenda=PostMinutes&lang=English,,https://councilrecord.ca/portcoquitlam.html#vote/w229pe,"That “Zoning Bylaw, 2008, No. 3630, Amendment Bylaw, 2026, No. 4427” be given first two readings."
2026-01-13,Council Meeting,7.2,Zoning Amendment Bylaw for 1934 Warwick Crescent - First Three Readings,Main motion,Carried,7,0,0,,,In favour,In favour,In favour,In favour,In favour,In favour,In favour,Development,,,,https://pub-portcoquitlam.escribemeetings.com/Meeting.aspx?Id=3a515854-ba4e-49e5-b7f1-2efbc024a3d6&Agenda=PostMinutes&lang=English,,https://councilrecord.ca/portcoquitlam.html#vote/tjb1qf,"That “Zoning Bylaw, 2008, No. 3630, Amendment Bylaw, 2026, No. 4429”, be given first three readings."
2026-01-13,Council Meeting,7.3,Development Cost Charge Amendment Bylaw - First Three Readings,Main motion,Carried,7,0,0,,,In favour,In favour,In favour,In favour,In favour,In favour,In favour,Development; Taxes & spending,,,,https://pub-portcoquitlam.escribemeetings.com/Meeting.aspx?Id=3a515854-ba4e-49e5-b7f1-2efbc024a3d6&Agenda=PostMinutes&lang=English,,https://councilrecord.ca/portcoquitlam.html#vote/cwiwem,"That “Development Cost Charge Bylaw, 2023, No. 4320, Amendment Bylaw, 2026, No. 4431”, be given first three readings."
2026-01-13,Committee of Council Meeting,4.1,2026 Operating Budget,Main motion,Carried,7,0,0,,,In favour,In favour,In favour,In favour,In favour,In favour,In favour,Taxes & spending,,,,https://pub-portcoquitlam.escribemeetings.com/Meeting.aspx?Id=907d7fb5-4be6-47d4-9c47-1bf8200c40a6&Agenda=PostMinutes&lang=English,,https://councilrecord.ca/portcoquitlam.html#vote/9twzch,That Committee of Council authorize staff to issue the 2026 draft operating budget for public consultation.
2026-01-13,Committee of Council Meeting,4.2,Rezoning Application for 1551 Lincoln Avenue,Main motion,Carried,7,0,0,,,In favour,In favour,In favour,In favour,In favour,In favour,In favour,Housing & density; Development; Public services,,,,https://pub-portcoquitlam.escribemeetings.com/Meeting.aspx?Id=907d7fb5-4be6-47d4-9c47-1bf8200c40a6&Agenda=PostMinutes&lang=English,,https://councilrecord.ca/portcoquitlam.html#vote/2612l,"That Committee of Council recommend to Council that: The zoning of 1551 Lincoln Avenue be amended from RS1 (Residential Small-Scale 1) to P2 (Institutional) with a site-specific restriction for a child care use; and Prior to adoption of the amending bylaw, the following conditions be met to the satisfaction of the Director of Development Services: Installation of protective fencing for on and off-site trees; Completion of design and submission of fees and securities for off-site works and services; Submission of subdivision plan for corner cuts; and Registration of a covenant to ensure the child care facility and landscaping are constructed in accordance with the proposed design concept."
2026-01-13,Committee of Council Meeting,6,Mayor'S Update,Main motion,Carried,7,0,0,,,In favour,In favour,In favour,In favour,In favour,In favour,In favour,Development; Parks & recreation; Business & economy,,,,https://pub-portcoquitlam.escribemeetings.com/Meeting.aspx?Id=907d7fb5-4be6-47d4-9c47-1bf8200c40a6&Agenda=PostMinutes&lang=English,,https://councilrecord.ca/portcoquitlam.html#vote/1jrczu7,"That Committee of Council: direct staff to bring forward an amendment to the zoning bylaw that provides for up to 20% of the floor area in an industrial building to be used for commercial indoor recreation uses instead of limiting the number of facilities permitted in a building; and determine a public hearing can be waived as the amendment is in keeping with the internet of the existing regulation and is consistent with the direction, policies and land use designation of the Official Community Plan."
2026-01-20,Special Council Meeting,3.1,Zoning Amendment Bylaw (Indoor Industrial Recreation Facilities) - First Three Readings,Main motion,Carried,5,0,2,,,In favour,In favour,In favour,In favour,Absent,In favour,Absent,Development; Parks & recreation; Business & economy,,,,https://pub-portcoquitlam.escribemeetings.com/Meeting.aspx?Id=c5bd8588-2b67-4e17-b64b-52bba8fa4345&Agenda=PostMinutes&lang=English,,https://councilrecord.ca/portcoquitlam.html#vote/1jrf9ny,"That “Zoning Bylaw, 2008, No. 3630, Amendment Bylaw, 2026, No. 4434”, be given first three readings."
2026-01-20,Special Council Meeting,3.2,Development Cost Charge Amendment Bylaw - Rescind Third Reading and Re-Read,Main motion,Carried,5,0,2,,,In favour,In favour,In favour,In favour,Absent,In favour,Absent,Development; Taxes & spending,,,,https://pub-portcoquitlam.escribemeetings.com/Meeting.aspx?Id=c5bd8588-2b67-4e17-b64b-52bba8fa4345&Agenda=PostMinutes&lang=English,,https://councilrecord.ca/portcoquitlam.html#vote/mlltvh,"That ""Development Cost Charge Bylaw, 2023, No. 4320, Amendment Bylaw, 2026, No. 4431"", have third reading rescinded, and that the Bylaw be re-read with revisions to Schedule A."
2026-01-27,Council Meeting,5,Delegations,Main motion,Carried,5,0,2,,,In favour,In favour,In favour,In favour,Absent,In favour,Absent,Governance & elections,,,,https://pub-portcoquitlam.escribemeetings.com/Meeting.aspx?Id=47d199c1-7ce4-4da8-a989-861d4f3a451b&Agenda=PostMinutes&lang=English,,https://councilrecord.ca/portcoquitlam.html#vote/1y8hyja,MOTION TO RECESS Moved-Seconded: That the Council Meeting be recessed. (12:15 p.m.)
2026-01-27,Council Meeting,6.1,Zoning Amendment Bylaw for 1840 McLean Avenue,Main motion,Carried,5,0,2,,,In favour,In favour,In favour,In favour,Absent,In favour,Absent,Development,1 of 2,,,https://pub-portcoquitlam.escribemeetings.com/Meeting.aspx?Id=47d199c1-7ce4-4da8-a989-861d4f3a451b&Agenda=PostMinutes&lang=English,,https://councilrecord.ca/portcoquitlam.html#vote/1420326,MOTION TO ADJOURN Moved-Seconded: That the Public Hearing be adjourned. (12:38 p.m.)
2026-01-27,Council Meeting,6.1,Zoning Amendment Bylaw for 1840 McLean Avenue,Main motion,Carried,5,0,2,,,In favour,In favour,In favour,In favour,Absent,In favour,Absent,Development,2 of 2,,,https://pub-portcoquitlam.escribemeetings.com/Meeting.aspx?Id=47d199c1-7ce4-4da8-a989-861d4f3a451b&Agenda=PostMinutes&lang=English,,https://councilrecord.ca/portcoquitlam.html#vote/4enhkg,MOTION TO RECONVENE Moved-Seconded: That the Council Meeting be reconvened. (12:38 p.m.)
2026-01-27,Council Meeting,7.1,Zoning Amendment Bylaw for 1840 McLean Avenue - Third Reading,Main motion,Carried,5,0,2,,,In favour,In favour,In favour,In favour,Absent,In favour,Absent,Development,,,,https://pub-portcoquitlam.escribemeetings.com/Meeting.aspx?Id=47d199c1-7ce4-4da8-a989-861d4f3a451b&Agenda=PostMinutes&lang=English,,https://councilrecord.ca/portcoquitlam.html#vote/kapira,"That “Zoning Bylaw, 2008, No. 3630, Amendment Bylaw, 2026, No. 4427”, be given third reading with the requirement that the prior to adoption of the bylaw all conditions identified by Committee of Council be met, to the satisfaction of the Director of Development Services."
2026-01-27,Council Meeting,7.2,Zoning Amendment Bylaw for 1551 Lincoln Avenue - First Two Readings,Main motion,Carried,5,0,2,,,In favour,In favour,In favour,In favour,Absent,In favour,Absent,Development,,,,https://pub-portcoquitlam.escribemeetings.com/Meeting.aspx?Id=47d199c1-7ce4-4da8-a989-861d4f3a451b&Agenda=PostMinutes&lang=English,,https://councilrecord.ca/portcoquitlam.html#vote/5ldimz,"That “Zoning Bylaw, 2008, No. 3630, Amendment Bylaw, 2026, No. 4430” be given first two readings with the requirement that prior to adoption of the bylaw all conditions identified by Committee of Council be met, to the satisfaction of the Director of Development Services."
2026-01-27,Council Meeting,7.3,Zoning Amendment Bylaw (Indoor Industrial Recreation Facilities) - Adoption,Main motion,Carried,5,0,2,,,In favour,In favour,In favour,In favour,Absent,In favour,Absent,Development; Parks & recreation; Business & economy,,,,https://pub-portcoquitlam.escribemeetings.com/Meeting.aspx?Id=47d199c1-7ce4-4da8-a989-861d4f3a451b&Agenda=PostMinutes&lang=English,,https://councilrecord.ca/portcoquitlam.html#vote/6yimxq,"That “Zoning Bylaw, 2008, No. 3630, Amendment Bylaw, 2026, No. 4434”, be adopted."
2026-01-27,Committee of Council Meeting,4.1,2026 Waterworks Regulation and Sewer Regulation Amendment Bylaws,Referral,Carried,5,0,2,,,In favour,In favour,In favour,In favour,Absent,In favour,Absent,Public services,,,,https://pub-portcoquitlam.escribemeetings.com/Meeting.aspx?Id=50619e3d-8c77-4335-ab3a-3dbd5f3e153d&Agenda=PostMinutes&lang=English,,https://councilrecord.ca/portcoquitlam.html#vote/lb50ed,"That Committee of Council support the Water and Sewer Utility rate increases averaging 6.53% and 8.97% respectively, and that the applicable Bylaws be referred to Council."
2026-01-27,Committee of Council Meeting,4.2,Housing Accelerator Fund - Year 1 Progress Update,Main motion,Carried,5,0,2,,,In favour,In favour,In favour,In favour,Absent,In favour,Absent,Housing & density; Taxes & spending,,,,https://pub-portcoquitlam.escribemeetings.com/Meeting.aspx?Id=50619e3d-8c77-4335-ab3a-3dbd5f3e153d&Agenda=PostMinutes&lang=English,,https://councilrecord.ca/portcoquitlam.html#vote/1wjlzg,That Committee of Council direct staff to include $1 million in unallocated funds from the Housing Accelerator Fund program towards eligible projects in the City’s 2027/2028 Capital Plan.
2026-02-03,Committee of Council Meeting,4.1,2025 KPMG Audit Planning Report,Main motion,Carried,6,0,1,,,In favour,In favour,In favour,In favour,In favour,In favour,Absent,Taxes & spending,,,,https://pub-portcoquitlam.escribemeetings.com/Meeting.aspx?Id=4f11b4c1-a979-4c75-b81c-335d54070b4e&Agenda=PostMinutes&lang=English,,https://councilrecord.ca/portcoquitlam.html#vote/1i16rq9,That Committee of Council accept KPMG’s Audit Planning Report for the fiscal 2025 financial statement audit.
2026-02-03,Special Council Meeting,4.1,Sewer Regulation and Waterworks Regulation Amendment Bylaws - First Three Readings,Main motion,Carried,6,0,1,,,In favour,In favour,In favour,In favour,In favour,In favour,Absent,Public services,,,,https://pub-portcoquitlam.escribemeetings.com/Meeting.aspx?Id=d4dadf85-d15c-46d5-b7e7-3a472c028049&Agenda=PostMinutes&lang=English,,https://councilrecord.ca/portcoquitlam.html#vote/d1o42q,"That “Sewer Regulation Bylaw, 2016, No. 3936, Amendment Bylaw, 2026, No. 4432”, and “Waterworks Regulation Bylaw, 2016, No. 3935, Amendment Bylaw, 2026, No. 4433” be given first three readings."
2026-02-03,Special Council Meeting,4.2,2025-2029 Financial Plan Amendment Bylaw - First Three Readings,Main motion,Carried,6,0,1,,,In favour,In favour,In favour,In favour,In favour,In favour,Absent,Taxes & spending,,,,https://pub-portcoquitlam.escribemeetings.com/Meeting.aspx?Id=d4dadf85-d15c-46d5-b7e7-3a472c028049&Agenda=PostMinutes&lang=English,,https://councilrecord.ca/portcoquitlam.html#vote/1msja2t,"That “2025-2029 Financial Plan Bylaw, 2025, No. 4401, Amendment Bylaw, 2026, No. 4435” be considered for first three readings."
2026-02-10,Council Meeting,5,Delegations,Main motion,Carried,5,0,2,,,Absent,In favour,In favour,Absent,In favour,In favour,In favour,Governance & elections,,,,https://pub-portcoquitlam.escribemeetings.com/Meeting.aspx?Id=a4127e54-8657-4a0f-8acd-bfb2f4804c16&Agenda=PostMinutes&lang=English,,https://councilrecord.ca/portcoquitlam.html#vote/roc7eg,MOTION TO RECESS Moved-Seconded: That the Council Meeting be recessed. (5:05 p.m.)
2026-02-10,Council Meeting,6.1,Zoning Amendment Bylaw for 1551 Lincoln Avenue,Main motion,Carried,5,0,2,,,Absent,In favour,In favour,Absent,In favour,In favour,In favour,Development,1 of 2,,,https://pub-portcoquitlam.escribemeetings.com/Meeting.aspx?Id=a4127e54-8657-4a0f-8acd-bfb2f4804c16&Agenda=PostMinutes&lang=English,,https://councilrecord.ca/portcoquitlam.html#vote/ckdq34,MOTION TO ADJOURN Moved-Seconded: That the Public Hearing be adjourned. (5:18 p.m.)
2026-02-10,Council Meeting,6.1,Zoning Amendment Bylaw for 1551 Lincoln Avenue,Main motion,Carried,5,0,2,,,Absent,In favour,In favour,Absent,In favour,In favour,In favour,Development,2 of 2,,,https://pub-portcoquitlam.escribemeetings.com/Meeting.aspx?Id=a4127e54-8657-4a0f-8acd-bfb2f4804c16&Agenda=PostMinutes&lang=English,,https://councilrecord.ca/portcoquitlam.html#vote/1115hq0,MOTION TO RECONVENE Moved-Seconded: That the Council Meeting be reconvened. (5:18 p.m.)
2026-02-10,Council Meeting,7.1,Zoning Amendment Bylaw for 1551 Lincoln Avenue - Third Reading,Main motion,Carried,5,0,2,,,Absent,In favour,In favour,Absent,In favour,In favour,In favour,Development,,,,https://pub-portcoquitlam.escribemeetings.com/Meeting.aspx?Id=a4127e54-8657-4a0f-8acd-bfb2f4804c16&Agenda=PostMinutes&lang=English,,https://councilrecord.ca/portcoquitlam.html#vote/13fse3y,"That “Zoning Bylaw, 2008, No. 3630, Amendment Bylaw, 2026, No. 4430”, be given third reading with the requirement that the prior to adoption of the amendment bylaw all conditions identified by Committee of Council be met, to the satisfaction of the Director of Development Services."
2026-02-10,Council Meeting,7.2,Sewer Regulation and Waterworks Regulation Amendment Bylaws - Adoption,Main motion,Carried,5,0,2,,,Absent,In favour,In favour,Absent,In favour,In favour,In favour,Public services,,,,https://pub-portcoquitlam.escribemeetings.com/Meeting.aspx?Id=a4127e54-8657-4a0f-8acd-bfb2f4804c16&Agenda=PostMinutes&lang=English,,https://councilrecord.ca/portcoquitlam.html#vote/1tlvt6p,"That “Sewer Regulation Bylaw, 2016, No. 3936, Amendment Bylaw, 2026, No. 4432”, and “Waterworks Regulation Bylaw, 2016, No. 3935, Amendment Bylaw, 2026, No. 4433”, be adopted."
2026-02-10,Council Meeting,7.3,2025-2029 Financial Plan Amendment Bylaw - Adoption,Main motion,Carried,5,0,2,,,Absent,In favour,In favour,Absent,In favour,In favour,In favour,Taxes & spending,,,,https://pub-portcoquitlam.escribemeetings.com/Meeting.aspx?Id=a4127e54-8657-4a0f-8acd-bfb2f4804c16&Agenda=PostMinutes&lang=English,,https://councilrecord.ca/portcoquitlam.html#vote/13ug6pr,"That “2025-2029 Financial Plan Bylaw, 2025, No. 4401, Amendment Bylaw, 2026, No. 4435”, be adopted."
2026-02-10,Council Meeting,7.4,Official Community Plan Amendment Bylaw - Adoption,Main motion,Carried,5,0,2,,,Absent,In favour,In favour,Absent,In favour,In favour,In favour,Housing & density; Development,,,,https://pub-portcoquitlam.escribemeetings.com/Meeting.aspx?Id=a4127e54-8657-4a0f-8acd-bfb2f4804c16&Agenda=PostMinutes&lang=English,,https://councilrecord.ca/portcoquitlam.html#vote/ppzzft,"That “Official Community Plan Bylaw, 2013, No. 3838, Amendment Bylaw, 2025, No. 4422”, be adopted."
2026-02-24,Committee of Council Meeting,5.2,Northwest Sewer Upgrade Projects Financing,Main motion,Carried,7,0,0,,,In favour,In favour,In favour,In favour,In favour,In favour,In favour,Taxes & spending; Public services,,,,https://pub-portcoquitlam.escribemeetings.com/Meeting.aspx?Id=7a547eaf-d20c-4e5b-89ef-4a0d896cb4cc&Agenda=PostMinutes&lang=English,,https://councilrecord.ca/portcoquitlam.html#vote/12qfes9,"That Committee of Council: Approve the revised funding source for Westwood/Woodland Sanitary Sewer, Coquitlam River Sanitary Siphon, Coquitlam River Sanitary Pump Station and Tyner St. Sanitary Upgrade projects to be from Long Term Infrastructure Borrowing; and Direct staff to forward the Loan Authorization Bylaw in the amount required to fund the above projects to Council for approval."
2026-02-24,Committee of Council Meeting,5.3,Rezoning Application for 3473 Oxford Street,Main motion,Carried,7,0,0,,,In favour,In favour,In favour,In favour,In favour,In favour,In favour,Housing & density; Development,,,,https://pub-portcoquitlam.escribemeetings.com/Meeting.aspx?Id=7a547eaf-d20c-4e5b-89ef-4a0d896cb4cc&Agenda=PostMinutes&lang=English,,https://councilrecord.ca/portcoquitlam.html#vote/1r2z8h8,"That Committee of Council recommend to Council that: The zoning of 3473 Oxford Street be amended from RS1 (Residential Small-Scale 1) to RS4 (Residential Small-Scale 4); and Prior to adoption of the amendment bylaw, the following conditions be met to the satisfaction of the Director of Development Services: Installation of tree protection fencing for on-site and off-site trees to be retained; Demolition of the existing buildings and structures; Submission of subdivision plans to the satisfaction of the municipal approval officer; and Completion of the of the design and submission of fees and securities for off-site works and services."
2026-02-24,Committee of Council Meeting,5.4,Rezoning Application for 3311 Handley Crescent,Main motion,Carried,7,0,0,,,In favour,In favour,In favour,In favour,In favour,In favour,In favour,Housing & density; Development,,,,https://pub-portcoquitlam.escribemeetings.com/Meeting.aspx?Id=7a547eaf-d20c-4e5b-89ef-4a0d896cb4cc&Agenda=PostMinutes&lang=English,,https://councilrecord.ca/portcoquitlam.html#vote/jdovrz,"That Committee of Council recommend to Council that: The zoning of 3311 Handley Crescent be amended from RS1 (Residential Small-Scale 1) to RS2 (Residential Small-Scale 2); and Prior to adoption of the amendment bylaw, the following conditions be met to the satisfaction of the Director of Development Services: Installation of tree protection fencing for on-site and off-site trees to be retained; Demolition of the existing buildings and structures; Submission of subdivision plans to the satisfaction of the municipal approval officer; and Completion of the of the design and submission of fees and securities for off-site works and services."
2026-02-24,Council Meeting,7.1,Northwest Sewer Upgrade Projects Loan Authorization Bylaw - First Three Readings,Main motion,Carried,7,0,0,,,In favour,In favour,In favour,In favour,In favour,In favour,In favour,Taxes & spending; Public services,,,,https://pub-portcoquitlam.escribemeetings.com/Meeting.aspx?Id=bbc2ac23-0afe-4eb9-afa4-360cd99702f6&Agenda=PostMinutes&lang=English,,https://councilrecord.ca/portcoquitlam.html#vote/3p1ffy,"That “Northwest Sewer Upgrade Projects Loan Authorization Bylaw, 2026, No. 4436”, be given first three readings."
2026-03-10,Committee of Council Meeting,4.1,2026 Budget Public Input Consultation,Main motion,Carried,6,0,1,,,In favour,Absent,In favour,In favour,In favour,In favour,In favour,Taxes & spending,,,,https://pub-portcoquitlam.escribemeetings.com/Meeting.aspx?Id=4be3ff4d-2f4c-448f-a682-65bc17d6d65c&Agenda=PostMinutes&lang=English,,https://councilrecord.ca/portcoquitlam.html#vote/mvpme1,"That Committee of Council: Approve the capital plan presented on December 16, 2025 , as updated, for inclusion in the 202 6 -20 30 Financial Plan B ylaw ; Approve the operating budget as presented on January 13, 2026 , for inclusion in the 202 6 -20 30 Financial Plan Bylaw; and Direct staff to prepare the 202 6 -20 30 Financial Plan Bylaw, the Annual Tax Rates Bylaw and Solid Waste Amendment Bylaw for Council adoption ."
2026-03-10,Committee of Council Meeting,4.2,Filming in Port Coquitlam,Main motion,Carried,6,0,1,,,In favour,Absent,In favour,In favour,In favour,In favour,In favour,Taxes & spending; Business & economy,,,,https://pub-portcoquitlam.escribemeetings.com/Meeting.aspx?Id=4be3ff4d-2f4c-448f-a682-65bc17d6d65c&Agenda=PostMinutes&lang=English,,https://councilrecord.ca/portcoquitlam.html#vote/1sfqy9r,That Committee of Council direct staff to update the City’s approach to film permitting to better balance industry needs with community impact by: Bringing forward an amendment to the Fees and Charges bylaw to increase parking lot and street parking rental fees within the downtown area; and Preparing a filming policy to support the film permitting process for Council approval.
2026-03-10,Council Meeting,7.1,Zoning Amendment Bylaw for 3473 Oxford Street - First Three Readings,Main motion,Carried,6,0,1,,,In favour,Absent,In favour,In favour,In favour,In favour,In favour,Development,,,,https://pub-portcoquitlam.escribemeetings.com/Meeting.aspx?Id=92a7a3fd-94f6-4d80-9bf7-b4af01104c45&Agenda=PostMinutes&lang=English,,https://councilrecord.ca/portcoquitlam.html#vote/14od3k7,"That “Zoning Bylaw, 2008, No. 3630, Amendment Bylaw, 2026, No. 4437”, be given first three readings, with the requirement that prior to adoption of the amendment bylaw all conditions identified by Committee of Council be met, to the satisfaction of the Director of Development Services."
2026-03-10,Council Meeting,7.2,Zoning Amendment Bylaw for 3311 Handley Crescent - First Three Readings,Main motion,Carried,6,0,1,,,In favour,Absent,In favour,In favour,In favour,In favour,In favour,Development,,,,https://pub-portcoquitlam.escribemeetings.com/Meeting.aspx?Id=92a7a3fd-94f6-4d80-9bf7-b4af01104c45&Agenda=PostMinutes&lang=English,,https://councilrecord.ca/portcoquitlam.html#vote/65o0vx,"That “Zoning Bylaw, 2008, No. 3630, Amendment Bylaw, 2026, No. 4438”, be given first three readings, with the requirement that prior to adoption of the amendment bylaw all conditions identified by Committee of Council be met, to the satisfaction of the Director of Development Services."
2026-03-31,Special Committee of Council,4.1,Development Permit Application for 1278 Confederation Drive (Environmental Conservation),Main motion,Carried,6,0,1,,,In favour,In favour,In favour,In favour,In favour,In favour,Absent,Development; Environment & climate; Public services,,,,https://pub-portcoquitlam.escribemeetings.com/Meeting.aspx?Id=afe6c619-b46e-4a2b-a7c8-9b51dd8fffd7&Agenda=PostMinutes&lang=English,,https://councilrecord.ca/portcoquitlam.html#vote/1wzndrz,That Committee of Council approve Development Permit DP000678 to regulate the development of a new school in accordance with the site’s environmental conservation development permit area designation.
2026-04-07,Committee of Council Meeting,4.1,Mosaic Homes - Utility Payments for 3630 Westwood Street,Referral,Carried,7,0,0,,,In favour,In favour,In favour,In favour,In favour,In favour,In favour,Public services,,,,https://pub-portcoquitlam.escribemeetings.com/Meeting.aspx?Id=8abd4fc3-d0f7-4504-ad21-7decaf467ee8&Agenda=PostMinutes&lang=English,,https://councilrecord.ca/portcoquitlam.html#vote/j4j0oi,That the bylaw governing utility billing for new developments be referred to staff for review.
2026-04-07,Committee of Council Meeting,5.2,2027 Capital Plan Funding - Annual Transfer from Long Term Reserve,Main motion,Carried,7,0,0,,,In favour,In favour,In favour,In favour,In favour,In favour,In favour,Taxes & spending; Public services,,,,https://pub-portcoquitlam.escribemeetings.com/Meeting.aspx?Id=8abd4fc3-d0f7-4504-ad21-7decaf467ee8&Agenda=PostMinutes&lang=English,,https://councilrecord.ca/portcoquitlam.html#vote/1i7rwbu,"That Committee of Council approve reallocating a portion of the L ong- T erm Infrastructure R eserve (approximately $4.45M general, $892K water, $669K sanitary ) in 202 7 to the respective capital reserves for funding the capital plan ."
2026-04-07,Committee of Council Meeting,5.3,2026 General Local and School Election,Main motion,Carried,7,0,0,,,In favour,In favour,In favour,In favour,In favour,In favour,In favour,Governance & elections,,,,https://pub-portcoquitlam.escribemeetings.com/Meeting.aspx?Id=8abd4fc3-d0f7-4504-ad21-7decaf467ee8&Agenda=PostMinutes&lang=English,,https://councilrecord.ca/portcoquitlam.html#vote/1jln6lu,That Committee of Council: Appoint Carolyn Deakin as Chief Election Officer and Vanessa Washington as Deputy Chief Election Officer for the 2026 General Local Election; and Direct staff to forward a copy of this report to School District #43 for their information.
2026-04-14,Council Meeting,8.1,Development Cost Charge Amendment Bylaw (Parks) - Adoption,Main motion,Carried,6,0,1,,,In favour,In favour,In favour,Absent,In favour,In favour,In favour,Development; Taxes & spending; Parks & recreation,,,,https://pub-portcoquitlam.escribemeetings.com/Meeting.aspx?Id=7492a87d-5f4c-4b0f-8810-37a45408bd7c&Agenda=PostMinutes&lang=English,,https://councilrecord.ca/portcoquitlam.html#vote/r0oaxn,"That “Development Cost Charge Bylaw, 2023, No. 4320, Amendment Bylaw, 2026, No. 4431”, be adopted."
2026-04-14,Council Meeting,8.2,Zoning Amendment Bylaw for 1806 Pitt River Road - Adoption,Main motion,Carried,6,0,1,,,In favour,In favour,In favour,Absent,In favour,In favour,In favour,Development,,,,https://pub-portcoquitlam.escribemeetings.com/Meeting.aspx?Id=7492a87d-5f4c-4b0f-8810-37a45408bd7c&Agenda=PostMinutes&lang=English,,https://councilrecord.ca/portcoquitlam.html#vote/4cq6l4,"That “Zoning Bylaw, 2008, No. 3630, Amendment Bylaw, 2023, No. 4338”, be adopted."
2026-04-14,Committee of Council Meeting,4.1,Fees and Charges Amendment Bylaw - April 2026,Main motion,Carried,6,0,1,,,In favour,In favour,In favour,Absent,In favour,In favour,In favour,Taxes & spending,,,,https://pub-portcoquitlam.escribemeetings.com/Meeting.aspx?Id=80ce8def-9986-4d35-b120-e7ee8b0ccbe6&Agenda=PostMinutes&lang=English,,https://councilrecord.ca/portcoquitlam.html#vote/ng7vwn,"That Committee of Council support the proposed updates to the Fees and Charges Bylaw, and that the amendment bylaw be brought forward to Council for approval."
2026-04-28,Council Meeting,7.1,2026-2030 Financial Plan Bylaw - First Three Readings,Main motion,Carried,6,0,1,,,In favour,In favour,In favour,Absent,In favour,In favour,In favour,Taxes & spending,,,,https://pub-portcoquitlam.escribemeetings.com/Meeting.aspx?Id=4c6c2c27-d955-47b7-b78c-0ba61b78a14b&Agenda=PostMinutes&lang=English,,https://councilrecord.ca/portcoquitlam.html#vote/nqdpdu,"That “2026 - 2030 Financial Plan Bylaw, 2026 , No. 4440” be given first three readings."
2026-04-28,Council Meeting,7.2,2026 Annual Tax Rates Bylaw and Solid Waste Amendment Bylaw - First Three Readings,Main motion,Carried,6,0,1,,,In favour,In favour,In favour,Absent,In favour,In favour,In favour,Taxes & spending; Public services,,,,https://pub-portcoquitlam.escribemeetings.com/Meeting.aspx?Id=4c6c2c27-d955-47b7-b78c-0ba61b78a14b&Agenda=PostMinutes&lang=English,,https://councilrecord.ca/portcoquitlam.html#vote/1f7wvj,"That Council: Give first three readings to “Annual Tax Rates Bylaw, 2026, No. 4441”; and Give first three readings to “ Solid Waste Bylaw, 2015, No. 3900, Amendment Bylaw, 202 6 , No. 44 42 ” ."
2026-04-28,Council Meeting,7.3,Fees and Charges Amendment Bylaw - First Three Readings,Main motion,Carried,6,0,1,,,In favour,In favour,In favour,Absent,In favour,In favour,In favour,Taxes & spending,,,,https://pub-portcoquitlam.escribemeetings.com/Meeting.aspx?Id=4c6c2c27-d955-47b7-b78c-0ba61b78a14b&Agenda=PostMinutes&lang=English,,https://councilrecord.ca/portcoquitlam.html#vote/118vaol,"That “Fees and Charges Bylaw, 2025, No. 4415, Amendment Bylaw, 2026, No. 4439”, be given first three readings."
2026-04-28,Council Meeting,8.1,Tree Planting Grant - Fund Matching,Main motion,Carried,6,0,1,,,In favour,In favour,In favour,Absent,In favour,In favour,In favour,Taxes & spending; Environment & climate,,,,https://pub-portcoquitlam.escribemeetings.com/Meeting.aspx?Id=4c6c2c27-d955-47b7-b78c-0ba61b78a14b&Agenda=PostMinutes&lang=English,,https://councilrecord.ca/portcoquitlam.html#vote/18ktf5z,"That Council confirm support for the Green Municipal Fund’s ‘Growing Canada’s Community Canopies’ grant application and approve $77,930 in City funding as the required matching contribution."
2026-05-05,Committee of Council Meeting,4.1,2025 Audited Consolidated Financial Statements,Main motion,Carried,5,0,2,,,In favour,In favour,In favour,In favour,Absent,In favour,Absent,Taxes & spending,,,,https://pub-portcoquitlam.escribemeetings.com/Meeting.aspx?Id=737d5a55-9227-4d7a-b12a-30bd0f56e151&Agenda=PostMinutes&lang=English,,https://councilrecord.ca/portcoquitlam.html#vote/11pcums,That Committee of Council adopt the 2025 Audited Consolidated Financial Statements.
2026-05-12,Committee of Council Meeting,5.3,Rezoning Application Extension for 1688 Pitt River Road,Main motion,Carried,7,0,0,,,In favour,In favour,In favour,In favour,In favour,In favour,In favour,Housing & density; Development,,,,https://pub-portcoquitlam.escribemeetings.com/Meeting.aspx?Id=b29194ef-2555-43ba-af02-cc31481ee283&Agenda=PostMinutes&lang=English,,https://councilrecord.ca/portcoquitlam.html#vote/1df4ssz,"That Committee of Council extend the date of expiry for adoption of “Zoning Bylaw, 2008, No. 3630, Amendment Bylaw, 2023, No. 4352” to January 23, 2027."
2026-05-12,Committee of Council Meeting,5.4,Rezoning Application Extension for 2940 Oxford Street,Main motion,Carried,7,0,0,,,In favour,In favour,In favour,In favour,In favour,In favour,In favour,Housing & density; Development,,,,https://pub-portcoquitlam.escribemeetings.com/Meeting.aspx?Id=b29194ef-2555-43ba-af02-cc31481ee283&Agenda=PostMinutes&lang=English,,https://councilrecord.ca/portcoquitlam.html#vote/2qlvvb,"That Committee of Council extend the date of expiry for adoption of “Zoning Bylaw, 2008, No. 3630, Amendment Bylaw, 2023, No. 4372” to May 28, 2027."
2026-05-12,Committee of Council Meeting,5.5,Rezoning Application Extension for 1568 Pitt River Road,Main motion,Carried,7,0,0,,,In favour,In favour,In favour,In favour,In favour,In favour,In favour,Housing & density; Development,,,,https://pub-portcoquitlam.escribemeetings.com/Meeting.aspx?Id=b29194ef-2555-43ba-af02-cc31481ee283&Agenda=PostMinutes&lang=English,,https://councilrecord.ca/portcoquitlam.html#vote/15dwmo6,"That Committee of Council extend the date of expiry for adoption of “Zoning Bylaw, 2008, No. 3630, Amendment Bylaw, 2023, No. 4351” to January 23, 2027."
2026-06-02,Committee of Council Meeting,4.1,Licensed Establishment Amendment Application - 1979 Brown Street,Main motion,Carried,6,0,1,,,In favour,In favour,In favour,Absent,In favour,In favour,In favour,Neighbourhood character; Business & economy,,,,https://pub-portcoquitlam.escribemeetings.com/Meeting.aspx?Id=577dd438-8338-4707-ab5d-7678164a5dab&Agenda=PostMinutes&lang=English,,https://councilrecord.ca/portcoquitlam.html#vote/1nq454q,"That the Liquor and Cannabis Regulation Branch be advised that, in reference to applications to amend the Liquor Primary License at 1979 Brown Street (Cat & Fiddle Pub); the City of Port Coquitlam Committee of Council: Supports an extension of liquor service hours to permit service from 9:00 a.m. to 2:00 am everyday; Supports an extension of the service area to include a patio with up to 50 seats to the south of the building provided that it does not increase the overall seat capacity on the license; Municipal comments on the prescribed considerations are as described in the staff report titled “Licensed Establishment Application LE000026 - 1979 Brown Street”; and Solicited views of residents through consideration of the requests at the Committee of Council Meeting dated June 2, 2026."
2026-06-02,Committee of Council Meeting,6,Mayor'S Update,Main motion,Carried,6,0,1,,,In favour,In favour,In favour,Absent,In favour,In favour,In favour,Housing & density; Public services; Business & economy,,,,https://pub-portcoquitlam.escribemeetings.com/Meeting.aspx?Id=577dd438-8338-4707-ab5d-7678164a5dab&Agenda=PostMinutes&lang=English,,https://councilrecord.ca/portcoquitlam.html#vote/1fosa1u,"Reaffirming Provincial Commitment to the Expansion of $10-a-Day Child Care in British Columbia WHEREAS access to affordable, high-quality child care is essential to supporting working families, strengthening local economies, and ensuring children have the best possible start in life; AND WHEREAS the expansion of the $10-a-day child care program has provided meaningful financial relief to families across British Columbia while increasing workforce participation, particularly for women and young families struggling with the rising cost of living; AND WHEREAS many communities continue to face significant shortages of licensed child care spaces, long waitlists, and uncertainty regarding future expansion projects AND WHEREAS municipalities are increasingly being called upon to support growing communities through investments in housing, infrastructure, recreation, and family services, and affordable child care remains a foundational component of healthy and economically resilient communities; THEREFORE BE IT RESOLVED that UBCM call upon the Province of British Columbia to reaffirm its commitment to the continued expansion of the $10-a-day child care program without pause or delay; AND BE IT FURTHER RESOLVED that the Province accelerate efforts to create additional licensed child care spaces through planning in partnership with local governments, school districts, and community providers, with a focus on ensuring equitable access for families in rapidly growing communities; AND BE IT FURTHER RESOLVED that the Province provide municipalities, school districts and child care operators with greater certainty regarding funding timelines, expansion targets, and long-term operational support so communities can effectively plan for future growth and family needs."
2026-06-09,Committee of Council Meeting,5.1,Grant Application for 2026 Union of British Columbia Municipalities Community Resiliency Investment Funding Program,Main motion,Carried,7,0,0,,,In favour,In favour,In favour,In favour,In favour,In favour,In favour,Taxes & spending; Public services; Business & economy; Governance & elections,,,,https://pub-portcoquitlam.escribemeetings.com/Meeting.aspx?Id=d362b5c2-722f-407b-9733-515a690815aa&Agenda=PostMinutes&lang=English,,https://councilrecord.ca/portcoquitlam.html#vote/q18sqf,"That: Committee of Council supports the City of Port Coquitlam’s application to the 2026 Union of British Columbia Municipalities (UBCM) FireSmart Community Funding and Supports Program for the “Port Coquitlam FireSmart Program Development and Community Capacity Building” project; and should the application be successful, the City of Port Coquitlam be willing to provide overall grant management for the project."
2026-06-09,Committee of Council Meeting,5.2,Hospitality Roundtable - Update and Recommended Actions,Main motion,Carried,7,0,0,,,In favour,In favour,In favour,In favour,In favour,In favour,In favour,Development; Taxes & spending; Neighbourhood character; Public services; Business & economy; Governance & elections,,,,https://pub-portcoquitlam.escribemeetings.com/Meeting.aspx?Id=d362b5c2-722f-407b-9733-515a690815aa&Agenda=PostMinutes&lang=English,,https://councilrecord.ca/portcoquitlam.html#vote/1hc4wkn,"That Committee of Council recommend to Council that: The Zoning Bylaw, Development Procedures Bylaw, Delegation of Authority Bylaw, Business Bylaw, Fees and Charges Bylaw and the Liquor Establishment Policy be amended as shown in the attached documents; The requirement for a Public Hearing for the Zoning Bylaw amendments be waived as the proposed amendments are consistent with the Official Community Plan; and That staff be advised to implement the communication, collaboration and advocacy directions described in this report."
2026-06-09,Council Meeting,7.1,Northwest Sewer Upgrade Projects Loan Authorization Bylaw - Adoption,Main motion,Carried,7,0,0,,,In favour,In favour,In favour,In favour,In favour,In favour,In favour,Taxes & spending; Public services,,,,https://pub-portcoquitlam.escribemeetings.com/Meeting.aspx?Id=e1bb3d32-5969-4cee-8691-320950ac6eea&Agenda=PostMinutes&lang=English,,https://councilrecord.ca/portcoquitlam.html#vote/11sj8rl,"That ""Northwest Sewer Upgrade Projects Loan Authorization Bylaw, 2026, No. 4436"", be adopted."
2026-06-16,Committee of Council Meeting,4.1,Density Bonus Policy and Bylaw Amendments,Main motion,Carried,6,0,1,,,In favour,In favour,In favour,In favour,In favour,In favour,Absent,Housing & density; Development; Taxes & spending,,,,https://pub-portcoquitlam.escribemeetings.com/Meeting.aspx?Id=465d2d7e-009c-4981-8ad6-cdf8427b50b8&Agenda=PostMinutes&lang=English,,https://councilrecord.ca/portcoquitlam.html#vote/wajh76,"That Committee of Council recommend to Council that: The Zoning Bylaw, Fees and Charges Bylaw and the Density Bonus Policy be amended as described in this report, dated June 16, 2026; The Affordable and Family Friendly Policy be repealed; The Official Community Plan be amended to add a new “ Intensive Frequent Transit Development” land use designation, update land use descriptions, table and policies accordingly to reflect the inclusion of this new designation, and to apply this designation to the properties located at 3630 and 3638 Westwood Street; and Having given consideration to s.475 of the Local Government Act, Council confirm consideration of the Official Community Plan amendment proposal in an open meeting by Committee of Council as meeting consultation requirement."
2026-06-16,Committee of Council Meeting,4.2,Update to Townhouse and Rowhouse Regulations,Main motion,Carried,6,0,1,,,In favour,In favour,In favour,In favour,In favour,In favour,Absent,Housing & density; Development,,,,https://pub-portcoquitlam.escribemeetings.com/Meeting.aspx?Id=465d2d7e-009c-4981-8ad6-cdf8427b50b8&Agenda=PostMinutes&lang=English,,https://councilrecord.ca/portcoquitlam.html#vote/16ggtgu,"That Committee of Council recommend to Council that: The Official Community Plan be amended to: update the descriptions of the Residential and Small Lot Residential land use to include townhouses, add a new Rowhouse land use designation and apply the Rowhouse designation to select areas currently designated Townhouse; and apply the Intensive Residential development permit area objectives and design guidelines to the Residential Small-Scale 4 (RTh4) zone and the RTh4 use in Residential Small-Scale 1 (RS1), Residential Small-Scale 2 (RS2), Residential Small-Scale 3 (RS3) and Residential Small-Scale 4 (RS4) zones. The Zoning Bylaw be amended to: Update the definition of Townhouse to confirm townhouses are a form of cluster housing with vehicular access provided from a common driveway; add a new Residential Townhouse 4 (RTh4) zone; and permit the RTH4 zone on lots zoned Residential Small-Scale 1 (RS1), Residential Small-Scale 2 (RS2), Residential Small-Scale 3 (RS3) and Residential Small-Scale 4 (RS4) that have a minimum lot area of 1,360m 2 (14,640 ft 2 ), and have either: a Townhouse OCP land use designation, or a Residential or Small Lot Residential Official Community Plan land use designation, and lot depth greater than 40m, and abut a collector or arterial road and have rear lane access. The Parking and Development Management Bylaw be amended to remove tandem parking restrictions for rowhouses and increase the permitted amount of tandem parking from 40% to 50% for townhouses. Having given consideration to s.475 of the Local Government Act, Council confirm consideration of the Official Community Plan amendment proposal in an open meeting by Committee of Council as meeting the consultation requirement."
2026-06-23,Committee of Council Meeting,4.1,Lower Fraser Floodplains Coalition,Main motion,Carried,7,0,0,,,In favour,In favour,In favour,In favour,In favour,In favour,In favour,Environment & climate,,,,https://pub-portcoquitlam.escribemeetings.com/Meeting.aspx?Id=984e9f5e-89ad-46bb-b6fc-73367564da2e&Agenda=PostMinutes&lang=English,,https://councilrecord.ca/portcoquitlam.html#vote/1wb7ldy,That the City of Port Coquitlam become a signatory to a regional joint statement on action for floodplain resilience for the lower mainland.
2026-06-23,Committee of Council Meeting,5.1,Amenity Cost Charge Bylaw,Main motion,Carried,7,0,0,,,In favour,In favour,In favour,In favour,In favour,In favour,In favour,Development; Taxes & spending,,,,https://pub-portcoquitlam.escribemeetings.com/Meeting.aspx?Id=984e9f5e-89ad-46bb-b6fc-73367564da2e&Agenda=PostMinutes&lang=English,,https://councilrecord.ca/portcoquitlam.html#vote/p2fwnn,That Committee of Council: recommend Council support the Amenity Cost Charge Bylaw; and direct staff to bring forward the Amenity Cost Charge Bylaw to Council for first three readings.
2026-06-23,Council Meeting,7.1,Official Community Plan Amendment Bylaw - First Two Readings,Main motion,Carried,7,0,0,,,In favour,In favour,In favour,In favour,In favour,In favour,In favour,Housing & density; Development,,,,https://pub-portcoquitlam.escribemeetings.com/Meeting.aspx?Id=99840bf4-bbd6-45d1-b75e-0fc09ac9edc8&Agenda=PostMinutes&lang=English,,https://councilrecord.ca/portcoquitlam.html#vote/y1j68f,"That “Official Community Plan Bylaw, 2013, No. 3838, Amendment Bylaw, 2026, No. 4443”, be given first two readings."
2026-06-23,Council Meeting,7.2,Zoning Amendment Bylaw - First Two Readings,Main motion,Carried,7,0,0,,,In favour,In favour,In favour,In favour,In favour,In favour,In favour,Development,,,,https://pub-portcoquitlam.escribemeetings.com/Meeting.aspx?Id=99840bf4-bbd6-45d1-b75e-0fc09ac9edc8&Agenda=PostMinutes&lang=English,,https://councilrecord.ca/portcoquitlam.html#vote/1cx79oj,"That “Zoning Bylaw, 2008, No. 3630, Amendment Bylaw, 2026, No. 4452”, be given first two readings."
2026-06-23,Council Meeting,7.3,Zoning Amendment Bylaw (Hospitality) - First Three Readings,Main motion,Carried,7,0,0,,,In favour,In favour,In favour,In favour,In favour,In favour,In favour,Development; Public services,,,,https://pub-portcoquitlam.escribemeetings.com/Meeting.aspx?Id=99840bf4-bbd6-45d1-b75e-0fc09ac9edc8&Agenda=PostMinutes&lang=English,,https://councilrecord.ca/portcoquitlam.html#vote/axcbv8,"That “Zoning Bylaw, 2008, No. 3630, Amendment Bylaw, 2026, No. 4444”, be given first three readings."
2026-06-23,Council Meeting,7.4,Parking and Development Management Amendment Bylaw - First Three Readings,Main motion,Carried,7,0,0,,,In favour,In favour,In favour,In favour,In favour,In favour,In favour,Transportation,,,,https://pub-portcoquitlam.escribemeetings.com/Meeting.aspx?Id=99840bf4-bbd6-45d1-b75e-0fc09ac9edc8&Agenda=PostMinutes&lang=English,,https://councilrecord.ca/portcoquitlam.html#vote/1q3zc21,"That “Parking and Development Management Bylaw, 2018, No. 4078, Amendment Bylaw, 2026, No. 4451”, be given first three readings."
2026-06-23,Council Meeting,7.5,Fees and Charges Amendment Bylaw - First Three Readings,Main motion,Carried,7,0,0,,,In favour,In favour,In favour,In favour,In favour,In favour,In favour,Taxes & spending,,,,https://pub-portcoquitlam.escribemeetings.com/Meeting.aspx?Id=99840bf4-bbd6-45d1-b75e-0fc09ac9edc8&Agenda=PostMinutes&lang=English,,https://councilrecord.ca/portcoquitlam.html#vote/1iywce8,"That “Fees and Charges Bylaw, 2025, No. 4415, Amendment Bylaw, 2026, No. 4446”, be given first three readings."
2026-06-23,Council Meeting,7.6,Business Amendment Bylaw - First Three Readings,Main motion,Carried,7,0,0,,,In favour,In favour,In favour,In favour,In favour,In favour,In favour,Business & economy,,,,https://pub-portcoquitlam.escribemeetings.com/Meeting.aspx?Id=99840bf4-bbd6-45d1-b75e-0fc09ac9edc8&Agenda=PostMinutes&lang=English,,https://councilrecord.ca/portcoquitlam.html#vote/16e0be1,"That “Business Bylaw, 2010, No. 3725, Amendment Bylaw, 2026, No. 4447”, be given first three readings."
2026-06-23,Council Meeting,7.7,Delegation of Authority Amendment Bylaw - First Three Readings,Main motion,Carried,7,0,0,,,In favour,In favour,In favour,In favour,In favour,In favour,In favour,Governance & elections,,,,https://pub-portcoquitlam.escribemeetings.com/Meeting.aspx?Id=99840bf4-bbd6-45d1-b75e-0fc09ac9edc8&Agenda=PostMinutes&lang=English,,https://councilrecord.ca/portcoquitlam.html#vote/7pd0bh,"That “Delegation of Authority Bylaw, 2014, No. 3876, Amendment Bylaw, 2026, No. 4450”, be given first three readings."
2026-06-23,Council Meeting,7.8,Development Procedures Amendment Bylaw - First Three Readings,Main motion,Carried,7,0,0,,,In favour,In favour,In favour,In favour,In favour,In favour,In favour,Development; Governance & elections,,,,https://pub-portcoquitlam.escribemeetings.com/Meeting.aspx?Id=99840bf4-bbd6-45d1-b75e-0fc09ac9edc8&Agenda=PostMinutes&lang=English,,https://councilrecord.ca/portcoquitlam.html#vote/ovypn9,"That “Development Procedures Bylaw, 2013, No. 3849, Amendment Bylaw, 2026, No. 4445”, be given first three readings."
2026-06-23,Council Meeting,7.9,Amenity Cost Charge Bylaw - First Three Readings,Main motion,Carried,7,0,0,,,In favour,In favour,In favour,In favour,In favour,In favour,In favour,Development; Taxes & spending,,,,https://pub-portcoquitlam.escribemeetings.com/Meeting.aspx?Id=99840bf4-bbd6-45d1-b75e-0fc09ac9edc8&Agenda=PostMinutes&lang=English,,https://councilrecord.ca/portcoquitlam.html#vote/1h40yai,"That “Amenity Cost Charge Bylaw, 2026, No. 4449”, be given first three readings."
2026-06-23,Council Meeting,8.1,Liquor Establishment Policy Amendment - Approval,Main motion,Carried,7,0,0,,,In favour,In favour,In favour,In favour,In favour,In favour,In favour,Neighbourhood character; Business & economy,,,,https://pub-portcoquitlam.escribemeetings.com/Meeting.aspx?Id=99840bf4-bbd6-45d1-b75e-0fc09ac9edc8&Agenda=PostMinutes&lang=English,,https://councilrecord.ca/portcoquitlam.html#vote/12h61c1,That the amended Liquor Establishment Policy be approved.
2026-06-23,Council Meeting,8.2,Density Bonus Policy Amendment - Approval,Main motion,Carried,7,0,0,,,In favour,In favour,In favour,In favour,In favour,In favour,In favour,Housing & density,,,,https://pub-portcoquitlam.escribemeetings.com/Meeting.aspx?Id=99840bf4-bbd6-45d1-b75e-0fc09ac9edc8&Agenda=PostMinutes&lang=English,,https://councilrecord.ca/portcoquitlam.html#vote/1xkii8j,That the amended Density Bonus Policy be approved.
2026-06-29,Special Council Meeting,3.1,Amenity Cost Charge Bylaw - Adoption,Main motion,Carried,5,0,2,,,In favour,In favour,In favour,Absent,In favour,In favour,Absent,Development; Taxes & spending,,,,https://pub-portcoquitlam.escribemeetings.com/Meeting.aspx?Id=e770e2f7-6ccf-4949-972b-674757ca1fde&Agenda=PostMinutes&lang=English,,https://councilrecord.ca/portcoquitlam.html#vote/1e1au23,"That “Amenity Cost Charge Bylaw, 2026, No. 4449”, be adopted."
2026-06-29,Special Council Meeting,4.1,2025 Annual Report and Financial Disclosures,Main motion,Carried,5,0,2,,,In favour,In favour,In favour,Absent,In favour,In favour,Absent,Other,,,,https://pub-portcoquitlam.escribemeetings.com/Meeting.aspx?Id=e770e2f7-6ccf-4949-972b-674757ca1fde&Agenda=PostMinutes&lang=English,,https://councilrecord.ca/portcoquitlam.html#vote/1oxoja5,That Council approve the City’s 2025 Annual Report and required financial disclosures.
2026-07-14,Council Meeting,5,Delegations,Main motion,Carried,6,0,1,,,In favour,In favour,In favour,In favour,Absent,In favour,In favour,Governance & elections,,,,https://pub-portcoquitlam.escribemeetings.com/Meeting.aspx?Id=e18efe32-a7d6-45d1-ac89-671ab6290b24&Agenda=PostMinutes&lang=English,,https://councilrecord.ca/portcoquitlam.html#vote/mdvsf6,"MOTION TO RECESS FOR PUBLIC HEARINGS Moved-Seconded: That the Tuesday, July 14, 2026, Council meeting be recessed. (5:02 p.m.)"
2026-07-14,Council Meeting,6.2,Zoning Amendment Bylaw,Main motion,Carried,7,0,0,,,In favour,In favour,In favour,In favour,In favour,In favour,In favour,Development,1 of 2,,,https://pub-portcoquitlam.escribemeetings.com/Meeting.aspx?Id=e18efe32-a7d6-45d1-ac89-671ab6290b24&Agenda=PostMinutes&lang=English,,https://councilrecord.ca/portcoquitlam.html#vote/1fzpizl,"MOTION TO ADJOURN THE PUBLIC HEARINGS Moved-Seconded: That the Tuesday, July 14, 2026, Public Hearings be adjourned. (5:06 p.m.)"
2026-07-14,Council Meeting,6.2,Zoning Amendment Bylaw,Main motion,Carried,7,0,0,,,In favour,In favour,In favour,In favour,In favour,In favour,In favour,Development,2 of 2,,,https://pub-portcoquitlam.escribemeetings.com/Meeting.aspx?Id=e18efe32-a7d6-45d1-ac89-671ab6290b24&Agenda=PostMinutes&lang=English,,https://councilrecord.ca/portcoquitlam.html#vote/34ryta,"MOTION TO RECONVENE THE COUNCIL MEETING Moved-Seconded: That the Tuesday, July 14, 2026, Council meeting be reconvened. (5:06 p.m.)"
2026-07-14,Council Meeting,7.1,Official Community Plan Amendment Bylaw - Third Reading and Adoption,Main motion,Carried,7,0,0,,,In favour,In favour,In favour,In favour,In favour,In favour,In favour,Housing & density; Development,,,,https://pub-portcoquitlam.escribemeetings.com/Meeting.aspx?Id=e18efe32-a7d6-45d1-ac89-671ab6290b24&Agenda=PostMinutes&lang=English,,https://councilrecord.ca/portcoquitlam.html#vote/z52jhq,"That “Official Community Plan Bylaw, 2013, No. 3838, Amendment Bylaw, 2026, No. 4443”, be given third reading and be adopted."
2026-07-14,Council Meeting,7.2,Zoning Amendment Bylaw - Third Reading and Adoption,Main motion,Carried,7,0,0,,,In favour,In favour,In favour,In favour,In favour,In favour,In favour,Development,,,,https://pub-portcoquitlam.escribemeetings.com/Meeting.aspx?Id=e18efe32-a7d6-45d1-ac89-671ab6290b24&Agenda=PostMinutes&lang=English,,https://councilrecord.ca/portcoquitlam.html#vote/1jm8wyh,"That “Zoning Bylaw, 2008, No. 3630, Amendment Bylaw, 2026, No. 4452”, be given third reading and be adopted."
2026-07-14,Council Meeting,7.3,Zoning Amendment Bylaw (Hospitality) - Adoption,Main motion,Carried,7,0,0,,,In favour,In favour,In favour,In favour,In favour,In favour,In favour,Development; Public services,,,,https://pub-portcoquitlam.escribemeetings.com/Meeting.aspx?Id=e18efe32-a7d6-45d1-ac89-671ab6290b24&Agenda=PostMinutes&lang=English,,https://councilrecord.ca/portcoquitlam.html#vote/14e8pg0,"That “Zoning Bylaw, 2008, No. 3630, Amendment Bylaw, 2026, No. 4444”, be adopted."
2026-07-14,Council Meeting,7.4,Parking and Development Management Amendment Bylaw - Adoption,Main motion,Carried,7,0,0,,,In favour,In favour,In favour,In favour,In favour,In favour,In favour,Transportation,,,,https://pub-portcoquitlam.escribemeetings.com/Meeting.aspx?Id=e18efe32-a7d6-45d1-ac89-671ab6290b24&Agenda=PostMinutes&lang=English,,https://councilrecord.ca/portcoquitlam.html#vote/d294he,"That “Parking and Development Management Bylaw, 2018, No. 4078, Amendment Bylaw, 2026, No. 4451”, be adopted."
2026-07-14,Council Meeting,7.5,Fees and Charges Amendment Bylaw- Adoption,Main motion,Carried,7,0,0,,,In favour,In favour,In favour,In favour,In favour,In favour,In favour,Taxes & spending,,,,https://pub-portcoquitlam.escribemeetings.com/Meeting.aspx?Id=e18efe32-a7d6-45d1-ac89-671ab6290b24&Agenda=PostMinutes&lang=English,,https://councilrecord.ca/portcoquitlam.html#vote/1o1inkb,"That “Fees and Charges Bylaw, 2025, No. 4415, Amendment Bylaw, 2026, No. 4446”, be adopted."
2026-07-14,Council Meeting,7.6,Business Amendment Bylaw - Adoption,Main motion,Carried,7,0,0,,,In favour,In favour,In favour,In favour,In favour,In favour,In favour,Business & economy,,,,https://pub-portcoquitlam.escribemeetings.com/Meeting.aspx?Id=e18efe32-a7d6-45d1-ac89-671ab6290b24&Agenda=PostMinutes&lang=English,,https://councilrecord.ca/portcoquitlam.html#vote/1xoaq0d,"That “Business Bylaw, 2010, No. 3725, Amendment Bylaw, 2026, No. 4447”, be adopted."
2026-07-14,Council Meeting,7.7,Delegation of Authority Amendment Bylaw - Adoption,Main motion,Carried,7,0,0,,,In favour,In favour,In favour,In favour,In favour,In favour,In favour,Governance & elections,,,,https://pub-portcoquitlam.escribemeetings.com/Meeting.aspx?Id=e18efe32-a7d6-45d1-ac89-671ab6290b24&Agenda=PostMinutes&lang=English,,https://councilrecord.ca/portcoquitlam.html#vote/h10owx,"That “Delegation of Authority Bylaw, 2014, No. 3876, Amendment Bylaw, 2026, No. 4450”, be adopted."
2026-07-14,Council Meeting,7.8,Development Procedures Amendment Bylaw - Adoption,Main motion,Carried,7,0,0,,,In favour,In favour,In favour,In favour,In favour,In favour,In favour,Development; Governance & elections,,,,https://pub-portcoquitlam.escribemeetings.com/Meeting.aspx?Id=e18efe32-a7d6-45d1-ac89-671ab6290b24&Agenda=PostMinutes&lang=English,,https://councilrecord.ca/portcoquitlam.html#vote/18haidk,"That “Development Procedures Bylaw, 2013, No. 3849, Amendment Bylaw, 2026, No. 4445”, be adopted."
2026-07-14,Council Meeting,7.9,Zoning Amendment Bylaw for 1675 Pitt River Road - Adoption,Main motion,Carried,7,0,0,,,In favour,In favour,In favour,In favour,In favour,In favour,In favour,Development,,,,https://pub-portcoquitlam.escribemeetings.com/Meeting.aspx?Id=e18efe32-a7d6-45d1-ac89-671ab6290b24&Agenda=PostMinutes&lang=English,,https://councilrecord.ca/portcoquitlam.html#vote/svthte,"That ""Zoning Amendment Bylaw, 2018, No. 3630, Amendment Bylaw, 2023, No. 4343"", be adopted."
2026-09-08,Committee of Council Meeting,5.2,"Watercourse Development Permit Application for the Trenton, Perkins, Fremont and Kingsway Area",Main motion,Carried,7,0,0,,,In favour,In favour,In favour,In favour,In favour,In favour,In favour,Development; Environment & climate; Public services,,,,https://pub-portcoquitlam.escribemeetings.com/Meeting.aspx?Id=8dca3b10-9d53-46b8-99fb-d52ca0fc2c80&Agenda=PostMinutes&lang=English,,https://councilrecord.ca/portcoquitlam.html#vote/a5i5uj,That Committee of Council approve Watercourse Development Permit DP000687.
2026-09-08,Committee of Council Meeting,5.3,Temporary Use Permit Application for 757-773 Kingsway Avenue and 1681-1703 Trenton Street,Main motion,Carried,7,0,0,,,In favour,In favour,In favour,In favour,In favour,In favour,In favour,Development,,,,https://pub-portcoquitlam.escribemeetings.com/Meeting.aspx?Id=8dca3b10-9d53-46b8-99fb-d52ca0fc2c80&Agenda=PostMinutes&lang=English,,https://councilrecord.ca/portcoquitlam.html#vote/xmrojl,That Committee of Council: Authorize staff to provide notice of Temporary Use Permit TUP000026 at 757-773 Kingsway Avenue and 1681-1703 Trenton Street; and Recommend Council support issuance of the permit for a 3-year term subject to the following conditions: Use of the lands must adhere to the watercourse protection area setbacks and conditions as established by watercourse development permit DP000687 Use of the adjacent municipal lane must adhere to conditions and requirements set by the City through issuance of an encroachment agreement or all encroachments removed and the area restored to the City's satisfaction.
2026-09-08,Committee of Council Meeting,5.4,Zoning Amendment Bylaw for Units 2 and 3 - 2525 Donald Street,Main motion,Carried,7,0,0,,,In favour,In favour,In favour,In favour,In favour,In favour,In favour,Development; Neighbourhood character; Business & economy,,,,https://pub-portcoquitlam.escribemeetings.com/Meeting.aspx?Id=8dca3b10-9d53-46b8-99fb-d52ca0fc2c80&Agenda=PostMinutes&lang=English,,https://councilrecord.ca/portcoquitlam.html#vote/16ovr6e,"That Committee of Council: recommend Council support an amendment to Comprehensive Development Zone 43 (CD43) within the Zoning Bylaw to permit a liquor lounge use within commercial units #2 and #3, at 2525 Donald Street; and delegate Staff the authority to provide comment to the Liquor and Cannabis Regulation Branch on application(s) for a Liquor Primary License at this location."
2026-09-08,Committee of Council Meeting,5.5,Rezoning Application for 41-2755 Lougheed Highway,Main motion,Carried,7,0,0,,,In favour,In favour,In favour,In favour,In favour,In favour,In favour,Housing & density; Development; Public services,,,,https://pub-portcoquitlam.escribemeetings.com/Meeting.aspx?Id=8dca3b10-9d53-46b8-99fb-d52ca0fc2c80&Agenda=PostMinutes&lang=English,,https://councilrecord.ca/portcoquitlam.html#vote/2grb0w,That Committee of Council recommend Council support an amendment to Comprehensive Development Zone 2 (CD2) within the Zoning Bylaw to permit a large child care facility at 2755 Lougheed Highway.
2026-09-08,Committee of Council Meeting,5.6,Provincial Housing Target Order Progress Report (Year 2),Main motion,Carried,7,0,0,,,In favour,In favour,In favour,In favour,In favour,In favour,In favour,Housing & density,,,,https://pub-portcoquitlam.escribemeetings.com/Meeting.aspx?Id=8dca3b10-9d53-46b8-99fb-d52ca0fc2c80&Agenda=PostMinutes&lang=English,,https://councilrecord.ca/portcoquitlam.html#vote/1x167h7,"That Committee of Council: Receive the Housing Target Progress Report Form (Year 2) attached to the report dated September 8, 2026; and Direct staff to submit the Progress Report (Year 2) to the Ministry of Housing as required by the Housing Supply Act."
2026-09-08,Committee of Council Meeting,5.7,2027 Fees and Charges Bylaw,Main motion,Carried,7,0,0,,,In favour,In favour,In favour,In favour,In favour,In favour,In favour,Taxes & spending,,,,https://pub-portcoquitlam.escribemeetings.com/Meeting.aspx?Id=8dca3b10-9d53-46b8-99fb-d52ca0fc2c80&Agenda=PostMinutes&lang=English,,https://councilrecord.ca/portcoquitlam.html#vote/1l1pnhj,"That Committee of Council support the proposed updates to the Fees and Charges Bylaw, and that a new bylaw be prepared for 2027 and sent to Council for approval."
2026-09-08,Council Meeting,7.1,Zoning Amendment Bylaw for 41-2755 Lougheed Highway (PoCo Place Childcare) - First Two Readings,Main motion,Carried,7,0,0,,,In favour,In favour,In favour,In favour,In favour,In favour,In favour,Development; Public services,,,,https://pub-portcoquitlam.escribemeetings.com/Meeting.aspx?Id=f9caa1a9-2749-4692-8664-1a457966e10c&Agenda=PostMinutes&lang=English,,https://councilrecord.ca/portcoquitlam.html#vote/5alqmm,"That “Zoning Bylaw, 2008, No. 3630, Amendment Bylaw, 2026, No. 4453” be given first two readings."
2026-09-08,Council Meeting,7.2,Zoning Amendment Bylaw for Units 2 and 3 - 2525 Donald Street - First Two Readings,Main motion,Carried,7,0,0,,,In favour,In favour,In favour,In favour,In favour,In favour,In favour,Development,,,,https://pub-portcoquitlam.escribemeetings.com/Meeting.aspx?Id=f9caa1a9-2749-4692-8664-1a457966e10c&Agenda=PostMinutes&lang=English,,https://councilrecord.ca/portcoquitlam.html#vote/mk8ffu,"That “Zoning Bylaw, 2008, No. 3630, Amendment Bylaw, 2026, No. 4454” be given first two readings."
